id: 0
T_world_origin: 
  0.903239  -0.352766   0.244365    11.3779
  0.336921   0.935624   0.105317   0.150814
 -0.265786 -0.0127947   0.963947  -0.019755
         0          0          0          1
T_origin_endpoint_L: 
  0.940834    0.33869 -0.0109974   -10.3352
 -0.338178    0.93635 -0.0942521    3.87074
-0.0216249  0.0923946   0.995488    -2.7759
         0          0          0          1
T_origin_endpoint_R: 
-0.441628  -0.80423 -0.397717  -4.83775
 0.812528 -0.546494  0.202838   5.75303
-0.380478 -0.233577  0.894806  -1.37824
        0         0         0         1
T_lidar_imu: 
       1        0        0    0.011
       0        1        0  0.02329
       0        0        1 -0.04412
       0        0        0        1
imu_bias:   0.00331158  -0.00148751  -0.00100841    0.0074504  -0.00590001 -0.000128413
frame_id: 2
num_frames: 490
frame_0
id: 0
stamp: 1784010275.528866053
T_odom_lidar: 
   0.963812 -0.00181686    0.266578 0.000151974
-0.00169763    0.999915   0.0129527  -0.0248373
  -0.266578  -0.0129365    0.963726    0.047622
          0           0           0           1
T_world_lidar: 
   0.963812 -0.00181647    0.266578 0.000151998
-0.00169791    0.999915   0.0129522  -0.0248373
  -0.266579  -0.0129361    0.963726    0.047622
          0           0           0           1
v_world_imu:  0.0154671 0.00434473  0.0108494
frame_1
id: 1
stamp: 1784010275.628638029
T_odom_lidar: 
   0.963695 -0.00169156    0.266999  0.00136887
-0.00166115    0.999923   0.0123307  -0.0245803
  -0.266999  -0.0123265    0.963618   0.0484259
          0           0           0           1
T_world_lidar: 
   0.963615 -0.00170618     0.26729  0.00145464
-0.00196798    0.999907   0.0134775  -0.0245007
  -0.267288  -0.0135131    0.963522   0.0485435
          0           0           0           1
v_world_imu:  0.0101782 0.00203923 0.00731651
frame_2
id: 2
stamp: 1784010275.728852987
T_odom_lidar: 
    0.963448 -0.000967706     0.267893   0.00214146
 -0.00220969     0.999931     0.011559   -0.0245199
   -0.267886   -0.0117284     0.963379    0.0486539
           0            0            0            1
T_world_lidar: 
    0.96343 -0.00157635    0.267955  0.00227491
-0.00224845      0.9999   0.0139666  -0.0243671
   -0.26795  -0.0140583     0.96333   0.0491487
          0           0           0           1
v_world_imu:   0.0056628 0.000276134  0.00440501
frame_3
id: 3
stamp: 1784010275.828629017
T_odom_lidar: 
   0.963495 -0.00106752    0.267722  0.00250114
-0.00224179    0.999925    0.012055  -0.0245466
  -0.267715  -0.0122151    0.963421   0.0485114
          0           0           0           1
T_world_lidar: 
   0.963261 -0.00143472    0.268563  0.00268646
 -0.0024962    0.999895   0.0142949  -0.0243651
  -0.268555  -0.0144401    0.963156   0.0495118
          0           0           0           1
v_world_imu:   0.00207893 -0.000491799    0.0027104
frame_4
id: 4
stamp: 1784010275.928783178
T_odom_lidar: 
   0.963753 -0.00207095     0.26679  0.00249703
-0.00147621    0.999913   0.0130945  -0.0246184
  -0.266794  -0.0130137    0.963666   0.0484426
          0           0           0           1
T_world_lidar: 
   0.963098 -0.00128755    0.269147  0.00276682
-0.00274633    0.999889   0.0146105  -0.0244166
  -0.269136  -0.0148106    0.962988   0.0497464
          0           0           0           1
v_world_imu: -0.000827932 -0.000917324   0.00204023
frame_5
id: 5
stamp: 1784010276.028779030
T_odom_lidar: 
   0.963505 -0.00212921    0.267683  0.00224814
 -0.0011916    0.999924   0.0122427  -0.0246455
  -0.267689  -0.0121148    0.963429   0.0489583
          0           0           0           1
T_world_lidar: 
   0.962932 -0.00115903    0.269741  0.00256793
-0.00296045    0.999885   0.0148647  -0.0245046
  -0.269727  -0.0151122    0.962818   0.0499048
          0           0           0           1
v_world_imu: -0.00345766 -0.00119171  0.00127699
frame_6
id: 6
stamp: 1784010276.128978968
T_odom_lidar: 
    0.96336 -0.00170751    0.268205  0.00173494
 -0.0015745    0.999927   0.0120214  -0.0247482
  -0.268206  -0.0120032    0.963287   0.0489546
          0           0           0           1
T_world_lidar: 
   0.962779 -0.00103825    0.270289  0.00213189
-0.00313952    0.999882   0.0150238  -0.0246178
  -0.270273  -0.0153132    0.962662   0.0499731
          0           0           0           1
v_world_imu:   -0.0054999   -0.0011023 -0.000121946
frame_7
id: 7
stamp: 1784010276.228931189
T_odom_lidar: 
   0.963594 -0.00229768    0.267361  0.00104376
-0.00132851     0.99991   0.0133812  -0.0248459
  -0.267367  -0.0132493    0.963504   0.0484444
          0           0           0           1
T_world_lidar: 
    0.962644 -0.000823156     0.270768   0.00152553
 -0.00338926      0.99988    0.0150893   -0.0247241
   -0.270748   -0.0154433     0.962526    0.0499632
           0            0            0            1
v_world_imu:  -0.00688576 -0.000920997 -0.000253284
frame_8
id: 8
stamp: 1784010276.328714132
T_odom_lidar: 
   0.963621 -0.00195524    0.267266 0.000294192
-0.00140529    0.999922   0.0123819  -0.0248182
  -0.267269   -0.012307    0.963543   0.0486458
          0           0           0           1
T_world_lidar: 
    0.962525 -0.000644461     0.271191   0.00082158
  -0.0035758      0.99988    0.0150675   -0.0247993
   -0.271168   -0.0154726     0.962408     0.049956
           0            0            0            1
v_world_imu:  -0.00760533 -0.000624258  9.73905e-05
frame_9
id: 9
stamp: 1784010276.428992033
T_odom_lidar: 
      0.9635   -0.0013863     0.267705 -0.000499461
 -0.00184701     0.999928    0.0118257    -0.024741
   -0.267703   -0.0118885     0.963428    0.0488053
           0            0            0            1
T_world_lidar: 
     0.96241 -0.000521892     0.271599  5.13954e-05
     -0.0037      0.99988    0.0150322   -0.0248239
   -0.271575   -0.0154721     0.962293    0.0499343
           0            0            0            1
v_world_imu:   -0.0080479 -0.000142675 -0.000421014
frame_10
id: 10
stamp: 1784010276.528704166
T_odom_lidar: 
   0.963551 -0.00162168    0.267518 -0.00134165
-0.00170996    0.999924   0.0122205  -0.0245952
  -0.267518  -0.0122325    0.963475   0.0485074
          0           0           0           1
T_world_lidar: 
    0.962307 -0.000366071     0.271966 -0.000753807
  -0.0038504     0.999881    0.0149699   -0.0248368
   -0.271939   -0.0154528      0.96219    0.0498735
           0            0            0            1
v_world_imu:  -0.00820215 -0.000151903 -0.000604976
frame_11
id: 11
stamp: 1784010276.628806114
T_odom_lidar: 
   0.963803 -0.00158842    0.266609 -0.00221575
-0.00186069    0.999918   0.0126838  -0.0245299
  -0.266607  -0.0127208    0.963721   0.0482577
          0           0           0           1
T_world_lidar: 
    0.962209 -0.000227426     0.272311   -0.0015345
 -0.00398664     0.999881    0.0149219   -0.0248462
   -0.272281   -0.0154436     0.962094    0.0498155
           0            0            0            1
v_world_imu:  -0.00767527 -1.13808e-05 -0.000433077
frame_12
id: 12
stamp: 1784010276.728909969
T_odom_lidar: 
   0.963628 -0.00135388    0.267244 -0.00302363
-0.00194428    0.999925   0.0120764  -0.0245333
   -0.26724  -0.0121568    0.963553   0.0486423
          0           0           0           1
T_world_lidar: 
     0.96212 -5.51542e-05     0.272625  -0.00228126
 -0.00416866      0.99988    0.0149139   -0.0248687
   -0.272593   -0.0154855     0.962005    0.0497909
           0            0            0            1
v_world_imu:  -0.00743798 -0.000189647  -0.00021585
frame_13
id: 13
stamp: 1784010276.828636169
T_odom_lidar: 
    0.963535 -0.000945222      0.26758  -0.00381234
 -0.00229692     0.999928    0.0118033   -0.0246014
   -0.267571   -0.0119875     0.963463    0.0485478
           0            0            0            1
T_world_lidar: 
   0.962049 7.33624e-05    0.272877 -0.00297931
-0.00430142     0.99988   0.0148961  -0.0249044
  -0.272843  -0.0155046    0.961934   0.0497409
          0           0           0           1
v_world_imu:  -0.00673716  -0.00046602 -0.000826832
frame_14
id: 14
stamp: 1784010276.928515196
T_odom_lidar: 
   0.963822 -0.00179975    0.266539  -0.0045133
-0.00175107    0.999913   0.0130837  -0.0246762
  -0.266539  -0.0130771    0.963735   0.0480582
          0           0           0           1
T_world_lidar: 
   0.961984 0.000199074    0.273107 -0.00356902
-0.00444472    0.999879   0.0149271  -0.0249407
  -0.273071  -0.0155735    0.961868   0.0496727
          0           0           0           1
v_world_imu:  -0.00534159 -0.000220436 -0.000523664
frame_15
id: 15
stamp: 1784010277.028612137
T_odom_lidar: 
   0.963731 -0.00109794    0.266875 -0.00501323
-0.00221954    0.999924   0.0121289  -0.0245755
  -0.266868  -0.0122813    0.963655   0.0482639
          0           0           0           1
T_world_lidar: 
   0.961941 0.000393858    0.273255 -0.00400743
-0.00464763    0.999878   0.0149199   -0.024933
  -0.273216  -0.0156221    0.961826   0.0496367
          0           0           0           1
v_world_imu:  -0.00341732  0.000117207 -9.67531e-05
frame_16
id: 16
stamp: 1784010277.128470182
T_odom_lidar: 
    0.963589 -0.000863347     0.267387  -0.00528035
 -0.00239327     0.999927    0.0118533   -0.0244472
   -0.267378   -0.0120616     0.963516    0.0484135
           0            0            0            1
T_world_lidar: 
   0.961918 0.000570867    0.273339 -0.00426439
 -0.0048285    0.999877   0.0149039  -0.0249166
  -0.273297  -0.0156562    0.961802   0.0496226
          0           0           0           1
v_world_imu:  -0.00164588  0.000160756 -7.58061e-05
frame_17
id: 17
stamp: 1784010277.228764057
T_odom_lidar: 
    0.96365 -0.00115032    0.267165 -0.00536581
-0.00222038    0.999922   0.0123141  -0.0244076
  -0.267159  -0.0124597    0.963572   0.0481635
          0           0           0           1
T_world_lidar: 
   0.961933 0.000730667    0.273283 -0.00434419
-0.00495116    0.999879   0.0147544   -0.024903
  -0.273239  -0.0155458    0.961821   0.0496105
          0           0           0           1
v_world_imu:  7.74891e-05  0.000232352 -0.000218459
frame_18
id: 18
stamp: 1784010277.328617096
T_odom_lidar: 
   0.963803 -0.00163403     0.26661 -0.00528518
-0.00186131    0.999916   0.0128571  -0.0243966
  -0.266609  -0.0128879    0.963719   0.0481162
          0           0           0           1
T_world_lidar: 
   0.961958 0.000894042    0.273195 -0.00425565
-0.00511907    0.999878   0.0147528  -0.0248842
  -0.273148  -0.0155901    0.961846   0.0496303
          0           0           0           1
v_world_imu:  0.00167869 0.000128984 0.000577964
frame_19
id: 19
stamp: 1784010277.428769112
T_odom_lidar: 
   0.963647 -0.00123839    0.267175 -0.00505736
-0.00206121    0.999925   0.0120692  -0.0243506
  -0.267169  -0.0121812    0.963573   0.0484442
          0           0           0           1
T_world_lidar: 
   0.961997  0.00106764    0.273059 -0.00403139
-0.00528186    0.999878   0.0146988  -0.0248662
   -0.27301  -0.0155824    0.961885   0.0497158
          0           0           0           1
v_world_imu:  0.00302311 7.84877e-05  0.00121747
frame_20
id: 20
stamp: 1784010277.528820992
T_odom_lidar: 
    0.963633 -0.000965472     0.267227  -0.00476601
 -0.00230062     0.999926    0.0119088   -0.0243976
   -0.267218   -0.0120905      0.96356    0.0482618
           0            0            0            1
T_world_lidar: 
   0.962053  0.00119758    0.272861 -0.00368394
-0.00540981    0.999878   0.0146854  -0.0248455
   -0.27281  -0.0156043    0.961941    0.049841
          0           0           0           1
v_world_imu: 0.00413637  0.0001885 0.00154555
frame_21
id: 21
stamp: 1784010277.628869057
T_odom_lidar: 
   0.963813 -0.00154594    0.266573 -0.00440992
-0.00202774    0.999912   0.0131302  -0.0244111
   -0.26657  -0.0131956    0.963725   0.0480794
          0           0           0           1
T_world_lidar: 
   0.962139  0.00136676    0.272557  -0.0032438
-0.00555802    0.999878   0.0146061  -0.0248004
  -0.272504   -0.015568    0.962029   0.0500602
          0           0           0           1
v_world_imu:  0.00512344 0.000767085  0.00288299
frame_22
id: 22
stamp: 1784010277.728702068
T_odom_lidar: 
    0.963542  -0.00100505     0.267554 -0.000644451
 -0.00235304     0.999922    0.0122302   -0.0243901
   -0.267545   -0.0124139     0.963465    0.0484078
           0            0            0            1
T_world_lidar: 
   0.962374  0.00183413    0.271722 0.000525312
-0.00595277     0.99988   0.0143341  -0.0248022
  -0.271663  -0.0154123    0.962269   0.0502264
          0           0           0           1
v_world_imu:   0.0606331 -0.00251781  0.00211826
frame_23
id: 23
stamp: 1784010277.828708172
T_odom_lidar: 
    0.963655 -0.000594001     0.267149   0.00384932
 -0.00286859     0.999917    0.0125708   -0.0242903
   -0.267135   -0.0128802     0.963573    0.0484435
           0            0            0            1
T_world_lidar: 
   0.962293  0.00213849    0.272006  0.00507875
-0.00621615    0.999881   0.0141303  -0.0248106
  -0.271944  -0.0152883    0.962192   0.0500913
          0           0           0           1
v_world_imu:    0.0281227 -0.000266198  0.000563547
frame_24
id: 24
stamp: 1784010277.928712130
T_odom_lidar: 
   0.964109 -0.00128442    0.265503  0.00491344
 -0.0023435    0.999908   0.0133471  -0.0241252
  -0.265496  -0.0134902    0.964018   0.0481694
          0           0           0           1
T_world_lidar: 
   0.962485  0.00224113    0.271327  0.00610639
-0.00620592    0.999886   0.0137554  -0.0247766
  -0.271265  -0.0149232    0.962389   0.0500184
          0           0           0           1
v_world_imu: -0.00337201 0.000232849  0.00276242
frame_25
id: 25
stamp: 1784010278.028623104
T_odom_lidar: 
      0.9639 -0.000738956     0.266262    0.0154354
 -0.00282769     0.999911    0.0130116   -0.0237897
   -0.266248   -0.0132948     0.963813    0.0481552
           0            0            0            1
T_world_lidar: 
   0.962636   0.0022956    0.270788     0.01646
-0.00628744    0.999884    0.013875  -0.0247931
  -0.270725  -0.0150591    0.962539   0.0506246
          0           0           0           1
v_world_imu:    0.135093 -0.00106111     0.01142
frame_26
id: 26
stamp: 1784010278.128646135
T_odom_lidar: 
    0.964463 -2.87127e-05     0.264219    0.0276349
 -0.00357092     0.999907    0.0131434   -0.0236218
   -0.264195   -0.0136198     0.964373    0.0482236
           0            0            0            1
T_world_lidar: 
   0.962785  0.00245754    0.270256   0.0285607
-0.00642031    0.999884     0.01378  -0.0250938
  -0.270191  -0.0150023     0.96269   0.0515833
          0           0           0           1
v_world_imu:    0.116968 -0.00451673   0.0168633
frame_27
id: 27
stamp: 1784010278.228777170
T_odom_lidar: 
     0.96506 -0.000882086     0.262026    0.0438735
 -0.00315081     0.999883    0.0149707   -0.0239763
   -0.262008   -0.0152732     0.964945    0.0494096
           0            0            0            1
T_world_lidar: 
   0.963177  0.00291292    0.268854   0.0447299
-0.00661038    0.999896   0.0128484  -0.0258491
  -0.268788  -0.0141525    0.963095   0.0534265
          0           0           0           1
v_world_imu:    0.22878 -0.0342942  0.0328044
frame_28
id: 28
stamp: 1784010278.328560114
T_odom_lidar: 
   0.963992 0.000697063     0.26593   0.0712108
-0.00377702    0.999932   0.0110706  -0.0257955
  -0.265905  -0.0116764    0.963929   0.0524346
          0           0           0           1
T_world_lidar: 
   0.962841  0.00476964    0.270028   0.0720472
 -0.0068493    0.999954   0.0067599  -0.0277239
  -0.269983 -0.00835821    0.962829   0.0562673
          0           0           0           1
v_world_imu:   0.332989  0.0188605 -0.0227845
frame_29
id: 29
stamp: 1784010278.428748131
T_odom_lidar: 
   0.964707  0.00154668    0.263322    0.108328
-0.00472713    0.999923   0.0114451  -0.0249455
  -0.263284  -0.0122859     0.96464   0.0501404
          0           0           0           1
T_world_lidar: 
   0.963797  0.00527916    0.266584    0.109251
 -0.0076905    0.999938  0.00800217  -0.0264632
  -0.266525 -0.00976264    0.963778   0.0535774
          0           0           0           1
v_world_imu:   0.384482 0.00594761 -0.0219927
frame_30
id: 30
stamp: 1784010278.528503180
T_odom_lidar: 
   0.964902  0.00444468    0.262573    0.150237
-0.00795425    0.999893   0.0123046  -0.0245188
   -0.26249  -0.0139613    0.964834   0.0482386
          0           0           0           1
T_world_lidar: 
  0.963754  0.0076254   0.266682   0.151256
-0.0105778   0.999898 0.00963627 -0.0256391
 -0.266581 -0.0121079   0.963736  0.0512795
         0          0          0          1
v_world_imu:     0.43323   0.0123551 -0.00566918
frame_31
id: 31
stamp: 1784010278.628733158
T_odom_lidar: 
    0.96431  0.00383324     0.26475    0.196541
-0.00752687    0.999888   0.0129384  -0.0242381
   -0.26467  -0.0144693     0.96423   0.0473599
          0           0           0           1
T_world_lidar: 
  0.963515  0.0074025    0.26755   0.197487
-0.0106628   0.999886   0.010735 -0.0251216
  -0.26744 -0.0131962   0.963484  0.0500691
         0          0          0          1
v_world_imu:   0.448043 0.00381225 -0.0183871
frame_32
id: 32
stamp: 1784010278.728666067
T_odom_lidar: 
   0.964854  0.00309227     0.26277    0.241395
-0.00669214    0.999896   0.0128058  -0.0240132
  -0.262703  -0.0141143    0.964774   0.0468938
          0           0           0           1
T_world_lidar: 
   0.963377  0.00673772    0.268067    0.242442
-0.00995357    0.999894   0.0106393  -0.0247676
  -0.267967  -0.0129178    0.963342   0.0489261
          0           0           0           1
v_world_imu:    0.443893  0.00155308 -0.00915782
frame_33
id: 33
stamp: 1784010278.828592062
T_odom_lidar: 
   0.965094  0.00295395    0.261889    0.284142
-0.00634779    0.999906   0.0121141  -0.0239307
  -0.261828  -0.0133536    0.965022    0.046687
          0           0           0           1
T_world_lidar: 
  0.963707 0.00726094   0.266862   0.285226
-0.0104645   0.999889  0.0105844 -0.0245636
 -0.266755 -0.0129928   0.963677  0.0484285
         0          0          0          1
v_world_imu:    0.412066  0.00100594 -0.00654878
frame_34
id: 34
stamp: 1784010278.928632975
T_odom_lidar: 
   0.964507  0.00424245    0.264025    0.323676
-0.00781553    0.999892   0.0124842  -0.0236135
  -0.263943  -0.0141046    0.964435   0.0467254
          0           0           0           1
T_world_lidar: 
  0.963058 0.00772639   0.269182    0.32493
-0.0111801   0.999874  0.0112997 -0.0243236
 -0.269061 -0.0138918   0.963023  0.0484024
         0          0          0          1
v_world_imu:   0.336611 0.00282494  0.0132322
frame_35
id: 35
stamp: 1784010279.028795004
T_odom_lidar: 
  0.964763 0.00410817   0.263089   0.349391
-0.0075162     0.9999  0.0119487 -0.0235031
 -0.263014 -0.0135051   0.964697  0.0470189
         0          0          0          1
T_world_lidar: 
  0.963206 0.00781483    0.26865   0.350814
-0.0111682   0.999878  0.0109562 -0.0243203
 -0.268531 -0.0135534   0.963176  0.0488773
         0          0          0          1
v_world_imu:    0.191617  -0.0040019 -0.00109848
frame_36
id: 36
stamp: 1784010279.128479004
T_odom_lidar: 
  0.965195 0.00503365   0.261485   0.368455
-0.0083832   0.999896  0.0116959 -0.0234769
 -0.261399 -0.0134809   0.965137  0.0473251
         0          0          0          1
T_world_lidar: 
  0.963422 0.00857972    0.26785   0.370087
-0.0117133    0.99988  0.0101034 -0.0245932
 -0.267731 -0.0128712   0.963408   0.049241
         0          0          0          1
v_world_imu:    0.204913 -0.00437374  -0.0042747
frame_37
id: 37
stamp: 1784010279.228711128
T_odom_lidar: 
   0.964946  0.00585243    0.262384    0.393288
-0.00915475    0.999894   0.0113651  -0.0238758
  -0.262289  -0.0133688    0.964897   0.0481175
          0           0           0           1
T_world_lidar: 
  0.963126 0.00944288   0.268886    0.39514
-0.0123874    0.99988 0.00925637 -0.0254635
 -0.268766 -0.0122459   0.963128  0.0498892
         0          0          0          1
v_world_imu:   0.250368 -0.0137696 0.00116253
frame_38
id: 38
stamp: 1784010279.328716993
T_odom_lidar: 
  0.964884 0.00746489    0.26257   0.421483
-0.0104299   0.999897 0.00990018 -0.0245498
 -0.262469 -0.0122911   0.964862  0.0485298
         0          0          0          1
T_world_lidar: 
  0.963592  0.0111796   0.267143   0.423477
-0.0139669   0.999866 0.00853564 -0.0266745
 -0.267012  -0.011956   0.963619   0.050376
         0          0          0          1
v_world_imu:    0.307179 -0.00557729  0.00917459
frame_39
id: 39
stamp: 1784010279.428533077
T_odom_lidar: 
  0.964773 0.00754385   0.262976   0.454913
-0.0112493   0.999857  0.0125877 -0.0254315
 -0.262843 -0.0151025    0.96472  0.0492281
         0          0          0          1
T_world_lidar: 
   0.96314  0.0120594   0.268731   0.456999
-0.0152003   0.999838  0.0096103 -0.0282018
 -0.268572 -0.0133408   0.963167  0.0504455
         0          0          0          1
v_world_imu:   0.322946 -0.0229793 0.00605106
frame_40
id: 40
stamp: 1784010279.528510094
T_odom_lidar: 
  0.965005 0.00746286   0.262126   0.486012
 -0.011643   0.999829  0.0143976 -0.0270668
 -0.261973 -0.0169456   0.964926  0.0503472
         0          0          0          1
T_world_lidar: 
  0.962714  0.0116092   0.270271   0.488086
-0.0147632   0.999845 0.00963956 -0.0299759
 -0.270118 -0.0132702   0.962736  0.0502418
         0          0          0          1
v_world_imu:    0.271859 -0.00210385  -0.0399519
frame_41
id: 41
stamp: 1784010279.628655195
T_odom_lidar: 
  0.965147 0.00732093   0.261606   0.512122
  -0.01118   0.999849  0.0132661 -0.0273378
  -0.26147 -0.0157284   0.965084  0.0465365
         0          0          0          1
T_world_lidar: 
  0.962532  0.0111489   0.270938   0.514086
-0.0141296   0.999859 0.00905325 -0.0298435
 -0.270799 -0.0125423   0.962554  0.0459194
         0          0          0          1
v_world_imu:   0.251259 0.00539025 -0.0202702
frame_42
id: 42
stamp: 1784010279.728701115
T_odom_lidar: 
  0.964865 0.00826825   0.262615   0.537004
-0.0118379   0.999858  0.0120136  -0.027019
 -0.262479 -0.0147003   0.964826  0.0459788
         0          0          0          1
T_world_lidar: 
  0.962161  0.0116764   0.272233   0.538904
-0.0145073    0.99986  0.0083884 -0.0291597
 -0.272096 -0.0120204   0.962195  0.0453229
         0          0          0          1
v_world_imu:   0.231159 0.00795645 0.00109112
frame_43
id: 43
stamp: 1784010279.828546047
T_odom_lidar: 
  0.965163 0.00990983   0.261463    0.56072
-0.0134768   0.999839  0.0118527 -0.0269617
 -0.261303 -0.0149634   0.965141  0.0466058
         0          0          0          1
T_world_lidar: 
  0.962506  0.0133793    0.27093   0.562593
 -0.016518    0.99982 0.00930802 -0.0287789
 -0.270757 -0.0134343   0.962554  0.0461468
         0          0          0          1
v_world_imu:    0.237209 -0.00213987   0.0164021
frame_44
id: 44
stamp: 1784010279.928807974
T_odom_lidar: 
  0.964728  0.0109021   0.263022   0.584819
-0.0144568   0.999828  0.0115832 -0.0273478
 -0.262851 -0.0149771    0.96472  0.0473111
         0          0          0          1
T_world_lidar: 
  0.962213   0.014122   0.271932   0.586706
-0.0175037   0.999797  0.0100141 -0.0288841
 -0.271736 -0.0143955   0.962264  0.0472522
         0          0          0          1
v_world_imu:    0.204046 -0.00508747  0.00834814
frame_45
id: 45
stamp: 1784010280.028542995
T_odom_lidar: 
  0.964651  0.0126499   0.263225   0.599939
-0.0158039   0.999826 0.00986806 -0.0280908
 -0.263055 -0.0136792   0.964684  0.0475844
         0          0          0          1
T_world_lidar: 
  0.962394  0.0156343   0.271209   0.601849
 -0.018951   0.999774 0.00961466 -0.0293468
 -0.270997 -0.0143928   0.962473  0.0479303
         0          0          0          1
v_world_imu:    0.109638 -0.00607435  0.00654686
frame_46
id: 46
stamp: 1784010280.128379107
T_odom_lidar: 
  0.964853  0.0134968   0.262443   0.608479
-0.0163839   0.999827 0.00881542 -0.0286206
 -0.262279 -0.0128054   0.964907  0.0479944
         0          0          0          1
T_world_lidar: 
  0.962732  0.0166295   0.269946   0.610373
-0.0199108   0.999757 0.00942172 -0.0298211
 -0.269724 -0.0144454   0.962829  0.0486295
         0          0          0          1
v_world_imu:   0.0605631 0.000533279  0.00609905
frame_47
id: 47
stamp: 1784010280.228754044
T_odom_lidar: 
  0.965234  0.0162284   0.260884   0.617078
-0.0188749   0.999793 0.00764214 -0.0290816
 -0.260706 -0.0123006    0.96534  0.0484273
         0          0          0          1
T_world_lidar: 
  0.963117  0.0179126   0.268485   0.618977
-0.0212293    0.99973 0.00945501 -0.0303549
 -0.268243  -0.014806   0.963237  0.0494234
         0          0          0          1
v_world_imu:   0.114797 -0.0122871 0.00539552
frame_48
id: 48
stamp: 1784010280.328311205
T_odom_lidar: 
  0.964696  0.0185914   0.262709   0.629332
 -0.021488   0.999736 0.00815671 -0.0295431
 -0.262488 -0.0135138   0.964841   0.047989
         0          0          0          1
T_world_lidar: 
  0.962691  0.0194628   0.269901   0.631173
-0.0233206   0.999666  0.0110938  -0.030914
 -0.269595 -0.0169742   0.962824  0.0494865
         0          0          0          1
v_world_imu:     0.117897  -0.00817527 -0.000803389
frame_49
id: 49
stamp: 1784010280.428630114
T_odom_lidar: 
  0.964837  0.0190473   0.262157    0.64779
-0.0219392   0.999726 0.00810845 -0.0300015
 -0.261931 -0.0135749   0.964991  0.0478681
         0          0          0          1
T_world_lidar: 
  0.962919  0.0200512   0.269043   0.649517
-0.0239699   0.999649  0.0112877 -0.0315401
 -0.268722 -0.0173181   0.963062   0.049932
         0          0          0          1
v_world_imu:   0.207303 -0.0133307   0.018024
frame_50
id: 50
stamp: 1784010280.528704166
T_odom_lidar: 
  0.965609   0.019104   0.259297   0.671337
-0.0222138   0.999712 0.00906827 -0.0308628
 -0.259049 -0.0145164   0.965755  0.0481209
         0          0          0          1
T_world_lidar: 
  0.963405  0.0202842    0.26728   0.673014
  -0.02456   0.999618  0.0126639 -0.0324492
 -0.266921 -0.0187648   0.963536   0.050717
         0          0          0          1
v_world_imu:    0.262299 -0.00849524   0.0104007
frame_51
id: 51
stamp: 1784010280.628710032
T_odom_lidar: 
  0.965077   0.020698   0.261147   0.700771
-0.0232639   0.999707 0.00673759 -0.0317445
 -0.260931 -0.0125776   0.965276  0.0481531
         0          0          0          1
T_world_lidar: 
  0.963121  0.0209464   0.268253   0.702449
-0.0250346   0.999617  0.0118282 -0.0332101
 -0.267902 -0.0181076   0.963276  0.0514299
         0          0          0          1
v_world_imu:   0.295678 -0.0132172  0.0128503
frame_52
id: 52
stamp: 1784010280.728305101
T_odom_lidar: 
   0.96466  0.0221605   0.262563   0.728868
-0.0244889   0.999684 0.00559858 -0.0325901
 -0.262356 -0.0118306   0.964899  0.0492479
         0          0          0          1
T_world_lidar: 
  0.963181  0.0227295   0.267892   0.730604
-0.0266615   0.999583  0.0110485 -0.0338728
 -0.267529 -0.0177841   0.963386  0.0529007
         0          0          0          1
v_world_imu:    0.273299 -0.00366048  0.00843868
frame_53
id: 53
stamp: 1784010280.828662157
T_odom_lidar: 
  0.965273  0.0250762   0.260037   0.763561
-0.0276451   0.999598  0.0062259 -0.0326159
 -0.259776 -0.0131984   0.965579  0.0502752
         0          0          0          1
T_world_lidar: 
  0.964328  0.0253299   0.263494   0.765393
-0.0293087   0.999508  0.0111796 -0.0338517
 -0.263082 -0.0185034   0.964596  0.0535433
         0          0          0          1
v_world_imu:   0.376024  0.0039441 -0.0230236
frame_54
id: 54
stamp: 1784010280.928382158
T_odom_lidar: 
  0.965069  0.0254608   0.260756   0.799747
-0.0277354   0.999603 0.00504644 -0.0339326
 -0.260524 -0.0121023   0.965391  0.0483289
         0          0          0          1
T_world_lidar: 
  0.964447  0.0253102   0.263061   0.801666
-0.0289291   0.999533 0.00989225 -0.0353486
 -0.262688 -0.0171507   0.964728  0.0508951
         0          0          0          1
v_world_imu:   0.369091 -0.0211652 -0.0092113
frame_55
id: 55
stamp: 1784010281.028573036
T_odom_lidar: 
  0.965244  0.0265727   0.259998   0.835964
-0.0284139   0.999591 0.00332536  -0.035988
 -0.259803 -0.0105973   0.965604  0.0483418
         0          0          0          1
T_world_lidar: 
  0.964717  0.0260388   0.261997   0.837994
-0.0293146   0.999533 0.00860187 -0.0375801
  -0.26165 -0.0159787    0.96503  0.0503568
         0          0          0          1
v_world_imu:     0.35406  -0.0175857 -0.00706519
frame_56
id: 56
stamp: 1784010281.128368139
T_odom_lidar: 
  0.965051  0.0267904   0.260688   0.870396
-0.0289279   0.999572 0.00436502 -0.0374342
 -0.260459 -0.0117536   0.965413  0.0482041
         0          0          0          1
T_world_lidar: 
  0.964342  0.0268564   0.263294   0.872441
-0.0303594   0.999496 0.00924429 -0.0391965
 -0.262913 -0.0169081   0.964671  0.0496471
         0          0          0          1
v_world_imu:  0.337343 -0.016855 0.0079395
frame_57
id: 57
stamp: 1784010281.228445053
T_odom_lidar: 
  0.964902  0.0256412   0.261354   0.903142
-0.0278165   0.999602 0.00462699  -0.038928
 -0.261132 -0.0117346   0.965232  0.0482916
         0          0          0          1
T_world_lidar: 
  0.964122  0.0263636   0.264146   0.905189
-0.0297803   0.999517 0.00893835 -0.0407813
 -0.263783  -0.016484   0.964441  0.0493448
         0          0          0          1
v_world_imu:    0.316649  -0.0135893 -0.00702023
frame_58
id: 58
stamp: 1784010281.328446150
T_odom_lidar: 
   0.96556  0.0269008   0.258788    0.93514
-0.0287826    0.99958 0.00348499 -0.0401974
 -0.258585 -0.0108135   0.965928  0.0481516
         0          0          0          1
T_world_lidar: 
  0.964655   0.026243   0.262205   0.937248
-0.0293403   0.999538 0.00790373 -0.0421989
 -0.261876 -0.0153175    0.96498  0.0492794
         0          0          0          1
v_world_imu:    0.348923 -0.00965572  0.00612265
frame_59
id: 59
stamp: 1784010281.428341150
T_odom_lidar: 
   0.965626   0.0291234    0.258297    0.974543
 -0.0305629    0.999532  0.00155892  -0.0418281
  -0.258131 -0.00939966    0.966064   0.0474861
          0           0           0           1
T_world_lidar: 
  0.964512  0.0290118    0.26244   0.976709
-0.0314859   0.999491 0.00522577 -0.0439487
 -0.262155 -0.0133035   0.964934  0.0486089
         0          0          0          1
v_world_imu:   0.407032 -0.0149743 -0.0218338
frame_60
id: 60
stamp: 1784010281.528457165
T_odom_lidar: 
  0.965448  0.0308277   0.258766    1.01751
-0.0324514   0.999471 0.00200442   -0.04344
 -0.258568 -0.0103325   0.965938  0.0473226
         0          0          0          1
T_world_lidar: 
  0.964312  0.0309472   0.262955    1.01973
-0.0336487   0.999417 0.00577539 -0.0456571
 -0.262623 -0.0144174   0.964791  0.0484023
         0          0          0          1
v_world_imu:    0.413569  -0.0198022 -0.00489244
frame_61
id: 61
stamp: 1784010281.628415108
T_odom_lidar: 
   0.965395    0.033942    0.258576     1.05778
 -0.0351473    0.999382  3.8726e-05  -0.0456195
  -0.258414 -0.00912562    0.965991   0.0470455
          0           0           0           1
T_world_lidar: 
  0.964232  0.0329888   0.262999    1.06012
 -0.035333   0.999367  0.0041875 -0.0478421
 -0.262694 -0.0133303   0.964787  0.0479695
         0          0          0          1
v_world_imu:   0.392017 -0.0200652 0.00179879
frame_62
id: 62
stamp: 1784010281.728528976
T_odom_lidar: 
  0.965604  0.0358046   0.257541    1.09636
-0.0373948     0.9993  0.0012774 -0.0475078
 -0.257315 -0.0108641   0.966267  0.0470707
         0          0          0          1
T_world_lidar: 
  0.964554  0.0350735   0.261546    1.09873
-0.0377466   0.999274 0.00520214  -0.049637
 -0.261173 -0.0148902   0.965177  0.0478768
         0          0          0          1
v_world_imu:   0.385048 -0.0171497 -0.0155762
frame_63
id: 63
stamp: 1784010281.828588009
T_odom_lidar: 
  0.965977  0.0365149   0.256038    1.13515
-0.0380828   0.999274 0.00116692 -0.0495836
  -0.25581 -0.0108779   0.966666  0.0473543
         0          0          0          1
T_world_lidar: 
  0.964764  0.0355501   0.260704    1.13762
-0.0381317   0.999261 0.00484945 -0.0516232
 -0.260339 -0.0146196   0.965407  0.0480111
         0          0          0          1
v_world_imu:   0.392713 -0.0249532 0.00196536
frame_64
id: 64
stamp: 1784010281.928439140
T_odom_lidar: 
   0.965913   0.0364605    0.256285     1.17406
 -0.0378631    0.999283 0.000538682   -0.051884
  -0.256081   -0.010224    0.966601   0.0475295
          0           0           0           1
T_world_lidar: 
  0.964773  0.0360228   0.260606    1.17654
-0.0382881    0.99926 0.00361938 -0.0537713
 -0.260283   -0.01347   0.965438  0.0479928
         0          0          0          1
v_world_imu:     0.390288   -0.0227309 -0.000407461
frame_65
id: 65
stamp: 1784010282.028426170
T_odom_lidar: 
     0.96621    0.0380921     0.254925       1.2123
  -0.0393024     0.999227 -0.000346651   -0.0540603
   -0.254742  -0.00968423     0.966961    0.0478496
           0            0            0            1
T_world_lidar: 
  0.965308   0.036909   0.258493    1.21483
-0.0389655   0.999237 0.00283548 -0.0557309
 -0.258191 -0.0128094   0.966009  0.0481574
         0          0          0          1
v_world_imu:   0.380405 -0.0194943 0.00118338
frame_66
id: 66
stamp: 1784010282.128587008
T_odom_lidar: 
  0.966176  0.0378414   0.255091    1.25021
-0.0396476   0.999212 0.00194078 -0.0558348
 -0.254816 -0.0119889   0.966915   0.048309
         0          0          0          1
T_world_lidar: 
  0.965472  0.0375359   0.257789    1.25282
-0.0398928   0.999196 0.00391648 -0.0573116
 -0.257435 -0.0140652   0.966193  0.0485815
         0          0          0          1
v_world_imu:   0.378184 -0.0154936 0.00441844
frame_67
id: 67
stamp: 1784010282.228387117
T_odom_lidar: 
  0.966312  0.0387164   0.254444    1.28772
-0.0403426   0.999185 0.00117376 -0.0580129
 -0.254191 -0.0113992   0.967087   0.048152
         0          0          0          1
T_world_lidar: 
  0.965723  0.0383074   0.256734    1.29046
-0.0402081   0.999189 0.00215604 -0.0593712
 -0.256443 -0.0124049    0.96648  0.0483897
         0          0          0          1
v_world_imu:   0.382565 -0.0204914  0.0010491
frame_68
id: 68
stamp: 1784010282.328548193
T_odom_lidar: 
    0.966359    0.0392403     0.254184      1.32564
  -0.0405177     0.999179 -0.000210018   -0.0603963
   -0.253984    -0.010096     0.967156    0.0488222
           0            0            0            1
T_world_lidar: 
  0.966059  0.0386388   0.255415    1.32838
-0.0399478   0.999202 -6.265e-05 -0.0617337
 -0.255213 -0.0101427   0.966832  0.0490515
         0          0          0          1
v_world_imu:   0.374958 -0.0197011 0.00281111
frame_69
id: 69
stamp: 1784010282.428538084
T_odom_lidar: 
   0.96609  0.0397513   0.255126    1.36401
-0.0415577   0.999135 0.00169188 -0.0625754
 -0.254838 -0.0122369   0.966906   0.049216
         0          0          0          1
T_world_lidar: 
   0.96539  0.0392926   0.257834     1.3667
-0.0414374   0.999137 0.00288773 -0.0638907
 -0.257498 -0.0134717   0.966185  0.0495072
         0          0          0          1
v_world_imu:    0.37954 -0.0272444  0.0110147
frame_70
id: 70
stamp: 1784010282.528259993
T_odom_lidar: 
  0.965802  0.0402272   0.256141    1.40256
 -0.042237   0.999105  0.0023479 -0.0649617
 -0.255817 -0.0130862   0.966637  0.0494481
         0          0          0          1
T_world_lidar: 
  0.964751  0.0392264   0.260226    1.40512
-0.0418965   0.999111 0.00471974 -0.0663633
 -0.259809 -0.0154559   0.965536  0.0497389
         0          0          0          1
v_world_imu:   0.385501 -0.0260901 0.00396312
frame_71
id: 71
stamp: 1784010282.628442049
T_odom_lidar: 
  0.965909  0.0409938   0.255615    1.44163
-0.0427164   0.999087 0.00118855 -0.0673986
 -0.255333  -0.012067   0.966778  0.0499669
         0          0          0          1
T_world_lidar: 
  0.964476  0.0400205   0.261122    1.44404
-0.0427271   0.999076 0.00469404 -0.0688855
 -0.260693 -0.0156843   0.965294  0.0501735
         0          0          0          1
v_world_imu:   0.388126 -0.0247779  0.0053414
frame_72
id: 72
stamp: 1784010282.728198051
T_odom_lidar: 
   0.965558   0.0431519    0.256584     1.48036
 -0.0447917    0.998996 0.000547346  -0.0697648
  -0.256302  -0.0120213    0.966522   0.0506162
          0           0           0           1
T_world_lidar: 
  0.963963   0.041369   0.262801     1.4827
-0.0443357   0.999002 0.00536628 -0.0712557
 -0.262317 -0.0168243   0.964835  0.0507085
         0          0          0          1
v_world_imu:    0.38491 -0.0220278  0.0056477
frame_73
id: 73
stamp: 1784010282.828463078
T_odom_lidar: 
   0.965471   0.0434568    0.256862     1.51898
 -0.0452004    0.998978 0.000884831  -0.0723335
  -0.256561  -0.0124645    0.966448   0.0512974
          0           0           0           1
T_world_lidar: 
  0.963566  0.0421663   0.264124    1.52131
 -0.045287   0.998958 0.00573455 -0.0737625
 -0.263607  -0.017487   0.964472  0.0512417
         0          0          0          1
v_world_imu:     0.389255    -0.028929 -0.000450297
frame_74
id: 74
stamp: 1784010282.928342104
T_odom_lidar: 
   0.965388   0.0447502    0.256952      1.5579
 -0.0460337    0.998939 -0.00102122  -0.0753241
  -0.256725  -0.0108426    0.966424   0.0519135
          0           0           0           1
T_world_lidar: 
  0.963185  0.0435816   0.265284    1.56034
-0.0463028   0.998919  0.0040094 -0.0766806
 -0.264822 -0.0161452   0.964162   0.051783
         0          0          0          1
v_world_imu:   0.392401 -0.0275665 0.00920697
frame_75
id: 75
stamp: 1784010283.028619051
T_odom_lidar: 
   0.964964   0.0468101    0.258175     1.59739
 -0.0484625    0.998825 3.68133e-05  -0.0779044
   -0.25787  -0.0125473    0.966098   0.0522729
          0           0           0           1
T_world_lidar: 
  0.962557  0.0451068   0.267299    1.60002
-0.0483525   0.998815 0.00556957  -0.079184
 -0.266731 -0.0182856   0.963598   0.052079
         0          0          0          1
v_world_imu:   0.395292 -0.0285637  0.0117147
frame_76
id: 76
stamp: 1784010283.128478050
T_odom_lidar: 
   0.964714   0.0473374    0.259009      1.6371
 -0.0492742    0.998785 0.000987255  -0.0808554
  -0.258647  -0.0137149    0.965874   0.0529366
          0           0           0           1
T_world_lidar: 
  0.962175  0.0456228   0.268584    1.63989
-0.0491385   0.998772 0.00637806 -0.0820486
 -0.267963 -0.0193346   0.963235  0.0526132
         0          0          0          1
v_world_imu:    0.404584  -0.0298122 3.93199e-05
frame_77
id: 77
stamp: 1784010283.228402138
T_odom_lidar: 
    0.965004    0.0485144     0.257707      1.67778
  -0.0499702      0.99875 -0.000901428   -0.0841111
   -0.257429   -0.0120078     0.966223    0.0533545
           0            0            0            1
T_world_lidar: 
  0.962198  0.0470429   0.268256    1.68067
-0.0500905   0.998734  0.0045244 -0.0851893
 -0.267703 -0.0177904   0.963337  0.0529784
         0          0          0          1
v_world_imu:    0.41431 -0.0283046  0.0113878
frame_78
id: 78
stamp: 1784010283.328158140
T_odom_lidar: 
   0.965084   0.0503845     0.25705     1.71899
 -0.0515709    0.998667 -0.00212849   -0.087236
  -0.256815  -0.0112022    0.966396   0.0540059
          0           0           0           1
T_world_lidar: 
  0.961992  0.0491058   0.268624    1.72195
-0.0518395   0.998651 0.00308873 -0.0882396
  -0.26811 -0.0168967    0.96324  0.0535507
         0          0          0          1
v_world_imu:   0.416653 -0.0273412 0.00605465
frame_79
id: 79
stamp: 1784010283.428317070
T_odom_lidar: 
   0.965005   0.0517678    0.257072     1.76097
 -0.0531878    0.998584 -0.00143144  -0.0900872
  -0.256782  -0.0122917    0.966391   0.0545469
          0           0           0           1
T_world_lidar: 
  0.961869  0.0503974   0.268826     1.7639
-0.0532825   0.998574 0.00344186 -0.0910641
  -0.26827 -0.0176344   0.963182   0.053937
         0          0          0          1
v_world_imu:    0.424959  -0.0333077 -0.00153328
frame_80
id: 80
stamp: 1784010283.528254986
T_odom_lidar: 
   0.965206   0.0539566    0.255862     1.80426
 -0.0545042    0.998501 -0.00495556  -0.0937327
  -0.255746 -0.00916243    0.966701   0.0547642
          0           0           0           1
T_world_lidar: 
   0.961983   0.0526409    0.267987     1.80709
 -0.0547256    0.998501 0.000310207  -0.0945723
  -0.267569  -0.0149642    0.963422    0.054067
          0           0           0           1
v_world_imu:   0.438199 -0.0343175 0.00862792
frame_81
id: 81
stamp: 1784010283.628415108
T_odom_lidar: 
   0.964874   0.0563435    0.256599     1.84884
 -0.0571811    0.998355 -0.00420218  -0.0968526
  -0.256414   -0.010618    0.966509   0.0552034
          0           0           0           1
T_world_lidar: 
   0.961545   0.0549449    0.269095     1.85151
 -0.0572497     0.99836 0.000718634  -0.0976579
  -0.268614  -0.0160966    0.963113   0.0543238
          0           0           0           1
v_world_imu:     0.446835   -0.0312422 -0.000367956
frame_82
id: 82
stamp: 1784010283.728212118
T_odom_lidar: 
   0.964929   0.0575606    0.256123     1.89364
 -0.0583448    0.998286 -0.00454194   -0.100365
  -0.255946  -0.0105608    0.966633   0.0558191
          0           0           0           1
T_world_lidar: 
   0.961598   0.0562234     0.26864     1.89622
 -0.0585123    0.998287 0.000514984   -0.101181
   -0.26815  -0.0162139    0.963241   0.0549078
          0           0           0           1
v_world_imu:   0.453088 -0.0339156 0.00310165
frame_83
id: 83
stamp: 1784010283.828294992
T_odom_lidar: 
   0.964975   0.0592031    0.255574     1.93926
  -0.059409     0.99821 -0.00692106   -0.104349
  -0.255526 -0.00850475    0.966765   0.0560937
          0           0           0           1
T_world_lidar: 
    0.96162   0.0583196    0.268114     1.94179
 -0.0600083    0.998196 -0.00189928   -0.105158
  -0.267741  -0.0142626    0.963385   0.0551816
          0           0           0           1
v_world_imu:   0.460421 -0.0380205 0.00131778
frame_84
id: 84
stamp: 1784010283.928313017
T_odom_lidar: 
   0.965012   0.0615958    0.254866     1.98539
  -0.061475    0.998073 -0.00844752   -0.108395
  -0.254895 -0.00751593    0.966939    0.056559
          0           0           0           1
T_world_lidar: 
   0.961456   0.0610915    0.268087     1.98792
 -0.0623557    0.998047 -0.00380453   -0.109155
  -0.267795  -0.0130588    0.963387   0.0555361
          0           0           0           1
v_world_imu:   0.464562 -0.0426179 0.00696025
frame_85
id: 85
stamp: 1784010284.028411150
T_odom_lidar: 
   0.964714   0.0630567    0.255639     2.03191
 -0.0631139    0.997974 -0.00798815   -0.112715
  -0.255625 -0.00842811    0.966739   0.0574541
          0           0           0           1
T_world_lidar: 
   0.961237   0.0631631     0.26839     2.03457
 -0.0645908    0.997906 -0.00351614   -0.113123
   -0.26805  -0.0139557    0.963304   0.0561608
          0           0           0           1
v_world_imu:  0.468821 -0.043258 0.0035417
frame_86
id: 86
stamp: 1784010284.128290176
T_odom_lidar: 
     0.9644   0.0653882    0.256235     2.07997
 -0.0647697    0.997841  -0.0108613   -0.118228
  -0.256392 -0.00612168    0.966553   0.0577397
          0           0           0           1
T_world_lidar: 
   0.961057   0.0658983    0.268379     2.08286
 -0.0666256    0.997757 -0.00640713   -0.117909
  -0.268199  -0.0117233    0.963292   0.0561538
          0           0           0           1
v_world_imu:    0.494492  -0.0495634 -0.00119347
frame_87
id: 87
stamp: 1784010284.228338003
T_odom_lidar: 
   0.963788   0.0667266    0.258188     2.13003
  -0.066506     0.99774 -0.00959812   -0.123324
  -0.258245 -0.00792048    0.966047   0.0580434
          0           0           0           1
T_world_lidar: 
   0.960511   0.0683648    0.269714     2.13316
 -0.0693408    0.997575 -0.00591914   -0.122286
  -0.269464  -0.0130167    0.962922   0.0561949
          0           0           0           1
v_world_imu:    0.513831  -0.0408705 -0.00638428
frame_88
id: 88
stamp: 1784010284.328318119
T_odom_lidar: 
   0.963655   0.0686087     0.25819     2.18176
 -0.0682215    0.997615  -0.0104696    -0.12741
  -0.258292 -0.00752505    0.966037   0.0579022
          0           0           0           1
T_world_lidar: 
   0.960228   0.0700018      0.2703     2.18498
 -0.0708063    0.997467 -0.00678642   -0.126701
   -0.27009  -0.0126224    0.962752   0.0562017
          0           0           0           1
v_world_imu:    0.525572  -0.0422931 -0.00616681
frame_89
id: 89
stamp: 1784010284.428392172
T_odom_lidar: 
  0.963247  0.0709127   0.259087    2.23519
-0.0700407   0.997464  -0.012607   -0.13168
 -0.259325  -0.006003   0.965772  0.0573777
         0          0          0          1
T_world_lidar: 
    0.95996   0.0716059    0.270831     2.23833
 -0.0718886    0.997373 -0.00888973    -0.13124
  -0.270757  -0.0109359    0.962586   0.0558078
          0           0           0           1
v_world_imu:    0.539706  -0.0458603 -0.00514054
frame_90
id: 90
stamp: 1784010284.528045177
T_odom_lidar: 
    0.96288   0.0737181    0.259669     2.28931
 -0.0722529    0.997271  -0.0151964    -0.13604
  -0.260081 -0.00412954    0.965578   0.0570386
          0           0           0           1
T_world_lidar: 
   0.959863   0.0742733    0.270456     2.29238
 -0.0740077    0.997195  -0.0111951   -0.135661
  -0.270528 -0.00927001    0.962667   0.0555077
          0           0           0           1
v_world_imu:    0.547892  -0.0453147 -0.00310123
frame_91
id: 91
stamp: 1784010284.628257990
T_odom_lidar: 
   0.962579   0.0760383    0.260115     2.34468
 -0.0746913    0.997093  -0.0150738   -0.140308
  -0.260505 -0.00491857     0.96546   0.0572439
          0           0           0           1
T_world_lidar: 
   0.959675   0.0764128    0.270527     2.34727
 -0.0760312    0.997034  -0.0119062       -0.14
  -0.270634 -0.00914243    0.962639   0.0555923
          0           0           0           1
v_world_imu:     0.54987  -0.0439907 0.000864546
frame_92
id: 92
stamp: 1784010284.728407145
T_odom_lidar: 
  0.962266  0.0789103   0.260419    2.40049
-0.0768616   0.996878 -0.0180583  -0.145451
 -0.261031 -0.0026393   0.965327  0.0570044
         0          0          0          1
T_world_lidar: 
   0.959782   0.0789258    0.269422     2.40311
 -0.0777713    0.996859  -0.0149741   -0.145027
  -0.269758 -0.00658144    0.962906   0.0552327
          0           0           0           1
v_world_imu:    0.562825  -0.0520355 -0.00229677
frame_93
id: 93
stamp: 1784010284.828437090
T_odom_lidar: 
   0.962007   0.0805034    0.260888     2.45669
 -0.0789884    0.996742  -0.0163047   -0.150074
  -0.261351 -0.00492192    0.965231   0.0568371
          0           0           0           1
T_world_lidar: 
   0.959854   0.0810212    0.268543     2.45907
 -0.0800249    0.996685  -0.0146729   -0.149566
  -0.268841 -0.00740626    0.963156   0.0549853
          0           0           0           1
v_world_imu:   0.561133 -0.0436701 -0.0107993
frame_94
id: 94
stamp: 1784010284.928174973
T_odom_lidar: 
    0.96179   0.0819899    0.261222     2.51237
 -0.0805959    0.996617  -0.0160637   -0.155049
  -0.261655 -0.00560345    0.965145      0.0567
          0           0           0           1
T_world_lidar: 
   0.960235   0.0824747    0.266732     2.51474
 -0.0814066    0.996567  -0.0150791   -0.154281
   -0.26706 -0.00723431    0.963653   0.0547399
          0           0           0           1
v_world_imu:    0.560158  -0.0461222 -0.00890025
frame_95
id: 95
stamp: 1784010285.028023005
T_odom_lidar: 
   0.961766   0.0828568    0.261038     2.56808
 -0.0811952     0.99655  -0.0171631   -0.160104
   -0.26156 -0.00468813    0.965176   0.0562996
          0           0           0           1
T_world_lidar: 
   0.960721   0.0835232     0.26465     2.57059
 -0.0822204    0.996485  -0.0160165   -0.159156
  -0.265057 -0.00637225    0.964212   0.0542085
          0           0           0           1
v_world_imu:    0.555422  -0.0490691 -0.00644215
frame_96
id: 96
stamp: 1784010285.128160000
T_odom_lidar: 
   0.961597    0.085253     0.26089     2.62316
 -0.0833938     0.99635  -0.0182095    -0.16511
   -0.26149 -0.00424638    0.965197   0.0559819
          0           0           0           1
T_world_lidar: 
    0.96132   0.0853872    0.261866     2.62566
 -0.0837347    0.996335  -0.0174837   -0.164102
  -0.262399 -0.00511987    0.964946   0.0538823
          0           0           0           1
v_world_imu:    0.546644  -0.0500957 -0.00501143
frame_97
id: 97
stamp: 1784010285.228441000
T_odom_lidar: 
    0.96129   0.0860553    0.261756      2.6775
 -0.0845436    0.996274  -0.0170528   -0.170028
  -0.262248 -0.00573713    0.964983   0.0560157
          0           0           0           1
T_world_lidar: 
   0.960564   0.0862856    0.264333     2.68033
 -0.0850224    0.996247  -0.0162384   -0.168969
  -0.264742 -0.00687622    0.964295   0.0540172
          0           0           0           1
v_world_imu:   0.538713 -0.0498111 0.00315684
frame_98
id: 98
stamp: 1784010285.328305006
T_odom_lidar: 
   0.961164   0.0872446    0.261826     2.73169
  -0.085469    0.996175  -0.0181846   -0.175387
  -0.262411 -0.00489966    0.964944   0.0556351
          0           0           0           1
T_world_lidar: 
   0.960284   0.0869046    0.265145     2.73485
 -0.0855829    0.996193  -0.0165563   -0.174282
  -0.265575 -0.00679316    0.964066   0.0538215
          0           0           0           1
v_world_imu:      0.5486  -0.0561453 -0.00118769
frame_99
id: 99
stamp: 1784010285.428309202
T_odom_lidar: 
  0.961043  0.0883851   0.261887    2.78631
-0.0872294   0.996059 -0.0160588  -0.180537
 -0.262275 -0.0074111   0.964965  0.0557224
         0          0          0          1
T_world_lidar: 
   0.960122    0.087227    0.265626     2.78976
 -0.0865171    0.996146  -0.0143959   -0.179443
  -0.265858 -0.00915939    0.963969   0.0540091
          0           0           0           1
v_world_imu:    0.549153  -0.0486697 -0.00617533
frame_100
id: 100
stamp: 1784010285.528094053
T_odom_lidar: 
    0.96118     0.08787    0.261558     2.84067
   -0.08717    0.996091  -0.0143008   -0.185794
  -0.261793 -0.00905441    0.965082   0.0560203
          0           0           0           1
T_world_lidar: 
  0.960004  0.0870939   0.266095    2.84444
-0.0867574   0.996144 -0.0130426  -0.184701
 -0.266205 -0.0105648   0.963859  0.0544088
         0          0          0          1
v_world_imu:   0.545142 -0.0543592 0.00142982
frame_101
id: 101
stamp: 1784010285.628165007
T_odom_lidar: 
   0.961539   0.0882805    0.260096     2.89486
 -0.0875885    0.996054  -0.0142735   -0.191243
  -0.260329 -0.00905684    0.965477   0.0562617
          0           0           0           1
T_world_lidar: 
  0.960335  0.0869753   0.264937    2.89902
-0.0869293   0.996143 -0.0119219  -0.190065
 -0.264952 -0.0115818   0.964192  0.0547416
         0          0          0          1
v_world_imu:   0.543698 -0.0559782 0.00296053
frame_102
id: 102
stamp: 1784010285.728051186
T_odom_lidar: 
   0.961957   0.0890148    0.258291      2.9487
 -0.0884739    0.995984   -0.013741   -0.196521
  -0.258477 -0.00963371    0.965969   0.0567855
          0           0           0           1
T_world_lidar: 
  0.960883   0.087881   0.262641    2.95312
-0.0878534   0.996063 -0.0118723  -0.195422
  -0.26265 -0.0116659   0.964821  0.0553165
         0          0          0          1
v_world_imu:   0.542404 -0.0553033  0.0025723
frame_103
id: 103
stamp: 1784010285.828132153
T_odom_lidar: 
  0.961901   0.089997   0.258159    3.00186
-0.0898168    0.99588 -0.0125164  -0.201703
 -0.258222 -0.0111475   0.966021  0.0574949
         0          0          0          1
T_world_lidar: 
  0.960932  0.0887425   0.262173     3.0069
-0.0891304   0.995965 -0.0104366  -0.200609
 -0.262042 -0.0133387   0.964964  0.0561712
         0          0          0          1
v_world_imu:   0.529532 -0.0492331 0.00821545
frame_104
id: 104
stamp: 1784010285.928052187
T_odom_lidar: 
  0.962356  0.0909023    0.25614    3.05463
-0.0907593   0.995796 -0.0124048  -0.207295
 -0.256191 -0.0113092    0.96656   0.058019
         0          0          0          1
T_world_lidar: 
   0.961411   0.0893534    0.260201     3.06045
 -0.0899436      0.9959 -0.00966275   -0.206146
  -0.259998  -0.0141136    0.965506   0.0569513
          0           0           0           1
v_world_imu:   0.537687 -0.0620859 0.00995051
frame_105
id: 105
stamp: 1784010286.028231144
T_odom_lidar: 
  0.962234  0.0928782   0.255889    3.10816
-0.0931288   0.995591 -0.0111652  -0.213196
 -0.255798 -0.0130872   0.966642  0.0589117
         0          0          0          1
T_world_lidar: 
   0.961561   0.0913039    0.258969     3.11447
 -0.0919044    0.995719 -0.00981335    -0.21218
  -0.258756  -0.0143642    0.965836   0.0579182
          0           0           0           1
v_world_imu:   0.546171 -0.0584977 0.00355916
frame_106
id: 106
stamp: 1784010286.127992153
T_odom_lidar: 
  0.961881  0.0969024   0.255723    3.16211
-0.0969518   0.995211  -0.012444   -0.21937
 -0.255704 -0.0128232    0.96667  0.0598876
         0          0          0          1
T_world_lidar: 
   0.961154   0.0943521    0.259384     3.16896
 -0.0950655    0.995423 -0.00982179   -0.218364
  -0.259123  -0.0152182    0.965724   0.0589132
          0           0           0           1
v_world_imu:   0.542454 -0.0657888  0.0128649
frame_107
id: 107
stamp: 1784010286.228296041
T_odom_lidar: 
  0.961394  0.0989729   0.256759    3.21641
-0.0990016   0.995004 -0.0128482   -0.22599
 -0.256748 -0.0130674    0.96639  0.0607465
         0          0          0          1
T_world_lidar: 
   0.960951   0.0973914    0.259014     3.22357
 -0.0982649    0.995114 -0.00960484   -0.225056
  -0.258684  -0.0162222    0.965826   0.0597831
          0           0           0           1
v_world_imu:   0.547806 -0.0737829 0.00540096
frame_108
id: 108
stamp: 1784010286.328217983
T_odom_lidar: 
  0.960569    0.10486   0.257509    3.27025
  -0.10461   0.994405 -0.0147135  -0.233334
 -0.257611 -0.0128046   0.966164  0.0615018
         0          0          0          1
T_world_lidar: 
  0.960488   0.102619   0.258713    3.27783
 -0.103167   0.994598 -0.0114974  -0.232398
 -0.258495 -0.0156474   0.965886  0.0603939
         0          0          0          1
v_world_imu:   0.541234 -0.0753795 0.00365187
frame_109
id: 109
stamp: 1784010286.428263187
T_odom_lidar: 
  0.959076   0.112448   0.259863     3.3237
 -0.112205   0.993559 -0.0158164   -0.24161
 -0.259968 -0.0139889   0.965516  0.0615327
         0          0          0          1
T_world_lidar: 
  0.959087   0.109704   0.260994    3.33185
 -0.110196   0.993828 -0.0127966  -0.240345
 -0.260787 -0.0164874   0.965256  0.0607141
         0          0          0          1
v_world_imu:   0.536134 -0.0819085 0.00518611
frame_110
id: 110
stamp: 1784010286.528037071
T_odom_lidar: 
  0.957691   0.120983   0.261132    3.37677
 -0.120538   0.992549  -0.017784  -0.250524
 -0.261338 -0.0144447   0.965139  0.0612154
         0          0          0          1
T_world_lidar: 
  0.957603   0.117355   0.263105    3.38558
 -0.117858   0.992933 -0.0139273  -0.248971
  -0.26288 -0.0176722   0.964667  0.0608757
         0          0          0          1
v_world_imu:   0.540999 -0.0942052 0.00101284
frame_111
id: 111
stamp: 1784010286.628189087
T_odom_lidar: 
  0.955685   0.130084    0.26409    3.43003
 -0.129326   0.991394 -0.0203337  -0.260563
 -0.264462  -0.014721   0.964284  0.0607307
         0          0          0          1
T_world_lidar: 
  0.955929   0.126314   0.265037    3.43976
  -0.12612   0.991855 -0.0178203  -0.258875
 -0.265129 -0.0163916   0.964074  0.0607784
         0          0          0          1
v_world_imu:    0.543646  -0.0991112 -0.00775436
frame_112
id: 112
stamp: 1784010286.728269100
T_odom_lidar: 
  0.953549   0.141267   0.266061    3.48359
 -0.140034   0.989863 -0.0237013  -0.271165
 -0.266712 -0.0146573   0.963665  0.0601105
         0          0          0          1
T_world_lidar: 
  0.953449   0.136556   0.268863    3.49409
 -0.135969   0.990493 -0.0208947   -0.26931
  -0.26916  -0.016635   0.962952  0.0604328
         0          0          0          1
v_world_imu:    0.543465   -0.109697 -0.00328783
frame_113
id: 113
stamp: 1784010286.828173161
T_odom_lidar: 
  0.951863   0.150302   0.267144    3.53749
  -0.14875   0.988529 -0.0261577  -0.281886
 -0.268011 -0.0148392   0.963301  0.0598605
         0          0          0          1
T_world_lidar: 
  0.951741   0.145765   0.270079    3.54866
 -0.145192   0.989154 -0.0222119  -0.280036
 -0.270387 -0.0180732   0.962582  0.0604383
         0          0          0          1
v_world_imu:   0.551399  -0.109866 0.00125239
frame_114
id: 114
stamp: 1784010286.928173065
T_odom_lidar: 
  0.951399   0.151986   0.267844    3.59256
 -0.149767   0.988301 -0.0288214  -0.291247
 -0.269091 -0.0126936   0.963031  0.0591441
         0          0          0          1
T_world_lidar: 
  0.950963   0.149327   0.270872    3.60448
 -0.148067   0.988656 -0.0252037  -0.289678
 -0.271563 -0.0161394   0.962285  0.0599451
         0          0          0          1
v_world_imu:   0.551122 -0.0850505 0.00323931
frame_115
id: 115
stamp: 1784010287.028272152
T_odom_lidar: 
  0.951797   0.145351   0.270104    3.64777
 -0.143585   0.989286 -0.0263966  -0.298098
 -0.271046 -0.0136586   0.962469  0.0588934
         0          0          0          1
T_world_lidar: 
  0.950987   0.145058   0.273098    3.66036
 -0.143667   0.989305 -0.0251947  -0.296748
 -0.273832 -0.0152755   0.961656  0.0598538
         0          0          0          1
v_world_imu:   0.558093 -0.0545638 0.00655584
frame_116
id: 116
stamp: 1784010287.128173113
T_odom_lidar: 
  0.953343   0.135779   0.269633    3.70263
 -0.134356   0.990647  -0.023817  -0.302904
 -0.270345 -0.0135211   0.962669  0.0586078
         0          0          0          1
T_world_lidar: 
  0.952136   0.135087   0.274206    3.71602
 -0.134287   0.990703 -0.0217767  -0.301556
 -0.274598  -0.016088   0.961424  0.0599231
         0          0          0          1
v_world_imu:    0.553031  -0.0490178 0.000529737
frame_117
id: 117
stamp: 1784010287.228154182
T_odom_lidar: 
  0.954534    0.12581   0.270253     3.7575
 -0.124843   0.991958 -0.0208365  -0.307143
 -0.270701 -0.0138502   0.962564   0.057918
         0          0          0          1
T_world_lidar: 
  0.953544   0.125016   0.274088    3.77162
 -0.124044   0.992056 -0.0209502  -0.305925
 -0.274529 -0.0140219   0.961476  0.0595627
         0          0          0          1
v_world_imu:   0.557618 -0.0332339 -0.0113091
frame_118
id: 118
stamp: 1784010287.327882051
T_odom_lidar: 
 0.956058  0.113352  0.270379   3.81277
-0.112961  0.993453  -0.01706 -0.310278
-0.270542 -0.014232  0.962603  0.057208
        0         0         0         1
T_world_lidar: 
  0.954509   0.113461   0.275752    3.82762
 -0.113056   0.993436 -0.0174177  -0.308919
 -0.275918 -0.0145502   0.961071  0.0589494
         0          0          0          1
v_world_imu:   0.558265 -0.0245056  -0.004088
frame_119
id: 119
stamp: 1784010287.428039074
T_odom_lidar: 
   0.95757  0.0997194   0.270398    3.86876
-0.0998195   0.994915 -0.0134178  -0.312213
 -0.270361 -0.0141426   0.962655  0.0567356
         0          0          0          1
T_world_lidar: 
  0.956268  0.0994618   0.275062    3.88425
 -0.100012   0.994913 -0.0120613  -0.310646
 -0.274862 -0.0159756   0.961351  0.0585405
         0          0          0          1
v_world_imu:    0.565967  -0.0173082 -0.00676182
frame_120
id: 120
stamp: 1784010287.528154135
T_odom_lidar: 
  0.959061  0.0870285   0.269497    3.92526
-0.0870748   0.996132 -0.0118064  -0.313569
 -0.269482 -0.0121434   0.962929  0.0562565
         0          0          0          1
T_world_lidar: 
   0.958026   0.0861785    0.273421     3.94143
 -0.0868257    0.996176 -0.00975682   -0.311989
  -0.273216  -0.0143927    0.961845   0.0581057
          0           0           0           1
v_world_imu:    0.572222  -0.0103783 -0.00252521
frame_121
id: 121
stamp: 1784010287.628174067
T_odom_lidar: 
   0.960132   0.0740328    0.269567      3.9818
 -0.0749884    0.997161 -0.00676609   -0.314112
  -0.269303  -0.0137181    0.962958   0.0559713
          0           0           0           1
T_world_lidar: 
   0.959199   0.0734542    0.273023     3.99871
 -0.0747105    0.997188 -0.00580682   -0.312505
  -0.272681  -0.0148278     0.96199   0.0578384
          0           0           0           1
v_world_imu:    0.566979 0.000330303  0.00333824
frame_122
id: 122
stamp: 1784010287.727946043
T_odom_lidar: 
   0.960988   0.0604521    0.269902     4.03862
 -0.0616604    0.998089 -0.00400765   -0.314298
  -0.269628  -0.0127909     0.96288   0.0555412
          0           0           0           1
T_world_lidar: 
   0.960226   0.0599748    0.272706     4.05608
 -0.0617724    0.998088 -0.00199713   -0.312421
  -0.272304   -0.014928    0.962095   0.0575723
          0           0           0           1
v_world_imu:     0.577648   0.00104313 -0.000268808
frame_123
id: 123
stamp: 1784010287.828183174
T_odom_lidar: 
  0.961562  0.0464378   0.270634    4.09609
-0.0487892   0.998807 0.00196344  -0.313783
  -0.27022  -0.015092    0.96268  0.0553099
         0          0          0          1
T_world_lidar: 
  0.961307  0.0463673   0.271549    4.11405
-0.0485855   0.998818 0.00144742  -0.311826
 -0.271161 -0.0145847   0.962424  0.0574779
         0          0          0          1
v_world_imu:    0.573865   0.0134401 -0.00919322
frame_124
id: 124
stamp: 1784010287.927873135
T_odom_lidar: 
   0.96214  0.0320699   0.270662    4.15323
-0.0354168   0.999345 0.00748918  -0.312272
 -0.270244 -0.0167916   0.962645  0.0550614
         0          0          0          1
T_world_lidar: 
  0.962111  0.0325844   0.270705    4.17151
 -0.035696   0.999341 0.00657739  -0.310195
 -0.270312 -0.0159912    0.96264  0.0573481
         0          0          0          1
v_world_imu:    0.571155   0.0170876 -0.00355357
frame_125
id: 125
stamp: 1784010288.028182030
T_odom_lidar: 
   0.96279  0.0167132   0.269734    4.21056
-0.0204177   0.999732   0.010934  -0.310024
 -0.269479 -0.0160345   0.962873  0.0544192
         0          0          0          1
T_world_lidar: 
  0.962835  0.0173511   0.269533    4.22904
-0.0211673   0.999713  0.0112583  -0.307851
 -0.269261 -0.0165451   0.962925  0.0569069
         0          0          0          1
v_world_imu:    0.571368   0.0248231 -0.00370941
frame_126
id: 126
stamp: 1784010288.127879143
T_odom_lidar: 
  0.963111 0.00244198   0.269092    4.26738
-0.0064815   0.999879  0.0141242   -0.30691
 -0.269025 -0.0153473   0.963011  0.0541864
         0          0          0          1
T_world_lidar: 
   0.963563  0.00370783    0.267454     4.28582
-0.00772598    0.999873   0.0139729   -0.304796
  -0.267368  -0.0155301    0.963469   0.0566663
          0           0           0           1
v_world_imu:    0.560478   0.0339862 -0.00762814
frame_127
id: 127
stamp: 1784010288.228245020
T_odom_lidar: 
  0.962844 -0.0106124    0.26985     4.3235
0.00589529   0.999815   0.018285  -0.302781
 -0.269994 -0.0160147   0.962729  0.0541073
         0          0          0          1
T_world_lidar: 
    0.96363 -0.00982249    0.267059     4.34182
 0.00505379    0.999815   0.0185378   -0.300828
  -0.267192  -0.0165139    0.963502   0.0565539
          0           0           0           1
v_world_imu:     0.547154    0.0421417 -0.000252907
frame_128
id: 128
stamp: 1784010288.328119040
T_odom_lidar: 
  0.962939 -0.0233389   0.268708    4.37839
 0.0185321    0.99962  0.0204115  -0.298413
 -0.269082 -0.0146753   0.963005   0.053421
         0          0          0          1
T_world_lidar: 
  0.963342 -0.0232545   0.267268    4.39673
 0.0184583   0.999621  0.0204441  -0.296645
 -0.267642 -0.0147613   0.963405  0.0559005
         0          0          0          1
v_world_imu:     0.54673   0.0437572 -0.00193922
frame_129
id: 129
stamp: 1784010288.427976131
T_odom_lidar: 
  0.962258 -0.0318493   0.270267    4.43234
 0.0258727   0.999336  0.0256484  -0.294078
 -0.270905 -0.0176878   0.962444  0.0531589
         0          0          0          1
T_world_lidar: 
  0.963054 -0.0334044   0.267229    4.45064
 0.0282013   0.999331  0.0232858  -0.292363
 -0.267828 -0.0148893   0.963352  0.0556524
         0          0          0          1
v_world_imu:   0.534383  0.0379665 -0.0150688
frame_130
id: 130
stamp: 1784010288.528383970
T_odom_lidar: 
  0.962321 -0.0359233   0.269532    4.48617
 0.0298564   0.999201  0.0265764   -0.29076
 -0.270272 -0.0175278   0.962625  0.0530808
         0          0          0          1
T_world_lidar: 
  0.962686 -0.0403869   0.267592    4.50459
 0.0343827   0.999042  0.0270881  -0.288767
 -0.268429 -0.0168768   0.963152  0.0556036
         0          0          0          1
v_world_imu:    0.535231   0.0300314 -0.00274659
frame_131
id: 131
stamp: 1784010288.628133059
T_odom_lidar: 
  0.962083 -0.0392516   0.269917    4.53981
 0.0331758   0.999084  0.0270369  -0.288111
 -0.270731  -0.017057   0.962504  0.0527272
         0          0          0          1
T_world_lidar: 
  0.962425 -0.0434333   0.268052    4.55846
 0.0373467   0.998917  0.0277665  -0.286041
 -0.268967 -0.0167123   0.963004  0.0553842
         0          0          0          1
v_world_imu:   0.542201  0.0259848 0.00473927
frame_132
id: 132
stamp: 1784010288.727881193
T_odom_lidar: 
  0.962295 -0.0405922   0.268964    4.59342
 0.0344395   0.999027  0.0275569  -0.285583
 -0.269821 -0.0172549   0.962756  0.0529782
         0          0          0          1
T_world_lidar: 
   0.96244 -0.0440029   0.267906     4.6122
 0.0378654   0.998889  0.0280353  -0.283449
 -0.268842 -0.0168379   0.963037  0.0556105
         0          0          0          1
v_world_imu:   0.534839  0.0242214 0.00185913
frame_133
id: 133
stamp: 1784010288.828081131
T_odom_lidar: 
  0.962197 -0.0406149    0.26931    4.64687
 0.0340199   0.998997  0.0291126  -0.282825
 -0.270222 -0.0188502   0.962613  0.0532862
         0          0          0          1
T_world_lidar: 
  0.962235  -0.044273   0.268598    4.66573
   0.03758   0.998843  0.0300114  -0.280655
 -0.269615 -0.0187841   0.962785  0.0559029
         0          0          0          1
v_world_imu:     0.53233    0.026291 -0.00301233
frame_134
id: 134
stamp: 1784010288.927812099
T_odom_lidar: 
   0.96232 -0.0407608   0.268849    4.70046
 0.0344487    0.99901   0.028156  -0.280395
  -0.26973 -0.0178336   0.962771  0.0529378
         0          0          0          1
T_world_lidar: 
  0.962107 -0.0450519   0.268924    4.71945
 0.0384498   0.998817  0.0297697  -0.278181
 -0.269947 -0.0183016   0.962701  0.0555569
         0          0          0          1
v_world_imu:  0.542579 0.0264174 0.0045466
frame_135
id: 135
stamp: 1784010289.028156996
T_odom_lidar: 
  0.962445 -0.0418126   0.268239    4.75488
 0.0350973    0.99894  0.0297833  -0.277873
   -0.2692 -0.0192503   0.962892  0.0526594
         0          0          0          1
T_world_lidar: 
  0.962028 -0.0457154   0.269093    4.77374
 0.0389201   0.998776  0.0305364  -0.275669
  -0.27016 -0.0189037    0.96263  0.0555916
         0          0          0          1
v_world_imu:   0.541129  0.0253894 -0.0120723
frame_136
id: 136
stamp: 1784010289.127891064
T_odom_lidar: 
  0.962409 -0.0440215   0.268013    4.80981
 0.0370141   0.998829  0.0311447  -0.275173
  -0.26907 -0.0200537   0.962912  0.0522676
         0          0          0          1
T_world_lidar: 
  0.961883 -0.0475488   0.269296    4.82828
 0.0404297   0.998672   0.031924  -0.272954
 -0.270457 -0.0198196   0.962528  0.0555111
         0          0          0          1
v_world_imu:     0.54968   0.0255948 -0.00840166
frame_137
id: 137
stamp: 1784010289.228074074
T_odom_lidar: 
  0.962827 -0.0459918   0.266175    4.86693
 0.0390562   0.998747  0.0312943  -0.272252
 -0.267281 -0.0197351   0.963416  0.0514215
         0          0          0          1
T_world_lidar: 
  0.962022 -0.0497565     0.2684    4.88473
 0.0426098   0.998567  0.0323906  -0.270031
 -0.269627 -0.0197239   0.962763  0.0548695
         0          0          0          1
v_world_imu:    0.569365   0.0277247 -0.00836488
frame_138
id: 138
stamp: 1784010289.328001976
T_odom_lidar: 
  0.962631 -0.0468624    0.26673    4.92518
 0.0400969   0.998722  0.0307576  -0.269271
 -0.267831 -0.0189132    0.96328  0.0506541
         0          0          0          1
T_world_lidar: 
  0.961862  -0.050175   0.268893    4.94229
 0.0432986   0.998567  0.0314469  -0.267042
 -0.270086 -0.0186049   0.962656  0.0543026
         0          0          0          1
v_world_imu:    0.580727   0.0333576 -0.00209556
frame_139
id: 139
stamp: 1784010289.428086996
T_odom_lidar: 
  0.962244 -0.0478802   0.267943    4.98426
 0.0408536   0.998661  0.0317415  -0.265889
 -0.269104 -0.0195966   0.962912  0.0501528
         0          0          0          1
T_world_lidar: 
  0.961445 -0.0508638   0.270253    5.00081
 0.0437944   0.998524  0.0321285   -0.26371
 -0.271488 -0.0190542   0.962253  0.0539323
         0          0          0          1
v_world_imu:   0.587096    0.02836 -0.0052323
frame_140
id: 140
stamp: 1784010289.527901173
T_odom_lidar: 
   0.96206 -0.0474433   0.268681    5.04394
  0.040816    0.99871   0.030202  -0.263065
 -0.269767 -0.0180897   0.962756  0.0495476
         0          0          0          1
T_world_lidar: 
  0.961237 -0.0500976   0.271134    5.06009
 0.0433395   0.998584  0.0308598  -0.260815
 -0.272296 -0.0179128   0.962047  0.0534112
         0          0          0          1
v_world_imu:      0.59388    0.0292007 -0.000511777
frame_141
id: 141
stamp: 1784010289.628092051
T_odom_lidar: 
  0.961773 -0.0443468   0.270234     5.1042
 0.0372718   0.998816  0.0312593  -0.260216
   -0.2713 -0.0199923   0.962287  0.0489777
         0          0          0          1
T_world_lidar: 
  0.960841 -0.0473945   0.273016    5.12011
 0.0402439   0.998686   0.031735  -0.257928
 -0.274161 -0.0195051   0.961486  0.0528196
         0          0          0          1
v_world_imu:   0.60108 0.0295752 0.0084473
frame_142
id: 142
stamp: 1784010289.727869987
T_odom_lidar: 
  0.961128 -0.0440574   0.272564    5.16434
 0.0369208   0.998829  0.0312595   -0.25758
 -0.273622 -0.0199811    0.96163   0.048348
         0          0          0          1
T_world_lidar: 
  0.960238 -0.0464933   0.275285    5.18013
 0.0394007   0.998735  0.0312422  -0.255379
 -0.276389 -0.0191535   0.960855  0.0520883
         0          0          0          1
v_world_imu:   0.603739   0.025994 -0.0133911
frame_143
id: 143
stamp: 1784010289.828073025
T_odom_lidar: 
  0.961297 -0.0420969   0.272279     5.2251
 0.0356644   0.998956  0.0285329  -0.255375
 -0.273196  -0.017718   0.961795  0.0478139
         0          0          0          1
T_world_lidar: 
  0.960366  -0.044281   0.275203     5.2407
 0.0379617    0.99888  0.0282493  -0.253194
 -0.276146 -0.0166825   0.960971  0.0515121
         0          0          0          1
v_world_imu:    0.605294   0.0223571 -0.00623839
frame_144
id: 144
stamp: 1784010289.927797079
T_odom_lidar: 
  0.961362 -0.0395824   0.272428    5.28579
 0.0330767   0.999048  0.0284334  -0.253067
 -0.273294 -0.0183238   0.961756  0.0471659
         0          0          0          1
T_world_lidar: 
  0.960467 -0.0415585   0.275275    5.30102
 0.0351506   0.998985  0.0281732  -0.250874
 -0.276166 -0.0173834   0.960953  0.0510633
         0          0          0          1
v_world_imu:    0.603028   0.0231991 -0.00899528
frame_145
id: 145
stamp: 1784010290.027990103
T_odom_lidar: 
  0.961666 -0.0378741   0.271597    5.34749
 0.0318472    0.99914  0.0265655  -0.251269
 -0.272369 -0.0168976   0.962044  0.0461721
         0          0          0          1
T_world_lidar: 
  0.960723 -0.0397137   0.274652    5.36233
 0.0338649   0.999088  0.0260062  -0.249032
 -0.275434 -0.0156837   0.961192  0.0501611
         0          0          0          1
v_world_imu:   0.614325  0.0194856 -0.0064558
frame_146
id: 146
stamp: 1784010290.127695084
T_odom_lidar: 
 0.961804 -0.036712  0.271266   5.40959
0.0310028  0.999199 0.0253035 -0.249659
-0.271978 -0.015927  0.962172 0.0458912
        0         0         0         1
T_world_lidar: 
  0.961089 -0.0376704   0.273657    5.42406
 0.0321746   0.999181  0.0245447  -0.247305
 -0.274357 -0.0147848   0.961514  0.0499428
         0          0          0          1
v_world_imu:   0.622135   0.020081 -0.0149751
frame_147
id: 147
stamp: 1784010290.228077173
T_odom_lidar: 
  0.962123 -0.0359666   0.270231    5.47231
 0.0300835   0.999212  0.0258822  -0.248055
 -0.270949 -0.0167723   0.962447  0.0455508
         0          0          0          1
T_world_lidar: 
  0.961697 -0.0368168   0.271633    5.48651
 0.0312898   0.999206  0.0246519  -0.245496
 -0.272325 -0.0152083   0.962085  0.0496583
         0          0          0          1
v_world_imu:    0.626368   0.0156812 -0.00765205
frame_148
id: 148
stamp: 1784010290.327838182
T_odom_lidar: 
  0.962388 -0.0349332   0.269423    5.53521
  0.029362   0.999264   0.024682  -0.246647
 -0.270087 -0.0158428   0.962706  0.0446771
         0          0          0          1
T_world_lidar: 
  0.962215 -0.0354308   0.269977    5.54906
 0.0303407   0.999275  0.0230052  -0.243924
 -0.270596 -0.0139447   0.962592  0.0488761
         0          0          0          1
v_world_imu:    0.630455   0.0164976 -0.00341056
frame_149
id: 149
stamp: 1784010290.427750111
T_odom_lidar: 
  0.962518 -0.0333594   0.269159    5.59813
 0.0280621    0.99933  0.0235058   -0.24489
 -0.269763 -0.0150716   0.962809  0.0443099
         0          0          0          1
T_world_lidar: 
  0.962895 -0.0332376   0.267822    5.61163
 0.0285688   0.999365  0.0213116  -0.242191
  -0.26836 -0.0128695   0.963233  0.0486525
         0          0          0          1
v_world_imu:     0.625464    0.0209066 -0.000265684
frame_150
id: 150
stamp: 1784010290.527894020
T_odom_lidar: 
  0.962519 -0.0327191   0.269234    5.66139
 0.0272845   0.999342   0.023904  -0.242899
 -0.269839 -0.0156621   0.962778  0.0436864
         0          0          0          1
T_world_lidar: 
  0.963434 -0.0320196   0.266025    5.67435
 0.0273655   0.999401  0.0211846  -0.240255
 -0.266544 -0.0131301   0.963733   0.048206
         0          0          0          1
v_world_imu:   0.631265  0.0149112 -0.0104152
frame_151
id: 151
stamp: 1784010290.627882004
T_odom_lidar: 
  0.962636 -0.0306912   0.269053    5.72491
 0.0256135   0.999422  0.0223636  -0.241373
 -0.269584 -0.0146366   0.962866  0.0431852
         0          0          0          1
T_world_lidar: 
  0.963148 -0.0309628   0.267185    5.73735
 0.0264157   0.999439  0.0205968  -0.238606
 -0.267673 -0.0127799   0.963425  0.0479907
         0          0          0          1
v_world_imu:   0.630585  0.0177671 0.00221824
frame_152
id: 152
stamp: 1784010290.728023052
T_odom_lidar: 
   0.96244 -0.0303341   0.269795    5.78848
 0.0248698   0.999411  0.0236493   -0.23927
 -0.270354 -0.0160513   0.962627  0.0428289
         0          0          0          1
T_world_lidar: 
  0.962609 -0.0306982   0.269149    5.80004
 0.0256873   0.999425  0.0221207  -0.236454
 -0.269673 -0.0143799   0.962844   0.047897
         0          0          0          1
v_world_imu:   0.621054  0.0183673 0.00164816
frame_153
id: 153
stamp: 1784010290.828124046
T_odom_lidar: 
  0.962392 -0.0309967   0.269891    5.85191
 0.0253564   0.999382  0.0243609  -0.237156
 -0.270479 -0.0166012   0.962583  0.0422299
         0          0          0          1
T_world_lidar: 
  0.962452 -0.0310475   0.269672    5.86253
 0.0258197   0.999404   0.022912  -0.234504
 -0.270223 -0.0150888    0.96268   0.047453
         0          0          0          1
v_world_imu:     0.622876    0.0210579 -0.000631483
frame_154
id: 154
stamp: 1784010290.927709103
T_odom_lidar: 
  0.962768 -0.0298895   0.268672    5.91511
 0.0245563   0.999429    0.02319  -0.234673
 -0.269212  -0.015729   0.962953   0.042084
         0          0          0          1
T_world_lidar: 
    0.9626 -0.0305662   0.269197    5.92455
 0.0254804   0.999425  0.0223671  -0.232378
 -0.269726 -0.0146713   0.962825  0.0472875
         0          0          0          1
v_world_imu:     0.615928    0.0208255 -8.73397e-05
frame_155
id: 155
stamp: 1784010291.027935028
T_odom_lidar: 
  0.962502  -0.029156   0.269704    5.97743
  0.023433   0.999427  0.0244157   -0.23209
 -0.270262 -0.0171801   0.962634  0.0419485
         0          0          0          1
T_world_lidar: 
  0.962179 -0.0305346   0.270701    5.98602
 0.0250077   0.999403  0.0238435  -0.230265
 -0.271267 -0.0161721   0.962368  0.0469916
         0          0          0          1
v_world_imu:    0.608443   0.0191057 -0.00609785
frame_156
id: 156
stamp: 1784010291.127734184
T_odom_lidar: 
  0.962637 -0.0293615   0.269197    6.03897
 0.0237755   0.999429  0.0239882  -0.230642
 -0.269748 -0.0166917   0.962786  0.0407759
         0          0          0          1
T_world_lidar: 
  0.962324 -0.0306288   0.270173    6.04706
 0.0252536   0.999408  0.0233496  -0.228634
 -0.270728  -0.015647   0.962529   0.046039
         0          0          0          1
v_world_imu:    0.60655  0.0165287 0.00163094
frame_157
id: 157
stamp: 1784010291.228099108
T_odom_lidar: 
  0.962482 -0.0290984   0.269782    6.09902
 0.0229203   0.999399   0.026023  -0.229227
 -0.270377 -0.0188631    0.96257  0.0398395
         0          0          0          1
T_world_lidar: 
  0.961907 -0.0300432   0.271721    6.10717
 0.0241135   0.999393  0.0251362  -0.227005
 -0.272311 -0.0176266   0.962048  0.0454902
         0          0          0          1
v_world_imu:    0.592355   0.0192137 -0.00761306
frame_158
id: 158
stamp: 1784010291.327884197
T_odom_lidar: 
  0.962577 -0.0300021   0.269344    6.15781
 0.0236046   0.999358  0.0269602  -0.227716
  -0.26998 -0.0195935   0.962667  0.0391536
         0          0          0          1
T_world_lidar: 
  0.961818 -0.0312362   0.271903    6.16613
 0.0249859   0.999339  0.0264202  -0.225544
 -0.272548 -0.0186177   0.961962  0.0452908
         0          0          0          1
v_world_imu:   0.590168  0.0144575 -0.0107407
frame_159
id: 159
stamp: 1784010291.427832127
T_odom_lidar: 
  0.962795 -0.0302713   0.268533    6.21706
 0.0240672   0.999363  0.0263661  -0.226221
  -0.26916 -0.0189223    0.96291  0.0383581
         0          0          0          1
T_world_lidar: 
  0.961829 -0.0314391   0.271837    6.22524
  0.025367   0.999345  0.0258234  -0.224064
 -0.272471  -0.017942   0.961997  0.0448797
         0          0          0          1
v_world_imu:    0.592457   0.0169437 0.000578222
frame_160
id: 160
stamp: 1784010291.527929068
T_odom_lidar: 
  0.963088  -0.030041   0.267505    6.27624
 0.0235107   0.999343  0.0275822   -0.22454
 -0.268158 -0.0202749   0.963162  0.0378252
         0          0          0          1
T_world_lidar: 
   0.96195  -0.030724   0.271494    6.28419
 0.0243647   0.999345  0.0267642  -0.222361
 -0.272138 -0.0191309   0.962068  0.0447595
         0          0          0          1
v_world_imu:    0.588298   0.0185627 -0.00395876
frame_161
id: 161
stamp: 1784010291.627876043
T_odom_lidar: 
   0.96348 -0.0295706   0.266144    6.33557
  0.023047   0.999353  0.0276021  -0.222873
 -0.266788 -0.0204603   0.963538   0.037074
         0          0          0          1
T_world_lidar: 
  0.962218 -0.0307655   0.270536    6.34317
 0.0243211   0.999336  0.0271418  -0.220697
 -0.271191 -0.0195366   0.962327  0.0444316
         0          0          0          1
v_world_imu:    0.59366  0.0149831 -0.0072632
frame_162
id: 162
stamp: 1784010291.727922201
T_odom_lidar: 
  0.963826 -0.0297367   0.264867    6.39541
 0.0233366   0.999355  0.0272783   -0.22128
 -0.265508 -0.0201104   0.963899  0.0370443
         0          0          0          1
T_world_lidar: 
  0.962486 -0.0305198   0.269608    6.40273
 0.0242416   0.999353  0.0265862  -0.219176
 -0.270245 -0.0190531   0.962603  0.0446451
         0          0          0          1
v_world_imu:     0.597814    0.0162317 -0.000754552
frame_163
id: 163
stamp: 1784010291.827907085
T_odom_lidar: 
  0.963855 -0.0303656   0.264692    6.45561
 0.0233733   0.999291   0.029527  -0.219377
 -0.265401  -0.022273   0.963881  0.0369075
         0          0          0          1
T_world_lidar: 
  0.962641 -0.0304368   0.269064    6.46237
 0.0236392   0.999315  0.0284688  -0.217362
 -0.269746 -0.0210448   0.962701  0.0446678
         0          0          0          1
v_world_imu:    0.595015   0.0137372 -0.00407258
frame_164
id: 164
stamp: 1784010291.928008080
T_odom_lidar: 
  0.963982 -0.0310517    0.26415    6.51622
 0.0239216   0.999259  0.0301672  -0.217836
 -0.264891 -0.0227617    0.96401  0.0361813
         0          0          0          1
T_world_lidar: 
  0.962853 -0.0309791   0.268243    6.52245
 0.0241211   0.999293  0.0288254  -0.215883
 -0.268946 -0.0212843    0.96292  0.0442949
         0          0          0          1
v_world_imu:    0.602621   0.0150847 -0.00122515
frame_165
id: 165
stamp: 1784010292.027665138
T_odom_lidar: 
  0.964558 -0.0299699   0.262164    6.57688
  0.023102   0.999305  0.0292408  -0.216146
 -0.262858 -0.0221479    0.96458  0.0358996
         0          0          0          1
T_world_lidar: 
  0.963433  -0.030435   0.266215     6.5825
 0.0237424   0.999317  0.0283229   -0.21429
 -0.266895 -0.0209667   0.963498   0.044223
         0          0          0          1
v_world_imu:    0.60473  0.0157164 0.00156758
frame_166
id: 166
stamp: 1784010292.127952099
T_odom_lidar: 
  0.964165 -0.0300578   0.263596    6.63824
 0.0226739   0.999262  0.0310105  -0.214368
 -0.264334 -0.0239225   0.964135  0.0358024
         0          0          0          1
T_world_lidar: 
  0.963322 -0.0299599   0.266671    6.64307
 0.0229292   0.999304    0.02944  -0.212527
 -0.267367 -0.0222456   0.963338   0.044418
         0          0          0          1
v_world_imu:    0.60408  0.0146861 0.00295142
frame_167
id: 167
stamp: 1784010292.227653980
T_odom_lidar: 
  0.964341 -0.0293962   0.263024    6.69957
 0.0222948   0.999303  0.0299437   -0.21326
 -0.263721 -0.0230118   0.964324  0.0352323
         0          0          0          1
T_world_lidar: 
  0.963517 -0.0287242   0.266101    6.70367
 0.0220005    0.99936  0.0282144  -0.211273
 -0.266741 -0.0213307   0.963532  0.0441951
         0          0          0          1
v_world_imu:   0.611245   0.014584 0.00360196
frame_168
id: 168
stamp: 1784010292.327733040
T_odom_lidar: 
  0.963645 -0.0278844   0.265728    6.76141
 0.0202198   0.999298  0.0315365  -0.211764
 -0.266421  -0.025017   0.963532  0.0345669
         0          0          0          1
T_world_lidar: 
  0.962988 -0.0274989   0.268138    6.76491
 0.0203269   0.999358  0.0294872  -0.209663
 -0.268777 -0.0229454   0.962929  0.0438081
         0          0          0          1
v_world_imu:    0.611374   0.0164241 -0.00576967
frame_169
id: 169
stamp: 1784010292.427781105
T_odom_lidar: 
  0.963397  -0.028163   0.266597    6.82292
 0.0201044   0.999256  0.0329091  -0.210315
 -0.267326 -0.0263448   0.963246  0.0344426
         0          0          0          1
T_world_lidar: 
  0.962877  -0.027475   0.268539     6.8259
 0.0199273   0.999327  0.0307921  -0.208234
 -0.269205 -0.0242977   0.962776   0.043858
         0          0          0          1
v_world_imu:    0.617241   0.0132002 -0.00715639
frame_170
id: 170
stamp: 1784010292.527728081
T_odom_lidar: 
  0.962897 -0.0268998   0.268527    6.88469
 0.0191636   0.999323  0.0313899  -0.209072
  -0.26919 -0.0250793   0.962761  0.0337817
         0          0          0          1
T_world_lidar: 
  0.962725 -0.0265708   0.269174    6.88719
 0.0192491    0.99937   0.029804  -0.206969
 -0.269797 -0.0235117    0.96263  0.0434997
         0          0          0          1
v_world_imu:   0.609852  0.0136729 -0.0010133
frame_171
id: 171
stamp: 1784010292.627923012
T_odom_lidar: 
  0.962804 -0.0252502   0.269019    6.94608
 0.0175597   0.999366  0.0309558  -0.207674
  -0.26963 -0.0250804   0.962637  0.0335174
         0          0          0          1
T_world_lidar: 
   0.96268 -0.0250442   0.269479     6.9481
  0.017732   0.999406   0.029535  -0.205561
 -0.270059 -0.0236543   0.962553  0.0434893
         0          0          0          1
v_world_imu:   0.605217  0.0162495 -0.0014488
frame_172
id: 172
stamp: 1784010292.727595091
T_odom_lidar: 
  0.962705 -0.0241687   0.269472    7.00679
 0.0166003   0.999402    0.03033  -0.206251
 -0.270044 -0.0247256    0.96253  0.0331202
         0          0          0          1
T_world_lidar: 
  0.962714 -0.0241075   0.269444    7.00833
 0.0169957   0.999444  0.0286963  -0.204204
 -0.269986  -0.023047   0.962588  0.0431843
         0          0          0          1
v_world_imu:    0.610651  0.00995222 -0.00823524
frame_173
id: 173
stamp: 1784010292.827758074
T_odom_lidar: 
  0.962354 -0.0234612   0.270783    7.06855
 0.0164492   0.999469  0.0281359  -0.204979
 -0.271299 -0.0226226   0.962229  0.0329774
         0          0          0          1
T_world_lidar: 
  0.962645 -0.0230615   0.269784    7.06961
 0.0164301   0.999505  0.0268131  -0.202942
 -0.270269 -0.0213789   0.962548  0.0431965
         0          0          0          1
v_world_imu:    0.604614   0.0164713 -0.00351998
frame_174
id: 174
stamp: 1784010292.927735090
T_odom_lidar: 
   0.96233 -0.0227932   0.270928    7.13023
 0.0153596   0.999446  0.0295268  -0.203261
 -0.271451 -0.0242531   0.962147  0.0327271
         0          0          0          1
T_world_lidar: 
  0.962688 -0.0222719   0.269696    7.13092
 0.0152738   0.999491  0.0280189  -0.201156
 -0.270183 -0.0228542   0.962538  0.0431213
         0          0          0          1
v_world_imu:    0.612249   0.0149902 -0.00450188
frame_175
id: 175
stamp: 1784010293.027832031
T_odom_lidar: 
  0.962132 -0.0221999   0.271679     7.1918
 0.0147954   0.999462  0.0292728  -0.201958
 -0.272183 -0.0241446   0.961943  0.0318099
         0          0          0          1
T_world_lidar: 
  0.962644 -0.0215731   0.269909    7.19224
 0.0146438    0.99951  0.0276604  -0.199805
 -0.270374 -0.0226746   0.962488  0.0424774
         0          0          0          1
v_world_imu:    0.616667    0.014266 -0.00760458
frame_176
id: 176
stamp: 1784010293.127859116
T_odom_lidar: 
  0.962487 -0.0201713   0.270578    7.25293
 0.0132554   0.999538  0.0273628  -0.200491
 -0.271005 -0.0227497   0.962309  0.0312833
         0          0          0          1
T_world_lidar: 
  0.963089 -0.0199715   0.268442    7.25328
 0.0135008   0.999573  0.0259294  -0.198365
 -0.268846 -0.0213481   0.962947  0.0421006
         0          0          0          1
v_world_imu:    0.603624   0.0141594 -0.00537147
frame_177
id: 177
stamp: 1784010293.227632999
T_odom_lidar: 
  0.962215 -0.0190361   0.271623    7.31333
 0.0119311   0.999543  0.0277851  -0.198681
 -0.272028 -0.0234944   0.962003  0.0311699
         0          0          0          1
T_world_lidar: 
  0.963047 -0.0190083   0.268662    7.31366
 0.0124409   0.999581  0.0261265  -0.196697
 -0.269046 -0.0218186    0.96288  0.0420241
         0          0          0          1
v_world_imu:    0.599928   0.0153646 -0.00047237
frame_178
id: 178
stamp: 1784010293.327783108
T_odom_lidar: 
  0.962381 -0.0176279   0.271132    7.37379
 0.0112983   0.999626  0.0248887  -0.197626
 -0.271469  -0.020889    0.96222  0.0305466
         0          0          0          1
T_world_lidar: 
  0.962869 -0.0178623   0.269377    7.37421
 0.0116592   0.999629  0.0246101   -0.19568
 -0.269717 -0.0205556    0.96272  0.0415009
         0          0          0          1
v_world_imu:   0.608337   0.010062 0.00221165
frame_179
id: 179
stamp: 1784010293.427836180
T_odom_lidar: 
  0.962548 -0.0163751   0.270616    7.43417
0.00950323   0.999599  0.0266845   -0.19646
 -0.270945 -0.0231134   0.962317  0.0295842
         0          0          0          1
T_world_lidar: 
  0.962487 -0.0165177   0.270826    7.43476
0.00965954   0.999599  0.0266367  -0.194344
 -0.271158 -0.0230214    0.96226   0.040678
         0          0          0          1
v_world_imu:   0.599686  0.0110323 0.00681979
frame_180
id: 180
stamp: 1784010293.527750969
T_odom_lidar: 
  0.962752 -0.0163201   0.269893    7.49453
0.00920389   0.999576  0.0276115  -0.195521
 -0.270229 -0.0240989   0.962494  0.0289624
         0          0          0          1
T_world_lidar: 
  0.962553 -0.0167377   0.270575    7.49516
0.00960053   0.999571  0.0276799  -0.193322
 -0.270922 -0.0240457   0.962301   0.040278
         0          0          0          1
v_world_imu:    0.604561  0.00834959 -0.00275284
frame_181
id: 181
stamp: 1784010293.627798080
T_odom_lidar: 
  0.963268 -0.0154944   0.268094    7.55496
0.00902575   0.999638  0.0253441  -0.194799
  -0.26839 -0.0219934   0.963059  0.0283955
         0          0          0          1
T_world_lidar: 
  0.962841 -0.0156884   0.269611    7.55567
0.00900995   0.999622  0.0259905  -0.192611
 -0.269917 -0.0225956   0.962618  0.0399433
         0          0          0          1
v_world_imu:    0.605563  0.00834875 -0.00205614
frame_182
id: 182
stamp: 1784010293.727799177
T_odom_lidar: 
  0.963526 -0.0145182   0.267219    7.61512
 0.0078145   0.999628  0.0261333  -0.193824
 -0.267499 -0.0230919   0.963281  0.0280214
         0          0          0          1
T_world_lidar: 
  0.962742 -0.0140647   0.270055    7.61608
0.00714331   0.999621  0.0265951  -0.191678
 -0.270327 -0.0236752   0.962477  0.0396234
         0          0          0          1
v_world_imu:    0.603082   0.0111508 -0.00472962
frame_183
id: 183
stamp: 1784010293.827980995
T_odom_lidar: 
  0.963612 -0.0129668   0.266989    7.67553
0.00665839   0.999677  0.0245199  -0.193186
 -0.267221 -0.0218499   0.963387  0.0273756
         0          0          0          1
T_world_lidar: 
  0.962651 -0.0128973   0.270436     7.6768
0.00626506   0.999658  0.0253732  -0.191036
 -0.270671 -0.0227312   0.962403  0.0390384
         0          0          0          1
v_world_imu:    0.609799  0.00568175 -0.00300133
frame_184
id: 184
stamp: 1784010293.927793980
T_odom_lidar: 
  0.963508 -0.0117093   0.267423    7.73641
0.00558148   0.999704  0.0236631  -0.192738
 -0.267621  -0.021307   0.963289  0.0269789
         0          0          0          1
T_world_lidar: 
  0.962482 -0.0113491   0.271107    7.73796
0.00489461   0.999689  0.0244723   -0.19057
 -0.271301 -0.0222272   0.962238  0.0387233
         0          0          0          1
v_world_imu:   0.616634  0.0091784 -0.0152996
frame_185
id: 185
stamp: 1784010294.027878046
T_odom_lidar: 
   0.96351 -0.0105785   0.267464    7.79784
0.00422926   0.999696  0.0243035   -0.19219
  -0.26764 -0.0222855   0.963261   0.026418
         0          0          0          1
T_world_lidar: 
  0.962338 -0.0103909   0.271657    7.79961
0.00380191   0.999686    0.02477  -0.190039
 -0.271829 -0.0228043   0.962075   0.038244
         0          0          0          1
v_world_imu:   0.616648  0.0024485 -0.0122204
frame_186
id: 186
stamp: 1784010294.127761126
T_odom_lidar: 
    0.96342 -0.00951532    0.267828     7.85976
  0.0036792    0.999745    0.022284   -0.192019
  -0.267972  -0.0204835    0.963209   0.0257419
          0           0           0           1
T_world_lidar: 
   0.962174 -0.00894643    0.272289     7.86174
 0.00281477    0.999734   0.0229013   -0.189868
  -0.272421  -0.0212686    0.961943   0.0375764
          0           0           0           1
v_world_imu:    0.621906  0.00242068 -0.00847747
frame_187
id: 187
stamp: 1784010294.227910042
T_odom_lidar: 
   0.963201 -0.00727636    0.268685      7.9219
 0.00175621    0.999783   0.0207797    -0.19184
  -0.268778  -0.0195432    0.963004   0.0254695
          0           0           0           1
T_world_lidar: 
   0.962018  -0.0066469    0.272907     7.92405
0.000973756    0.999781    0.020918   -0.189725
  -0.272986  -0.0198578    0.961813   0.0373075
          0           0           0           1
v_world_imu:   0.618156 0.00501736 0.00317955
frame_188
id: 188
stamp: 1784010294.327529192
T_odom_lidar: 
    0.963007  -0.00538524     0.269421      7.98313
-0.000356318     0.999774    0.0212573    -0.191473
   -0.269475   -0.0205669     0.962788    0.0253149
           0            0            0            1
T_world_lidar: 
    0.962075  -0.00507677     0.272738       7.9853
-0.000843706     0.999767    0.0215859    -0.189333
   -0.272784   -0.0209974     0.961846    0.0370871
           0            0            0            1
v_world_imu:    0.618604  -0.0038368 -0.00901449
frame_189
id: 189
stamp: 1784010294.427700996
T_odom_lidar: 
    0.963147  -0.00446775     0.268938      8.04514
-0.000813569     0.999809    0.0195231    -0.191854
   -0.268974   -0.0190224      0.96296    0.0253165
           0            0            0            1
T_world_lidar: 
   0.962297 -0.00303988    0.271984      8.0473
-0.00226139    0.999814   0.0191756    -0.18966
  -0.271991  -0.0190677    0.962111   0.0369706
          0           0           0           1
v_world_imu:    0.617706 -0.00293798  0.00291333
frame_190
id: 190
stamp: 1784010294.527839184
T_odom_lidar: 
   0.962757 -0.00269827    0.270356     8.10732
-0.00306813    0.999777    0.020904   -0.191836
  -0.270352   -0.020955    0.962533    0.025165
          0           0           0           1
T_world_lidar: 
   0.962292 -0.00135402    0.272016     8.10944
-0.00434396    0.999784   0.0203439   -0.189596
  -0.271985  -0.0207584    0.962078   0.0368074
          0           0           0           1
v_world_imu:    0.621446 -0.00190053   0.0127472
frame_191
id: 191
stamp: 1784010294.627851009
T_odom_lidar: 
   0.962991 -0.00211918    0.269524      8.1695
-0.00369726    0.999771   0.0210709   -0.192219
  -0.269507  -0.0212876    0.962763   0.0247784
          0           0           0           1
T_world_lidar: 
    0.962749 -0.000735358     0.270397      8.17147
 -0.00495612      0.99978    0.0203652    -0.190014
   -0.270353   -0.0209467     0.962533    0.0365287
           0            0            0            1
v_world_imu:    0.620937 -0.00666307 -0.00109841
frame_192
id: 192
stamp: 1784010294.727848053
T_odom_lidar: 
   0.963463 -0.00078401     0.26784     8.23174
-0.00463084    0.999797   0.0195844   -0.192817
  -0.267801  -0.0201092    0.963264   0.0246501
          0           0           0           1
T_world_lidar: 
   0.963341 0.000825387    0.268277     8.23354
-0.00612372    0.999802   0.0189133   -0.190592
  -0.268209  -0.0198628    0.963156   0.0364427
          0           0           0           1
v_world_imu:    0.619803 -0.00640442 -0.00318103
frame_193
id: 193
stamp: 1784010294.827797174
T_odom_lidar: 
   0.963337 0.000781501    0.268293     8.29367
-0.00647227    0.999772   0.0203272   -0.193262
  -0.268216  -0.0213184    0.963123   0.0245539
          0           0           0           1
T_world_lidar: 
  0.963485 0.00237729   0.267751    8.29543
-0.0077311   0.999791   0.018943  -0.190894
  -0.26765 -0.0203213   0.963302  0.0364359
         0          0          0          1
v_world_imu:     0.618762 -0.000192367   0.00323939
frame_194
id: 194
stamp: 1784010294.927512169
T_odom_lidar: 
   0.963658  0.00179416    0.267133     8.35541
-0.00700082    0.999804   0.0185398    -0.19401
  -0.267047  -0.0197361    0.963481   0.0241117
          0           0           0           1
T_world_lidar: 
   0.963872   0.0035812     0.26634     8.35727
-0.00850465    0.999814   0.0173345   -0.191449
  -0.266228  -0.0189734    0.963723   0.0362127
          0           0           0           1
v_world_imu:    0.621033 -0.00782399  0.00276638
frame_195
id: 195
stamp: 1784010295.027493000
T_odom_lidar: 
   0.963727  0.00349545    0.266867     8.41673
-0.00909277    0.999764   0.0197414   -0.194655
  -0.266734  -0.0214519    0.963531   0.0240327
          0           0           0           1
T_world_lidar: 
  0.964185 0.00509681   0.265182    8.41883
-0.0100988   0.999796  0.0175024  -0.191912
 -0.265038 -0.0195535    0.96404  0.0361675
         0          0          0          1
v_world_imu:     0.616379 -0.000270504   -0.0121478
frame_196
id: 196
stamp: 1784010295.127789021
T_odom_lidar: 
   0.963883  0.00403562    0.266295     8.47752
-0.00973754    0.999751   0.0200952   -0.195373
  -0.266147  -0.0219625    0.963682   0.0240253
          0           0           0           1
T_world_lidar: 
  0.964523 0.00573095   0.263935       8.48
-0.0106699   0.999794  0.0172831  -0.192381
 -0.263782 -0.0194862   0.964386  0.0361488
         0          0          0          1
v_world_imu:   0.608143 -0.0062332 -0.0128315
frame_197
id: 197
stamp: 1784010295.227651119
T_odom_lidar: 
   0.964249  0.00460006    0.264958       8.538
-0.00998837     0.99977   0.0189927   -0.196222
   -0.26481  -0.0209602    0.964073   0.0238301
          0           0           0           1
T_world_lidar: 
   0.96479 0.00703779   0.262925    8.54092
 -0.011444   0.999819  0.0152306  -0.193088
 -0.262771 -0.0177033   0.964696  0.0359119
         0          0          0          1
v_world_imu:    0.608511 -0.00418667  0.00097077
frame_198
id: 198
stamp: 1784010295.327432156
T_odom_lidar: 
  0.964134 0.00737422   0.265313    8.59806
-0.0123719   0.999776  0.0171707  -0.197007
 -0.265127 -0.0198373    0.96401  0.0240945
         0          0          0          1
T_world_lidar: 
  0.965065 0.00943981    0.26184    8.60135
-0.0131317   0.999837  0.0123536  -0.193882
 -0.261681 -0.0153604   0.965032  0.0360565
         0          0          0          1
v_world_imu:     0.60093 -0.00658485  0.00798253
frame_199
id: 199
stamp: 1784010295.427764177
T_odom_lidar: 
  0.964568 0.00917783   0.263676    8.65787
-0.0143832   0.999738  0.0178178  -0.197505
 -0.263444  -0.020979   0.964447  0.0244753
         0          0          0          1
T_world_lidar: 
  0.965026  0.0110365   0.261922    8.66152
-0.0154378   0.999772   0.014752  -0.194351
   -0.2617 -0.0182796   0.964976  0.0364825
         0          0          0          1
v_world_imu:    0.597135  -0.0107813 -0.00800275
frame_200
id: 200
stamp: 1784010295.527651072
T_odom_lidar: 
  0.964713  0.0103726   0.263099    8.71771
  -0.01498   0.999767   0.015512  -0.198618
 -0.262877 -0.0189059   0.964644  0.0245793
         0          0          0          1
T_world_lidar: 
   0.96481   0.012762    0.26264    8.72144
-0.0166646   0.999781  0.0126367  -0.195568
 -0.262421 -0.0165688   0.964811  0.0365313
         0          0          0          1
v_world_imu:   0.600245 -0.0051397 0.00584439
frame_201
id: 201
stamp: 1784010295.627559185
T_odom_lidar: 
  0.964432  0.0113483   0.264086    8.77778
-0.0164191   0.999721  0.0170022  -0.198697
  -0.26382 -0.0207335   0.964349  0.0245862
         0          0          0          1
T_world_lidar: 
    0.9643  0.0128879   0.264498    8.78138
-0.0173764   0.999742  0.0146371  -0.195841
 -0.264241 -0.0187106   0.964275  0.0365323
         0          0          0          1
v_world_imu:   0.595199 -0.0071919  0.0114421
frame_202
id: 202
stamp: 1784010295.727555990
T_odom_lidar: 
   0.96473  0.0103483   0.263038    8.83784
-0.0155575   0.999722  0.0177289  -0.198991
 -0.262782 -0.0211958   0.964623  0.0246144
         0          0          0          1
T_world_lidar: 
  0.964342  0.0115158   0.264408    8.84127
-0.0163772   0.999735  0.0161889  -0.196248
 -0.264151 -0.0199419   0.964275  0.0365563
         0          0          0          1
v_world_imu:    0.601975 -0.00591592  0.00301835
frame_203
id: 203
stamp: 1784010295.827509165
T_odom_lidar: 
  0.965114  0.0119562   0.261555    8.89835
-0.0165038   0.999748  0.0151969  -0.199288
 -0.261308 -0.0189834   0.965069  0.0247308
         0          0          0          1
T_world_lidar: 
  0.964677   0.011089     0.2632     8.9016
-0.0154337   0.999777  0.0144451  -0.196778
 -0.262981  -0.017997   0.964633  0.0365789
         0          0          0          1
v_world_imu:    0.603764 -0.00331929 -0.00216641
frame_204
id: 204
stamp: 1784010295.927355051
T_odom_lidar: 
  0.965187  0.0103497   0.261355     8.9593
-0.0152287   0.999745  0.0166497   -0.19932
 -0.261116 -0.0200502   0.965099  0.0248198
         0          0          0          1
T_world_lidar: 
  0.964651  0.0108455   0.263308    8.96219
-0.0153481   0.999769  0.0150492  -0.197022
 -0.263084 -0.0185585   0.964595  0.0367111
         0          0          0          1
v_world_imu:     0.605988 -0.000750403   0.00540718
frame_205
id: 205
stamp: 1784010296.027529001
T_odom_lidar: 
  0.965401  0.0102051   0.260568    9.02065
-0.0146756   0.999777  0.0152165  -0.199639
 -0.260355  -0.018514   0.965335  0.0245719
         0          0          0          1
T_world_lidar: 
  0.964952 0.00990535   0.262238    9.02324
-0.0140929   0.999801  0.0140924  -0.197497
 -0.262046 -0.0172942     0.9649  0.0365996
         0          0          0          1
v_world_imu:    0.614208 -0.00628516  0.00218945
frame_206
id: 206
stamp: 1784010296.127501011
T_odom_lidar: 
  0.965492 0.00969984   0.260251    9.08239
-0.0146539   0.999746   0.017102  -0.199918
 -0.260019 -0.0203255    0.96539  0.0246387
         0          0          0          1
T_world_lidar: 
  0.965326 0.00932323   0.260881    9.08478
-0.0137022   0.999794  0.0149715  -0.197886
 -0.260688  -0.018027   0.965255  0.0367894
         0          0          0          1
v_world_imu:    0.624556 -0.00045005  -0.0086298
frame_207
id: 207
stamp: 1784010296.227509022
T_odom_lidar: 
  0.965837 0.00837327   0.259015    9.14474
-0.0135317   0.999744   0.018139  -0.200052
 -0.258796 -0.0210242   0.965703  0.0247218
         0          0          0          1
T_world_lidar: 
  0.965689  0.0077605   0.259586    9.14704
-0.0125865   0.999777   0.016934  -0.197999
 -0.259397 -0.0196203   0.965571  0.0371141
         0          0          0          1
v_world_imu:    0.622516 5.80667e-05  -0.0086838
frame_208
id: 208
stamp: 1784010296.327512026
T_odom_lidar: 
  0.965908 0.00739279   0.258781    9.20731
-0.0122762   0.999776  0.0172599   -0.20026
 -0.258596 -0.0198483   0.965782  0.0246085
         0          0          0          1
T_world_lidar: 
  0.965653 0.00631823   0.259757    9.20959
-0.0109554   0.999805  0.0164082  -0.198187
 -0.259603 -0.0186904   0.965535  0.0370906
         0          0          0          1
v_world_imu:    0.627571 -0.00144785 0.000649302
frame_209
id: 209
stamp: 1784010296.427608013
T_odom_lidar: 
  0.965609 0.00722905   0.259897    9.26981
-0.0119933   0.999788    0.01675  -0.200527
 -0.259721  -0.019291   0.965491  0.0248539
         0          0          0          1
T_world_lidar: 
  0.965568     0.0057   0.260087    9.27212
-0.0100825   0.999829  0.0155191  -0.198349
 -0.259954 -0.0176071    0.96546  0.0373614
         0          0          0          1
v_world_imu:    0.621725 -0.00103318  0.00765333
frame_210
id: 210
stamp: 1784010296.527667046
T_odom_lidar: 
  0.965581 0.00606778   0.260032    9.33205
-0.0109523    0.99979  0.0173393  -0.200364
 -0.259872 -0.0195905   0.965444  0.0249997
         0          0          0          1
T_world_lidar: 
    0.96536   0.0041338    0.260887     9.33433
-0.00898347    0.999808   0.0173994   -0.198046
  -0.260765  -0.0191403    0.965213    0.037673
          0           0           0           1
v_world_imu:     0.623035 -0.000994012  -0.00655637
frame_211
id: 211
stamp: 1784010296.627721071
T_odom_lidar: 
  0.965077 0.00397243   0.261937    9.39484
-0.0087041   0.999819  0.0169064  -0.200397
 -0.261822 -0.0185959   0.964937  0.0248921
         0          0          0          1
T_world_lidar: 
   0.965121  0.00227381    0.261794      9.3969
-0.00655987    0.999858   0.0154991   -0.198153
  -0.261722  -0.0166759    0.964999   0.0376916
          0           0           0           1
v_world_imu:    0.62712 0.00302919 0.00400593
frame_212
id: 212
stamp: 1784010296.727519035
T_odom_lidar: 
    0.96431   0.0016487    0.264772     9.45762
-0.00697556    0.999792   0.0191797   -0.199597
  -0.264685  -0.0203421     0.96412   0.0247232
          0           0           0           1
T_world_lidar: 
   0.964342 6.69757e-07    0.264658     9.45954
   -0.00487    0.999831   0.0177424     -0.1974
  -0.264613  -0.0183987    0.964179   0.0375033
          0           0           0           1
v_world_imu:   0.622232 0.00417987 0.00827909
frame_213
id: 213
stamp: 1784010296.827582121
T_odom_lidar: 
   0.964054 -0.00130857    0.265702     9.52031
-0.00408876    0.999796   0.0197593   -0.198894
  -0.265673  -0.0201355    0.963853   0.0243963
          0           0           0           1
T_world_lidar: 
    0.96393 -0.00321395    0.266135     9.52216
-0.00195806    0.999814   0.0191662   -0.196755
  -0.266147   -0.018996    0.963745   0.0372255
          0           0           0           1
v_world_imu:    0.625305  0.00435008 -0.00130429
frame_214
id: 214
stamp: 1784010296.927601099
T_odom_lidar: 
   0.963939 -0.00340707    0.266103      9.5828
-0.00178928    0.999812   0.0192827   -0.198133
  -0.266119  -0.0190635    0.963752   0.0240617
          0           0           0           1
T_world_lidar: 
   0.963857 -0.00526071    0.266366      9.5846
0.000499522    0.999839   0.0179392   -0.196055
  -0.266418  -0.0171577    0.963705   0.0370359
          0           0           0           1
v_world_imu:     0.62296  0.00973994 -0.00345127
frame_215
id: 215
stamp: 1784010297.027734995
T_odom_lidar: 
   0.963515 -0.00645354    0.267576     9.64484
 0.00101614     0.99979   0.0204544    -0.19689
  -0.267652  -0.0194363     0.96332   0.0240535
          0           0           0           1
T_world_lidar: 
  0.963404 -0.0079819   0.267935    9.64672
0.00293231   0.999811  0.0192412  -0.194775
 -0.268038 -0.0177514   0.963245  0.0371932
         0          0          0          1
v_world_imu:   0.615013  0.0164318 0.00643312
frame_216
id: 216
stamp: 1784010297.127655983
T_odom_lidar: 
   0.963842 -0.00969502    0.266297     9.70658
 0.00467029    0.999799   0.0194957   -0.195809
  -0.266433  -0.0175471    0.963694   0.0240339
          0           0           0           1
T_world_lidar: 
  0.963388 -0.0110254   0.267884    9.70871
0.00638498   0.999814  0.0181876  -0.193613
 -0.268034 -0.0158112    0.96328  0.0372309
         0          0          0          1
v_world_imu:   0.618599  0.0125674 0.00459754
frame_217
id: 217
stamp: 1784010297.227741003
T_odom_lidar: 
  0.963766 -0.0130149   0.266433    9.76875
0.00735437   0.999726  0.0222322  -0.194132
 -0.266649 -0.0194672   0.963597  0.0240417
         0          0          0          1
T_world_lidar: 
  0.963393 -0.0139649   0.267731    9.77097
0.00891986   0.999759  0.0200507  -0.191834
 -0.267946 -0.0169286   0.963285  0.0373076
         0          0          0          1
v_world_imu:    0.622687   0.0218552 -0.00142973
frame_218
id: 218
stamp: 1784010297.327654123
T_odom_lidar: 
  0.963848 -0.0174156   0.265882    9.83022
 0.0114151   0.999644  0.0240971  -0.192032
 -0.266208 -0.0201909   0.963704  0.0238622
         0          0          0          1
T_world_lidar: 
  0.963669 -0.0188474   0.266434    9.83232
 0.0133672    0.99966  0.0223675   -0.18964
 -0.266765 -0.0179934   0.963594  0.0372851
         0          0          0          1
v_world_imu:  0.606777 0.0252754 -0.007899
frame_219
id: 219
stamp: 1784010297.427636147
T_odom_lidar: 
  0.964677 -0.0213015   0.262573    9.89039
 0.0156483   0.999599  0.0236025   -0.18951
  -0.26297   -0.01866   0.964623  0.0234077
         0          0          0          1
T_world_lidar: 
  0.964136 -0.0233486    0.26438    9.89255
 0.0182088   0.999595  0.0218751  -0.187029
 -0.264783 -0.0162766   0.964171  0.0367569
         0          0          0          1
v_world_imu:   0.600733  0.0294038 0.00301224
frame_220
id: 220
stamp: 1784010297.527757168
T_odom_lidar: 
  0.964554  -0.024216   0.262771    9.94965
 0.0182343   0.999517  0.0251792  -0.186687
 -0.263254 -0.0194952    0.96453  0.0233911
         0          0          0          1
T_world_lidar: 
  0.964546 -0.0264665   0.262584    9.95203
 0.0214451   0.999529   0.021971  -0.184023
 -0.263042 -0.0155609   0.964659  0.0366768
         0          0          0          1
v_world_imu:     0.59273   0.0317127 -0.00164182
frame_221
id: 221
stamp: 1784010297.627508163
T_odom_lidar: 
  0.964588  -0.028718   0.262192     10.008
 0.0229148   0.999421  0.0251647  -0.183399
 -0.262763 -0.0182655   0.964688  0.0228641
         0          0          0          1
T_world_lidar: 
  0.964819 -0.0310683   0.261072    10.0109
 0.0259901     0.9994  0.0228822  -0.180509
 -0.261626 -0.0152919   0.965048  0.0362552
         0          0          0          1
v_world_imu:   0.590264   0.032815 -0.0105073
frame_222
id: 222
stamp: 1784010297.727670193
T_odom_lidar: 
  0.964177 -0.0332299   0.263171    10.0667
 0.0268443   0.999252  0.0278236  -0.179932
 -0.263899 -0.0197623   0.964348  0.0229177
         0          0          0          1
T_world_lidar: 
  0.964883 -0.0356356   0.260251    10.0701
 0.0310932   0.999284  0.0215514  -0.177125
 -0.260833 -0.0127026     0.9653  0.0360901
         0          0          0          1
v_world_imu:     0.588405    0.0384328 -0.000860738
frame_223
id: 223
stamp: 1784010297.827632189
T_odom_lidar: 
  0.963973   -0.03993   0.262986    10.1254
 0.0331838   0.998998  0.0300462  -0.176012
 -0.263922 -0.0202368   0.964332  0.0227248
         0          0          0          1
T_world_lidar: 
  0.964858 -0.0411501   0.259531    10.1292
 0.0364166   0.999071  0.0230224  -0.172976
 -0.260237 -0.0127621    0.96546  0.0357438
         0          0          0          1
v_world_imu:     0.590628    0.0387577 -6.53627e-05
frame_224
id: 224
stamp: 1784010297.927380085
T_odom_lidar: 
  0.963687  -0.046559   0.262943    10.1847
 0.0395769   0.998711  0.0317909  -0.171669
 -0.264084 -0.0202301   0.964288  0.0218826
         0          0          0          1
T_world_lidar: 
  0.964226 -0.0485261   0.260602    10.1885
 0.0429057   0.998708   0.027216  -0.168396
 -0.261586 -0.0150611   0.965063  0.0351478
         0          0          0          1
v_world_imu:    0.591789   0.0465482 -0.00367755
frame_225
id: 225
stamp: 1784010298.027662992
T_odom_lidar: 
  0.963319 -0.0530823   0.263058    10.2449
 0.0460802   0.998402  0.0327211  -0.166686
 -0.264374 -0.0193991   0.964225  0.0214185
         0          0          0          1
T_world_lidar: 
  0.964022 -0.0550642   0.260058    10.2481
 0.0490125   0.998356  0.0297035  -0.163421
 -0.261266 -0.0158887   0.965136  0.0348654
         0          0          0          1
v_world_imu:    0.594528     0.05162 -0.00679579
frame_226
id: 226
stamp: 1784010298.127506971
T_odom_lidar: 
  0.962427 -0.0613036    0.26453    10.3046
 0.0535036   0.997897  0.0365983  -0.160705
 -0.266217 -0.0210698   0.963683  0.0210881
         0          0          0          1
T_world_lidar: 
  0.963414 -0.0619557    0.26076    10.3071
 0.0549996   0.997911  0.0338964  -0.157677
 -0.262315 -0.0183146   0.964808  0.0347817
         0          0          0          1
v_world_imu:     0.585211    0.0595191 -0.000685722
frame_227
id: 227
stamp: 1784010298.227558136
T_odom_lidar: 
  0.962171 -0.0698991   0.263326    10.3645
  0.062095   0.997352  0.0378544  -0.154191
 -0.265275 -0.0200712   0.963964  0.0203399
         0          0          0          1
T_world_lidar: 
   0.96294 -0.0702519   0.260405    10.3661
 0.0629447   0.997356   0.036306  -0.151507
 -0.262268 -0.0185693   0.964817  0.0342975
         0          0          0          1
v_world_imu:   0.587734  0.0649552 0.00409522
frame_228
id: 228
stamp: 1784010298.327502012
T_odom_lidar: 
  0.961516 -0.0780691   0.263424    10.4239
 0.0692382   0.996688  0.0426572  -0.146853
 -0.265881 -0.0227766   0.963737  0.0196077
         0          0          0          1
T_world_lidar: 
  0.962385 -0.0779816   0.260256    10.4246
 0.0698371    0.99674  0.0404108  -0.144734
 -0.262559 -0.0207153   0.964694  0.0338499
         0          0          0          1
v_world_imu:   0.579871  0.0723283 -0.0175196
frame_229
id: 229
stamp: 1784010298.427695036
T_odom_lidar: 
  0.960425  -0.087182   0.264543    10.4821
 0.0779233   0.995929  0.0453145  -0.139396
 -0.267416 -0.0229072   0.963309  0.0190456
         0          0          0          1
T_world_lidar: 
  0.961614  -0.087367   0.260127    10.4821
 0.0785673   0.995935  0.0440571  -0.137678
 -0.262919 -0.0219284   0.964569  0.0336311
         0          0          0          1
v_world_imu:    0.568313   0.0699558 -0.00783386
frame_230
id: 230
stamp: 1784010298.527543068
T_odom_lidar: 
  0.960152 -0.0953528   0.262709    10.5378
 0.0861025   0.995199   0.046529  -0.132285
 -0.265885  -0.022055   0.963752  0.0184921
         0          0          0          1
T_world_lidar: 
  0.960508 -0.0964052   0.261018    10.5386
 0.0872131   0.995099  0.0466018  -0.130293
 -0.264231 -0.0219972   0.964208  0.0331951
         0          0          0          1
v_world_imu:     0.558307     0.074861 -0.000412156
frame_231
id: 231
stamp: 1784010298.627582073
T_odom_lidar: 
 0.959478 -0.103614  0.262041   10.5911
0.0939702  0.994363 0.0491059 -0.125474
-0.265652 -0.022492  0.963807  0.018137
        0         0         0         1
T_world_lidar: 
  0.959325  -0.104631   0.262199    10.5942
 0.0949593   0.994258  0.0493282  -0.122451
 -0.265855 -0.0224235   0.963752   0.033072
         0          0          0          1
v_world_imu:    0.546293   0.0815062 -0.00171279
frame_232
id: 232
stamp: 1784010298.727334976
T_odom_lidar: 
 0.958287 -0.112743  0.262629   10.6441
 0.102642  0.993363 0.0519163 -0.117019
-0.266739 -0.022794  0.963499 0.0177764
        0         0         0         1
T_world_lidar: 
  0.957552  -0.114287   0.264638    10.6493
  0.104056    0.99319  0.0524075  -0.113793
 -0.268826 -0.0226457   0.962923  0.0326629
         0          0          0          1
v_world_imu:    0.553569   0.0901545 -0.00746347
frame_233
id: 233
stamp: 1784010298.827226162
T_odom_lidar: 
  0.957018  -0.121996   0.263122    10.6993
  0.111436   0.992262  0.0547464  -0.107359
 -0.267765 -0.0230719   0.963208  0.0173532
         0          0          0          1
T_world_lidar: 
 0.955915   -0.1245  0.265942   10.7055
 0.113749  0.991957 0.0555171 -0.104071
-0.270715 -0.022819  0.962389 0.0323744
        0         0         0         1
v_world_imu:    0.561655   0.0971975 0.000222279
frame_234
id: 234
stamp: 1784010298.927249193
T_odom_lidar: 
  0.955829  -0.131493    0.26287    10.7564
  0.120118   0.991007  0.0589561 -0.0964368
 -0.268258 -0.0247764   0.963028  0.0167825
         0          0          0          1
T_world_lidar: 
  0.954318  -0.134553   0.266782    10.7627
  0.122896   0.990604  0.0600013 -0.0931639
 -0.272349 -0.0244739   0.961887   0.032015
         0          0          0          1
v_world_imu:    0.575147    0.117432 0.000720968
frame_235
id: 235
stamp: 1784010299.027508020
T_odom_lidar: 
   0.95359  -0.144546   0.264145    10.8147
   0.13284   0.989212   0.061752 -0.0843801
 -0.270221  -0.023797   0.962504  0.0159142
         0          0          0          1
T_world_lidar: 
  0.952003   -0.14803   0.267912    10.8208
  0.136014   0.988703  0.0629749 -0.0810798
 -0.274208 -0.0235125   0.961383  0.0313125
         0          0          0          1
v_world_imu:    0.579225    0.130809 -0.00393732
frame_236
id: 236
stamp: 1784010299.127434969
T_odom_lidar: 
  0.951512  -0.158656   0.263539    10.8733
  0.146627   0.987065  0.0648341 -0.0708481
 -0.270416 -0.0230486   0.962468  0.0153168
         0          0          0          1
T_world_lidar: 
  0.950176  -0.161474   0.266631     10.879
  0.149399   0.986631  0.0651063 -0.0675425
 -0.273579 -0.0220279   0.961597  0.0308953
         0          0          0          1
v_world_imu:    0.577633    0.142159 3.64067e-05
frame_237
id: 237
stamp: 1784010299.227353096
T_odom_lidar: 
  0.949117  -0.173685   0.262697    10.9316
  0.161051   0.984527  0.0690572 -0.0560561
 -0.270627 -0.0232357   0.962404  0.0146742
         0          0          0          1
T_world_lidar: 
  0.948094  -0.175704   0.265038     10.937
  0.163169   0.984198  0.0687768 -0.0525876
 -0.272934  -0.021961   0.961782  0.0305878
         0          0          0          1
v_world_imu:   0.578745   0.158101 -0.0127417
frame_238
id: 238
stamp: 1784010299.327681065
T_odom_lidar: 
  0.945967  -0.191911   0.261376      10.99
  0.179176   0.981183  0.0719492 -0.0392939
 -0.270265 -0.0212294   0.962552  0.0133637
         0          0          0          1
T_world_lidar: 
  0.945171  -0.194043   0.262677    10.9954
  0.181571   0.980797   0.071192 -0.0356334
 -0.271447 -0.0195939   0.962254  0.0296936
         0          0          0          1
v_world_imu:    0.579025    0.184114 -0.00527374
frame_239
id: 239
stamp: 1784010299.427396059
T_odom_lidar: 
  0.942168  -0.209999    0.26119    11.0482
  0.197214   0.977522   0.074545   -0.02122
 -0.270973 -0.0187236   0.962405  0.0121986
         0          0          0          1
T_world_lidar: 
  0.941611  -0.212168   0.261445    11.0539
  0.199907   0.977095  0.0729557 -0.0173223
 -0.270935 -0.0164313   0.962457  0.0290269
         0          0          0          1
v_world_imu:    0.578584    0.196775 -0.00506931
frame_240
id: 240
stamp: 1784010299.527237177
T_odom_lidar: 
   0.937146   -0.231672    0.260932     11.1064
   0.218301    0.972635   0.0795349 -0.00132422
  -0.272218  -0.0175742    0.962075   0.0112841
          0           0           0           1
T_world_lidar: 
  0.937121  -0.233323   0.259547    11.1119
   0.22088   0.972293  0.0765464 0.00302119
 -0.270216 -0.0144044   0.962692  0.0283189
         0          0          0          1
v_world_imu:   0.574387    0.21313 -0.0126143
frame_241
id: 241
stamp: 1784010299.627456188
T_odom_lidar: 
  0.931421  -0.255695   0.258988    11.1637
  0.241676   0.966613  0.0851628  0.0209324
 -0.272117 -0.0167314   0.962119  0.0101732
         0          0          0          1
T_world_lidar: 
  0.931898  -0.257356   0.255606    11.1692
  0.244765   0.966237  0.0804789  0.0257754
 -0.267688 -0.0124347   0.963425  0.0274724
         0          0          0          1
v_world_imu:    0.560439    0.231428 -0.00935672
frame_242
id: 242
stamp: 1784010299.727270126
T_odom_lidar: 
  0.925997  -0.277993   0.255439    11.2192
  0.262902   0.960411  0.0921593  0.0444398
 -0.270946 -0.0181838   0.962423 0.00977585
         0          0          0          1
T_world_lidar: 
  0.926777  -0.279744   0.250653    11.2248
  0.266809   0.960002   0.084906  0.0497792
 -0.264379 -0.0118125   0.964346  0.0273726
         0          0          0          1
v_world_imu:    0.546009    0.241879 -0.00190007
frame_243
id: 243
stamp: 1784010299.827444077
T_odom_lidar: 
  0.918941  -0.301132   0.254688    11.2742
  0.285943   0.953464  0.0956235  0.0688696
 -0.271631 -0.0150461   0.962284  0.0086877
         0          0          0          1
T_world_lidar: 
  0.919638  -0.302587   0.250412      11.28
  0.289007   0.953062  0.0902599   0.074668
  -0.26597 -0.0106356   0.963923  0.0267314
         0          0          0          1
v_world_imu:   0.542576   0.257131 0.00253133
frame_244
id: 244
stamp: 1784010299.927201033
T_odom_lidar: 
  0.911377  -0.325069   0.252431    11.3281
  0.309288   0.945587   0.101028  0.0956636
 -0.271536 -0.0140006   0.962326 0.00775772
         0          0          0          1
T_world_lidar: 
  0.911847   -0.32693   0.248299    11.3341
  0.312187   0.944977  0.0977616    0.10151
 -0.266598 -0.0116278   0.963738  0.0263244
         0          0          0          1
v_world_imu:    0.528771    0.274474 -0.00467992
frame_245
id: 245
stamp: 1784010300.027297974
T_odom_lidar: 
  0.903332  -0.350103   0.247829    11.3807
  0.333581   0.936604   0.107228   0.124014
 -0.269659 -0.0141912   0.962851 0.00687987
         0          0          0          1
T_world_lidar: 
  0.903239  -0.352766   0.244365     11.387
  0.336921   0.935624   0.105317   0.129963
 -0.265786 -0.0127947   0.963947   0.025996
         0          0          0          1
v_world_imu:   0.521937   0.292918 -0.0136502
frame_246
id: 246
stamp: 1784010300.127305031
T_odom_lidar: 
  0.891773  -0.378132   0.248511     11.433
  0.360831   0.925678   0.113673   0.153734
 -0.273025 -0.0117004   0.961936 0.00553568
         0          0          0          1
T_world_lidar: 
  0.891746  -0.380588   0.244829    11.4395
    0.3639   0.924682   0.111981   0.160089
 -0.269008 -0.0107654   0.963078  0.0250486
         0          0          0          1
v_world_imu:   0.507148   0.310529 -0.0135526
frame_247
id: 247
stamp: 1784010300.227334976
T_odom_lidar: 
  0.879654  -0.407578    0.24513    11.4838
  0.388878   0.913083   0.122687   0.185917
 -0.273828 -0.0125965   0.961696 0.00440271
         0          0          0          1
T_world_lidar: 
  0.879587  -0.409991   0.241318    11.4904
  0.391815   0.912008   0.121332   0.192773
 -0.269829 -0.0121704   0.962831  0.0244585
         0          0          0          1
v_world_imu:     0.49274    0.332076 -0.00543468
frame_248
id: 248
stamp: 1784010300.327180147
T_odom_lidar: 
   0.865184   -0.438605     0.24307     11.5332
   0.419417    0.898631    0.128651    0.219705
  -0.274857 -0.00935904    0.961439   0.0028649
          0           0           0           1
T_world_lidar: 
   0.865015   -0.441111    0.239102     11.5397
   0.422325    0.897402    0.127714    0.227088
  -0.270907 -0.00949609    0.962559    0.023567
          0           0           0           1
v_world_imu:   0.482185   0.353012 -0.0110456
frame_249
id: 249
stamp: 1784010300.427170038
T_odom_lidar: 
   0.848247   -0.471217    0.241725     11.5816
   0.450767    0.881984    0.137529    0.256085
  -0.278003 -0.00769751    0.960549  0.00136002
          0           0           0           1
T_world_lidar: 
   0.848091   -0.473737    0.237307     11.5878
   0.453615    0.880626    0.136862    0.264143
  -0.273815 -0.00842531    0.961745   0.0227813
          0           0           0           1
v_world_imu:    0.461128    0.376842 -0.00511897
frame_250
id: 250
stamp: 1784010300.527145147
T_odom_lidar: 
    0.829612      -0.5056     0.236882      11.6279
    0.483841     0.862738     0.146908     0.295118
   -0.278643  -0.00726356     0.960367 -4.83995e-05
           0            0            0            1
T_world_lidar: 
  0.829766  -0.507757   0.231672    11.6337
  0.486286   0.861456   0.146356   0.303786
 -0.273889 -0.0087824   0.961721  0.0219001
         0          0          0          1
v_world_imu:    0.450906    0.398234 -0.00933758
frame_251
id: 251
stamp: 1784010300.627251148
T_odom_lidar: 
   0.807659   -0.540718    0.235181     11.6732
   0.517849    0.841195    0.155642    0.336427
  -0.281991 -0.00391758    0.959409  -0.0020605
          0           0           0           1
T_world_lidar: 
   0.808194   -0.542522    0.229113     11.6788
   0.519966     0.84002    0.154929    0.345522
  -0.276511 -0.00608163    0.960991   0.0204641
          0           0           0           1
v_world_imu:   0.430412   0.427595 -0.0169258
frame_252
id: 252
stamp: 1784010300.727138042
T_odom_lidar: 
   0.785032   -0.574935    0.230595     11.7159
   0.550883    0.818197    0.164567     0.37965
  -0.283288 -0.00215943    0.959033 -0.00336574
          0           0           0           1
T_world_lidar: 
   0.785454   -0.577048    0.223781     11.7213
   0.553271    0.816695    0.164014    0.389015
  -0.277405 -0.00501463     0.96074   0.0197042
          0           0           0           1
v_world_imu:    0.394551    0.443311 -0.00807037
frame_253
id: 253
stamp: 1784010300.827184200
T_odom_lidar: 
   0.759034   -0.611359    0.223847     11.7541
    0.58578    0.791351    0.174999    0.424452
  -0.284129 -0.00170576    0.958785  -0.0047938
          0           0           0           1
T_world_lidar: 
    0.75977    -0.61311    0.216439     11.7597
   0.587975    0.789983    0.173816    0.434113
  -0.277552 -0.00479908    0.960699    0.018725
          0           0           0           1
v_world_imu:   0.360323   0.444229 -0.0113768
frame_254
id: 254
stamp: 1784010300.927103996
T_odom_lidar: 
    0.73319   -0.645006    0.215403     11.7891
   0.618292    0.764176    0.183713    0.469428
  -0.283102 -0.00151486    0.959089 -0.00573137
          0           0           0           1
T_world_lidar: 
    0.73367   -0.646998     0.20766     11.7949
   0.620808    0.762477    0.182281    0.479537
  -0.276272 -0.00481686    0.961068   0.0183384
          0           0           0           1
v_world_imu:    0.335527    0.452653 -0.00362992
frame_255
id: 255
stamp: 1784010301.027160168
T_odom_lidar: 
    0.705239    -0.677958     0.207393      11.8215
    0.650091       0.7351     0.192377     0.515167
   -0.282878 -0.000847485     0.959156   -0.0069823
           0            0            0            1
T_world_lidar: 
   0.705538   -0.680019    0.199476     11.8274
   0.652635     0.73318    0.191086    0.525887
  -0.276194 -0.00463276    0.961091   0.0176918
          0           0           0           1
v_world_imu:    0.309322    0.459323 -0.00532702
frame_256
id: 256
stamp: 1784010301.127178192
T_odom_lidar: 
   0.674957   -0.710308    0.199736      11.852
   0.681868    0.703888     0.19899    0.562089
  -0.281936  0.00188397    0.959431 -0.00850104
          0           0           0           1
T_world_lidar: 
 0.675172 -0.712353  0.191563   11.8582
 0.684315  0.701817  0.197906  0.573617
-0.275421 -0.002531   0.96132 0.0168901
        0         0         0         1
v_world_imu:     0.291851     0.477346 -0.000383035
frame_257
id: 257
stamp: 1784010301.227231979
T_odom_lidar: 
   0.642591   -0.742107    0.190667     11.8802
   0.712473    0.670277    0.207631    0.610869
  -0.281884   0.0024229    0.959445 -0.00982076
          0           0           0           1
T_world_lidar: 
   0.642647   -0.744199    0.182131     11.8866
   0.714983    0.667953    0.206489    0.623286
  -0.275324 -0.00247924    0.961348   0.0161332
          0           0           0           1
v_world_imu:   0.259879    0.49774 -0.0092797
frame_258
id: 258
stamp: 1784010301.327095985
T_odom_lidar: 
  0.607007  -0.773754   0.181236     11.906
  0.742471   0.633482   0.217802   0.661629
 -0.283334 0.00235493   0.959018 -0.0110616
         0          0          0          1
T_world_lidar: 
   0.607503   -0.775537    0.171703     11.9121
   0.744899    0.631293    0.215856    0.674342
  -0.275799 -0.00323155     0.96121   0.0154154
          0           0           0           1
v_world_imu:    0.24077   0.506711 -0.0156914
frame_259
id: 259
stamp: 1784010301.427062035
T_odom_lidar: 
  0.570954  -0.803228   0.169812    11.9291
  0.771078   0.595666   0.224989   0.713779
 -0.281869  0.0024799    0.95945 -0.0126789
         0          0          0          1
T_world_lidar: 
   0.571556   -0.804821    0.159958      11.935
   0.773355    0.593506    0.222875    0.726645
  -0.274311 -0.00368187    0.961634   0.0143579
          0           0           0           1
v_world_imu:    0.212139    0.519019 -0.00538868
frame_260
id: 260
stamp: 1784010301.527296066
T_odom_lidar: 
  0.534777  -0.830025    0.15834    11.9496
  0.797216   0.557719   0.231076   0.766541
 -0.280108 0.00265707   0.959965 -0.0138888
         0          0          0          1
T_world_lidar: 
   0.535626   -0.831406    0.147883     11.9553
   0.799375     0.55565     0.22859    0.779738
  -0.272222 -0.00422471    0.962225   0.0138675
          0           0           0           1
v_world_imu:    0.181544     0.52501 -0.00381429
frame_261
id: 261
stamp: 1784010301.627060175
T_odom_lidar: 
  0.496246  -0.855446   0.148164    11.9677
  0.821984   0.517875   0.236955   0.819643
 -0.279432 0.00420046   0.960156 -0.0153978
         0          0          0          1
T_world_lidar: 
   0.497618   -0.856419    0.137559     11.9732
   0.823792    0.516271    0.234159    0.833298
  -0.271556 -0.00320155    0.962417     0.01287
          0           0           0           1
v_world_imu:   0.162581   0.534513 -0.0142255
frame_262
id: 262
stamp: 1784010301.727339983
T_odom_lidar: 
  0.457284  -0.878576   0.137827    11.9833
  0.844277   0.477575   0.243143   0.874099
 -0.279443 0.00517905   0.960148 -0.0167326
         0          0          0          1
T_world_lidar: 
  0.458939  -0.879411   0.126532    11.9887
  0.846054   0.476053   0.239929   0.888199
 -0.271232 -0.0030601   0.962509  0.0120263
         0          0          0          1
v_world_imu:  0.132644  0.544128 -0.011689
frame_263
id: 263
stamp: 1784010301.827198029
T_odom_lidar: 
  0.417897  -0.899831   0.125165    11.9959
  0.864651    0.43622   0.249181   0.929297
 -0.278821 0.00409159   0.960335 -0.0179171
         0          0          0          1
T_world_lidar: 
   0.419443   -0.900683    0.113302     12.0012
    0.86662    0.434451    0.245402    0.943785
  -0.270254 -0.00474251    0.962777   0.0113581
          0           0           0           1
v_world_imu:    0.112881    0.549074 -0.00988621
frame_264
id: 264
stamp: 1784010301.927241087
T_odom_lidar: 
  0.375104   -0.91998   0.113731    12.0063
  0.883788   0.391939   0.255545   0.985653
 -0.279672 0.00465835   0.960084  -0.019839
         0          0          0          1
T_world_lidar: 
   0.377262   -0.920485    0.101889     12.0114
   0.885498    0.390752    0.251409     1.00052
  -0.271231 -0.00462494    0.962503   0.0100509
          0           0           0           1
v_world_imu:   0.0837538    0.559916 -0.00300497
frame_265
id: 265
stamp: 1784010302.027144194
T_odom_lidar: 
  0.332679  -0.937255   0.104297    12.0145
  0.899984   0.348579   0.261768     1.0419
 -0.281699 0.00678144   0.959479 -0.0213697
         0          0          0          1
T_world_lidar: 
   0.335111   -0.937639   0.0923794     12.0193
   0.901625    0.347598    0.257386     1.05716
  -0.273446 -0.00296117    0.961883  0.00901932
          0           0           0           1
v_world_imu:   0.0537455    0.554508 -0.00866047
frame_266
id: 266
stamp: 1784010302.127353191
T_odom_lidar: 
   0.28925  -0.952842  0.0917953    12.0189
  0.914839   0.303388   0.266505      1.098
 -0.281787  0.0068914   0.959452 -0.0224647
         0          0          0          1
T_world_lidar: 
   0.291225   -0.953272   0.0803817     12.0236
   0.916752    0.302105    0.261339      1.1137
   -0.27341 -0.00241818    0.961894  0.00837772
          0           0           0           1
v_world_imu:   0.0320293    0.555732 -0.00907831
frame_267
id: 267
stamp: 1784010302.227298975
T_odom_lidar: 
  0.245296   -0.96607  0.0808668    12.0208
  0.927595   0.258133   0.270066    1.15436
 -0.281777 0.00876552    0.95944 -0.0236033
         0          0          0          1
T_world_lidar: 
    0.247279    -0.966403    0.0701362      12.0254
    0.929407     0.257033     0.264833      1.17049
   -0.273962 -0.000302584      0.96174   0.00770802
           0            0            0            1
v_world_imu:  0.00347206    0.555192 -0.00901292
frame_268
id: 268
stamp: 1784010302.327090979
T_odom_lidar: 
  0.204218  -0.976426  0.0699078    12.0206
  0.937247    0.21564   0.273986    1.20941
 -0.282602  0.0095679    0.95919 -0.0245849
         0          0          0          1
T_world_lidar: 
  0.206123  -0.976671   0.060231    12.0249
  0.939119   0.214739   0.268223    1.22582
 -0.274899 0.00127724   0.961472 0.00732529
         0          0          0          1
v_world_imu: -0.0248228   0.533714 0.00703149
frame_269
id: 269
stamp: 1784010302.427363157
T_odom_lidar: 
  0.160667   -0.98544  0.0556237    12.0171
  0.946254   0.169815   0.275255    1.26455
 -0.280693 0.00840964   0.959761 -0.0253476
         0          0          0          1
T_world_lidar: 
  0.161534  -0.985719  0.0475955    12.0211
   0.94813   0.168393   0.269616    1.28107
  -0.27378 0.00157465   0.961791 0.00705698
         0          0          0          1
v_world_imu:  -0.0468236    0.549359 -0.00451121
frame_270
id: 270
stamp: 1784010302.527301073
T_odom_lidar: 
  0.114222  -0.992559  0.0421971    12.0115
  0.953655   0.121449   0.275303    1.32059
 -0.278379 0.00879598   0.960431 -0.0260063
         0          0          0          1
T_world_lidar: 
  0.114893  -0.992687   0.037045    12.0153
  0.955393   0.120637   0.269575    1.33706
 -0.272072 0.00442029   0.962267  0.0067387
         0          0          0          1
v_world_imu: -0.0664283   0.553828 -0.0133182
frame_271
id: 271
stamp: 1784010302.627153158
T_odom_lidar: 
 0.0710351   -0.99709  0.0276612    12.0036
  0.958073  0.0759201   0.276284    1.37646
  -0.27758  0.0068756   0.960678 -0.0267734
         0          0          0          1
T_world_lidar: 
  0.0728108   -0.997163   0.0191174     12.0072
   0.960258    0.075269    0.268772     1.39289
  -0.269448 -0.00121181    0.963014  0.00643997
          0           0           0           1
v_world_imu:  -0.0920425    0.537223 -0.00761576
frame_272
id: 272
stamp: 1784010302.727210045
T_odom_lidar: 
 0.0266606  -0.999533  0.0149479    11.9935
  0.960729  0.0297514    0.27589    1.43192
 -0.276206 0.00700553   0.961073 -0.0277562
         0          0          0          1
T_world_lidar: 
   0.028981   -0.999575  0.00306443     11.9972
   0.963292   0.0287473    0.266912     1.44846
  -0.266887 -0.00478343    0.963716  0.00592839
          0           0           0           1
v_world_imu:   -0.103199    0.553712 0.000776612
frame_273
id: 273
stamp: 1784010302.827062130
T_odom_lidar: 
  -0.01242  -0.999918 0.00306319    11.9823
  0.961679 -0.0111058   0.273951     1.4878
 -0.273895 0.00634827   0.961739 -0.0279848
         0          0          0          1
T_world_lidar: 
-0.00958024   -0.999894  -0.0109831     11.9863
   0.964629  -0.0121349    0.263333     1.50451
  -0.263439 -0.00807182    0.964642  0.00588855
          0           0           0           1
v_world_imu:  -0.106209   0.550822 0.00253809
frame_274
id: 274
stamp: 1784010302.927230120
T_odom_lidar: 
 -0.0381367   -0.999248 -0.00701895     11.9726
   0.961483   -0.038607    0.272141     1.54348
  -0.272207  0.00362998    0.962232  -0.0281585
          0           0           0           1
T_world_lidar: 
-0.0351233  -0.999128 -0.0225762    11.9768
  0.964519 -0.0398041   0.260996    1.56037
 -0.261668 -0.0126082   0.965076 0.00591321
         0          0          0          1
v_world_imu:  -0.0658261    0.561919 -0.00276741
frame_275
id: 275
stamp: 1784010303.027137041
T_odom_lidar: 
-0.0523821  -0.998565 -0.0111432     11.966
   0.96037 -0.0534312   0.273558    1.60009
 -0.273761 0.00362797   0.961791 -0.0290382
         0          0          0          1
T_world_lidar: 
-0.0488889  -0.998429 -0.0273858    11.9703
  0.963544 -0.0543662   0.261967     1.6171
 -0.263045 -0.0135801   0.964688 0.00541243
         0          0          0          1
v_world_imu:  -0.0640004    0.566718 -0.00560218
frame_276
id: 276
stamp: 1784010303.127271175
T_odom_lidar: 
-0.0588353    -0.9982 -0.0116387     11.961
   0.96051 -0.0597823   0.271748    1.65773
 -0.271955 0.00480926   0.962298 -0.0297105
         0          0          0          1
T_world_lidar: 
-0.0552076  -0.998077 -0.0281909    11.9655
  0.963515 -0.0606591   0.260691    1.67473
   -0.2619 -0.0127703   0.965011 0.00503444
         0          0          0          1
v_world_imu:  -0.0384554     0.57858 -0.00799212
frame_277
id: 277
stamp: 1784010303.227174044
T_odom_lidar: 
-0.0608233   -0.99804 -0.0147262    11.9565
  0.960289 -0.0625347    0.27191    1.71572
 -0.272298 0.00239711    0.96221  -0.030564
         0          0          0          1
T_world_lidar: 
-0.0570411  -0.997889 -0.0310313     11.961
  0.963292 -0.0631771   0.260916    1.73264
 -0.262325 -0.0150093   0.964863 0.00447086
         0          0          0          1
v_world_imu: -0.0372891   0.580522 -0.0065756
frame_278
id: 278
stamp: 1784010303.327071190
T_odom_lidar: 
-0.0624854  -0.997931 -0.0151573    11.9524
  0.959422 -0.0642444   0.274557    1.77398
 -0.274962 0.00261351   0.961451 -0.0320033
         0          0          0          1
T_world_lidar: 
-0.0586598  -0.997788 -0.0312865    11.9569
  0.962389 -0.0648511   0.263822    1.79094
 -0.265268  -0.014634   0.964064  0.0033271
         0          0          0          1
v_world_imu:  -0.0460523    0.580565 -0.00352073
frame_279
id: 279
stamp: 1784010303.427119970
T_odom_lidar: 
-0.0626463  -0.997916 -0.0154329     11.948
  0.959391 -0.0644747   0.274611    1.83195
 -0.275034 0.00239721   0.961432 -0.0331139
         0          0          0          1
T_world_lidar: 
-0.0585961  -0.997785 -0.0314807    11.9526
  0.962171 -0.0648534   0.264614    1.84903
 -0.266069 -0.0147845   0.963841 0.00260546
         0          0          0          1
v_world_imu:   -0.044829    0.576755 -0.00817622
frame_280
id: 280
stamp: 1784010303.526950121
T_odom_lidar: 
-0.0616731  -0.997978 -0.0154044    11.9436
   0.95852 -0.0635236   0.277855    1.88991
 -0.278272 0.00237072     0.9605 -0.0345502
         0          0          0          1
T_world_lidar: 
-0.0581346  -0.997834 -0.0308003    11.9482
  0.961252  -0.064278   0.268073    1.90709
 -0.269472 -0.0140225   0.962906 0.00146194
         0          0          0          1
v_world_imu:  -0.040523   0.583816 -0.0113441
frame_281
id: 281
stamp: 1784010303.627333164
T_odom_lidar: 
-0.0612057  -0.998015 -0.0148494    11.9393
  0.958378 -0.0629184   0.278484    1.94888
 -0.278865 0.00281343   0.960326 -0.0359926
         0          0          0          1
T_world_lidar: 
 -0.0577982   -0.997872  -0.0301748      11.944
   0.960958  -0.0638016    0.269238     1.96604
  -0.270591  -0.0134352    0.962601 0.000301728
          0           0           0           1
v_world_imu:  -0.0437042    0.588991 -0.00984875
frame_282
id: 282
stamp: 1784010303.727156162
T_odom_lidar: 
-0.0602491  -0.998054 -0.0160968    11.9349
  0.958077  -0.062346   0.279647    2.00792
 -0.280106 0.00142646   0.959968 -0.0370015
         0          0          0          1
T_world_lidar: 
  -0.0568781     -0.99791   -0.0306552      11.9399
    0.960638   -0.0630648     0.270552      2.02503
    -0.27192   -0.0140601     0.962217 -0.000498832
           0            0            0            1
v_world_imu: -0.0506087   0.592726 -0.0110007
frame_283
id: 283
stamp: 1784010303.827039003
T_odom_lidar: 
-0.0617563   -0.99798 -0.0148971    11.9313
  0.957604 -0.0634525   0.281014    2.06721
 -0.281392 0.00308892   0.959588 -0.0380616
         0          0          0          1
T_world_lidar: 
 -0.0583519   -0.997851  -0.0298224     11.9359
   0.960167  -0.0642754    0.271935     2.08416
  -0.273267  -0.0127665    0.961853 -0.00134341
          0           0           0           1
v_world_imu: -0.0349587   0.589428 -0.0102449
frame_284
id: 284
stamp: 1784010303.927038193
T_odom_lidar: 
-0.0622791  -0.997956 -0.0143425    11.9276
   0.95772 -0.0637999   0.280538    2.12654
 -0.280879 0.00373556   0.959736 -0.0391402
         0          0          0          1
T_world_lidar: 
 -0.0595591    -0.99778  -0.0297812     11.9319
    0.96054  -0.0654052    0.270343     2.14316
  -0.271691  -0.0125046    0.962303 -0.00209047
          0           0           0           1
v_world_imu:  -0.0369647    0.593905 -0.00841122
frame_285
id: 285
stamp: 1784010304.027194977
T_odom_lidar: 
-0.0630865  -0.997904 -0.0143938    11.9238
  0.958564 -0.0646015   0.277457    2.18522
 -0.277805 0.00370643    0.96063 -0.0397122
         0          0          0          1
T_world_lidar: 
 -0.0600989   -0.997751  -0.0296941      11.928
   0.961489  -0.0658561    0.266839     2.20149
  -0.268194  -0.0125138    0.963284 -0.00225302
          0           0           0           1
v_world_imu:  -0.0415766    0.579476 -0.00379905
frame_286
id: 286
stamp: 1784010304.127065182
T_odom_lidar: 
-0.0649451  -0.997792 -0.0139096      11.92
   0.95833 -0.0662503   0.277874    2.24326
 -0.278182 0.00471659   0.960517 -0.0407535
         0          0          0          1
T_world_lidar: 
 -0.0617826   -0.997664  -0.0291554     11.9241
   0.961262  -0.0673394    0.267283     2.25932
  -0.268622  -0.0115126    0.963177 -0.00289995
          0           0           0           1
v_world_imu:   -0.0389979     0.577975 -0.000839506
frame_287
id: 287
stamp: 1784010304.227127075
T_odom_lidar: 
-0.0660543  -0.997698 -0.0153323    11.9159
   0.95928 -0.0677248   0.274219    2.30108
 -0.274626 0.00340541   0.961545 -0.0414354
         0          0          0          1
T_world_lidar: 
   -0.06285   -0.997557  -0.0305057     11.9199
   0.962207  -0.0686813    0.263517     2.31691
  -0.264969  -0.0127907    0.964172 -0.00319367
          0           0           0           1
v_world_imu: -0.0385361    0.57495 0.00130683
frame_288
id: 288
stamp: 1784010304.326941013
T_odom_lidar: 
  -0.0655678    -0.997671   -0.0188149      11.9115
    0.959592   -0.0682137     0.273003      2.35831
   -0.273651 -0.000154454     0.961829    -0.041988
           0            0            0            1
T_world_lidar: 
  -0.062676   -0.997459  -0.0338621     11.9153
   0.962478  -0.0693839    0.262339     2.37396
  -0.264022  -0.0161491    0.964381 -0.00336847
          0           0           0           1
v_world_imu: -0.0481333   0.568747 -0.0102458
frame_289
id: 289
stamp: 1784010304.427191019
T_odom_lidar: 
-0.0685223  -0.997464 -0.0192587    11.9075
  0.959207 -0.0711768   0.273597    2.41526
 -0.274273 0.00027433   0.961652 -0.0427901
         0          0          0          1
T_world_lidar: 
 -0.0656466   -0.997281  -0.0334702     11.9111
   0.962194  -0.0721513    0.262633     2.43091
  -0.264334  -0.0149639    0.964315 -0.00389598
          0           0           0           1
v_world_imu: -0.0428753   0.568049  -0.011736
frame_290
id: 290
stamp: 1784010304.527106047
T_odom_lidar: 
-0.0697557   -0.99739  -0.018634    11.9032
    0.9595 -0.0721931   0.272302    2.47176
 -0.272936 0.00111532   0.962031 -0.0436068
         0          0          0          1
T_world_lidar: 
 -0.0674822   -0.997166  -0.0332508     11.9066
   0.962221  -0.0738558    0.262062     2.48748
  -0.263775  -0.0143101    0.964478 -0.00439913
          0           0           0           1
v_world_imu: -0.0447199    0.56529 -0.0136453
frame_291
id: 291
stamp: 1784010304.627235174
T_odom_lidar: 
  -0.0695927    -0.997379   -0.0197736      11.8988
    0.959419   -0.0723474     0.272547      2.52836
   -0.273263 -3.89213e-06     0.961939   -0.0443367
           0            0            0            1
T_world_lidar: 
 -0.0678266   -0.997126   -0.033756     11.9019
   0.962041  -0.0743296    0.262588     2.54407
  -0.264343  -0.0146642    0.964317 -0.00486224
          0           0           0           1
v_world_imu:  -0.0472377    0.565375 -0.00591135
frame_292
id: 292
stamp: 1784010304.727060080
T_odom_lidar: 
 -0.071071  -0.997285 -0.0192704    11.8946
  0.958693 -0.0736297   0.274748     2.5851
 -0.275421 0.00105222   0.961323 -0.0455243
         0          0          0          1
T_world_lidar: 
 -0.0692796   -0.997091  -0.0317913     11.8974
   0.961194  -0.0752479    0.265413     2.60082
  -0.267033  -0.0121699     0.96361 -0.00574931
          0           0           0           1
v_world_imu:  -0.0454222    0.568404 -0.00690438
frame_293
id: 293
stamp: 1784010304.827042103
T_odom_lidar: 
 -0.0710088   -0.997287  -0.0194176     11.8901
   0.958704  -0.0736104    0.274713     2.64219
  -0.275397 0.000891274     0.96133  -0.0462912
          0           0           0           1
T_world_lidar: 
 -0.0695057   -0.997098   -0.031048     11.8928
   0.961031  -0.0752742    0.265995     2.65788
   -0.26756    -0.01135    0.963474 -0.00613711
          0           0           0           1
v_world_imu:  -0.0424691    0.571781 -0.00434441
frame_294
id: 294
stamp: 1784010304.927365065
T_odom_lidar: 
 -0.0691256   -0.997362  -0.0221412     11.8855
     0.9581  -0.0725557    0.277092     2.69984
  -0.277968 -0.00205936    0.960588  -0.0475532
          0           0           0           1
T_world_lidar: 
 -0.0686141   -0.997136  -0.0318113     11.8879
   0.960123  -0.0746625    0.269425     2.71533
  -0.271028  -0.0120564    0.962496 -0.00692925
          0           0           0           1
v_world_imu: -0.0482768   0.573071 -0.0107323
frame_295
id: 295
stamp: 1784010305.027135134
T_odom_lidar: 
 -0.0696998   -0.997333  -0.0216704     11.8817
   0.956936  -0.0729817    0.280974     2.75793
  -0.281806 -0.00115338    0.959471  -0.0490647
          0           0           0           1
T_world_lidar: 
 -0.0702817   -0.997125  -0.0283183      11.884
   0.958888  -0.0753568    0.273598     2.77301
  -0.274945 -0.00792512    0.961427 -0.00795908
          0           0           0           1
v_world_imu: -0.0450942   0.584116  -0.016005
frame_296
id: 296
stamp: 1784010305.126872063
T_odom_lidar: 
 -0.0698872   -0.997351  -0.0201776     11.8775
   0.956861  -0.0727409    0.281292     2.81582
  -0.282015 0.000351563     0.95941  -0.0501354
          0           0           0           1
T_world_lidar: 
 -0.0696955   -0.997121  -0.0298749     11.8796
   0.959034  -0.0752165    0.273122     2.83051
  -0.274583 -0.00961571    0.961515 -0.00860932
          0           0           0           1
v_world_imu:  -0.0421447     0.57508 -0.00629496
frame_297
id: 297
stamp: 1784010305.226962090
T_odom_lidar: 
-0.0684765  -0.997425 -0.0213045     11.873
  0.956652 -0.0717064   0.282266    2.87346
 -0.283067 -0.0010524   0.959099 -0.0512975
         0          0          0          1
T_world_lidar: 
 -0.0679217   -0.997177  -0.0320192     11.8751
   0.959144  -0.0740985    0.273043     2.88776
  -0.274645  -0.0121654    0.961469 -0.00941756
          0           0           0           1
v_world_imu: -0.0436208    0.57222 -0.0120046
frame_298
id: 298
stamp: 1784010305.327135086
T_odom_lidar: 
 -0.0681108   -0.997479  -0.0199206     11.8688
   0.956499  -0.0709638    0.282974      2.9317
  -0.283674 0.000219527    0.958921   -0.053177
          0           0           0           1
T_world_lidar: 
-0.0677266  -0.997197 -0.0318009    11.8711
  0.958939 -0.0738606   0.273825    2.94568
 -0.275406 -0.0119499   0.961254  -0.010762
         0          0          0          1
v_world_imu: -0.0414389   0.584492 -0.0189213
frame_299
id: 299
stamp: 1784010305.427083969
T_odom_lidar: 
 -0.0679679   -0.997498  -0.0194523     11.8647
   0.956241  -0.0706933     0.28391     2.99045
  -0.284575 0.000695699    0.958653  -0.0544528
          0           0           0           1
T_world_lidar: 
-0.0670553   -0.99722 -0.0324919    11.8669
  0.958778 -0.0734145   0.274508    3.00431
  -0.27613 -0.0127453   0.961036 -0.0115614
         0          0          0          1
v_world_imu:  -0.0379814    0.589098 -0.00358766
frame_300
id: 300
stamp: 1784010305.527330160
T_odom_lidar: 
  -0.0680386    -0.997455    -0.021305        11.86
    0.955792   -0.0712899     0.285272      3.04964
   -0.286065 -0.000953629      0.95821   -0.0563478
           0            0            0            1
T_world_lidar: 
-0.0665753  -0.997153 -0.0354126    11.8623
  0.958595 -0.0737691   0.275054    3.06349
 -0.276883 -0.0156346   0.960776 -0.0130142
         0          0          0          1
v_world_imu:  -0.0416025    0.588473 -0.00914338
frame_301
id: 301
stamp: 1784010305.626996994
T_odom_lidar: 
   -0.068595    -0.997411   -0.0215921      11.8557
    0.955271   -0.0719068     0.286857      3.10919
   -0.287667 -0.000949308      0.95773   -0.0584581
           0            0            0            1
T_world_lidar: 
 -0.067669  -0.997062 -0.0358916     11.858
  0.958045 -0.0749791   0.276636    3.12278
 -0.278515 -0.0156661   0.960304 -0.0145925
         0          0          0          1
v_world_imu:  -0.0476829     0.59696 -0.00942114
frame_302
id: 302
stamp: 1784010305.726860046
T_odom_lidar: 
 -0.0691707   -0.997368  -0.0217508     11.8512
    0.95571  -0.0725022     0.28524      3.1692
  -0.286066 -0.00105722    0.958209  -0.0600786
          0           0           0           1
T_world_lidar: 
-0.0683286  -0.997026 -0.0356406    11.8535
  0.958017 -0.0755421   0.276581    3.18235
 -0.278451 -0.0152459   0.960329 -0.0156131
         0          0          0          1
v_world_imu:  -0.0467986    0.596026 -0.00332797
frame_303
id: 303
stamp: 1784010305.827205181
T_odom_lidar: 
 -0.0706162   -0.997241  -0.0228798     11.8463
   0.954589  -0.0742158    0.288534     3.22945
  -0.289436 -0.00146555    0.957196  -0.0617969
          0           0           0           1
T_world_lidar: 
-0.0686088  -0.996956 -0.0370411    11.8487
  0.957785 -0.0762123     0.2772    3.24217
 -0.279179 -0.0164591   0.960098 -0.0168598
         0          0          0          1
v_world_imu: -0.0451608   0.599674 -0.0214074
frame_304
id: 304
stamp: 1784010305.926833153
T_odom_lidar: 
 -0.0711969   -0.997185  -0.0235108     11.8416
   0.955031  -0.0749509    0.286878     3.29004
  -0.287832 -0.00202869    0.957679  -0.0639515
          0           0           0           1
T_world_lidar: 
-0.0695304  -0.996889 -0.0371277    11.8439
  0.957748 -0.0771197   0.277075    3.30257
 -0.279077 -0.0162938   0.960131 -0.0182987
         0          0          0          1
v_world_imu:  -0.0501081    0.609255 -0.00349282
frame_305
id: 305
stamp: 1784010306.026973009
T_odom_lidar: 
 -0.0707874   -0.997165   -0.025534      11.837
   0.955369  -0.0751362    0.285702     3.35084
   -0.28681 -0.00417033    0.957978  -0.0657434
          0           0           0           1
T_world_lidar: 
-0.0692794  -0.996876 -0.0379196    11.8391
  0.957865 -0.0770926   0.276678      3.363
 -0.278737 -0.0171538   0.960214 -0.0191452
         0          0          0          1
v_world_imu: -0.0539829   0.599503 -0.0106223
frame_306
id: 306
stamp: 1784010306.126864195
T_odom_lidar: 
 -0.0729186   -0.996994  -0.0261989     11.8321
   0.954752  -0.0773751    0.287163     3.41155
  -0.288327 -0.00407396    0.957523  -0.0682213
          0           0           0           1
T_world_lidar: 
-0.0711345  -0.996719 -0.0386271     11.834
  0.957595 -0.0790793   0.277051    3.42333
 -0.279197 -0.0172812   0.960078 -0.0207076
         0          0          0          1
v_world_imu: -0.0498487   0.601753 -0.0267824
frame_307
id: 307
stamp: 1784010306.227179050
T_odom_lidar: 
 -0.0740091   -0.996926  -0.0257314     11.8268
   0.954999  -0.0782809    0.286094     3.47259
  -0.287229 -0.00339989    0.957856  -0.0701979
          0           0           0           1
T_world_lidar: 
-0.0723018  -0.996614 -0.0391419    11.8285
   0.95771 -0.0803308   0.276295     3.4842
 -0.278504 -0.0175099   0.960275 -0.0220573
         0          0          0          1
v_world_imu: -0.0528679   0.607188 -0.0113394
frame_308
id: 308
stamp: 1784010306.326987028
T_odom_lidar: 
  -0.073954   -0.996894  -0.0270831     11.8214
   0.955587  -0.0786061    0.284031     3.53302
  -0.285278 -0.00487505    0.958432  -0.0715371
          0           0           0           1
T_world_lidar: 
-0.0719184   -0.99659 -0.0404464    11.8229
  0.958217 -0.0802915   0.274543    3.54411
 -0.276854 -0.0190118   0.960724 -0.0228145
         0          0          0          1
v_world_imu:  -0.0531257    0.596925 -0.00928415
frame_309
id: 309
stamp: 1784010306.427014112
T_odom_lidar: 
  -0.074182   -0.996871  -0.0272972     11.8162
   0.955822  -0.0788813    0.283165     3.59347
  -0.284433 -0.00508547    0.958683  -0.0732951
          0           0           0           1
T_world_lidar: 
-0.0726954  -0.996567 -0.0396109    11.8176
  0.958334 -0.0807966   0.273985     3.6041
 -0.276245 -0.0180429   0.960918 -0.0241482
         0          0          0          1
v_world_imu: -0.0558382   0.598677 -0.0153132
frame_310
id: 310
stamp: 1784010306.526746035
T_odom_lidar: 
  -0.074356   -0.996881  -0.0264443     11.8111
   0.956174  -0.0788002    0.281996     3.65353
    -0.2832 -0.00431731    0.959051  -0.0742948
          0           0           0           1
T_world_lidar: 
-0.0729198  -0.996567 -0.0391934     11.812
  0.958659 -0.0808756   0.272821    3.66393
 -0.275054  -0.017679   0.961266 -0.0248101
         0          0          0          1
v_world_imu:  -0.0534411    0.598461 -0.00321337
frame_311
id: 311
stamp: 1784010306.627081156
T_odom_lidar: 
 -0.0751612   -0.996797  -0.0273383     11.8057
   0.956647  -0.0798158    0.280101     3.71344
  -0.281386 -0.00510032    0.959581  -0.0753621
          0           0           0           1
T_world_lidar: 
-0.0731062  -0.996527 -0.0398703    11.8063
  0.959131 -0.0812077    0.27106    3.72348
 -0.273356 -0.0184247   0.961736 -0.0254334
         0          0          0          1
v_world_imu:  -0.0517573    0.590878 -0.00215265
frame_312
id: 312
stamp: 1784010306.726953030
T_odom_lidar: 
 -0.0756178   -0.996743  -0.0280183     11.8005
   0.956883  -0.0804396    0.279114     3.77328
  -0.280459 -0.00570421    0.959849  -0.0769531
          0           0           0           1
T_world_lidar: 
-0.0744109  -0.996459 -0.0391583    11.8008
  0.959047 -0.0822682   0.271037    3.78285
 -0.273299 -0.0173865   0.961772 -0.0266025
         0          0          0          1
v_world_imu:  -0.0629104    0.596019 -0.00491184
frame_313
id: 313
stamp: 1784010306.826836109
T_odom_lidar: 
 -0.0771617   -0.996595  -0.0290741     11.7948
   0.957483  -0.0822009     0.27653     3.83279
  -0.277979 -0.00650039    0.960565  -0.0780769
          0           0           0           1
T_world_lidar: 
-0.0761283  -0.996371   -0.03807    11.7947
  0.959522 -0.0835888   0.268944      3.842
  -0.27115 -0.0160548   0.962403 -0.0272942
         0          0          0          1
v_world_imu:  -0.0663336    0.592913 -0.00628827
frame_314
id: 314
stamp: 1784010306.927067995
T_odom_lidar: 
 -0.0811264   -0.996252  -0.0299956     11.7884
   0.957213  -0.0862642    0.276227     3.89199
  -0.277779 -0.00630287    0.960624  -0.0792375
          0           0           0           1
T_world_lidar: 
-0.0792327  -0.996119 -0.0383186     11.788
   0.95933 -0.0866413   0.268662    3.90103
 -0.270939 -0.0154734   0.962472 -0.0279663
         0          0          0          1
v_world_imu: -0.0659531   0.587011  -0.012246
frame_315
id: 315
stamp: 1784010307.027080059
T_odom_lidar: 
  -0.085117   -0.995834  -0.0327208     11.7815
   0.956971  -0.0908507    0.275597     3.95135
  -0.277421 -0.00785492    0.960716  -0.0808187
          0           0           0           1
T_world_lidar: 
-0.0844465  -0.995739 -0.0370575     11.781
  0.958687 -0.0913303   0.269403    3.96025
 -0.271639 -0.0127764   0.962314 -0.0291706
         0          0          0          1
v_world_imu:  -0.0746697    0.592622 -0.00888357
frame_316
id: 316
stamp: 1784010307.127084017
T_odom_lidar: 
 -0.0896974   -0.995311  -0.0361926     11.7741
   0.956075  -0.0962295    0.276875     4.01123
  -0.279059 -0.00976795    0.960224  -0.0820809
          0           0           0           1
T_world_lidar: 
-0.0879919  -0.995233 -0.0420478    11.7736
  0.958032  -0.096113   0.270069     4.0197
 -0.272823 -0.0165193   0.961922 -0.0299748
         0          0          0          1
v_world_imu:  -0.078665   0.590658 -0.0112131
frame_317
id: 317
stamp: 1784010307.226993084
T_odom_lidar: 
  -0.101483   -0.994118  -0.0378246     11.7651
   0.954453   -0.108016    0.278122     4.07095
  -0.280571 -0.00787736    0.959801  -0.0834388
          0           0           0           1
T_world_lidar: 
-0.0974385  -0.994141 -0.0467907    11.7649
  0.956674   -0.10652   0.270975    4.07905
 -0.274372   -0.01836   0.961448 -0.0309947
         0          0          0          1
v_world_imu:   -0.08952   0.591174 -0.0153108
frame_318
id: 318
stamp: 1784010307.326732159
T_odom_lidar: 
 -0.116602  -0.992264 -0.0426073    11.7535
  0.952954  -0.123862   0.276652    4.13016
  -0.27979 -0.0083446   0.960025  -0.085127
         0          0          0          1
T_world_lidar: 
 -0.111704  -0.992347 -0.0526339    11.7539
  0.955215  -0.121828   0.269671    4.13788
 -0.274019 -0.0201533   0.961513 -0.0324663
         0          0          0          1
v_world_imu:  -0.115006   0.586732 -0.0140839
frame_319
id: 319
stamp: 1784010307.427075148
T_odom_lidar: 
 -0.132709  -0.989936 -0.0491367    11.7401
  0.950887  -0.141148   0.275484    4.18978
 -0.279648 -0.0101643   0.960049 -0.0860626
         0          0          0          1
T_world_lidar: 
 -0.126921  -0.990157 -0.0589862    11.7411
  0.953624  -0.138169   0.267416    4.19685
 -0.272934 -0.0223099   0.961774 -0.0333711
         0          0          0          1
v_world_imu:   -0.13196   0.583042 -0.0108968
frame_320
id: 320
stamp: 1784010307.526725054
T_odom_lidar: 
 -0.150889  -0.987048  -0.054492    11.7257
  0.948291  -0.160095   0.274068    4.24882
 -0.279242 -0.0103203   0.960165 -0.0877158
         0          0          0          1
T_world_lidar: 
 -0.144211  -0.987479 -0.0639422    11.7274
  0.950851  -0.156176   0.267379    4.25531
 -0.274017 -0.0222404   0.961468 -0.0348964
         0          0          0          1
v_world_imu:  -0.146339   0.579296 -0.0102924
frame_321
id: 321
stamp: 1784010307.626929998
T_odom_lidar: 
 -0.169037  -0.983682 -0.0616113    11.7097
  0.945788  -0.179479   0.270687     4.3076
 -0.277328 -0.0125151   0.960694 -0.0892744
         0          0          0          1
T_world_lidar: 
 -0.161944  -0.984206  -0.071502    11.7117
  0.948614   -0.17523   0.263489    4.31347
 -0.271857 -0.0251574   0.962009 -0.0359104
         0          0          0          1
v_world_imu:  -0.158488     0.5757 -0.0120053
frame_322
id: 322
stamp: 1784010307.726986170
T_odom_lidar: 
 -0.190021  -0.979306  -0.069662    11.6923
  0.941781  -0.201866   0.268886    4.36595
 -0.277384 -0.0145125    0.96065 -0.0911005
         0          0          0          1
T_world_lidar: 
 -0.181464  -0.980156  -0.079776    11.6945
  0.945933  -0.196154    0.25833    4.37091
 -0.268853 -0.0285851   0.962757 -0.0370306
         0          0          0          1
v_world_imu:  -0.176699   0.571496 -0.0287795
frame_323
id: 323
stamp: 1784010307.826879025
T_odom_lidar: 
 -0.215947  -0.973435 -0.0761034     11.674
  0.936336  -0.228554   0.266528    4.42442
 -0.276841 -0.0137025   0.960818 -0.0934618
         0          0          0          1
T_world_lidar: 
 -0.204772  -0.975138 -0.0847063    11.6761
  0.941086  -0.219935   0.256878    4.42824
 -0.269122 -0.0271145   0.962724 -0.0387257
         0          0          0          1
v_world_imu:  -0.199099   0.559795 -0.0195621
frame_324
id: 324
stamp: 1784010307.927080154
T_odom_lidar: 
 -0.241134  -0.966789 -0.0846944    11.6532
   0.93105  -0.255078   0.260924    4.48135
 -0.273862  -0.015937   0.961637 -0.0952433
         0          0          0          1
T_world_lidar: 
 -0.229614  -0.968998  -0.091213    11.6549
  0.935875  -0.245549   0.252674     4.4844
 -0.267238 -0.0273464   0.963242 -0.0398249
         0          0          0          1
v_world_imu:   -0.219099    0.549719 -0.00104045
frame_325
id: 325
stamp: 1784010308.026965141
T_odom_lidar: 
 -0.264239  -0.960427 -0.0880764    11.6304
  0.924858   -0.27823   0.259278    4.53694
 -0.273523 -0.0129467   0.961778 -0.0964463
         0          0          0          1
T_world_lidar: 
 -0.253925  -0.962441 -0.0960705    11.6324
  0.930131  -0.270223   0.248668    4.53906
 -0.265288 -0.0262152   0.963813 -0.0408617
         0          0          0          1
v_world_imu:  -0.227685   0.540214 -0.0131111
frame_326
id: 326
stamp: 1784010308.127079010
T_odom_lidar: 
 -0.290733  -0.952021 -0.0955577    11.6047
  0.916854  -0.305759    0.25669    4.59217
 -0.273592 -0.0129843   0.961758 -0.0973148
         0          0          0          1
T_world_lidar: 
  -0.27913  -0.954909  -0.101167    11.6078
  0.923179  -0.295851   0.245381    4.59277
 -0.264247 -0.0249017   0.964133   -0.04174
         0          0          0          1
v_world_imu: -0.262871  0.518901 -0.010459
frame_327
id: 327
stamp: 1784010308.227108002
T_odom_lidar: 
 -0.323732  -0.940487  -0.103349    11.5751
  0.906017  -0.339621   0.252569    4.64487
 -0.272637 -0.0118714   0.962044 -0.0981001
         0          0          0          1
T_world_lidar: 
 -0.310143  -0.944398  -0.109193    11.5794
   0.91324  -0.327874   0.241849     4.6437
 -0.264203 -0.0247111    0.96415 -0.0425305
         0          0          0          1
v_world_imu:  -0.287292   0.492786 -0.0089871
frame_328
id: 328
stamp: 1784010308.326850176
T_odom_lidar: 
  -0.355544   -0.928158   -0.110049      11.545
   0.893534   -0.372078    0.251306     4.69499
  -0.274199 -0.00898176    0.961631  -0.0993686
          0           0           0           1
T_world_lidar: 
 -0.342269  -0.932639  -0.114178    11.5502
  0.901271  -0.360227    0.24072    4.69284
 -0.265635 -0.0205143   0.963855 -0.0437512
         0          0          0          1
v_world_imu:  -0.300461   0.474357 -0.0145004
frame_329
id: 329
stamp: 1784010308.426779032
T_odom_lidar: 
 -0.384719   -0.91542  -0.118309    11.5153
  0.882058  -0.402373   0.245089    4.74108
 -0.271964 -0.0100646   0.962255  -0.100125
         0          0          0          1
T_world_lidar: 
 -0.373726  -0.919747  -0.119975    11.5197
   0.88823  -0.392138   0.239322    4.74022
 -0.267162 -0.0171243   0.963499 -0.0446076
         0          0          0          1
v_world_imu:   -0.311347    0.455696 -0.00353939
frame_330
id: 330
stamp: 1784010308.526996136
T_odom_lidar: 
  -0.404318   -0.906475   -0.121776     11.4865
   0.873224   -0.422184    0.243393     4.78341
  -0.272041 -0.00792942    0.962253   -0.100505
          0           0           0           1
T_world_lidar: 
  -0.40297   -0.90656  -0.125558    11.4885
  0.874796  -0.421851   0.238272    4.78592
 -0.268975 -0.0138211   0.963048 -0.0450275
         0          0          0          1
v_world_imu:  -0.310064   0.444725 -0.0081599
frame_331
id: 331
stamp: 1784010308.626891136
T_odom_lidar: 
  -0.430224   -0.894007   -0.125137     11.4553
   0.861455   -0.448027    0.239098     4.82709
   -0.26982 -0.00493448    0.962898   -0.100733
          0           0           0           1
T_world_lidar: 
  -0.42985  -0.893064  -0.132913    11.4563
  0.861936  -0.449715   0.234144    4.83106
 -0.268878 -0.0139157   0.963074 -0.0453708
         0          0          0          1
v_world_imu:   -0.326366     0.44513 -0.00331651
frame_332
id: 332
stamp: 1784010308.726814985
T_odom_lidar: 
  -0.454945   -0.880702   -0.131871     11.4216
   0.849469   -0.473631    0.232544     4.87187
   -0.26726 -0.00622578    0.963604   -0.100672
          0           0           0           1
T_world_lidar: 
   -0.4545  -0.879346  -0.142055    11.4224
  0.849568   -0.47587   0.227556     4.8757
   -0.2677 -0.0172611   0.963348  -0.045509
         0          0          0          1
v_world_imu:  -0.346593   0.438907 -0.0061465
frame_333
id: 333
stamp: 1784010308.826884031
T_odom_lidar: 
   -0.48169   -0.865661   -0.136401     11.3863
   0.835088   -0.500614    0.228066     4.91685
  -0.265712 -0.00404934    0.964044   -0.101268
          0           0           0           1
T_world_lidar: 
 -0.480836  -0.864248   -0.14789    11.3871
  0.835422  -0.502785   0.221985    4.92026
 -0.266207 -0.0168125   0.963769 -0.0461903
         0          0          0          1
v_world_imu:   -0.356361    0.439631 -0.00626297
frame_334
id: 334
stamp: 1784010308.927021980
T_odom_lidar: 
  -0.508253   -0.849468   -0.141716     11.3488
   0.819872   -0.527631    0.222296     4.96105
  -0.263607 -0.00320664    0.964625   -0.102249
          0           0           0           1
T_world_lidar: 
 -0.506679  -0.848264  -0.154027    11.3497
  0.820432  -0.529306   0.216165    4.96453
 -0.264893 -0.0168424   0.964131 -0.0471858
         0          0          0          1
v_world_imu:   -0.380997    0.434018 -0.00891865
frame_335
id: 335
stamp: 1784010309.026722193
T_odom_lidar: 
    -0.5334   -0.832669   -0.148819     11.3098
   0.803953   -0.553757    0.216825     5.00396
  -0.262953 -0.00398914      0.9648   -0.103001
          0           0           0           1
T_world_lidar: 
 -0.531796  -0.831313  -0.161592    11.3109
  0.804542  -0.555503   0.210067    5.00793
 -0.264396 -0.0182947   0.964241  -0.047746
         0          0          0          1
v_world_imu:  -0.395092    0.42682 -0.0123545
frame_336
id: 336
stamp: 1784010309.126927137
T_odom_lidar: 
  -0.559317   -0.814644   -0.153361     11.2692
   0.786496   -0.579958    0.212303     5.04689
  -0.261895 -0.00187317    0.965095   -0.104015
          0           0           0           1
T_world_lidar: 
 -0.557609   -0.81336  -0.165886    11.2702
  0.787263  -0.581533   0.205028    5.05144
 -0.263229 -0.0162703   0.964596 -0.0486176
         0          0          0          1
v_world_imu:   -0.413959    0.422357 -0.00161794
frame_337
id: 337
stamp: 1784010309.226982117
T_odom_lidar: 
  -0.583112   -0.796475   -0.160026     11.2273
   0.768901   -0.604669    0.207768     5.08899
  -0.262245 -0.00189227    0.964999   -0.103781
          0           0           0           1
T_world_lidar: 
 -0.581045  -0.795366  -0.172566    11.2279
   0.77024  -0.605884   0.199085     5.0936
   -0.2629 -0.0172398   0.964669 -0.0489502
         0          0          0          1
v_world_imu:   -0.423073    0.405443 0.000527214
frame_338
id: 338
stamp: 1784010309.326699018
T_odom_lidar: 
  -0.606363    -0.77728   -0.167808     11.1843
   0.750085   -0.629151     0.20382     5.12946
  -0.264002 -0.00228094    0.964519   -0.103652
          0           0           0           1
T_world_lidar: 
 -0.604139  -0.776404   -0.17948    11.1846
  0.752184  -0.629972   0.193272    5.13416
 -0.263124 -0.0182383    0.96459 -0.0493232
         0          0          0          1
v_world_imu:   -0.439198    0.397822 -0.00797767
frame_339
id: 339
stamp: 1784010309.426926136
T_odom_lidar: 
   -0.629929    -0.756887      -0.1741      11.1392
    0.729927    -0.653545     0.200213      5.16841
   -0.265321 -0.000960489      0.96416    -0.104007
           0            0            0            1
T_world_lidar: 
 -0.628059  -0.755625  -0.185935    11.1391
  0.731959  -0.654764   0.188469    5.17359
 -0.264155 -0.0177272   0.964317 -0.0499504
         0          0          0          1
v_world_imu:   -0.457295     0.37376 -0.00183046
frame_340
id: 340
stamp: 1784010309.526517153
T_odom_lidar: 
  -0.656085   -0.731981   -0.183731     11.0922
   0.706264   -0.681316    0.192352      5.2043
  -0.265977 -0.00356313    0.963973   -0.104141
          0           0           0           1
T_world_lidar: 
 -0.653663  -0.731246  -0.194945    11.0915
  0.709138  -0.681796   0.179659    5.21011
 -0.264288 -0.0208059   0.964219 -0.0503919
         0          0          0          1
v_world_imu:   -0.479384    0.352694 -0.00604326
frame_341
id: 341
stamp: 1784010309.626964092
T_odom_lidar: 
  -0.682632   -0.705332   -0.191104     11.0434
   0.680225   -0.708873    0.186531     5.23902
  -0.267035 -0.00266158    0.963683   -0.104735
          0           0           0           1
T_world_lidar: 
 -0.680554  -0.704409  -0.201629    11.0423
   0.68313  -0.709512   0.172993    5.24543
 -0.264916 -0.0200081   0.964064 -0.0512276
         0          0          0          1
v_world_imu:   -0.499328    0.332285 -0.00828515
frame_342
id: 342
stamp: 1784010309.726829052
T_odom_lidar: 
  -0.708616   -0.677331   -0.197702      10.993
   0.653162   -0.735675    0.179337     5.27159
  -0.266915 -0.00205081    0.963718   -0.105021
          0           0           0           1
T_world_lidar: 
 -0.706564  -0.676491  -0.207671    10.9914
  0.656355  -0.736187   0.165005    5.27854
 -0.264509 -0.0197193   0.964182 -0.0516793
         0          0          0          1
v_world_imu:   -0.507436     0.31589 -0.00310999
frame_343
id: 343
stamp: 1784010309.826810122
T_odom_lidar: 
 -0.733304  -0.648928  -0.202874    10.9418
  0.626082  -0.760848   0.170681    5.30199
 -0.265116 -0.0018551   0.964215  -0.104993
         0          0          0          1
T_world_lidar: 
 -0.730877  -0.648656  -0.212286    10.9397
  0.629871  -0.760831   0.156202    5.30945
 -0.262834 -0.0195484   0.964643 -0.0518865
         0          0          0          1
v_world_imu:   -0.514664    0.297661 -0.00778846
frame_344
id: 344
stamp: 1784010309.926752090
T_odom_lidar: 
   -0.755926    -0.620324    -0.209224      10.8894
    0.597874    -0.784346     0.165373      5.33089
   -0.266688 -8.01579e-05     0.963783    -0.105538
           0            0            0            1
T_world_lidar: 
 -0.753686  -0.620007  -0.218056    10.8867
  0.601714  -0.784396   0.150545    5.33869
 -0.264381 -0.0177436   0.964255  -0.052712
         0          0          0          1
v_world_imu: -0.531147   0.27596 -0.012132
frame_345
id: 345
stamp: 1784010310.026936054
T_odom_lidar: 
  -0.777382   -0.591238   -0.214745     10.8357
   0.569635   -0.806497    0.158361     5.35767
   -0.26682 0.000781071    0.963746   -0.105714
          0           0           0           1
T_world_lidar: 
 -0.775241  -0.590966   -0.22307    10.8324
  0.573583   -0.80652   0.143278    5.36581
 -0.264583 -0.0168738   0.964215 -0.0531853
         0          0          0          1
v_world_imu:  -0.539626   0.254669 0.00273154
frame_346
id: 346
stamp: 1784010310.126670122
T_odom_lidar: 
 -0.797871  -0.560806  -0.221129    10.7814
  0.540061  -0.827946   0.151127    5.38221
 -0.267836 0.00115675   0.963464  -0.106706
         0          0          0          1
T_world_lidar: 
 -0.795393   -0.56124  -0.228822    10.7774
  0.544534  -0.827503    0.13683    5.39056
 -0.266145 -0.0157675   0.963804 -0.0544883
         0          0          0          1
v_world_imu:  -0.548093   0.231481 -0.0103404
frame_347
id: 347
stamp: 1784010310.226941109
T_odom_lidar: 
  -0.816958   -0.530068   -0.227172     10.7263
    0.51048   -0.847955    0.142768      5.4045
  -0.268308 0.000669055    0.963333   -0.107443
          0           0           0           1
T_world_lidar: 
 -0.814636  -0.530787   -0.23374    10.7215
  0.515023  -0.847372   0.129278    5.41305
 -0.266683 -0.0150673   0.963666 -0.0555415
         0          0          0          1
v_world_imu:  -0.554488   0.208576 -0.0120289
frame_348
id: 348
stamp: 1784010310.326546192
T_odom_lidar: 
   -0.834164    -0.500147    -0.232428      10.6718
    0.481929     -0.86594      0.13376       5.4241
   -0.268169 -0.000435798     0.963372    -0.107989
           0            0            0            1
T_world_lidar: 
 -0.832217  -0.500833  -0.237868    10.6662
  0.486047  -0.865424   0.121651    5.43278
 -0.266784 -0.0143744   0.963649 -0.0563069
         0          0          0          1
v_world_imu:  -0.543377   0.184082 -0.0103462
frame_349
id: 349
stamp: 1784010310.426830053
T_odom_lidar: 
 -0.850296  -0.469897  -0.237052    10.6168
  0.452028  -0.882719   0.128367    5.44203
 -0.269569 0.00199588   0.962979  -0.109078
         0          0          0          1
T_world_lidar: 
  -0.849061   -0.470046   -0.241146     10.6106
   0.454934   -0.882596    0.118574     5.45093
   -0.26857 -0.00902896    0.963218  -0.0575489
          0           0           0           1
v_world_imu:   -0.549587    0.163861 -0.00537743
frame_350
id: 350
stamp: 1784010310.526762009
T_odom_lidar: 
 -0.865433  -0.438597  -0.242195    10.5613
  0.421878  -0.898682   0.119954    5.45737
 -0.270268 0.00163558   0.962784  -0.109837
         0          0          0          1
T_world_lidar: 
  -0.864794   -0.438816   -0.244075     10.5549
   0.423817   -0.898563    0.113858     5.46691
  -0.269279 -0.00497938    0.963049  -0.0586285
          0           0           0           1
v_world_imu:   -0.549928    0.144347 -0.00849088
frame_351
id: 351
stamp: 1784010310.626867056
T_odom_lidar: 
 -0.879485  -0.406577  -0.247391    10.5054
  0.390897  -0.913615   0.111835    5.47115
  -0.27149 0.00165317    0.96244  -0.110323
         0          0          0          1
T_world_lidar: 
  -0.878622   -0.406447   -0.250648     10.4991
   0.393585   -0.913628    0.101851     5.48094
  -0.270397 -0.00916274    0.962705  -0.0592974
          0           0           0           1
v_world_imu:   -0.549372    0.133423 -0.00746453
frame_352
id: 352
stamp: 1784010310.726933002
T_odom_lidar: 
-0.891377 -0.377052 -0.251554   10.4492
 0.362465 -0.926191  0.103872   5.48417
-0.272152   0.00141  0.962253 -0.110918
        0         0         0         1
T_world_lidar: 
 -0.890354  -0.376501  -0.255963    10.4432
  0.365563  -0.926331  0.0909675    5.49437
 -0.271355 -0.0125771   0.962397 -0.0599773
         0          0          0          1
v_world_imu:   -0.553198    0.130942 -0.00936617
frame_353
id: 353
stamp: 1784010310.827013016
T_odom_lidar: 
   -0.901655     -0.34957    -0.254595      10.3929
    0.336442     -0.93691    0.0948992      5.49666
   -0.271707 -9.01279e-05      0.96238    -0.111092
           0            0            0            1
T_world_lidar: 
  -0.90032  -0.349127  -0.259874    10.3874
  0.340052  -0.936943  0.0806389    5.50715
  -0.27164 -0.0157698    0.96227 -0.0603265
         0          0          0          1
v_world_imu:   -0.550426    0.111039 -0.00680357
frame_354
id: 354
stamp: 1784010310.927235126
T_odom_lidar: 
   -0.911481    -0.321631    -0.256429      10.3364
    0.309644    -0.946865    0.0869903      5.50758
   -0.270782 -0.000111498     0.962641    -0.111438
           0            0            0            1
T_world_lidar: 
 -0.910189  -0.321298  -0.261387    10.3315
  0.313684  -0.946828  0.0715493    5.51836
 -0.270477 -0.0168696   0.962578 -0.0609132
         0          0          0          1
v_world_imu:   -0.556202    0.103738 -0.00699838
frame_355
id: 355
stamp: 1784010311.026491165
T_odom_lidar: 
   -0.920011     -0.29574    -0.257135      10.2801
    0.284875    -0.955269    0.0794238      5.51727
   -0.269121 -0.000180471     0.963106    -0.111869
           0            0            0            1
T_world_lidar: 
 -0.918683  -0.295761  -0.261814    10.2758
  0.289468  -0.955098  0.0632178     5.5283
 -0.268756 -0.0177097   0.963046 -0.0614001
         0          0          0          1
v_world_imu:  -0.554649   0.102694 -0.0032041
frame_356
id: 356
stamp: 1784010311.126753092
T_odom_lidar: 
   -0.92579   -0.276686   -0.257601     10.2237
   0.267368   -0.960956   0.0712593     5.52767
  -0.267259 -0.00290296     0.96362   -0.112015
          0           0           0           1
T_world_lidar: 
 -0.924321   -0.27736   -0.26211    10.2201
  0.272523  -0.960553  0.0553957    5.53899
 -0.267135 -0.0202277   0.963447 -0.0616756
         0          0          0          1
v_world_imu:   -0.551787     0.10831 -0.00645419
frame_357
id: 357
stamp: 1784010311.226751089
T_odom_lidar: 
  -0.928725   -0.266512   -0.257763     10.1677
   0.257733   -0.963826    0.067924     5.54011
  -0.266542 -0.00335149    0.963818    -0.11261
          0           0           0           1
T_world_lidar: 
 -0.927216  -0.267517  -0.262117    10.1647
  0.263163  -0.963335  0.0522633    5.55159
 -0.266487 -0.0205201    0.96362 -0.0624676
         0          0          0          1
v_world_imu:   -0.549779    0.145017 -0.00347727
frame_358
id: 358
stamp: 1784010311.326774120
T_odom_lidar: 
  -0.929505   -0.263669   -0.257872     10.1119
   0.255339   -0.964602   0.0659138     5.55455
  -0.266124 -0.00457754    0.963928   -0.113155
          0           0           0           1
T_world_lidar: 
  -0.92795  -0.265014  -0.262061    10.1095
  0.261016  -0.964006  0.0506164     5.5661
 -0.266043 -0.0214328   0.963723 -0.0632075
         0          0          0          1
v_world_imu:  -0.554485   0.142946 -0.0189117
frame_359
id: 359
stamp: 1784010311.426824093
T_odom_lidar: 
  -0.929438   -0.262368   -0.259437     10.0561
   0.254774   -0.964939   0.0631074       5.569
  -0.266898 -0.00744334    0.963696   -0.113484
          0           0           0           1
T_world_lidar: 
 -0.928258  -0.262893  -0.263105    10.0541
   0.25937   -0.96455  0.0486942    5.58068
  -0.26658 -0.0230408   0.963537 -0.0635465
         0          0          0          1
v_world_imu:   -0.553995    0.146883 -0.00986846
frame_360
id: 360
stamp: 1784010311.526736975
T_odom_lidar: 
   -0.93034   -0.258782   -0.259805     10.0001
   0.250912   -0.965917   0.0636188     5.58376
  -0.267413 -0.00600104    0.963563   -0.113807
          0           0           0           1
T_world_lidar: 
 -0.928847  -0.260531  -0.263375    9.99864
  0.256669  -0.965225  0.0496068    5.59563
 -0.267141 -0.0215232   0.963417 -0.0640371
         0          0          0          1
v_world_imu:  -0.551677   0.145794 -0.0061132
frame_361
id: 361
stamp: 1784010311.626590967
T_odom_lidar: 
  -0.930728   -0.257389   -0.259802     9.94465
   0.249297   -0.966295   0.0642271     5.59821
  -0.267577 -0.00498989    0.963524   -0.113721
          0           0           0           1
T_world_lidar: 
 -0.929177   -0.25939  -0.263337    9.94358
  0.255291  -0.965555  0.0502938    5.61012
 -0.267312 -0.0204958   0.963392  -0.064344
         0          0          0          1
v_world_imu:     -0.5506    0.145108 -0.00270082
frame_362
id: 362
stamp: 1784010311.726680040
T_odom_lidar: 
  -0.930776   -0.256898   -0.260115     9.88962
   0.249116   -0.966419    0.063046     5.61215
  -0.267576 -0.00611719    0.963517   -0.113414
          0           0           0           1
T_world_lidar: 
 -0.929234  -0.258647  -0.263867    9.88897
  0.254926  -0.965725   0.048871    5.62422
 -0.267463 -0.0218542    0.96332 -0.0644554
         0          0          0          1
v_world_imu:   -0.540897    0.142475 -0.00258095
frame_363
id: 363
stamp: 1784010311.826600075
T_odom_lidar: 
  -0.931363   -0.255867   -0.259027     9.83506
    0.24768   -0.966703   0.0643458     5.62672
  -0.266866 -0.00422645    0.963724   -0.113556
          0           0           0           1
T_world_lidar: 
  -0.92959  -0.258154  -0.263094    9.83472
  0.253908  -0.965902  0.0506332    5.63888
 -0.267195 -0.0197336    0.96344 -0.0648134
         0          0          0          1
v_world_imu:  -0.543312   0.146055 0.00429875
frame_364
id: 364
stamp: 1784010311.926644087
T_odom_lidar: 
  -0.931522   -0.255483   -0.258834     9.78048
   0.247212   -0.966806   0.0645941     5.64122
  -0.266745 -0.00381627     0.96376   -0.113905
          0           0           0           1
T_world_lidar: 
 -0.929702  -0.257822  -0.263023    9.78031
  0.253471     -0.966  0.0509609    5.65339
 -0.267219 -0.0192902   0.963443  -0.065193
         0          0          0          1
v_world_imu:   -0.545256     0.14502 -0.00422402
frame_365
id: 365
stamp: 1784010312.026714087
T_odom_lidar: 
  -0.932384   -0.254692     -0.2565     9.72637
   0.246864   -0.967011   0.0628391     5.65566
  -0.264043 -0.00473034    0.964499   -0.114295
          0           0           0           1
T_world_lidar: 
 -0.930154   -0.25757  -0.261672    9.72618
  0.253495  -0.966053  0.0498221    5.66775
 -0.265621 -0.0199901    0.96387 -0.0653396
         0          0          0          1
v_world_imu:   -0.543403    0.144661 -0.00510362
frame_366
id: 366
stamp: 1784010312.126582146
T_odom_lidar: 
 -0.932915  -0.254347  -0.254905    9.67203
  0.245701  -0.967112  0.0657658    5.67038
 -0.263249 -0.0012765   0.964727  -0.114667
         0          0          0          1
T_world_lidar: 
 -0.930483  -0.257267  -0.260798    9.67191
  0.252342  -0.966196   0.052802     5.6826
 -0.265567 -0.0166789   0.963948 -0.0657153
         0          0          0          1
v_world_imu:  -0.545294   0.144618 0.00140603
frame_367
id: 367
stamp: 1784010312.226808071
T_odom_lidar: 
 -0.933296  -0.254937  -0.252914    9.61747
  0.245749  -0.966957  0.0678336    5.68506
 -0.261851 0.00115542   0.965108  -0.114808
         0          0          0          1
T_world_lidar: 
 -0.930767  -0.257924  -0.259129    9.61754
  0.252317  -0.966065  0.0552734    5.69733
 -0.264591 -0.0139359    0.96426 -0.0659605
         0          0          0          1
v_world_imu:   -0.542887    0.144251 -0.00363797
frame_368
id: 368
stamp: 1784010312.326544046
T_odom_lidar: 
 -0.932911    -0.2562  -0.253059    9.56283
  0.246874  -0.966623  0.0685094    5.69963
 -0.262165 0.00143933   0.965022   -0.11492
         0          0          0          1
T_world_lidar: 
 -0.930561  -0.258648  -0.259146    9.56324
  0.252926  -0.965876  0.0557932    5.71173
 -0.264734 -0.0136258   0.964225 -0.0661383
         0          0          0          1
v_world_imu:   -0.547063    0.148821 -0.00401211
frame_369
id: 369
stamp: 1784010312.426622152
T_odom_lidar: 
 -0.932741  -0.257279   -0.25259    9.50748
  0.246851  -0.966322  0.0727101    5.71497
  -0.26279 0.00546751   0.964837  -0.115188
         0          0          0          1
T_world_lidar: 
  -0.930464   -0.259667   -0.258476     9.50849
   0.252672   -0.965656   0.0605353     5.72705
  -0.265318 -0.00898383    0.964119  -0.0664964
          0           0           0           1
v_world_imu:  -0.547282   0.149901 0.00237768
frame_370
id: 370
stamp: 1784010312.526407003
T_odom_lidar: 
 -0.931877  -0.258266  -0.254763    9.45167
  0.247202  -0.966048  0.0751111    5.73027
 -0.265512 0.00701634   0.964082  -0.115674
         0          0          0          1
T_world_lidar: 
  -0.929611   -0.260925   -0.260273     9.45327
   0.253251   -0.965333   0.0632184     5.74223
  -0.267745 -0.00714585    0.963463   -0.067233
          0           0           0           1
v_world_imu:  -0.552788   0.153087 0.00773891
frame_371
id: 371
stamp: 1784010312.626684189
T_odom_lidar: 
 -0.931364  -0.260083  -0.254791    9.39596
  0.249049  -0.965564  0.0752417    5.74553
 -0.265586 0.00662179   0.964064  -0.115781
         0          0          0          1
T_world_lidar: 
  -0.929318   -0.262549   -0.259685     9.39805
   0.254751   -0.964895   0.0638722     5.75743
  -0.267338 -0.00679741    0.963579  -0.0677006
          0           0           0           1
v_world_imu:   -0.552801    0.156007 -0.00529199
frame_372
id: 372
stamp: 1784010312.726642132
T_odom_lidar: 
 -0.930828  -0.262028  -0.254755    9.33956
  0.250461  -0.965025  0.0774372    5.76141
 -0.266136 0.00827453     0.9639  -0.116384
         0          0          0          1
T_world_lidar: 
  -0.928868   -0.264573   -0.259241     9.34195
   0.255874   -0.964358   0.0673911     5.77324
  -0.267831 -0.00373556    0.963459  -0.0684947
          0           0           0           1
v_world_imu:   -0.564052    0.158383 -0.00506528
frame_373
id: 373
stamp: 1784010312.826733112
T_odom_lidar: 
 -0.929404  -0.264336  -0.257553    9.28335
  0.252215  -0.964388  0.0796445    5.77702
 -0.269434 0.00906297   0.962976  -0.117128
         0          0          0          1
T_world_lidar: 
  -0.927607   -0.266489    -0.26178     9.28598
   0.257065   -0.963836    0.070274     5.78878
   -0.27104 -0.00210788    0.962566  -0.0692904
          0           0           0           1
v_world_imu:   -0.560518     0.15001 -0.00411939
frame_374
id: 374
stamp: 1784010312.926648140
T_odom_lidar: 
 -0.928671  -0.264912  -0.259599    9.22711
  0.252958  -0.964242  0.0790615    5.79266
  -0.27126 0.00775471   0.962475  -0.117831
         0          0          0          1
T_world_lidar: 
 -0.927181   -0.26683  -0.262938     9.2297
  0.257203  -0.963742  0.0710493    5.80406
 -0.272363 -0.0017529   0.962193  -0.070146
         0          0          0          1
v_world_imu:  -0.563146   0.157912 -0.0157114
frame_375
id: 375
stamp: 1784010313.026679993
T_odom_lidar: 
 -0.928451  -0.264714  -0.260586    9.17073
  0.252527  -0.964291  0.0798286    5.80902
 -0.272412 0.00831188   0.962145  -0.118556
         0          0          0          1
T_world_lidar: 
 -0.927227  -0.266774  -0.262835    9.17319
  0.256372  -0.963758  0.0737774    5.82001
 -0.272992 0.00102483   0.962016 -0.0711566
         0          0          0          1
v_world_imu:  -0.565012   0.156026 -0.0142051
frame_376
id: 376
stamp: 1784010313.126610994
T_odom_lidar: 
 -0.928011  -0.262695  -0.264173    9.11395
  0.250797  -0.964857  0.0784362    5.82445
 -0.275494 0.00653579   0.961281  -0.119506
         0          0          0          1
T_world_lidar: 
   -0.9274  -0.264065  -0.264952    9.11639
  0.253322  -0.964503  0.0745802    5.83526
 -0.275241 0.00204736   0.961373 -0.0723429
         0          0          0          1
v_world_imu:  -0.564491   0.144024 -0.0072772
frame_377
id: 377
stamp: 1784010313.226557970
T_odom_lidar: 
 -0.930989  -0.248835  -0.267095    9.05672
  0.237571  -0.968529  0.0742366    5.83642
 -0.277162 0.00565944   0.960806  -0.120487
         0          0          0          1
T_world_lidar: 
  -0.929983   -0.249867   -0.269627     9.05904
   0.240404   -0.968279   0.0681293     5.84722
  -0.278097 -0.00146025    0.960552  -0.0736159
          0           0           0           1
v_world_imu:   -0.578544   0.0868788 -0.00699487
frame_378
id: 378
stamp: 1784010313.326604128
T_odom_lidar: 
 -0.936943  -0.222961  -0.269122    8.99846
  0.212639   -0.97481  0.0673063    5.84283
  -0.27735 0.00583622   0.960751  -0.121828
         0          0          0          1
T_world_lidar: 
  -0.935941   -0.222525   -0.272943     9.00073
   0.214805   -0.974918   0.0582498     5.85386
  -0.279059 -0.00411107    0.960265  -0.0747469
          0           0           0           1
v_world_imu:   -0.569179   0.0540007 -0.00989493
frame_379
id: 379
stamp: 1784010313.426519156
T_odom_lidar: 
 -0.942332  -0.194215  -0.272562    8.93985
  0.185998  -0.980957  0.0559323    5.84662
 -0.278234 0.00201089   0.960511  -0.122619
         0          0          0          1
T_world_lidar: 
  -0.941304   -0.193164    -0.27683      8.9423
   0.187981   -0.981122   0.0454091     5.85785
  -0.280376 -0.00929506    0.959845  -0.0758136
          0           0           0           1
v_world_imu:  -0.582244  0.0326702 -0.0137114
frame_380
id: 380
stamp: 1784010313.526579142
T_odom_lidar: 
  -0.94792  -0.162228  -0.274099    8.88082
   0.15543  -0.986752  0.0464935    5.84815
  -0.27801 0.00146901   0.960577  -0.123945
         0          0          0          1
T_world_lidar: 
 -0.946784    -0.1614  -0.278477    8.88364
   0.15789  -0.986831   0.035143    5.85973
 -0.280482 -0.0106958     0.9598 -0.0773171
         0          0          0          1
v_world_imu:  -0.575622 0.00133087 -0.0161532
frame_381
id: 381
stamp: 1784010313.626677990
T_odom_lidar: 
  -0.952626   -0.129633   -0.275133     8.82181
    0.12434   -0.991562   0.0366716     5.84725
  -0.277565 0.000724315    0.960707   -0.125008
          0           0           0           1
T_world_lidar: 
 -0.951449  -0.128941  -0.279496    8.82496
  0.127216  -0.991575  0.0243849    5.85918
 -0.280286 -0.0123553   0.959837 -0.0785169
         0          0          0          1
v_world_imu:    -0.5807 -0.0179655 -0.0139633
frame_382
id: 382
stamp: 1784010313.726493120
T_odom_lidar: 
  -0.956359  -0.0959805   -0.275981     8.76347
  0.0927558   -0.995381   0.0247459      5.8438
  -0.277082 -0.00193289    0.960844   -0.125948
          0           0           0           1
T_world_lidar: 
 -0.955284   -0.09485  -0.280063     8.7669
 0.0953311  -0.995374  0.0119362    5.85603
   -0.2799 -0.0152962   0.959907 -0.0794665
         0          0          0          1
v_world_imu:  -0.570788 -0.0362631 -0.0159125
frame_383
id: 383
stamp: 1784010313.826357126
T_odom_lidar: 
  -0.959357  -0.0609778   -0.275529      8.7057
  0.0594038   -0.998135   0.0140625     5.83821
  -0.275873 -0.00287652     0.96119   -0.127187
          0           0           0           1
T_world_lidar: 
  -0.958447  -0.0599787   -0.278896      8.7092
  0.0621862   -0.998064 0.000933563     5.85061
  -0.278412  -0.0164487    0.960321  -0.0807097
          0           0           0           1
v_world_imu:   -0.567156   -0.064984 -0.00679474
frame_384
id: 384
stamp: 1784010313.926392078
T_odom_lidar: 
  -0.961469  -0.0292444   -0.273354     8.64876
  0.0295329   -0.999559  0.00306014     5.83102
  -0.273323 -0.00513073    0.961909   -0.127943
          0           0           0           1
T_world_lidar: 
   -0.96064  -0.0283463   -0.276348     8.65204
   0.032351   -0.999427 -0.00994232     5.84362
  -0.275907  -0.0184911    0.961006  -0.0813434
          0           0           0           1
v_world_imu:   -0.557893  -0.0647817 0.000121441
frame_385
id: 385
stamp: 1784010314.026426077
T_odom_lidar: 
  -0.962513 -0.00570694   -0.271175      8.5936
 0.00695404   -0.999969 -0.00363822     5.82435
  -0.271146 -0.00538759    0.962523   -0.128927
          0           0           0           1
T_world_lidar: 
  -0.961528 -0.00432176   -0.274672     8.59659
 0.00915374   -0.999825  -0.0163125     5.83722
  -0.274553  -0.0181992      0.9614  -0.0822835
          0           0           0           1
v_world_imu:  -0.545788 -0.0635781 -0.0142293
frame_386
id: 386
stamp: 1784010314.126281977
T_odom_lidar: 
  -0.963204   0.0159444   -0.268298     8.53869
 -0.0140011    -0.99986 -0.00915501     5.81745
  -0.268407 -0.00506167    0.963292   -0.129404
          0           0           0           1
T_world_lidar: 
 -0.962566  0.0162524  -0.270558    8.54185
-0.0106228  -0.999696 -0.0222588    5.83059
 -0.270837 -0.0185515   0.962446 -0.0830497
         0          0          0          1
v_world_imu:   -0.551329  -0.0688087 -0.00568145
frame_387
id: 387
stamp: 1784010314.226479053
T_odom_lidar: 
  -0.963451   0.0349915   -0.265589     8.48349
 -0.0323829   -0.999375  -0.0141959     5.81012
   -0.26592 -0.00507654    0.963982   -0.129258
          0           0           0           1
T_world_lidar: 
 -0.962928  0.0351584  -0.267458    8.48681
-0.0288915  -0.999209 -0.0273319    5.82344
 -0.268207 -0.0185914   0.963182 -0.0831255
         0          0          0          1
v_world_imu:  -0.547407 -0.0793308  0.0031571
frame_388
id: 388
stamp: 1784010314.326529026
T_odom_lidar: 
 -0.963103   0.054493  -0.263559    8.42839
-0.0512929  -0.998503  -0.019013    5.80182
 -0.264201 -0.0047927   0.964456   -0.12945
         0          0          0          1
T_world_lidar: 
  -0.96249  0.0547936  -0.265728    8.43171
 -0.048029  -0.998337 -0.0318935    5.81525
 -0.267033 -0.0179345    0.96352  -0.083737
         0          0          0          1
v_world_imu:  -0.545979 -0.0825446 0.00233309
frame_389
id: 389
stamp: 1784010314.426544189
T_odom_lidar: 
  -0.962236   0.0739048   -0.261992     8.37316
 -0.0700767   -0.997254  -0.0239378     5.79247
  -0.263042 -0.00467432    0.964773   -0.129596
          0           0           0           1
T_world_lidar: 
 -0.961873  0.0740698  -0.263277    8.37653
-0.0666536   -0.99709  -0.037003    5.80601
 -0.265252 -0.0180438    0.96401 -0.0841633
         0          0          0          1
v_world_imu:  -0.548346 -0.0976704 -0.0031521
frame_390
id: 390
stamp: 1784010314.526390076
T_odom_lidar: 
  -0.961799   0.0921102   -0.257795      8.3192
 -0.0874578   -0.995732  -0.0294818      5.7821
   -0.25941 -0.00580934     0.96575   -0.128964
          0           0           0           1
T_world_lidar: 
 -0.961275  0.0925198  -0.259595    8.32222
-0.0844549  -0.995539 -0.0420755    5.79568
  -0.26233 -0.0185221     0.9648 -0.0838294
         0          0          0          1
v_world_imu:  -0.534813  -0.107809 0.00290361
frame_391
id: 391
stamp: 1784010314.626327991
T_odom_lidar: 
  -0.959947    0.110143   -0.257626     8.26625
  -0.105496    -0.99391  -0.0318377     5.77141
  -0.259563 -0.00338415     0.96572   -0.128855
          0           0           0           1
T_world_lidar: 
 -0.959479   0.110897  -0.259041    8.26856
 -0.102737  -0.993696 -0.0448757    5.78484
 -0.262385 -0.0164443   0.964823 -0.0838749
         0          0          0          1
v_world_imu:   -0.532044    -0.11486 -0.00476821
frame_392
id: 392
stamp: 1784010314.726509094
T_odom_lidar: 
  -0.958399      0.1282   -0.255023     8.21325
  -0.122738   -0.991738   -0.037285     5.75913
  -0.257697 -0.00443272    0.966216   -0.128508
          0           0           0           1
T_world_lidar: 
 -0.957801   0.129557   -0.25658    8.21495
 -0.120547  -0.991417 -0.0506062    5.77248
 -0.260934 -0.0175408   0.965197  -0.083783
         0          0          0          1
v_world_imu:  -0.532859  -0.126103 0.00182017
frame_393
id: 393
stamp: 1784010314.826696157
T_odom_lidar: 
 -0.956154   0.146835  -0.253394    8.16013
 -0.140544  -0.989146 -0.0428567    5.74582
 -0.256937 -0.0053646   0.966413  -0.127855
         0          0          0          1
T_world_lidar: 
 -0.955556   0.147411   -0.25531    8.16165
 -0.137513  -0.988899 -0.0562972    5.75918
 -0.260774 -0.0186868   0.965219 -0.0832811
         0          0          0          1
v_world_imu:  -0.523533  -0.134666 0.00233305
frame_394
id: 394
stamp: 1784010314.926439047
T_odom_lidar: 
  -0.952832    0.166219   -0.253933     8.10698
  -0.159312   -0.986076  -0.0476804     5.73173
  -0.258323 -0.00497683    0.966046   -0.127985
          0           0           0           1
T_world_lidar: 
 -0.952587   0.166658  -0.254565    8.10874
 -0.156252  -0.985849 -0.0607156    5.74509
 -0.261081 -0.0180605   0.965148 -0.0835607
         0          0          0          1
v_world_imu:   -0.526839   -0.147688 -0.00655469
frame_395
id: 395
stamp: 1784010315.026491165
T_odom_lidar: 
  -0.949735    0.185171   -0.252417     8.05366
  -0.177497   -0.982691  -0.0530483     5.71637
  -0.257871 -0.00557859    0.966163   -0.127642
          0           0           0           1
T_world_lidar: 
  -0.94938   0.185942  -0.253185    8.05563
 -0.174869  -0.982393 -0.0657645    5.72964
 -0.260955 -0.0181613    0.96518 -0.0833754
         0          0          0          1
v_world_imu:  -0.525978  -0.163513 0.00284729
frame_396
id: 396
stamp: 1784010315.126320124
T_odom_lidar: 
  -0.946492    0.204758   -0.249454     8.00132
  -0.195936   -0.978781  -0.0599777     5.69954
  -0.256441 -0.00789155    0.966528   -0.126875
          0           0           0           1
T_world_lidar: 
 -0.946211   0.205119  -0.250222    8.00329
 -0.192947  -0.978526 -0.0725173    5.71272
 -0.259723 -0.0203372   0.965469 -0.0829097
         0          0          0          1
v_world_imu:   -0.517301   -0.172458 -0.00160963
frame_397
id: 397
stamp: 1784010315.226360083
T_odom_lidar: 
 -0.942188   0.224509  -0.248753    7.94935
 -0.215452  -0.974453 -0.0634229     5.6821
 -0.256637 -0.0061619   0.966488  -0.126451
         0          0          0          1
T_world_lidar: 
 -0.942078   0.224474  -0.249198    7.95111
 -0.212149  -0.974307  -0.075628    5.69519
 -0.259772 -0.0183805   0.965495  -0.082712
         0          0          0          1
v_world_imu:  -0.515189  -0.181128 0.00371604
frame_398
id: 398
stamp: 1784010315.326266050
T_odom_lidar: 
  -0.937769    0.243585   -0.247497     7.89792
  -0.233495   -0.969849  -0.0698048     5.66327
  -0.257039 -0.00767145    0.966371   -0.125888
          0           0           0           1
T_world_lidar: 
 -0.937744   0.243775  -0.247404    7.89924
  -0.23066  -0.969645 -0.0811465    5.67614
 -0.259676 -0.0190285   0.965508 -0.0825098
         0          0          0          1
v_world_imu:    -0.513097    -0.196184 -0.000148408
frame_399
id: 399
stamp: 1784010315.426307201
T_odom_lidar: 
  -0.932952    0.262814   -0.246026     7.84675
  -0.251716   -0.964804  -0.0761084      5.6429
  -0.257369 -0.00907689    0.966271   -0.125209
          0           0           0           1
T_world_lidar: 
 -0.932987   0.263355  -0.245314    7.84771
 -0.249336  -0.964489 -0.0871374    5.65543
 -0.259551 -0.0201324    0.96552 -0.0822388
         0          0          0          1
v_world_imu:  -0.512238  -0.208261 0.00341952
frame_400
id: 400
stamp: 1784010315.526350975
T_odom_lidar: 
  -0.926986    0.283315   -0.245826     7.79456
  -0.271905      -0.959  -0.0799224     5.62158
  -0.258391 -0.00724561    0.966013   -0.124973
          0           0           0           1
T_world_lidar: 
 -0.927039   0.283893  -0.244956    7.79595
 -0.270145  -0.958721 -0.0887494    5.63404
 -0.260039 -0.0161007   0.965464 -0.0823214
         0          0          0          1
v_world_imu:  -0.510195  -0.225384 -0.0033271
frame_401
id: 401
stamp: 1784010315.626363993
T_odom_lidar: 
  -0.920366    0.304614   -0.245227     7.74218
   -0.29245    -0.95245  -0.0855069     5.59845
  -0.259613 -0.00698109    0.965687   -0.124672
          0           0           0           1
T_world_lidar: 
 -0.920532   0.304816  -0.244352    7.74453
 -0.290906  -0.952314 -0.0920481      5.611
 -0.260757 -0.0136499   0.965308 -0.0824895
         0          0          0          1
v_world_imu:   -0.502586   -0.239545 -0.00813969
frame_402
id: 402
stamp: 1784010315.726339102
T_odom_lidar: 
 -0.913124   0.327142  -0.243275    7.69176
 -0.313947  -0.944942 -0.0923141    5.57328
 -0.260081 -0.0079187   0.965554  -0.124419
         0          0          0          1
T_world_lidar: 
 -0.913105   0.327697  -0.242598     7.6944
 -0.313146  -0.944694 -0.0974349    5.58593
  -0.26111 -0.0129996   0.965221 -0.0826718
         0          0          0          1
v_world_imu:  -0.493559  -0.251273 0.00150271
frame_403
id: 403
stamp: 1784010315.826503038
T_odom_lidar: 
  -0.904978    0.349682   -0.242357     7.64276
  -0.336087   -0.936849  -0.0967483     5.54742
  -0.260883 -0.00610228    0.965351   -0.124777
          0           0           0           1
T_world_lidar: 
 -0.905196   0.350226  -0.240752    7.64471
 -0.334727  -0.936568  -0.103912    5.56003
 -0.261873  -0.013475   0.965008 -0.0830118
         0          0          0          1
v_world_imu:  -0.487213  -0.261923 0.00256683
frame_404
id: 404
stamp: 1784010315.926254034
T_odom_lidar: 
  -0.896572    0.371854    -0.24059     7.59495
  -0.357311   -0.928268   -0.103184     5.52021
  -0.261701 -0.00654608    0.965127   -0.125148
          0           0           0           1
T_world_lidar: 
 -0.896365   0.372806  -0.239885    7.59599
 -0.356063  -0.927797  -0.111412    5.53293
   -0.2641 -0.0144517   0.964387 -0.0834507
         0          0          0          1
v_world_imu:   -0.475341   -0.278214 -0.00360314
frame_405
id: 405
stamp: 1784010316.026483059
T_odom_lidar: 
  -0.887206    0.394901   -0.238578     7.54737
  -0.379878   -0.918709   -0.108013     5.49126
  -0.261838 -0.00519891    0.965098   -0.125366
          0           0           0           1
T_world_lidar: 
 -0.887516   0.395928  -0.235705    7.54808
 -0.378137  -0.918142  -0.118437    5.50421
 -0.263303 -0.0159859   0.964581 -0.0837622
         0          0          0          1
v_world_imu:   -0.476759   -0.287507 -0.00717802
frame_406
id: 406
stamp: 1784010316.126317978
T_odom_lidar: 
   -0.87663     0.41859   -0.237282     7.50017
  -0.403172    -0.90817   -0.112601     5.46149
  -0.262626 -0.00304425    0.964893   -0.125664
          0           0           0           1
T_world_lidar: 
 -0.876684    0.41992  -0.234719     7.5003
 -0.401744  -0.907461  -0.122948    5.47454
 -0.264627 -0.0134895   0.964257 -0.0842817
         0          0          0          1
v_world_imu:   -0.467646   -0.306039 -0.00733604
frame_407
id: 407
stamp: 1784010316.226152182
T_odom_lidar: 
  -0.864651    0.444605   -0.233892     7.45361
  -0.427941   -0.895717   -0.120656     5.42972
  -0.263145 -0.00423271    0.964747   -0.126047
          0           0           0           1
T_world_lidar: 
 -0.864494   0.446149  -0.231521    7.45335
 -0.426396  -0.894823  -0.132202    5.44253
 -0.266152 -0.0155683   0.963805 -0.0848734
         0          0          0          1
v_world_imu:  -0.455985  -0.324373 0.00175423
frame_408
id: 408
stamp: 1784010316.326457024
T_odom_lidar: 
  -0.850276    0.473185   -0.230493     7.40731
  -0.455452   -0.880953   -0.128394     5.39576
  -0.263808 -0.00419149    0.964566   -0.126686
          0           0           0           1
T_world_lidar: 
 -0.850323   0.474702  -0.227174    7.40725
 -0.453539  -0.879982  -0.141188    5.40841
 -0.266932  -0.017023   0.963565 -0.0856964
         0          0          0          1
v_world_imu:   -0.452737   -0.345228 -0.00773863
frame_409
id: 409
stamp: 1784010316.426370144
T_odom_lidar: 
  -0.834592    0.502409   -0.225923     7.36171
  -0.483997   -0.864624   -0.134803     5.35977
  -0.263065 -0.00315958    0.964773   -0.126856
          0           0           0           1
T_world_lidar: 
 -0.835075    0.50385  -0.220874    7.36225
 -0.482007  -0.863626  -0.147714    5.37253
 -0.265178 -0.0168895   0.964051 -0.0860807
         0          0          0          1
v_world_imu:   -0.439502   -0.364143 -0.00285686
frame_410
id: 410
stamp: 1784010316.526270151
T_odom_lidar: 
  -0.817234    0.531703   -0.222308     7.31746
  -0.511604   -0.846918   -0.144882      5.3218
  -0.265311 -0.00466856    0.964152   -0.126962
          0           0           0           1
T_world_lidar: 
 -0.818093   0.532799  -0.216449    7.31834
  -0.50955  -0.846053  -0.156694    5.33482
 -0.266614 -0.0178989   0.963637 -0.0862736
         0          0          0          1
v_world_imu:   -0.423005    -0.38163 -0.00937125
frame_411
id: 411
stamp: 1784010316.626288176
T_odom_lidar: 
  -0.797243    0.562722   -0.218512     7.27493
  -0.541671    -0.82664   -0.152508      5.2819
  -0.266451 -0.00322437    0.963843   -0.127713
          0           0           0           1
T_world_lidar: 
 -0.798295   0.563803  -0.211781    7.27578
 -0.539662  -0.825741  -0.164064    5.29517
 -0.267376 -0.0166812   0.963448 -0.0871957
         0          0          0          1
v_world_imu:   -0.409155   -0.405137 -0.00889129
frame_412
id: 412
stamp: 1784010316.726528168
T_odom_lidar: 
   -0.77543    0.594071   -0.213982     7.23431
  -0.571848   -0.804409   -0.160983      5.2398
  -0.267764 -0.00246568    0.963481   -0.127881
          0           0           0           1
T_world_lidar: 
 -0.776249   0.595742  -0.206227    7.23508
 -0.570489  -0.803014  -0.172369    5.25313
 -0.268291 -0.0161508   0.963203 -0.0878207
         0          0          0          1
v_world_imu:   -0.384894   -0.420673 -0.00164404
frame_413
id: 413
stamp: 1784010316.826230049
T_odom_lidar: 
  -0.751633     0.62573   -0.208591     7.19634
  -0.601673   -0.780031   -0.171873     5.19604
  -0.270254 -0.00368194    0.962782   -0.128342
          0           0           0           1
T_world_lidar: 
 -0.752536   0.627652  -0.199357    7.19696
 -0.600631  -0.778285  -0.183068    5.20938
 -0.270059 -0.0180254   0.962675 -0.0886128
         0          0          0          1
v_world_imu:   -0.367673   -0.437898 -0.00510536
frame_414
id: 414
stamp: 1784010316.926248074
T_odom_lidar: 
  -0.726055    0.657274   -0.202078     7.15988
  -0.632325   -0.753648   -0.179386     5.15103
  -0.270201 -0.00246555    0.962801   -0.128412
          0           0           0           1
T_world_lidar: 
 -0.726842   0.659212  -0.192717    7.16049
 -0.631184  -0.751761  -0.190949    5.16429
 -0.270753 -0.0171497   0.962496 -0.0891203
         0          0          0          1
v_world_imu:    -0.342657    -0.456515 -0.000617797
frame_415
id: 415
stamp: 1784010317.026534081
T_odom_lidar: 
  -0.699974    0.687874   -0.192004     7.12566
  -0.662004   -0.725821   -0.186909     5.10463
  -0.267931 -0.00372386    0.963431   -0.127982
          0           0           0           1
T_world_lidar: 
 -0.700886   0.689461  -0.182762    7.12647
 -0.660766  -0.724105  -0.197637    5.11769
 -0.268602 -0.0177574   0.963088 -0.0890889
         0          0          0          1
v_world_imu:  -0.319273  -0.463172 0.00823177
frame_416
id: 416
stamp: 1784010317.126207113
T_odom_lidar: 
  -0.673371    0.715988   -0.184205     7.09408
  -0.689664   -0.698108   -0.192378     5.05791
  -0.266336 -0.00250187    0.963877   -0.127828
          0           0           0           1
T_world_lidar: 
 -0.673858   0.717919  -0.174668    7.09503
 -0.688724  -0.695926  -0.203336    5.07063
 -0.267534 -0.0167215   0.963403 -0.0891647
         0          0          0          1
v_world_imu:   -0.304765   -0.469416 -0.00529576
frame_417
id: 417
stamp: 1784010317.226358175
T_odom_lidar: 
 -0.645199    0.74376  -0.174757     7.0644
 -0.716816  -0.668442  -0.198396    5.00935
 -0.264373 -0.0027363   0.964417  -0.127861
         0          0          0          1
T_world_lidar: 
 -0.646051   0.745055  -0.165868    7.06543
 -0.715476  -0.666812  -0.208463     5.0219
 -0.265919 -0.0160029   0.963862 -0.0894704
         0          0          0          1
v_world_imu:   -0.277131    -0.48739 -0.00423009
frame_418
id: 418
stamp: 1784010317.326495171
T_odom_lidar: 
  -0.616138    0.770181   -0.164907     7.03699
  -0.743189   -0.637822   -0.202122      4.9596
  -0.260852 -0.00197764    0.965377   -0.127357
          0           0           0           1
T_world_lidar: 
 -0.616983   0.771416  -0.155721    7.03808
 -0.741755  -0.636141  -0.212425     4.9719
 -0.262928 -0.0155558    0.96469 -0.0893346
         0          0          0          1
v_world_imu:  -0.257268  -0.501072 0.00804391
frame_419
id: 419
stamp: 1784010317.426448107
T_odom_lidar: 
  -0.585709    0.795231   -0.156692     7.01132
  -0.767626   -0.606305   -0.207712     4.90868
  -0.260182 -0.00137839    0.965559   -0.127199
          0           0           0           1
T_world_lidar: 
 -0.585889   0.796736  -0.148143     7.0127
  -0.76679  -0.604178    -0.2168    4.92087
 -0.262237 -0.0134259    0.96491 -0.0895397
         0          0          0          1
v_world_imu:  -0.233325  -0.510099 -0.0094509
frame_420
id: 420
stamp: 1784010317.526204109
T_odom_lidar: 
 -0.555043   0.818938  -0.145838    6.98748
  -0.79044  -0.573871   -0.21419    4.85706
   -0.2591 -0.0036084   0.965844  -0.126962
         0          0          0          1
T_world_lidar: 
 -0.555471   0.819743  -0.139548    6.98928
 -0.789605  -0.572599  -0.220578    4.86921
 -0.260722 -0.0123371   0.965335 -0.0896715
         0          0          0          1
v_world_imu:   -0.224913   -0.514147 -0.00891215
frame_421
id: 421
stamp: 1784010317.626173973
T_odom_lidar: 
  -0.528094     0.83798   -0.137501     6.96558
  -0.809314    -0.54569   -0.217333     4.80524
  -0.257153 -0.00349061    0.966364   -0.126187
          0           0           0           1
T_world_lidar: 
 -0.527145    0.83961  -0.131045    6.96756
  -0.80906  -0.543047  -0.224772    4.81705
 -0.259884 -0.0124637   0.965559 -0.0893547
         0          0          0          1
v_world_imu:  -0.208178  -0.516286 0.00184161
frame_422
id: 422
stamp: 1784010317.726224184
T_odom_lidar: 
  -0.496996    0.857909   -0.130339     6.94514
    -0.8288   -0.513798   -0.221591     4.75264
  -0.257073 -0.00210511     0.96639    -0.12591
          0           0           0           1
T_world_lidar: 
 -0.496878   0.858478  -0.126996    6.94702
 -0.828148  -0.512799  -0.226294    4.76447
 -0.259392  -0.007269   0.965745 -0.0895965
         0          0          0          1
v_world_imu:  -0.189741  -0.523551 0.00075112
frame_423
id: 423
stamp: 1784010317.826374054
T_odom_lidar: 
  -0.468544    0.875151   -0.120734     6.92675
  -0.845691   -0.483837   -0.225185     4.69913
  -0.255487 -0.00340545    0.966806   -0.125951
          0           0           0           1
T_world_lidar: 
  -0.469493    0.875265   -0.116134     6.92851
  -0.844634   -0.483545   -0.229735     4.71099
  -0.257235 -0.00976855      0.9663  -0.0897788
          0           0           0           1
v_world_imu:   -0.172285   -0.529241 0.000598459
frame_424
id: 424
stamp: 1784010317.926323175
T_odom_lidar: 
  -0.439415    0.890936    -0.11466      6.9103
  -0.860674   -0.454121   -0.230248     4.64504
  -0.257205 -0.00248982    0.966354   -0.126245
          0           0           0           1
T_world_lidar: 
 -0.441357   0.891236  -0.104414    6.91199
 -0.860118  -0.453342  -0.233833    4.65695
 -0.255735 -0.0133958   0.966654 -0.0900794
         0          0          0          1
v_world_imu:   -0.160993   -0.537113 -0.00906531
frame_425
id: 425
stamp: 1784010318.026437044
T_odom_lidar: 
  -0.405656    0.907783   -0.106647     6.89529
  -0.877013   -0.419438   -0.234349     4.58981
   -0.25747 -0.00153431    0.966285   -0.126578
          0           0           0           1
T_world_lidar: 
 -0.410533   0.906684 -0.0968905    6.89671
 -0.875532   -0.42164   -0.23593    4.60212
 -0.254767 -0.0120261   0.966928 -0.0905343
         0          0          0          1
v_world_imu:   -0.134988   -0.545571 -0.00412572
frame_426
id: 426
stamp: 1784010318.126099110
T_odom_lidar: 
  -0.373871    0.922329   -0.097621     6.88268
  -0.890523   -0.386395   -0.240141     4.53392
  -0.259209 -0.00284813    0.965817   -0.126923
          0           0           0           1
T_world_lidar: 
 -0.378996   0.921289 -0.0871125    6.88386
 -0.889416  -0.388637  -0.240625    4.54665
  -0.25554 -0.0137165   0.966701 -0.0911439
         0          0          0          1
v_world_imu:  -0.114764  -0.543979 0.00700192
frame_427
id: 427
stamp: 1784010318.226294994
T_odom_lidar: 
    -0.3405    0.935848  -0.0908192      6.8719
  -0.903362   -0.352402    -0.24444     4.47743
  -0.260763 -0.00118922    0.965402   -0.127501
          0           0           0           1
T_world_lidar: 
 -0.347871    0.93434 -0.0774297      6.873
 -0.901913  -0.356059  -0.244491    4.49115
 -0.256007 -0.0152164   0.966555 -0.0919629
         0          0          0          1
v_world_imu:   -0.100922   -0.547945 -0.00885097
frame_428
id: 428
stamp: 1784010318.326050997
T_odom_lidar: 
  -0.307527    0.947892  -0.0832344     6.86299
  -0.915097   -0.318592   -0.247178     4.42114
  -0.260816 0.000153672    0.965389    -0.12783
          0           0           0           1
T_world_lidar: 
 -0.316436   0.946003 -0.0703343    6.86391
 -0.913297  -0.323859   -0.24699    4.43618
 -0.256431 -0.0139203   0.966462 -0.0925218
         0          0          0          1
v_world_imu:   -0.076968   -0.540554 -0.00525229
frame_429
id: 429
stamp: 1784010318.426182032
T_odom_lidar: 
   -0.276922      0.95799   -0.0746319      6.85616
   -0.924275    -0.286801    -0.251913        4.366
   -0.262734 -0.000779618     0.964868    -0.127828
           0            0            0            1
T_world_lidar: 
 -0.286201   0.956179 -0.0617314    6.85692
 -0.922837  -0.292409  -0.250737    4.38183
   -0.2578 -0.0147931   0.966085 -0.0927101
         0          0          0          1
v_world_imu:  -0.0544302   -0.527156 -0.00713235
frame_430
id: 430
stamp: 1784010318.526404142
T_odom_lidar: 
  -0.242897    0.967775  -0.0664319     6.85121
  -0.933795   -0.251818   -0.254195     4.31351
  -0.262732 0.000290477    0.964869   -0.127952
          0           0           0           1
T_world_lidar: 
 -0.254578   0.965521 -0.0543899    6.85176
 -0.931228  -0.259926  -0.255445     4.3283
 -0.260775 -0.0143812   0.965292 -0.0932768
         0          0          0          1
v_world_imu:  -0.0399732    -0.52433 -0.00264632
frame_431
id: 431
stamp: 1784010318.626372099
T_odom_lidar: 
 -0.224026   0.972521 -0.0633735    6.84816
  -0.93829  -0.232807  -0.255758    4.26349
 -0.263484 0.00216627   0.964661  -0.127719
         0          0          0          1
T_world_lidar: 
 -0.222312   0.973832  -0.047205    6.84836
 -0.938743  -0.226876    -0.2594    4.27487
 -0.263322 -0.0133544   0.964616 -0.0934759
         0          0          0          1
v_world_imu: -0.0232774  -0.521327 -0.0067588
frame_432
id: 432
stamp: 1784010318.726227045
T_odom_lidar: 
   -0.193638     0.979661   -0.0526238      6.84734
   -0.944771     -0.20066    -0.259119      4.21168
   -0.264408 -0.000457699     0.964411    -0.127734
           0            0            0            1
T_world_lidar: 
 -0.190228   0.981074 -0.0361588    6.84737
 -0.944919  -0.192961  -0.264375    4.22119
 -0.266349 -0.0161244   0.963742  -0.093823
         0          0          0          1
v_world_imu: -0.00277096   -0.534897  -0.0010267
frame_433
id: 433
stamp: 1784010318.826481104
T_odom_lidar: 
 -0.158221   0.986384 -0.0448583    6.84754
 -0.950965  -0.164453  -0.261957    4.15718
 -0.265767 0.00121155   0.964037  -0.127629
         0          0          0          1
T_world_lidar: 
 -0.155533   0.987426 -0.0282618    6.84768
 -0.950518  -0.157386  -0.267853    4.16643
 -0.268933 -0.0147967   0.963045 -0.0942794
         0          0          0          1
v_world_imu:    0.0194546    -0.543905 -0.000264185
frame_434
id: 434
stamp: 1784010318.926067114
T_odom_lidar: 
  -0.124345    0.991612  -0.0352759     6.84975
  -0.955959   -0.129248    -0.26351     4.10153
  -0.265859 0.000956223    0.964012   -0.127105
          0           0           0           1
T_world_lidar: 
 -0.122512    0.99229 -0.0187575    6.85012
 -0.955383  -0.123031  -0.268528    4.11108
 -0.268766 -0.0149772   0.963089 -0.0942982
         0          0          0          1
v_world_imu:   0.0364591   -0.543034 -0.00478571
frame_435
id: 435
stamp: 1784010319.026350021
T_odom_lidar: 
-0.0938395   0.995201 -0.0277471    6.85258
 -0.959113 -0.0978411  -0.265575    4.04519
 -0.267015  0.0016912   0.963691  -0.126957
         0          0          0          1
T_world_lidar: 
-0.0925217   0.995653 -0.0107521    6.85327
 -0.958595 -0.0919885  -0.269507     4.0552
 -0.269325 -0.0146283   0.962938  -0.094558
         0          0          0          1
v_world_imu:   0.0211446    -0.55129 -0.00479458
frame_436
id: 436
stamp: 1784010319.126024008
T_odom_lidar: 
 -0.0706748    0.997292  -0.0203357     6.85492
  -0.961413  -0.0735377   -0.265098     3.98897
  -0.265876 0.000815272    0.964007   -0.126889
          0           0           0           1
T_world_lidar: 
 -0.0697077     0.99756 -0.00382016      6.8559
  -0.960652  -0.0681598   -0.269261     3.99953
  -0.268864  -0.0150997     0.96306  -0.0950299
          0           0           0           1
v_world_imu:    0.024944   -0.553208 -0.00545447
frame_437
id: 437
stamp: 1784010319.226212025
T_odom_lidar: 
-0.0508514   0.998591  -0.015194     6.8573
 -0.962433 -0.0530618  -0.266285    3.93162
 -0.266716 0.00108228   0.963775  -0.127132
         0          0          0          1
T_world_lidar: 
-0.0505473   0.998721  0.0010402    6.85841
 -0.961988 -0.0484082  -0.268767    3.94308
 -0.268373 -0.0145861   0.963205 -0.0954702
         0          0          0          1
v_world_imu:  0.0349924  -0.560406 0.00282356
frame_438
id: 438
stamp: 1784010319.326229095
T_odom_lidar: 
-0.0325492   0.999419 -0.0101401    6.86058
 -0.963113 -0.0340751  -0.266929    3.87458
  -0.26712  0.0010777   0.963663  -0.127861
         0          0          0          1
T_world_lidar: 
-0.0327041    0.99945 0.00542702    6.86181
 -0.962812 -0.0300473  -0.268495    3.88674
 -0.268184 -0.0140061   0.963266 -0.0963935
         0          0          0          1
v_world_imu:  0.0350825  -0.561362 -0.0161736
frame_439
id: 439
stamp: 1784010319.426277161
T_odom_lidar: 
 -0.0151569    0.999871 -0.00530914     6.86425
  -0.963749  -0.0160235   -0.266329     3.81807
  -0.266379  0.00107995    0.963868   -0.128179
          0           0           0           1
T_world_lidar: 
-0.0157212   0.999835 0.00904614    6.86577
 -0.963451 -0.0127282  -0.267581     3.8305
 -0.267422 -0.0129222   0.963493 -0.0970247
         0          0          0          1
v_world_imu:    0.047754   -0.558458 -0.00929003
frame_440
id: 440
stamp: 1784010319.526282072
T_odom_lidar: 
  -0.0036969     0.999993 -0.000305223      6.86749
   -0.963996  -0.00364498    -0.265893       3.7623
   -0.265893 -0.000688747     0.964002    -0.128287
           0            0            0            1
T_world_lidar: 
-0.00509472    0.999909   0.0125217     6.86941
  -0.963699 -0.00156678   -0.266988     3.77466
  -0.266944  -0.0134273    0.963618  -0.0973901
          0           0           0           1
v_world_imu:    0.021217   -0.553644 -0.00283868
frame_441
id: 441
stamp: 1784010319.626433134
T_odom_lidar: 
 -0.00150579     0.999999 -0.000773776      6.86814
   -0.964133  -0.00165715    -0.265413      3.70716
   -0.265414  0.000346367     0.964134    -0.128588
           0            0            0            1
T_world_lidar: 
 -0.00296587     0.999947    0.0098246      6.87032
   -0.963721 -0.000235998     -0.26691      3.71928
   -0.266894   -0.0102598     0.963671   -0.0979911
           0            0            0            1
v_world_imu:  0.00878125   -0.552712 -0.00799689
frame_442
id: 442
stamp: 1784010319.725965023
T_odom_lidar: 
0.000456786    0.999998  0.00167989     6.86908
  -0.964576 0.000883768   -0.263804     3.65226
  -0.263805 -0.00149988    0.964575   -0.128722
          0           0           0           1
T_world_lidar: 
-0.00117719    0.999956  0.00927041     6.87145
  -0.963993  0.00133049   -0.265925     3.66427
  -0.265926 -0.00924966    0.963949  -0.0983991
          0           0           0           1
v_world_imu:   0.0116462   -0.554694 -0.00456204
frame_443
id: 443
stamp: 1784010319.826167107
T_odom_lidar: 
-0.00133555    0.999995  0.00269942     6.86888
  -0.964612 -0.00057652   -0.263674     3.59668
  -0.263671 -0.00295605    0.964608   -0.129104
          0           0           0           1
T_world_lidar: 
 -0.00250829     0.999976   0.00651161      6.87124
   -0.963451 -0.000672279    -0.267884      3.60849
   -0.267873  -0.00694554     0.963429   -0.0989278
           0            0            0            1
v_world_imu: -0.00916882   -0.552847 -0.00417897
frame_444
id: 444
stamp: 1784010319.926064968
T_odom_lidar: 
-0.00410393     0.99999  0.00171501     6.86734
  -0.964071 -0.00350097   -0.265622     3.54082
  -0.265614 -0.00274348    0.964076   -0.130181
          0           0           0           1
T_world_lidar: 
-0.00725597    0.999927  0.00961971     6.86966
  -0.963186 -0.00440339     -0.2688     3.55268
  -0.268738   -0.011216    0.963148  -0.0999264
          0           0           0           1
v_world_imu: -0.0253532  -0.565782 -0.0115147
frame_445
id: 445
stamp: 1784010320.026030064
T_odom_lidar: 
 -0.0106627    0.999943 0.000687082     6.86451
   -0.96355   -0.010091   -0.267338      3.4845
  -0.267316  -0.0035126    0.963603   -0.130727
          0           0           0           1
T_world_lidar: 
-0.0151693    0.99982  0.0113989    6.86657
 -0.962968 -0.0115391  -0.269369    3.49672
 -0.269189 -0.0150629   0.962969  -0.100557
         0          0          0          1
v_world_imu: -0.0410221  -0.559652 -0.0114071
frame_446
id: 446
stamp: 1784010320.126012087
T_odom_lidar: 
 -0.0265904    0.999642 -0.00302365     6.85878
  -0.963301  -0.0264317   -0.267121     3.42943
  -0.267105 -0.00419017    0.963658   -0.131055
          0           0           0           1
T_world_lidar: 
-0.0324064    0.99943 0.00949397    6.86028
  -0.96265 -0.0286563  -0.269229    3.44183
 -0.268803 -0.0178641    0.96303  -0.100749
         0          0          0          1
v_world_imu:   -0.0847251    -0.545771 -0.000874843
frame_447
id: 447
stamp: 1784010320.226034164
T_odom_lidar: 
 -0.0532141    0.998509  -0.0121316     6.84884
  -0.961895   -0.054518   -0.267928     3.37592
   -0.26819 -0.00258822    0.963363   -0.131533
          0           0           0           1
T_world_lidar: 
-0.0602631   0.998182 0.00137429     6.8494
 -0.960962 -0.0576434  -0.270611    3.38814
 -0.270039 -0.0176285   0.962688  -0.101091
         0          0          0          1
v_world_imu:     -0.1322   -0.542361 -0.00794191
frame_448
id: 448
stamp: 1784010320.326011181
T_odom_lidar: 
 -0.092426   0.995463 -0.0225824    6.83378
 -0.958367 -0.0950895  -0.269239    3.32299
 -0.270165 -0.0032425   0.962808  -0.132134
         0          0          0          1
T_world_lidar: 
  -0.100621    0.994889 -0.00841475     6.83354
  -0.957165  -0.0991063   -0.272052     3.33523
  -0.271496  -0.0193198    0.962246   -0.101587
          0           0           0           1
v_world_imu:  -0.189068  -0.534718 -0.0034132
frame_449
id: 449
stamp: 1784010320.426287174
T_odom_lidar: 
   -0.14203    0.989203   -0.036136      6.8134
  -0.952169   -0.146509   -0.268161     3.27138
  -0.270559 -0.00367928    0.962696   -0.132581
          0           0           0           1
T_world_lidar: 
 -0.150626   0.988352 -0.0217276    6.81237
 -0.950486  -0.150829  -0.271712    3.28379
 -0.271825 -0.0202752   0.962133  -0.101931
         0          0          0          1
v_world_imu:   -0.231717    -0.52093 0.000525344
frame_450
id: 450
stamp: 1784010320.526317120
T_odom_lidar: 
  -0.197136      0.9791  -0.0500067      6.7883
  -0.941943   -0.203304   -0.267228     3.22105
  -0.271809 -0.00557686    0.962335   -0.133149
          0           0           0           1
T_world_lidar: 
 -0.205778   0.977939 -0.0359412    6.78686
  -0.93966  -0.207713  -0.271836    3.23379
 -0.273304 -0.0221652   0.961672  -0.102478
         0          0          0          1
v_world_imu:   -0.287035   -0.500093 -0.00771886
frame_451
id: 451
stamp: 1784010320.626089096
T_odom_lidar: 
  -0.256999    0.964159  -0.0659447     6.75806
  -0.927166   -0.265236   -0.264601      3.1724
  -0.272608 -0.00686036    0.962101   -0.134178
          0           0           0           1
T_world_lidar: 
 -0.265314   0.962739 -0.0523694    6.75644
  -0.92449  -0.269442  -0.269664    3.18562
 -0.273726 -0.0231304   0.961529  -0.103445
         0          0          0          1
v_world_imu:   -0.330799   -0.483465 -0.00544743
frame_452
id: 452
stamp: 1784010320.726190090
T_odom_lidar: 
 -0.321822   0.942933 -0.0854807    6.72291
  -0.90676  -0.332931  -0.258732    3.12713
 -0.272427 -0.0057553   0.962159  -0.134572
         0          0          0          1
T_world_lidar: 
 -0.329899   0.941252 -0.0721915    6.72109
 -0.903479  -0.336977  -0.264898    3.14058
 -0.273663 -0.0221661    0.96157  -0.103727
         0          0          0          1
v_world_imu:   -0.37262  -0.449051 -0.0024222
frame_453
id: 453
stamp: 1784010320.826207161
T_odom_lidar: 
  -0.386012      0.9169   -0.101431     6.68495
  -0.881735   -0.399042   -0.251614     3.08535
   -0.27118 -0.00769059    0.962498   -0.134843
          0           0           0           1
T_world_lidar: 
 -0.394038   0.914754 -0.0892128    6.68299
 -0.877651  -0.403312  -0.258975    3.09883
 -0.272879 -0.0237481   0.961755  -0.103945
         0          0          0          1
v_world_imu:    -0.39341   -0.411914 -0.00830049
frame_454
id: 454
stamp: 1784010320.926228046
T_odom_lidar: 
  -0.447711    0.885819   -0.121983     6.64426
  -0.851409   -0.463997    -0.24456     3.04742
  -0.273235 -0.00563409    0.961931    -0.13552
          0           0           0           1
T_world_lidar: 
 -0.455159   0.883551   -0.11031    6.64213
 -0.846935  -0.467838  -0.252643    3.06089
  -0.27483 -0.0215675   0.961251  -0.104383
         0          0          0          1
v_world_imu:    -0.41194   -0.377111 -0.00301532
frame_455
id: 455
stamp: 1784010321.025922060
T_odom_lidar: 
  -0.504142    0.852775   -0.136441      6.6039
   -0.81896   -0.522215     -0.2379      3.0129
  -0.274127 -0.00819547    0.961659   -0.135718
          0           0           0           1
T_world_lidar: 
  -0.51055   0.850653  -0.125411    6.60158
 -0.814489  -0.525192  -0.246539    3.02647
 -0.275584 -0.0237243   0.960984  -0.104644
         0          0          0          1
v_world_imu:  -0.408557   -0.33458 0.00760895
frame_456
id: 456
stamp: 1784010321.126254082
T_odom_lidar: 
 -0.553996   0.819201  -0.148322    6.56404
 -0.786478  -0.573412  -0.229459    2.98297
 -0.273023 -0.0104677   0.961951  -0.135789
         0          0          0          1
T_world_lidar: 
 -0.56058  0.816405 -0.138684   6.56119
-0.781217 -0.576924  -0.23845   2.99645
-0.274682 -0.025328  0.961202 -0.104753
        0         0         0         1
v_world_imu:  -0.423926  -0.291516 0.00848194
frame_457
id: 457
stamp: 1784010321.226128101
T_odom_lidar: 
 -0.608412   0.776944  -0.161842    6.52108
 -0.746105  -0.629469  -0.217016    2.95632
 -0.270484 -0.0112839   0.962658  -0.135621
         0          0          0          1
T_world_lidar: 
 -0.614149   0.774152  -0.153329    6.51757
 -0.740632  -0.632477  -0.226797    2.96995
 -0.272553 -0.0257267   0.961797  -0.104483
         0          0          0          1
v_world_imu:  -0.469811  -0.270699 0.00149489
frame_458
id: 458
stamp: 1784010321.325873137
T_odom_lidar: 
 -0.658109   0.731715  -0.177439    6.47452
 -0.702496  -0.681534  -0.204966    2.93072
 -0.270908 -0.0102397   0.962551  -0.135866
         0          0          0          1
T_world_lidar: 
 -0.663088   0.728884  -0.170418    6.47043
  -0.69688  -0.684225   -0.21493    2.94476
 -0.273263 -0.0237563   0.961646  -0.104637
         0          0          0          1
v_world_imu:   -0.470854   -0.262071 -0.00106628
frame_459
id: 459
stamp: 1784010321.426004171
T_odom_lidar: 
 -0.698767   0.690167  -0.188132    6.42977
 -0.662481  -0.723569   -0.19382     2.9076
 -0.269895 -0.0108009   0.962829   -0.13604
         0          0          0          1
T_world_lidar: 
 -0.703547   0.686906  -0.182159    6.42523
 -0.656476  -0.726362  -0.203562    2.92216
 -0.272142 -0.0236325   0.961967  -0.104519
         0          0          0          1
v_world_imu: -0.469971 -0.204562  0.003896
frame_460
id: 460
stamp: 1784010321.526023149
T_odom_lidar: 
  -0.743138    0.638715   -0.199471      6.3815
  -0.613515    -0.76938   -0.177916     2.88968
  -0.267107 -0.00983726    0.963617   -0.135674
          0           0           0           1
T_world_lidar: 
 -0.747448   0.635003  -0.195171    6.37673
 -0.606851  -0.772187  -0.188305    2.90492
 -0.270283 -0.0223082   0.962522  -0.103882
         0          0          0          1
v_world_imu: -0.525486 -0.171927  0.001435
frame_461
id: 461
stamp: 1784010321.626119137
T_odom_lidar: 
  -0.784848    0.582383   -0.211765      6.3284
  -0.559068   -0.812855   -0.163433     2.87407
  -0.267315 -0.00987921    0.963559   -0.135649
          0           0           0           1
T_world_lidar: 
 -0.788435   0.578649  -0.208652    6.32352
 -0.552276  -0.815279  -0.174103    2.88977
 -0.270854 -0.0220352   0.962368  -0.103655
         0          0          0          1
v_world_imu:   -0.550449   -0.149274 -0.00804116
frame_462
id: 462
stamp: 1784010321.725875139
T_odom_lidar: 
 -0.820622   0.527163  -0.220635    6.27567
 -0.505918  -0.849703  -0.148499    2.86131
 -0.265757 -0.0102382   0.963986  -0.136007
         0          0          0          1
T_world_lidar: 
 -0.823572   0.523352  -0.218708    6.27067
 -0.498932  -0.851825  -0.159562    2.87711
 -0.269808 -0.0222908   0.962656  -0.103901
         0          0          0          1
v_world_imu:   -0.540722   -0.115844 -0.00102173
frame_463
id: 463
stamp: 1784010321.826120138
T_odom_lidar: 
 -0.854539   0.466767  -0.227797    6.22228
 -0.447862  -0.884316  -0.131931    2.85321
 -0.263026 -0.0107182   0.964729  -0.136223
         0          0          0          1
T_world_lidar: 
 -0.856927   0.462595  -0.227336    6.21721
 -0.440522  -0.886288  -0.142947    2.86907
 -0.267612 -0.0223486   0.963268  -0.104002
         0          0          0          1
v_world_imu:    -0.55349  -0.0650566 -0.00540142
frame_464
id: 464
stamp: 1784010321.926298141
T_odom_lidar: 
 -0.884338   0.402945  -0.235758    6.16715
 -0.385713  -0.915135  -0.117275    2.84915
 -0.263006 -0.0127758    0.96471  -0.136047
         0          0          0          1
T_world_lidar: 
  -0.88639   0.398098  -0.236284    6.16196
 -0.377854  -0.917034  -0.127571    2.86498
 -0.267466 -0.0237972   0.963273  -0.103788
         0          0          0          1
v_world_imu:   -0.57044 -0.0338703  0.0022584
frame_465
id: 465
stamp: 1784010322.026120186
T_odom_lidar: 
 -0.910706   0.333872  -0.243195    6.11011
 -0.319316  -0.942545 -0.0982198    2.84958
 -0.262015 -0.0117934   0.964992  -0.135507
         0          0          0          1
T_world_lidar: 
 -0.912143   0.329535  -0.243724    6.10475
 -0.312119  -0.943875  -0.108083    2.86541
 -0.265662 -0.0225164   0.963803  -0.103397
         0          0          0          1
v_world_imu:  -0.614249  0.0302551 0.00526132
frame_466
id: 466
stamp: 1784010322.126247168
T_odom_lidar: 
 -0.931108   0.263843  -0.251844    6.05081
 -0.251529  -0.964496 -0.0805072    2.85321
 -0.264144 -0.0116148   0.964413  -0.135145
         0          0          0          1
T_world_lidar: 
 -0.932142   0.260062  -0.251952     6.0453
 -0.244901  -0.965329 -0.0903494    2.86917
 -0.266713 -0.0225154   0.963513  -0.103095
         0          0          0          1
v_world_imu: -0.591757 0.0402334  0.014763
frame_467
id: 467
stamp: 1784010322.226059198
T_odom_lidar: 
 -0.946173   0.199064  -0.255208    5.99475
 -0.188681  -0.979898 -0.0648006    2.85986
 -0.262977 -0.0131597   0.964712  -0.134456
         0          0          0          1
T_world_lidar: 
 -0.946755   0.195591  -0.255733    5.98899
 -0.182468  -0.980399 -0.0743152    2.87593
 -0.265256 -0.0236952   0.963887   -0.10246
         0          0          0          1
v_world_imu: -0.575251 0.0995553 0.0146133
frame_468
id: 468
stamp: 1784010322.325896025
T_odom_lidar: 
 -0.958998   0.119167  -0.257143    5.93745
 -0.111868  -0.992797 -0.0428855     2.8735
 -0.260401 -0.0123612   0.965421  -0.133454
         0          0          0          1
T_world_lidar: 
 -0.959111   0.117059  -0.257689    5.93133
 -0.107177  -0.992873  -0.052118    2.88958
 -0.261953 -0.0223686   0.964821  -0.101533
         0          0          0          1
v_world_imu:  -0.615514   0.160838 0.00676985
frame_469
id: 469
stamp: 1784010322.426156998
T_odom_lidar: 
 -0.964061  0.0417439   -0.26238    5.87789
-0.0375538  -0.999075 -0.0209664    2.89132
 -0.263013 -0.0103596   0.964737  -0.133056
         0          0          0          1
T_world_lidar: 
 -0.964077  0.0394577  -0.262676    5.87139
-0.0329311  -0.999031 -0.0292045    2.90746
 -0.263574 -0.0195052   0.964442  -0.101168
         0          0          0          1
v_world_imu: -0.593226  0.173328 0.0137891
frame_470
id: 470
stamp: 1784010322.526166201
T_odom_lidar: 
  -0.964802  -0.0300427   -0.261256     5.82256
  0.0315343   -0.999502 -0.00151818     2.91182
   -0.26108 -0.00970328    0.965268   -0.132322
          0           0           0           1
T_world_lidar: 
  -0.964668  -0.0330471   -0.261388     5.81559
  0.0363136   -0.999311 -0.00767522     2.92787
  -0.260955   -0.016896    0.965203   -0.100439
          0           0           0           1
v_world_imu:  -0.566099   0.247626 0.00626877
frame_471
id: 471
stamp: 1784010322.626151085
T_odom_lidar: 
 -0.958602  -0.113109   -0.26132    5.76792
  0.111938  -0.993526  0.0194132     2.9398
 -0.261824 -0.0106421   0.965057   -0.13184
         0          0          0          1
T_world_lidar: 
 -0.958426  -0.116183  -0.260616     5.7605
  0.116061  -0.993115  0.0159122    2.95569
  -0.26067 -0.0149968   0.965311 -0.0999273
         0          0          0          1
v_world_imu: -0.568676  0.297519 0.0138907
frame_472
id: 472
stamp: 1784010322.725790977
T_odom_lidar: 
  -0.946612   -0.192582   -0.258531     5.71267
   0.188372   -0.981233   0.0412053     2.97245
  -0.261615 -0.00969459    0.965124    -0.13158
          0           0           0           1
T_world_lidar: 
 -0.945247  -0.195795  -0.261098     5.7049
  0.193075  -0.980513  0.0362915    2.98803
 -0.263116 -0.0161072    0.96463  -0.099507
         0          0          0          1
v_world_imu: -0.570612  0.358547 0.0181701
frame_473
id: 473
stamp: 1784010322.826148987
T_odom_lidar: 
 -0.927316  -0.274759  -0.254153    5.65792
  0.267166   -0.96148  0.0646378    3.01025
 -0.262122 -0.0079613   0.965002  -0.131537
         0          0          0          1
T_world_lidar: 
 -0.924951  -0.277984   -0.25921    5.65055
  0.272243  -0.960446  0.0585515    3.02597
 -0.265233 -0.0164107   0.964045 -0.0989057
         0          0          0          1
v_world_imu:    -0.551415     0.417832 -0.000104892
frame_474
id: 474
stamp: 1784010322.925846100
T_odom_lidar: 
  -0.901558   -0.355024   -0.247287     5.60581
   0.345053   -0.934809   0.0840874     3.05286
  -0.261019 -0.00951761    0.965287   -0.131402
          0           0           0           1
T_world_lidar: 
 -0.898194  -0.358259  -0.254753    5.59879
  0.350162  -0.933428  0.0780985    3.06891
 -0.265773 -0.0190571   0.963847 -0.0982439
         0          0          0          1
v_world_imu:   -0.525419    0.463182 -0.00338239
frame_475
id: 475
stamp: 1784010323.026045084
T_odom_lidar: 
  -0.866154   -0.439384   -0.238158     5.55551
    0.42524   -0.898283    0.110719     3.10347
  -0.262581 -0.00537399    0.964895   -0.131322
          0           0           0           1
T_world_lidar: 
 -0.862131  -0.442179    -0.2474    5.54848
  0.429896  -0.896783   0.104737    3.11996
 -0.268177 -0.0160593   0.963236 -0.0976016
         0          0          0          1
v_world_imu:   -0.528617    0.545807 -0.00407687
frame_476
id: 476
stamp: 1784010323.126125097
T_odom_lidar: 
  -0.831477   -0.506755   -0.227696     5.50443
   0.489674   -0.862085    0.130496     3.15648
  -0.262423 -0.00299184    0.964948   -0.131486
          0           0           0           1
T_world_lidar: 
 -0.827167  -0.508786  -0.238603    5.49691
  0.493389  -0.860774   0.125041    3.17354
 -0.269002 -0.0142938   0.963033 -0.0972764
         0          0          0          1
v_world_imu:   -0.552963     0.52311 -0.00860775
frame_477
id: 477
stamp: 1784010323.225963116
T_odom_lidar: 
  -0.815086   -0.535725   -0.220531     5.44441
   0.517771    -0.84439    0.137542      3.2038
  -0.259899 -0.00207595    0.965634   -0.130757
          0           0           0           1
T_world_lidar: 
 -0.811244  -0.536479  -0.232536    5.43651
   0.52013  -0.843802   0.132149    3.22121
 -0.267109 -0.0137438   0.963568 -0.0960807
         0          0          0          1
v_world_imu:  -0.657774   0.465392 0.00879751
frame_478
id: 478
stamp: 1784010323.325831175
T_odom_lidar: 
   -0.810887    -0.542624    -0.219137      5.37671
    0.523904    -0.839976     0.141297      3.24965
   -0.260741 -0.000230673     0.965409    -0.130776
           0            0            0            1
T_world_lidar: 
 -0.806869  -0.543505  -0.231438    5.36853
  0.526325   -0.83932   0.136102    3.26718
 -0.268223  -0.011995   0.963282 -0.0955559
         0          0          0          1
v_world_imu:  -0.692855   0.465328 0.00367637
frame_479
id: 479
stamp: 1784010323.426191092
T_odom_lidar: 
  -0.806759    -0.54964   -0.216877     5.30721
     0.5305   -0.835401    0.143784     3.29696
  -0.260209 0.000946109    0.965552   -0.130565
          0           0           0           1
T_world_lidar: 
 -0.802753  -0.550237  -0.229842    5.29869
  0.532447  -0.834941   0.139191    3.31483
 -0.268493 -0.0106425   0.963223 -0.0947791
         0          0          0          1
v_world_imu:  -0.702915   0.480013 -0.0103342
frame_480
id: 480
stamp: 1784010323.525669098
T_odom_lidar: 
 -0.803906  -0.553974  -0.216444    5.23566
  0.534601  -0.832533   0.145224    3.34598
 -0.260647 0.00103585   0.965434   -0.13082
         0          0          0          1
T_world_lidar: 
 -0.799399  -0.555324  -0.229295    5.22688
  0.537171   -0.83157   0.141203    3.36423
 -0.269088 -0.0102927   0.963061 -0.0945201
         0          0          0          1
v_world_imu:   -0.723658    0.501834 -0.00972466
frame_481
id: 481
stamp: 1784010323.625915051
T_odom_lidar: 
  -0.800072   -0.560007   -0.215124     5.16591
    0.54076   -0.828488    0.145553     3.39439
  -0.259738 0.000122604    0.965679   -0.130413
          0           0           0           1
T_world_lidar: 
 -0.795823  -0.560998  -0.227917    5.15697
  0.542816  -0.827748   0.142068    3.41269
 -0.268358 -0.0106555    0.96326 -0.0935713
         0          0          0          1
v_world_imu:  -0.67096   0.47147 0.0014545
frame_482
id: 482
stamp: 1784010323.725768089
T_odom_lidar: 
-0.796478 -0.564925 -0.215601   5.10337
 0.544975 -0.825142  0.148805    3.4389
-0.261965 0.0010226  0.965077 -0.130752
        0         0         0         1
T_world_lidar: 
 -0.792221  -0.565842  -0.228494    5.09431
  0.547184  -0.824446   0.144493    3.45692
 -0.270141 -0.0105578   0.962763 -0.0934153
         0          0          0          1
v_world_imu:   -0.60304    0.42861 0.00112985
frame_483
id: 483
stamp: 1784010323.826122999
T_odom_lidar: 
  -0.793693    -0.56815   -0.217387     5.03854
   0.548313   -0.822924    0.148824     3.48483
  -0.263448 -0.00107582    0.964673   -0.130476
          0           0           0           1
T_world_lidar: 
-0.789486 -0.569331  -0.22929   5.02939
 0.550487 -0.822032  0.145698   3.50276
-0.271434 -0.011194  0.962392 -0.092727
        0         0         0         1
v_world_imu:   -0.692853    0.497229 -0.00615202
frame_484
id: 484
stamp: 1784010323.925758123
T_odom_lidar: 
  -0.791689   -0.570105   -0.219564     4.97099
   0.550326   -0.821567    0.148895     3.53361
  -0.265272 -0.00295369    0.964169    -0.13072
          0           0           0           1
T_world_lidar: 
 -0.787663  -0.571533   -0.23008    4.96157
  0.552524  -0.820496   0.146637    3.55148
 -0.272588 -0.0116241   0.962061 -0.0926313
         0          0          0          1
v_world_imu:     -0.66501     0.478634 -0.000904447
frame_485
id: 485
stamp: 1784010324.025753021
T_odom_lidar: 
  -0.790124   -0.572877   -0.217981     4.90716
    0.55335   -0.819634    0.148339     3.58045
  -0.263644 -0.00341355    0.964614   -0.129764
          0           0           0           1
T_world_lidar: 
 -0.785911   -0.57528  -0.226708    4.89731
  0.556341  -0.817886   0.146791    3.59794
 -0.269867 -0.0107624   0.962837 -0.0913582
         0          0          0          1
v_world_imu:  -0.624741   0.454602 0.00742005
frame_486
id: 486
stamp: 1784010324.126055002
T_odom_lidar: 
  -0.787861   -0.576473    -0.21669     4.84638
   0.556997   -0.817108    0.148624      3.6256
  -0.262736 -0.00360063    0.964861   -0.129378
          0           0           0           1
T_world_lidar: 
 -0.784285  -0.578987  -0.222869    4.83607
  0.559428  -0.815302    0.14941    3.64297
 -0.268212  -0.007499   0.963331 -0.0907829
         0          0          0          1
v_world_imu:  -0.611932   0.444386 0.00823604
frame_487
id: 487
stamp: 1784010324.226088047
T_odom_lidar: 
  -0.786294   -0.579372   -0.214639     4.78671
   0.560112   -0.815055    0.148189     3.66907
  -0.260799 -0.00370207    0.965386   -0.129131
          0           0           0           1
T_world_lidar: 
  -0.782101   -0.583271   -0.219348     4.77603
   0.564085   -0.812243     0.14856     3.68676
  -0.264815 -0.00754175     0.96427  -0.0900978
          0           0           0           1
v_world_imu:   -0.59347    0.43416 0.00832406
frame_488
id: 488
stamp: 1784010324.325991154
T_odom_lidar: 
   -0.78293   -0.584107   -0.214102     4.72727
   0.564808   -0.811665    0.148969     3.71269
  -0.260793 -0.00429442    0.965385   -0.129539
          0           0           0           1
T_world_lidar: 
  -0.780084   -0.586809   -0.217083     4.71662
   0.567276   -0.809704    0.150257      3.7308
  -0.263945 -0.00593312    0.964519  -0.0903413
          0           0           0           1
v_world_imu:   -0.59998   0.453818 -0.0033647
frame_489
id: 489
stamp: 1784010324.426014185
T_odom_lidar: 
  -0.780353    -0.58817   -0.212379     4.66478
   0.569354   -0.808717    0.147688     3.75919
   -0.25862 -0.00566987    0.965962   -0.129536
          0           0           0           1
T_world_lidar: 
  -0.778504   -0.590706   -0.212128     4.65499
   0.571356   -0.806875    0.150019     3.77752
  -0.259778 -0.00441039    0.965658  -0.0905361
          0           0           0           1
v_world_imu:  -0.621496   0.476291 0.00370593
