1784010275.528866053 -0.001050 -0.002139 0.001869 -0.006532 0.134514 0.000030 0.990890
1784010275.529198885 -0.001045 -0.002138 0.001872 -0.006531 0.134516 0.000030 0.990890
1784010275.533108950 -0.000988 -0.002122 0.001911 -0.006526 0.134527 0.000029 0.990888
1784010275.538913965 -0.000904 -0.002099 0.001968 -0.006516 0.134537 0.000030 0.990887
1784010275.543282032 -0.000843 -0.002082 0.002011 -0.006509 0.134548 0.000029 0.990886
1784010275.548993111 -0.000764 -0.002061 0.002064 -0.006491 0.134561 0.000026 0.990884
1784010275.553313017 -0.000706 -0.002045 0.002104 -0.006464 0.134569 0.000027 0.990883
1784010275.558897972 -0.000631 -0.002025 0.002155 -0.006449 0.134585 0.000027 0.990881
1784010275.563666105 -0.000569 -0.002009 0.002196 -0.006436 0.134596 0.000022 0.990880
1784010275.568948030 -0.000501 -0.001993 0.002242 -0.006415 0.134603 0.000017 0.990879
1784010275.573124886 -0.000449 -0.001981 0.002277 -0.006400 0.134609 0.000014 0.990878
1784010275.578707933 -0.000381 -0.001965 0.002323 -0.006377 0.134618 0.000014 0.990877
1784010275.583409071 -0.000325 -0.001951 0.002361 -0.006374 0.134635 0.000010 0.990875
1784010275.588953018 -0.000261 -0.001936 0.002405 -0.006357 0.134647 0.000008 0.990873
1784010275.593205929 -0.000213 -0.001925 0.002439 -0.006339 0.134653 0.000007 0.990873
1784010275.598918915 -0.000150 -0.001911 0.002482 -0.006318 0.134663 0.000010 0.990871
1784010275.603225946 -0.000104 -0.001902 0.002515 -0.006297 0.134674 0.000013 0.990870
1784010275.608903885 -0.000044 -0.001890 0.002556 -0.006285 0.134689 0.000012 0.990868
1784010275.613125086 -0.000001 -0.001882 0.002586 -0.006285 0.134702 0.000011 0.990866
1784010275.619082928 0.000058 -0.001871 0.002626 -0.006259 0.134709 0.000011 0.990865
1784010275.623157978 0.000098 -0.001864 0.002652 -0.006247 0.134721 0.000008 0.990864
1784010275.628638029 0.000150 -0.001854 0.002687 -0.006221 0.134731 0.000008 0.990863
1784010275.628638029 0.000150 -0.001854 0.002687 -0.006221 0.134731 0.000008 0.990863
1784010275.629050970 0.000154 -0.001853 0.002689 -0.006220 0.134732 0.000007 0.990863
1784010275.633058071 0.000194 -0.001844 0.002706 -0.006205 0.134749 -0.000006 0.990860
1784010275.638935089 0.000250 -0.001830 0.002728 -0.006193 0.134778 -0.000026 0.990856
1784010275.643115997 0.000289 -0.001822 0.002744 -0.006184 0.134796 -0.000034 0.990854
1784010275.648919106 0.000341 -0.001810 0.002764 -0.006172 0.134825 -0.000047 0.990850
1784010275.653213024 0.000379 -0.001802 0.002779 -0.006157 0.134847 -0.000056 0.990847
1784010275.658687115 0.000426 -0.001792 0.002796 -0.006127 0.134877 -0.000077 0.990843
1784010275.663078070 0.000462 -0.001785 0.002810 -0.006114 0.134900 -0.000084 0.990840
1784010275.669024944 0.000510 -0.001777 0.002826 -0.006086 0.134924 -0.000100 0.990837
1784010275.673408985 0.000544 -0.001772 0.002838 -0.006064 0.134938 -0.000112 0.990836
1784010275.678715944 0.000584 -0.001767 0.002851 -0.006053 0.134961 -0.000133 0.990832
1784010275.682914019 0.000615 -0.001764 0.002861 -0.006046 0.134978 -0.000147 0.990830
1784010275.688918114 0.000658 -0.001759 0.002872 -0.006022 0.135008 -0.000176 0.990826
1784010275.693473101 0.000689 -0.001757 0.002881 -0.006000 0.135028 -0.000194 0.990824
1784010275.698714018 0.000724 -0.001755 0.002890 -0.005977 0.135056 -0.000213 0.990820
1784010275.703155041 0.000753 -0.001753 0.002897 -0.005967 0.135075 -0.000226 0.990817
1784010275.709063053 0.000790 -0.001753 0.002906 -0.005930 0.135092 -0.000244 0.990815
1784010275.713073969 0.000813 -0.001755 0.002913 -0.005908 0.135102 -0.000253 0.990814
1784010275.718998909 0.000847 -0.001758 0.002921 -0.005897 0.135135 -0.000276 0.990810
1784010275.722975016 0.000867 -0.001761 0.002926 -0.005893 0.135156 -0.000289 0.990807
1784010275.728852987 0.000897 -0.001766 0.002930 -0.005876 0.135188 -0.000313 0.990802
1784010275.728852987 0.000897 -0.001766 0.002930 -0.005876 0.135188 -0.000313 0.990802
1784010275.728933096 0.000898 -0.001766 0.002930 -0.005876 0.135188 -0.000313 0.990803
1784010275.733321905 0.000922 -0.001760 0.002930 -0.005893 0.135190 -0.000316 0.990802
1784010275.738987923 0.000952 -0.001753 0.002929 -0.005913 0.135182 -0.000312 0.990803
1784010275.743345976 0.000975 -0.001749 0.002927 -0.005926 0.135180 -0.000310 0.990803
1784010275.749037981 0.001003 -0.001744 0.002924 -0.005936 0.135169 -0.000302 0.990805
1784010275.753186941 0.001023 -0.001743 0.002922 -0.005941 0.135165 -0.000297 0.990805
1784010275.758893967 0.001048 -0.001741 0.002919 -0.005959 0.135161 -0.000300 0.990806
1784010275.763454914 0.001067 -0.001741 0.002915 -0.005961 0.135160 -0.000299 0.990806
1784010275.768769979 0.001089 -0.001742 0.002909 -0.005971 0.135157 -0.000298 0.990806
1784010275.773094893 0.001106 -0.001743 0.002904 -0.005977 0.135157 -0.000297 0.990806
1784010275.778754950 0.001128 -0.001745 0.002896 -0.005994 0.135149 -0.000297 0.990807
1784010275.782989025 0.001143 -0.001748 0.002889 -0.006005 0.135147 -0.000297 0.990807
1784010275.788971901 0.001164 -0.001751 0.002878 -0.006024 0.135138 -0.000298 0.990808
1784010275.793350935 0.001178 -0.001755 0.002869 -0.006035 0.135136 -0.000298 0.990809
1784010275.798897982 0.001194 -0.001761 0.002857 -0.006046 0.135129 -0.000296 0.990810
1784010275.803342104 0.001207 -0.001768 0.002846 -0.006052 0.135126 -0.000295 0.990810
1784010275.808763981 0.001220 -0.001775 0.002833 -0.006075 0.135120 -0.000297 0.990811
1784010275.813211918 0.001231 -0.001783 0.002821 -0.006091 0.135117 -0.000300 0.990811
1784010275.818835974 0.001244 -0.001794 0.002806 -0.006105 0.135110 -0.000300 0.990812
1784010275.823151112 0.001253 -0.001803 0.002793 -0.006114 0.135107 -0.000301 0.990812
1784010275.828629017 0.001263 -0.001815 0.002776 -0.006124 0.135101 -0.000296 0.990813
1784010275.828629017 0.001263 -0.001815 0.002776 -0.006124 0.135101 -0.000296 0.990813
1784010275.828830004 0.001263 -0.001815 0.002776 -0.006124 0.135100 -0.000295 0.990813
1784010275.833431005 0.001273 -0.001813 0.002780 -0.006139 0.135080 -0.000273 0.990816
1784010275.838850975 0.001283 -0.001811 0.002784 -0.006156 0.135049 -0.000244 0.990820
1784010275.843300104 0.001290 -0.001811 0.002786 -0.006168 0.135028 -0.000223 0.990823
1784010275.848927975 0.001298 -0.001811 0.002789 -0.006205 0.134997 -0.000196 0.990827
1784010275.853153944 0.001303 -0.001814 0.002789 -0.006229 0.134980 -0.000179 0.990829
1784010275.858846903 0.001309 -0.001816 0.002791 -0.006255 0.134952 -0.000156 0.990832
1784010275.863368988 0.001312 -0.001819 0.002789 -0.006273 0.134935 -0.000141 0.990835
1784010275.868663073 0.001316 -0.001823 0.002787 -0.006301 0.134911 -0.000117 0.990838
1784010275.872977972 0.001317 -0.001827 0.002783 -0.006318 0.134894 -0.000094 0.990840
1784010275.878950119 0.001319 -0.001831 0.002780 -0.006346 0.134856 -0.000063 0.990845
1784010275.883347988 0.001319 -0.001836 0.002774 -0.006362 0.134835 -0.000044 0.990848
1784010275.888722897 0.001319 -0.001842 0.002768 -0.006373 0.134805 -0.000016 0.990852
1784010275.893069029 0.001318 -0.001848 0.002761 -0.006391 0.134789 0.000001 0.990854
1784010275.898930073 0.001315 -0.001857 0.002754 -0.006429 0.134759 0.000026 0.990858
1784010275.903172970 0.001312 -0.001866 0.002746 -0.006453 0.134745 0.000038 0.990859
1784010275.908960104 0.001307 -0.001876 0.002736 -0.006486 0.134712 0.000069 0.990864
1784010275.913149118 0.001302 -0.001886 0.002725 -0.006501 0.134698 0.000082 0.990865
1784010275.918975115 0.001294 -0.001898 0.002713 -0.006542 0.134668 0.000102 0.990869
1784010275.923124075 0.001288 -0.001909 0.002701 -0.006555 0.134652 0.000123 0.990871
1784010275.928783178 0.001279 -0.001924 0.002688 -0.006587 0.134624 0.000150 0.990875
1784010275.928783178 0.001279 -0.001924 0.002688 -0.006587 0.134624 0.000150 0.990875
1784010275.928812981 0.001279 -0.001924 0.002689 -0.006587 0.134625 0.000150 0.990875
1784010275.932873964 0.001277 -0.001920 0.002716 -0.006571 0.134643 0.000152 0.990872
1784010275.938893080 0.001274 -0.001911 0.002762 -0.006531 0.134673 0.000158 0.990869
1784010275.943631887 0.001270 -0.001906 0.002793 -0.006501 0.134696 0.000162 0.990866
1784010275.948920965 0.001263 -0.001900 0.002828 -0.006474 0.134719 0.000165 0.990863
1784010275.952930927 0.001256 -0.001897 0.002851 -0.006459 0.134735 0.000160 0.990861
1784010275.958880901 0.001247 -0.001891 0.002891 -0.006436 0.134759 0.000166 0.990858
1784010275.963202000 0.001238 -0.001889 0.002914 -0.006421 0.134774 0.000170 0.990856
1784010275.968890905 0.001225 -0.001886 0.002950 -0.006397 0.134805 0.000175 0.990851
1784010275.973066092 0.001214 -0.001886 0.002971 -0.006390 0.134827 0.000175 0.990849
1784010275.978943110 0.001198 -0.001883 0.003006 -0.006357 0.134853 0.000189 0.990845
1784010275.983143091 0.001184 -0.001884 0.003025 -0.006340 0.134873 0.000190 0.990843
1784010275.988873959 0.001166 -0.001883 0.003057 -0.006313 0.134901 0.000191 0.990839
1784010275.992944956 0.001151 -0.001885 0.003075 -0.006288 0.134915 0.000194 0.990837
1784010275.999037981 0.001128 -0.001885 0.003107 -0.006255 0.134943 0.000202 0.990834
1784010276.003360987 0.001110 -0.001889 0.003124 -0.006234 0.134961 0.000210 0.990831
1784010276.009119034 0.001085 -0.001892 0.003151 -0.006210 0.134992 0.000212 0.990827
1784010276.013077021 0.001066 -0.001896 0.003164 -0.006199 0.135010 0.000212 0.990825
1784010276.018887043 0.001038 -0.001900 0.003189 -0.006173 0.135039 0.000228 0.990821
1784010276.023252010 0.001016 -0.001905 0.003204 -0.006169 0.135060 0.000232 0.990818
1784010276.028779030 0.000987 -0.001910 0.003225 -0.006146 0.135084 0.000237 0.990815
1784010276.028779030 0.000987 -0.001910 0.003225 -0.006146 0.135084 0.000237 0.990815
1784010276.028839111 0.000987 -0.001910 0.003225 -0.006146 0.135084 0.000236 0.990815
1784010276.032866001 0.000974 -0.001908 0.003233 -0.006142 0.135094 0.000232 0.990814
1784010276.038887978 0.000955 -0.001905 0.003241 -0.006141 0.135111 0.000217 0.990811
1784010276.043359995 0.000938 -0.001904 0.003248 -0.006135 0.135122 0.000207 0.990810
1784010276.048856020 0.000917 -0.001903 0.003253 -0.006135 0.135138 0.000188 0.990808
1784010276.053360939 0.000899 -0.001902 0.003258 -0.006134 0.135154 0.000181 0.990806
1784010276.058661938 0.000876 -0.001902 0.003262 -0.006122 0.135167 0.000179 0.990804
1784010276.062860966 0.000857 -0.001903 0.003266 -0.006119 0.135182 0.000170 0.990802
1784010276.069181919 0.000829 -0.001905 0.003267 -0.006103 0.135193 0.000165 0.990800
1784010276.073021889 0.000809 -0.001909 0.003269 -0.006107 0.135205 0.000163 0.990799
1784010276.078924894 0.000779 -0.001914 0.003268 -0.006117 0.135222 0.000140 0.990796
1784010276.083411932 0.000754 -0.001919 0.003267 -0.006104 0.135233 0.000131 0.990795
1784010276.088922977 0.000723 -0.001926 0.003264 -0.006099 0.135246 0.000124 0.990793
1784010276.093144894 0.000698 -0.001932 0.003263 -0.006094 0.135257 0.000112 0.990792
1784010276.098993063 0.000663 -0.001941 0.003260 -0.006080 0.135271 0.000096 0.990790
1784010276.102855921 0.000638 -0.001948 0.003259 -0.006083 0.135284 0.000089 0.990788
1784010276.108745098 0.000601 -0.001959 0.003254 -0.006082 0.135304 0.000072 0.990785
1784010276.113179922 0.000570 -0.001969 0.003250 -0.006081 0.135315 0.000065 0.990784
1784010276.118861914 0.000532 -0.001982 0.003242 -0.006080 0.135332 0.000051 0.990782
1784010276.123099089 0.000501 -0.001993 0.003236 -0.006067 0.135340 0.000045 0.990781
1784010276.128978968 0.000459 -0.002008 0.003225 -0.006062 0.135351 0.000034 0.990779
1784010276.128978968 0.000459 -0.002008 0.003225 -0.006062 0.135351 0.000034 0.990779
1784010276.129045963 0.000459 -0.002007 0.003224 -0.006063 0.135350 0.000034 0.990779
1784010276.132900000 0.000439 -0.002008 0.003210 -0.006085 0.135335 0.000039 0.990781
1784010276.138878107 0.000410 -0.002006 0.003187 -0.006114 0.135301 0.000049 0.990786
1784010276.143038034 0.000388 -0.002008 0.003170 -0.006140 0.135286 0.000057 0.990788
1784010276.148864031 0.000356 -0.002010 0.003146 -0.006178 0.135256 0.000065 0.990791
1784010276.153352022 0.000330 -0.002013 0.003126 -0.006205 0.135241 0.000074 0.990793
1784010276.158866882 0.000298 -0.002016 0.003100 -0.006251 0.135214 0.000085 0.990797
1784010276.162863016 0.000273 -0.002021 0.003081 -0.006273 0.135201 0.000097 0.990798
1784010276.168479919 0.000239 -0.002025 0.003053 -0.006315 0.135179 0.000114 0.990801
1784010276.173274040 0.000208 -0.002031 0.003029 -0.006341 0.135161 0.000123 0.990803
1784010276.178618908 0.000173 -0.002039 0.003001 -0.006375 0.135139 0.000136 0.990806
1784010276.183183908 0.000142 -0.002047 0.002976 -0.006405 0.135119 0.000148 0.990809
1784010276.188880920 0.000102 -0.002057 0.002944 -0.006443 0.135087 0.000161 0.990813
1784010276.193105936 0.000071 -0.002066 0.002918 -0.006468 0.135074 0.000169 0.990814
1784010276.198921919 0.000029 -0.002077 0.002882 -0.006517 0.135050 0.000185 0.990817
1784010276.203160048 -0.000002 -0.002088 0.002856 -0.006538 0.135037 0.000190 0.990819
1784010276.208980083 -0.000046 -0.002101 0.002819 -0.006587 0.135007 0.000203 0.990823
1784010276.213084936 -0.000078 -0.002114 0.002792 -0.006613 0.134991 0.000211 0.990825
1784010276.218884945 -0.000123 -0.002130 0.002755 -0.006658 0.134964 0.000226 0.990828
1784010276.222965956 -0.000157 -0.002144 0.002727 -0.006684 0.134950 0.000234 0.990830
1784010276.228816032 -0.000205 -0.002163 0.002686 -0.006718 0.134920 0.000244 0.990834
1784010276.228931189 -0.000206 -0.002163 0.002685 -0.006719 0.134919 0.000245 0.990834
1784010276.228931189 -0.000206 -0.002163 0.002685 -0.006719 0.134919 0.000245 0.990834
1784010276.233186007 -0.000230 -0.002156 0.002698 -0.006694 0.134918 0.000241 0.990834
1784010276.238858938 -0.000260 -0.002145 0.002721 -0.006652 0.134910 0.000239 0.990836
1784010276.242974997 -0.000284 -0.002139 0.002732 -0.006633 0.134911 0.000233 0.990835
1784010276.248619080 -0.000317 -0.002130 0.002754 -0.006605 0.134909 0.000223 0.990836
1784010276.253009081 -0.000345 -0.002125 0.002765 -0.006586 0.134908 0.000216 0.990836
1784010276.258852959 -0.000381 -0.002117 0.002787 -0.006555 0.134906 0.000216 0.990837
1784010276.263252974 -0.000412 -0.002113 0.002797 -0.006536 0.134905 0.000213 0.990837
1784010276.268575907 -0.000448 -0.002106 0.002812 -0.006501 0.134901 0.000206 0.990838
1784010276.273200989 -0.000481 -0.002102 0.002822 -0.006485 0.134904 0.000202 0.990837
1784010276.278898954 -0.000522 -0.002096 0.002838 -0.006455 0.134896 0.000201 0.990839
1784010276.282861948 -0.000553 -0.002095 0.002844 -0.006438 0.134896 0.000193 0.990839
1784010276.288887024 -0.000598 -0.002090 0.002860 -0.006413 0.134889 0.000180 0.990840
1784010276.293281078 -0.000634 -0.002090 0.002867 -0.006391 0.134886 0.000178 0.990841
1784010276.298877001 -0.000678 -0.002088 0.002878 -0.006366 0.134887 0.000169 0.990841
1784010276.303162098 -0.000715 -0.002088 0.002882 -0.006348 0.134888 0.000162 0.990840
1784010276.308926105 -0.000763 -0.002086 0.002893 -0.006315 0.134883 0.000158 0.990841
1784010276.313098907 -0.000801 -0.002087 0.002894 -0.006302 0.134882 0.000154 0.990842
1784010276.318871975 -0.000851 -0.002087 0.002902 -0.006266 0.134874 0.000150 0.990843
1784010276.323175907 -0.000892 -0.002090 0.002903 -0.006246 0.134870 0.000141 0.990844
1784010276.328714132 -0.000943 -0.002092 0.002908 -0.006229 0.134869 0.000139 0.990844
1784010276.328714132 -0.000943 -0.002092 0.002908 -0.006229 0.134869 0.000139 0.990844
1784010276.329018116 -0.000945 -0.002091 0.002909 -0.006229 0.134870 0.000138 0.990844
1784010276.333137035 -0.000970 -0.002083 0.002923 -0.006215 0.134881 0.000132 0.990842
1784010276.338871002 -0.001004 -0.002069 0.002942 -0.006203 0.134901 0.000112 0.990840
1784010276.343322039 -0.001032 -0.002060 0.002955 -0.006196 0.134915 0.000098 0.990838
1784010276.348841906 -0.001067 -0.002049 0.002971 -0.006175 0.134922 0.000084 0.990837
1784010276.352965117 -0.001095 -0.002042 0.002982 -0.006175 0.134929 0.000072 0.990836
1784010276.359003067 -0.001136 -0.002031 0.002997 -0.006155 0.134940 0.000056 0.990835
1784010276.363024950 -0.001166 -0.002026 0.003006 -0.006142 0.134949 0.000043 0.990834
1784010276.369137049 -0.001209 -0.002016 0.003020 -0.006135 0.134964 0.000022 0.990832
1784010276.373033047 -0.001240 -0.002012 0.003027 -0.006122 0.134974 0.000020 0.990830
1784010276.378803968 -0.001285 -0.002004 0.003038 -0.006109 0.134985 0.000006 0.990829
1784010276.382846117 -0.001319 -0.002001 0.003045 -0.006098 0.134994 -0.000002 0.990828
1784010276.388550997 -0.001365 -0.001996 0.003053 -0.006086 0.135005 -0.000019 0.990826
1784010276.393024921 -0.001405 -0.001994 0.003058 -0.006075 0.135014 -0.000029 0.990825
1784010276.398822069 -0.001455 -0.001991 0.003064 -0.006053 0.135022 -0.000047 0.990824
1784010276.403228045 -0.001496 -0.001990 0.003067 -0.006050 0.135034 -0.000055 0.990823
1784010276.408852100 -0.001547 -0.001989 0.003070 -0.006028 0.135048 -0.000064 0.990821
1784010276.413081884 -0.001588 -0.001990 0.003073 -0.006011 0.135057 -0.000069 0.990820
1784010276.419027090 -0.001644 -0.001990 0.003075 -0.006001 0.135071 -0.000087 0.990818
1784010276.423068047 -0.001686 -0.001992 0.003076 -0.005996 0.135082 -0.000099 0.990816
1784010276.428905010 -0.001744 -0.001995 0.003077 -0.005984 0.135093 -0.000116 0.990815
1784010276.428992033 -0.001744 -0.001995 0.003077 -0.005983 0.135093 -0.000116 0.990815
1784010276.428992033 -0.001744 -0.001995 0.003077 -0.005983 0.135093 -0.000116 0.990815
1784010276.433068991 -0.001771 -0.001984 0.003072 -0.005989 0.135090 -0.000109 0.990815
1784010276.438919067 -0.001809 -0.001966 0.003062 -0.005998 0.135084 -0.000104 0.990816
1784010276.443315983 -0.001840 -0.001955 0.003054 -0.006007 0.135086 -0.000101 0.990816
1784010276.448928118 -0.001879 -0.001940 0.003042 -0.006019 0.135086 -0.000099 0.990816
1784010276.453145027 -0.001910 -0.001932 0.003034 -0.006018 0.135079 -0.000093 0.990817
1784010276.459012032 -0.001953 -0.001918 0.003021 -0.006036 0.135070 -0.000083 0.990818
1784010276.463022947 -0.001985 -0.001912 0.003012 -0.006040 0.135065 -0.000081 0.990818
1784010276.468967915 -0.002031 -0.001901 0.002996 -0.006056 0.135059 -0.000078 0.990819
1784010276.473278999 -0.002067 -0.001896 0.002984 -0.006072 0.135058 -0.000074 0.990819
1784010276.478682995 -0.002111 -0.001888 0.002967 -0.006085 0.135054 -0.000066 0.990820
1784010276.483073950 -0.002150 -0.001883 0.002953 -0.006095 0.135055 -0.000068 0.990819
1784010276.488867044 -0.002199 -0.001875 0.002934 -0.006097 0.135043 -0.000060 0.990821
1784010276.492841959 -0.002236 -0.001873 0.002921 -0.006098 0.135039 -0.000054 0.990822
1784010276.498894930 -0.002290 -0.001867 0.002899 -0.006117 0.135032 -0.000048 0.990822
1784010276.502948046 -0.002329 -0.001867 0.002885 -0.006121 0.135029 -0.000045 0.990823
1784010276.508789062 -0.002383 -0.001864 0.002862 -0.006130 0.135020 -0.000040 0.990824
1784010276.513179064 -0.002427 -0.001864 0.002843 -0.006142 0.135017 -0.000039 0.990824
1784010276.518883944 -0.002483 -0.001863 0.002817 -0.006156 0.135008 -0.000033 0.990825
1784010276.522974014 -0.002526 -0.001864 0.002798 -0.006165 0.135006 -0.000033 0.990826
1784010276.528704166 -0.002583 -0.001865 0.002771 -0.006170 0.134997 -0.000022 0.990827
1784010276.528704166 -0.002583 -0.001865 0.002771 -0.006170 0.134997 -0.000022 0.990827
1784010276.528845072 -0.002584 -0.001865 0.002771 -0.006170 0.134996 -0.000022 0.990827
1784010276.533231974 -0.002613 -0.001857 0.002767 -0.006179 0.134978 -0.000023 0.990829
1784010276.538885117 -0.002649 -0.001847 0.002763 -0.006203 0.134950 -0.000032 0.990833
1784010276.542984009 -0.002678 -0.001841 0.002757 -0.006204 0.134932 -0.000029 0.990835
1784010276.548799038 -0.002718 -0.001832 0.002750 -0.006219 0.134899 -0.000033 0.990840
1784010276.553277969 -0.002751 -0.001826 0.002740 -0.006228 0.134880 -0.000036 0.990842
1784010276.558701992 -0.002791 -0.001819 0.002730 -0.006239 0.134851 -0.000043 0.990846
1784010276.563097954 -0.002825 -0.001815 0.002720 -0.006253 0.134835 -0.000045 0.990848
1784010276.568862915 -0.002869 -0.001810 0.002709 -0.006264 0.134803 -0.000047 0.990853
1784010276.573585987 -0.002907 -0.001808 0.002698 -0.006282 0.134784 -0.000051 0.990855
1784010276.578788996 -0.002949 -0.001805 0.002686 -0.006295 0.134761 -0.000055 0.990858
1784010276.582972050 -0.002986 -0.001804 0.002673 -0.006301 0.134746 -0.000056 0.990860
1784010276.588845968 -0.003035 -0.001802 0.002658 -0.006332 0.134716 -0.000061 0.990864
1784010276.593421936 -0.003076 -0.001802 0.002642 -0.006341 0.134696 -0.000062 0.990867
1784010276.598653078 -0.003122 -0.001802 0.002625 -0.006347 0.134670 -0.000058 0.990870
1784010276.602950096 -0.003162 -0.001803 0.002609 -0.006360 0.134657 -0.000058 0.990872
1784010276.608922005 -0.003217 -0.001806 0.002590 -0.006359 0.134619 -0.000055 0.990877
1784010276.613183975 -0.003258 -0.001809 0.002573 -0.006363 0.134604 -0.000060 0.990879
1784010276.618714094 -0.003312 -0.001813 0.002552 -0.006381 0.134577 -0.000072 0.990883
1784010276.623063087 -0.003356 -0.001817 0.002533 -0.006389 0.134559 -0.000069 0.990885
1784010276.628806114 -0.003414 -0.001822 0.002509 -0.006410 0.134530 -0.000069 0.990889
1784010276.628806114 -0.003414 -0.001822 0.002509 -0.006410 0.134530 -0.000069 0.990889
1784010276.628834009 -0.003414 -0.001822 0.002510 -0.006409 0.134530 -0.000069 0.990889
1784010276.633028984 -0.003438 -0.001816 0.002531 -0.006399 0.134543 -0.000070 0.990887
1784010276.638825893 -0.003471 -0.001807 0.002565 -0.006388 0.134563 -0.000067 0.990884
1784010276.643230915 -0.003499 -0.001802 0.002587 -0.006380 0.134579 -0.000070 0.990882
1784010276.648858070 -0.003535 -0.001795 0.002618 -0.006354 0.134596 -0.000070 0.990880
1784010276.653297901 -0.003566 -0.001791 0.002639 -0.006334 0.134610 -0.000072 0.990878
1784010276.658859968 -0.003605 -0.001785 0.002667 -0.006315 0.134632 -0.000077 0.990876
1784010276.663202047 -0.003638 -0.001783 0.002685 -0.006307 0.134645 -0.000078 0.990874
1784010276.668814898 -0.003680 -0.001778 0.002712 -0.006300 0.134662 -0.000081 0.990872
1784010276.673511982 -0.003718 -0.001777 0.002731 -0.006289 0.134677 -0.000087 0.990870
1784010276.678697109 -0.003760 -0.001776 0.002752 -0.006283 0.134695 -0.000090 0.990867
1784010276.683149099 -0.003799 -0.001776 0.002768 -0.006275 0.134711 -0.000095 0.990865
1784010276.688676119 -0.003846 -0.001776 0.002790 -0.006252 0.134725 -0.000103 0.990863
1784010276.693308115 -0.003889 -0.001777 0.002805 -0.006235 0.134739 -0.000105 0.990862
1784010276.698903084 -0.003939 -0.001777 0.002826 -0.006220 0.134756 -0.000113 0.990859
1784010276.703236103 -0.003982 -0.001779 0.002838 -0.006203 0.134769 -0.000121 0.990858
1784010276.708693981 -0.004034 -0.001782 0.002856 -0.006183 0.134788 -0.000132 0.990855
1784010276.713088036 -0.004079 -0.001785 0.002867 -0.006173 0.134801 -0.000138 0.990853
1784010276.718910933 -0.004138 -0.001790 0.002885 -0.006162 0.134825 -0.000138 0.990850
1784010276.723082066 -0.004184 -0.001794 0.002892 -0.006146 0.134838 -0.000142 0.990849
1784010276.728811026 -0.004245 -0.001799 0.002907 -0.006115 0.134855 -0.000149 0.990846
1784010276.728909969 -0.004246 -0.001799 0.002908 -0.006114 0.134855 -0.000149 0.990846
1784010276.728909969 -0.004246 -0.001799 0.002908 -0.006114 0.134855 -0.000149 0.990846
1784010276.732988119 -0.004270 -0.001795 0.002912 -0.006116 0.134867 -0.000156 0.990845
1784010276.738847971 -0.004302 -0.001790 0.002915 -0.006109 0.134882 -0.000170 0.990843
1784010276.743391037 -0.004331 -0.001787 0.002918 -0.006094 0.134889 -0.000179 0.990842
1784010276.748536110 -0.004363 -0.001785 0.002920 -0.006091 0.134895 -0.000187 0.990841
1784010276.752952099 -0.004393 -0.001784 0.002921 -0.006084 0.134900 -0.000199 0.990841
1784010276.758882046 -0.004432 -0.001782 0.002919 -0.006075 0.134908 -0.000220 0.990839
1784010276.763268948 -0.004465 -0.001783 0.002918 -0.006072 0.134918 -0.000226 0.990838
1784010276.768851995 -0.004505 -0.001782 0.002914 -0.006061 0.134926 -0.000228 0.990837
1784010276.773366928 -0.004541 -0.001784 0.002912 -0.006053 0.134937 -0.000233 0.990836
1784010276.778932095 -0.004583 -0.001786 0.002907 -0.006037 0.134945 -0.000247 0.990835
1784010276.783351898 -0.004620 -0.001790 0.002903 -0.006032 0.134950 -0.000254 0.990834
1784010276.788559914 -0.004664 -0.001794 0.002897 -0.006026 0.134955 -0.000265 0.990833
1784010276.792956114 -0.004703 -0.001800 0.002891 -0.006022 0.134963 -0.000274 0.990832
1784010276.798827887 -0.004753 -0.001806 0.002880 -0.006014 0.134971 -0.000288 0.990831
1784010276.803487062 -0.004797 -0.001812 0.002872 -0.006009 0.134979 -0.000296 0.990830
1784010276.808918953 -0.004846 -0.001820 0.002862 -0.006008 0.134990 -0.000304 0.990829
1784010276.812994957 -0.004886 -0.001827 0.002854 -0.006004 0.135000 -0.000313 0.990827
1784010276.818842888 -0.004942 -0.001838 0.002841 -0.005996 0.135008 -0.000320 0.990826
1784010276.822977066 -0.004984 -0.001847 0.002833 -0.005991 0.135016 -0.000324 0.990825
1784010276.828636169 -0.005041 -0.001859 0.002817 -0.006003 0.135027 -0.000341 0.990824
1784010276.828636169 -0.005041 -0.001859 0.002817 -0.006003 0.135027 -0.000341 0.990824
1784010276.828828096 -0.005042 -0.001859 0.002817 -0.006005 0.135026 -0.000341 0.990824
1784010276.833040953 -0.005063 -0.001858 0.002802 -0.006024 0.135008 -0.000331 0.990826
1784010276.838839054 -0.005090 -0.001855 0.002781 -0.006059 0.134977 -0.000307 0.990830
1784010276.843337059 -0.005114 -0.001855 0.002763 -0.006080 0.134955 -0.000292 0.990833
1784010276.848815918 -0.005142 -0.001855 0.002742 -0.006107 0.134922 -0.000271 0.990837
1784010276.852952957 -0.005167 -0.001857 0.002725 -0.006127 0.134903 -0.000259 0.990840
1784010276.858807087 -0.005199 -0.001859 0.002700 -0.006172 0.134864 -0.000230 0.990845
1784010276.863491058 -0.005228 -0.001863 0.002679 -0.006209 0.134843 -0.000212 0.990848
1784010276.868700027 -0.005261 -0.001868 0.002655 -0.006237 0.134815 -0.000195 0.990851
1784010276.872869968 -0.005289 -0.001872 0.002634 -0.006252 0.134796 -0.000179 0.990854
1784010276.878765106 -0.005326 -0.001878 0.002604 -0.006292 0.134758 -0.000154 0.990859
1784010276.882822990 -0.005355 -0.001884 0.002583 -0.006306 0.134742 -0.000146 0.990861
1784010276.888845921 -0.005395 -0.001892 0.002551 -0.006348 0.134707 -0.000129 0.990865
1784010276.893066883 -0.005427 -0.001900 0.002528 -0.006376 0.134690 -0.000116 0.990867
1784010276.898807049 -0.005468 -0.001911 0.002495 -0.006411 0.134650 -0.000093 0.990872
1784010276.903058052 -0.005503 -0.001920 0.002469 -0.006435 0.134633 -0.000080 0.990875
1784010276.908767939 -0.005546 -0.001932 0.002433 -0.006467 0.134599 -0.000057 0.990879
1784010276.913105011 -0.005583 -0.001943 0.002405 -0.006490 0.134579 -0.000040 0.990882
1784010276.918823957 -0.005629 -0.001957 0.002367 -0.006535 0.134545 -0.000018 0.990886
1784010276.923069954 -0.005666 -0.001969 0.002339 -0.006556 0.134528 -0.000008 0.990888
1784010276.928515196 -0.005713 -0.001985 0.002302 -0.006600 0.134495 0.000012 0.990892
1784010276.928515196 -0.005713 -0.001985 0.002302 -0.006600 0.134495 0.000012 0.990892
1784010276.928838968 -0.005714 -0.001984 0.002303 -0.006600 0.134495 0.000012 0.990892
1784010276.932904959 -0.005726 -0.001976 0.002316 -0.006592 0.134502 0.000002 0.990891
1784010276.938898087 -0.005741 -0.001959 0.002343 -0.006554 0.134512 -0.000020 0.990890
1784010276.943491936 -0.005756 -0.001949 0.002357 -0.006546 0.134524 -0.000031 0.990889
1784010276.948823929 -0.005773 -0.001936 0.002376 -0.006525 0.134537 -0.000044 0.990887
1784010276.953041077 -0.005790 -0.001928 0.002387 -0.006512 0.134549 -0.000052 0.990886
1784010276.958813906 -0.005810 -0.001917 0.002408 -0.006488 0.134553 -0.000069 0.990885
1784010276.963061094 -0.005830 -0.001911 0.002418 -0.006475 0.134558 -0.000079 0.990885
1784010276.968830109 -0.005853 -0.001901 0.002437 -0.006445 0.134565 -0.000097 0.990884
1784010276.973140001 -0.005875 -0.001896 0.002445 -0.006438 0.134579 -0.000107 0.990882
1784010276.978825092 -0.005901 -0.001886 0.002461 -0.006398 0.134589 -0.000126 0.990881
1784010276.982965946 -0.005924 -0.001881 0.002466 -0.006371 0.134598 -0.000138 0.990880
1784010276.988898039 -0.005954 -0.001872 0.002481 -0.006338 0.134603 -0.000160 0.990879
1784010276.993345022 -0.005980 -0.001868 0.002487 -0.006316 0.134607 -0.000174 0.990879
1784010276.998682976 -0.006011 -0.001863 0.002497 -0.006307 0.134617 -0.000188 0.990878
1784010277.002800941 -0.006038 -0.001862 0.002500 -0.006303 0.134626 -0.000196 0.990876
1784010277.008936882 -0.006074 -0.001856 0.002513 -0.006274 0.134637 -0.000219 0.990875
1784010277.013077021 -0.006104 -0.001854 0.002515 -0.006260 0.134646 -0.000231 0.990874
1784010277.018829107 -0.006142 -0.001850 0.002522 -0.006212 0.134653 -0.000251 0.990873
1784010277.023236036 -0.006174 -0.001849 0.002522 -0.006179 0.134660 -0.000265 0.990873
1784010277.028612137 -0.006212 -0.001847 0.002526 -0.006159 0.134665 -0.000283 0.990872
1784010277.028612137 -0.006212 -0.001847 0.002526 -0.006159 0.134665 -0.000283 0.990872
1784010277.028824091 -0.006212 -0.001846 0.002527 -0.006159 0.134665 -0.000283 0.990872
1784010277.033096075 -0.006216 -0.001835 0.002540 -0.006157 0.134673 -0.000289 0.990871
1784010277.038847923 -0.006219 -0.001820 0.002559 -0.006151 0.134689 -0.000295 0.990869
1784010277.043288946 -0.006225 -0.001810 0.002572 -0.006147 0.134702 -0.000299 0.990867
1784010277.048774958 -0.006232 -0.001797 0.002587 -0.006149 0.134723 -0.000301 0.990864
1784010277.053226948 -0.006240 -0.001787 0.002598 -0.006152 0.134740 -0.000301 0.990862
1784010277.058763981 -0.006249 -0.001774 0.002610 -0.006133 0.134750 -0.000303 0.990861
1784010277.063122034 -0.006259 -0.001765 0.002619 -0.006120 0.134758 -0.000303 0.990860
1784010277.068509102 -0.006270 -0.001754 0.002629 -0.006115 0.134770 -0.000314 0.990858
1784010277.073255062 -0.006283 -0.001747 0.002637 -0.006111 0.134781 -0.000324 0.990857
1784010277.078979969 -0.006298 -0.001738 0.002647 -0.006114 0.134803 -0.000331 0.990854
1784010277.082863092 -0.006313 -0.001734 0.002653 -0.006117 0.134818 -0.000336 0.990851
1784010277.088855982 -0.006331 -0.001726 0.002661 -0.006110 0.134835 -0.000345 0.990849
1784010277.093121052 -0.006347 -0.001723 0.002666 -0.006107 0.134847 -0.000352 0.990848
1784010277.098802090 -0.006366 -0.001717 0.002672 -0.006100 0.134860 -0.000351 0.990846
1784010277.102965117 -0.006384 -0.001714 0.002675 -0.006095 0.134870 -0.000351 0.990845
1784010277.109802961 -0.006407 -0.001709 0.002679 -0.006069 0.134877 -0.000364 0.990844
1784010277.112834930 -0.006423 -0.001709 0.002680 -0.006059 0.134881 -0.000369 0.990843
1784010277.118855953 -0.006448 -0.001707 0.002681 -0.006052 0.134901 -0.000376 0.990841
1784010277.123056889 -0.006471 -0.001708 0.002681 -0.006048 0.134915 -0.000379 0.990839
1784010277.128470182 -0.006498 -0.001708 0.002681 -0.006034 0.134928 -0.000386 0.990837
1784010277.128470182 -0.006498 -0.001708 0.002681 -0.006034 0.134928 -0.000386 0.990837
1784010277.128860950 -0.006498 -0.001708 0.002681 -0.006034 0.134928 -0.000386 0.990837
1784010277.133105993 -0.006494 -0.001700 0.002677 -0.006040 0.134925 -0.000383 0.990837
1784010277.138832092 -0.006486 -0.001690 0.002672 -0.006060 0.134913 -0.000380 0.990839
1784010277.142887115 -0.006484 -0.001685 0.002667 -0.006071 0.134908 -0.000379 0.990839
1784010277.148828983 -0.006478 -0.001677 0.002659 -0.006085 0.134899 -0.000366 0.990841
1784010277.153218985 -0.006478 -0.001672 0.002652 -0.006092 0.134895 -0.000358 0.990841
1784010277.158807039 -0.006476 -0.001666 0.002642 -0.006105 0.134890 -0.000350 0.990842
1784010277.163422108 -0.006477 -0.001662 0.002632 -0.006111 0.134886 -0.000344 0.990842
1784010277.168469906 -0.006479 -0.001658 0.002621 -0.006113 0.134880 -0.000341 0.990843
1784010277.173042059 -0.006482 -0.001655 0.002610 -0.006127 0.134876 -0.000339 0.990843
1784010277.178385973 -0.006485 -0.001653 0.002596 -0.006144 0.134869 -0.000331 0.990844
1784010277.183079004 -0.006490 -0.001653 0.002584 -0.006151 0.134865 -0.000325 0.990845
1784010277.188771963 -0.006495 -0.001653 0.002567 -0.006166 0.134856 -0.000313 0.990846
1784010277.193176985 -0.006502 -0.001654 0.002553 -0.006171 0.134855 -0.000305 0.990846
1784010277.198796988 -0.006510 -0.001656 0.002535 -0.006178 0.134850 -0.000295 0.990847
1784010277.203111887 -0.006519 -0.001659 0.002521 -0.006188 0.134847 -0.000291 0.990847
1784010277.208817959 -0.006529 -0.001662 0.002502 -0.006210 0.134838 -0.000282 0.990848
1784010277.212888956 -0.006539 -0.001667 0.002487 -0.006217 0.134836 -0.000281 0.990848
1784010277.218907118 -0.006552 -0.001673 0.002464 -0.006220 0.134826 -0.000283 0.990850
1784010277.223098993 -0.006565 -0.001680 0.002447 -0.006232 0.134823 -0.000279 0.990850
1784010277.228764057 -0.006580 -0.001687 0.002422 -0.006251 0.134814 -0.000270 0.990851
1784010277.228764057 -0.006580 -0.001687 0.002422 -0.006251 0.134814 -0.000270 0.990851
1784010277.228800058 -0.006579 -0.001687 0.002422 -0.006251 0.134814 -0.000270 0.990851
1784010277.232960939 -0.006568 -0.001682 0.002425 -0.006248 0.134800 -0.000262 0.990853
1784010277.238817930 -0.006548 -0.001673 0.002432 -0.006265 0.134781 -0.000245 0.990856
1784010277.243128061 -0.006538 -0.001669 0.002434 -0.006282 0.134771 -0.000238 0.990857
1784010277.248547077 -0.006523 -0.001664 0.002438 -0.006293 0.134756 -0.000236 0.990859
1784010277.253012896 -0.006514 -0.001661 0.002439 -0.006304 0.134747 -0.000225 0.990860
1784010277.258872986 -0.006501 -0.001657 0.002443 -0.006317 0.134731 -0.000205 0.990862
1784010277.263299942 -0.006494 -0.001656 0.002442 -0.006331 0.134727 -0.000194 0.990863
1784010277.268800974 -0.006485 -0.001653 0.002442 -0.006347 0.134711 -0.000185 0.990865
1784010277.272800922 -0.006482 -0.001653 0.002439 -0.006352 0.134701 -0.000176 0.990866
1784010277.278373003 -0.006474 -0.001653 0.002437 -0.006371 0.134684 -0.000163 0.990868
1784010277.283101082 -0.006471 -0.001654 0.002434 -0.006380 0.134671 -0.000152 0.990870
1784010277.288723946 -0.006466 -0.001656 0.002431 -0.006390 0.134655 -0.000137 0.990872
1784010277.293005943 -0.006466 -0.001659 0.002424 -0.006405 0.134642 -0.000126 0.990874
1784010277.298815966 -0.006464 -0.001662 0.002419 -0.006422 0.134618 -0.000116 0.990877
1784010277.302943945 -0.006466 -0.001665 0.002410 -0.006430 0.134606 -0.000111 0.990878
1784010277.308813095 -0.006466 -0.001669 0.002402 -0.006448 0.134585 -0.000100 0.990881
1784010277.313224077 -0.006470 -0.001674 0.002393 -0.006459 0.134576 -0.000087 0.990882
1784010277.318718910 -0.006473 -0.001681 0.002385 -0.006477 0.134563 -0.000071 0.990884
1784010277.323100090 -0.006478 -0.001688 0.002375 -0.006488 0.134552 -0.000066 0.990885
1784010277.328617096 -0.006484 -0.001696 0.002364 -0.006495 0.134531 -0.000057 0.990888
1784010277.328617096 -0.006484 -0.001696 0.002364 -0.006495 0.134531 -0.000057 0.990888
1784010277.328902006 -0.006483 -0.001696 0.002365 -0.006494 0.134531 -0.000058 0.990888
1784010277.332976103 -0.006466 -0.001688 0.002384 -0.006485 0.134544 -0.000063 0.990886
1784010277.338860989 -0.006438 -0.001676 0.002414 -0.006470 0.134563 -0.000072 0.990884
1784010277.343245983 -0.006421 -0.001669 0.002432 -0.006455 0.134574 -0.000081 0.990882
1784010277.348655939 -0.006399 -0.001659 0.002456 -0.006427 0.134585 -0.000085 0.990881
1784010277.352884054 -0.006385 -0.001654 0.002472 -0.006418 0.134599 -0.000095 0.990879
1784010277.358829975 -0.006364 -0.001645 0.002500 -0.006403 0.134617 -0.000110 0.990877
1784010277.362907887 -0.006353 -0.001642 0.002515 -0.006394 0.134630 -0.000115 0.990875
1784010277.368937016 -0.006335 -0.001634 0.002541 -0.006369 0.134646 -0.000125 0.990873
1784010277.372925043 -0.006327 -0.001631 0.002554 -0.006351 0.134659 -0.000130 0.990872
1784010277.378766060 -0.006313 -0.001624 0.002577 -0.006318 0.134677 -0.000144 0.990869
1784010277.383238077 -0.006305 -0.001620 0.002591 -0.006300 0.134691 -0.000151 0.990868
1784010277.388798952 -0.006294 -0.001616 0.002610 -0.006280 0.134709 -0.000154 0.990865
1784010277.392863989 -0.006290 -0.001616 0.002621 -0.006262 0.134717 -0.000158 0.990864
1784010277.398824930 -0.006281 -0.001613 0.002640 -0.006230 0.134733 -0.000169 0.990862
1784010277.403254032 -0.006279 -0.001613 0.002651 -0.006217 0.134744 -0.000175 0.990861
1784010277.408834934 -0.006274 -0.001612 0.002667 -0.006210 0.134765 -0.000183 0.990858
1784010277.413178921 -0.006274 -0.001613 0.002676 -0.006197 0.134776 -0.000186 0.990857
1784010277.418657064 -0.006272 -0.001613 0.002689 -0.006163 0.134791 -0.000197 0.990855
1784010277.423027992 -0.006274 -0.001615 0.002696 -0.006146 0.134805 -0.000204 0.990853
1784010277.428769112 -0.006274 -0.001618 0.002709 -0.006119 0.134819 -0.000208 0.990851
1784010277.428769112 -0.006274 -0.001618 0.002709 -0.006119 0.134819 -0.000208 0.990851
1784010277.428936005 -0.006273 -0.001617 0.002709 -0.006118 0.134819 -0.000208 0.990851
1784010277.432991028 -0.006253 -0.001613 0.002710 -0.006115 0.134828 -0.000211 0.990850
1784010277.438807011 -0.006222 -0.001607 0.002707 -0.006118 0.134832 -0.000220 0.990850
1784010277.443295956 -0.006202 -0.001603 0.002706 -0.006117 0.134834 -0.000226 0.990849
1784010277.448775053 -0.006176 -0.001598 0.002702 -0.006114 0.134833 -0.000235 0.990849
1784010277.453238010 -0.006158 -0.001596 0.002699 -0.006106 0.134834 -0.000242 0.990849
1784010277.458825111 -0.006134 -0.001594 0.002693 -0.006103 0.134836 -0.000248 0.990849
1784010277.462925911 -0.006119 -0.001594 0.002689 -0.006119 0.134838 -0.000253 0.990849
1784010277.468748093 -0.006097 -0.001593 0.002680 -0.006110 0.134830 -0.000260 0.990850
1784010277.472879887 -0.006085 -0.001595 0.002674 -0.006098 0.134830 -0.000269 0.990850
1784010277.478792906 -0.006065 -0.001596 0.002662 -0.006099 0.134831 -0.000278 0.990850
1784010277.483222961 -0.006054 -0.001598 0.002655 -0.006101 0.134837 -0.000277 0.990849
1784010277.488615990 -0.006039 -0.001602 0.002644 -0.006090 0.134837 -0.000283 0.990849
1784010277.492866993 -0.006031 -0.001606 0.002635 -0.006082 0.134834 -0.000290 0.990850
1784010277.498526096 -0.006018 -0.001611 0.002621 -0.006085 0.134833 -0.000295 0.990850
1784010277.502789974 -0.006011 -0.001617 0.002611 -0.006089 0.134837 -0.000305 0.990849
1784010277.508861065 -0.006000 -0.001625 0.002592 -0.006079 0.134834 -0.000312 0.990849
1784010277.512991905 -0.005996 -0.001632 0.002580 -0.006077 0.134838 -0.000316 0.990849
1784010277.518851042 -0.005987 -0.001641 0.002561 -0.006077 0.134840 -0.000319 0.990849
1784010277.523014069 -0.005985 -0.001649 0.002549 -0.006067 0.134844 -0.000323 0.990848
1784010277.528820992 -0.005979 -0.001660 0.002529 -0.006055 0.134845 -0.000337 0.990848
1784010277.528820992 -0.005979 -0.001660 0.002529 -0.006055 0.134845 -0.000337 0.990848
1784010277.528824091 -0.005978 -0.001660 0.002529 -0.006056 0.134844 -0.000337 0.990848
1784010277.532949924 -0.005955 -0.001657 0.002526 -0.006074 0.134834 -0.000332 0.990850
1784010277.538801908 -0.005919 -0.001652 0.002525 -0.006114 0.134808 -0.000315 0.990853
1784010277.543205023 -0.005896 -0.001650 0.002520 -0.006131 0.134793 -0.000305 0.990855
1784010277.548990965 -0.005864 -0.001646 0.002515 -0.006155 0.134768 -0.000293 0.990858
1784010277.552920103 -0.005845 -0.001645 0.002509 -0.006178 0.134760 -0.000288 0.990859
1784010277.558845043 -0.005815 -0.001643 0.002503 -0.006218 0.134736 -0.000274 0.990862
1784010277.562989950 -0.005797 -0.001644 0.002496 -0.006238 0.134724 -0.000263 0.990864
1784010277.568799973 -0.005771 -0.001644 0.002489 -0.006273 0.134701 -0.000246 0.990866
1784010277.572935104 -0.005755 -0.001648 0.002481 -0.006291 0.134692 -0.000239 0.990867
1784010277.578778028 -0.005732 -0.001650 0.002472 -0.006332 0.134669 -0.000232 0.990870
1784010277.583439112 -0.005716 -0.001654 0.002460 -0.006356 0.134655 -0.000223 0.990872
1784010277.588421106 -0.005700 -0.001658 0.002447 -0.006386 0.134642 -0.000210 0.990874
1784010277.593246937 -0.005685 -0.001663 0.002434 -0.006412 0.134629 -0.000198 0.990875
1784010277.598777056 -0.005668 -0.001669 0.002420 -0.006441 0.134609 -0.000177 0.990878
1784010277.602958918 -0.005658 -0.001676 0.002407 -0.006466 0.134598 -0.000169 0.990879
1784010277.608737946 -0.005643 -0.001685 0.002392 -0.006521 0.134576 -0.000160 0.990882
1784010277.612894058 -0.005635 -0.001693 0.002377 -0.006539 0.134563 -0.000155 0.990883
1784010277.618802071 -0.005622 -0.001703 0.002359 -0.006579 0.134539 -0.000138 0.990886
1784010277.623018980 -0.005615 -0.001713 0.002342 -0.006607 0.134530 -0.000132 0.990887
1784010277.628629923 -0.005605 -0.001724 0.002321 -0.006641 0.134512 -0.000122 0.990890
1784010277.628869057 -0.005605 -0.001725 0.002320 -0.006642 0.134511 -0.000122 0.990890
1784010277.628869057 -0.005605 -0.001725 0.002320 -0.006642 0.134511 -0.000122 0.990890
1784010277.632973909 -0.005577 -0.001715 0.002347 -0.006616 0.134538 -0.000124 0.990886
1784010277.638767958 -0.005535 -0.001701 0.002391 -0.006590 0.134583 -0.000126 0.990880
1784010277.643240929 -0.005507 -0.001693 0.002420 -0.006568 0.134615 -0.000131 0.990876
1784010277.648776054 -0.005472 -0.001681 0.002464 -0.006534 0.134667 -0.000128 0.990869
1784010277.653121948 -0.005448 -0.001673 0.002492 -0.006518 0.134681 -0.000131 0.990868
1784010277.658773899 -0.005414 -0.001659 0.002528 -0.006514 0.134755 -0.000134 0.990857
1784010277.663255930 -0.005380 -0.001646 0.002563 -0.006544 0.134626 -0.000144 0.990875
1784010277.668643951 -0.005262 -0.001633 0.002620 -0.006595 0.134403 -0.000143 0.990905
1784010277.673049927 -0.005118 -0.001634 0.002671 -0.006460 0.134776 -0.000111 0.990855
1784010277.678777933 -0.004986 -0.001633 0.002718 -0.006274 0.135166 -0.000091 0.990803
1784010277.683327913 -0.004895 -0.001625 0.002729 -0.006392 0.134192 -0.000135 0.990935
1784010277.688576937 -0.004589 -0.001611 0.002763 -0.006598 0.133567 -0.000150 0.991018
1784010277.693026066 -0.004172 -0.001614 0.002828 -0.006300 0.134949 -0.000098 0.990832
1784010277.698785067 -0.003738 -0.001612 0.002849 -0.005898 0.135993 0.000038 0.990692
1784010277.703195095 -0.003561 -0.001599 0.002761 -0.006303 0.134934 -0.000042 0.990835
1784010277.708803892 -0.003258 -0.001606 0.002681 -0.006310 0.133873 -0.000165 0.990978
1784010277.712836981 -0.002908 -0.001621 0.002662 -0.006290 0.134854 -0.000181 0.990845
1784010277.718794107 -0.002414 -0.001635 0.002673 -0.006183 0.136234 -0.000267 0.990657
1784010277.723047972 -0.002170 -0.001652 0.002672 -0.005971 0.136037 -0.000255 0.990686
1784010277.728684902 -0.001875 -0.001668 0.002667 -0.006219 0.135013 -0.000340 0.990824
1784010277.728702068 -0.001873 -0.001667 0.002668 -0.006218 0.135014 -0.000340 0.990824
1784010277.728702068 -0.001873 -0.001667 0.002668 -0.006218 0.135014 -0.000340 0.990824
1784010277.732877970 -0.001596 -0.001677 0.002708 -0.006102 0.135027 -0.000348 0.990823
1784010277.738769054 -0.001207 -0.001679 0.002747 -0.006100 0.135235 -0.000371 0.990795
1784010277.743186951 -0.000941 -0.001667 0.002752 -0.006173 0.135242 -0.000438 0.990793
1784010277.748605967 -0.000628 -0.001648 0.002759 -0.006333 0.135265 -0.000468 0.990789
1784010277.752968073 -0.000390 -0.001636 0.002759 -0.006409 0.135022 -0.000478 0.990822
1784010277.758775949 -0.000076 -0.001625 0.002755 -0.006233 0.134943 -0.000457 0.990834
1784010277.763144970 0.000157 -0.001615 0.002747 -0.006231 0.135027 -0.000477 0.990822
1784010277.768784046 0.000455 -0.001598 0.002755 -0.006119 0.135422 -0.000431 0.990769
1784010277.773144960 0.000666 -0.001583 0.002761 -0.006195 0.135456 -0.000435 0.990764
1784010277.778822899 0.000913 -0.001567 0.002758 -0.006354 0.135043 -0.000450 0.990819
1784010277.783281088 0.001098 -0.001567 0.002760 -0.006322 0.134821 -0.000442 0.990850
1784010277.788789988 0.001334 -0.001566 0.002771 -0.006276 0.135041 -0.000425 0.990820
1784010277.792952061 0.001502 -0.001563 0.002769 -0.006341 0.135114 -0.000431 0.990810
1784010277.798791885 0.001721 -0.001559 0.002752 -0.006390 0.134855 -0.000453 0.990845
1784010277.803106070 0.001876 -0.001562 0.002740 -0.006388 0.134827 -0.000468 0.990848
1784010277.808784962 0.002078 -0.001571 0.002734 -0.006263 0.135035 -0.000464 0.990821
1784010277.813071012 0.002215 -0.001580 0.002725 -0.006211 0.135046 -0.000474 0.990820
1784010277.818808079 0.002381 -0.001581 0.002706 -0.006355 0.134792 -0.000524 0.990853
1784010277.823046923 0.002497 -0.001583 0.002695 -0.006439 0.134713 -0.000553 0.990864
1784010277.828708172 0.002649 -0.001588 0.002692 -0.006422 0.134804 -0.000574 0.990851
1784010277.828708172 0.002649 -0.001588 0.002692 -0.006422 0.134804 -0.000574 0.990851
1784010277.828795910 0.002652 -0.001588 0.002692 -0.006422 0.134805 -0.000574 0.990851
1784010277.833012104 0.002776 -0.001579 0.002693 -0.006384 0.134828 -0.000560 0.990848
1784010277.838803053 0.002934 -0.001559 0.002689 -0.006400 0.134719 -0.000541 0.990863
1784010277.843130112 0.003042 -0.001543 0.002682 -0.006453 0.134655 -0.000530 0.990871
1784010277.848917961 0.003180 -0.001524 0.002674 -0.006471 0.134643 -0.000502 0.990873
1784010277.853007078 0.003267 -0.001515 0.002667 -0.006446 0.134662 -0.000483 0.990870
1784010277.858795881 0.003381 -0.001498 0.002650 -0.006508 0.134626 -0.000455 0.990875
1784010277.863125086 0.003453 -0.001485 0.002633 -0.006586 0.134540 -0.000441 0.990886
1784010277.869033098 0.003544 -0.001470 0.002613 -0.006624 0.134427 -0.000418 0.990901
1784010277.873038054 0.003598 -0.001465 0.002603 -0.006605 0.134442 -0.000399 0.990899
1784010277.878781080 0.003670 -0.001456 0.002589 -0.006587 0.134468 -0.000364 0.990896
1784010277.882883072 0.003709 -0.001451 0.002575 -0.006613 0.134426 -0.000358 0.990902
1784010277.888839006 0.003758 -0.001446 0.002554 -0.006667 0.134309 -0.000355 0.990917
1784010277.893416882 0.003784 -0.001447 0.002541 -0.006663 0.134271 -0.000347 0.990922
1784010277.898530960 0.003807 -0.001447 0.002523 -0.006669 0.134271 -0.000330 0.990922
1784010277.902838945 0.003818 -0.001447 0.002503 -0.006712 0.134235 -0.000332 0.990927
1784010277.908756018 0.003826 -0.001446 0.002478 -0.006750 0.134166 -0.000326 0.990936
1784010277.913301945 0.003823 -0.001449 0.002460 -0.006732 0.134148 -0.000312 0.990938
1784010277.918765068 0.003812 -0.001450 0.002440 -0.006723 0.134148 -0.000299 0.990938
1784010277.922996998 0.003797 -0.001451 0.002422 -0.006743 0.134080 -0.000291 0.990948
1784010277.928712130 0.003775 -0.001452 0.002402 -0.006771 0.133960 -0.000267 0.990964
1784010277.928712130 0.003775 -0.001452 0.002402 -0.006771 0.133960 -0.000267 0.990964
1784010277.928755999 0.003775 -0.001452 0.002402 -0.006770 0.133960 -0.000268 0.990964
1784010277.932979107 0.003785 -0.001434 0.002404 -0.006769 0.133818 -0.000285 0.990983
1784010277.938764095 0.003890 -0.001403 0.002426 -0.006761 0.133395 -0.000288 0.991040
1784010277.943140984 0.004065 -0.001380 0.002457 -0.006795 0.133375 -0.000284 0.991042
1784010277.948941946 0.004367 -0.001352 0.002503 -0.006698 0.133683 -0.000264 0.991001
1784010277.953206062 0.004604 -0.001339 0.002515 -0.006572 0.133526 -0.000248 0.991023
1784010277.958815098 0.005005 -0.001313 0.002529 -0.006593 0.132826 -0.000260 0.991117
1784010277.962990999 0.005434 -0.001289 0.002553 -0.006665 0.132634 -0.000267 0.991143
1784010277.968831062 0.006221 -0.001257 0.002585 -0.006742 0.133573 -0.000313 0.991016
1784010277.973304987 0.006846 -0.001248 0.002596 -0.006526 0.134086 -0.000293 0.990948
1784010277.978626013 0.007543 -0.001235 0.002550 -0.006334 0.133824 -0.000255 0.990985
1784010277.982750893 0.008109 -0.001217 0.002478 -0.006579 0.133554 -0.000303 0.991020
1784010277.988620043 0.008986 -0.001203 0.002409 -0.006582 0.134082 -0.000330 0.990948
1784010277.992937088 0.009617 -0.001204 0.002381 -0.006417 0.134910 -0.000326 0.990837
1784010277.998811960 0.010397 -0.001193 0.002325 -0.006469 0.134890 -0.000384 0.990839
1784010278.003076077 0.010932 -0.001183 0.002289 -0.006525 0.134332 -0.000407 0.990915
1784010278.008445978 0.011627 -0.001167 0.002290 -0.006639 0.134313 -0.000454 0.990917
1784010278.013041019 0.012222 -0.001159 0.002315 -0.006584 0.134527 -0.000460 0.990888
1784010278.018798113 0.012966 -0.001147 0.002348 -0.006361 0.134331 -0.000476 0.990916
1784010278.022981882 0.013517 -0.001130 0.002371 -0.006458 0.134312 -0.000485 0.990918
1784010278.028623104 0.014274 -0.001107 0.002393 -0.006637 0.134349 -0.000527 0.990912
1784010278.028623104 0.014274 -0.001107 0.002393 -0.006637 0.134349 -0.000527 0.990912
1784010278.028778076 0.014295 -0.001106 0.002394 -0.006642 0.134347 -0.000528 0.990912
1784010278.033097982 0.014889 -0.001093 0.002408 -0.006612 0.134141 -0.000529 0.990940
1784010278.038726091 0.015664 -0.001080 0.002410 -0.006509 0.134095 -0.000559 0.990947
1784010278.043071985 0.016266 -0.001067 0.002408 -0.006486 0.134521 -0.000556 0.990889
1784010278.048897028 0.017052 -0.001042 0.002392 -0.006585 0.134615 -0.000601 0.990876
1784010278.053236961 0.017617 -0.001022 0.002373 -0.006694 0.134265 -0.000634 0.990923
1784010278.058746099 0.018346 -0.001007 0.002385 -0.006647 0.134207 -0.000640 0.990931
1784010278.063148975 0.018927 -0.001002 0.002416 -0.006490 0.134547 -0.000627 0.990886
1784010278.068790913 0.019638 -0.000989 0.002431 -0.006519 0.134384 -0.000650 0.990908
1784010278.072731018 0.020113 -0.000975 0.002420 -0.006660 0.133924 -0.000691 0.990969
1784010278.078761101 0.020856 -0.000961 0.002420 -0.006794 0.133806 -0.000733 0.990984
1784010278.083703995 0.021470 -0.000959 0.002428 -0.006700 0.134121 -0.000734 0.990942
1784010278.088355064 0.022031 -0.000958 0.002421 -0.006636 0.134130 -0.000744 0.990941
1784010278.093096972 0.022586 -0.000952 0.002403 -0.006702 0.133853 -0.000768 0.990978
1784010278.098845959 0.023261 -0.000948 0.002397 -0.006756 0.133804 -0.000789 0.990984
1784010278.103055000 0.023754 -0.000951 0.002403 -0.006693 0.133964 -0.000795 0.990963
1784010278.108571053 0.024383 -0.000955 0.002415 -0.006577 0.133981 -0.000802 0.990962
1784010278.112746954 0.024844 -0.000954 0.002419 -0.006629 0.133871 -0.000813 0.990976
1784010278.118787050 0.025503 -0.000949 0.002426 -0.006747 0.133657 -0.000846 0.991004
1784010278.122908115 0.025944 -0.000950 0.002432 -0.006741 0.133593 -0.000856 0.991013
1784010278.128646135 0.026586 -0.000953 0.002452 -0.006751 0.133296 -0.000894 0.991053
1784010278.128646135 0.026586 -0.000953 0.002452 -0.006751 0.133296 -0.000894 0.991053
1784010278.128844976 0.026610 -0.000954 0.002455 -0.006754 0.133287 -0.000893 0.991054
1784010278.133012056 0.027135 -0.000962 0.002513 -0.006790 0.133289 -0.000860 0.991054
1784010278.138746023 0.027854 -0.000976 0.002596 -0.006819 0.133616 -0.000814 0.991009
1784010278.143060923 0.028338 -0.000985 0.002634 -0.006828 0.133599 -0.000769 0.991012
1784010278.148505926 0.028992 -0.000996 0.002690 -0.007011 0.132446 -0.000823 0.991165
1784010278.152868986 0.029665 -0.001003 0.002759 -0.007091 0.132304 -0.000812 0.991184
1784010278.158710003 0.030686 -0.001022 0.002887 -0.006965 0.133738 -0.000758 0.990992
1784010278.163229942 0.031390 -0.001039 0.002945 -0.006731 0.134156 -0.000628 0.990937
1784010278.168736935 0.032116 -0.001044 0.002952 -0.006967 0.132806 -0.000680 0.991117
1784010278.172929049 0.032739 -0.001044 0.002961 -0.007253 0.132109 -0.000784 0.991208
1784010278.178500891 0.033785 -0.001047 0.003043 -0.007331 0.133031 -0.000823 0.991084
1784010278.182888985 0.034626 -0.001034 0.003124 -0.007258 0.134329 -0.000789 0.990910
1784010278.188747883 0.035559 -0.001032 0.003162 -0.007370 0.134033 -0.000685 0.990949
1784010278.192924976 0.036146 -0.001049 0.003151 -0.007143 0.132914 -0.000686 0.991102
1784010278.198805094 0.037063 -0.001066 0.003175 -0.007222 0.133054 -0.000712 0.991082
1784010278.203039885 0.037791 -0.001068 0.003204 -0.007594 0.133140 -0.000736 0.991068
1784010278.208760023 0.038877 -0.001074 0.003271 -0.007481 0.132957 -0.000680 0.991093
1784010278.212827921 0.039741 -0.001075 0.003320 -0.007388 0.132834 -0.000645 0.991110
1784010278.218646049 0.040951 -0.001122 0.003410 -0.007318 0.132986 -0.000547 0.991091
1784010278.222779036 0.041707 -0.001210 0.003477 -0.007256 0.133102 -0.000481 0.991076
1784010278.228765011 0.042905 -0.001384 0.003597 -0.007627 0.132171 -0.000573 0.991197
1784010278.228777170 0.042908 -0.001384 0.003598 -0.007628 0.132172 -0.000572 0.991197
1784010278.228777170 0.042908 -0.001384 0.003598 -0.007628 0.132172 -0.000572 0.991197
1784010278.233143091 0.043943 -0.001542 0.003797 -0.007410 0.133130 -0.000535 0.991071
1784010278.238773108 0.045208 -0.001733 0.004064 -0.007287 0.134872 -0.000484 0.990836
1784010278.243119955 0.046047 -0.001865 0.004203 -0.007487 0.134409 -0.000483 0.990897
1784010278.248635054 0.047116 -0.002038 0.004424 -0.007683 0.132783 -0.000486 0.991115
1784010278.252908945 0.048037 -0.002172 0.004688 -0.007826 0.131516 -0.000488 0.991283
1784010278.258789062 0.049411 -0.002385 0.005199 -0.007556 0.132707 -0.000458 0.991126
1784010278.263365030 0.050435 -0.002538 0.005627 -0.007117 0.133631 -0.000400 0.991006
1784010278.268731117 0.051625 -0.002693 0.006054 -0.008003 0.131714 -0.000628 0.991255
1784010278.273250103 0.052853 -0.002862 0.006418 -0.007837 0.130590 -0.000652 0.991405
1784010278.278553009 0.054516 -0.003035 0.006827 -0.007580 0.132432 -0.000769 0.991163
1784010278.282826900 0.055903 -0.003076 0.007018 -0.007365 0.133910 -0.000863 0.990966
1784010278.288477898 0.057666 -0.003082 0.007123 -0.006227 0.133413 -0.000734 0.991041
1784010278.292957067 0.058920 -0.003093 0.007087 -0.005316 0.133011 -0.000632 0.991100
1784010278.298784971 0.060662 -0.003180 0.007094 -0.005950 0.133415 -0.000764 0.991042
1784010278.303349018 0.062212 -0.003286 0.007185 -0.005276 0.134327 -0.000678 0.990923
1784010278.308599949 0.063955 -0.003346 0.007243 -0.006143 0.134503 -0.000951 0.990894
1784010278.313124895 0.065318 -0.003312 0.007195 -0.006885 0.134649 -0.001186 0.990869
1784010278.318818092 0.067003 -0.003220 0.007054 -0.006194 0.134115 -0.001115 0.990946
1784010278.323015928 0.068306 -0.003143 0.006895 -0.005673 0.133713 -0.001063 0.991003
1784010278.328560114 0.070098 -0.003037 0.006709 -0.005739 0.134174 -0.001129 0.990940
1784010278.328560114 0.070098 -0.003037 0.006709 -0.005739 0.134174 -0.001129 0.990940
1784010278.328725100 0.070153 -0.003035 0.006707 -0.005738 0.134187 -0.001131 0.990939
1784010278.333060026 0.071621 -0.002975 0.006672 -0.005726 0.134507 -0.001186 0.990895
1784010278.338782072 0.073518 -0.002914 0.006619 -0.006166 0.134298 -0.001212 0.990921
1784010278.343106985 0.074858 -0.002888 0.006515 -0.006499 0.134139 -0.001231 0.990940
1784010278.348756075 0.076689 -0.002876 0.006351 -0.006367 0.133980 -0.001189 0.990963
1784010278.352866888 0.078183 -0.002870 0.006225 -0.006273 0.133864 -0.001157 0.990979
1784010278.358897924 0.080366 -0.002827 0.005998 -0.006097 0.134930 -0.001137 0.990836
1784010278.362823009 0.081661 -0.002748 0.005792 -0.005984 0.135622 -0.001122 0.990742
1784010278.368757963 0.083589 -0.002628 0.005500 -0.005858 0.134918 -0.000993 0.990839
1784010278.373384953 0.085149 -0.002565 0.005326 -0.005760 0.134368 -0.000892 0.990914
1784010278.378736973 0.087016 -0.002517 0.005187 -0.005583 0.133884 -0.000946 0.990981
1784010278.382761002 0.088464 -0.002487 0.005120 -0.005451 0.133518 -0.000985 0.991031
1784010278.388432026 0.090672 -0.002444 0.005026 -0.005822 0.133006 -0.001080 0.991098
1784010278.393131971 0.092635 -0.002396 0.004950 -0.005770 0.133401 -0.001145 0.991045
1784010278.398885012 0.094991 -0.002352 0.004872 -0.005778 0.132696 -0.001184 0.991139
1784010278.402846098 0.096526 -0.002331 0.004783 -0.005785 0.132209 -0.001210 0.991204
1784010278.408876896 0.098981 -0.002316 0.004694 -0.005750 0.132874 -0.001320 0.991115
1784010278.413032055 0.100867 -0.002305 0.004691 -0.005729 0.133331 -0.001395 0.991054
1784010278.418720961 0.103421 -0.002284 0.004665 -0.005748 0.133901 -0.001473 0.990977
1784010278.422967911 0.105144 -0.002250 0.004559 -0.005765 0.134325 -0.001530 0.990919
1784010278.428396940 0.107225 -0.002216 0.004407 -0.006001 0.132883 -0.001581 0.991112
1784010278.428748131 0.107358 -0.002214 0.004398 -0.005986 0.132831 -0.001583 0.991119
1784010278.428748131 0.107358 -0.002214 0.004398 -0.005986 0.132831 -0.001583 0.991119
1784010278.433073997 0.109096 -0.002204 0.004355 -0.005799 0.132165 -0.001606 0.991209
1784010278.438751936 0.111540 -0.002182 0.004320 -0.006399 0.132730 -0.001743 0.991130
1784010278.443162918 0.113460 -0.002172 0.004304 -0.006029 0.133250 -0.001792 0.991063
1784010278.448736906 0.115784 -0.002145 0.004259 -0.006203 0.133377 -0.001949 0.991044
1784010278.453025103 0.117524 -0.002118 0.004192 -0.006244 0.132994 -0.002011 0.991095
1784010278.458515882 0.119767 -0.002097 0.004101 -0.005978 0.132744 -0.001971 0.991130
1784010278.462755919 0.121523 -0.002077 0.004014 -0.006208 0.132465 -0.002108 0.991166
1784010278.468764067 0.124102 -0.002048 0.003908 -0.006038 0.132696 -0.002171 0.991136
1784010278.472820997 0.125883 -0.002019 0.003834 -0.006211 0.133270 -0.002245 0.991058
1784010278.478746891 0.128402 -0.001980 0.003712 -0.006404 0.133567 -0.002327 0.991016
1784010278.483019114 0.130153 -0.001962 0.003596 -0.006461 0.132960 -0.002385 0.991098
1784010278.488725901 0.132515 -0.001958 0.003444 -0.006511 0.132515 -0.002495 0.991156
1784010278.493228912 0.134414 -0.001966 0.003354 -0.006256 0.133002 -0.002562 0.991093
1784010278.498733997 0.136768 -0.001953 0.003235 -0.006260 0.133332 -0.002663 0.991048
1784010278.502768993 0.138513 -0.001924 0.003123 -0.006568 0.133218 -0.002760 0.991061
1784010278.508766890 0.141084 -0.001894 0.002978 -0.006619 0.133249 -0.002825 0.991056
1784010278.512732029 0.142749 -0.001886 0.002869 -0.006593 0.133295 -0.002861 0.991050
1784010278.518815041 0.145291 -0.001887 0.002683 -0.006531 0.132893 -0.002969 0.991104
1784010278.523088932 0.147073 -0.001888 0.002551 -0.006526 0.132782 -0.003059 0.991119
1784010278.528503180 0.149370 -0.001862 0.002458 -0.006625 0.132436 -0.003127 0.991165
1784010278.528503180 0.149370 -0.001862 0.002458 -0.006625 0.132436 -0.003127 0.991165
1784010278.528740883 0.149474 -0.001859 0.002458 -0.006630 0.132423 -0.003129 0.991166
1784010278.533026934 0.151427 -0.001823 0.002459 -0.006988 0.132150 -0.003197 0.991200
1784010278.538769007 0.154228 -0.001799 0.002486 -0.006968 0.132677 -0.003292 0.991129
1784010278.543127060 0.156345 -0.001794 0.002517 -0.006660 0.133237 -0.003212 0.991057
1784010278.548566103 0.158837 -0.001789 0.002492 -0.006377 0.132916 -0.002983 0.991102
1784010278.553044081 0.160836 -0.001779 0.002420 -0.006379 0.132175 -0.002980 0.991201
1784010278.558759928 0.163481 -0.001752 0.002336 -0.006768 0.132302 -0.003039 0.991182
1784010278.563033104 0.165521 -0.001736 0.002296 -0.006884 0.133048 -0.003017 0.991081
1784010278.568613052 0.168142 -0.001720 0.002255 -0.006729 0.133572 -0.003008 0.991012
1784010278.572720051 0.170011 -0.001702 0.002210 -0.006826 0.133411 -0.003036 0.991033
1784010278.578494072 0.172618 -0.001685 0.002164 -0.006812 0.132831 -0.002978 0.991111
1784010278.582963943 0.174654 -0.001685 0.002139 -0.006707 0.132648 -0.002973 0.991136
1784010278.588747025 0.177324 -0.001686 0.002114 -0.006551 0.132822 -0.002992 0.991114
1784010278.593296051 0.179429 -0.001676 0.002085 -0.006535 0.133170 -0.002991 0.991067
1784010278.598623037 0.181869 -0.001654 0.002027 -0.006752 0.133411 -0.002989 0.991033
1784010278.602883101 0.183788 -0.001640 0.001950 -0.006929 0.133198 -0.002991 0.991061
1784010278.608659029 0.186394 -0.001642 0.001852 -0.006917 0.132757 -0.002999 0.991120
1784010278.612842083 0.188311 -0.001649 0.001796 -0.006796 0.132961 -0.002976 0.991094
1784010278.618832111 0.191085 -0.001641 0.001735 -0.006737 0.133795 -0.002931 0.990982
1784010278.623059988 0.193013 -0.001623 0.001673 -0.006859 0.133961 -0.002915 0.990959
1784010278.628575087 0.195486 -0.001605 0.001573 -0.006914 0.133557 -0.002867 0.991013
1784010278.628733158 0.195557 -0.001604 0.001570 -0.006914 0.133555 -0.002866 0.991013
1784010278.628733158 0.195557 -0.001604 0.001570 -0.006914 0.133555 -0.002866 0.991013
1784010278.632798910 0.197391 -0.001595 0.001540 -0.006924 0.133431 -0.002851 0.991030
1784010278.638777971 0.200110 -0.001579 0.001524 -0.006892 0.133636 -0.002809 0.991003
1784010278.643192053 0.202123 -0.001562 0.001504 -0.006972 0.133595 -0.002793 0.991008
1784010278.648720026 0.204646 -0.001532 0.001467 -0.007237 0.133360 -0.002813 0.991037
1784010278.653156042 0.206663 -0.001511 0.001426 -0.007362 0.133325 -0.002813 0.991041
1784010278.658626080 0.209137 -0.001498 0.001365 -0.007244 0.133358 -0.002773 0.991038
1784010278.662870884 0.211050 -0.001489 0.001313 -0.007134 0.133344 -0.002747 0.991040
1784010278.668729067 0.213695 -0.001461 0.001259 -0.007210 0.133243 -0.002743 0.991053
1784010278.672827005 0.215557 -0.001442 0.001230 -0.007293 0.133196 -0.002734 0.991059
1784010278.678725958 0.218241 -0.001427 0.001223 -0.007133 0.133190 -0.002696 0.991061
1784010278.682917118 0.220129 -0.001418 0.001220 -0.007019 0.133219 -0.002666 0.991058
1784010278.688780069 0.222743 -0.001404 0.001211 -0.006963 0.132988 -0.002613 0.991090
1784010278.693247080 0.224727 -0.001391 0.001200 -0.006882 0.132760 -0.002567 0.991121
1784010278.698528051 0.227081 -0.001372 0.001198 -0.006963 0.132691 -0.002542 0.991130
1784010278.702896118 0.229042 -0.001363 0.001200 -0.006952 0.132674 -0.002523 0.991132
1784010278.708746910 0.231675 -0.001363 0.001212 -0.006752 0.132684 -0.002478 0.991132
1784010278.712806940 0.233485 -0.001360 0.001203 -0.006774 0.132651 -0.002473 0.991137
1784010278.718741894 0.236102 -0.001357 0.001168 -0.006870 0.132366 -0.002471 0.991174
1784010278.722888947 0.237929 -0.001362 0.001139 -0.006791 0.132237 -0.002465 0.991192
1784010278.728666067 0.240487 -0.001364 0.001110 -0.006790 0.132541 -0.002468 0.991151
1784010278.728666067 0.240487 -0.001364 0.001110 -0.006790 0.132541 -0.002468 0.991151
1784010278.728863001 0.240575 -0.001364 0.001109 -0.006789 0.132554 -0.002467 0.991149
1784010278.733052969 0.242428 -0.001360 0.001100 -0.006768 0.132722 -0.002449 0.991127
1784010278.738743067 0.244932 -0.001350 0.001091 -0.006789 0.132389 -0.002450 0.991172
1784010278.743042946 0.246830 -0.001341 0.001095 -0.006864 0.132258 -0.002453 0.991188
1784010278.748888969 0.249402 -0.001333 0.001117 -0.006813 0.132401 -0.002422 0.991170
1784010278.752976894 0.251179 -0.001330 0.001120 -0.006774 0.132365 -0.002426 0.991175
1784010278.758874893 0.253733 -0.001322 0.001113 -0.006725 0.132095 -0.002426 0.991211
1784010278.763134003 0.255579 -0.001312 0.001110 -0.006757 0.132175 -0.002430 0.991200
1784010278.768718004 0.257995 -0.001298 0.001107 -0.006765 0.132302 -0.002418 0.991183
1784010278.773217916 0.259941 -0.001293 0.001103 -0.006667 0.132139 -0.002403 0.991206
1784010278.778712034 0.262323 -0.001287 0.001103 -0.006567 0.132154 -0.002375 0.991205
1784010278.783049107 0.264189 -0.001278 0.001100 -0.006617 0.132275 -0.002372 0.991188
1784010278.788758993 0.266622 -0.001271 0.001076 -0.006570 0.132106 -0.002352 0.991211
1784010278.793019056 0.268431 -0.001267 0.001054 -0.006523 0.132008 -0.002342 0.991224
1784010278.798731089 0.270860 -0.001260 0.001039 -0.006546 0.132298 -0.002328 0.991186
1784010278.802884102 0.272610 -0.001261 0.001030 -0.006435 0.132348 -0.002299 0.991180
1784010278.808731079 0.275049 -0.001258 0.001005 -0.006350 0.132024 -0.002289 0.991224
1784010278.813025951 0.276837 -0.001251 0.000985 -0.006441 0.131983 -0.002309 0.991228
1784010278.818761110 0.279227 -0.001247 0.000969 -0.006425 0.132216 -0.002306 0.991197
1784010278.822901011 0.280937 -0.001248 0.000952 -0.006383 0.132237 -0.002310 0.991195
1784010278.828592062 0.283272 -0.001247 0.000919 -0.006423 0.132090 -0.002346 0.991214
1784010278.828592062 0.283272 -0.001247 0.000919 -0.006423 0.132090 -0.002346 0.991214
1784010278.828716993 0.283324 -0.001247 0.000919 -0.006424 0.132086 -0.002348 0.991215
1784010278.832937002 0.285065 -0.001238 0.000911 -0.006372 0.132069 -0.002373 0.991217
1784010278.838727951 0.287449 -0.001223 0.000908 -0.006325 0.132112 -0.002422 0.991212
1784010278.842974901 0.289185 -0.001210 0.000902 -0.006332 0.132065 -0.002462 0.991218
1784010278.848728895 0.291544 -0.001188 0.000893 -0.006390 0.131974 -0.002523 0.991229
1784010278.852936983 0.293270 -0.001173 0.000889 -0.006457 0.132068 -0.002564 0.991216
1784010278.858771086 0.295638 -0.001156 0.000881 -0.006411 0.132059 -0.002600 0.991218
1784010278.862982988 0.297327 -0.001149 0.000861 -0.006383 0.131913 -0.002630 0.991237
1784010278.868741989 0.299636 -0.001132 0.000850 -0.006353 0.131813 -0.002657 0.991251
1784010278.872972965 0.301328 -0.001117 0.000860 -0.006423 0.132010 -0.002685 0.991224
1784010278.878736019 0.303620 -0.001092 0.000909 -0.006480 0.131883 -0.002715 0.991240
1784010278.883069992 0.305385 -0.001066 0.000962 -0.006589 0.131405 -0.002749 0.991303
1784010278.888793945 0.307817 -0.001030 0.001051 -0.006922 0.131838 -0.002811 0.991243
1784010278.893698931 0.309868 -0.001013 0.001133 -0.006748 0.132398 -0.002766 0.991170
1784010278.898463011 0.311779 -0.001000 0.001160 -0.006645 0.132117 -0.002751 0.991208
1784010278.903157949 0.313651 -0.000981 0.001139 -0.006801 0.131742 -0.002769 0.991257
1784010278.908610106 0.315828 -0.000971 0.001089 -0.006866 0.132686 -0.002817 0.991130
1784010278.913038969 0.317511 -0.000971 0.001028 -0.006701 0.133627 -0.002813 0.991005
1784010278.918735981 0.319484 -0.000966 0.000945 -0.006834 0.133471 -0.002915 0.991025
1784010278.922910929 0.320849 -0.000968 0.000913 -0.006786 0.133192 -0.002938 0.991063
1784010278.928632975 0.322736 -0.000963 0.000943 -0.006707 0.133182 -0.003042 0.991064
1784010278.928632975 0.322736 -0.000963 0.000943 -0.006707 0.133182 -0.003042 0.991064
1784010278.928694963 0.322757 -0.000962 0.000944 -0.006706 0.133182 -0.003042 0.991064
1784010278.932945967 0.324169 -0.000933 0.001000 -0.006850 0.133260 -0.003073 0.991053
1784010278.938720942 0.325988 -0.000881 0.001067 -0.007244 0.132808 -0.003163 0.991110
1784010278.943131924 0.327316 -0.000848 0.001117 -0.007196 0.132358 -0.003201 0.991171
1784010278.948579073 0.328957 -0.000818 0.001171 -0.007161 0.132588 -0.003170 0.991140
1784010278.952986956 0.330265 -0.000799 0.001188 -0.007040 0.132643 -0.003157 0.991134
1784010278.958681107 0.331896 -0.000773 0.001167 -0.006992 0.132423 -0.003120 0.991164
1784010278.962929010 0.333077 -0.000751 0.001143 -0.007061 0.132428 -0.003126 0.991163
1784010278.968663931 0.334650 -0.000731 0.001141 -0.006917 0.133015 -0.003020 0.991085
1784010278.973016977 0.335812 -0.000721 0.001139 -0.006907 0.133086 -0.002983 0.991076
1784010278.978569031 0.337258 -0.000711 0.001146 -0.006947 0.132775 -0.002968 0.991117
1784010278.982944012 0.338375 -0.000710 0.001178 -0.006901 0.132831 -0.002924 0.991110
1784010278.988749981 0.339817 -0.000716 0.001234 -0.006744 0.133183 -0.002844 0.991064
1784010278.993966103 0.341040 -0.000727 0.001263 -0.006660 0.133236 -0.002815 0.991058
1784010278.998708963 0.342087 -0.000740 0.001273 -0.006599 0.132904 -0.002827 0.991103
1784010279.003200054 0.343069 -0.000754 0.001282 -0.006637 0.132695 -0.002837 0.991131
1784010279.008497953 0.344253 -0.000772 0.001307 -0.006547 0.132759 -0.002853 0.991123
1784010279.012933969 0.345242 -0.000788 0.001332 -0.006435 0.132960 -0.002859 0.991096
1784010279.018707991 0.346487 -0.000802 0.001330 -0.006440 0.132886 -0.002858 0.991106
1784010279.023175955 0.347402 -0.000811 0.001293 -0.006486 0.132760 -0.002893 0.991123
1784010279.028794050 0.348491 -0.000825 0.001248 -0.006421 0.132703 -0.002932 0.991131
1784010279.028795004 0.348491 -0.000825 0.001249 -0.006420 0.132703 -0.002932 0.991131
1784010279.028795004 0.348491 -0.000825 0.001249 -0.006420 0.132703 -0.002932 0.991131
1784010279.033154964 0.349344 -0.000828 0.001252 -0.006328 0.132672 -0.002950 0.991135
1784010279.038753033 0.350470 -0.000817 0.001284 -0.006375 0.132810 -0.003001 0.991116
1784010279.043028116 0.351325 -0.000803 0.001327 -0.006358 0.132997 -0.003007 0.991092
1784010279.048563004 0.352389 -0.000784 0.001381 -0.006253 0.132828 -0.002960 0.991115
1784010279.052886963 0.353207 -0.000768 0.001411 -0.006319 0.132478 -0.002987 0.991161
1784010279.058763027 0.354329 -0.000749 0.001455 -0.006277 0.132526 -0.002957 0.991155
1784010279.063018084 0.355119 -0.000738 0.001489 -0.006223 0.132717 -0.002932 0.991130
1784010279.068744898 0.356162 -0.000715 0.001507 -0.006333 0.132495 -0.002946 0.991159
1784010279.072772980 0.356905 -0.000698 0.001501 -0.006459 0.132357 -0.002959 0.991177
1784010279.078700066 0.358039 -0.000684 0.001525 -0.006611 0.132550 -0.002984 0.991150
1784010279.083089113 0.358880 -0.000689 0.001546 -0.006450 0.132739 -0.002958 0.991126
1784010279.088716030 0.359920 -0.000699 0.001553 -0.006251 0.132548 -0.002962 0.991152
1784010279.092691898 0.360639 -0.000701 0.001539 -0.006258 0.132297 -0.002973 0.991186
1784010279.098354101 0.361684 -0.000697 0.001538 -0.006425 0.132290 -0.003041 0.991186
1784010279.103032112 0.362573 -0.000696 0.001550 -0.006631 0.132303 -0.003128 0.991182
1784010279.108833075 0.363755 -0.000715 0.001588 -0.006603 0.132219 -0.003174 0.991193
1784010279.112903118 0.364614 -0.000739 0.001617 -0.006403 0.132406 -0.003185 0.991170
1784010279.118801117 0.365794 -0.000761 0.001627 -0.006433 0.132569 -0.003279 0.991147
1784010279.122971058 0.366582 -0.000779 0.001597 -0.006411 0.132152 -0.003316 0.991203
1784010279.128479004 0.367653 -0.000798 0.001554 -0.006350 0.131876 -0.003384 0.991240
1784010279.128479004 0.367653 -0.000798 0.001554 -0.006350 0.131876 -0.003384 0.991240
1784010279.128705978 0.367700 -0.000798 0.001554 -0.006347 0.131865 -0.003386 0.991242
1784010279.132997036 0.368599 -0.000792 0.001583 -0.006520 0.132276 -0.003454 0.991185
1784010279.138710022 0.369901 -0.000796 0.001645 -0.006672 0.132110 -0.003507 0.991206
1784010279.143101931 0.370981 -0.000813 0.001687 -0.006417 0.132043 -0.003470 0.991217
1784010279.148690939 0.372316 -0.000820 0.001752 -0.006406 0.132384 -0.003513 0.991172
1784010279.152837992 0.373226 -0.000828 0.001773 -0.006427 0.132296 -0.003501 0.991183
1784010279.158701897 0.374583 -0.000846 0.001765 -0.006293 0.130990 -0.003590 0.991357
1784010279.163080931 0.375743 -0.000857 0.001764 -0.006431 0.131287 -0.003614 0.991317
1784010279.168849945 0.377293 -0.000874 0.001822 -0.006188 0.132998 -0.003613 0.991090
1784010279.173099041 0.378317 -0.000888 0.001837 -0.006119 0.133207 -0.003608 0.991063
1784010279.178404093 0.379537 -0.000907 0.001826 -0.006341 0.131701 -0.003658 0.991263
1784010279.182838917 0.380649 -0.000935 0.001851 -0.006266 0.131385 -0.003662 0.991305
1784010279.188770056 0.382252 -0.000988 0.001936 -0.006157 0.132374 -0.003616 0.991174
1784010279.193178892 0.383393 -0.001022 0.002001 -0.005765 0.133091 -0.003585 0.991081
1784010279.198740005 0.384728 -0.001042 0.002023 -0.006242 0.132389 -0.003709 0.991171
1784010279.202981949 0.385733 -0.001065 0.002034 -0.006286 0.131763 -0.003709 0.991254
1784010279.208734035 0.387157 -0.001101 0.002111 -0.006145 0.131868 -0.003701 0.991241
1784010279.212919950 0.388247 -0.001122 0.002158 -0.006199 0.131854 -0.003721 0.991243
1784010279.218533039 0.389787 -0.001149 0.002227 -0.006079 0.131832 -0.003746 0.991246
1784010279.222745895 0.390936 -0.001160 0.002299 -0.006080 0.132305 -0.003774 0.991183
1784010279.228711128 0.392463 -0.001190 0.002350 -0.006239 0.132336 -0.003785 0.991178
1784010279.228711128 0.392463 -0.001190 0.002350 -0.006239 0.132336 -0.003785 0.991178
1784010279.228740931 0.392471 -0.001191 0.002350 -0.006238 0.132337 -0.003785 0.991178
1784010279.233280897 0.393628 -0.001232 0.002372 -0.005967 0.131493 -0.003825 0.991292
1784010279.238712072 0.395148 -0.001274 0.002413 -0.006036 0.131369 -0.003918 0.991307
1784010279.243020058 0.396439 -0.001302 0.002474 -0.005913 0.132557 -0.003901 0.991150
1784010279.248707056 0.398035 -0.001335 0.002532 -0.005802 0.133240 -0.003935 0.991059
1784010279.252907038 0.399112 -0.001359 0.002524 -0.005935 0.132381 -0.004002 0.991173
1784010279.258572102 0.400603 -0.001406 0.002546 -0.005654 0.131825 -0.004016 0.991249
1784010279.262947083 0.401805 -0.001439 0.002615 -0.005604 0.132358 -0.004032 0.991178
1784010279.268723965 0.403452 -0.001465 0.002687 -0.005574 0.132503 -0.004048 0.991159
1784010279.273273945 0.404799 -0.001476 0.002716 -0.005850 0.132269 -0.004129 0.991188
1784010279.278511047 0.406335 -0.001499 0.002782 -0.005853 0.132663 -0.004149 0.991135
1784010279.282903910 0.407561 -0.001534 0.002815 -0.005666 0.132732 -0.004114 0.991127
1784010279.288676023 0.409147 -0.001577 0.002796 -0.005528 0.132005 -0.004169 0.991225
1784010279.292895079 0.410357 -0.001598 0.002777 -0.005618 0.131812 -0.004240 0.991250
1784010279.298335075 0.412025 -0.001627 0.002796 -0.005584 0.133133 -0.004240 0.991073
1784010279.302921057 0.413395 -0.001653 0.002818 -0.005418 0.133937 -0.004238 0.990966
1784010279.308706999 0.414995 -0.001685 0.002784 -0.005434 0.133133 -0.004297 0.991074
1784010279.312980890 0.416160 -0.001711 0.002740 -0.005555 0.132451 -0.004350 0.991164
1784010279.318847895 0.417835 -0.001760 0.002734 -0.005576 0.132903 -0.004406 0.991104
1784010279.322712898 0.418938 -0.001794 0.002750 -0.005457 0.133567 -0.004419 0.991015
1784010279.328668118 0.420671 -0.001814 0.002786 -0.005593 0.132433 -0.004513 0.991166
1784010279.328716993 0.420686 -0.001814 0.002787 -0.005597 0.132429 -0.004514 0.991166
1784010279.328716993 0.420686 -0.001814 0.002787 -0.005597 0.132429 -0.004514 0.991166
1784010279.332681894 0.421996 -0.001827 0.002860 -0.006008 0.132051 -0.004557 0.991214
1784010279.338689089 0.424104 -0.001877 0.003007 -0.006049 0.133073 -0.004649 0.991077
1784010279.343221903 0.425610 -0.001938 0.003083 -0.005644 0.133608 -0.004485 0.991008
1784010279.348438025 0.427228 -0.002011 0.003065 -0.005388 0.132724 -0.004479 0.991128
1784010279.352997065 0.428663 -0.002052 0.003016 -0.005614 0.132309 -0.004575 0.991182
1784010279.358632088 0.430635 -0.002090 0.002987 -0.006087 0.132942 -0.004621 0.991094
1784010279.362761021 0.432164 -0.002117 0.002965 -0.006173 0.133939 -0.004639 0.990959
1784010279.368678093 0.434217 -0.002162 0.002950 -0.006408 0.134354 -0.004735 0.990901
1784010279.373188972 0.435654 -0.002220 0.002932 -0.006293 0.133748 -0.004719 0.990984
1784010279.378637075 0.437430 -0.002299 0.002929 -0.005915 0.132705 -0.004723 0.991127
1784010279.383078098 0.438968 -0.002335 0.002933 -0.006324 0.132740 -0.004839 0.991119
1784010279.388825893 0.440966 -0.002380 0.002973 -0.006507 0.133472 -0.004873 0.991019
1784010279.392842054 0.442301 -0.002414 0.002996 -0.006575 0.133529 -0.004929 0.991011
1784010279.398365021 0.444111 -0.002462 0.003023 -0.006866 0.132969 -0.004954 0.991084
1784010279.402976036 0.445634 -0.002509 0.003058 -0.006939 0.132579 -0.004960 0.991136
1784010279.408775091 0.447565 -0.002584 0.003131 -0.006809 0.132701 -0.004893 0.991121
1784010279.413115025 0.449009 -0.002637 0.003185 -0.006776 0.132743 -0.004895 0.991115
1784010279.418713093 0.450887 -0.002697 0.003277 -0.006858 0.133028 -0.004843 0.991077
1784010279.422899961 0.452274 -0.002743 0.003347 -0.006980 0.133165 -0.004800 0.991058
1784010279.428533077 0.454099 -0.002824 0.003422 -0.006984 0.132631 -0.004740 0.991129
1784010279.428533077 0.454099 -0.002824 0.003422 -0.006984 0.132631 -0.004740 0.991129
1784010279.428679943 0.454147 -0.002828 0.003425 -0.006985 0.132616 -0.004740 0.991132
1784010279.432781935 0.455494 -0.002928 0.003508 -0.007021 0.132171 -0.004761 0.991191
1784010279.438711882 0.457485 -0.003078 0.003657 -0.006966 0.132406 -0.004754 0.991160
1784010279.443228960 0.459011 -0.003181 0.003770 -0.007066 0.132848 -0.004745 0.991100
1784010279.448554039 0.460771 -0.003308 0.003870 -0.007240 0.132552 -0.004778 0.991138
1784010279.453003883 0.462214 -0.003425 0.003932 -0.007289 0.132094 -0.004806 0.991199
1784010279.458683968 0.464070 -0.003594 0.004040 -0.007129 0.132131 -0.004808 0.991195
1784010279.462937117 0.465453 -0.003714 0.004135 -0.007054 0.132438 -0.004801 0.991155
1784010279.468667984 0.467357 -0.003856 0.004275 -0.007478 0.131522 -0.004941 0.991273
1784010279.472671986 0.468746 -0.003934 0.004377 -0.007764 0.130896 -0.005036 0.991353
1784010279.478669882 0.470853 -0.004043 0.004568 -0.007552 0.131836 -0.005023 0.991230
1784010279.483170986 0.472347 -0.004117 0.004687 -0.007397 0.132437 -0.004962 0.991151
1784010279.488838911 0.474106 -0.004209 0.004765 -0.007314 0.131329 -0.004867 0.991300
1784010279.492835045 0.475298 -0.004261 0.004789 -0.007246 0.130561 -0.004798 0.991402
1784010279.498660088 0.477086 -0.004345 0.004848 -0.007832 0.131336 -0.004907 0.991295
1784010279.502878904 0.478386 -0.004413 0.004919 -0.007455 0.132365 -0.004810 0.991161
1784010279.508682966 0.480037 -0.004494 0.004953 -0.007543 0.132230 -0.004807 0.991179
1784010279.512865067 0.481121 -0.004513 0.004880 -0.007597 0.132147 -0.004801 0.991189
1784010279.518770933 0.482643 -0.004529 0.004728 -0.007732 0.132109 -0.004783 0.991194
1784010279.523046017 0.483774 -0.004537 0.004628 -0.007825 0.132213 -0.004790 0.991179
1784010279.528510094 0.485236 -0.004544 0.004498 -0.007906 0.132190 -0.004819 0.991181
1784010279.528510094 0.485236 -0.004544 0.004498 -0.007906 0.132190 -0.004819 0.991181
1784010279.528665066 0.485279 -0.004546 0.004493 -0.007906 0.132190 -0.004820 0.991181
1784010279.532773018 0.486427 -0.004574 0.004338 -0.007924 0.132205 -0.004834 0.991179
1784010279.538712978 0.488070 -0.004623 0.004065 -0.008024 0.132365 -0.004811 0.991157
1784010279.542974949 0.489201 -0.004665 0.003845 -0.008095 0.132490 -0.004793 0.991140
1784010279.548832893 0.490759 -0.004729 0.003537 -0.007944 0.131837 -0.004804 0.991228
1784010279.552889109 0.491860 -0.004763 0.003345 -0.007839 0.131395 -0.004809 0.991287
1784010279.558738947 0.493453 -0.004805 0.003077 -0.008062 0.132088 -0.004805 0.991194
1784010279.562948942 0.494575 -0.004820 0.002890 -0.008222 0.132596 -0.004801 0.991124
1784010279.568552017 0.496059 -0.004841 0.002665 -0.008096 0.132193 -0.004776 0.991179
1784010279.572750092 0.497165 -0.004859 0.002536 -0.008001 0.131899 -0.004757 0.991220
1784010279.578687906 0.498712 -0.004882 0.002336 -0.007723 0.131851 -0.004684 0.991228
1784010279.582717896 0.499732 -0.004879 0.002167 -0.007532 0.131829 -0.004632 0.991233
1784010279.588668108 0.501260 -0.004874 0.001923 -0.007780 0.131807 -0.004655 0.991234
1784010279.593250990 0.502476 -0.004867 0.001784 -0.007970 0.131799 -0.004671 0.991233
1784010279.598458052 0.503854 -0.004858 0.001636 -0.007499 0.131907 -0.004612 0.991223
1784010279.603178978 0.505058 -0.004842 0.001488 -0.007071 0.132008 -0.004558 0.991213
1784010279.608481884 0.506383 -0.004825 0.001303 -0.007135 0.131531 -0.004564 0.991276
1784010279.612838030 0.507464 -0.004815 0.001139 -0.007188 0.131144 -0.004568 0.991327
1784010279.618782997 0.508935 -0.004805 0.000931 -0.007267 0.131681 -0.004620 0.991255
1784010279.623130083 0.510002 -0.004784 0.000820 -0.007324 0.132082 -0.004656 0.991201
1784010279.628655195 0.511367 -0.004760 0.000715 -0.007313 0.131927 -0.004666 0.991221
1784010279.628655195 0.511367 -0.004760 0.000715 -0.007313 0.131927 -0.004666 0.991221
1784010279.628730059 0.511387 -0.004760 0.000713 -0.007313 0.131925 -0.004667 0.991222
1784010279.633002043 0.512488 -0.004761 0.000642 -0.007309 0.131829 -0.004676 0.991235
1784010279.638696909 0.513941 -0.004774 0.000546 -0.007170 0.131558 -0.004651 0.991272
1784010279.643064022 0.515014 -0.004794 0.000453 -0.007062 0.131356 -0.004630 0.991299
1784010279.648626089 0.516380 -0.004814 0.000342 -0.007142 0.131791 -0.004682 0.991241
1784010279.653105974 0.517501 -0.004810 0.000281 -0.007205 0.132146 -0.004723 0.991193
1784010279.658525944 0.518871 -0.004799 0.000216 -0.007425 0.132541 -0.004772 0.991138
1784010279.663008928 0.519986 -0.004796 0.000160 -0.007441 0.132394 -0.004787 0.991158
1784010279.668674946 0.521379 -0.004803 0.000095 -0.007392 0.132308 -0.004794 0.991170
1784010279.672637939 0.522343 -0.004811 0.000055 -0.007355 0.132253 -0.004797 0.991177
1784010279.678652048 0.523856 -0.004797 0.000029 -0.007474 0.131684 -0.004833 0.991252
1784010279.682739973 0.524932 -0.004748 0.000051 -0.007553 0.131303 -0.004856 0.991302
1784010279.688698053 0.526542 -0.004677 0.000129 -0.007150 0.132028 -0.004835 0.991208
1784010279.692922115 0.527683 -0.004647 0.000218 -0.006862 0.132548 -0.004819 0.991141
1784010279.698688984 0.529145 -0.004607 0.000299 -0.006473 0.132939 -0.004766 0.991092
1784010279.703547955 0.530266 -0.004565 0.000284 -0.006506 0.132133 -0.004769 0.991199
1784010279.708343029 0.531383 -0.004522 0.000241 -0.006489 0.131668 -0.004803 0.991261
1784010279.712769985 0.532466 -0.004481 0.000219 -0.006728 0.132258 -0.004895 0.991180
1784010279.718688965 0.533917 -0.004446 0.000202 -0.006735 0.133125 -0.004980 0.991064
1784010279.722935915 0.534908 -0.004426 0.000189 -0.006623 0.132964 -0.005043 0.991086
1784010279.728660107 0.536214 -0.004393 0.000181 -0.006738 0.132448 -0.005071 0.991154
1784010279.728701115 0.536224 -0.004393 0.000181 -0.006738 0.132445 -0.005071 0.991154
1784010279.728701115 0.536224 -0.004393 0.000181 -0.006738 0.132445 -0.005071 0.991154
1784010279.733185053 0.537285 -0.004388 0.000189 -0.006695 0.132248 -0.005084 0.991181
1784010279.738706112 0.538595 -0.004395 0.000212 -0.006394 0.132130 -0.005118 0.991199
1784010279.742845058 0.539569 -0.004389 0.000232 -0.006430 0.132209 -0.005192 0.991187
1784010279.748848915 0.540982 -0.004372 0.000277 -0.006570 0.132398 -0.005236 0.991161
1784010279.752898932 0.541948 -0.004359 0.000307 -0.006756 0.132174 -0.005304 0.991189
1784010279.758687019 0.543363 -0.004365 0.000344 -0.006882 0.132020 -0.005380 0.991208
1784010279.762902021 0.544374 -0.004386 0.000388 -0.006510 0.132162 -0.005364 0.991192
1784010279.768695116 0.545733 -0.004395 0.000413 -0.006364 0.132227 -0.005372 0.991184
1784010279.772689104 0.546660 -0.004385 0.000410 -0.006590 0.132100 -0.005440 0.991200
1784010279.778690100 0.548120 -0.004373 0.000427 -0.006552 0.131895 -0.005509 0.991227
1784010279.782798052 0.549165 -0.004367 0.000461 -0.006677 0.132308 -0.005557 0.991171
1784010279.788614035 0.550601 -0.004378 0.000516 -0.006226 0.132741 -0.005530 0.991116
1784010279.792861938 0.551586 -0.004381 0.000537 -0.006074 0.132438 -0.005503 0.991157
1784010279.798417091 0.552864 -0.004370 0.000543 -0.006532 0.131829 -0.005600 0.991235
1784010279.802886963 0.553916 -0.004370 0.000575 -0.006571 0.131659 -0.005686 0.991257
1784010279.808689117 0.555347 -0.004374 0.000643 -0.006616 0.132089 -0.005770 0.991199
1784010279.813010931 0.556417 -0.004369 0.000694 -0.006622 0.132489 -0.005819 0.991145
1784010279.818532944 0.557725 -0.004356 0.000747 -0.006552 0.132418 -0.005802 0.991155
1784010279.822896957 0.558725 -0.004342 0.000761 -0.006781 0.132016 -0.005833 0.991207
1784010279.828546047 0.560032 -0.004347 0.000801 -0.006763 0.131848 -0.005898 0.991229
1784010279.828546047 0.560032 -0.004347 0.000801 -0.006763 0.131848 -0.005898 0.991229
1784010279.828665018 0.560061 -0.004347 0.000803 -0.006763 0.131844 -0.005900 0.991230
1784010279.832854033 0.561103 -0.004364 0.000859 -0.006624 0.131958 -0.005958 0.991215
1784010279.838716030 0.562643 -0.004369 0.000942 -0.006839 0.132645 -0.006060 0.991122
1784010279.843264103 0.563815 -0.004366 0.001002 -0.006817 0.132927 -0.006073 0.991084
1784010279.848372936 0.565054 -0.004361 0.001028 -0.006931 0.132426 -0.006070 0.991150
1784010279.852894068 0.566129 -0.004361 0.001019 -0.007148 0.131858 -0.006097 0.991224
1784010279.858652115 0.567543 -0.004388 0.001049 -0.006972 0.131981 -0.006167 0.991209
1784010279.862919092 0.568638 -0.004409 0.001094 -0.006938 0.132279 -0.006234 0.991169
1784010279.868681908 0.570172 -0.004420 0.001154 -0.007147 0.132647 -0.006326 0.991117
1784010279.872951984 0.571281 -0.004424 0.001205 -0.007057 0.132736 -0.006305 0.991106
1784010279.878710985 0.572710 -0.004435 0.001231 -0.007038 0.132335 -0.006246 0.991160
1784010279.883166075 0.573797 -0.004448 0.001224 -0.007079 0.131928 -0.006244 0.991214
1784010279.888652086 0.575159 -0.004483 0.001232 -0.006897 0.132144 -0.006275 0.991187
1784010279.892963886 0.576223 -0.004515 0.001253 -0.006738 0.132789 -0.006278 0.991102
1784010279.898549080 0.577533 -0.004538 0.001275 -0.006754 0.133098 -0.006316 0.991060
1784010279.903318882 0.578604 -0.004547 0.001292 -0.006886 0.132692 -0.006298 0.991113
1784010279.908507109 0.579783 -0.004573 0.001336 -0.006976 0.132479 -0.006308 0.991141
1784010279.912869930 0.580769 -0.004616 0.001400 -0.006749 0.132696 -0.006287 0.991114
1784010279.918672085 0.582022 -0.004675 0.001467 -0.006381 0.132804 -0.006284 0.991102
1784010279.923013926 0.582913 -0.004700 0.001489 -0.006481 0.132641 -0.006322 0.991123
1784010279.928433895 0.584007 -0.004729 0.001506 -0.006702 0.132630 -0.006394 0.991122
1784010279.928807974 0.584081 -0.004732 0.001507 -0.006700 0.132646 -0.006397 0.991120
1784010279.928807974 0.584081 -0.004732 0.001507 -0.006700 0.132646 -0.006397 0.991120
1784010279.932746887 0.584881 -0.004765 0.001528 -0.006670 0.132820 -0.006427 0.991097
1784010279.938657999 0.586032 -0.004829 0.001555 -0.006402 0.132817 -0.006478 0.991099
1784010279.943144083 0.586869 -0.004876 0.001575 -0.006180 0.132723 -0.006492 0.991113
1784010279.948590040 0.587876 -0.004915 0.001605 -0.006271 0.132768 -0.006555 0.991106
1784010279.953032970 0.588680 -0.004942 0.001628 -0.006389 0.132733 -0.006614 0.991109
1784010279.958678961 0.589676 -0.004989 0.001654 -0.006298 0.132624 -0.006670 0.991124
1784010279.962922096 0.590396 -0.005027 0.001674 -0.006165 0.132790 -0.006692 0.991102
1784010279.968796015 0.591346 -0.005067 0.001693 -0.006140 0.132894 -0.006739 0.991088
1784010279.972862005 0.591968 -0.005086 0.001691 -0.006215 0.132557 -0.006774 0.991133
1784010279.978852034 0.592904 -0.005117 0.001704 -0.006288 0.132275 -0.006836 0.991170
1784010279.982745886 0.593521 -0.005145 0.001729 -0.006170 0.132631 -0.006850 0.991123
1784010279.988719940 0.594418 -0.005186 0.001758 -0.005980 0.133121 -0.006867 0.991058
1784010279.993074894 0.595000 -0.005207 0.001748 -0.006034 0.132836 -0.006911 0.991096
1784010279.998678923 0.595719 -0.005231 0.001732 -0.006177 0.132350 -0.006967 0.991159
1784010280.002970934 0.596271 -0.005257 0.001735 -0.006167 0.132567 -0.006998 0.991130
1784010280.008671045 0.596983 -0.005295 0.001755 -0.006017 0.133055 -0.007038 0.991065
1784010280.012861013 0.597467 -0.005318 0.001760 -0.005987 0.132922 -0.007067 0.991083
1784010280.018701077 0.598134 -0.005345 0.001772 -0.006100 0.132511 -0.007127 0.991137
1784010280.022872925 0.598609 -0.005369 0.001790 -0.006092 0.132570 -0.007154 0.991129
1784010280.028542995 0.599231 -0.005414 0.001810 -0.005940 0.132751 -0.007177 0.991106
1784010280.028542995 0.599231 -0.005414 0.001810 -0.005940 0.132751 -0.007177 0.991106
1784010280.028758049 0.599255 -0.005415 0.001811 -0.005934 0.132757 -0.007178 0.991105
1784010280.032949924 0.599717 -0.005436 0.001828 -0.005817 0.132674 -0.007183 0.991117
1784010280.038714886 0.600344 -0.005452 0.001845 -0.005895 0.132573 -0.007208 0.991130
1784010280.043092012 0.600819 -0.005463 0.001860 -0.005992 0.132641 -0.007227 0.991120
1784010280.048795938 0.601430 -0.005489 0.001893 -0.005905 0.132730 -0.007231 0.991108
1784010280.052861929 0.601850 -0.005517 0.001922 -0.005746 0.132744 -0.007228 0.991107
1784010280.058660984 0.602442 -0.005547 0.001966 -0.005717 0.132767 -0.007230 0.991104
1784010280.062860012 0.602858 -0.005567 0.001992 -0.005787 0.132665 -0.007255 0.991117
1784010280.068648100 0.603424 -0.005600 0.002021 -0.005790 0.132536 -0.007277 0.991135
1784010280.072760105 0.603808 -0.005632 0.002039 -0.005674 0.132699 -0.007287 0.991113
1784010280.078640938 0.604313 -0.005671 0.002061 -0.005575 0.132927 -0.007321 0.991083
1784010280.082632065 0.604622 -0.005693 0.002062 -0.005606 0.132699 -0.007343 0.991113
1784010280.088629961 0.605104 -0.005721 0.002079 -0.005676 0.132394 -0.007375 0.991153
1784010280.092879057 0.605454 -0.005748 0.002112 -0.005621 0.132628 -0.007392 0.991122
1784010280.098685026 0.605909 -0.005785 0.002166 -0.005451 0.132880 -0.007408 0.991089
1784010280.103657007 0.606263 -0.005808 0.002192 -0.005473 0.132511 -0.007434 0.991139
1784010280.108531952 0.606604 -0.005825 0.002207 -0.005605 0.132159 -0.007474 0.991184
1784010280.112837076 0.606911 -0.005846 0.002224 -0.005591 0.132315 -0.007492 0.991164
1784010280.118634939 0.607295 -0.005876 0.002240 -0.005388 0.132741 -0.007497 0.991108
1784010280.122847080 0.607527 -0.005895 0.002238 -0.005333 0.132680 -0.007517 0.991116
1784010280.128379107 0.607828 -0.005904 0.002239 -0.005453 0.132350 -0.007537 0.991159
1784010280.128379107 0.607828 -0.005904 0.002239 -0.005453 0.132350 -0.007537 0.991159
1784010280.128690004 0.607848 -0.005903 0.002241 -0.005460 0.132331 -0.007540 0.991162
1784010280.133064985 0.608135 -0.005893 0.002272 -0.005564 0.132398 -0.007586 0.991152
1784010280.138648987 0.608500 -0.005894 0.002335 -0.005464 0.132639 -0.007647 0.991120
1784010280.143150091 0.608768 -0.005903 0.002385 -0.005300 0.132546 -0.007678 0.991133
1784010280.148489952 0.609068 -0.005901 0.002428 -0.005361 0.132251 -0.007740 0.991172
1784010280.153042078 0.609315 -0.005898 0.002455 -0.005430 0.132060 -0.007783 0.991196
1784010280.158552885 0.609611 -0.005897 0.002493 -0.005451 0.132075 -0.007841 0.991194
1784010280.162863016 0.609858 -0.005899 0.002533 -0.005411 0.131891 -0.007876 0.991218
1784010280.168639898 0.610311 -0.005908 0.002601 -0.005399 0.131830 -0.007893 0.991226
1784010280.172938108 0.610695 -0.005922 0.002657 -0.005288 0.132212 -0.007910 0.991176
1784010280.178621054 0.611102 -0.005941 0.002708 -0.005230 0.132379 -0.007957 0.991153
1784010280.182773113 0.611357 -0.005953 0.002713 -0.005231 0.131425 -0.008002 0.991280
1784010280.188610077 0.611947 -0.005970 0.002730 -0.005635 0.130782 -0.008131 0.991362
1784010280.192822933 0.612517 -0.006004 0.002786 -0.005521 0.131904 -0.008183 0.991213
1784010280.198592901 0.613166 -0.006062 0.002840 -0.004954 0.133203 -0.008149 0.991043
1784010280.202896118 0.613515 -0.006094 0.002799 -0.005044 0.131944 -0.008235 0.991210
1784010280.208817959 0.614162 -0.006135 0.002752 -0.005271 0.130705 -0.008388 0.991372
1784010280.212852001 0.614754 -0.006173 0.002759 -0.005253 0.131702 -0.008444 0.991240
1784010280.218674898 0.615525 -0.006224 0.002760 -0.005263 0.132868 -0.008616 0.991082
1784010280.223002911 0.615969 -0.006271 0.002720 -0.005201 0.132395 -0.008744 0.991145
1784010280.228475094 0.616532 -0.006338 0.002682 -0.005033 0.131530 -0.008846 0.991260
1784010280.228754044 0.616563 -0.006341 0.002682 -0.005030 0.131548 -0.008853 0.991258
1784010280.228754044 0.616563 -0.006341 0.002682 -0.005030 0.131548 -0.008853 0.991258
1784010280.233098030 0.617115 -0.006379 0.002705 -0.004969 0.131830 -0.008950 0.991219
1784010280.238693953 0.617863 -0.006408 0.002720 -0.005191 0.132117 -0.009060 0.991179
1784010280.243038893 0.618414 -0.006425 0.002723 -0.005178 0.131932 -0.009169 0.991203
1784010280.248622894 0.619096 -0.006441 0.002731 -0.005237 0.132162 -0.009201 0.991172
1784010280.252793074 0.619592 -0.006452 0.002715 -0.005443 0.132015 -0.009259 0.991190
1784010280.258646965 0.620289 -0.006486 0.002692 -0.005264 0.131746 -0.009342 0.991226
1784010280.262828112 0.620794 -0.006512 0.002686 -0.005192 0.131722 -0.009397 0.991229
1784010280.268773079 0.621573 -0.006529 0.002697 -0.005169 0.132235 -0.009415 0.991160
1784010280.272877932 0.622122 -0.006539 0.002705 -0.005158 0.132581 -0.009430 0.991114
1784010280.278645039 0.622834 -0.006552 0.002680 -0.005285 0.132368 -0.009462 0.991141
1784010280.283130884 0.623354 -0.006574 0.002634 -0.005386 0.131896 -0.009526 0.991203
1784010280.288398981 0.623993 -0.006616 0.002597 -0.005209 0.132045 -0.009582 0.991184
1784010280.292834997 0.624540 -0.006649 0.002574 -0.005155 0.132523 -0.009639 0.991120
1784010280.298634052 0.625243 -0.006667 0.002523 -0.005355 0.132389 -0.009730 0.991136
1784010280.302841902 0.625760 -0.006678 0.002476 -0.005497 0.132040 -0.009785 0.991181
1784010280.307774067 0.626384 -0.006705 0.002441 -0.005471 0.132287 -0.009825 0.991148
1784010280.313013077 0.627020 -0.006749 0.002407 -0.005243 0.132634 -0.009855 0.991102
1784010280.318424940 0.627642 -0.006791 0.002339 -0.005189 0.132355 -0.009950 0.991139
1784010280.323052883 0.628174 -0.006819 0.002272 -0.005383 0.132126 -0.010050 0.991167
1784010280.328311205 0.628786 -0.006855 0.002218 -0.005466 0.132476 -0.010110 0.991120
1784010280.328311205 0.628786 -0.006855 0.002218 -0.005466 0.132476 -0.010110 0.991120
1784010280.328363895 0.628792 -0.006856 0.002218 -0.005467 0.132479 -0.010110 0.991119
1784010280.332587004 0.629302 -0.006873 0.002224 -0.005373 0.132442 -0.010123 0.991125
1784010280.338632107 0.630166 -0.006888 0.002240 -0.005372 0.131378 -0.010175 0.991266
1784010280.343272924 0.630985 -0.006903 0.002259 -0.005494 0.131733 -0.010231 0.991217
1784010280.348311901 0.631865 -0.006922 0.002291 -0.005216 0.132620 -0.010191 0.991101
1784010280.352885962 0.632540 -0.006931 0.002263 -0.005162 0.132365 -0.010144 0.991136
1784010280.358618975 0.633406 -0.006929 0.002184 -0.005406 0.130853 -0.010211 0.991334
1784010280.362997055 0.634220 -0.006931 0.002136 -0.005679 0.130942 -0.010249 0.991321
1784010280.368499994 0.635317 -0.006958 0.002127 -0.005472 0.132533 -0.010183 0.991111
1784010280.372859001 0.636079 -0.006993 0.002110 -0.005163 0.133052 -0.010148 0.991044
1784010280.378618002 0.636957 -0.007025 0.002076 -0.005370 0.131585 -0.010162 0.991238
1784010280.383147955 0.637730 -0.007046 0.002092 -0.005334 0.130350 -0.010167 0.991402
1784010280.388619900 0.638929 -0.007061 0.002166 -0.005848 0.130808 -0.010229 0.991338
1784010280.392863035 0.639910 -0.007080 0.002238 -0.005580 0.131997 -0.010211 0.991182
1784010280.398675919 0.641070 -0.007110 0.002256 -0.005482 0.131996 -0.010084 0.991184
1784010280.402904987 0.641824 -0.007138 0.002213 -0.005418 0.131151 -0.010126 0.991296
1784010280.408639908 0.642909 -0.007180 0.002154 -0.005316 0.131180 -0.010175 0.991292
1784010280.413011074 0.643784 -0.007214 0.002125 -0.005550 0.131377 -0.010225 0.991264
1784010280.418629885 0.645008 -0.007257 0.002107 -0.005334 0.131223 -0.010293 0.991285
1784010280.422874928 0.646003 -0.007276 0.002084 -0.005749 0.131585 -0.010437 0.991233
1784010280.428622961 0.647278 -0.007317 0.002095 -0.005469 0.132192 -0.010338 0.991155
1784010280.428630114 0.647280 -0.007317 0.002095 -0.005469 0.132191 -0.010338 0.991155
1784010280.428630114 0.647280 -0.007317 0.002095 -0.005469 0.132191 -0.010338 0.991155
1784010280.432615042 0.648100 -0.007351 0.002118 -0.005250 0.131804 -0.010283 0.991209
1784010280.438617945 0.649324 -0.007396 0.002119 -0.005631 0.131019 -0.010355 0.991310
1784010280.442750931 0.650212 -0.007447 0.002152 -0.005506 0.130852 -0.010398 0.991332
1784010280.448642015 0.651605 -0.007517 0.002229 -0.005290 0.131692 -0.010404 0.991222
1784010280.453032017 0.652652 -0.007550 0.002266 -0.005496 0.132268 -0.010439 0.991144
1784010280.458434105 0.653837 -0.007588 0.002291 -0.005247 0.131775 -0.010325 0.991212
1784010280.462881088 0.654764 -0.007608 0.002307 -0.005462 0.131239 -0.010245 0.991283
1784010280.468457937 0.656018 -0.007646 0.002360 -0.005990 0.130573 -0.010337 0.991367
1784010280.472759962 0.657118 -0.007711 0.002429 -0.005716 0.130550 -0.010307 0.991372
1784010280.478580952 0.658684 -0.007775 0.002524 -0.005627 0.131886 -0.010330 0.991195
1784010280.483270884 0.659857 -0.007810 0.002568 -0.005455 0.132562 -0.010221 0.991107
1784010280.488713980 0.661093 -0.007851 0.002547 -0.005403 0.131477 -0.010103 0.991253
1784010280.492901087 0.662050 -0.007880 0.002501 -0.005678 0.130746 -0.010166 0.991348
1784010280.498609066 0.663494 -0.007947 0.002474 -0.005900 0.131013 -0.010279 0.991310
1784010280.502799988 0.664616 -0.008009 0.002474 -0.005564 0.131761 -0.010255 0.991213
1784010280.508443117 0.666065 -0.008052 0.002448 -0.005836 0.132290 -0.010346 0.991140
1784010280.512803078 0.667106 -0.008080 0.002398 -0.005931 0.131764 -0.010329 0.991210
1784010280.518647909 0.668496 -0.008126 0.002341 -0.005840 0.131118 -0.010241 0.991297
1784010280.522886038 0.669510 -0.008164 0.002316 -0.005933 0.131296 -0.010269 0.991272
1784010280.528645039 0.670947 -0.008224 0.002324 -0.005946 0.130720 -0.010419 0.991347
1784010280.528704166 0.670963 -0.008224 0.002324 -0.005948 0.130717 -0.010420 0.991347
1784010280.528704166 0.670963 -0.008224 0.002324 -0.005948 0.130717 -0.010420 0.991347
1784010280.532907009 0.672149 -0.008256 0.002371 -0.006066 0.130616 -0.010479 0.991359
1784010280.538626909 0.673837 -0.008284 0.002465 -0.005842 0.131354 -0.010512 0.991263
1784010280.542754889 0.674974 -0.008292 0.002505 -0.005661 0.131702 -0.010407 0.991219
1784010280.548614979 0.676482 -0.008303 0.002502 -0.005680 0.130642 -0.010350 0.991359
1784010280.553184032 0.677730 -0.008333 0.002484 -0.005732 0.129942 -0.010482 0.991450
1784010280.558645010 0.679433 -0.008400 0.002531 -0.005237 0.130797 -0.010432 0.991340
1784010280.562825918 0.680776 -0.008442 0.002591 -0.005035 0.132155 -0.010472 0.991161
1784010280.568650007 0.682475 -0.008482 0.002597 -0.004980 0.132356 -0.010377 0.991135
1784010280.572829962 0.683595 -0.008510 0.002562 -0.004902 0.131161 -0.010375 0.991295
1784010280.578605890 0.685274 -0.008546 0.002522 -0.005419 0.130495 -0.010509 0.991379
1784010280.582631111 0.686567 -0.008605 0.002523 -0.005285 0.130861 -0.010531 0.991331
1784010280.588612080 0.688469 -0.008680 0.002544 -0.004495 0.132114 -0.010560 0.991168
1784010280.593303919 0.689845 -0.008691 0.002493 -0.004934 0.132067 -0.010738 0.991170
1784010280.598624945 0.691350 -0.008713 0.002438 -0.004850 0.131057 -0.010725 0.991305
1784010280.602662086 0.692544 -0.008744 0.002415 -0.004871 0.130850 -0.010761 0.991332
1784010280.608567953 0.694382 -0.008815 0.002418 -0.004773 0.131504 -0.010833 0.991245
1784010280.612953901 0.695731 -0.008876 0.002433 -0.004437 0.131870 -0.010888 0.991197
1784010280.618779898 0.697456 -0.008916 0.002414 -0.004873 0.131819 -0.011021 0.991201
1784010280.623094082 0.698710 -0.008944 0.002397 -0.005043 0.131638 -0.011057 0.991223
1784010280.628601074 0.700315 -0.009013 0.002402 -0.004880 0.131672 -0.011087 0.991219
1784010280.628710032 0.700347 -0.009015 0.002402 -0.004872 0.131676 -0.011088 0.991219
1784010280.628710032 0.700347 -0.009015 0.002402 -0.004872 0.131676 -0.011088 0.991219
1784010280.632744074 0.701541 -0.009067 0.002460 -0.004590 0.131838 -0.011100 0.991199
1784010280.638592958 0.703263 -0.009119 0.002550 -0.004414 0.131996 -0.011148 0.991178
1784010280.643007040 0.704552 -0.009133 0.002606 -0.004644 0.132033 -0.011193 0.991171
1784010280.648627996 0.706179 -0.009151 0.002685 -0.004827 0.131933 -0.011210 0.991184
1784010280.653251886 0.707501 -0.009187 0.002742 -0.004781 0.131807 -0.011233 0.991200
1784010280.658457041 0.708988 -0.009244 0.002815 -0.004453 0.131838 -0.011237 0.991198
1784010280.662872076 0.710247 -0.009289 0.002872 -0.004268 0.132044 -0.011231 0.991171
1784010280.668783903 0.711914 -0.009321 0.002923 -0.004546 0.132113 -0.011310 0.991160
1784010280.672880888 0.713050 -0.009343 0.002942 -0.004694 0.131912 -0.011350 0.991185
1784010280.678628922 0.714667 -0.009394 0.003003 -0.004561 0.131822 -0.011372 0.991198
1784010280.682627916 0.715804 -0.009440 0.003054 -0.004358 0.132133 -0.011373 0.991157
1784010280.688621044 0.717474 -0.009490 0.003118 -0.004245 0.132297 -0.011396 0.991135
1784010280.692573071 0.718544 -0.009513 0.003130 -0.004392 0.132070 -0.011451 0.991165
1784010280.698664904 0.720209 -0.009553 0.003177 -0.004549 0.132038 -0.011529 0.991167
1784010280.703063011 0.721419 -0.009599 0.003227 -0.004474 0.132420 -0.011560 0.991116
1784010280.708389044 0.722868 -0.009656 0.003299 -0.004315 0.132441 -0.011603 0.991114
1784010280.713269949 0.724212 -0.009700 0.003354 -0.004393 0.131965 -0.011662 0.991176
1784010280.718445063 0.725682 -0.009740 0.003425 -0.004551 0.132064 -0.011738 0.991161
1784010280.722704887 0.726882 -0.009777 0.003483 -0.004491 0.132491 -0.011753 0.991104
1784010280.728305101 0.728411 -0.009824 0.003515 -0.004396 0.132406 -0.011767 0.991116
1784010280.728305101 0.728411 -0.009824 0.003515 -0.004396 0.132406 -0.011767 0.991116
1784010280.728637934 0.728502 -0.009825 0.003520 -0.004392 0.132400 -0.011769 0.991117
1784010280.733068943 0.729724 -0.009834 0.003594 -0.004416 0.132172 -0.011830 0.991146
1784010280.738583088 0.731255 -0.009852 0.003732 -0.004411 0.132605 -0.011921 0.991087
1784010280.742964983 0.732495 -0.009866 0.003867 -0.004290 0.132383 -0.011954 0.991117
1784010280.748609066 0.734239 -0.009872 0.004057 -0.004626 0.132137 -0.012083 0.991147
1784010280.752707958 0.735638 -0.009882 0.004191 -0.004866 0.131950 -0.012174 0.991170
1784010280.758662939 0.737652 -0.009886 0.004340 -0.004646 0.132637 -0.012137 0.991080
1784010280.762862921 0.738980 -0.009888 0.004397 -0.004771 0.132004 -0.012164 0.991163
1784010280.768611908 0.740941 -0.009879 0.004500 -0.004942 0.130428 -0.012288 0.991369
1784010280.772829056 0.742589 -0.009871 0.004584 -0.005063 0.129265 -0.012378 0.991520
1784010280.778599024 0.744913 -0.009891 0.004710 -0.005069 0.131484 -0.012528 0.991226
1784010280.782826900 0.746540 -0.009958 0.004783 -0.005070 0.133102 -0.012637 0.991009
1784010280.788595915 0.748700 -0.010037 0.004840 -0.005293 0.131815 -0.012851 0.991177
1784010280.792665005 0.750192 -0.010055 0.004813 -0.005447 0.130898 -0.013001 0.991296
1784010280.798629999 0.752398 -0.010053 0.004778 -0.005445 0.131190 -0.013106 0.991256
1784010280.802789927 0.753971 -0.010060 0.004777 -0.005440 0.131386 -0.013178 0.991229
1784010280.808615923 0.756218 -0.010045 0.004795 -0.005851 0.132290 -0.013416 0.991103
1784010280.813142061 0.757915 -0.010035 0.004815 -0.005559 0.132688 -0.013372 0.991052
1784010280.818603039 0.759838 -0.010014 0.004799 -0.005267 0.131901 -0.013298 0.991160
1784010280.822777033 0.761232 -0.009964 0.004684 -0.005040 0.131293 -0.013239 0.991242
1784010280.828521013 0.763237 -0.009914 0.004512 -0.004902 0.131102 -0.013295 0.991268
1784010280.828662157 0.763290 -0.009914 0.004509 -0.004899 0.131098 -0.013296 0.991268
1784010280.828662157 0.763290 -0.009914 0.004509 -0.004899 0.131098 -0.013296 0.991268
1784010280.832782030 0.764905 -0.009904 0.004477 -0.004786 0.130940 -0.013335 0.991289
1784010280.838663101 0.767199 -0.009904 0.004409 -0.005107 0.132316 -0.013375 0.991104
1784010280.843169928 0.768825 -0.009907 0.004308 -0.004886 0.131781 -0.013245 0.991178
1784010280.848809004 0.770840 -0.009909 0.004174 -0.004841 0.130964 -0.013093 0.991289
1784010280.852607965 0.772241 -0.009900 0.004071 -0.004809 0.130408 -0.012988 0.991364
1784010280.858520985 0.774431 -0.009899 0.003921 -0.004220 0.131063 -0.012902 0.991281
1784010280.862736940 0.775961 -0.009937 0.003814 -0.003799 0.131525 -0.012838 0.991222
1784010280.868613958 0.778082 -0.010007 0.003695 -0.004118 0.131690 -0.012894 0.991199
1784010280.872951031 0.779648 -0.010067 0.003630 -0.004351 0.131806 -0.012933 0.991182
1784010280.878577948 0.781663 -0.010153 0.003548 -0.004440 0.131419 -0.012973 0.991232
1784010280.883028030 0.783229 -0.010239 0.003452 -0.004510 0.131110 -0.013004 0.991272
1784010280.888550043 0.785180 -0.010342 0.003328 -0.004304 0.131324 -0.013036 0.991244
1784010280.892824888 0.786714 -0.010413 0.003232 -0.004143 0.131486 -0.013060 0.991223
1784010280.898633003 0.788807 -0.010508 0.003105 -0.004419 0.131344 -0.013169 0.991240
1784010280.902863979 0.790318 -0.010592 0.003001 -0.004618 0.131236 -0.013247 0.991252
1784010280.908369064 0.792278 -0.010713 0.002885 -0.004520 0.131195 -0.013306 0.991257
1784010280.912580967 0.793776 -0.010819 0.002810 -0.004299 0.131551 -0.013309 0.991211
1784010280.918644905 0.795939 -0.010961 0.002718 -0.004374 0.131104 -0.013376 0.991269
1784010280.922882080 0.797456 -0.011058 0.002649 -0.004424 0.130786 -0.013421 0.991310
1784010280.928382158 0.799451 -0.011180 0.002588 -0.004325 0.131475 -0.013417 0.991219
1784010280.928382158 0.799451 -0.011180 0.002588 -0.004325 0.131475 -0.013417 0.991219
1784010280.928426027 0.799467 -0.011180 0.002589 -0.004324 0.131480 -0.013417 0.991219
1784010280.932714939 0.801044 -0.011253 0.002593 -0.004232 0.131995 -0.013410 0.991151
1784010280.938656092 0.803213 -0.011355 0.002607 -0.004226 0.131473 -0.013436 0.991220
1784010280.943067074 0.804811 -0.011437 0.002610 -0.004223 0.131084 -0.013455 0.991271
1784010280.948771000 0.806884 -0.011546 0.002630 -0.004188 0.130920 -0.013470 0.991293
1784010280.952694893 0.808318 -0.011627 0.002658 -0.004060 0.131086 -0.013449 0.991271
1784010280.958811998 0.810580 -0.011743 0.002692 -0.003951 0.131016 -0.013449 0.991281
1784010280.962785006 0.812060 -0.011817 0.002697 -0.004018 0.130975 -0.013468 0.991286
1784010280.968668938 0.814226 -0.011927 0.002700 -0.003962 0.130849 -0.013489 0.991303
1784010280.972932100 0.815765 -0.012016 0.002682 -0.003923 0.130756 -0.013503 0.991315
1784010280.978615046 0.817813 -0.012144 0.002665 -0.003755 0.130501 -0.013554 0.991348
1784010280.982897997 0.819365 -0.012244 0.002665 -0.003615 0.130666 -0.013575 0.991327
1784010280.988677025 0.821475 -0.012359 0.002675 -0.003644 0.130781 -0.013623 0.991311
1784010280.992857933 0.823010 -0.012440 0.002682 -0.003674 0.130758 -0.013639 0.991314
1784010280.998640060 0.825119 -0.012555 0.002705 -0.003540 0.130877 -0.013653 0.991298
1784010281.002929926 0.826653 -0.012645 0.002710 -0.003512 0.130983 -0.013666 0.991284
1784010281.008399963 0.828590 -0.012761 0.002698 -0.003513 0.130765 -0.013717 0.991312
1784010281.012727976 0.830126 -0.012857 0.002681 -0.003454 0.130714 -0.013762 0.991319
1784010281.018271923 0.832099 -0.012971 0.002671 -0.003468 0.131184 -0.013813 0.991256
1784010281.022927046 0.833743 -0.013062 0.002660 -0.003425 0.131310 -0.013829 0.991239
1784010281.028573036 0.835730 -0.013167 0.002635 -0.003511 0.131095 -0.013868 0.991267
1784010281.028573036 0.835730 -0.013167 0.002635 -0.003511 0.131095 -0.013868 0.991267
1784010281.028789043 0.835806 -0.013170 0.002635 -0.003515 0.131086 -0.013868 0.991268
1784010281.032780886 0.837220 -0.013227 0.002639 -0.003563 0.131062 -0.013890 0.991270
1784010281.038598061 0.839269 -0.013314 0.002639 -0.003482 0.131250 -0.013892 0.991246
1784010281.043190002 0.840875 -0.013382 0.002621 -0.003515 0.131292 -0.013929 0.991240
1784010281.048168898 0.842611 -0.013449 0.002592 -0.003658 0.131345 -0.013987 0.991231
1784010281.052876949 0.844247 -0.013511 0.002571 -0.003760 0.131398 -0.014023 0.991223
1784010281.058578968 0.846245 -0.013582 0.002548 -0.003830 0.131278 -0.014048 0.991239
1784010281.062807083 0.847741 -0.013639 0.002527 -0.003860 0.131365 -0.014069 0.991227
1784010281.068566084 0.849761 -0.013718 0.002495 -0.003788 0.131680 -0.014073 0.991185
1784010281.072707891 0.851188 -0.013775 0.002449 -0.003834 0.131717 -0.014094 0.991180
1784010281.078574896 0.853210 -0.013855 0.002378 -0.003996 0.131590 -0.014154 0.991195
1784010281.082911968 0.854706 -0.013924 0.002339 -0.003980 0.131776 -0.014168 0.991170
1784010281.088591099 0.856665 -0.014012 0.002315 -0.003894 0.131958 -0.014162 0.991147
1784010281.092777967 0.858110 -0.014073 0.002303 -0.003935 0.131831 -0.014161 0.991163
1784010281.098583937 0.860109 -0.014154 0.002302 -0.004067 0.131743 -0.014153 0.991175
1784010281.102931976 0.861585 -0.014222 0.002307 -0.004094 0.131818 -0.014126 0.991165
1784010281.108578920 0.863484 -0.014318 0.002317 -0.004098 0.131734 -0.014126 0.991176
1784010281.112889051 0.864924 -0.014399 0.002330 -0.004040 0.131625 -0.014120 0.991191
1784010281.118844986 0.866920 -0.014503 0.002378 -0.004010 0.131538 -0.014098 0.991203
1784010281.122777939 0.868245 -0.014570 0.002414 -0.004036 0.131461 -0.014080 0.991213
1784010281.128368139 0.870134 -0.014665 0.002471 -0.004065 0.131441 -0.014053 0.991216
1784010281.128368139 0.870134 -0.014665 0.002471 -0.004065 0.131441 -0.014053 0.991216
1784010281.128395081 0.870143 -0.014665 0.002472 -0.004066 0.131441 -0.014053 0.991216
1784010281.132801056 0.871623 -0.014729 0.002525 -0.003948 0.131489 -0.013999 0.991211
1784010281.138593912 0.873546 -0.014813 0.002563 -0.003931 0.131453 -0.013970 0.991216
1784010281.143047094 0.875018 -0.014881 0.002572 -0.003939 0.131408 -0.013963 0.991222
1784010281.148413897 0.876797 -0.014965 0.002589 -0.003847 0.131562 -0.013930 0.991203
1784010281.152813911 0.878265 -0.015030 0.002603 -0.003831 0.131694 -0.013906 0.991185
1784010281.158543110 0.880184 -0.015111 0.002620 -0.003915 0.131751 -0.013882 0.991178
1784010281.162873030 0.881613 -0.015179 0.002627 -0.003891 0.131694 -0.013848 0.991186
1784010281.168596983 0.883475 -0.015270 0.002624 -0.003840 0.131628 -0.013793 0.991196
1784010281.172772884 0.884828 -0.015341 0.002614 -0.003825 0.131639 -0.013774 0.991195
1784010281.178639889 0.886739 -0.015430 0.002613 -0.003821 0.131746 -0.013746 0.991181
1784010281.182806015 0.888103 -0.015491 0.002620 -0.003916 0.131833 -0.013736 0.991169
1784010281.188462973 0.889959 -0.015573 0.002641 -0.003892 0.131864 -0.013690 0.991166
1784010281.192650080 0.891320 -0.015637 0.002653 -0.003943 0.131821 -0.013681 0.991171
1784010281.198571920 0.893217 -0.015727 0.002651 -0.003939 0.131656 -0.013627 0.991194
1784010281.202759981 0.894551 -0.015792 0.002640 -0.003941 0.131562 -0.013604 0.991207
1784010281.208594084 0.896434 -0.015874 0.002625 -0.004068 0.131678 -0.013599 0.991191
1784010281.213282108 0.897966 -0.015941 0.002620 -0.004105 0.131919 -0.013581 0.991159
1784010281.218694925 0.899727 -0.016019 0.002612 -0.004065 0.132114 -0.013541 0.991134
1784010281.222712994 0.901011 -0.016075 0.002594 -0.004121 0.132052 -0.013525 0.991142
1784010281.228445053 0.902822 -0.016157 0.002560 -0.004127 0.131784 -0.013483 0.991178
1784010281.228445053 0.902822 -0.016157 0.002560 -0.004127 0.131784 -0.013483 0.991178
1784010281.228583097 0.902866 -0.016159 0.002559 -0.004127 0.131777 -0.013484 0.991179
1784010281.233026028 0.904290 -0.016199 0.002539 -0.004123 0.131689 -0.013506 0.991190
1784010281.238636017 0.906132 -0.016248 0.002528 -0.004230 0.131747 -0.013568 0.991181
1784010281.243134022 0.907631 -0.016295 0.002535 -0.004146 0.131954 -0.013569 0.991154
1784010281.248578072 0.909410 -0.016347 0.002543 -0.004044 0.132046 -0.013576 0.991142
1784010281.252871990 0.910773 -0.016389 0.002528 -0.004005 0.131821 -0.013562 0.991173
1784010281.258589983 0.912591 -0.016444 0.002511 -0.003872 0.131536 -0.013547 0.991211
1784010281.262940884 0.913995 -0.016488 0.002514 -0.003831 0.131654 -0.013543 0.991196
1784010281.268377066 0.915775 -0.016548 0.002537 -0.003795 0.131914 -0.013557 0.991161
1784010281.272785902 0.917214 -0.016605 0.002562 -0.003622 0.131936 -0.013536 0.991159
1784010281.278613091 0.919081 -0.016671 0.002573 -0.003584 0.131733 -0.013536 0.991186
1784010281.282851934 0.920418 -0.016726 0.002560 -0.003552 0.131555 -0.013535 0.991210
1784010281.288727999 0.922278 -0.016810 0.002540 -0.003263 0.131446 -0.013537 0.991226
1784010281.292596102 0.923510 -0.016868 0.002531 -0.003214 0.131579 -0.013561 0.991208
1784010281.298516035 0.925421 -0.016946 0.002516 -0.003336 0.131614 -0.013646 0.991202
1784010281.302732944 0.926790 -0.017010 0.002508 -0.003311 0.131560 -0.013667 0.991209
1784010281.308566093 0.928657 -0.017096 0.002483 -0.003325 0.131486 -0.013736 0.991217
1784010281.312887907 0.930010 -0.017167 0.002447 -0.003290 0.131357 -0.013769 0.991234
1784010281.318180084 0.931665 -0.017262 0.002401 -0.003073 0.131126 -0.013816 0.991265
1784010281.323016882 0.933179 -0.017332 0.002404 -0.003064 0.131190 -0.013861 0.991256
1784010281.328446150 0.934970 -0.017388 0.002439 -0.003606 0.130472 -0.014042 0.991346
1784010281.328446150 0.934970 -0.017388 0.002439 -0.003606 0.130472 -0.014042 0.991346
1784010281.328557014 0.935009 -0.017388 0.002440 -0.003617 0.130457 -0.014045 0.991348
1784010281.332902908 0.936608 -0.017441 0.002510 -0.003592 0.130403 -0.014044 0.991355
1784010281.338594913 0.938775 -0.017517 0.002613 -0.003029 0.131171 -0.014023 0.991256
1784010281.342894077 0.940311 -0.017556 0.002644 -0.003036 0.131442 -0.013955 0.991221
1784010281.348592043 0.942319 -0.017612 0.002609 -0.002930 0.129553 -0.014002 0.991469
1784010281.352945089 0.944025 -0.017677 0.002556 -0.003101 0.129175 -0.014073 0.991517
1784010281.358614922 0.946409 -0.017770 0.002539 -0.002947 0.130926 -0.014194 0.991286
1784010281.362811089 0.948107 -0.017839 0.002501 -0.002692 0.132294 -0.014149 0.991106
1784010281.368570089 0.950260 -0.017917 0.002347 -0.002828 0.131252 -0.014205 0.991243
1784010281.372683048 0.951765 -0.017970 0.002219 -0.002838 0.130242 -0.014257 0.991376
1784010281.378582001 0.954003 -0.018065 0.002132 -0.002768 0.130928 -0.014248 0.991286
1784010281.382811069 0.955639 -0.018142 0.002107 -0.002744 0.130786 -0.014298 0.991304
1784010281.388669014 0.958000 -0.018238 0.002106 -0.002722 0.130332 -0.014493 0.991361
1784010281.392977953 0.959781 -0.018296 0.002120 -0.002918 0.130766 -0.014595 0.991302
1784010281.398375034 0.961931 -0.018374 0.002105 -0.002844 0.130683 -0.014589 0.991313
1784010281.402745008 0.963605 -0.018453 0.002057 -0.002817 0.129986 -0.014630 0.991404
1784010281.408550024 0.965929 -0.018566 0.002005 -0.002770 0.128804 -0.014761 0.991556
1784010281.412715912 0.967754 -0.018656 0.001998 -0.002877 0.129211 -0.014898 0.991501
1784010281.418448925 0.970334 -0.018774 0.001991 -0.002797 0.130986 -0.015032 0.991266
1784010281.422710896 0.972152 -0.018856 0.001931 -0.002581 0.131264 -0.014990 0.991231
1784010281.428341150 0.974447 -0.018954 0.001805 -0.002764 0.130232 -0.015052 0.991366
1784010281.428341150 0.974447 -0.018954 0.001805 -0.002764 0.130232 -0.015052 0.991366
1784010281.428386927 0.974466 -0.018954 0.001804 -0.002765 0.130223 -0.015052 0.991367
1784010281.432959080 0.976388 -0.019019 0.001755 -0.002816 0.129944 -0.015081 0.991403
1784010281.438517094 0.978873 -0.019130 0.001761 -0.002826 0.130154 -0.015177 0.991374
1784010281.442704916 0.980801 -0.019227 0.001781 -0.002509 0.130712 -0.015246 0.991300
1784010281.448623896 0.983429 -0.019326 0.001796 -0.002555 0.131336 -0.015384 0.991215
1784010281.453104019 0.985325 -0.019381 0.001780 -0.002722 0.131026 -0.015412 0.991255
1784010281.458364964 0.987549 -0.019443 0.001734 -0.003003 0.130352 -0.015441 0.991343
1784010281.462795973 0.989439 -0.019509 0.001690 -0.003377 0.130220 -0.015592 0.991357
1784010281.468696117 0.991955 -0.019624 0.001691 -0.002995 0.130567 -0.015697 0.991311
1784010281.472776890 0.993717 -0.019696 0.001699 -0.003115 0.130440 -0.015826 0.991325
1784010281.478573084 0.996298 -0.019773 0.001713 -0.003512 0.130591 -0.015952 0.991302
1784010281.482660055 0.998107 -0.019833 0.001738 -0.003429 0.130913 -0.015951 0.991260
1784010281.488610983 1.000656 -0.019923 0.001724 -0.003327 0.130794 -0.015933 0.991276
1784010281.493190050 1.002592 -0.019999 0.001685 -0.003282 0.130348 -0.015970 0.991334
1784010281.498599052 1.004913 -0.020093 0.001673 -0.003104 0.130748 -0.015987 0.991282
1784010281.502897024 1.006760 -0.020165 0.001671 -0.003171 0.131226 -0.016017 0.991218
1784010281.508514881 1.009133 -0.020251 0.001654 -0.003144 0.131035 -0.016019 0.991243
1784010281.512643099 1.010860 -0.020313 0.001638 -0.003200 0.130743 -0.016007 0.991282
1784010281.518609047 1.013363 -0.020410 0.001642 -0.003291 0.131027 -0.015974 0.991245
1784010281.522728920 1.015073 -0.020491 0.001643 -0.003176 0.130985 -0.015958 0.991251
1784010281.528457165 1.017429 -0.020608 0.001621 -0.003111 0.130466 -0.015958 0.991319
1784010281.528457165 1.017429 -0.020608 0.001621 -0.003111 0.130466 -0.015958 0.991319
1784010281.528542042 1.017465 -0.020609 0.001621 -0.003110 0.130458 -0.015959 0.991321
1784010281.532831907 1.019257 -0.020688 0.001628 -0.003039 0.130470 -0.015989 0.991319
1784010281.538578987 1.021676 -0.020796 0.001645 -0.002976 0.131044 -0.016037 0.991242
1784010281.542797089 1.023431 -0.020878 0.001635 -0.003007 0.131035 -0.016095 0.991243
1784010281.548576117 1.025801 -0.020998 0.001603 -0.002986 0.130477 -0.016205 0.991314
1784010281.552717924 1.027497 -0.021092 0.001576 -0.002918 0.130367 -0.016269 0.991328
1784010281.558547020 1.029895 -0.021222 0.001545 -0.002877 0.130601 -0.016380 0.991296
1784010281.563021898 1.031722 -0.021321 0.001512 -0.002836 0.130606 -0.016469 0.991293
1784010281.568291903 1.033864 -0.021430 0.001473 -0.002892 0.130440 -0.016597 0.991313
1784010281.572907925 1.035744 -0.021523 0.001451 -0.002962 0.130542 -0.016686 0.991298
1784010281.578444004 1.037988 -0.021642 0.001438 -0.002896 0.130621 -0.016787 0.991286
1784010281.582799911 1.039730 -0.021741 0.001421 -0.002774 0.130435 -0.016857 0.991310
1784010281.588567019 1.042031 -0.021867 0.001398 -0.002662 0.130270 -0.016960 0.991330
1784010281.593200922 1.043886 -0.021963 0.001386 -0.002605 0.130431 -0.017018 0.991308
1784010281.598582029 1.046045 -0.022068 0.001377 -0.002608 0.130525 -0.017082 0.991294
1784010281.602830887 1.047749 -0.022152 0.001371 -0.002621 0.130549 -0.017121 0.991290
1784010281.608567953 1.050035 -0.022276 0.001380 -0.002486 0.130631 -0.017171 0.991279
1784010281.612811089 1.051701 -0.022374 0.001381 -0.002399 0.130571 -0.017203 0.991287
1784010281.618598938 1.053958 -0.022506 0.001374 -0.002368 0.130245 -0.017292 0.991328
1784010281.623009920 1.055677 -0.022610 0.001368 -0.002297 0.130150 -0.017347 0.991340
1784010281.628415108 1.057784 -0.022732 0.001371 -0.002311 0.130381 -0.017424 0.991308
1784010281.628415108 1.057784 -0.022732 0.001371 -0.002311 0.130381 -0.017424 0.991308
1784010281.628426075 1.057789 -0.022732 0.001371 -0.002311 0.130381 -0.017424 0.991308
1784010281.632694006 1.059459 -0.022817 0.001392 -0.002299 0.130363 -0.017450 0.991310
1784010281.638603926 1.061755 -0.022935 0.001423 -0.002246 0.129994 -0.017481 0.991358
1784010281.643080950 1.063486 -0.023028 0.001450 -0.002253 0.129893 -0.017523 0.991371
1784010281.648541927 1.065588 -0.023144 0.001488 -0.002150 0.129943 -0.017547 0.991364
1784010281.653024912 1.067306 -0.023236 0.001519 -0.002067 0.129797 -0.017562 0.991383
1784010281.658638000 1.069496 -0.023338 0.001556 -0.002192 0.129684 -0.017602 0.991397
1784010281.663011074 1.071219 -0.023421 0.001588 -0.002230 0.129939 -0.017627 0.991363
1784010281.668425083 1.073317 -0.023530 0.001619 -0.002115 0.130134 -0.017641 0.991337
1784010281.672833920 1.074989 -0.023623 0.001617 -0.002109 0.129958 -0.017682 0.991360
1784010281.678544998 1.077165 -0.023742 0.001620 -0.002098 0.129650 -0.017743 0.991399
1784010281.682800055 1.078820 -0.023827 0.001631 -0.002135 0.129698 -0.017786 0.991392
1784010281.688560963 1.081085 -0.023938 0.001649 -0.002278 0.130175 -0.017859 0.991328
1784010281.692708015 1.082685 -0.024021 0.001653 -0.002199 0.130288 -0.017884 0.991312
1784010281.698553085 1.084900 -0.024131 0.001623 -0.002370 0.130040 -0.017958 0.991343
1784010281.703193903 1.086654 -0.024220 0.001584 -0.002588 0.129743 -0.018078 0.991379
1784010281.708553076 1.088730 -0.024332 0.001558 -0.002511 0.129603 -0.018153 0.991397
1784010281.712661982 1.090360 -0.024414 0.001543 -0.002565 0.129984 -0.018217 0.991345
1784010281.718540907 1.092666 -0.024520 0.001508 -0.002657 0.130494 -0.018295 0.991277
1784010281.723170996 1.094424 -0.024603 0.001447 -0.002749 0.130232 -0.018335 0.991310
1784010281.728405952 1.096407 -0.024699 0.001357 -0.003065 0.129834 -0.018458 0.991359
1784010281.728528976 1.096454 -0.024702 0.001356 -0.003062 0.129836 -0.018459 0.991359
1784010281.728528976 1.096454 -0.024702 0.001356 -0.003062 0.129836 -0.018459 0.991359
1784010281.733036041 1.098221 -0.024785 0.001321 -0.002949 0.129885 -0.018520 0.991352
1784010281.738554955 1.100421 -0.024887 0.001313 -0.002670 0.130517 -0.018533 0.991269
1784010281.742818117 1.102095 -0.024951 0.001303 -0.002753 0.130718 -0.018579 0.991242
1784010281.748564959 1.104297 -0.025035 0.001286 -0.002965 0.130134 -0.018623 0.991317
1784010281.752557993 1.105824 -0.025102 0.001283 -0.003039 0.129724 -0.018640 0.991370
1784010281.758327007 1.108092 -0.025208 0.001329 -0.003024 0.129816 -0.018649 0.991358
1784010281.762861013 1.109885 -0.025303 0.001396 -0.002794 0.130158 -0.018616 0.991315
1784010281.768583059 1.112091 -0.025409 0.001469 -0.002784 0.130017 -0.018624 0.991333
1784010281.772773981 1.113682 -0.025477 0.001506 -0.003000 0.129454 -0.018658 0.991405
1784010281.778561115 1.115943 -0.025580 0.001571 -0.003149 0.129069 -0.018683 0.991455
1784010281.782921076 1.117686 -0.025678 0.001632 -0.002963 0.129494 -0.018641 0.991401
1784010281.788552046 1.119898 -0.025810 0.001687 -0.002483 0.129948 -0.018572 0.991344
1784010281.792588949 1.121441 -0.025893 0.001684 -0.002601 0.129744 -0.018592 0.991370
1784010281.798696041 1.123783 -0.026014 0.001665 -0.002987 0.129265 -0.018678 0.991430
1784010281.802558899 1.125281 -0.026109 0.001664 -0.003003 0.129309 -0.018687 0.991424
1784010281.808542967 1.127629 -0.026273 0.001677 -0.002682 0.129702 -0.018669 0.991374
1784010281.813060045 1.129390 -0.026399 0.001681 -0.002542 0.129877 -0.018673 0.991351
1784010281.818222046 1.131365 -0.026524 0.001667 -0.002724 0.129605 -0.018722 0.991385
1784010281.822531939 1.132999 -0.026625 0.001646 -0.002961 0.129224 -0.018757 0.991434
1784010281.828588009 1.135333 -0.026781 0.001638 -0.003037 0.129065 -0.018810 0.991453
1784010281.828588009 1.135333 -0.026781 0.001638 -0.003037 0.129065 -0.018810 0.991453
1784010281.828717947 1.135384 -0.026784 0.001639 -0.003039 0.129062 -0.018811 0.991453
1784010281.832691908 1.136959 -0.026885 0.001666 -0.002889 0.129337 -0.018803 0.991418
1784010281.838505030 1.139253 -0.027017 0.001701 -0.002828 0.129644 -0.018777 0.991379
1784010281.843046904 1.141011 -0.027105 0.001704 -0.003030 0.129362 -0.018801 0.991415
1784010281.848433018 1.143089 -0.027207 0.001695 -0.003267 0.128941 -0.018820 0.991468
1784010281.852741957 1.144771 -0.027299 0.001694 -0.003255 0.129071 -0.018821 0.991451
1784010281.858486891 1.147036 -0.027422 0.001703 -0.003103 0.129639 -0.018789 0.991378
1784010281.862579107 1.148636 -0.027503 0.001700 -0.003169 0.129727 -0.018790 0.991367
1784010281.868511915 1.150930 -0.027610 0.001689 -0.003405 0.129309 -0.018813 0.991420
1784010281.872936010 1.152639 -0.027698 0.001689 -0.003470 0.129135 -0.018811 0.991443
1784010281.878371000 1.154760 -0.027821 0.001708 -0.003288 0.129291 -0.018771 0.991424
1784010281.882841110 1.156502 -0.027928 0.001726 -0.003112 0.129394 -0.018746 0.991411
1784010281.888706923 1.158779 -0.028053 0.001742 -0.003168 0.129201 -0.018748 0.991436
1784010281.892565966 1.160275 -0.028136 0.001750 -0.003258 0.129087 -0.018757 0.991451
1784010281.898534060 1.162605 -0.028278 0.001781 -0.003157 0.129164 -0.018745 0.991441
1784010281.902750969 1.164250 -0.028392 0.001803 -0.002964 0.129235 -0.018736 0.991433
1784010281.908196926 1.166371 -0.028535 0.001819 -0.002829 0.129142 -0.018731 0.991445
1784010281.912801027 1.168160 -0.028650 0.001822 -0.002833 0.129042 -0.018747 0.991458
1784010281.918576956 1.170405 -0.028793 0.001827 -0.002849 0.129119 -0.018752 0.991448
1784010281.923331976 1.172249 -0.028916 0.001829 -0.002783 0.129216 -0.018744 0.991435
1784010281.928316116 1.174180 -0.029048 0.001828 -0.002714 0.129201 -0.018741 0.991438
1784010281.928439140 1.174228 -0.029051 0.001828 -0.002714 0.129198 -0.018741 0.991438
1784010281.928439140 1.174228 -0.029051 0.001828 -0.002714 0.129198 -0.018741 0.991438
1784010281.932663918 1.175877 -0.029145 0.001840 -0.002707 0.129096 -0.018767 0.991451
1784010281.938577890 1.178172 -0.029265 0.001856 -0.002750 0.128929 -0.018807 0.991472
1784010281.943063021 1.179905 -0.029356 0.001868 -0.002746 0.128868 -0.018829 0.991479
1784010281.948358059 1.181964 -0.029461 0.001891 -0.002710 0.128950 -0.018850 0.991468
1784010281.952758074 1.183675 -0.029548 0.001913 -0.002752 0.129050 -0.018881 0.991455
1784010281.958524942 1.185900 -0.029660 0.001950 -0.002770 0.128999 -0.018928 0.991460
1784010281.962544918 1.187437 -0.029743 0.001979 -0.002744 0.128868 -0.018959 0.991477
1784010281.968492985 1.189723 -0.029865 0.002032 -0.002710 0.128783 -0.019009 0.991487
1784010281.972740889 1.191359 -0.029955 0.002068 -0.002663 0.128768 -0.019036 0.991488
1784010281.978640079 1.193629 -0.030076 0.002106 -0.002641 0.128777 -0.019094 0.991486
1784010281.982731104 1.195191 -0.030162 0.002122 -0.002629 0.128802 -0.019128 0.991482
1784010281.988682985 1.197458 -0.030287 0.002142 -0.002580 0.128786 -0.019174 0.991484
1784010281.992620945 1.198955 -0.030376 0.002150 -0.002565 0.128671 -0.019205 0.991498
1784010281.998523951 1.201210 -0.030510 0.002162 -0.002491 0.128486 -0.019253 0.991521
1784010282.002768040 1.202829 -0.030610 0.002168 -0.002451 0.128507 -0.019286 0.991518
1784010282.008378029 1.204958 -0.030734 0.002168 -0.002472 0.128538 -0.019335 0.991513
1784010282.012742996 1.206608 -0.030833 0.002157 -0.002492 0.128438 -0.019372 0.991525
1784010282.018512964 1.208802 -0.030966 0.002149 -0.002475 0.128368 -0.019431 0.991533
1784010282.022735119 1.210410 -0.031069 0.002151 -0.002432 0.128476 -0.019464 0.991519
1784010282.028404951 1.212562 -0.031205 0.002159 -0.002355 0.128508 -0.019514 0.991514
1784010282.028426170 1.212570 -0.031205 0.002160 -0.002354 0.128507 -0.019514 0.991514
1784010282.028426170 1.212570 -0.031205 0.002160 -0.002354 0.128507 -0.019514 0.991514
1784010282.032790899 1.214231 -0.031290 0.002170 -0.002384 0.128382 -0.019536 0.991529
1784010282.038570881 1.216434 -0.031399 0.002186 -0.002432 0.128304 -0.019545 0.991539
1784010282.042812109 1.218053 -0.031481 0.002202 -0.002424 0.128426 -0.019546 0.991523
1784010282.048608065 1.220265 -0.031589 0.002231 -0.002394 0.128606 -0.019552 0.991500
1784010282.052930117 1.221909 -0.031671 0.002256 -0.002390 0.128580 -0.019558 0.991503
1784010282.058516979 1.224042 -0.031775 0.002295 -0.002426 0.128458 -0.019553 0.991519
1784010282.062896013 1.225712 -0.031860 0.002325 -0.002446 0.128434 -0.019550 0.991522
1784010282.068228960 1.227737 -0.031963 0.002356 -0.002432 0.128403 -0.019547 0.991526
1784010282.072747946 1.229445 -0.032050 0.002375 -0.002419 0.128378 -0.019546 0.991530
1784010282.078558922 1.231643 -0.032159 0.002396 -0.002658 0.128499 -0.019567 0.991513
1784010282.082917929 1.233296 -0.032239 0.002411 -0.002836 0.128592 -0.019586 0.991500
1784010282.088428020 1.235382 -0.032340 0.002429 -0.002882 0.128552 -0.019592 0.991505
1784010282.092819929 1.237033 -0.032425 0.002440 -0.002918 0.128522 -0.019600 0.991509
1784010282.098592043 1.239205 -0.032533 0.002458 -0.003067 0.128558 -0.019598 0.991504
1784010282.102793932 1.240793 -0.032610 0.002478 -0.003174 0.128586 -0.019601 0.991499
1784010282.108532906 1.242960 -0.032712 0.002506 -0.003228 0.128657 -0.019590 0.991490
1784010282.112823963 1.244567 -0.032790 0.002521 -0.003267 0.128712 -0.019586 0.991483
1784010282.118340015 1.246628 -0.032890 0.002537 -0.003376 0.128680 -0.019571 0.991487
1784010282.122734070 1.248270 -0.032972 0.002550 -0.003462 0.128655 -0.019563 0.991490
1784010282.127974987 1.250232 -0.033072 0.002565 -0.003517 0.128568 -0.019542 0.991502
1784010282.128587008 1.250461 -0.033085 0.002566 -0.003512 0.128569 -0.019538 0.991502
1784010282.128587008 1.250461 -0.033085 0.002566 -0.003512 0.128569 -0.019538 0.991502
1784010282.132749081 1.252036 -0.033149 0.002592 -0.003473 0.128562 -0.019522 0.991503
1784010282.138536930 1.254220 -0.033241 0.002620 -0.003529 0.128569 -0.019517 0.991502
1784010282.142927885 1.255862 -0.033318 0.002627 -0.003572 0.128579 -0.019512 0.991501
1784010282.148401022 1.257914 -0.033417 0.002638 -0.003512 0.128626 -0.019499 0.991495
1784010282.152708054 1.259543 -0.033502 0.002656 -0.003464 0.128666 -0.019487 0.991491
1784010282.158540964 1.261744 -0.033616 0.002675 -0.003464 0.128514 -0.019477 0.991510
1784010282.162786007 1.263327 -0.033702 0.002671 -0.003463 0.128409 -0.019469 0.991524
1784010282.168519974 1.265468 -0.033822 0.002664 -0.003446 0.128345 -0.019485 0.991532
1784010282.172852039 1.267101 -0.033921 0.002666 -0.003433 0.128301 -0.019498 0.991538
1784010282.178359032 1.269179 -0.034049 0.002665 -0.003407 0.128377 -0.019530 0.991527
1784010282.182760954 1.270824 -0.034153 0.002650 -0.003387 0.128442 -0.019555 0.991518
1784010282.188586950 1.273004 -0.034290 0.002621 -0.003393 0.128244 -0.019612 0.991543
1784010282.192699909 1.274549 -0.034390 0.002597 -0.003397 0.128110 -0.019653 0.991559
1784010282.198487997 1.276731 -0.034527 0.002561 -0.003363 0.128118 -0.019715 0.991557
1784010282.202980042 1.278424 -0.034634 0.002531 -0.003336 0.128128 -0.019763 0.991555
1784010282.208523035 1.280512 -0.034762 0.002494 -0.003425 0.128090 -0.019822 0.991559
1784010282.212918997 1.282164 -0.034865 0.002465 -0.003497 0.128063 -0.019869 0.991561
1784010282.218611956 1.284311 -0.034998 0.002438 -0.003382 0.128082 -0.019901 0.991558
1784010282.222774029 1.285892 -0.035100 0.002427 -0.003299 0.128100 -0.019924 0.991556
1784010282.228112936 1.287923 -0.035231 0.002423 -0.003174 0.128241 -0.019934 0.991538
1784010282.228387117 1.288027 -0.035237 0.002422 -0.003170 0.128244 -0.019933 0.991537
1784010282.228387117 1.288027 -0.035237 0.002422 -0.003170 0.128244 -0.019933 0.991537
1784010282.232897997 1.289750 -0.035323 0.002430 -0.003085 0.128305 -0.019932 0.991530
1784010282.238533020 1.291897 -0.035429 0.002444 -0.003072 0.128336 -0.019925 0.991526
1784010282.242854118 1.293548 -0.035519 0.002465 -0.003065 0.128362 -0.019919 0.991523
1784010282.248490095 1.295709 -0.035644 0.002510 -0.002956 0.128469 -0.019900 0.991509
1784010282.252760887 1.297342 -0.035744 0.002550 -0.002880 0.128478 -0.019891 0.991509
1784010282.258258104 1.299431 -0.035870 0.002600 -0.002848 0.128284 -0.019898 0.991534
1784010282.262744904 1.301125 -0.035974 0.002634 -0.002854 0.128098 -0.019909 0.991558
1784010282.268560886 1.303334 -0.036113 0.002678 -0.002793 0.127990 -0.019921 0.991571
1784010282.272792101 1.304943 -0.036221 0.002709 -0.002712 0.128025 -0.019936 0.991567
1784010282.278588057 1.307143 -0.036365 0.002754 -0.002621 0.128055 -0.019954 0.991563
1784010282.282589912 1.308648 -0.036463 0.002784 -0.002617 0.127980 -0.019965 0.991572
1784010282.288511992 1.310877 -0.036606 0.002834 -0.002606 0.127793 -0.019992 0.991596
1784010282.292845964 1.312519 -0.036714 0.002875 -0.002536 0.127754 -0.019994 0.991601
1784010282.298311949 1.314604 -0.036847 0.002933 -0.002463 0.127959 -0.019995 0.991575
1784010282.302651882 1.316246 -0.036950 0.002973 -0.002456 0.128100 -0.020007 0.991556
1784010282.308478117 1.318428 -0.037084 0.003015 -0.002477 0.128012 -0.020030 0.991567
1784010282.312751055 1.320024 -0.037186 0.003039 -0.002497 0.127919 -0.020050 0.991579
1784010282.318546057 1.322208 -0.037326 0.003078 -0.002464 0.127996 -0.020067 0.991569
1784010282.323205948 1.323968 -0.037440 0.003106 -0.002420 0.128121 -0.020076 0.991552
1784010282.328548193 1.325972 -0.037562 0.003122 -0.002493 0.128125 -0.020109 0.991551
1784010282.328548193 1.325972 -0.037562 0.003122 -0.002493 0.128125 -0.020109 0.991551
1784010282.328557968 1.325976 -0.037562 0.003123 -0.002493 0.128124 -0.020109 0.991551
1784010282.332856894 1.327606 -0.037638 0.003135 -0.002639 0.127987 -0.020132 0.991568
1784010282.338535070 1.329796 -0.037741 0.003146 -0.002813 0.127983 -0.020161 0.991567
1784010282.342839003 1.331469 -0.037830 0.003152 -0.002841 0.128235 -0.020188 0.991534
1784010282.348495960 1.333641 -0.037947 0.003146 -0.002819 0.128409 -0.020224 0.991511
1784010282.352751017 1.335260 -0.038030 0.003124 -0.002993 0.128234 -0.020282 0.991532
1784010282.358524084 1.337501 -0.038140 0.003094 -0.003315 0.128189 -0.020380 0.991535
1784010282.362795115 1.339179 -0.038234 0.003080 -0.003340 0.128565 -0.020426 0.991485
1784010282.368725061 1.341476 -0.038372 0.003060 -0.003193 0.128952 -0.020464 0.991435
1784010282.372817039 1.343033 -0.038465 0.003034 -0.003237 0.128826 -0.020511 0.991450
1784010282.378384113 1.345169 -0.038584 0.003013 -0.003442 0.128582 -0.020571 0.991480
1784010282.382615089 1.346811 -0.038680 0.003018 -0.003524 0.128716 -0.020593 0.991461
1784010282.388451099 1.349065 -0.038821 0.003045 -0.003401 0.128944 -0.020580 0.991432
1784010282.392848969 1.350738 -0.038929 0.003068 -0.003364 0.128884 -0.020581 0.991440
1784010282.398469925 1.352873 -0.039058 0.003106 -0.003548 0.128652 -0.020599 0.991470
1784010282.402728081 1.354494 -0.039160 0.003149 -0.003604 0.128537 -0.020592 0.991484
1784010282.408497095 1.356695 -0.039309 0.003225 -0.003542 0.128590 -0.020563 0.991478
1784010282.412681103 1.358281 -0.039426 0.003286 -0.003408 0.128661 -0.020545 0.991470
1784010282.418564081 1.360512 -0.039579 0.003367 -0.003401 0.128622 -0.020520 0.991475
1784010282.422909021 1.362163 -0.039687 0.003414 -0.003510 0.128529 -0.020521 0.991487
1784010282.428468943 1.364275 -0.039836 0.003467 -0.003514 0.128584 -0.020502 0.991480
1784010282.428538084 1.364302 -0.039837 0.003468 -0.003512 0.128586 -0.020502 0.991480
1784010282.428538084 1.364302 -0.039837 0.003468 -0.003512 0.128586 -0.020502 0.991480
1784010282.433094025 1.366046 -0.039948 0.003522 -0.003346 0.128728 -0.020485 0.991463
1784010282.438520908 1.368118 -0.040068 0.003564 -0.003357 0.128810 -0.020488 0.991452
1784010282.442960024 1.369812 -0.040163 0.003583 -0.003511 0.128682 -0.020511 0.991468
1784010282.448234081 1.371836 -0.040280 0.003606 -0.003558 0.128557 -0.020497 0.991484
1784010282.453119040 1.373728 -0.040394 0.003632 -0.003513 0.128665 -0.020481 0.991470
1784010282.458265066 1.375725 -0.040515 0.003654 -0.003499 0.128900 -0.020470 0.991440
1784010282.462723970 1.377438 -0.040616 0.003661 -0.003567 0.128844 -0.020464 0.991447
1784010282.468497038 1.379651 -0.040742 0.003657 -0.003775 0.128550 -0.020491 0.991484
1784010282.472842932 1.381329 -0.040845 0.003658 -0.003876 0.128541 -0.020518 0.991484
1784010282.478491068 1.383533 -0.040983 0.003676 -0.003821 0.128873 -0.020521 0.991441
1784010282.482722998 1.385177 -0.041086 0.003686 -0.003848 0.128983 -0.020532 0.991427
1784010282.488523960 1.387417 -0.041220 0.003681 -0.004006 0.128745 -0.020576 0.991456
1784010282.492630959 1.389003 -0.041319 0.003671 -0.004115 0.128681 -0.020616 0.991463
1784010282.498483896 1.391285 -0.041470 0.003667 -0.004091 0.129003 -0.020657 0.991421
1784010282.502836943 1.392978 -0.041588 0.003663 -0.004006 0.129202 -0.020678 0.991395
1784010282.508522034 1.395174 -0.041732 0.003652 -0.004056 0.129078 -0.020731 0.991409
1784010282.512701988 1.396786 -0.041837 0.003643 -0.004146 0.128917 -0.020767 0.991429
1784010282.518553019 1.399060 -0.041991 0.003652 -0.004094 0.128951 -0.020779 0.991425
1784010282.522578955 1.400625 -0.042106 0.003664 -0.003982 0.129069 -0.020781 0.991410
1784010282.528259993 1.402825 -0.042261 0.003681 -0.003892 0.129099 -0.020795 0.991406
1784010282.528259993 1.402825 -0.042261 0.003681 -0.003892 0.129099 -0.020795 0.991406
1784010282.528460026 1.402903 -0.042265 0.003683 -0.003888 0.129100 -0.020795 0.991406
1784010282.533324003 1.404799 -0.042374 0.003716 -0.003891 0.129013 -0.020800 0.991417
1784010282.538320065 1.406753 -0.042490 0.003757 -0.003862 0.128963 -0.020802 0.991424
1784010282.542857885 1.408538 -0.042604 0.003799 -0.003716 0.129012 -0.020793 0.991418
1784010282.548516035 1.410766 -0.042746 0.003850 -0.003530 0.129132 -0.020778 0.991403
1784010282.552581072 1.412354 -0.042845 0.003875 -0.003487 0.129123 -0.020780 0.991405
1784010282.558564901 1.414685 -0.042983 0.003895 -0.003514 0.128960 -0.020799 0.991425
1784010282.563183069 1.416489 -0.043093 0.003904 -0.003519 0.128937 -0.020822 0.991428
1784010282.568367004 1.418527 -0.043223 0.003922 -0.003419 0.129096 -0.020833 0.991407
1784010282.572721004 1.420230 -0.043333 0.003935 -0.003364 0.129129 -0.020843 0.991403
1784010282.578644037 1.422534 -0.043472 0.003943 -0.003449 0.128825 -0.020883 0.991441
1784010282.582678080 1.424107 -0.043568 0.003945 -0.003497 0.128709 -0.020910 0.991456
1784010282.588627100 1.426446 -0.043711 0.003967 -0.003468 0.128957 -0.020940 0.991423
1784010282.592741966 1.428057 -0.043812 0.003985 -0.003418 0.129123 -0.020959 0.991401
1784010282.598496914 1.430293 -0.043944 0.004014 -0.003407 0.128976 -0.021001 0.991420
1784010282.602859020 1.431985 -0.044042 0.004041 -0.003473 0.128831 -0.021038 0.991437
1784010282.608510971 1.434194 -0.044174 0.004093 -0.003461 0.128856 -0.021052 0.991434
1784010282.612884998 1.435904 -0.044284 0.004135 -0.003346 0.128944 -0.021049 0.991423
1784010282.618680954 1.438157 -0.044421 0.004179 -0.003309 0.128963 -0.021070 0.991420
1784010282.622780085 1.439739 -0.044515 0.004197 -0.003355 0.128912 -0.021092 0.991426
1784010282.628144979 1.441815 -0.044645 0.004222 -0.003348 0.128840 -0.021107 0.991435
1784010282.628442049 1.441930 -0.044652 0.004223 -0.003343 0.128841 -0.021108 0.991435
1784010282.628442049 1.441930 -0.044652 0.004223 -0.003343 0.128841 -0.021108 0.991435
1784010282.632857084 1.443662 -0.044753 0.004262 -0.003249 0.128855 -0.021140 0.991433
1784010282.638542891 1.445895 -0.044885 0.004313 -0.003107 0.128865 -0.021185 0.991431
1784010282.642904043 1.447600 -0.044985 0.004342 -0.003103 0.128815 -0.021223 0.991437
1784010282.648505926 1.449788 -0.045110 0.004366 -0.003162 0.128701 -0.021290 0.991450
1784010282.652806044 1.451466 -0.045213 0.004377 -0.003136 0.128687 -0.021337 0.991451
1784010282.658472061 1.453687 -0.045353 0.004397 -0.003046 0.128820 -0.021397 0.991432
1784010282.662970066 1.455444 -0.045465 0.004413 -0.003000 0.128877 -0.021451 0.991424
1784010282.668458939 1.457583 -0.045597 0.004434 -0.002994 0.128758 -0.021525 0.991438
1784010282.672768116 1.459262 -0.045702 0.004451 -0.003002 0.128747 -0.021582 0.991438
1784010282.678428888 1.461476 -0.045838 0.004486 -0.002947 0.128985 -0.021649 0.991406
1784010282.682872057 1.463206 -0.045947 0.004515 -0.002918 0.129161 -0.021698 0.991382
1784010282.688349962 1.465328 -0.046076 0.004557 -0.002926 0.129174 -0.021764 0.991379
1784010282.692742109 1.467021 -0.046180 0.004598 -0.002887 0.129113 -0.021805 0.991386
1784010282.698477983 1.469239 -0.046316 0.004664 -0.002849 0.129116 -0.021855 0.991385
1784010282.703011990 1.470992 -0.046425 0.004714 -0.002841 0.129154 -0.021893 0.991379
1784010282.708566904 1.473135 -0.046555 0.004768 -0.002867 0.129208 -0.021949 0.991370
1784010282.712779999 1.474754 -0.046652 0.004796 -0.002959 0.129249 -0.022000 0.991364
1784010282.718558073 1.476974 -0.046784 0.004827 -0.003103 0.129286 -0.022074 0.991357
1784010282.722769022 1.478588 -0.046885 0.004846 -0.003151 0.129314 -0.022120 0.991352
1784010282.728198051 1.480669 -0.047015 0.004874 -0.003170 0.129341 -0.022178 0.991347
1784010282.728198051 1.480669 -0.047015 0.004874 -0.003170 0.129341 -0.022178 0.991347
1784010282.728399038 1.480747 -0.047019 0.004876 -0.003171 0.129341 -0.022179 0.991347
1784010282.732510090 1.482344 -0.047101 0.004911 -0.003236 0.129342 -0.022193 0.991346
1784010282.738537073 1.484689 -0.047215 0.004967 -0.003353 0.129416 -0.022207 0.991336
1784010282.742480040 1.486217 -0.047294 0.005006 -0.003388 0.129515 -0.022207 0.991323
1784010282.748384953 1.488500 -0.047414 0.005068 -0.003418 0.129633 -0.022213 0.991307
1784010282.752743959 1.490175 -0.047507 0.005114 -0.003445 0.129618 -0.022216 0.991309
1784010282.758234978 1.492282 -0.047625 0.005175 -0.003478 0.129500 -0.022216 0.991324
1784010282.762623072 1.493968 -0.047723 0.005223 -0.003505 0.129451 -0.022210 0.991331
1784010282.768472910 1.496226 -0.047856 0.005285 -0.003517 0.129552 -0.022197 0.991318
1784010282.772963047 1.497955 -0.047964 0.005326 -0.003522 0.129658 -0.022186 0.991304
1784010282.778345108 1.500021 -0.048098 0.005367 -0.003513 0.129683 -0.022171 0.991301
1784010282.782757998 1.501710 -0.048217 0.005398 -0.003478 0.129658 -0.022164 0.991305
1784010282.788630962 1.503962 -0.048380 0.005441 -0.003421 0.129644 -0.022150 0.991307
1784010282.792715073 1.505528 -0.048497 0.005466 -0.003400 0.129617 -0.022149 0.991311
1784010282.798491955 1.507754 -0.048663 0.005495 -0.003395 0.129580 -0.022153 0.991316
1784010282.802694082 1.509372 -0.048788 0.005512 -0.003408 0.129621 -0.022168 0.991310
1784010282.808435917 1.511580 -0.048961 0.005529 -0.003432 0.129682 -0.022193 0.991301
1784010282.813085079 1.513361 -0.049109 0.005537 -0.003401 0.129625 -0.022222 0.991308
1784010282.818286896 1.515357 -0.049278 0.005544 -0.003340 0.129523 -0.022254 0.991321
1784010282.822791100 1.517089 -0.049423 0.005546 -0.003343 0.129497 -0.022300 0.991323
1784010282.828463078 1.519278 -0.049604 0.005545 -0.003367 0.129479 -0.022358 0.991324
1784010282.828463078 1.519278 -0.049604 0.005545 -0.003367 0.129479 -0.022358 0.991324
1784010282.828488111 1.519289 -0.049604 0.005545 -0.003367 0.129479 -0.022358 0.991324
1784010282.832503080 1.520864 -0.049713 0.005552 -0.003360 0.129473 -0.022404 0.991324
1784010282.838659048 1.523285 -0.049875 0.005562 -0.003374 0.129524 -0.022480 0.991316
1784010282.842670918 1.524855 -0.049985 0.005569 -0.003349 0.129552 -0.022522 0.991311
1784010282.848318100 1.527069 -0.050140 0.005586 -0.003244 0.129541 -0.022571 0.991312
1784010282.852729082 1.528799 -0.050262 0.005606 -0.003172 0.129582 -0.022601 0.991306
1784010282.858488083 1.531066 -0.050420 0.005641 -0.003066 0.129689 -0.022626 0.991292
1784010282.862472057 1.532631 -0.050532 0.005665 -0.003008 0.129762 -0.022633 0.991282
1784010282.868320942 1.534926 -0.050692 0.005702 -0.002956 0.129845 -0.022654 0.991271
1784010282.872797966 1.536669 -0.050822 0.005733 -0.002883 0.129870 -0.022663 0.991268
1784010282.878468990 1.538874 -0.050987 0.005777 -0.002799 0.129800 -0.022676 0.991277
1784010282.882858038 1.540579 -0.051119 0.005813 -0.002754 0.129715 -0.022691 0.991288
1784010282.888484001 1.542771 -0.051287 0.005862 -0.002709 0.129659 -0.022702 0.991295
1784010282.892781973 1.544444 -0.051419 0.005899 -0.002687 0.129647 -0.022723 0.991296
1784010282.898349047 1.546605 -0.051590 0.005943 -0.002644 0.129568 -0.022754 0.991306
1784010282.902491093 1.548205 -0.051721 0.005974 -0.002579 0.129488 -0.022772 0.991316
1784010282.908265114 1.550442 -0.051900 0.006020 -0.002529 0.129448 -0.022799 0.991321
1784010282.912468910 1.552070 -0.052031 0.006056 -0.002530 0.129462 -0.022823 0.991318
1784010282.918482065 1.554402 -0.052215 0.006110 -0.002496 0.129458 -0.022849 0.991318
1784010282.922962904 1.556138 -0.052355 0.006151 -0.002477 0.129491 -0.022870 0.991314
1784010282.928329945 1.558220 -0.052520 0.006198 -0.002477 0.129546 -0.022895 0.991306
1784010282.928342104 1.558225 -0.052520 0.006198 -0.002477 0.129546 -0.022895 0.991306
1784010282.928342104 1.558225 -0.052520 0.006198 -0.002477 0.129546 -0.022895 0.991306
1784010282.932785034 1.559983 -0.052635 0.006248 -0.002480 0.129567 -0.022927 0.991302
1784010282.938461065 1.562234 -0.052778 0.006311 -0.002483 0.129638 -0.022975 0.991292
1784010282.942812920 1.563948 -0.052888 0.006354 -0.002496 0.129705 -0.023016 0.991282
1784010282.948440075 1.566163 -0.053025 0.006397 -0.002563 0.129624 -0.023083 0.991291
1784010282.952711105 1.567852 -0.053129 0.006420 -0.002669 0.129584 -0.023139 0.991295
1784010282.958420992 1.570130 -0.053269 0.006449 -0.002742 0.129795 -0.023209 0.991265
1784010282.962650061 1.571805 -0.053378 0.006461 -0.002738 0.129943 -0.023256 0.991245
1784010282.968549013 1.574125 -0.053522 0.006453 -0.002850 0.129866 -0.023362 0.991252
1784010282.972727060 1.575760 -0.053626 0.006432 -0.002979 0.129809 -0.023445 0.991257
1784010282.978626966 1.578085 -0.053774 0.006406 -0.003082 0.129978 -0.023552 0.991232
1784010282.982712030 1.579699 -0.053880 0.006389 -0.003131 0.130136 -0.023623 0.991210
1784010282.988516092 1.581998 -0.054030 0.006370 -0.003172 0.130298 -0.023718 0.991186
1784010282.992650986 1.583621 -0.054140 0.006358 -0.003210 0.130360 -0.023782 0.991176
1784010282.998477936 1.585895 -0.054296 0.006342 -0.003248 0.130292 -0.023859 0.991183
1784010283.002667904 1.587527 -0.054415 0.006334 -0.003240 0.130219 -0.023906 0.991192
1784010283.008521080 1.589830 -0.054579 0.006351 -0.003192 0.130325 -0.023957 0.991177
1784010283.012609005 1.591445 -0.054696 0.006377 -0.003182 0.130437 -0.023970 0.991162
1784010283.018193960 1.593644 -0.054854 0.006420 -0.003239 0.130414 -0.024002 0.991164
1784010283.022690058 1.595394 -0.054991 0.006459 -0.003232 0.130269 -0.024018 0.991182
1784010283.028619051 1.597700 -0.055176 0.006520 -0.003174 0.130157 -0.024030 0.991197
1784010283.028619051 1.597700 -0.055176 0.006520 -0.003174 0.130157 -0.024030 0.991197
1784010283.028656006 1.597715 -0.055177 0.006521 -0.003174 0.130156 -0.024030 0.991197
1784010283.032524109 1.599254 -0.055285 0.006578 -0.003190 0.130201 -0.024051 0.991191
1784010283.038512945 1.601633 -0.055455 0.006678 -0.003073 0.130264 -0.024070 0.991182
1784010283.042730093 1.603298 -0.055576 0.006748 -0.003034 0.130263 -0.024085 0.991182
1784010283.048336029 1.605528 -0.055732 0.006838 -0.003137 0.130317 -0.024115 0.991174
1784010283.052850008 1.607321 -0.055868 0.006906 -0.003080 0.130340 -0.024111 0.991171
1784010283.058275938 1.609472 -0.056034 0.006971 -0.002976 0.130285 -0.024099 0.991179
1784010283.062880039 1.611293 -0.056171 0.007007 -0.003051 0.130243 -0.024117 0.991184
1784010283.068274975 1.613431 -0.056333 0.007036 -0.003105 0.130258 -0.024131 0.991182
1784010283.072487116 1.615099 -0.056462 0.007049 -0.003123 0.130300 -0.024136 0.991176
1784010283.078602076 1.617537 -0.056645 0.007061 -0.003190 0.130359 -0.024148 0.991168
1784010283.082647085 1.619146 -0.056770 0.007068 -0.003199 0.130406 -0.024145 0.991161
1784010283.088474035 1.621460 -0.056944 0.007081 -0.003259 0.130394 -0.024160 0.991162
1784010283.092685938 1.623123 -0.057070 0.007088 -0.003369 0.130294 -0.024190 0.991175
1784010283.098498106 1.625438 -0.057243 0.007108 -0.003501 0.130238 -0.024223 0.991181
1784010283.102525949 1.627047 -0.057368 0.007128 -0.003533 0.130345 -0.024237 0.991166
1784010283.108483076 1.629431 -0.057545 0.007154 -0.003591 0.130449 -0.024253 0.991152
1784010283.112500906 1.631027 -0.057665 0.007160 -0.003674 0.130421 -0.024273 0.991155
1784010283.118314981 1.633341 -0.057844 0.007162 -0.003772 0.130410 -0.024320 0.991155
1784010283.122538090 1.635019 -0.057983 0.007159 -0.003750 0.130492 -0.024340 0.991143
1784010283.128478050 1.637387 -0.058179 0.007158 -0.003708 0.130572 -0.024369 0.991132
1784010283.128478050 1.637387 -0.058179 0.007158 -0.003708 0.130572 -0.024369 0.991132
1784010283.128494024 1.637394 -0.058179 0.007158 -0.003708 0.130572 -0.024369 0.991132
1784010283.132555008 1.639052 -0.058296 0.007169 -0.003686 0.130559 -0.024382 0.991134
1784010283.138473988 1.641473 -0.058464 0.007194 -0.003670 0.130501 -0.024397 0.991141
1784010283.142961979 1.643302 -0.058598 0.007218 -0.003643 0.130444 -0.024408 0.991149
1784010283.148308039 1.645488 -0.058762 0.007254 -0.003541 0.130377 -0.024408 0.991158
1784010283.152734041 1.647297 -0.058902 0.007288 -0.003450 0.130384 -0.024414 0.991157
1784010283.158471107 1.649646 -0.059083 0.007334 -0.003363 0.130381 -0.024432 0.991157
1784010283.162602901 1.651330 -0.059217 0.007363 -0.003323 0.130333 -0.024448 0.991163
1784010283.168473959 1.653736 -0.059407 0.007403 -0.003235 0.130256 -0.024460 0.991173
1784010283.172813892 1.655517 -0.059555 0.007430 -0.003142 0.130281 -0.024474 0.991170
1784010283.178167105 1.657717 -0.059737 0.007459 -0.002998 0.130366 -0.024492 0.991159
1784010283.182832956 1.659620 -0.059893 0.007474 -0.002915 0.130336 -0.024512 0.991163
1784010283.188488960 1.661926 -0.060077 0.007483 -0.002895 0.130210 -0.024545 0.991178
1784010283.192708015 1.663645 -0.060218 0.007489 -0.002870 0.130158 -0.024573 0.991184
1784010283.198486090 1.666007 -0.060406 0.007502 -0.002867 0.130112 -0.024618 0.991190
1784010283.202740908 1.667741 -0.060546 0.007509 -0.002873 0.130031 -0.024651 0.991199
1784010283.208461046 1.670079 -0.060729 0.007520 -0.002892 0.130007 -0.024704 0.991201
1784010283.212779999 1.671831 -0.060867 0.007529 -0.002914 0.130047 -0.024745 0.991195
1784010283.218489885 1.674138 -0.061045 0.007545 -0.002880 0.129973 -0.024778 0.991204
1784010283.222539902 1.675771 -0.061175 0.007564 -0.002848 0.129883 -0.024804 0.991215
1784010283.228261948 1.678101 -0.061356 0.007612 -0.002802 0.129924 -0.024839 0.991209
1784010283.228402138 1.678158 -0.061360 0.007613 -0.002801 0.129926 -0.024840 0.991209
1784010283.228402138 1.678158 -0.061360 0.007613 -0.002801 0.129926 -0.024840 0.991209
1784010283.232660055 1.679938 -0.061474 0.007669 -0.002786 0.130007 -0.024873 0.991197
1784010283.238518953 1.682373 -0.061628 0.007736 -0.002777 0.129917 -0.024912 0.991208
1784010283.242888927 1.684173 -0.061748 0.007776 -0.002768 0.129771 -0.024950 0.991226
1784010283.248317003 1.686425 -0.061901 0.007827 -0.002751 0.129709 -0.024988 0.991233
1784010283.252717018 1.688252 -0.062033 0.007870 -0.002662 0.129720 -0.025008 0.991232
1784010283.258320093 1.690575 -0.062199 0.007917 -0.002578 0.129654 -0.025047 0.991240
1784010283.262768030 1.692411 -0.062329 0.007941 -0.002612 0.129525 -0.025092 0.991255
1784010283.268450022 1.694772 -0.062499 0.007964 -0.002655 0.129394 -0.025148 0.991271
1784010283.272612095 1.696501 -0.062635 0.007977 -0.002600 0.129406 -0.025186 0.991268
1784010283.278486967 1.698939 -0.062828 0.007993 -0.002460 0.129449 -0.025236 0.991262
1784010283.282711983 1.700678 -0.062967 0.007998 -0.002425 0.129404 -0.025286 0.991267
1784010283.288532019 1.703086 -0.063153 0.008007 -0.002494 0.129307 -0.025362 0.991277
1784010283.292642117 1.704791 -0.063289 0.008020 -0.002479 0.129340 -0.025403 0.991272
1784010283.298495054 1.707230 -0.063484 0.008054 -0.002347 0.129556 -0.025455 0.991243
1784010283.302639008 1.708942 -0.063623 0.008081 -0.002288 0.129664 -0.025495 0.991227
1784010283.308469057 1.711340 -0.063811 0.008120 -0.002295 0.129547 -0.025549 0.991241
1784010283.312756062 1.713096 -0.063951 0.008150 -0.002303 0.129437 -0.025584 0.991255
1784010283.318547964 1.715485 -0.064141 0.008203 -0.002244 0.129512 -0.025626 0.991244
1784010283.322907925 1.717280 -0.064285 0.008245 -0.002194 0.129623 -0.025658 0.991229
1784010283.328158140 1.719439 -0.064450 0.008283 -0.002288 0.129603 -0.025714 0.991230
1784010283.328158140 1.719439 -0.064450 0.008283 -0.002288 0.129603 -0.025714 0.991230
1784010283.328277111 1.719489 -0.064453 0.008284 -0.002291 0.129603 -0.025716 0.991230
1784010283.332773924 1.721388 -0.064565 0.008317 -0.002375 0.129601 -0.025771 0.991228
1784010283.338499069 1.723807 -0.064704 0.008349 -0.002459 0.129600 -0.025841 0.991226
1784010283.342643023 1.725551 -0.064813 0.008369 -0.002518 0.129601 -0.025892 0.991225
1784010283.348249912 1.727914 -0.064958 0.008399 -0.002586 0.129573 -0.025959 0.991227
1784010283.352864981 1.729852 -0.065078 0.008424 -0.002640 0.129551 -0.026015 0.991228
1784010283.358639002 1.732286 -0.065225 0.008463 -0.002733 0.129636 -0.026072 0.991215
1784010283.362708092 1.733999 -0.065332 0.008495 -0.002797 0.129697 -0.026113 0.991206
1784010283.368180037 1.736304 -0.065475 0.008542 -0.002773 0.129737 -0.026132 0.991200
1784010283.372642040 1.738168 -0.065595 0.008575 -0.002752 0.129771 -0.026148 0.991195
1784010283.378438950 1.740592 -0.065752 0.008622 -0.002792 0.129674 -0.026187 0.991207
1784010283.382707119 1.742374 -0.065873 0.008658 -0.002819 0.129604 -0.026217 0.991215
1784010283.388453960 1.744782 -0.066039 0.008707 -0.002798 0.129710 -0.026230 0.991201
1784010283.392592907 1.746512 -0.066165 0.008734 -0.002780 0.129788 -0.026240 0.991191
1784010283.398444891 1.748962 -0.066345 0.008767 -0.002798 0.129755 -0.026264 0.991194
1784010283.402822971 1.750784 -0.066485 0.008784 -0.002810 0.129731 -0.026282 0.991197
1784010283.408267021 1.753055 -0.066663 0.008800 -0.002741 0.129727 -0.026307 0.991197
1784010283.412523985 1.754828 -0.066805 0.008806 -0.002685 0.129725 -0.026327 0.991197
1784010283.418515921 1.757338 -0.067007 0.008810 -0.002715 0.129615 -0.026376 0.991210
1784010283.422871113 1.759161 -0.067159 0.008806 -0.002735 0.129536 -0.026412 0.991219
1784010283.428267956 1.761425 -0.067351 0.008799 -0.002739 0.129602 -0.026471 0.991209
1784010283.428317070 1.761446 -0.067352 0.008799 -0.002739 0.129603 -0.026472 0.991209
1784010283.428317070 1.761446 -0.067352 0.008799 -0.002739 0.129603 -0.026472 0.991209
1784010283.432610989 1.763299 -0.067493 0.008801 -0.002726 0.129650 -0.026514 0.991202
1784010283.438486099 1.765842 -0.067688 0.008802 -0.002611 0.129497 -0.026578 0.991220
1784010283.442487001 1.767568 -0.067825 0.008798 -0.002534 0.129396 -0.026622 0.991232
1784010283.448465109 1.770164 -0.068027 0.008794 -0.002470 0.129440 -0.026711 0.991224
1784010283.452770948 1.772035 -0.068176 0.008791 -0.002425 0.129475 -0.026777 0.991218
1784010283.458446980 1.774508 -0.068371 0.008789 -0.002373 0.129437 -0.026849 0.991221
1784010283.462577105 1.776295 -0.068516 0.008785 -0.002337 0.129412 -0.026902 0.991223
1784010283.468432903 1.778835 -0.068718 0.008788 -0.002199 0.129420 -0.026959 0.991221
1784010283.472524881 1.780607 -0.068862 0.008797 -0.002104 0.129428 -0.026999 0.991219
1784010283.478400946 1.783165 -0.069065 0.008818 -0.001959 0.129495 -0.027025 0.991210
1784010283.482934952 1.785137 -0.069221 0.008836 -0.001848 0.129549 -0.027046 0.991202
1784010283.488326073 1.787490 -0.069406 0.008860 -0.001761 0.129595 -0.027076 0.991196
1784010283.492681026 1.789383 -0.069560 0.008880 -0.001667 0.129639 -0.027095 0.991190
1784010283.498398066 1.791870 -0.069764 0.008907 -0.001530 0.129517 -0.027133 0.991205
1784010283.502674103 1.793722 -0.069919 0.008925 -0.001429 0.129429 -0.027162 0.991216
1784010283.508455038 1.796239 -0.070127 0.008953 -0.001371 0.129433 -0.027205 0.991214
1784010283.512739897 1.798106 -0.070283 0.008976 -0.001330 0.129438 -0.027237 0.991212
1784010283.518470049 1.800606 -0.070492 0.009015 -0.001214 0.129308 -0.027275 0.991229
1784010283.522649050 1.802415 -0.070648 0.009044 -0.001131 0.129215 -0.027304 0.991240
1784010283.528254986 1.804845 -0.070859 0.009087 -0.001061 0.129029 -0.027354 0.991263
1784010283.528254986 1.804845 -0.070859 0.009087 -0.001061 0.129029 -0.027354 0.991263
1784010283.528620005 1.805007 -0.070871 0.009091 -0.001058 0.129018 -0.027358 0.991264
1784010283.532726049 1.806837 -0.071005 0.009140 -0.001012 0.128935 -0.027389 0.991274
1784010283.538484097 1.809412 -0.071189 0.009214 -0.000969 0.128928 -0.027429 0.991274
1784010283.542931080 1.811396 -0.071331 0.009268 -0.000953 0.128949 -0.027463 0.991270
1784010283.548422098 1.813853 -0.071504 0.009333 -0.000938 0.128932 -0.027504 0.991271
1784010283.552927017 1.815868 -0.071649 0.009380 -0.000924 0.128937 -0.027528 0.991270
1784010283.558468103 1.818345 -0.071828 0.009433 -0.000875 0.128974 -0.027568 0.991264
1784010283.562622070 1.820188 -0.071964 0.009466 -0.000863 0.128986 -0.027608 0.991262
1784010283.568514109 1.822806 -0.072148 0.009504 -0.000943 0.128963 -0.027674 0.991263
1784010283.572623968 1.824630 -0.072277 0.009523 -0.001031 0.128971 -0.027732 0.991260
1784010283.578425884 1.827223 -0.072458 0.009550 -0.001102 0.129077 -0.027813 0.991244
1784010283.582720995 1.829133 -0.072595 0.009567 -0.001119 0.129151 -0.027881 0.991232
1784010283.588634014 1.831760 -0.072777 0.009579 -0.001195 0.129068 -0.027977 0.991240
1784010283.592629910 1.833526 -0.072899 0.009575 -0.001316 0.128975 -0.028054 0.991250
1784010283.598498106 1.836140 -0.073076 0.009565 -0.001493 0.129032 -0.028183 0.991239
1784010283.602689028 1.838004 -0.073208 0.009554 -0.001576 0.129192 -0.028276 0.991215
1784010283.608427048 1.840564 -0.073388 0.009537 -0.001644 0.129291 -0.028386 0.991199
1784010283.612715960 1.842473 -0.073525 0.009520 -0.001692 0.129275 -0.028461 0.991199
1784010283.618274927 1.844952 -0.073703 0.009505 -0.001711 0.129305 -0.028540 0.991193
1784010283.622720957 1.846923 -0.073852 0.009497 -0.001644 0.129365 -0.028580 0.991184
1784010283.628247976 1.849371 -0.074039 0.009493 -0.001618 0.129394 -0.028632 0.991178
1784010283.628415108 1.849445 -0.074045 0.009493 -0.001618 0.129395 -0.028634 0.991178
1784010283.628415108 1.849445 -0.074045 0.009493 -0.001618 0.129395 -0.028634 0.991178
1784010283.632688999 1.851385 -0.074171 0.009505 -0.001613 0.129413 -0.028667 0.991175
1784010283.638413906 1.853990 -0.074343 0.009543 -0.001581 0.129440 -0.028692 0.991171
1784010283.642510891 1.855845 -0.074474 0.009582 -0.001527 0.129418 -0.028706 0.991173
1784010283.648514032 1.858559 -0.074668 0.009653 -0.001455 0.129305 -0.028724 0.991188
1784010283.652939081 1.860546 -0.074818 0.009710 -0.001431 0.129200 -0.028749 0.991201
1784010283.658118963 1.862876 -0.074996 0.009779 -0.001430 0.129122 -0.028788 0.991210
1784010283.662817001 1.864992 -0.075164 0.009845 -0.001382 0.129185 -0.028827 0.991200
1784010283.668428898 1.867523 -0.075367 0.009927 -0.001283 0.129326 -0.028861 0.991181
1784010283.672941923 1.869553 -0.075531 0.009984 -0.001270 0.129335 -0.028894 0.991179
1784010283.678426027 1.872019 -0.075732 0.010039 -0.001288 0.129239 -0.028939 0.991190
1784010283.682614088 1.873892 -0.075892 0.010071 -0.001224 0.129193 -0.028961 0.991196
1784010283.688441038 1.876505 -0.076111 0.010100 -0.001135 0.129216 -0.028978 0.991192
1784010283.692816973 1.878465 -0.076274 0.010109 -0.001153 0.129252 -0.029016 0.991186
1784010283.698283911 1.880918 -0.076474 0.010113 -0.001198 0.129272 -0.029054 0.991183
1784010283.702666044 1.882878 -0.076636 0.010113 -0.001211 0.129259 -0.029076 0.991184
1784010283.708435059 1.885460 -0.076847 0.010112 -0.001222 0.129184 -0.029099 0.991193
1784010283.712882042 1.887444 -0.077011 0.010109 -0.001271 0.129111 -0.029125 0.991202
1784010283.718508005 1.889957 -0.077212 0.010105 -0.001372 0.129037 -0.029163 0.991210
1784010283.722675085 1.891815 -0.077360 0.010104 -0.001454 0.129049 -0.029195 0.991207
1784010283.728212118 1.894295 -0.077556 0.010110 -0.001518 0.129155 -0.029234 0.991192
1784010283.728212118 1.894295 -0.077556 0.010110 -0.001518 0.129155 -0.029234 0.991192
1784010283.728480101 1.894418 -0.077565 0.010111 -0.001521 0.129160 -0.029235 0.991192
1784010283.732702971 1.896357 -0.077702 0.010131 -0.001546 0.129203 -0.029254 0.991185
1784010283.738470078 1.899013 -0.077889 0.010159 -0.001567 0.129149 -0.029272 0.991192
1784010283.742424011 1.900829 -0.078022 0.010175 -0.001570 0.129149 -0.029292 0.991191
1784010283.748085976 1.903431 -0.078216 0.010198 -0.001542 0.129226 -0.029313 0.991181
1784010283.752729893 1.905554 -0.078382 0.010211 -0.001520 0.129240 -0.029337 0.991178
1784010283.758269072 1.908088 -0.078585 0.010229 -0.001481 0.129175 -0.029371 0.991186
1784010283.762491941 1.910018 -0.078746 0.010249 -0.001398 0.129168 -0.029388 0.991186
1784010283.768440008 1.912745 -0.078978 0.010288 -0.001251 0.129207 -0.029408 0.991181
1784010283.772941113 1.914799 -0.079159 0.010317 -0.001167 0.129178 -0.029438 0.991184
1784010283.778304100 1.917242 -0.079378 0.010348 -0.001073 0.129074 -0.029476 0.991196
1784010283.782650948 1.919216 -0.079560 0.010371 -0.001000 0.129031 -0.029515 0.991201
1784010283.788250923 1.921770 -0.079795 0.010399 -0.000895 0.129078 -0.029561 0.991193
1784010283.792691946 1.923794 -0.079983 0.010419 -0.000786 0.129138 -0.029592 0.991185
1784010283.798415899 1.926411 -0.080223 0.010439 -0.000686 0.129150 -0.029638 0.991182
1784010283.802629948 1.928329 -0.080401 0.010445 -0.000609 0.129126 -0.029670 0.991184
1784010283.808422089 1.930965 -0.080643 0.010450 -0.000475 0.129067 -0.029706 0.991191
1784010283.812896013 1.932995 -0.080831 0.010447 -0.000389 0.129062 -0.029744 0.991190
1784010283.818665981 1.935616 -0.081066 0.010443 -0.000341 0.129045 -0.029806 0.991191
1784010283.822524071 1.937360 -0.081220 0.010436 -0.000359 0.128993 -0.029851 0.991196
1784010283.828294992 1.939982 -0.081448 0.010431 -0.000399 0.128909 -0.029916 0.991205
1784010283.828294992 1.939982 -0.081448 0.010431 -0.000399 0.128909 -0.029916 0.991205
1784010283.828392029 1.940028 -0.081452 0.010432 -0.000401 0.128907 -0.029917 0.991205
1784010283.832837105 1.942101 -0.081617 0.010451 -0.000380 0.128908 -0.029958 0.991204
1784010283.838445902 1.944716 -0.081822 0.010482 -0.000345 0.128907 -0.030013 0.991202
1784010283.843462944 1.947043 -0.082005 0.010509 -0.000342 0.128832 -0.030069 0.991210
1784010283.848120928 1.949202 -0.082175 0.010540 -0.000325 0.128795 -0.030119 0.991214
1784010283.852536917 1.951251 -0.082336 0.010577 -0.000319 0.128863 -0.030160 0.991204
1784010283.858438969 1.953998 -0.082553 0.010635 -0.000307 0.128892 -0.030214 0.991198
1784010283.862603903 1.955925 -0.082708 0.010672 -0.000288 0.128828 -0.030252 0.991205
1784010283.868110895 1.958474 -0.082914 0.010719 -0.000262 0.128737 -0.030305 0.991216
1784010283.872667074 1.960574 -0.083088 0.010751 -0.000225 0.128692 -0.030347 0.991220
1784010283.878489971 1.963259 -0.083314 0.010784 -0.000157 0.128597 -0.030402 0.991231
1784010283.882832050 1.965257 -0.083486 0.010801 -0.000143 0.128545 -0.030443 0.991236
1784010283.888426065 1.967841 -0.083712 0.010823 -0.000121 0.128536 -0.030502 0.991236
1784010283.892595053 1.969761 -0.083886 0.010834 -0.000096 0.128516 -0.030551 0.991237
1784010283.898436069 1.972454 -0.084134 0.010844 -0.000057 0.128418 -0.030633 0.991247
1784010283.902568102 1.974348 -0.084317 0.010848 0.000031 0.128348 -0.030681 0.991254
1784010283.908476114 1.977064 -0.084576 0.010854 0.000118 0.128313 -0.030757 0.991257
1784010283.912595034 1.978953 -0.084757 0.010855 0.000132 0.128335 -0.030826 0.991252
1784010283.918514013 1.981682 -0.085016 0.010870 0.000167 0.128438 -0.030920 0.991235
1784010283.923235893 1.983857 -0.085226 0.010890 0.000185 0.128536 -0.030983 0.991221
1784010283.928222895 1.986151 -0.085450 0.010918 0.000234 0.128572 -0.031040 0.991214
1784010283.928313017 1.986192 -0.085454 0.010919 0.000235 0.128570 -0.031040 0.991215
1784010283.928313017 1.986192 -0.085454 0.010919 0.000235 0.128570 -0.031040 0.991215
1784010283.932744026 1.988265 -0.085649 0.010968 0.000321 0.128544 -0.031085 0.991217
1784010283.938440084 1.990930 -0.085893 0.011031 0.000354 0.128539 -0.031134 0.991216
1784010283.942400932 1.992780 -0.086060 0.011072 0.000356 0.128597 -0.031173 0.991207
1784010283.948236942 1.995519 -0.086305 0.011133 0.000357 0.128757 -0.031222 0.991185
1784010283.952723026 1.997618 -0.086493 0.011172 0.000305 0.128837 -0.031272 0.991173
1784010283.958255053 2.000202 -0.086725 0.011217 0.000233 0.128818 -0.031325 0.991173
1784010283.962683916 2.002261 -0.086913 0.011245 0.000174 0.128740 -0.031374 0.991182
1784010283.968415022 2.004927 -0.087156 0.011278 0.000049 0.128658 -0.031457 0.991190
1784010283.972433090 2.006793 -0.087327 0.011299 0.000002 0.128672 -0.031517 0.991186
1784010283.978291035 2.009523 -0.087574 0.011338 -0.000083 0.128829 -0.031596 0.991163
1784010283.982719898 2.011582 -0.087761 0.011372 -0.000133 0.128912 -0.031651 0.991151
1784010283.988500118 2.014274 -0.088008 0.011427 -0.000157 0.128903 -0.031688 0.991151
1784010283.992685080 2.016214 -0.088188 0.011471 -0.000137 0.128922 -0.031701 0.991148
1784010283.998451948 2.018883 -0.088441 0.011539 -0.000093 0.128975 -0.031707 0.991141
1784010284.002721071 2.020848 -0.088630 0.011583 -0.000098 0.128962 -0.031724 0.991142
1784010284.008590937 2.023563 -0.088890 0.011643 -0.000155 0.128970 -0.031748 0.991140
1784010284.012386084 2.025316 -0.089062 0.011679 -0.000157 0.129050 -0.031758 0.991129
1784010284.018297911 2.028052 -0.089334 0.011733 -0.000121 0.129130 -0.031768 0.991119
1784010284.022550106 2.030010 -0.089533 0.011761 -0.000112 0.129067 -0.031787 0.991126
1784010284.028367996 2.032692 -0.089811 0.011793 -0.000111 0.128959 -0.031825 0.991139
1784010284.028411150 2.032713 -0.089814 0.011793 -0.000111 0.128959 -0.031825 0.991139
1784010284.028411150 2.032713 -0.089814 0.011793 -0.000111 0.128959 -0.031825 0.991139
1784010284.032819033 2.034796 -0.090028 0.011825 -0.000075 0.128975 -0.031855 0.991136
1784010284.038383007 2.037433 -0.090303 0.011858 -0.000030 0.129047 -0.031897 0.991125
1784010284.042926073 2.039582 -0.090529 0.011879 -0.000004 0.129074 -0.031943 0.991120
1784010284.048191071 2.042080 -0.090792 0.011903 -0.000032 0.128976 -0.032009 0.991131
1784010284.052650928 2.044211 -0.091020 0.011921 -0.000074 0.128833 -0.032071 0.991148
1784010284.058399916 2.046984 -0.091323 0.011951 -0.000005 0.128863 -0.032136 0.991142
1784010284.062819958 2.049105 -0.091557 0.011968 0.000075 0.128951 -0.032183 0.991129
1784010284.068403959 2.051774 -0.091851 0.011968 0.000067 0.128844 -0.032258 0.991140
1784010284.072494030 2.053732 -0.092068 0.011960 0.000073 0.128726 -0.032325 0.991153
1784010284.078443050 2.056620 -0.092393 0.011961 0.000171 0.128942 -0.032401 0.991123
1784010284.082962990 2.058816 -0.092643 0.011971 0.000327 0.129194 -0.032436 0.991089
1784010284.088409901 2.061442 -0.092941 0.011978 0.000440 0.129155 -0.032484 0.991092
1784010284.092796087 2.063546 -0.093181 0.011978 0.000432 0.128981 -0.032535 0.991113
1784010284.098269939 2.066195 -0.093486 0.011996 0.000511 0.129044 -0.032579 0.991103
1784010284.102725029 2.068356 -0.093740 0.012021 0.000634 0.129296 -0.032612 0.991069
1784010284.108294964 2.071061 -0.094058 0.012056 0.000774 0.129376 -0.032658 0.991057
1784010284.112481117 2.073094 -0.094297 0.012078 0.000816 0.129288 -0.032697 0.991068
1784010284.118629932 2.076100 -0.094652 0.012111 0.000914 0.129290 -0.032743 0.991066
1784010284.122596979 2.078026 -0.094885 0.012125 0.001027 0.129334 -0.032777 0.991059
1784010284.128290176 2.080792 -0.095221 0.012132 0.001196 0.129313 -0.032833 0.991059
1784010284.128290176 2.080792 -0.095221 0.012132 0.001196 0.129313 -0.032833 0.991059
1784010284.128413916 2.080854 -0.095228 0.012133 0.001199 0.129313 -0.032834 0.991059
1784010284.132688999 2.082983 -0.095458 0.012145 0.001259 0.129363 -0.032863 0.991052
1784010284.138459921 2.085860 -0.095757 0.012169 0.001241 0.129466 -0.032902 0.991037
1784010284.142777920 2.087999 -0.095984 0.012194 0.001284 0.129383 -0.032920 0.991047
1784010284.147852898 2.090525 -0.096248 0.012240 0.001364 0.129241 -0.032921 0.991066
1784010284.152856112 2.093029 -0.096505 0.012301 0.001372 0.129259 -0.032918 0.991063
1784010284.158173084 2.095687 -0.096774 0.012365 0.001354 0.129254 -0.032916 0.991064
1784010284.162834883 2.098006 -0.097012 0.012411 0.001330 0.129154 -0.032926 0.991077
1784010284.168077946 2.100628 -0.097281 0.012457 0.001329 0.129234 -0.032929 0.991066
1784010284.172837973 2.103016 -0.097531 0.012494 0.001356 0.129437 -0.032939 0.991039
1784010284.178292036 2.105748 -0.097818 0.012520 0.001407 0.129504 -0.032951 0.991030
1784010284.182558060 2.107871 -0.098044 0.012528 0.001423 0.129463 -0.032973 0.991035
1784010284.188486099 2.110837 -0.098351 0.012532 0.001369 0.129662 -0.033014 0.991008
1784010284.192881107 2.113035 -0.098582 0.012531 0.001295 0.129848 -0.033063 0.990982
1784010284.198431969 2.115811 -0.098871 0.012523 0.001191 0.129862 -0.033138 0.990977
1784010284.202543020 2.117859 -0.099087 0.012518 0.001106 0.129805 -0.033202 0.990983
1784010284.208412886 2.120801 -0.099387 0.012512 0.000961 0.129870 -0.033285 0.990972
1784010284.212697983 2.122941 -0.099606 0.012499 0.000831 0.129911 -0.033357 0.990964
1784010284.218431950 2.125812 -0.099892 0.012462 0.000610 0.129896 -0.033462 0.990963
1784010284.222426891 2.127812 -0.100096 0.012431 0.000500 0.130012 -0.033535 0.990945
1784010284.228204966 2.130725 -0.100388 0.012397 0.000424 0.130291 -0.033613 0.990906
1784010284.228338003 2.130792 -0.100395 0.012396 0.000423 0.130293 -0.033614 0.990905
1784010284.228338003 2.130792 -0.100395 0.012396 0.000423 0.130293 -0.033614 0.990905
1784010284.232903004 2.133167 -0.100555 0.012366 0.000430 0.130316 -0.033680 0.990900
1784010284.238409996 2.136046 -0.100742 0.012333 0.000436 0.130304 -0.033738 0.990900
1784010284.242819071 2.138341 -0.100900 0.012313 0.000470 0.130433 -0.033765 0.990882
1784010284.248436928 2.141255 -0.101099 0.012281 0.000502 0.130526 -0.033814 0.990868
1784010284.253135920 2.143678 -0.101278 0.012259 0.000556 0.130515 -0.033856 0.990868
1784010284.258064985 2.146221 -0.101472 0.012256 0.000703 0.130567 -0.033881 0.990860
1784010284.262774944 2.148651 -0.101662 0.012271 0.000797 0.130620 -0.033908 0.990852
1784010284.268311024 2.151507 -0.101880 0.012298 0.000843 0.130474 -0.033945 0.990870
1784010284.272640944 2.153735 -0.102060 0.012325 0.000857 0.130316 -0.033971 0.990890
1784010284.278412104 2.156723 -0.102296 0.012359 0.000816 0.130340 -0.034028 0.990885
1784010284.282886028 2.159036 -0.102491 0.012385 0.000845 0.130452 -0.034077 0.990869
1784010284.288083076 2.161721 -0.102715 0.012406 0.000884 0.130449 -0.034136 0.990867
1784010284.292673111 2.164095 -0.102915 0.012417 0.000835 0.130396 -0.034191 0.990872
1784010284.298521042 2.167133 -0.103166 0.012426 0.000869 0.130395 -0.034244 0.990870
1784010284.302587986 2.169237 -0.103352 0.012427 0.000943 0.130424 -0.034269 0.990865
1784010284.308531046 2.172317 -0.103609 0.012405 0.000970 0.130417 -0.034325 0.990864
1784010284.312618971 2.174430 -0.103791 0.012381 0.000920 0.130445 -0.034376 0.990859
1784010284.318420887 2.177440 -0.104038 0.012341 0.000819 0.130489 -0.034444 0.990851
1784010284.322796106 2.179701 -0.104231 0.012309 0.000801 0.130434 -0.034478 0.990857
1784010284.328318119 2.182564 -0.104464 0.012264 0.000743 0.130310 -0.034523 0.990872
1784010284.328318119 2.182564 -0.104464 0.012264 0.000743 0.130310 -0.034523 0.990872
1784010284.328437090 2.182628 -0.104468 0.012264 0.000742 0.130308 -0.034524 0.990872
1784010284.332427979 2.184752 -0.104616 0.012237 0.000662 0.130299 -0.034566 0.990872
1784010284.338423014 2.187953 -0.104831 0.012196 0.000546 0.130298 -0.034640 0.990869
1784010284.342813015 2.190293 -0.104990 0.012161 0.000453 0.130350 -0.034693 0.990861
1784010284.348382950 2.193275 -0.105195 0.012129 0.000393 0.130511 -0.034755 0.990837
1784010284.353102922 2.195799 -0.105372 0.012108 0.000403 0.130602 -0.034791 0.990824
1784010284.358158112 2.198503 -0.105562 0.012089 0.000385 0.130551 -0.034830 0.990830
1784010284.362642050 2.200895 -0.105734 0.012072 0.000406 0.130513 -0.034854 0.990834
1784010284.368273020 2.203907 -0.105954 0.012054 0.000452 0.130609 -0.034898 0.990819
1784010284.372631073 2.206231 -0.106132 0.012040 0.000500 0.130707 -0.034928 0.990805
1784010284.378396988 2.209311 -0.106372 0.012026 0.000608 0.130699 -0.034973 0.990805
1784010284.382812023 2.211664 -0.106565 0.012018 0.000698 0.130687 -0.035003 0.990805
1784010284.388541937 2.214729 -0.106820 0.012011 0.000853 0.130721 -0.035047 0.990799
1784010284.392477036 2.216824 -0.107001 0.012000 0.000956 0.130743 -0.035082 0.990795
1784010284.398386002 2.219975 -0.107270 0.011973 0.001080 0.130704 -0.035149 0.990798
1784010284.402791977 2.222324 -0.107473 0.011946 0.001144 0.130741 -0.035199 0.990791
1784010284.408278942 2.225264 -0.107728 0.011916 0.001254 0.130926 -0.035270 0.990764
1784010284.412650108 2.227598 -0.107933 0.011890 0.001359 0.131004 -0.035325 0.990751
1784010284.418545961 2.230746 -0.108207 0.011850 0.001485 0.130836 -0.035406 0.990770
1784010284.422662020 2.232937 -0.108400 0.011818 0.001562 0.130737 -0.035471 0.990781
1784010284.428363085 2.235986 -0.108662 0.011776 0.001666 0.130811 -0.035566 0.990768
1784010284.428392172 2.236002 -0.108663 0.011776 0.001666 0.130811 -0.035567 0.990768
1784010284.428392172 2.236002 -0.108663 0.011776 0.001666 0.130811 -0.035567 0.990768
1784010284.432915926 2.238468 -0.108855 0.011753 0.001737 0.130890 -0.035634 0.990755
1784010284.438545942 2.241537 -0.109085 0.011722 0.001705 0.130839 -0.035726 0.990758
1784010284.442595005 2.243742 -0.109251 0.011702 0.001691 0.130796 -0.035786 0.990762
1784010284.448462963 2.246949 -0.109491 0.011687 0.001767 0.130826 -0.035848 0.990755
1784010284.452512980 2.249152 -0.109659 0.011680 0.001839 0.130844 -0.035886 0.990752
1784010284.458288908 2.252297 -0.109893 0.011677 0.001904 0.130855 -0.035944 0.990748
1784010284.462634087 2.254661 -0.110067 0.011680 0.001912 0.130925 -0.035994 0.990737
1784010284.468297005 2.257752 -0.110296 0.011696 0.001945 0.131042 -0.036055 0.990719
1784010284.472707987 2.260152 -0.110481 0.011712 0.002052 0.131065 -0.036102 0.990714
1784010284.478354931 2.263222 -0.110718 0.011732 0.002159 0.130989 -0.036168 0.990722
1784010284.482649088 2.265548 -0.110899 0.011737 0.002206 0.130909 -0.036216 0.990730
1784010284.488379002 2.268657 -0.111139 0.011727 0.002213 0.130838 -0.036291 0.990737
1784010284.492507935 2.270892 -0.111316 0.011708 0.002224 0.130862 -0.036346 0.990732
1784010284.498400927 2.274094 -0.111573 0.011679 0.002326 0.130954 -0.036424 0.990716
1784010284.502545118 2.276339 -0.111760 0.011653 0.002382 0.130966 -0.036481 0.990713
1784010284.508373022 2.279498 -0.112024 0.011616 0.002496 0.130810 -0.036553 0.990730
1784010284.512757063 2.281869 -0.112228 0.011584 0.002614 0.130749 -0.036609 0.990736
1784010284.518294096 2.284873 -0.112486 0.011546 0.002738 0.130878 -0.036681 0.990716
1784010284.522578001 2.287194 -0.112685 0.011514 0.002788 0.131031 -0.036749 0.990693
1784010284.528045177 2.290159 -0.112938 0.011480 0.002793 0.131161 -0.036836 0.990673
1784010284.528045177 2.290159 -0.112938 0.011480 0.002793 0.131161 -0.036836 0.990673
1784010284.528374910 2.290342 -0.112953 0.011480 0.002791 0.131168 -0.036842 0.990671
1784010284.532846928 2.292837 -0.113148 0.011485 0.002842 0.131216 -0.036902 0.990663
1784010284.538419008 2.295953 -0.113394 0.011508 0.002963 0.131289 -0.036956 0.990651
1784010284.542812109 2.298395 -0.113586 0.011525 0.003010 0.131311 -0.037006 0.990646
1784010284.548285961 2.301440 -0.113819 0.011541 0.003027 0.131303 -0.037072 0.990644
1784010284.552443027 2.303746 -0.113997 0.011547 0.003042 0.131302 -0.037122 0.990642
1784010284.558408022 2.307067 -0.114251 0.011554 0.003008 0.131516 -0.037209 0.990611
1784010284.562647104 2.309410 -0.114436 0.011553 0.003020 0.131517 -0.037269 0.990609
1784010284.568453074 2.312618 -0.114683 0.011545 0.002957 0.131301 -0.037368 0.990634
1784010284.572596073 2.314896 -0.114857 0.011531 0.002858 0.131184 -0.037444 0.990647
1784010284.578361034 2.318085 -0.115096 0.011515 0.002731 0.131188 -0.037551 0.990642
1784010284.582621098 2.320436 -0.115275 0.011504 0.002652 0.131291 -0.037634 0.990626
1784010284.588309050 2.323582 -0.115513 0.011503 0.002635 0.131394 -0.037720 0.990609
1784010284.592626095 2.325959 -0.115695 0.011512 0.002623 0.131396 -0.037768 0.990607
1784010284.598527908 2.329219 -0.115943 0.011540 0.002600 0.131321 -0.037820 0.990615
1784010284.602571011 2.331439 -0.116117 0.011565 0.002586 0.131277 -0.037854 0.990619
1784010284.608460903 2.334686 -0.116369 0.011604 0.002593 0.131360 -0.037896 0.990607
1784010284.612704039 2.337014 -0.116552 0.011623 0.002600 0.131426 -0.037925 0.990597
1784010284.618443966 2.340175 -0.116800 0.011646 0.002547 0.131459 -0.037973 0.990591
1784010284.622684956 2.342500 -0.116990 0.011658 0.002511 0.131488 -0.038009 0.990586
1784010284.628257990 2.345563 -0.117242 0.011668 0.002563 0.131390 -0.038040 0.990597
1784010284.628257990 2.345563 -0.117242 0.011668 0.002563 0.131390 -0.038040 0.990597
1784010284.628370047 2.345626 -0.117247 0.011668 0.002564 0.131389 -0.038041 0.990597
1784010284.632798910 2.348080 -0.117442 0.011679 0.002621 0.131332 -0.038067 0.990604
1784010284.638391972 2.351186 -0.117691 0.011680 0.002626 0.131293 -0.038129 0.990607
1784010284.642911911 2.353698 -0.117898 0.011670 0.002636 0.131354 -0.038183 0.990596
1784010284.648374081 2.356740 -0.118151 0.011651 0.002634 0.131452 -0.038261 0.990580
1784010284.652385950 2.358968 -0.118341 0.011633 0.002632 0.131526 -0.038318 0.990568
1784010284.658214092 2.362217 -0.118620 0.011606 0.002628 0.131326 -0.038404 0.990592
1784010284.662659883 2.364697 -0.118837 0.011582 0.002624 0.131175 -0.038469 0.990609
1784010284.668399096 2.367907 -0.119119 0.011552 0.002749 0.131285 -0.038550 0.990591
1784010284.672677040 2.370294 -0.119335 0.011530 0.002842 0.131369 -0.038610 0.990577
1784010284.678354025 2.373468 -0.119623 0.011509 0.002927 0.131401 -0.038704 0.990569
1784010284.682519913 2.375795 -0.119836 0.011497 0.002989 0.131427 -0.038772 0.990563
1784010284.688436031 2.379105 -0.120142 0.011492 0.003111 0.131465 -0.038836 0.990555
1784010284.692612886 2.381436 -0.120363 0.011494 0.003197 0.131495 -0.038880 0.990549
1784010284.698328018 2.384632 -0.120666 0.011500 0.003262 0.131549 -0.038957 0.990538
1784010284.702600002 2.387017 -0.120890 0.011500 0.003310 0.131592 -0.039013 0.990530
1784010284.708311081 2.390210 -0.121192 0.011502 0.003450 0.131677 -0.039084 0.990516
1784010284.712583065 2.392592 -0.121424 0.011503 0.003554 0.131743 -0.039135 0.990505
1784010284.718436956 2.395862 -0.121742 0.011504 0.003703 0.131647 -0.039192 0.990515
1784010284.722734928 2.398259 -0.121975 0.011496 0.003811 0.131579 -0.039232 0.990522
1784010284.728389978 2.401413 -0.122282 0.011481 0.003891 0.131611 -0.039316 0.990514
1784010284.728407145 2.401423 -0.122282 0.011481 0.003892 0.131611 -0.039316 0.990514
1784010284.728407145 2.401423 -0.122282 0.011481 0.003892 0.131611 -0.039316 0.990514
1784010284.732551098 2.403777 -0.122501 0.011479 0.003927 0.131630 -0.039363 0.990509
1784010284.738411903 2.407101 -0.122803 0.011482 0.004007 0.131620 -0.039413 0.990508
1784010284.742721081 2.409526 -0.123019 0.011490 0.004071 0.131618 -0.039451 0.990507
1784010284.748383045 2.412722 -0.123297 0.011517 0.004058 0.131421 -0.039471 0.990532
1784010284.752370119 2.414980 -0.123493 0.011547 0.004054 0.131287 -0.039487 0.990549
1784010284.758059978 2.418216 -0.123769 0.011607 0.004060 0.131339 -0.039501 0.990542
1784010284.762955904 2.420985 -0.124007 0.011658 0.004075 0.131411 -0.039513 0.990532
1784010284.768126011 2.423894 -0.124255 0.011698 0.004043 0.131306 -0.039531 0.990545
1784010284.772666931 2.426449 -0.124472 0.011728 0.003976 0.131209 -0.039559 0.990557
1784010284.778417110 2.429691 -0.124745 0.011753 0.003999 0.131394 -0.039575 0.990532
1784010284.782788038 2.432137 -0.124949 0.011753 0.004022 0.131539 -0.039588 0.990512
1784010284.788414001 2.435271 -0.125205 0.011728 0.003859 0.131389 -0.039654 0.990530
1784010284.792788982 2.437694 -0.125400 0.011690 0.003737 0.131275 -0.039707 0.990543
1784010284.798383951 2.440827 -0.125652 0.011642 0.003571 0.131280 -0.039783 0.990540
1784010284.802632093 2.443220 -0.125851 0.011609 0.003523 0.131475 -0.039830 0.990513
1784010284.808546066 2.446539 -0.126119 0.011555 0.003464 0.131615 -0.039902 0.990492
1784010284.812580109 2.448776 -0.126295 0.011497 0.003279 0.131465 -0.039977 0.990509
1784010284.818470955 2.452061 -0.126551 0.011402 0.002948 0.131297 -0.040103 0.990527
1784010284.822762012 2.454462 -0.126746 0.011336 0.002858 0.131482 -0.040180 0.990500
1784010284.828437090 2.457641 -0.127009 0.011262 0.002873 0.131818 -0.040257 0.990452
1784010284.828437090 2.457641 -0.127009 0.011262 0.002873 0.131818 -0.040257 0.990452
1784010284.828548908 2.457704 -0.127014 0.011261 0.002874 0.131825 -0.040259 0.990451
1784010284.832576990 2.459972 -0.127195 0.011229 0.002846 0.131868 -0.040329 0.990442
1784010284.838382006 2.463239 -0.127448 0.011198 0.002694 0.131736 -0.040416 0.990457
1784010284.842700005 2.465668 -0.127639 0.011184 0.002645 0.131719 -0.040461 0.990457
1784010284.848311901 2.468832 -0.127900 0.011183 0.002735 0.131870 -0.040487 0.990436
1784010284.853423119 2.471705 -0.128147 0.011190 0.002877 0.132016 -0.040502 0.990416
1784010284.858109951 2.474326 -0.128373 0.011198 0.002900 0.132054 -0.040535 0.990409
1784010284.862404108 2.476719 -0.128583 0.011205 0.002888 0.131977 -0.040560 0.990418
1784010284.868352890 2.480044 -0.128883 0.011221 0.003001 0.131893 -0.040570 0.990429
1784010284.872545004 2.482391 -0.129102 0.011232 0.003102 0.132006 -0.040580 0.990413
1784010284.878386021 2.485660 -0.129406 0.011247 0.003111 0.132209 -0.040624 0.990384
1784010284.882960081 2.488200 -0.129646 0.011248 0.003055 0.132184 -0.040676 0.990386
1784010284.888387918 2.491212 -0.129935 0.011247 0.002986 0.132093 -0.040744 0.990395
1784010284.892636061 2.493571 -0.130167 0.011249 0.002987 0.132122 -0.040790 0.990389
1784010284.898245096 2.496690 -0.130470 0.011257 0.003040 0.132132 -0.040824 0.990386
1784010284.902740002 2.499182 -0.130706 0.011252 0.002991 0.132019 -0.040862 0.990400
1784010284.908226967 2.502222 -0.130989 0.011236 0.002857 0.131906 -0.040919 0.990413
1784010284.912648916 2.504674 -0.131220 0.011217 0.002846 0.131918 -0.040949 0.990410
1784010284.918375015 2.507870 -0.131518 0.011187 0.002819 0.131970 -0.040982 0.990402
1784010284.922840118 2.510365 -0.131747 0.011155 0.002745 0.132001 -0.041011 0.990397
1784010284.928174973 2.513336 -0.132015 0.011109 0.002640 0.131987 -0.041041 0.990398
1784010284.928174973 2.513336 -0.132015 0.011109 0.002640 0.131987 -0.041041 0.990398
1784010284.928349972 2.513435 -0.132023 0.011108 0.002638 0.131985 -0.041041 0.990398
1784010284.932652950 2.515847 -0.132225 0.011078 0.002549 0.131940 -0.041060 0.990404
1784010284.938422918 2.519091 -0.132494 0.011035 0.002415 0.131943 -0.041093 0.990402
1784010284.942653894 2.521474 -0.132693 0.011006 0.002353 0.132067 -0.041111 0.990385
1784010284.948077917 2.524530 -0.132947 0.010980 0.002289 0.132232 -0.041138 0.990362
1784010284.952342987 2.526921 -0.133148 0.010965 0.002268 0.132211 -0.041158 0.990364
1784010284.958374977 2.530296 -0.133432 0.010953 0.002226 0.132006 -0.041184 0.990391
1784010284.962558031 2.532637 -0.133633 0.010947 0.002231 0.131909 -0.041188 0.990403
1784010284.968316078 2.535874 -0.133911 0.010944 0.002307 0.131959 -0.041180 0.990397
1784010284.972505093 2.538225 -0.134118 0.010940 0.002331 0.132070 -0.041192 0.990381
1784010284.978055000 2.541327 -0.134394 0.010932 0.002386 0.132108 -0.041197 0.990376
1784010284.982558966 2.543835 -0.134623 0.010922 0.002424 0.132013 -0.041201 0.990388
1784010284.988349915 2.547072 -0.134928 0.010911 0.002551 0.131905 -0.041204 0.990402
1784010284.992805004 2.549567 -0.135169 0.010903 0.002686 0.131989 -0.041202 0.990391
1784010284.998421907 2.552705 -0.135468 0.010886 0.002762 0.132166 -0.041230 0.990366
1784010285.002589941 2.555014 -0.135688 0.010861 0.002772 0.132184 -0.041252 0.990363
1784010285.008382082 2.558214 -0.135993 0.010823 0.002831 0.132085 -0.041284 0.990374
1784010285.012625933 2.560559 -0.136220 0.010799 0.002900 0.132067 -0.041314 0.990375
1784010285.018279076 2.563692 -0.136522 0.010779 0.003082 0.132083 -0.041324 0.990372
1784010285.022624969 2.566096 -0.136752 0.010761 0.003153 0.132034 -0.041351 0.990377
1784010285.028023005 2.569074 -0.137030 0.010730 0.003149 0.131917 -0.041411 0.990390
1784010285.028023005 2.569074 -0.137030 0.010730 0.003149 0.131917 -0.041411 0.990390
1784010285.028388023 2.569277 -0.137048 0.010728 0.003148 0.131910 -0.041416 0.990391
1784010285.032871008 2.571771 -0.137269 0.010703 0.003159 0.131882 -0.041468 0.990393
1784010285.038381100 2.574837 -0.137543 0.010669 0.003220 0.131909 -0.041535 0.990386
1784010285.042757988 2.577271 -0.137761 0.010645 0.003261 0.131908 -0.041584 0.990384
1784010285.048537970 2.580488 -0.138038 0.010623 0.003193 0.131862 -0.041663 0.990387
1784010285.052377939 2.582616 -0.138223 0.010614 0.003167 0.131822 -0.041704 0.990391
1784010285.058129072 2.585800 -0.138498 0.010610 0.003177 0.131800 -0.041771 0.990391
1784010285.062547922 2.588241 -0.138713 0.010612 0.003201 0.131849 -0.041823 0.990382
1784010285.068152905 2.591343 -0.138985 0.010629 0.003248 0.131922 -0.041883 0.990370
1784010285.072634935 2.593818 -0.139202 0.010649 0.003250 0.131974 -0.041935 0.990360
1784010285.078337908 2.596954 -0.139477 0.010675 0.003274 0.131904 -0.041992 0.990367
1784010285.082390070 2.599170 -0.139675 0.010685 0.003286 0.131762 -0.042026 0.990385
1784010285.088376999 2.602459 -0.139969 0.010686 0.003303 0.131640 -0.042079 0.990399
1784010285.092854023 2.604920 -0.140194 0.010675 0.003327 0.131701 -0.042119 0.990389
1784010285.098299026 2.607908 -0.140467 0.010644 0.003332 0.131814 -0.042186 0.990371
1784010285.102559090 2.610231 -0.140684 0.010609 0.003335 0.131788 -0.042245 0.990372
1784010285.108309984 2.613366 -0.140980 0.010558 0.003362 0.131626 -0.042325 0.990390
1784010285.112585068 2.615699 -0.141206 0.010523 0.003439 0.131531 -0.042370 0.990400
1784010285.118170977 2.618761 -0.141501 0.010486 0.003574 0.131612 -0.042427 0.990387
1784010285.122299910 2.621018 -0.141717 0.010460 0.003599 0.131769 -0.042478 0.990363
1784010285.128160000 2.624213 -0.142019 0.010422 0.003525 0.131868 -0.042573 0.990346
1784010285.128160000 2.624213 -0.142019 0.010422 0.003525 0.131868 -0.042573 0.990346
1784010285.128293037 2.624285 -0.142026 0.010422 0.003523 0.131870 -0.042574 0.990346
1784010285.132744074 2.626718 -0.142252 0.010409 0.003504 0.131832 -0.042618 0.990349
1784010285.138320923 2.629774 -0.142542 0.010415 0.003608 0.131870 -0.042647 0.990343
1784010285.142749071 2.632200 -0.142773 0.010429 0.003712 0.131998 -0.042658 0.990325
1784010285.148211002 2.635182 -0.143045 0.010442 0.003694 0.132044 -0.042685 0.990318
1784010285.152545929 2.637542 -0.143255 0.010441 0.003582 0.132025 -0.042724 0.990319
1784010285.158293009 2.640678 -0.143543 0.010439 0.003553 0.132160 -0.042756 0.990299
1784010285.162630081 2.643043 -0.143768 0.010437 0.003628 0.132311 -0.042773 0.990278
1784010285.168298006 2.646118 -0.144056 0.010426 0.003644 0.132280 -0.042811 0.990281
1784010285.172528982 2.648401 -0.144267 0.010409 0.003550 0.132077 -0.042859 0.990306
1784010285.178363085 2.651559 -0.144551 0.010384 0.003373 0.131902 -0.042912 0.990328
1784010285.182554960 2.653837 -0.144759 0.010366 0.003291 0.132001 -0.042953 0.990313
1784010285.188361883 2.656987 -0.145046 0.010346 0.003266 0.132180 -0.042994 0.990287
1784010285.192643881 2.659296 -0.145255 0.010332 0.003181 0.132195 -0.043037 0.990284
1784010285.198368073 2.662375 -0.145531 0.010326 0.003055 0.132085 -0.043079 0.990297
1784010285.202718019 2.664715 -0.145744 0.010334 0.003034 0.132040 -0.043085 0.990303
1784010285.208251953 2.667702 -0.146015 0.010359 0.003035 0.132150 -0.043079 0.990289
1784010285.212671995 2.670086 -0.146231 0.010383 0.003034 0.132299 -0.043066 0.990269
1784010285.218346119 2.673133 -0.146504 0.010407 0.002941 0.132384 -0.043068 0.990258
1784010285.222368956 2.675282 -0.146699 0.010415 0.002878 0.132360 -0.043068 0.990261
1784010285.228257895 2.678427 -0.146993 0.010422 0.002857 0.132289 -0.043069 0.990271
1784010285.228441000 2.678525 -0.147002 0.010422 0.002857 0.132288 -0.043069 0.990271
1784010285.228441000 2.678525 -0.147002 0.010422 0.002857 0.132288 -0.043069 0.990271
1784010285.232471943 2.680696 -0.147201 0.010432 0.002871 0.132270 -0.043081 0.990273
1784010285.238322973 2.683854 -0.147488 0.010434 0.002829 0.132208 -0.043104 0.990280
1784010285.242985010 2.686368 -0.147718 0.010421 0.002755 0.132178 -0.043133 0.990283
1784010285.248200893 2.689180 -0.147979 0.010399 0.002712 0.132185 -0.043169 0.990281
1784010285.252752066 2.691640 -0.148213 0.010375 0.002696 0.132158 -0.043203 0.990283
1784010285.257880926 2.694430 -0.148481 0.010345 0.002682 0.132086 -0.043242 0.990291
1784010285.262943029 2.697190 -0.148747 0.010314 0.002673 0.132062 -0.043284 0.990292
1784010285.268075943 2.699981 -0.149015 0.010276 0.002648 0.132039 -0.043322 0.990294
1784010285.272706985 2.702496 -0.149259 0.010236 0.002619 0.132012 -0.043362 0.990296
1784010285.278235912 2.705500 -0.149553 0.010191 0.002668 0.132106 -0.043409 0.990281
1784010285.282757998 2.707951 -0.149796 0.010161 0.002749 0.132249 -0.043428 0.990261
1784010285.288233995 2.710916 -0.150088 0.010137 0.002838 0.132265 -0.043454 0.990257
1784010285.292470932 2.713216 -0.150316 0.010127 0.002869 0.132192 -0.043474 0.990266
1784010285.298374891 2.716442 -0.150635 0.010131 0.002891 0.132202 -0.043486 0.990264
1784010285.302719116 2.718813 -0.150875 0.010135 0.002933 0.132256 -0.043495 0.990256
1784010285.308346033 2.721870 -0.151187 0.010127 0.002996 0.132235 -0.043521 0.990258
1784010285.312616110 2.724187 -0.151427 0.010113 0.003035 0.132210 -0.043547 0.990260
1784010285.318362951 2.727323 -0.151751 0.010097 0.003088 0.132301 -0.043577 0.990246
1784010285.322540045 2.729605 -0.151992 0.010083 0.003179 0.132378 -0.043590 0.990235
1784010285.328305006 2.732746 -0.152324 0.010061 0.003354 0.132352 -0.043604 0.990238
1784010285.328305006 2.732746 -0.152324 0.010061 0.003354 0.132352 -0.043604 0.990238
1784010285.328330994 2.732760 -0.152325 0.010061 0.003354 0.132351 -0.043604 0.990238
1784010285.332329035 2.734953 -0.152544 0.010057 0.003366 0.132316 -0.043641 0.990241
1784010285.338509083 2.738350 -0.152881 0.010059 0.003350 0.132285 -0.043697 0.990242
1784010285.342401028 2.740486 -0.153098 0.010063 0.003406 0.132292 -0.043724 0.990240
1784010285.348368883 2.743762 -0.153427 0.010084 0.003467 0.132341 -0.043765 0.990232
1784010285.352646112 2.746096 -0.153660 0.010106 0.003497 0.132307 -0.043786 0.990235
1784010285.358338118 2.749197 -0.153963 0.010139 0.003457 0.132075 -0.043814 0.990265
1784010285.362478971 2.751456 -0.154182 0.010163 0.003419 0.131938 -0.043835 0.990282
1784010285.368283987 2.754645 -0.154491 0.010210 0.003446 0.132077 -0.043844 0.990263
1784010285.372725010 2.757079 -0.154730 0.010244 0.003472 0.132246 -0.043854 0.990240
1784010285.378504038 2.760224 -0.155031 0.010269 0.003391 0.132122 -0.043883 0.990256
1784010285.382477045 2.762376 -0.155238 0.010272 0.003308 0.131939 -0.043906 0.990280
1784010285.388353109 2.765588 -0.155545 0.010281 0.003257 0.131973 -0.043922 0.990274
1784010285.392596960 2.767919 -0.155769 0.010283 0.003225 0.132182 -0.043930 0.990246
1784010285.398190975 2.770980 -0.156057 0.010273 0.003111 0.132290 -0.043966 0.990231
1784010285.402498007 2.773317 -0.156275 0.010251 0.002965 0.132195 -0.044010 0.990242
1784010285.408318996 2.776482 -0.156573 0.010220 0.002810 0.132133 -0.044070 0.990248
1784010285.412606955 2.778820 -0.156799 0.010198 0.002759 0.132195 -0.044111 0.990238
1784010285.418268919 2.781915 -0.157090 0.010168 0.002646 0.132298 -0.044178 0.990222
1784010285.422596931 2.784276 -0.157307 0.010137 0.002462 0.132325 -0.044245 0.990215
1784010285.428309202 2.787390 -0.157589 0.010091 0.002183 0.132336 -0.044338 0.990210
1784010285.428309202 2.787390 -0.157589 0.010091 0.002183 0.132336 -0.044338 0.990210
1784010285.428339958 2.787407 -0.157591 0.010091 0.002181 0.132335 -0.044338 0.990210
1784010285.432591915 2.789741 -0.157799 0.010068 0.002062 0.132348 -0.044373 0.990207
1784010285.438353062 2.792912 -0.158086 0.010049 0.002021 0.132435 -0.044406 0.990194
1784010285.442749977 2.795331 -0.158306 0.010042 0.001980 0.132533 -0.044419 0.990181
1784010285.448137999 2.798285 -0.158570 0.010039 0.001860 0.132520 -0.044426 0.990182
1784010285.452759981 2.800815 -0.158799 0.010041 0.001780 0.132426 -0.044422 0.990195
1784010285.458154917 2.803782 -0.159075 0.010055 0.001793 0.132476 -0.044391 0.990190
1784010285.462652922 2.806251 -0.159315 0.010077 0.001906 0.132640 -0.044352 0.990170
1784010285.468159914 2.809253 -0.159610 0.010102 0.001958 0.132639 -0.044326 0.990171
1784010285.472562075 2.811636 -0.159847 0.010117 0.001936 0.132467 -0.044314 0.990195
1784010285.478388071 2.814808 -0.160164 0.010148 0.001933 0.132375 -0.044284 0.990208
1784010285.482585907 2.817105 -0.160399 0.010175 0.001936 0.132527 -0.044267 0.990189
1784010285.488404989 2.820280 -0.160727 0.010213 0.001955 0.132689 -0.044248 0.990168
1784010285.492521048 2.822505 -0.160957 0.010231 0.001878 0.132633 -0.044255 0.990175
1784010285.498369932 2.825667 -0.161282 0.010257 0.001672 0.132432 -0.044271 0.990201
1784010285.502331018 2.827811 -0.161507 0.010278 0.001644 0.132379 -0.044268 0.990209
1784010285.508271933 2.831033 -0.161846 0.010316 0.001697 0.132436 -0.044247 0.990202
1784010285.512684107 2.833418 -0.162091 0.010337 0.001666 0.132412 -0.044242 0.990205
1784010285.518513918 2.836571 -0.162404 0.010352 0.001486 0.132217 -0.044233 0.990232
1784010285.522561073 2.838761 -0.162621 0.010353 0.001361 0.132135 -0.044223 0.990244
1784010285.528094053 2.841754 -0.162923 0.010350 0.001325 0.132126 -0.044191 0.990246
1784010285.528094053 2.841754 -0.162923 0.010350 0.001325 0.132126 -0.044191 0.990246
1784010285.528359890 2.841899 -0.162938 0.010351 0.001325 0.132127 -0.044190 0.990246
1784010285.532525063 2.844161 -0.163160 0.010355 0.001320 0.132110 -0.044186 0.990249
1784010285.538336992 2.847319 -0.163460 0.010350 0.001174 0.131977 -0.044201 0.990266
1784010285.542942047 2.849824 -0.163694 0.010341 0.001036 0.131895 -0.044201 0.990277
1784010285.547926903 2.852548 -0.163946 0.010335 0.000915 0.131951 -0.044206 0.990270
1784010285.552618980 2.855113 -0.164185 0.010334 0.000828 0.132103 -0.044218 0.990249
1784010285.558176041 2.858139 -0.164472 0.010337 0.000778 0.132108 -0.044229 0.990248
1784010285.563344955 2.860939 -0.164740 0.010340 0.000685 0.131935 -0.044246 0.990270
1784010285.568022966 2.863474 -0.164986 0.010351 0.000628 0.131809 -0.044269 0.990286
1784010285.572791100 2.866066 -0.165243 0.010376 0.000681 0.131820 -0.044277 0.990284
1784010285.578121901 2.868970 -0.165530 0.010414 0.000716 0.131876 -0.044275 0.990277
1784010285.582734108 2.871473 -0.165779 0.010446 0.000720 0.131802 -0.044284 0.990286
1784010285.588344097 2.874507 -0.166088 0.010484 0.000774 0.131630 -0.044289 0.990309
1784010285.592696905 2.876856 -0.166334 0.010511 0.000838 0.131579 -0.044291 0.990315
1784010285.598459959 2.879972 -0.166665 0.010546 0.000977 0.131570 -0.044285 0.990317
1784010285.602382898 2.882093 -0.166890 0.010562 0.001018 0.131548 -0.044292 0.990319
1784010285.608344078 2.885322 -0.167228 0.010581 0.000989 0.131523 -0.044327 0.990321
1784010285.612620115 2.887635 -0.167474 0.010586 0.001022 0.131542 -0.044336 0.990318
1784010285.618345022 2.890728 -0.167807 0.010591 0.001130 0.131543 -0.044353 0.990317
1784010285.622400999 2.892913 -0.168045 0.010589 0.001209 0.131491 -0.044369 0.990323
1784010285.628165007 2.896018 -0.168379 0.010590 0.001317 0.131376 -0.044396 0.990337
1784010285.628165007 2.896018 -0.168379 0.010590 0.001317 0.131376 -0.044396 0.990337
1784010285.628355980 2.896121 -0.168389 0.010591 0.001319 0.131373 -0.044397 0.990338
1784010285.632656097 2.898458 -0.168622 0.010609 0.001338 0.131307 -0.044406 0.990346
1784010285.638320923 2.901550 -0.168927 0.010637 0.001359 0.131272 -0.044420 0.990350
1784010285.642796993 2.903989 -0.169168 0.010658 0.001386 0.131288 -0.044437 0.990347
1784010285.648363113 2.907010 -0.169465 0.010681 0.001390 0.131210 -0.044471 0.990356
1784010285.652607918 2.909302 -0.169689 0.010691 0.001362 0.131059 -0.044495 0.990375
1784010285.658369064 2.912424 -0.169990 0.010709 0.001261 0.130934 -0.044534 0.990389
1784010285.662278891 2.914545 -0.170196 0.010725 0.001229 0.130964 -0.044554 0.990385
1784010285.668468952 2.917907 -0.170517 0.010763 0.001200 0.131012 -0.044576 0.990377
1784010285.672609091 2.920147 -0.170733 0.010789 0.001157 0.131004 -0.044596 0.990378
1784010285.678313017 2.923234 -0.171028 0.010837 0.001089 0.131009 -0.044623 0.990376
1784010285.682648897 2.925574 -0.171255 0.010879 0.001096 0.131039 -0.044635 0.990371
1784010285.688328028 2.928632 -0.171552 0.010940 0.001163 0.130984 -0.044635 0.990379
1784010285.692487001 2.930863 -0.171769 0.010981 0.001139 0.130872 -0.044647 0.990393
1784010285.698352098 2.934022 -0.172073 0.011038 0.001047 0.130747 -0.044673 0.990408
1784010285.702903032 2.936475 -0.172315 0.011074 0.001033 0.130747 -0.044689 0.990408
1784010285.708355904 2.939408 -0.172608 0.011102 0.001020 0.130766 -0.044702 0.990404
1784010285.712445974 2.941594 -0.172829 0.011107 0.000989 0.130691 -0.044724 0.990413
1784010285.718379974 2.944768 -0.173152 0.011104 0.000952 0.130497 -0.044755 0.990438
1784010285.722470999 2.946957 -0.173380 0.011100 0.000972 0.130410 -0.044780 0.990448
1784010285.728051186 2.949954 -0.173691 0.011099 0.001037 0.130439 -0.044800 0.990443
1784010285.728051186 2.949954 -0.173691 0.011099 0.001037 0.130439 -0.044800 0.990443
1784010285.728331089 2.950105 -0.173707 0.011100 0.001041 0.130440 -0.044802 0.990443
1784010285.732559919 2.952379 -0.173936 0.011112 0.001085 0.130499 -0.044828 0.990434
1784010285.738325119 2.955475 -0.174246 0.011133 0.001059 0.130525 -0.044877 0.990428
1784010285.742855072 2.957899 -0.174491 0.011152 0.001037 0.130501 -0.044921 0.990430
1784010285.747890949 2.960590 -0.174769 0.011187 0.001091 0.130478 -0.044961 0.990431
1784010285.752708912 2.963166 -0.175034 0.011232 0.001144 0.130522 -0.044999 0.990423
1784010285.758307934 2.966161 -0.175333 0.011289 0.001112 0.130560 -0.045036 0.990416
1784010285.762303114 2.968298 -0.175543 0.011326 0.001043 0.130572 -0.045066 0.990413
1784010285.767997980 2.971342 -0.175843 0.011375 0.000998 0.130674 -0.045105 0.990398
1784010285.772717953 2.973856 -0.176097 0.011408 0.001035 0.130756 -0.045132 0.990386
1784010285.778327942 2.976832 -0.176395 0.011434 0.001014 0.130693 -0.045166 0.990393
1784010285.782556057 2.979070 -0.176615 0.011445 0.000932 0.130550 -0.045202 0.990410
1784010285.788099051 2.982011 -0.176900 0.011458 0.000823 0.130465 -0.045242 0.990420
1784010285.792455912 2.984321 -0.177124 0.011466 0.000720 0.130555 -0.045282 0.990406
1784010285.798304081 2.987404 -0.177424 0.011474 0.000630 0.130594 -0.045338 0.990399
1784010285.802522898 2.989608 -0.177641 0.011479 0.000556 0.130500 -0.045382 0.990409
1784010285.808309078 2.992632 -0.177935 0.011514 0.000464 0.130285 -0.045427 0.990435
1784010285.812504053 2.994852 -0.178149 0.011560 0.000403 0.130129 -0.045436 0.990455
1784010285.818476915 2.998054 -0.178453 0.011653 0.000288 0.130388 -0.045435 0.990421
1784010285.822540045 3.000213 -0.178662 0.011718 0.000323 0.130570 -0.045420 0.990398
1784010285.828132153 3.003142 -0.178945 0.011774 0.000346 0.130343 -0.045388 0.990430
1784010285.828132153 3.003142 -0.178945 0.011774 0.000346 0.130343 -0.045388 0.990430
1784010285.828334093 3.003248 -0.178955 0.011775 0.000347 0.130334 -0.045387 0.990431
1784010285.832550049 3.005467 -0.179160 0.011808 0.000230 0.130106 -0.045415 0.990459
1784010285.838332891 3.008541 -0.179453 0.011871 0.000249 0.130293 -0.045405 0.990435
1784010285.842575073 3.010800 -0.179675 0.011921 0.000341 0.130534 -0.045381 0.990405
1784010285.848021984 3.013672 -0.179954 0.011964 0.000250 0.130439 -0.045406 0.990416
1784010285.852580070 3.016054 -0.180187 0.011982 0.000118 0.130079 -0.045434 0.990462
1784010285.858293056 3.019060 -0.180489 0.012004 0.000055 0.129820 -0.045465 0.990495
1784010285.863325119 3.021735 -0.180763 0.012025 0.000042 0.129905 -0.045499 0.990482
1784010285.868201017 3.024327 -0.181032 0.012040 0.000110 0.129984 -0.045514 0.990471
1784010285.872546911 3.026621 -0.181270 0.012048 0.000045 0.129891 -0.045552 0.990481
1784010285.878164053 3.029580 -0.181582 0.012053 -0.000110 0.129534 -0.045610 0.990525
1784010285.882541895 3.031886 -0.181833 0.012052 -0.000232 0.129257 -0.045656 0.990559
1784010285.888331890 3.034956 -0.182169 0.012062 -0.000121 0.129446 -0.045680 0.990534
1784010285.892632961 3.037258 -0.182419 0.012083 -0.000041 0.129589 -0.045698 0.990514
1784010285.898327112 3.040296 -0.182746 0.012110 -0.000030 0.129481 -0.045713 0.990528
1784010285.902620077 3.042555 -0.182991 0.012115 -0.000024 0.129402 -0.045726 0.990537
1784010285.908296108 3.045548 -0.183326 0.012135 0.000122 0.129361 -0.045737 0.990542
1784010285.912648916 3.047873 -0.183601 0.012177 0.000232 0.129331 -0.045746 0.990546
1784010285.918165922 3.050818 -0.183951 0.012235 0.000219 0.129482 -0.045780 0.990524
1784010285.922477961 3.053094 -0.184212 0.012262 0.000207 0.129602 -0.045807 0.990507
1784010285.928052187 3.056030 -0.184554 0.012293 0.000277 0.129305 -0.045849 0.990544
1784010285.928052187 3.056030 -0.184554 0.012293 0.000277 0.129305 -0.045849 0.990544
1784010285.928258896 3.056140 -0.184566 0.012295 0.000277 0.129295 -0.045851 0.990546
1784010285.932760000 3.058552 -0.184846 0.012345 0.000288 0.129076 -0.045885 0.990572
1784010285.938333035 3.061545 -0.185197 0.012404 0.000498 0.129260 -0.045921 0.990547
1784010285.942440033 3.063747 -0.185453 0.012437 0.000659 0.129394 -0.045948 0.990528
1784010285.948267937 3.066872 -0.185815 0.012483 0.000465 0.129278 -0.046049 0.990538
1784010285.952619076 3.069200 -0.186092 0.012518 0.000327 0.129190 -0.046125 0.990546
1784010285.958312035 3.072246 -0.186456 0.012572 0.000549 0.129221 -0.046176 0.990540
1784010285.963346004 3.074931 -0.186770 0.012624 0.000641 0.129199 -0.046229 0.990540
1784010285.968470097 3.077658 -0.187074 0.012683 0.000525 0.129097 -0.046289 0.990551
1784010285.972363949 3.079724 -0.187296 0.012733 0.000442 0.129019 -0.046336 0.990559
1784010285.978441000 3.082961 -0.187641 0.012824 0.000412 0.129019 -0.046378 0.990557
1784010285.982534885 3.085149 -0.187885 0.012884 0.000401 0.129018 -0.046408 0.990556
1784010285.988284111 3.088217 -0.188223 0.012963 0.000398 0.129014 -0.046433 0.990555
1784010285.992572069 3.090484 -0.188466 0.013003 0.000403 0.129010 -0.046452 0.990555
1784010285.998323917 3.093532 -0.188788 0.013047 0.000241 0.128910 -0.046503 0.990565
1784010286.002634048 3.095833 -0.189035 0.013073 0.000126 0.128834 -0.046543 0.990573
1784010286.008131027 3.098793 -0.189355 0.013102 0.000055 0.129083 -0.046600 0.990538
1784010286.012665987 3.101237 -0.189624 0.013116 0.000002 0.129287 -0.046649 0.990509
1784010286.018161058 3.104195 -0.189948 0.013129 -0.000208 0.129136 -0.046750 0.990524
1784010286.022538900 3.106552 -0.190207 0.013136 -0.000370 0.129014 -0.046831 0.990536
1784010286.028231144 3.109620 -0.190541 0.013145 -0.000485 0.129147 -0.046947 0.990513
1784010286.028231144 3.109620 -0.190541 0.013145 -0.000485 0.129147 -0.046947 0.990513
1784010286.028362989 3.109692 -0.190548 0.013146 -0.000486 0.129149 -0.046950 0.990513
1784010286.032762051 3.112081 -0.190801 0.013165 -0.000515 0.129220 -0.047053 0.990499
1784010286.038326025 3.115109 -0.191119 0.013190 -0.000630 0.129185 -0.047195 0.990497
1784010286.042994022 3.117653 -0.191384 0.013211 -0.000729 0.129159 -0.047314 0.990494
1784010286.048146963 3.120466 -0.191676 0.013239 -0.000845 0.129175 -0.047444 0.990486
1784010286.052679062 3.122937 -0.191938 0.013269 -0.000861 0.129208 -0.047545 0.990477
1784010286.058157921 3.125919 -0.192258 0.013311 -0.000815 0.129207 -0.047655 0.990471
1784010286.062244892 3.128140 -0.192498 0.013345 -0.000828 0.129235 -0.047737 0.990464
1784010286.067848921 3.131191 -0.192827 0.013404 -0.000835 0.129292 -0.047843 0.990451
1784010286.072693110 3.133827 -0.193117 0.013463 -0.000766 0.129308 -0.047908 0.990446
1784010286.078239918 3.136843 -0.193457 0.013539 -0.000599 0.129320 -0.047976 0.990442
1784010286.082531929 3.139167 -0.193725 0.013596 -0.000482 0.129324 -0.048031 0.990438
1784010286.088009119 3.142125 -0.194070 0.013664 -0.000412 0.129221 -0.048114 0.990448
1784010286.092427969 3.144509 -0.194354 0.013713 -0.000344 0.129147 -0.048187 0.990454
1784010286.098278046 3.147675 -0.194736 0.013782 -0.000207 0.129255 -0.048282 0.990435
1784010286.102926016 3.150189 -0.195042 0.013833 -0.000151 0.129390 -0.048370 0.990413
1784010286.108167887 3.153015 -0.195387 0.013887 -0.000144 0.129339 -0.048488 0.990414
1784010286.112509966 3.155350 -0.195674 0.013931 -0.000179 0.129228 -0.048589 0.990424
1784010286.118351936 3.158492 -0.196065 0.014003 -0.000126 0.129180 -0.048715 0.990424
1784010286.122546911 3.160746 -0.196348 0.014059 -0.000072 0.129182 -0.048801 0.990419
1784010286.127992153 3.163669 -0.196709 0.014127 -0.000096 0.129093 -0.048932 0.990424
1784010286.127992153 3.163669 -0.196709 0.014127 -0.000096 0.129093 -0.048932 0.990424
1784010286.128168106 3.163764 -0.196721 0.014129 -0.000097 0.129092 -0.048935 0.990424
1784010286.132273912 3.165982 -0.196985 0.014188 -0.000135 0.129008 -0.048991 0.990433
1784010286.138304949 3.169253 -0.197372 0.014272 -0.000155 0.128969 -0.049047 0.990435
1784010286.142971992 3.171784 -0.197671 0.014324 -0.000180 0.128983 -0.049097 0.990431
1784010286.148350954 3.174693 -0.198012 0.014366 -0.000209 0.128921 -0.049152 0.990436
1784010286.152679920 3.177031 -0.198284 0.014382 -0.000293 0.128868 -0.049200 0.990440
1784010286.158237934 3.180042 -0.198632 0.014397 -0.000395 0.128914 -0.049255 0.990432
1784010286.162365913 3.182281 -0.198892 0.014406 -0.000410 0.129001 -0.049292 0.990419
1784010286.167486906 3.185067 -0.199213 0.014420 -0.000492 0.129126 -0.049340 0.990400
1784010286.172535896 3.187808 -0.199528 0.014439 -0.000598 0.129210 -0.049398 0.990386
1784010286.178143978 3.190839 -0.199883 0.014470 -0.000641 0.129171 -0.049452 0.990388
1784010286.182682991 3.193285 -0.200175 0.014503 -0.000658 0.129102 -0.049504 0.990395
1784010286.188255072 3.196298 -0.200539 0.014564 -0.000624 0.129135 -0.049562 0.990387
1784010286.192538977 3.198615 -0.200821 0.014621 -0.000573 0.129214 -0.049596 0.990376
1784010286.198244095 3.201699 -0.201200 0.014698 -0.000543 0.129210 -0.049635 0.990374
1784010286.202704906 3.204106 -0.201503 0.014754 -0.000505 0.129180 -0.049679 0.990376
1784010286.208393097 3.207175 -0.201901 0.014825 -0.000396 0.129253 -0.049731 0.990364
1784010286.212373972 3.209317 -0.202185 0.014868 -0.000290 0.129295 -0.049772 0.990356
1784010286.218342066 3.212545 -0.202613 0.014920 -0.000235 0.129260 -0.049844 0.990357
1784010286.222665071 3.214896 -0.202927 0.014950 -0.000185 0.129350 -0.049911 0.990342
1784010286.228136063 3.217872 -0.203327 0.014980 -0.000058 0.129630 -0.049976 0.990302
1784010286.228296041 3.217959 -0.203338 0.014981 -0.000055 0.129634 -0.049978 0.990302
1784010286.228296041 3.217959 -0.203338 0.014981 -0.000055 0.129634 -0.049978 0.990302
1784010286.232300997 3.220131 -0.203630 0.015005 -0.000015 0.129708 -0.050078 0.990287
1784010286.238296986 3.223374 -0.204070 0.015033 0.000057 0.129568 -0.050245 0.990297
1784010286.242928028 3.225884 -0.204412 0.015058 0.000156 0.129569 -0.050366 0.990290
1784010286.248249054 3.228776 -0.204801 0.015094 0.000243 0.129752 -0.050503 0.990259
1784010286.252595901 3.231132 -0.205116 0.015123 0.000326 0.129785 -0.050614 0.990249
1784010286.258311987 3.234222 -0.205522 0.015161 0.000356 0.129654 -0.050763 0.990259
1784010286.262383938 3.236427 -0.205810 0.015188 0.000319 0.129597 -0.050878 0.990261
1784010286.267431021 3.239168 -0.206173 0.015227 0.000390 0.129640 -0.051010 0.990248
1784010286.272896051 3.242127 -0.206570 0.015269 0.000510 0.129738 -0.051147 0.990228
1784010286.278296947 3.245035 -0.206956 0.015302 0.000474 0.129767 -0.051315 0.990216
1784010286.282519102 3.247304 -0.207256 0.015324 0.000421 0.129710 -0.051440 0.990217
1784010286.288474083 3.250523 -0.207688 0.015368 0.000388 0.129759 -0.051614 0.990201
1784010286.292531013 3.252726 -0.207989 0.015407 0.000435 0.129962 -0.051723 0.990169
1784010286.298301935 3.255842 -0.208418 0.015469 0.000532 0.130192 -0.051886 0.990130
1784010286.302680969 3.258188 -0.208740 0.015510 0.000512 0.130120 -0.052025 0.990132
1784010286.308263063 3.261180 -0.209154 0.015565 0.000477 0.129955 -0.052212 0.990144
1784010286.312637091 3.263534 -0.209487 0.015615 0.000524 0.130023 -0.052352 0.990128
1784010286.318156004 3.266505 -0.209911 0.015679 0.000623 0.130242 -0.052525 0.990090
1784010286.322546005 3.268859 -0.210245 0.015714 0.000612 0.130222 -0.052680 0.990084
1784010286.328217983 3.271898 -0.210676 0.015743 0.000482 0.130069 -0.052891 0.990093
1784010286.328217983 3.271898 -0.210676 0.015743 0.000482 0.130069 -0.052891 0.990093
1784010286.328398943 3.271995 -0.210690 0.015743 0.000478 0.130063 -0.052898 0.990094
1784010286.332283974 3.274079 -0.210996 0.015750 0.000504 0.130045 -0.053025 0.990089
1784010286.338308096 3.277306 -0.211480 0.015753 0.000660 0.130167 -0.053205 0.990063
1784010286.342993021 3.279813 -0.211855 0.015748 0.000725 0.130205 -0.053359 0.990050
1784010286.347982883 3.282487 -0.212251 0.015737 0.000684 0.130211 -0.053537 0.990040
1784010286.352909088 3.285137 -0.212646 0.015729 0.000634 0.130332 -0.053707 0.990015
1784010286.358081102 3.287918 -0.213074 0.015728 0.000752 0.130521 -0.053878 0.989980
1784010286.362756014 3.290421 -0.213466 0.015732 0.000908 0.130593 -0.054033 0.989962
1784010286.368345022 3.293405 -0.213930 0.015731 0.000893 0.130573 -0.054246 0.989953
1784010286.372924089 3.295855 -0.214308 0.015732 0.000815 0.130610 -0.054430 0.989938
1784010286.378125906 3.298645 -0.214743 0.015742 0.000819 0.130819 -0.054631 0.989900
1784010286.382700920 3.301103 -0.215129 0.015754 0.000849 0.131032 -0.054805 0.989862
1784010286.388035059 3.303961 -0.215578 0.015762 0.000799 0.131122 -0.055023 0.989838
1784010286.392791986 3.306499 -0.215979 0.015763 0.000753 0.131066 -0.055217 0.989835
1784010286.398133039 3.309343 -0.216432 0.015760 0.000774 0.131042 -0.055430 0.989826
1784010286.402246952 3.311536 -0.216782 0.015758 0.000797 0.131112 -0.055605 0.989807
1784010286.408328056 3.314784 -0.217296 0.015748 0.000702 0.131225 -0.055881 0.989776
1784010286.412727118 3.317134 -0.217668 0.015741 0.000605 0.131250 -0.056083 0.989761
1784010286.418454885 3.320191 -0.218158 0.015738 0.000535 0.131277 -0.056333 0.989744
1784010286.422547102 3.322371 -0.218511 0.015742 0.000514 0.131321 -0.056504 0.989728
1784010286.428263187 3.325407 -0.219006 0.015749 0.000462 0.131308 -0.056747 0.989716
1784010286.428263187 3.325407 -0.219006 0.015749 0.000462 0.131308 -0.056747 0.989716
1784010286.428441048 3.325501 -0.219021 0.015749 0.000461 0.131307 -0.056755 0.989716
1784010286.432485104 3.327648 -0.219358 0.015758 0.000432 0.131282 -0.056928 0.989709
1784010286.438347101 3.330767 -0.219844 0.015784 0.000407 0.131414 -0.057171 0.989678
1784010286.442476034 3.332968 -0.220190 0.015810 0.000404 0.131564 -0.057329 0.989649
1784010286.448283911 3.336059 -0.220679 0.015849 0.000414 0.131606 -0.057556 0.989630
1784010286.452408075 3.338248 -0.221032 0.015873 0.000432 0.131550 -0.057711 0.989628
1784010286.458251953 3.341341 -0.221533 0.015896 0.000421 0.131480 -0.057953 0.989623
1784010286.462537050 3.343607 -0.221905 0.015899 0.000387 0.131482 -0.058142 0.989612
1784010286.468250990 3.346638 -0.222402 0.015887 0.000331 0.131501 -0.058409 0.989594
1784010286.472903967 3.349112 -0.222812 0.015864 0.000291 0.131542 -0.058628 0.989575
1784010286.478101969 3.351876 -0.223274 0.015830 0.000263 0.131543 -0.058868 0.989561
1784010286.482747078 3.354344 -0.223692 0.015790 0.000247 0.131485 -0.059088 0.989556
1784010286.488102913 3.357191 -0.224178 0.015739 0.000246 0.131379 -0.059343 0.989554
1784010286.492471933 3.359525 -0.224578 0.015696 0.000239 0.131350 -0.059548 0.989546
1784010286.498245955 3.362626 -0.225108 0.015639 0.000221 0.131439 -0.059817 0.989518
1784010286.502698898 3.365021 -0.225520 0.015597 0.000256 0.131565 -0.060011 0.989489
1784010286.508085966 3.367914 -0.226019 0.015546 0.000287 0.131630 -0.060239 0.989467
1784010286.512553930 3.370313 -0.226439 0.015505 0.000321 0.131654 -0.060420 0.989453
1784010286.518353939 3.373423 -0.226997 0.015468 0.000524 0.131774 -0.060644 0.989423
1784010286.522527933 3.375655 -0.227408 0.015447 0.000704 0.131906 -0.060803 0.989395
1784010286.528037071 3.378601 -0.227949 0.015422 0.000844 0.132022 -0.061029 0.989366
1784010286.528037071 3.378601 -0.227949 0.015422 0.000844 0.132022 -0.061029 0.989366
1784010286.528340101 3.378763 -0.227978 0.015422 0.000849 0.132031 -0.061041 0.989364
1784010286.532500982 3.380980 -0.228373 0.015415 0.000858 0.132109 -0.061210 0.989343
1784010286.538327932 3.384078 -0.228932 0.015412 0.000878 0.132181 -0.061447 0.989319
1784010286.542530060 3.386311 -0.229344 0.015406 0.000950 0.132172 -0.061618 0.989309
1784010286.548285961 3.389366 -0.229911 0.015394 0.001041 0.132124 -0.061869 0.989300
1784010286.552433014 3.391576 -0.230321 0.015375 0.001054 0.132129 -0.062063 0.989287
1784010286.558316946 3.394726 -0.230907 0.015344 0.001090 0.132272 -0.062335 0.989251
1784010286.562645912 3.397049 -0.231346 0.015319 0.001209 0.132446 -0.062528 0.989215
1784010286.568402052 3.400124 -0.231930 0.015281 0.001371 0.132596 -0.062786 0.989179
1784010286.572511911 3.402318 -0.232348 0.015249 0.001472 0.132620 -0.062971 0.989163
1784010286.577894926 3.405186 -0.232895 0.015215 0.001562 0.132716 -0.063213 0.989135
1784010286.582530022 3.407649 -0.233365 0.015193 0.001634 0.132873 -0.063419 0.989101
1784010286.588284969 3.410704 -0.233947 0.015177 0.001693 0.133024 -0.063685 0.989063
1784010286.592663050 3.413032 -0.234391 0.015171 0.001713 0.133083 -0.063889 0.989042
1784010286.598267078 3.416007 -0.234958 0.015170 0.001676 0.133117 -0.064151 0.989021
1784010286.602281094 3.418137 -0.235368 0.015166 0.001706 0.133096 -0.064327 0.989012
1784010286.608109951 3.421227 -0.235958 0.015148 0.001680 0.133109 -0.064596 0.988993
1784010286.612261057 3.423434 -0.236377 0.015119 0.001604 0.133181 -0.064799 0.988970
1784010286.618459940 3.426730 -0.237001 0.015060 0.001491 0.133330 -0.065099 0.988930
1784010286.622519016 3.428895 -0.237417 0.015009 0.001456 0.133449 -0.065303 0.988901
1784010286.628132105 3.431887 -0.237993 0.014935 0.001421 0.133625 -0.065580 0.988859
1784010286.628189087 3.431917 -0.237999 0.014935 0.001419 0.133627 -0.065583 0.988858
1784010286.628189087 3.431917 -0.237999 0.014935 0.001419 0.133627 -0.065583 0.988858
1784010286.632555008 3.434266 -0.238433 0.014890 0.001401 0.133646 -0.065822 0.988840
1784010286.638283968 3.437349 -0.239002 0.014824 0.001319 0.133674 -0.066144 0.988815
1784010286.642704010 3.439723 -0.239441 0.014769 0.001241 0.133772 -0.066412 0.988784
1784010286.648258924 3.442709 -0.239996 0.014706 0.001175 0.133879 -0.066752 0.988746
1784010286.652586937 3.445049 -0.240434 0.014664 0.001124 0.133912 -0.067019 0.988724
1784010286.658077955 3.448024 -0.240993 0.014627 0.001076 0.133990 -0.067346 0.988691
1784010286.662533998 3.450427 -0.241449 0.014604 0.001116 0.134018 -0.067587 0.988671
1784010286.668109894 3.453420 -0.242017 0.014571 0.001096 0.133939 -0.067898 0.988660
1784010286.673253059 3.456184 -0.242546 0.014541 0.001063 0.133957 -0.068190 0.988638
1784010286.678287983 3.458893 -0.243074 0.014524 0.001146 0.134152 -0.068456 0.988593
1784010286.682492018 3.461150 -0.243522 0.014519 0.001282 0.134299 -0.068668 0.988558
1784010286.688112974 3.464162 -0.244123 0.014520 0.001432 0.134318 -0.068962 0.988535
1784010286.692667961 3.466604 -0.244613 0.014521 0.001521 0.134318 -0.069189 0.988519
1784010286.698146105 3.469538 -0.245211 0.014519 0.001649 0.134417 -0.069468 0.988486
1784010286.702636957 3.471939 -0.245710 0.014506 0.001802 0.134546 -0.069708 0.988451
1784010286.708323956 3.474981 -0.246349 0.014479 0.001994 0.134748 -0.070024 0.988401
1784010286.712342024 3.477132 -0.246802 0.014450 0.002051 0.134903 -0.070255 0.988363
1784010286.718254089 3.480285 -0.247468 0.014402 0.002101 0.134906 -0.070597 0.988338
1784010286.722556114 3.482573 -0.247958 0.014363 0.002195 0.134806 -0.070832 0.988335
1784010286.728269100 3.485626 -0.248606 0.014318 0.002288 0.134768 -0.071157 0.988316
1784010286.728269100 3.485626 -0.248606 0.014318 0.002288 0.134768 -0.071157 0.988316
1784010286.728363037 3.485677 -0.248616 0.014318 0.002290 0.134768 -0.071161 0.988316
1784010286.732480049 3.487898 -0.249058 0.014302 0.002278 0.134865 -0.071378 0.988287
1784010286.738215923 3.490988 -0.249668 0.014286 0.002211 0.134986 -0.071682 0.988249
1784010286.742501974 3.493281 -0.250124 0.014275 0.002221 0.134969 -0.071907 0.988235
1784010286.748306036 3.496384 -0.250734 0.014260 0.002211 0.134802 -0.072195 0.988236
1784010286.752656937 3.498720 -0.251188 0.014245 0.002111 0.134733 -0.072428 0.988229
1784010286.758259058 3.501729 -0.251772 0.014229 0.002133 0.134798 -0.072693 0.988201
1784010286.762422085 3.503959 -0.252207 0.014211 0.002182 0.134878 -0.072885 0.988176
1784010286.768066883 3.506988 -0.252789 0.014179 0.002075 0.134942 -0.073171 0.988146
1784010286.772245884 3.509248 -0.253222 0.014151 0.001986 0.134904 -0.073372 0.988136
1784010286.778289080 3.512544 -0.253860 0.014121 0.001970 0.135022 -0.073629 0.988101
1784010286.782490015 3.514828 -0.254313 0.014102 0.002059 0.135171 -0.073808 0.988067
1784010286.788150072 3.517877 -0.254917 0.014068 0.002204 0.135061 -0.074023 0.988066
1784010286.792578936 3.520273 -0.255386 0.014033 0.002071 0.134862 -0.074228 0.988078
1784010286.798244953 3.523378 -0.255998 0.014016 0.002004 0.135087 -0.074485 0.988028
1784010286.802351952 3.525630 -0.256459 0.014027 0.002204 0.135447 -0.074639 0.987967
1784010286.808346987 3.528877 -0.257131 0.014048 0.002507 0.135474 -0.074883 0.987944
1784010286.812645912 3.531195 -0.257611 0.014053 0.002509 0.135146 -0.075081 0.987974
1784010286.817928076 3.534071 -0.258199 0.014062 0.002499 0.134973 -0.075317 0.987979
1784010286.822518110 3.536587 -0.258715 0.014069 0.002610 0.135254 -0.075479 0.987928
1784010286.828173161 3.539674 -0.259345 0.014066 0.002864 0.135429 -0.075680 0.987888
1784010286.828173161 3.539674 -0.259345 0.014066 0.002864 0.135429 -0.075680 0.987888
1784010286.828303099 3.539745 -0.259359 0.014066 0.002869 0.135433 -0.075683 0.987888
1784010286.832488060 3.542039 -0.259799 0.014062 0.002866 0.135330 -0.075795 0.987893
1784010286.838263035 3.545252 -0.260404 0.014053 0.002783 0.135234 -0.075949 0.987895
1784010286.842544079 3.547643 -0.260854 0.014042 0.002941 0.135402 -0.076010 0.987866
1784010286.848227024 3.550786 -0.261434 0.013997 0.003199 0.135511 -0.076079 0.987845
1784010286.852691889 3.553245 -0.261873 0.013935 0.003248 0.135534 -0.076151 0.987837
1784010286.858283997 3.556336 -0.262403 0.013860 0.003259 0.135692 -0.076236 0.987808
1784010286.862364054 3.558593 -0.262781 0.013813 0.003252 0.135836 -0.076279 0.987785
1784010286.868285894 3.561873 -0.263324 0.013764 0.003403 0.135743 -0.076297 0.987796
1784010286.872458935 3.564191 -0.263705 0.013744 0.003552 0.135804 -0.076298 0.987787
1784010286.877377987 3.566912 -0.264142 0.013722 0.003524 0.135931 -0.076330 0.987767
1784010286.882642984 3.569800 -0.264607 0.013687 0.003584 0.135677 -0.076341 0.987801
1784010286.888109922 3.572813 -0.265094 0.013647 0.003658 0.135437 -0.076389 0.987830
1784010286.892539024 3.575279 -0.265494 0.013623 0.003760 0.135838 -0.076400 0.987774
1784010286.898267984 3.578442 -0.266007 0.013592 0.003924 0.136232 -0.076408 0.987718
1784010286.902398109 3.580688 -0.266369 0.013548 0.003913 0.135959 -0.076426 0.987755
1784010286.908404112 3.583964 -0.266895 0.013490 0.003851 0.135508 -0.076441 0.987815
1784010286.912487030 3.586215 -0.267262 0.013469 0.003965 0.135823 -0.076430 0.987773
1784010286.918241024 3.589377 -0.267769 0.013447 0.004102 0.136377 -0.076407 0.987698
1784010286.922523975 3.591697 -0.268135 0.013420 0.004105 0.136274 -0.076408 0.987712
1784010286.928173065 3.594750 -0.268605 0.013400 0.004082 0.135896 -0.076373 0.987767
1784010286.928173065 3.594750 -0.268605 0.013400 0.004082 0.135896 -0.076373 0.987767
1784010286.928425074 3.594888 -0.268626 0.013400 0.004079 0.135879 -0.076371 0.987769
1784010286.932501078 3.597127 -0.268967 0.013416 0.004062 0.135866 -0.076326 0.987774
1784010286.938255072 3.600313 -0.269453 0.013446 0.004237 0.136080 -0.076219 0.987752
1784010286.942673922 3.602747 -0.269818 0.013457 0.004353 0.136188 -0.076161 0.987742
1784010286.948093891 3.605710 -0.270245 0.013439 0.004161 0.136183 -0.076114 0.987747
1784010286.952450991 3.608089 -0.270583 0.013412 0.004068 0.136095 -0.076059 0.987763
1784010286.958292961 3.611308 -0.271041 0.013385 0.004163 0.136097 -0.075898 0.987775
1784010286.962503910 3.613643 -0.271368 0.013370 0.004310 0.136364 -0.075767 0.987748
1784010286.968311071 3.616841 -0.271796 0.013343 0.004371 0.136630 -0.075587 0.987725
1784010286.972560883 3.619159 -0.272091 0.013302 0.004184 0.136514 -0.075492 0.987749
1784010286.977430105 3.621822 -0.272424 0.013254 0.004006 0.136370 -0.075366 0.987779
1784010286.982743979 3.624759 -0.272795 0.013223 0.004031 0.136616 -0.075183 0.987759
1784010286.987948895 3.627638 -0.273152 0.013207 0.004153 0.136995 -0.074974 0.987722
1784010286.992537975 3.630150 -0.273445 0.013183 0.004033 0.136923 -0.074824 0.987743
1784010286.998271942 3.633276 -0.273787 0.013144 0.003688 0.136558 -0.074624 0.987810
1784010287.002433062 3.635560 -0.274035 0.013124 0.003580 0.136618 -0.074459 0.987815
1784010287.008364916 3.638834 -0.274393 0.013122 0.003699 0.137147 -0.074160 0.987764
1784010287.012588024 3.641151 -0.274638 0.013122 0.003767 0.137315 -0.073947 0.987756
1784010287.017996073 3.644094 -0.274931 0.013118 0.003549 0.137055 -0.073679 0.987813
1784010287.022722960 3.646667 -0.275178 0.013118 0.003332 0.136834 -0.073439 0.987862
1784010287.028024912 3.649574 -0.275459 0.013129 0.003223 0.136937 -0.073135 0.987871
1784010287.028272152 3.649710 -0.275472 0.013130 0.003224 0.136949 -0.073121 0.987870
1784010287.028272152 3.649710 -0.275472 0.013130 0.003224 0.136949 -0.073121 0.987870
1784010287.032568932 3.652078 -0.275701 0.013148 0.003288 0.137119 -0.072920 0.987861
1784010287.038321972 3.655231 -0.275991 0.013160 0.003169 0.137121 -0.072683 0.987879
1784010287.042836905 3.657692 -0.276207 0.013162 0.002962 0.136946 -0.072497 0.987918
1784010287.048068047 3.660556 -0.276458 0.013174 0.002866 0.136765 -0.072247 0.987961
1784010287.052333117 3.662903 -0.276668 0.013188 0.002881 0.136839 -0.072029 0.987967
1784010287.058288097 3.666172 -0.276958 0.013202 0.002913 0.136995 -0.071732 0.987967
1784010287.062588930 3.668517 -0.277159 0.013196 0.002815 0.136909 -0.071538 0.987993
1784010287.068258047 3.671606 -0.277417 0.013173 0.002541 0.136719 -0.071304 0.988037
1784010287.072756052 3.674059 -0.277627 0.013154 0.002450 0.136746 -0.071107 0.988048
1784010287.077826023 3.676817 -0.277868 0.013132 0.002534 0.136781 -0.070854 0.988061
1784010287.082575083 3.679396 -0.278088 0.013100 0.002470 0.136587 -0.070641 0.988103
1784010287.088224888 3.682477 -0.278342 0.013057 0.002265 0.136306 -0.070412 0.988159
1784010287.092360020 3.684745 -0.278531 0.013031 0.002209 0.136344 -0.070221 0.988167
1784010287.098254919 3.687981 -0.278810 0.012995 0.002261 0.136554 -0.069936 0.988158
1784010287.102521896 3.690314 -0.279013 0.012963 0.002315 0.136539 -0.069722 0.988175
1784010287.108222961 3.693426 -0.279282 0.012918 0.002292 0.136305 -0.069433 0.988228
1784010287.112623930 3.695840 -0.279491 0.012890 0.002257 0.136233 -0.069210 0.988254
1784010287.117978096 3.698792 -0.279754 0.012874 0.002365 0.136429 -0.068914 0.988247
1784010287.122546911 3.701307 -0.279982 0.012865 0.002513 0.136645 -0.068650 0.988235
1784010287.128173113 3.704382 -0.280259 0.012846 0.002605 0.136598 -0.068336 0.988263
1784010287.128173113 3.704382 -0.280259 0.012846 0.002605 0.136598 -0.068336 0.988263
1784010287.128237009 3.704417 -0.280262 0.012846 0.002603 0.136598 -0.068332 0.988264
1784010287.132500887 3.706746 -0.280467 0.012838 0.002606 0.136609 -0.068098 0.988278
1784010287.138266087 3.709901 -0.280749 0.012833 0.002592 0.136539 -0.067801 0.988308
1784010287.142744064 3.712363 -0.280975 0.012833 0.002680 0.136632 -0.067566 0.988311
1784010287.148377895 3.715453 -0.281250 0.012818 0.002667 0.136659 -0.067301 0.988326
1784010287.152255058 3.717566 -0.281431 0.012787 0.002668 0.136677 -0.067119 0.988336
1784010287.158258915 3.720843 -0.281712 0.012736 0.002633 0.136567 -0.066852 0.988369
1784010287.162610054 3.723228 -0.281923 0.012705 0.002754 0.136678 -0.066638 0.988368
1784010287.168052912 3.726218 -0.282183 0.012671 0.002903 0.136815 -0.066359 0.988367
1784010287.172641039 3.728734 -0.282392 0.012637 0.002884 0.136808 -0.066137 0.988383
1784010287.177345991 3.731307 -0.282593 0.012596 0.002863 0.136802 -0.065909 0.988399
1784010287.182393074 3.734060 -0.282801 0.012550 0.002759 0.136774 -0.065664 0.988420
1784010287.188050032 3.737144 -0.283030 0.012508 0.002812 0.136878 -0.065370 0.988425
1784010287.192533016 3.739587 -0.283209 0.012483 0.002863 0.136959 -0.065138 0.988429
1784010287.198046923 3.742591 -0.283423 0.012458 0.002689 0.136825 -0.064858 0.988466
1784010287.202327967 3.744921 -0.283583 0.012436 0.002562 0.136720 -0.064641 0.988495
1784010287.208273888 3.748162 -0.283799 0.012401 0.002407 0.136764 -0.064346 0.988509
1784010287.212585926 3.750515 -0.283957 0.012364 0.002306 0.136796 -0.064132 0.988518
1784010287.218137980 3.753546 -0.284155 0.012305 0.002137 0.136786 -0.063862 0.988538
1784010287.222490072 3.755917 -0.284305 0.012242 0.002013 0.136778 -0.063650 0.988553
1784010287.228154182 3.759011 -0.284495 0.012149 0.001767 0.136803 -0.063388 0.988567
1784010287.228154182 3.759011 -0.284495 0.012149 0.001767 0.136803 -0.063388 0.988567
1784010287.228240013 3.759059 -0.284498 0.012149 0.001764 0.136801 -0.063383 0.988567
1784010287.232474089 3.761406 -0.284647 0.012100 0.001630 0.136774 -0.063162 0.988585
1784010287.238245964 3.764607 -0.284849 0.012032 0.001472 0.136855 -0.062861 0.988593
1784010287.242836952 3.767141 -0.285008 0.011974 0.001347 0.136927 -0.062627 0.988599
1784010287.248388052 3.770202 -0.285195 0.011911 0.001222 0.136878 -0.062326 0.988625
1784010287.252463102 3.772447 -0.285325 0.011871 0.001131 0.136851 -0.062110 0.988642
1784010287.258210897 3.775619 -0.285504 0.011832 0.001020 0.136783 -0.061760 0.988673
1784010287.262783051 3.778143 -0.285642 0.011810 0.000933 0.136736 -0.061487 0.988697
1784010287.268017054 3.781030 -0.285802 0.011795 0.000853 0.136738 -0.061158 0.988717
1784010287.272423983 3.783451 -0.285940 0.011784 0.000785 0.136744 -0.060885 0.988733
1784010287.278199911 3.786624 -0.286125 0.011774 0.000792 0.136650 -0.060503 0.988770
1784010287.282284975 3.788866 -0.286255 0.011763 0.000797 0.136594 -0.060239 0.988794
1784010287.288166046 3.792103 -0.286444 0.011744 0.000905 0.136666 -0.059818 0.988809
1784010287.292654037 3.794578 -0.286584 0.011720 0.000987 0.136729 -0.059502 0.988819
1784010287.298022985 3.797541 -0.286752 0.011682 0.001030 0.136859 -0.059123 0.988824
1784010287.302320957 3.799906 -0.286887 0.011640 0.001050 0.136945 -0.058838 0.988829
1784010287.308218956 3.803153 -0.287074 0.011584 0.001023 0.136906 -0.058467 0.988857
1784010287.312694073 3.805618 -0.287211 0.011542 0.001003 0.136886 -0.058192 0.988876
1784010287.318276882 3.808699 -0.287376 0.011498 0.000910 0.136799 -0.057825 0.988909
1784010287.322597980 3.811087 -0.287494 0.011466 0.000839 0.136740 -0.057545 0.988934
1784010287.327882051 3.814001 -0.287631 0.011430 0.000715 0.136741 -0.057210 0.988953
1784010287.327882051 3.814001 -0.287631 0.011430 0.000715 0.136741 -0.057210 0.988953
1784010287.328093052 3.814118 -0.287636 0.011430 0.000712 0.136743 -0.057198 0.988954
1784010287.332550049 3.816582 -0.287749 0.011416 0.000653 0.136686 -0.056944 0.988976
1784010287.338207006 3.819709 -0.287886 0.011402 0.000559 0.136610 -0.056604 0.989006
1784010287.342292070 3.821971 -0.287980 0.011395 0.000486 0.136555 -0.056360 0.989028
1784010287.348221064 3.825265 -0.288109 0.011391 0.000441 0.136519 -0.055973 0.989055
1784010287.352628946 3.827711 -0.288195 0.011378 0.000372 0.136457 -0.055675 0.989080
1784010287.358282089 3.830847 -0.288295 0.011343 0.000201 0.136397 -0.055285 0.989110
1784010287.362513065 3.833190 -0.288366 0.011303 0.000083 0.136405 -0.054987 0.989126
1784010287.368266106 3.836383 -0.288461 0.011243 -0.000017 0.136462 -0.054578 0.989141
1784010287.372366905 3.838662 -0.288529 0.011198 -0.000096 0.136509 -0.054296 0.989150
1784010287.378206968 3.841928 -0.288626 0.011144 -0.000219 0.136580 -0.053890 0.989162
1784010287.382642031 3.844408 -0.288699 0.011106 -0.000320 0.136620 -0.053583 0.989173
1784010287.388396025 3.847610 -0.288799 0.011066 -0.000367 0.136561 -0.053173 0.989203
1784010287.392441034 3.849853 -0.288873 0.011042 -0.000358 0.136491 -0.052886 0.989229
1784010287.398221016 3.853075 -0.288980 0.011028 -0.000372 0.136526 -0.052493 0.989245
1784010287.402344942 3.855377 -0.289056 0.011026 -0.000366 0.136611 -0.052203 0.989248
1784010287.408250093 3.858667 -0.289166 0.011030 -0.000311 0.136609 -0.051777 0.989271
1784010287.412513971 3.861035 -0.289246 0.011027 -0.000292 0.136519 -0.051487 0.989299
1784010287.418256044 3.864234 -0.289357 0.011017 -0.000305 0.136492 -0.051091 0.989323
1784010287.422653913 3.866684 -0.289444 0.010998 -0.000267 0.136547 -0.050786 0.989331
1784010287.428039074 3.869683 -0.289547 0.010960 -0.000183 0.136647 -0.050422 0.989336
1784010287.428039074 3.869683 -0.289547 0.010960 -0.000183 0.136647 -0.050422 0.989336
1784010287.428225994 3.869788 -0.289550 0.010959 -0.000181 0.136650 -0.050410 0.989336
1784010287.432482958 3.872180 -0.289619 0.010932 -0.000221 0.136740 -0.050133 0.989338
1784010287.438252926 3.875425 -0.289708 0.010893 -0.000266 0.136785 -0.049760 0.989350
1784010287.442492008 3.877807 -0.289778 0.010862 -0.000208 0.136725 -0.049481 0.989373
1784010287.448210955 3.881026 -0.289871 0.010828 -0.000110 0.136711 -0.049119 0.989392
1784010287.452194929 3.883264 -0.289932 0.010804 -0.000036 0.136737 -0.048858 0.989402
1784010287.457892895 3.886465 -0.290008 0.010764 -0.000041 0.136653 -0.048487 0.989432
1784010287.462560892 3.889085 -0.290066 0.010726 -0.000098 0.136513 -0.048203 0.989465
1784010287.468012094 3.892152 -0.290136 0.010691 -0.000049 0.136430 -0.047855 0.989493
1784010287.472599983 3.894738 -0.290198 0.010668 0.000016 0.136444 -0.047552 0.989506
1784010287.478287935 3.897942 -0.290267 0.010637 0.000025 0.136363 -0.047190 0.989534
1784010287.482426882 3.900265 -0.290315 0.010606 -0.000019 0.136256 -0.046926 0.989562
1784010287.488257885 3.903543 -0.290378 0.010570 -0.000066 0.136276 -0.046542 0.989577
1784010287.492559910 3.905963 -0.290426 0.010551 -0.000060 0.136406 -0.046257 0.989572
1784010287.498092890 3.909076 -0.290488 0.010543 -0.000029 0.136451 -0.045892 0.989583
1784010287.502609968 3.911616 -0.290540 0.010545 -0.000010 0.136374 -0.045595 0.989608
1784010287.508095980 3.914700 -0.290600 0.010558 0.000029 0.136335 -0.045229 0.989630
1784010287.512233019 3.917016 -0.290644 0.010563 0.000035 0.136317 -0.044958 0.989645
1784010287.518219948 3.920368 -0.290704 0.010559 -0.000006 0.136205 -0.044582 0.989677
1784010287.522614002 3.922830 -0.290749 0.010546 -0.000044 0.136135 -0.044312 0.989699
1784010287.528154135 3.925945 -0.290806 0.010525 -0.000085 0.136146 -0.043978 0.989712
1784010287.528154135 3.925945 -0.290806 0.010525 -0.000085 0.136146 -0.043978 0.989712
1784010287.528274059 3.926013 -0.290807 0.010525 -0.000087 0.136145 -0.043971 0.989713
1784010287.532444954 3.928376 -0.290852 0.010515 -0.000065 0.136119 -0.043694 0.989728
1784010287.538208008 3.931631 -0.290909 0.010487 -0.000059 0.136016 -0.043317 0.989759
1784010287.542718887 3.934171 -0.290948 0.010451 -0.000122 0.135948 -0.043023 0.989781
1784010287.547836065 3.937058 -0.290992 0.010408 -0.000173 0.135955 -0.042688 0.989795
1784010287.552314043 3.939589 -0.291033 0.010377 -0.000170 0.136065 -0.042399 0.989792
1784010287.558167934 3.942903 -0.291086 0.010352 -0.000165 0.136207 -0.042011 0.989789
1784010287.562345982 3.945261 -0.291120 0.010339 -0.000210 0.136226 -0.041745 0.989798
1784010287.568221092 3.948564 -0.291165 0.010328 -0.000327 0.136110 -0.041371 0.989829
1784010287.572702885 3.951078 -0.291197 0.010323 -0.000400 0.136079 -0.041087 0.989846
1784010287.578212023 3.954181 -0.291234 0.010324 -0.000492 0.136227 -0.040742 0.989839
1784010287.582375050 3.956530 -0.291259 0.010324 -0.000579 0.136366 -0.040483 0.989831
1784010287.588114023 3.959767 -0.291290 0.010322 -0.000698 0.136405 -0.040117 0.989840
1784010287.592479944 3.962219 -0.291314 0.010315 -0.000763 0.136358 -0.039844 0.989858
1784010287.598206043 3.965426 -0.291344 0.010298 -0.000870 0.136258 -0.039487 0.989886
1784010287.602309942 3.967720 -0.291363 0.010277 -0.000964 0.136189 -0.039239 0.989905
1784010287.608222008 3.971032 -0.291380 0.010245 -0.001183 0.136170 -0.038896 0.989921
1784010287.612643957 3.973513 -0.291388 0.010223 -0.001377 0.136228 -0.038639 0.989923
1784010287.618374109 3.976727 -0.291399 0.010207 -0.001559 0.136273 -0.038286 0.989930
1784010287.622198105 3.978863 -0.291406 0.010201 -0.001636 0.136221 -0.038038 0.989947
1784010287.628083944 3.982144 -0.291414 0.010203 -0.001753 0.136081 -0.037639 0.989981
1784010287.628174067 3.982195 -0.291415 0.010204 -0.001756 0.136081 -0.037632 0.989981
1784010287.628174067 3.982195 -0.291415 0.010204 -0.001756 0.136081 -0.037632 0.989981
1784010287.632514000 3.984643 -0.291419 0.010222 -0.001806 0.136076 -0.037331 0.989993
1784010287.638240099 3.987886 -0.291422 0.010251 -0.001893 0.136242 -0.036932 0.989985
1784010287.642663956 3.990394 -0.291425 0.010273 -0.001955 0.136380 -0.036623 0.989978
1784010287.648222923 3.993538 -0.291430 0.010296 -0.002005 0.136405 -0.036232 0.989988
1784010287.652507067 3.995952 -0.291436 0.010302 -0.002044 0.136312 -0.035932 0.990012
1784010287.658087015 3.999094 -0.291444 0.010293 -0.002084 0.136163 -0.035545 0.990046
1784010287.662281990 4.001458 -0.291449 0.010272 -0.002157 0.136146 -0.035264 0.990059
1784010287.668189049 4.004797 -0.291457 0.010232 -0.002269 0.136239 -0.034881 0.990059
1784010287.672532082 4.007252 -0.291466 0.010195 -0.002310 0.136270 -0.034602 0.990065
1784010287.678061008 4.010381 -0.291479 0.010144 -0.002354 0.136190 -0.034247 0.990088
1784010287.683211088 4.013294 -0.291493 0.010093 -0.002358 0.136058 -0.033909 0.990118
1784010287.688318014 4.016179 -0.291503 0.010041 -0.002378 0.135933 -0.033572 0.990146
1784010287.692382097 4.018476 -0.291507 0.009997 -0.002442 0.135877 -0.033317 0.990162
1784010287.698231936 4.021799 -0.291515 0.009944 -0.002480 0.135927 -0.032939 0.990168
1784010287.702614069 4.024297 -0.291525 0.009913 -0.002446 0.136053 -0.032648 0.990160
1784010287.708250999 4.027511 -0.291536 0.009882 -0.002348 0.136160 -0.032248 0.990159
1784010287.712419987 4.029878 -0.291541 0.009860 -0.002300 0.136135 -0.031947 0.990172
1784010287.718220949 4.033167 -0.291545 0.009833 -0.002253 0.136053 -0.031522 0.990197
1784010287.722201109 4.035424 -0.291547 0.009815 -0.002247 0.136076 -0.031236 0.990203
1784010287.727946043 4.038695 -0.291554 0.009795 -0.002218 0.136218 -0.030830 0.990197
1784010287.727946043 4.038695 -0.291554 0.009795 -0.002218 0.136218 -0.030830 0.990197
1784010287.728343964 4.038923 -0.291554 0.009795 -0.002221 0.136229 -0.030803 0.990196
1784010287.732428074 4.041265 -0.291555 0.009794 -0.002229 0.136337 -0.030516 0.990190
1784010287.738178968 4.044556 -0.291556 0.009792 -0.002264 0.136352 -0.030120 0.990200
1784010287.742552996 4.047052 -0.291556 0.009780 -0.002315 0.136255 -0.029821 0.990222
1784010287.748157978 4.050248 -0.291556 0.009756 -0.002364 0.136128 -0.029437 0.990251
1784010287.752576113 4.052770 -0.291557 0.009733 -0.002379 0.136145 -0.029144 0.990257
1784010287.758209944 4.055993 -0.291555 0.009708 -0.002432 0.136258 -0.028775 0.990252
1784010287.762558937 4.058481 -0.291552 0.009693 -0.002472 0.136287 -0.028488 0.990257
1784010287.767925024 4.061547 -0.291543 0.009686 -0.002545 0.136220 -0.028134 0.990276
1784010287.772444010 4.064122 -0.291533 0.009690 -0.002620 0.136149 -0.027824 0.990294
1784010287.778037071 4.067300 -0.291516 0.009705 -0.002707 0.136082 -0.027429 0.990314
1784010287.783958912 4.070663 -0.291489 0.009724 -0.002837 0.136045 -0.027006 0.990330
1784010287.788176060 4.073061 -0.291465 0.009735 -0.002956 0.136091 -0.026717 0.990332
1784010287.792370081 4.075451 -0.291440 0.009747 -0.003042 0.136178 -0.026416 0.990327
1784010287.798113108 4.078720 -0.291402 0.009755 -0.003167 0.136248 -0.025993 0.990329
1784010287.802438021 4.081172 -0.291372 0.009746 -0.003265 0.136217 -0.025683 0.990341
1784010287.808188915 4.084427 -0.291328 0.009716 -0.003466 0.136149 -0.025287 0.990360
1784010287.812510967 4.086880 -0.291292 0.009679 -0.003647 0.136193 -0.025010 0.990360
1784010287.818237066 4.090144 -0.291241 0.009626 -0.003891 0.136404 -0.024652 0.990339
1784010287.822254896 4.092436 -0.291205 0.009583 -0.004035 0.136531 -0.024405 0.990327
1784010287.827974081 4.095687 -0.291147 0.009515 -0.004296 0.136538 -0.024051 0.990334
1784010287.828183174 4.095805 -0.291144 0.009513 -0.004305 0.136533 -0.024039 0.990334
1784010287.828183174 4.095805 -0.291144 0.009513 -0.004305 0.136533 -0.024039 0.990334
1784010287.832442999 4.098236 -0.291092 0.009471 -0.004451 0.136413 -0.023780 0.990357
1784010287.838213921 4.101537 -0.291017 0.009410 -0.004679 0.136396 -0.023427 0.990366
1784010287.842612982 4.104062 -0.290956 0.009361 -0.004872 0.136545 -0.023175 0.990351
1784010287.848059893 4.107192 -0.290878 0.009303 -0.005050 0.136733 -0.022845 0.990332
1784010287.852534056 4.109760 -0.290809 0.009257 -0.005190 0.136791 -0.022565 0.990329
1784010287.858266115 4.113046 -0.290719 0.009207 -0.005334 0.136788 -0.022176 0.990338
1784010287.862474918 4.115452 -0.290654 0.009175 -0.005366 0.136790 -0.021875 0.990344
1784010287.868256092 4.118755 -0.290563 0.009141 -0.005447 0.136826 -0.021451 0.990348
1784010287.872328997 4.121083 -0.290498 0.009123 -0.005505 0.136880 -0.021156 0.990346
1784010287.878077030 4.124371 -0.290408 0.009119 -0.005576 0.136964 -0.020724 0.990344
1784010287.883054972 4.127213 -0.290335 0.009131 -0.005611 0.136951 -0.020347 0.990353
1784010287.888209105 4.130142 -0.290265 0.009151 -0.005622 0.136809 -0.019951 0.990380
1784010287.892560959 4.132607 -0.290205 0.009170 -0.005681 0.136688 -0.019629 0.990403
1784010287.898004055 4.135691 -0.290131 0.009197 -0.005779 0.136653 -0.019236 0.990415
1784010287.902614117 4.138306 -0.290070 0.009220 -0.005824 0.136708 -0.018907 0.990414
1784010287.908358097 4.141573 -0.289993 0.009247 -0.005905 0.136768 -0.018492 0.990413
1784010287.912326097 4.143830 -0.289939 0.009259 -0.005958 0.136790 -0.018205 0.990415
1784010287.918224096 4.147172 -0.289859 0.009266 -0.006006 0.136725 -0.017758 0.990432
1784010287.922475100 4.149569 -0.289799 0.009254 -0.006041 0.136604 -0.017439 0.990454
1784010287.927873135 4.152623 -0.289717 0.009226 -0.006129 0.136528 -0.017034 0.990471
1784010287.927873135 4.152623 -0.289717 0.009226 -0.006129 0.136528 -0.017034 0.990471
1784010287.928195953 4.152806 -0.289712 0.009224 -0.006131 0.136522 -0.017010 0.990472
1784010287.932374954 4.155187 -0.289641 0.009206 -0.006199 0.136590 -0.016707 0.990467
1784010287.938246965 4.158531 -0.289537 0.009175 -0.006264 0.136642 -0.016269 0.990467
1784010287.942584991 4.160996 -0.289458 0.009144 -0.006326 0.136556 -0.015946 0.990484
1784010287.948074102 4.164109 -0.289352 0.009100 -0.006466 0.136404 -0.015541 0.990510
1784010287.952434063 4.166578 -0.289265 0.009060 -0.006578 0.136346 -0.015227 0.990522
1784010287.958203077 4.169849 -0.289146 0.009011 -0.006726 0.136334 -0.014825 0.990529
1784010287.962654114 4.172380 -0.289049 0.008977 -0.006805 0.136396 -0.014505 0.990525
1784010287.968169928 4.175523 -0.288921 0.008941 -0.006905 0.136505 -0.014090 0.990515
1784010287.972384930 4.177923 -0.288818 0.008913 -0.006988 0.136515 -0.013758 0.990518
1784010287.977967024 4.181093 -0.288680 0.008876 -0.007063 0.136404 -0.013316 0.990539
1784010287.982455969 4.183640 -0.288570 0.008846 -0.007103 0.136347 -0.012957 0.990551
1784010287.987334013 4.186413 -0.288450 0.008816 -0.007117 0.136353 -0.012554 0.990555
1784010287.992666006 4.189445 -0.288315 0.008789 -0.007123 0.136346 -0.012122 0.990562
1784010287.997910976 4.192427 -0.288183 0.008764 -0.007095 0.136264 -0.011688 0.990578
1784010288.002580881 4.195084 -0.288067 0.008744 -0.007054 0.136210 -0.011300 0.990590
1784010288.008061886 4.198199 -0.287936 0.008720 -0.006954 0.136183 -0.010858 0.990600
1784010288.012326956 4.200619 -0.287836 0.008698 -0.006870 0.136135 -0.010525 0.990611
1784010288.018210888 4.203960 -0.287694 0.008663 -0.006818 0.136070 -0.010089 0.990624
1784010288.022571087 4.206441 -0.287586 0.008635 -0.006827 0.136077 -0.009780 0.990626
1784010288.028182030 4.209637 -0.287447 0.008600 -0.006806 0.136078 -0.009371 0.990630
1784010288.028182030 4.209637 -0.287447 0.008600 -0.006806 0.136078 -0.009371 0.990630
1784010288.028239965 4.209670 -0.287446 0.008600 -0.006806 0.136079 -0.009366 0.990630
1784010288.032444954 4.212066 -0.287338 0.008591 -0.006792 0.136079 -0.009068 0.990633
1784010288.038218975 4.215352 -0.287188 0.008583 -0.006764 0.136045 -0.008651 0.990642
1784010288.042666912 4.217884 -0.287071 0.008572 -0.006741 0.136007 -0.008324 0.990650
1784010288.048196077 4.221026 -0.286917 0.008556 -0.006768 0.135955 -0.007935 0.990660
1784010288.052295923 4.223355 -0.286797 0.008539 -0.006835 0.135910 -0.007649 0.990668
1784010288.058155060 4.226690 -0.286621 0.008522 -0.006956 0.135873 -0.007237 0.990675
1784010288.062458992 4.229145 -0.286489 0.008509 -0.007052 0.135899 -0.006944 0.990673
1784010288.068212986 4.232418 -0.286309 0.008500 -0.007110 0.135923 -0.006529 0.990672
1784010288.072354078 4.234764 -0.286175 0.008492 -0.007137 0.135919 -0.006226 0.990675
1784010288.078161001 4.238050 -0.285982 0.008491 -0.007184 0.135919 -0.005796 0.990677
1784010288.082504034 4.240510 -0.285837 0.008496 -0.007211 0.135917 -0.005478 0.990679
1784010288.087335110 4.243252 -0.285675 0.008508 -0.007240 0.135920 -0.005130 0.990680
1784010288.092359066 4.246104 -0.285508 0.008523 -0.007259 0.135950 -0.004772 0.990678
1784010288.098297119 4.249462 -0.285309 0.008530 -0.007294 0.135944 -0.004343 0.990680
1784010288.102349043 4.251743 -0.285173 0.008520 -0.007351 0.135833 -0.004063 0.990696
1784010288.108154058 4.255011 -0.284978 0.008501 -0.007363 0.135643 -0.003638 0.990724
1784010288.112377882 4.257398 -0.284839 0.008482 -0.007358 0.135652 -0.003335 0.990724
1784010288.118192911 4.260692 -0.284645 0.008455 -0.007356 0.135781 -0.002915 0.990707
1784010288.122419119 4.263086 -0.284503 0.008426 -0.007371 0.135828 -0.002625 0.990701
1784010288.127879143 4.266161 -0.284317 0.008382 -0.007437 0.135791 -0.002252 0.990707
1784010288.127879143 4.266161 -0.284317 0.008382 -0.007437 0.135791 -0.002252 0.990707
1784010288.127991915 4.266224 -0.284313 0.008381 -0.007438 0.135790 -0.002245 0.990707
1784010288.132462978 4.268721 -0.284154 0.008358 -0.007468 0.135734 -0.001958 0.990715
1784010288.138217926 4.271936 -0.283949 0.008343 -0.007441 0.135701 -0.001588 0.990721
1784010288.142433882 4.274298 -0.283794 0.008340 -0.007455 0.135741 -0.001321 0.990715
1784010288.148185968 4.277526 -0.283573 0.008348 -0.007542 0.135893 -0.000959 0.990694
1784010288.152477980 4.279930 -0.283407 0.008358 -0.007602 0.136009 -0.000690 0.990678
1784010288.158180952 4.283108 -0.283190 0.008378 -0.007587 0.136021 -0.000325 0.990677
1784010288.162203074 4.285346 -0.283039 0.008393 -0.007560 0.135971 -0.000071 0.990684
1784010288.168235064 4.288705 -0.282804 0.008420 -0.007596 0.135974 0.000309 0.990683
1784010288.172403097 4.291029 -0.282636 0.008434 -0.007670 0.136021 0.000575 0.990676
1784010288.177999020 4.294145 -0.282402 0.008442 -0.007857 0.136065 0.000912 0.990668
1784010288.182888985 4.296867 -0.282196 0.008435 -0.008044 0.136101 0.001191 0.990662
1784010288.187659979 4.299518 -0.281998 0.008421 -0.008156 0.136133 0.001479 0.990656
1784010288.192500114 4.302202 -0.281797 0.008403 -0.008221 0.136133 0.001775 0.990655
1784010288.198231936 4.305372 -0.281552 0.008382 -0.008335 0.136103 0.002125 0.990657
1784010288.202402115 4.307682 -0.281371 0.008367 -0.008436 0.136099 0.002389 0.990656
1784010288.208169937 4.310884 -0.281117 0.008351 -0.008562 0.136224 0.002769 0.990637
1784010288.212280035 4.313164 -0.280938 0.008341 -0.008577 0.136359 0.003047 0.990618
1784010288.218245983 4.316450 -0.280676 0.008323 -0.008585 0.136435 0.003466 0.990606
1784010288.222635984 4.318855 -0.280484 0.008303 -0.008630 0.136373 0.003774 0.990613
1784010288.228245020 4.321934 -0.280238 0.008289 -0.008656 0.136238 0.004166 0.990630
1784010288.228245020 4.321934 -0.280238 0.008289 -0.008656 0.136238 0.004166 0.990630
1784010288.228315115 4.321971 -0.280235 0.008289 -0.008657 0.136234 0.004171 0.990630
1784010288.232295990 4.324152 -0.280059 0.008290 -0.008671 0.136203 0.004449 0.990633
1784010288.238145113 4.327368 -0.279803 0.008299 -0.008664 0.136459 0.004871 0.990596
1784010288.242518902 4.329761 -0.279611 0.008297 -0.008650 0.136570 0.005188 0.990579
1784010288.247972965 4.332715 -0.279372 0.008269 -0.008723 0.136348 0.005568 0.990607
1784010288.252563953 4.335208 -0.279175 0.008238 -0.008745 0.136112 0.005879 0.990637
1784010288.258177996 4.338287 -0.278942 0.008209 -0.008690 0.136147 0.006264 0.990631
1784010288.262427092 4.340631 -0.278766 0.008187 -0.008662 0.136313 0.006547 0.990606
1784010288.268153906 4.343761 -0.278523 0.008143 -0.008667 0.136236 0.006919 0.990614
1784010288.272593975 4.346173 -0.278330 0.008094 -0.008748 0.136026 0.007194 0.990641
1784010288.278016090 4.349125 -0.278097 0.008032 -0.008813 0.135859 0.007527 0.990660
1784010288.282279015 4.351461 -0.277919 0.007990 -0.008779 0.135887 0.007783 0.990655
1784010288.288165092 4.354684 -0.277667 0.007938 -0.008699 0.135915 0.008142 0.990649
1784010288.292653084 4.357137 -0.277463 0.007894 -0.008788 0.135818 0.008401 0.990659
1784010288.297827005 4.359957 -0.277223 0.007838 -0.008953 0.135619 0.008689 0.990683
1784010288.302563906 4.362548 -0.277008 0.007789 -0.008966 0.135561 0.008963 0.990688
1784010288.307986975 4.365526 -0.276767 0.007744 -0.008866 0.135717 0.009299 0.990664
1784010288.312474012 4.367996 -0.276563 0.007714 -0.008798 0.135823 0.009587 0.990648
1784010288.318207979 4.371143 -0.276292 0.007678 -0.008857 0.135766 0.009942 0.990651
1784010288.322578907 4.373541 -0.276084 0.007653 -0.008899 0.135684 0.010212 0.990660
1784010288.328119040 4.376586 -0.275828 0.007632 -0.008854 0.135716 0.010567 0.990652
1784010288.328119040 4.376586 -0.275828 0.007632 -0.008854 0.135716 0.010567 0.990652
1784010288.328337908 4.376705 -0.275819 0.007631 -0.008855 0.135721 0.010579 0.990651
1784010288.332269907 4.378843 -0.275648 0.007628 -0.008850 0.135865 0.010802 0.990629
1784010288.338176012 4.382025 -0.275388 0.007627 -0.008941 0.135918 0.011107 0.990617
1784010288.342608929 4.384397 -0.275188 0.007620 -0.009089 0.135785 0.011341 0.990632
1784010288.348037004 4.387299 -0.274946 0.007616 -0.009252 0.135614 0.011616 0.990650
1784010288.352562904 4.389733 -0.274750 0.007621 -0.009287 0.135609 0.011857 0.990648
1784010288.358222961 4.392779 -0.274505 0.007630 -0.009313 0.135687 0.012140 0.990634
1784010288.362579107 4.395117 -0.274311 0.007627 -0.009424 0.135677 0.012353 0.990631
1784010288.368206024 4.398122 -0.274061 0.007614 -0.009633 0.135546 0.012599 0.990644
1784010288.372654915 4.400507 -0.273871 0.007604 -0.009690 0.135483 0.012808 0.990650
1784010288.377988100 4.403385 -0.273647 0.007602 -0.009698 0.135586 0.013053 0.990632
1784010288.382332087 4.405734 -0.273461 0.007599 -0.009762 0.135767 0.013242 0.990604
1784010288.387274027 4.408388 -0.273250 0.007592 -0.009905 0.135849 0.013438 0.990589
1784010288.392802954 4.411351 -0.273019 0.007579 -0.010104 0.135797 0.013622 0.990592
1784010288.397926092 4.414112 -0.272814 0.007569 -0.010216 0.135857 0.013794 0.990580
1784010288.402440071 4.416549 -0.272639 0.007561 -0.010241 0.136014 0.013950 0.990556
1784010288.408052921 4.419561 -0.272421 0.007539 -0.010339 0.136084 0.014115 0.990543
1784010288.412322998 4.421842 -0.272249 0.007504 -0.010403 0.136134 0.014248 0.990533
1784010288.418155909 4.424960 -0.272018 0.007443 -0.010760 0.136151 0.014356 0.990526
1784010288.422427893 4.427267 -0.271855 0.007388 -0.010860 0.136343 0.014456 0.990497
1784010288.427976131 4.430259 -0.271651 0.007304 -0.010938 0.136596 0.014569 0.990459
1784010288.427976131 4.430259 -0.271651 0.007304 -0.010938 0.136596 0.014569 0.990459
1784010288.428143024 4.430348 -0.271645 0.007302 -0.010936 0.136602 0.014572 0.990458
1784010288.432661057 4.432741 -0.271482 0.007231 -0.010956 0.136569 0.014639 0.990462
1784010288.438169956 4.435658 -0.271277 0.007134 -0.011041 0.136410 0.014704 0.990482
1784010288.442549944 4.437996 -0.271111 0.007055 -0.011177 0.136454 0.014759 0.990473
1784010288.448190928 4.441017 -0.270906 0.006967 -0.011209 0.136773 0.014817 0.990428
1784010288.452265024 4.443202 -0.270766 0.006916 -0.011242 0.137010 0.014870 0.990394
1784010288.458120108 4.446322 -0.270565 0.006848 -0.011365 0.136798 0.014934 0.990421
1784010288.462739944 4.448774 -0.270400 0.006803 -0.011550 0.136511 0.014993 0.990458
1784010288.468153954 4.451660 -0.270211 0.006789 -0.011608 0.136401 0.015077 0.990471
1784010288.472479105 4.453984 -0.270063 0.006812 -0.011662 0.136318 0.015153 0.990481
1784010288.478013992 4.456948 -0.269879 0.006867 -0.011660 0.136338 0.015260 0.990476
1784010288.482506037 4.459330 -0.269729 0.006920 -0.011665 0.136359 0.015355 0.990472
1784010288.488199949 4.462342 -0.269543 0.006997 -0.011584 0.135945 0.015496 0.990527
1784010288.492865086 4.464843 -0.269391 0.007062 -0.011502 0.135849 0.015626 0.990540
1784010288.497863054 4.467542 -0.269232 0.007128 -0.011367 0.136092 0.015786 0.990505
1784010288.502249002 4.469912 -0.269097 0.007179 -0.011253 0.136307 0.015932 0.990475
1784010288.507951021 4.472988 -0.268923 0.007224 -0.011251 0.136104 0.016071 0.990500
1784010288.512356043 4.475364 -0.268785 0.007232 -0.011259 0.135953 0.016189 0.990519
1784010288.518271923 4.478557 -0.268609 0.007233 -0.011159 0.136245 0.016344 0.990477
1784010288.522170067 4.480669 -0.268503 0.007235 -0.011105 0.136446 0.016459 0.990449
1784010288.528142929 4.483895 -0.268340 0.007229 -0.011130 0.136256 0.016597 0.990472
1784010288.528383970 4.484025 -0.268333 0.007229 -0.011132 0.136249 0.016603 0.990473
1784010288.528383970 4.484025 -0.268333 0.007229 -0.011132 0.136249 0.016603 0.990473
1784010288.532623053 4.486271 -0.268205 0.007210 -0.011204 0.136152 0.016768 0.990483
1784010288.538165092 4.489205 -0.268041 0.007186 -0.011288 0.136273 0.016945 0.990462
1784010288.542551994 4.491540 -0.267923 0.007176 -0.011356 0.136369 0.017084 0.990446
1784010288.548162937 4.494527 -0.267774 0.007168 -0.011320 0.136251 0.017223 0.990460
1784010288.552403927 4.496784 -0.267657 0.007156 -0.011293 0.136162 0.017327 0.990471
1784010288.557857037 4.499685 -0.267500 0.007132 -0.011515 0.136025 0.017418 0.990485
1784010288.562510967 4.502168 -0.267369 0.007104 -0.011725 0.135969 0.017472 0.990490
1784010288.568192005 4.505209 -0.267217 0.007065 -0.011688 0.136188 0.017524 0.990459
1784010288.572757006 4.507669 -0.267095 0.007028 -0.011658 0.136363 0.017566 0.990435
1784010288.577904940 4.510447 -0.266955 0.006979 -0.011720 0.136611 0.017604 0.990399
1784010288.582559109 4.512948 -0.266828 0.006925 -0.011788 0.136628 0.017640 0.990395
1784010288.588202953 4.515979 -0.266681 0.006870 -0.011668 0.136702 0.017705 0.990385
1784010288.592142105 4.518112 -0.266583 0.006850 -0.011584 0.136752 0.017749 0.990379
1784010288.598309994 4.521460 -0.266431 0.006839 -0.011539 0.136737 0.017833 0.990380
1784010288.602355957 4.523659 -0.266328 0.006837 -0.011510 0.136726 0.017887 0.990381
1784010288.608144999 4.526782 -0.266175 0.006842 -0.011471 0.136592 0.017970 0.990398
1784010288.612402916 4.529075 -0.266063 0.006848 -0.011440 0.136545 0.018044 0.990404
1784010288.618197918 4.532199 -0.265917 0.006862 -0.011302 0.136474 0.018150 0.990413
1784010288.622188091 4.534358 -0.265819 0.006872 -0.011196 0.136422 0.018215 0.990420
1784010288.628133059 4.537575 -0.265670 0.006886 -0.011130 0.136470 0.018282 0.990413
1784010288.628133059 4.537575 -0.265670 0.006886 -0.011130 0.136470 0.018282 0.990413
1784010288.628213882 4.537618 -0.265668 0.006887 -0.011130 0.136471 0.018283 0.990413
1784010288.632827044 4.540108 -0.265551 0.006909 -0.011168 0.136541 0.018340 0.990402
1784010288.638194084 4.542997 -0.265416 0.006921 -0.011245 0.136531 0.018396 0.990401
1784010288.642414093 4.545263 -0.265311 0.006923 -0.011251 0.136439 0.018441 0.990413
1784010288.648111105 4.548324 -0.265171 0.006933 -0.011250 0.136378 0.018502 0.990420
1784010288.652477980 4.550678 -0.265060 0.006948 -0.011267 0.136423 0.018537 0.990413
1784010288.658123970 4.553724 -0.264914 0.006972 -0.011304 0.136460 0.018571 0.990407
1784010288.662312984 4.555981 -0.264805 0.006988 -0.011307 0.136437 0.018592 0.990410
1784010288.668140888 4.559107 -0.264656 0.007009 -0.011314 0.136362 0.018619 0.990419
1784010288.672344923 4.561359 -0.264546 0.007020 -0.011332 0.136281 0.018638 0.990430
1784010288.678154945 4.564481 -0.264394 0.007038 -0.011347 0.136145 0.018670 0.990448
1784010288.682492971 4.566822 -0.264279 0.007052 -0.011355 0.136146 0.018694 0.990447
1784010288.688210964 4.569904 -0.264130 0.007069 -0.011344 0.136206 0.018729 0.990439
1784010288.692662001 4.572293 -0.264016 0.007074 -0.011315 0.136184 0.018766 0.990441
1784010288.698174000 4.575249 -0.263877 0.007077 -0.011277 0.136100 0.018808 0.990452
1784010288.702408075 4.577523 -0.263771 0.007080 -0.011268 0.136115 0.018836 0.990450
1784010288.708182096 4.580618 -0.263632 0.007092 -0.011184 0.136128 0.018880 0.990448
1784010288.712322950 4.582835 -0.263532 0.007099 -0.011154 0.136047 0.018906 0.990459
1784010288.718208075 4.585996 -0.263386 0.007111 -0.011247 0.135923 0.018924 0.990475
1784010288.722321987 4.588214 -0.263285 0.007120 -0.011298 0.135949 0.018923 0.990471
1784010288.727881193 4.591198 -0.263152 0.007132 -0.011311 0.135993 0.018939 0.990464
1784010288.727881193 4.591198 -0.263152 0.007132 -0.011311 0.135993 0.018939 0.990464
1784010288.728159904 4.591346 -0.263146 0.007132 -0.011311 0.135996 0.018938 0.990464
1784010288.732229948 4.593516 -0.263048 0.007143 -0.011316 0.135952 0.018928 0.990470
1784010288.738181114 4.596688 -0.262903 0.007164 -0.011286 0.135848 0.018909 0.990485
1784010288.742630005 4.599070 -0.262793 0.007185 -0.011259 0.135855 0.018907 0.990484
1784010288.747937918 4.601918 -0.262659 0.007216 -0.011238 0.135978 0.018906 0.990468
1784010288.752434015 4.604325 -0.262542 0.007242 -0.011237 0.136073 0.018902 0.990455
1784010288.758193016 4.607393 -0.262388 0.007270 -0.011331 0.136040 0.018881 0.990459
1784010288.762136936 4.609492 -0.262281 0.007288 -0.011408 0.135935 0.018863 0.990472
1784010288.767899036 4.612562 -0.262129 0.007326 -0.011441 0.135870 0.018844 0.990481
1784010288.772180080 4.614848 -0.262016 0.007360 -0.011471 0.135939 0.018838 0.990472
1784010288.778101921 4.618009 -0.261850 0.007401 -0.011589 0.136027 0.018830 0.990458
1784010288.782397985 4.620301 -0.261726 0.007421 -0.011712 0.136035 0.018830 0.990456
1784010288.787931919 4.623250 -0.261569 0.007441 -0.011828 0.136094 0.018825 0.990446
1784010288.792284012 4.625568 -0.261450 0.007454 -0.011845 0.136178 0.018832 0.990435
1784010288.797713041 4.628454 -0.261304 0.007468 -0.011846 0.136197 0.018839 0.990432
1784010288.802459955 4.630977 -0.261174 0.007472 -0.011895 0.136121 0.018840 0.990442
1784010288.808309078 4.634093 -0.261009 0.007468 -0.011998 0.136094 0.018830 0.990444
1784010288.812567949 4.636369 -0.260890 0.007461 -0.012057 0.136188 0.018823 0.990431
1784010288.818074942 4.639307 -0.260738 0.007447 -0.012058 0.136290 0.018822 0.990417
1784010288.822578907 4.641702 -0.260615 0.007428 -0.012081 0.136267 0.018827 0.990420
1784010288.827954054 4.644559 -0.260472 0.007405 -0.012108 0.136187 0.018838 0.990430
1784010288.828081131 4.644626 -0.260469 0.007404 -0.012107 0.136186 0.018839 0.990430
1784010288.828081131 4.644626 -0.260469 0.007404 -0.012107 0.136186 0.018839 0.990430
1784010288.832123995 4.646783 -0.260362 0.007398 -0.012052 0.136158 0.018859 0.990434
1784010288.838169098 4.650023 -0.260202 0.007395 -0.012012 0.136268 0.018886 0.990419
1784010288.842500925 4.652347 -0.260088 0.007394 -0.011975 0.136374 0.018914 0.990404
1784010288.848336935 4.655459 -0.259936 0.007385 -0.011952 0.136329 0.018949 0.990410
1784010288.852405071 4.657624 -0.259832 0.007375 -0.011980 0.136225 0.018959 0.990424
1784010288.858294010 4.660773 -0.259691 0.007372 -0.011840 0.136164 0.018988 0.990434
1784010288.862413883 4.662988 -0.259595 0.007374 -0.011732 0.136229 0.019012 0.990425
1784010288.868216991 4.666104 -0.259456 0.007366 -0.011714 0.136242 0.019019 0.990424
1784010288.872345924 4.668315 -0.259355 0.007349 -0.011745 0.136129 0.019014 0.990439
1784010288.878218889 4.671465 -0.259214 0.007316 -0.011819 0.135991 0.018988 0.990458
1784010288.882498980 4.673770 -0.259116 0.007290 -0.011803 0.135982 0.018974 0.990459
1784010288.888026953 4.676746 -0.258990 0.007254 -0.011715 0.135955 0.018951 0.990464
1784010288.892313004 4.679055 -0.258888 0.007222 -0.011746 0.135875 0.018924 0.990476
1784010288.897803068 4.682019 -0.258752 0.007179 -0.011793 0.135802 0.018887 0.990486
1784010288.902364016 4.684488 -0.258640 0.007144 -0.011766 0.135846 0.018875 0.990480
1784010288.907937050 4.687502 -0.258503 0.007105 -0.011700 0.135945 0.018874 0.990467
1784010288.912518978 4.689974 -0.258388 0.007080 -0.011650 0.135963 0.018889 0.990465
1784010288.918123007 4.692995 -0.258244 0.007064 -0.011628 0.135923 0.018916 0.990471
1784010288.922456980 4.695337 -0.258130 0.007064 -0.011635 0.135905 0.018941 0.990473
1784010288.927812099 4.698235 -0.257991 0.007078 -0.011608 0.135941 0.018983 0.990467
1784010288.927812099 4.698235 -0.257991 0.007078 -0.011608 0.135941 0.018983 0.990467
1784010288.928127050 4.698406 -0.257983 0.007079 -0.011608 0.135943 0.018987 0.990467
1784010288.932451963 4.700759 -0.257868 0.007090 -0.011640 0.135951 0.019034 0.990464
1784010288.938188076 4.703865 -0.257717 0.007102 -0.011720 0.135814 0.019094 0.990481
1784010288.942262888 4.706066 -0.257613 0.007110 -0.011739 0.135650 0.019139 0.990502
1784010288.948126078 4.709242 -0.257467 0.007120 -0.011751 0.135511 0.019200 0.990520
1784010288.952471972 4.711606 -0.257361 0.007126 -0.011742 0.135507 0.019244 0.990520
1784010288.958148003 4.714697 -0.257223 0.007124 -0.011735 0.135516 0.019296 0.990518
1784010288.962408066 4.717009 -0.257121 0.007114 -0.011752 0.135478 0.019322 0.990522
1784010288.968127966 4.720105 -0.256988 0.007093 -0.011749 0.135399 0.019360 0.990532
1784010288.972538948 4.722492 -0.256887 0.007080 -0.011718 0.135377 0.019383 0.990535
1784010288.978135109 4.725525 -0.256758 0.007071 -0.011724 0.135371 0.019406 0.990536
1784010288.982336998 4.727808 -0.256659 0.007070 -0.011752 0.135392 0.019424 0.990532
1784010288.987878084 4.730817 -0.256527 0.007071 -0.011829 0.135464 0.019431 0.990521
1784010288.992302895 4.733212 -0.256424 0.007067 -0.011867 0.135482 0.019432 0.990518
1784010288.997294903 4.735908 -0.256308 0.007055 -0.011892 0.135387 0.019435 0.990531
1784010289.002266884 4.738600 -0.256191 0.007037 -0.011921 0.135359 0.019437 0.990534
1784010289.008171082 4.741802 -0.256046 0.007007 -0.012004 0.135444 0.019429 0.990522
1784010289.012310982 4.744050 -0.255939 0.006975 -0.012106 0.135501 0.019425 0.990513
1784010289.018137932 4.747217 -0.255788 0.006911 -0.012259 0.135543 0.019418 0.990505
1784010289.022422075 4.749544 -0.255679 0.006855 -0.012321 0.135600 0.019417 0.990497
1784010289.028122902 4.752636 -0.255536 0.006768 -0.012375 0.135650 0.019412 0.990489
1784010289.028156996 4.752654 -0.255535 0.006767 -0.012376 0.135650 0.019412 0.990489
1784010289.028156996 4.752654 -0.255535 0.006767 -0.012376 0.135650 0.019412 0.990489
1784010289.032391071 4.754968 -0.255425 0.006705 -0.012410 0.135637 0.019406 0.990491
1784010289.038161039 4.758133 -0.255266 0.006618 -0.012588 0.135689 0.019382 0.990482
1784010289.042574883 4.760562 -0.255141 0.006554 -0.012724 0.135790 0.019365 0.990467
1784010289.047992945 4.763540 -0.254990 0.006485 -0.012809 0.135850 0.019365 0.990457
1784010289.052439928 4.765973 -0.254868 0.006436 -0.012891 0.135796 0.019364 0.990464
1784010289.058120012 4.769072 -0.254706 0.006393 -0.013038 0.135630 0.019364 0.990485
1784010289.062319994 4.771362 -0.254583 0.006377 -0.013176 0.135522 0.019372 0.990497
1784010289.067961931 4.774445 -0.254419 0.006382 -0.013253 0.135430 0.019413 0.990508
1784010289.072215080 4.776772 -0.254296 0.006401 -0.013260 0.135420 0.019458 0.990508
1784010289.078111887 4.779991 -0.254132 0.006440 -0.013235 0.135380 0.019537 0.990513
1784010289.082480907 4.782361 -0.254017 0.006469 -0.013164 0.135247 0.019608 0.990530
1784010289.088310957 4.785531 -0.253868 0.006511 -0.013056 0.134923 0.019707 0.990574
1784010289.092417955 4.787798 -0.253762 0.006540 -0.013014 0.134757 0.019784 0.990596
1784010289.097270012 4.790522 -0.253636 0.006574 -0.012982 0.135051 0.019878 0.990554
1784010289.102495909 4.793431 -0.253507 0.006586 -0.012872 0.135419 0.019991 0.990503
1784010289.107929945 4.796404 -0.253373 0.006545 -0.012820 0.135177 0.020121 0.990534
1784010289.112417936 4.798870 -0.253257 0.006487 -0.013004 0.134826 0.020169 0.990579
1784010289.118314028 4.802179 -0.253110 0.006435 -0.013065 0.135070 0.020261 0.990543
1784010289.122371912 4.804469 -0.253014 0.006409 -0.012960 0.135538 0.020353 0.990478
1784010289.127891064 4.807544 -0.252877 0.006357 -0.012923 0.135562 0.020454 0.990473
1784010289.127891064 4.807544 -0.252877 0.006357 -0.012923 0.135562 0.020454 0.990473
1784010289.128137112 4.807681 -0.252871 0.006355 -0.012921 0.135563 0.020458 0.990473
1784010289.132395029 4.810061 -0.252759 0.006313 -0.013031 0.135213 0.020498 0.990519
1784010289.138189077 4.813330 -0.252606 0.006268 -0.013211 0.135053 0.020518 0.990538
1784010289.142501116 4.815772 -0.252497 0.006243 -0.013187 0.135196 0.020572 0.990518
1784010289.147969961 4.818857 -0.252355 0.006204 -0.013008 0.135164 0.020628 0.990523
1784010289.152342081 4.821323 -0.252229 0.006162 -0.013114 0.135086 0.020656 0.990532
1784010289.158159971 4.824635 -0.252049 0.006099 -0.013360 0.134985 0.020666 0.990542
1784010289.162370920 4.827042 -0.251924 0.006047 -0.013414 0.134987 0.020711 0.990540
1784010289.168097019 4.830310 -0.251759 0.005972 -0.013297 0.135045 0.020765 0.990533
1784010289.172193050 4.832643 -0.251636 0.005915 -0.013250 0.135204 0.020812 0.990511
1784010289.178172112 4.836060 -0.251442 0.005834 -0.013410 0.135190 0.020856 0.990509
1784010289.182435036 4.838500 -0.251303 0.005780 -0.013449 0.135040 0.020909 0.990528
1784010289.188098907 4.841751 -0.251129 0.005740 -0.013295 0.135063 0.020991 0.990525
1784010289.192338943 4.844182 -0.251002 0.005729 -0.013092 0.135255 0.021071 0.990500
1784010289.198088884 4.847471 -0.250824 0.005713 -0.013028 0.135166 0.021166 0.990511
1784010289.202522993 4.850001 -0.250685 0.005693 -0.013023 0.134828 0.021227 0.990556
1784010289.208034039 4.853158 -0.250523 0.005675 -0.012931 0.134695 0.021302 0.990574
1784010289.212347031 4.855637 -0.250401 0.005662 -0.012784 0.134855 0.021367 0.990553
1784010289.218137026 4.858976 -0.250232 0.005626 -0.012750 0.134917 0.021420 0.990543
1784010289.222285032 4.861368 -0.250109 0.005581 -0.012833 0.134783 0.021437 0.990560
1784010289.228074074 4.864701 -0.249943 0.005516 -0.012879 0.134633 0.021464 0.990579
1784010289.228074074 4.864701 -0.249943 0.005516 -0.012879 0.134633 0.021464 0.990579
1784010289.228085041 4.864708 -0.249942 0.005516 -0.012879 0.134632 0.021464 0.990579
1784010289.232372999 4.867187 -0.249825 0.005480 -0.012822 0.134679 0.021502 0.990573
1784010289.238121986 4.870526 -0.249666 0.005442 -0.012725 0.134800 0.021544 0.990557
1784010289.242624044 4.873148 -0.249535 0.005415 -0.012738 0.134838 0.021564 0.990551
1784010289.248006105 4.876282 -0.249376 0.005385 -0.012762 0.134831 0.021591 0.990551
1784010289.252386093 4.878824 -0.249247 0.005361 -0.012719 0.134826 0.021613 0.990552
1784010289.258115053 4.882146 -0.249078 0.005329 -0.012658 0.134809 0.021650 0.990554
1784010289.262401104 4.884633 -0.248950 0.005301 -0.012653 0.134739 0.021671 0.990563
1784010289.268120050 4.887958 -0.248775 0.005262 -0.012680 0.134608 0.021699 0.990580
1784010289.272309065 4.890400 -0.248647 0.005231 -0.012677 0.134603 0.021723 0.990580
1784010289.278126001 4.893796 -0.248471 0.005187 -0.012596 0.134758 0.021764 0.990559
1784010289.282361984 4.896265 -0.248342 0.005146 -0.012544 0.134800 0.021795 0.990554
1784010289.287981033 4.899534 -0.248172 0.005084 -0.012496 0.134667 0.021836 0.990571
1784010289.292543888 4.902191 -0.248034 0.005035 -0.012434 0.134617 0.021870 0.990578
1784010289.298127890 4.905458 -0.247862 0.004985 -0.012424 0.134779 0.021897 0.990556
1784010289.302853107 4.908226 -0.247713 0.004943 -0.012469 0.134905 0.021907 0.990538
1784010289.307991982 4.911226 -0.247551 0.004895 -0.012547 0.134863 0.021907 0.990543
1784010289.312372923 4.913777 -0.247414 0.004855 -0.012604 0.134792 0.021907 0.990551
1784010289.318032026 4.917076 -0.247241 0.004818 -0.012563 0.134820 0.021923 0.990548
1784010289.322529078 4.919703 -0.247103 0.004796 -0.012496 0.134870 0.021942 0.990542
1784010289.328001976 4.922908 -0.246927 0.004768 -0.012536 0.134917 0.021948 0.990534
1784010289.328001976 4.922908 -0.246927 0.004768 -0.012536 0.134917 0.021948 0.990534
1784010289.328155994 4.922998 -0.246922 0.004767 -0.012537 0.134918 0.021948 0.990534
1784010289.332433939 4.925509 -0.246778 0.004759 -0.012599 0.134971 0.021942 0.990526
1784010289.338089943 4.928822 -0.246592 0.004750 -0.012636 0.135048 0.021944 0.990515
1784010289.342442036 4.931364 -0.246451 0.004741 -0.012637 0.135023 0.021954 0.990519
1784010289.348104954 4.934673 -0.246263 0.004730 -0.012720 0.134944 0.021955 0.990528
1784010289.352335930 4.937151 -0.246116 0.004720 -0.012815 0.134966 0.021959 0.990524
1784010289.358242989 4.940622 -0.245905 0.004708 -0.012969 0.135169 0.021974 0.990494
1784010289.362309933 4.943010 -0.245759 0.004695 -0.013063 0.135315 0.021979 0.990473
1784010289.368139029 4.946423 -0.245556 0.004676 -0.013109 0.135333 0.022011 0.990469
1784010289.372431993 4.948942 -0.245409 0.004660 -0.013124 0.135217 0.022036 0.990484
1784010289.378292084 4.952411 -0.245207 0.004640 -0.013164 0.135245 0.022064 0.990479
1784010289.382523060 4.954925 -0.245060 0.004619 -0.013173 0.135435 0.022083 0.990453
1784010289.387922049 4.958112 -0.244870 0.004569 -0.013242 0.135514 0.022106 0.990440
1784010289.392334938 4.960707 -0.244716 0.004507 -0.013337 0.135424 0.022116 0.990451
1784010289.398097038 4.964103 -0.244526 0.004437 -0.013303 0.135471 0.022158 0.990444
1784010289.402709007 4.966826 -0.244381 0.004396 -0.013166 0.135667 0.022204 0.990418
1784010289.407727003 4.969790 -0.244221 0.004361 -0.013073 0.135665 0.022237 0.990419
1784010289.412579060 4.972672 -0.244062 0.004332 -0.013102 0.135518 0.022276 0.990438
1784010289.417938948 4.975875 -0.243888 0.004310 -0.013148 0.135553 0.022319 0.990431
1784010289.422269106 4.978455 -0.243754 0.004291 -0.013108 0.135653 0.022350 0.990418
1784010289.428086996 4.981904 -0.243582 0.004253 -0.012959 0.135559 0.022398 0.990431
1784010289.428086996 4.981904 -0.243582 0.004253 -0.012959 0.135559 0.022398 0.990431
1784010289.428142071 4.981936 -0.243580 0.004253 -0.012957 0.135558 0.022398 0.990431
1784010289.432622910 4.984594 -0.243453 0.004230 -0.012858 0.135497 0.022426 0.990441
1784010289.438110113 4.987861 -0.243293 0.004197 -0.012887 0.135593 0.022425 0.990427
1784010289.442464113 4.990459 -0.243166 0.004163 -0.012874 0.135651 0.022428 0.990419
1784010289.448154926 4.993862 -0.243008 0.004119 -0.012718 0.135685 0.022427 0.990416
1784010289.452346087 4.996364 -0.242890 0.004080 -0.012700 0.135757 0.022409 0.990407
1784010289.458090067 4.999777 -0.242727 0.004016 -0.012739 0.135623 0.022370 0.990426
1784010289.462203026 5.002220 -0.242611 0.003960 -0.012728 0.135421 0.022328 0.990455
1784010289.468110085 5.005765 -0.242443 0.003890 -0.012694 0.135506 0.022278 0.990445
1784010289.472568989 5.008456 -0.242312 0.003846 -0.012641 0.135825 0.022264 0.990402
1784010289.478126049 5.011783 -0.242146 0.003783 -0.012590 0.135895 0.022253 0.990393
1784010289.482326031 5.014281 -0.242021 0.003730 -0.012556 0.135721 0.022247 0.990418
1784010289.488114119 5.017742 -0.241854 0.003688 -0.012413 0.135743 0.022262 0.990416
1784010289.492343903 5.020290 -0.241729 0.003676 -0.012341 0.135962 0.022277 0.990387
1784010289.497467995 5.023370 -0.241573 0.003671 -0.012357 0.136072 0.022277 0.990371
1784010289.502228022 5.026212 -0.241425 0.003669 -0.012402 0.135953 0.022274 0.990387
1784010289.508120060 5.029720 -0.241250 0.003676 -0.012408 0.135807 0.022293 0.990407
1784010289.512324095 5.032228 -0.241130 0.003682 -0.012361 0.135745 0.022300 0.990416
1784010289.517914057 5.035579 -0.240973 0.003690 -0.012246 0.135731 0.022302 0.990419
1784010289.522255898 5.038187 -0.240850 0.003690 -0.012195 0.135824 0.022299 0.990407
1784010289.527901173 5.041567 -0.240688 0.003682 -0.012190 0.135918 0.022279 0.990395
1784010289.527901173 5.041567 -0.240688 0.003682 -0.012190 0.135918 0.022279 0.990395
1784010289.528131008 5.041705 -0.240682 0.003682 -0.012190 0.135921 0.022277 0.990394
1784010289.532661915 5.044418 -0.240554 0.003683 -0.012215 0.135785 0.022236 0.990413
1784010289.538134098 5.047722 -0.240407 0.003688 -0.012117 0.135720 0.022198 0.990424
1784010289.542526960 5.050388 -0.240294 0.003698 -0.012026 0.135986 0.022163 0.990390
1784010289.547981024 5.053674 -0.240151 0.003697 -0.011992 0.136207 0.022091 0.990361
1784010289.552412987 5.056324 -0.240032 0.003677 -0.012045 0.136107 0.022019 0.990376
1784010289.558258057 5.059835 -0.239878 0.003654 -0.012112 0.136097 0.021925 0.990379
1784010289.562274933 5.062261 -0.239776 0.003644 -0.012086 0.136328 0.021863 0.990349
1784010289.568149090 5.065797 -0.239627 0.003627 -0.012009 0.136557 0.021757 0.990321
1784010289.572721004 5.068532 -0.239503 0.003596 -0.012050 0.136482 0.021665 0.990332
1784010289.578120947 5.071772 -0.239349 0.003549 -0.012247 0.136399 0.021532 0.990344
1784010289.582617998 5.074486 -0.239224 0.003505 -0.012320 0.136540 0.021434 0.990326
1784010289.587872028 5.077655 -0.239085 0.003448 -0.012214 0.136755 0.021332 0.990300
1784010289.592431068 5.080392 -0.238963 0.003384 -0.012216 0.136867 0.021233 0.990287
1784010289.598150015 5.083827 -0.238797 0.003292 -0.012384 0.136909 0.021096 0.990282
1784010289.602315903 5.086338 -0.238674 0.003222 -0.012515 0.136945 0.021000 0.990277
1784010289.608170986 5.089876 -0.238508 0.003146 -0.012575 0.137098 0.020889 0.990257
1784010289.612143040 5.092269 -0.238399 0.003110 -0.012532 0.137194 0.020840 0.990246
1784010289.617897987 5.095716 -0.238230 0.003072 -0.012713 0.137063 0.020734 0.990264
1784010289.622370958 5.098388 -0.238092 0.003054 -0.012899 0.136817 0.020655 0.990297
1784010289.627691031 5.101580 -0.237934 0.003069 -0.012945 0.136695 0.020605 0.990314
1784010289.628092051 5.101822 -0.237923 0.003072 -0.012938 0.136708 0.020604 0.990313
1784010289.628092051 5.101822 -0.237923 0.003072 -0.012938 0.136708 0.020604 0.990313
1784010289.632224083 5.104317 -0.237801 0.003124 -0.012875 0.136847 0.020616 0.990294
1784010289.638180971 5.107898 -0.237628 0.003205 -0.012721 0.136921 0.020661 0.990285
1784010289.642689943 5.110587 -0.237496 0.003250 -0.012706 0.136734 0.020684 0.990310
1784010289.648132086 5.113844 -0.237340 0.003291 -0.012741 0.136554 0.020703 0.990334
1784010289.652457952 5.116465 -0.237222 0.003319 -0.012694 0.136724 0.020734 0.990311
1784010289.658112049 5.119919 -0.237076 0.003343 -0.012631 0.137256 0.020768 0.990237
1784010289.662245989 5.122427 -0.236973 0.003341 -0.012599 0.137443 0.020786 0.990211
1784010289.667866945 5.125808 -0.236834 0.003308 -0.012660 0.137224 0.020800 0.990241
1784010289.672240019 5.128429 -0.236727 0.003258 -0.012748 0.137138 0.020772 0.990252
1784010289.678076982 5.131936 -0.236590 0.003194 -0.012688 0.137520 0.020745 0.990200
1784010289.682638884 5.134680 -0.236484 0.003149 -0.012584 0.137804 0.020742 0.990162
1784010289.687866926 5.137805 -0.236353 0.003085 -0.012640 0.137697 0.020711 0.990177
1784010289.692554951 5.140601 -0.236231 0.003019 -0.012787 0.137460 0.020665 0.990209
1784010289.697861910 5.143776 -0.236098 0.002945 -0.012873 0.137424 0.020617 0.990214
1784010289.702078104 5.146307 -0.235996 0.002884 -0.012940 0.137395 0.020577 0.990218
1784010289.708098888 5.149931 -0.235842 0.002790 -0.012929 0.137476 0.020536 0.990208
1784010289.712423086 5.152538 -0.235718 0.002711 -0.012919 0.137536 0.020504 0.990200
1784010289.718014002 5.155912 -0.235556 0.002607 -0.013017 0.137668 0.020470 0.990181
1784010289.722445011 5.158587 -0.235435 0.002529 -0.013093 0.137773 0.020441 0.990166
1784010289.727869987 5.161862 -0.235290 0.002446 -0.012938 0.137905 0.020446 0.990150
1784010289.727869987 5.161862 -0.235290 0.002446 -0.012938 0.137905 0.020446 0.990150
1784010289.728116989 5.162012 -0.235283 0.002443 -0.012930 0.137911 0.020446 0.990149
1784010289.732072115 5.164412 -0.235181 0.002401 -0.012812 0.138001 0.020442 0.990138
1784010289.738121986 5.168092 -0.235023 0.002357 -0.012774 0.137957 0.020429 0.990145
1784010289.742680073 5.170870 -0.234904 0.002341 -0.012696 0.138027 0.020428 0.990136
1784010289.748002052 5.174107 -0.234771 0.002334 -0.012520 0.138118 0.020427 0.990126
1784010289.752271891 5.176693 -0.234669 0.002330 -0.012378 0.138192 0.020425 0.990117
1784010289.758030891 5.180178 -0.234535 0.002323 -0.012317 0.137924 0.020389 0.990156
1784010289.762480974 5.182870 -0.234431 0.002309 -0.012268 0.137719 0.020360 0.990186
1784010289.768281937 5.186393 -0.234299 0.002284 -0.012232 0.137907 0.020304 0.990161
1784010289.772083044 5.188711 -0.234215 0.002262 -0.012208 0.138034 0.020267 0.990145
1784010289.778062105 5.192355 -0.234087 0.002216 -0.012222 0.137886 0.020196 0.990167
1784010289.782249928 5.194889 -0.233996 0.002171 -0.012230 0.137785 0.020146 0.990182
1784010289.788167000 5.198478 -0.233869 0.002114 -0.012097 0.137869 0.020087 0.990173
1784010289.792362928 5.201040 -0.233777 0.002088 -0.012001 0.137932 0.020044 0.990166
1784010289.798074007 5.204530 -0.233652 0.002066 -0.011960 0.137994 0.019975 0.990159
1784010289.802257061 5.207070 -0.233557 0.002053 -0.011929 0.138043 0.019924 0.990154
1784010289.807775021 5.210404 -0.233432 0.002036 -0.011893 0.137879 0.019861 0.990179
1784010289.812412977 5.213196 -0.233329 0.002023 -0.011862 0.137743 0.019807 0.990199
1784010289.818140030 5.216656 -0.233203 0.002008 -0.011819 0.137714 0.019736 0.990205
1784010289.822374105 5.219225 -0.233106 0.001993 -0.011786 0.137696 0.019683 0.990209
1784010289.828063965 5.222679 -0.232976 0.001962 -0.011677 0.137717 0.019633 0.990208
1784010289.828073025 5.222685 -0.232976 0.001962 -0.011677 0.137717 0.019633 0.990208
1784010289.828073025 5.222685 -0.232976 0.001962 -0.011677 0.137717 0.019633 0.990208
1784010289.832360029 5.225297 -0.232883 0.001927 -0.011589 0.137737 0.019594 0.990207
1784010289.838067055 5.228776 -0.232760 0.001873 -0.011459 0.137634 0.019544 0.990224
1784010289.842312098 5.231367 -0.232670 0.001831 -0.011363 0.137560 0.019506 0.990236
1784010289.848217964 5.234980 -0.232544 0.001774 -0.011406 0.137639 0.019419 0.990226
1784010289.852328062 5.237494 -0.232452 0.001735 -0.011436 0.137697 0.019358 0.990219
1784010289.858208895 5.241091 -0.232321 0.001685 -0.011423 0.137644 0.019268 0.990229
1784010289.862319946 5.243593 -0.232232 0.001653 -0.011414 0.137609 0.019205 0.990235
1784010289.868112087 5.247115 -0.232108 0.001618 -0.011366 0.137564 0.019125 0.990243
1784010289.872059107 5.249516 -0.232021 0.001600 -0.011333 0.137535 0.019069 0.990248
1784010289.877974033 5.253134 -0.231885 0.001580 -0.011366 0.137649 0.018967 0.990234
1784010289.882056952 5.255630 -0.231788 0.001569 -0.011404 0.137735 0.018898 0.990223
1784010289.887819052 5.259141 -0.231654 0.001550 -0.011397 0.137679 0.018830 0.990232
1784010289.892313957 5.261869 -0.231546 0.001528 -0.011463 0.137592 0.018770 0.990245
1784010289.897906065 5.265264 -0.231412 0.001497 -0.011565 0.137619 0.018691 0.990241
1784010289.902297974 5.267924 -0.231306 0.001470 -0.011608 0.137720 0.018634 0.990228
1784010289.907661915 5.271173 -0.231175 0.001433 -0.011713 0.137786 0.018560 0.990219
1784010289.912528038 5.274129 -0.231055 0.001404 -0.011774 0.137758 0.018493 0.990223
1784010289.918152094 5.277564 -0.230920 0.001377 -0.011796 0.137790 0.018435 0.990220
1784010289.922379971 5.280140 -0.230818 0.001352 -0.011798 0.137857 0.018400 0.990211
1784010289.927797079 5.283424 -0.230690 0.001300 -0.011805 0.137777 0.018344 0.990223
1784010289.927797079 5.283424 -0.230690 0.001300 -0.011805 0.137777 0.018344 0.990223
1784010289.928200960 5.283670 -0.230681 0.001296 -0.011806 0.137771 0.018340 0.990224
1784010289.932415962 5.286241 -0.230586 0.001255 -0.011862 0.137651 0.018284 0.990241
1784010289.938085079 5.289732 -0.230460 0.001205 -0.011906 0.137667 0.018229 0.990239
1784010289.942468882 5.292444 -0.230365 0.001175 -0.011869 0.137854 0.018215 0.990214
1784010289.947814941 5.295735 -0.230253 0.001142 -0.011700 0.137950 0.018231 0.990202
1784010289.952316046 5.298484 -0.230158 0.001108 -0.011677 0.137835 0.018230 0.990219
1784010289.958064079 5.302002 -0.230044 0.001069 -0.011681 0.137640 0.018202 0.990246
1784010289.962306023 5.304617 -0.229966 0.001052 -0.011567 0.137652 0.018200 0.990246
1784010289.968116045 5.308217 -0.229861 0.001041 -0.011446 0.137905 0.018199 0.990212
1784010289.972325087 5.310811 -0.229782 0.001029 -0.011378 0.137977 0.018196 0.990203
1784010289.978111982 5.314350 -0.229674 0.000990 -0.011410 0.137669 0.018174 0.990246
1784010289.982378006 5.316957 -0.229600 0.000946 -0.011442 0.137393 0.018128 0.990285
1784010289.988090038 5.320490 -0.229513 0.000892 -0.011301 0.137364 0.018072 0.990291
1784010289.992290974 5.323106 -0.229449 0.000851 -0.011176 0.137609 0.018041 0.990259
1784010289.998013020 5.326648 -0.229349 0.000775 -0.011175 0.137656 0.017963 0.990254
1784010290.002191067 5.329209 -0.229269 0.000697 -0.011293 0.137364 0.017888 0.990295
1784010290.007502079 5.332479 -0.229179 0.000598 -0.011329 0.137074 0.017792 0.990336
1784010290.012458086 5.335563 -0.229106 0.000523 -0.011092 0.137216 0.017739 0.990320
1784010290.017946005 5.338993 -0.229017 0.000452 -0.010901 0.137558 0.017685 0.990276
1784010290.022349119 5.341725 -0.228932 0.000396 -0.010898 0.137569 0.017644 0.990275
1784010290.027990103 5.345206 -0.228821 0.000337 -0.010972 0.137322 0.017601 0.990309
1784010290.027990103 5.345206 -0.228821 0.000337 -0.010972 0.137322 0.017601 0.990309
1784010290.028023958 5.345227 -0.228820 0.000337 -0.010973 0.137321 0.017601 0.990309
1784010290.032289028 5.347877 -0.228749 0.000324 -0.010908 0.137274 0.017598 0.990317
1784010290.038077116 5.351494 -0.228659 0.000340 -0.010663 0.137425 0.017625 0.990298
1784010290.042494059 5.354256 -0.228585 0.000364 -0.010556 0.137469 0.017636 0.990293
1784010290.047763109 5.357536 -0.228488 0.000395 -0.010626 0.137276 0.017626 0.990319
1784010290.052310944 5.360356 -0.228404 0.000414 -0.010717 0.137043 0.017603 0.990351
1784010290.058053970 5.363923 -0.228314 0.000432 -0.010618 0.136905 0.017598 0.990371
1784010290.062328100 5.366587 -0.228254 0.000437 -0.010441 0.136919 0.017608 0.990371
1784010290.068068027 5.370177 -0.228167 0.000434 -0.010298 0.136949 0.017611 0.990368
1784010290.072299004 5.372819 -0.228095 0.000421 -0.010312 0.136944 0.017595 0.990369
1784010290.078058004 5.376404 -0.228001 0.000397 -0.010335 0.136925 0.017575 0.990372
1784010290.082433939 5.379120 -0.227936 0.000373 -0.010257 0.136919 0.017557 0.990374
1784010290.088062048 5.382624 -0.227858 0.000348 -0.010130 0.136927 0.017525 0.990374
1784010290.092374086 5.385314 -0.227793 0.000334 -0.010094 0.136947 0.017495 0.990372
1784010290.097856045 5.388735 -0.227702 0.000327 -0.010152 0.136958 0.017447 0.990371
1784010290.102358103 5.391535 -0.227624 0.000320 -0.010192 0.136930 0.017408 0.990375
1784010290.107450008 5.394697 -0.227536 0.000298 -0.010235 0.136855 0.017351 0.990386
1784010290.112334013 5.397736 -0.227451 0.000262 -0.010290 0.136836 0.017285 0.990389
1784010290.118088961 5.401335 -0.227349 0.000208 -0.010286 0.136899 0.017220 0.990382
1784010290.122224092 5.403927 -0.227270 0.000159 -0.010346 0.137029 0.017159 0.990364
1784010290.127695084 5.407349 -0.227163 0.000077 -0.010408 0.137134 0.017094 0.990350
1784010290.127695084 5.407349 -0.227163 0.000077 -0.010408 0.137134 0.017094 0.990350
1784010290.128205061 5.407668 -0.227154 0.000070 -0.010414 0.137145 0.017085 0.990349
1784010290.132247925 5.410196 -0.227082 0.000002 -0.010482 0.137101 0.017017 0.990356
1784010290.138133049 5.413885 -0.226982 -0.000106 -0.010570 0.137070 0.016901 0.990361
1784010290.142564058 5.416675 -0.226909 -0.000175 -0.010536 0.137196 0.016834 0.990345
1784010290.148143053 5.420190 -0.226811 -0.000233 -0.010535 0.137372 0.016773 0.990321
1784010290.152281046 5.422780 -0.226731 -0.000260 -0.010624 0.137276 0.016733 0.990334
1784010290.158037901 5.426366 -0.226621 -0.000271 -0.010819 0.136877 0.016686 0.990388
1784010290.162396908 5.429080 -0.226543 -0.000255 -0.010876 0.136676 0.016656 0.990416
1784010290.167936087 5.432544 -0.226453 -0.000196 -0.010729 0.136618 0.016674 0.990425
1784010290.172302961 5.435278 -0.226380 -0.000136 -0.010659 0.136600 0.016687 0.990428
1784010290.177967072 5.438818 -0.226281 -0.000061 -0.010645 0.136508 0.016712 0.990441
1784010290.182192087 5.441449 -0.226210 -0.000020 -0.010608 0.136427 0.016742 0.990452
1784010290.188138008 5.445160 -0.226123 0.000011 -0.010517 0.136450 0.016778 0.990449
1784010290.192291975 5.447758 -0.226067 0.000012 -0.010441 0.136568 0.016793 0.990433
1784010290.198077917 5.451383 -0.225991 -0.000005 -0.010400 0.136740 0.016811 0.990410
1784010290.202296972 5.454023 -0.225931 -0.000032 -0.010471 0.136783 0.016815 0.990403
1784010290.207216024 5.457098 -0.225861 -0.000075 -0.010565 0.136757 0.016809 0.990406
1784010290.212166071 5.460189 -0.225794 -0.000126 -0.010635 0.136747 0.016794 0.990407
1784010290.218086958 5.463889 -0.225720 -0.000187 -0.010694 0.136770 0.016759 0.990403
1784010290.222101927 5.466397 -0.225671 -0.000227 -0.010700 0.136741 0.016727 0.990408
1784010290.228077173 5.470136 -0.225594 -0.000283 -0.010767 0.136603 0.016672 0.990427
1784010290.228077173 5.470136 -0.225594 -0.000283 -0.010767 0.136603 0.016672 0.990427
1784010290.228085041 5.470141 -0.225594 -0.000283 -0.010767 0.136602 0.016672 0.990427
1784010290.232146025 5.472703 -0.225538 -0.000315 -0.010844 0.136544 0.016644 0.990435
1784010290.238085985 5.476449 -0.225456 -0.000374 -0.010932 0.136521 0.016604 0.990438
1784010290.242326975 5.479118 -0.225398 -0.000432 -0.010966 0.136497 0.016570 0.990441
1784010290.248095989 5.482759 -0.225316 -0.000520 -0.011013 0.136519 0.016518 0.990439
1784010290.252448082 5.485515 -0.225252 -0.000587 -0.011002 0.136632 0.016492 0.990423
1784010290.257915974 5.488984 -0.225166 -0.000664 -0.011018 0.136796 0.016472 0.990401
1784010290.262248039 5.491726 -0.225097 -0.000720 -0.011002 0.136829 0.016456 0.990397
1784010290.268094063 5.495414 -0.225009 -0.000781 -0.010919 0.136739 0.016456 0.990410
1784010290.272293091 5.498057 -0.224948 -0.000812 -0.010832 0.136689 0.016456 0.990418
1784010290.278075933 5.501712 -0.224863 -0.000830 -0.010678 0.136681 0.016461 0.990421
1784010290.282160997 5.504298 -0.224802 -0.000832 -0.010613 0.136704 0.016456 0.990418
1784010290.288036108 5.508011 -0.224713 -0.000833 -0.010534 0.136629 0.016447 0.990430
1784010290.292249918 5.510661 -0.224652 -0.000843 -0.010478 0.136507 0.016444 0.990447
1784010290.297868967 5.514192 -0.224575 -0.000871 -0.010360 0.136351 0.016440 0.990470
1784010290.302401066 5.517046 -0.224512 -0.000904 -0.010305 0.136319 0.016418 0.990475
1784010290.307986975 5.520583 -0.224431 -0.000952 -0.010350 0.136373 0.016373 0.990468
1784010290.312392950 5.523372 -0.224367 -0.000993 -0.010350 0.136404 0.016345 0.990464
1784010290.318125963 5.526984 -0.224282 -0.001051 -0.010354 0.136345 0.016301 0.990473
1784010290.322345018 5.529632 -0.224221 -0.001095 -0.010325 0.136240 0.016269 0.990489
1784010290.327838182 5.533093 -0.224140 -0.001137 -0.010228 0.136171 0.016228 0.990500
1784010290.327838182 5.533093 -0.224140 -0.001137 -0.010228 0.136171 0.016228 0.990500
1784010290.328032970 5.533217 -0.224137 -0.001138 -0.010225 0.136169 0.016227 0.990500
1784010290.332202911 5.535865 -0.224069 -0.001147 -0.010188 0.136242 0.016193 0.990491
1784010290.338073015 5.539588 -0.223970 -0.001146 -0.010114 0.136326 0.016161 0.990481
1784010290.342569113 5.542422 -0.223893 -0.001148 -0.010074 0.136230 0.016132 0.990495
1784010290.347770929 5.545691 -0.223805 -0.001156 -0.010050 0.136019 0.016110 0.990524
1784010290.352314949 5.548553 -0.223730 -0.001166 -0.009988 0.135918 0.016092 0.990539
1784010290.358062029 5.552189 -0.223634 -0.001176 -0.009877 0.136014 0.016068 0.990527
1784010290.362307072 5.554876 -0.223563 -0.001188 -0.009788 0.136099 0.016047 0.990517
1784010290.368047953 5.558498 -0.223464 -0.001217 -0.009692 0.136052 0.016033 0.990525
1784010290.372307062 5.561175 -0.223391 -0.001252 -0.009652 0.135944 0.016019 0.990540
1784010290.378046036 5.564787 -0.223294 -0.001302 -0.009594 0.135878 0.015995 0.990550
1784010290.382364035 5.567510 -0.223220 -0.001338 -0.009556 0.135921 0.015961 0.990545
1784010290.388078928 5.571119 -0.223117 -0.001379 -0.009578 0.136001 0.015909 0.990535
1784010290.392426968 5.573860 -0.223036 -0.001407 -0.009620 0.135997 0.015862 0.990536
1784010290.397886038 5.577290 -0.222934 -0.001437 -0.009639 0.135904 0.015811 0.990549
1784010290.402414083 5.580131 -0.222851 -0.001458 -0.009598 0.135853 0.015774 0.990557
1784010290.408050060 5.583677 -0.222747 -0.001470 -0.009535 0.135931 0.015720 0.990548
1784010290.412533998 5.586503 -0.222659 -0.001474 -0.009555 0.136017 0.015661 0.990537
1784010290.418050051 5.589978 -0.222547 -0.001473 -0.009601 0.136039 0.015603 0.990534
1784010290.422168016 5.592564 -0.222463 -0.001476 -0.009630 0.136023 0.015564 0.990537
1784010290.427750111 5.596065 -0.222344 -0.001488 -0.009736 0.136018 0.015502 0.990537
1784010290.427750111 5.596065 -0.222344 -0.001488 -0.009736 0.136018 0.015502 0.990537
1784010290.427937984 5.596184 -0.222340 -0.001488 -0.009740 0.136017 0.015500 0.990537
1784010290.432712078 5.599195 -0.222241 -0.001493 -0.009855 0.136011 0.015443 0.990538
1784010290.438013077 5.602547 -0.222124 -0.001504 -0.009989 0.136047 0.015393 0.990532
1784010290.442604065 5.605454 -0.222018 -0.001517 -0.010121 0.136139 0.015353 0.990519
1784010290.447850943 5.608772 -0.221899 -0.001536 -0.010208 0.136198 0.015325 0.990511
1784010290.452301979 5.611577 -0.221800 -0.001561 -0.010215 0.136162 0.015308 0.990516
1784010290.458214998 5.615300 -0.221670 -0.001603 -0.010247 0.136087 0.015280 0.990526
1784010290.462253094 5.617844 -0.221580 -0.001636 -0.010287 0.136109 0.015254 0.990523
1784010290.468189955 5.621595 -0.221448 -0.001677 -0.010284 0.136194 0.015247 0.990512
1784010290.472434998 5.624276 -0.221353 -0.001704 -0.010288 0.136221 0.015255 0.990508
1784010290.478065968 5.627826 -0.221232 -0.001737 -0.010310 0.136166 0.015269 0.990515
1784010290.482505083 5.630619 -0.221142 -0.001765 -0.010281 0.136098 0.015279 0.990524
1784010290.488029957 5.634101 -0.221036 -0.001795 -0.010227 0.136098 0.015284 0.990525
1784010290.492348909 5.636831 -0.220957 -0.001817 -0.010166 0.136173 0.015295 0.990515
1784010290.497891903 5.640342 -0.220857 -0.001842 -0.010102 0.136261 0.015318 0.990503
1784010290.502185106 5.643058 -0.220780 -0.001867 -0.010086 0.136261 0.015315 0.990503
1784010290.507577896 5.646463 -0.220691 -0.001904 -0.010043 0.136205 0.015310 0.990511
1784010290.512101889 5.649316 -0.220622 -0.001943 -0.009981 0.136146 0.015297 0.990520
1784010290.518090010 5.653105 -0.220533 -0.002003 -0.009943 0.136077 0.015246 0.990531
1784010290.522387028 5.655833 -0.220466 -0.002054 -0.009960 0.136058 0.015199 0.990534
1784010290.527878046 5.659324 -0.220379 -0.002124 -0.009986 0.136057 0.015144 0.990535
1784010290.527894020 5.659334 -0.220379 -0.002124 -0.009986 0.136056 0.015144 0.990535
1784010290.527894020 5.659334 -0.220379 -0.002124 -0.009986 0.136056 0.015144 0.990535
1784010290.532229900 5.662093 -0.220318 -0.002178 -0.010008 0.136020 0.015063 0.990541
1784010290.538034916 5.665781 -0.220239 -0.002260 -0.010001 0.135857 0.014946 0.990565
1784010290.542676926 5.668736 -0.220176 -0.002327 -0.009946 0.135799 0.014865 0.990575
1784010290.547796011 5.672010 -0.220103 -0.002391 -0.009876 0.135937 0.014785 0.990558
1784010290.552310944 5.674903 -0.220033 -0.002438 -0.009819 0.136115 0.014735 0.990535
1784010290.558104038 5.678603 -0.219941 -0.002483 -0.009777 0.136205 0.014672 0.990524
1784010290.562340975 5.681297 -0.219872 -0.002507 -0.009745 0.136186 0.014638 0.990527
1784010290.568008900 5.684898 -0.219782 -0.002519 -0.009669 0.136170 0.014604 0.990531
1784010290.572087049 5.687491 -0.219714 -0.002513 -0.009613 0.136175 0.014583 0.990531
1784010290.577989101 5.691252 -0.219613 -0.002489 -0.009592 0.136154 0.014549 0.990534
1784010290.582534075 5.694142 -0.219532 -0.002470 -0.009634 0.136084 0.014523 0.990544
1784010290.588128090 5.697689 -0.219437 -0.002457 -0.009631 0.135905 0.014490 0.990569
1784010290.592434883 5.700414 -0.219371 -0.002457 -0.009539 0.135787 0.014475 0.990586
1784010290.598030090 5.703966 -0.219287 -0.002465 -0.009384 0.135744 0.014453 0.990594
1784010290.602411032 5.706755 -0.219217 -0.002479 -0.009327 0.135790 0.014444 0.990588
1784010290.607995987 5.710311 -0.219122 -0.002503 -0.009348 0.135867 0.014414 0.990578
1784010290.612785101 5.713347 -0.219041 -0.002531 -0.009379 0.135895 0.014377 0.990575
1784010290.617651939 5.716425 -0.218963 -0.002563 -0.009373 0.135885 0.014333 0.990577
1784010290.622195959 5.719300 -0.218894 -0.002586 -0.009341 0.135886 0.014281 0.990578
1784010290.627819061 5.722871 -0.218803 -0.002603 -0.009338 0.135940 0.014211 0.990571
1784010290.627882004 5.722912 -0.218802 -0.002603 -0.009338 0.135941 0.014210 0.990571
1784010290.627882004 5.722912 -0.218802 -0.002603 -0.009338 0.135941 0.014210 0.990571
1784010290.632204056 5.725676 -0.218725 -0.002597 -0.009383 0.136001 0.014169 0.990563
1784010290.638103962 5.729440 -0.218615 -0.002599 -0.009471 0.136048 0.014111 0.990556
1784010290.642520905 5.732246 -0.218532 -0.002621 -0.009556 0.136015 0.014050 0.990561
1784010290.648029089 5.735755 -0.218431 -0.002664 -0.009644 0.136023 0.013967 0.990560
1784010290.652196884 5.738414 -0.218355 -0.002708 -0.009689 0.136178 0.013906 0.990539
1784010290.658184052 5.742223 -0.218242 -0.002786 -0.009770 0.136399 0.013828 0.990509
1784010290.662265062 5.744803 -0.218160 -0.002859 -0.009872 0.136410 0.013763 0.990508
1784010290.668162107 5.748539 -0.218037 -0.002974 -0.010084 0.136390 0.013669 0.990510
1784010290.672235966 5.751128 -0.217954 -0.003048 -0.010135 0.136480 0.013620 0.990497
1784010290.677833080 5.754700 -0.217838 -0.003126 -0.010087 0.136623 0.013581 0.990479
1784010290.682173014 5.757466 -0.217740 -0.003171 -0.010140 0.136642 0.013563 0.990476
1784010290.688016891 5.761169 -0.217601 -0.003212 -0.010332 0.136444 0.013541 0.990501
1784010290.692751884 5.764158 -0.217491 -0.003229 -0.010446 0.136211 0.013540 0.990532
1784010290.697679043 5.767277 -0.217383 -0.003217 -0.010441 0.136138 0.013558 0.990542
1784010290.702423096 5.770285 -0.217284 -0.003178 -0.010348 0.136249 0.013605 0.990527
1784010290.708156109 5.773909 -0.217162 -0.003114 -0.010231 0.136242 0.013673 0.990528
1784010290.712035894 5.776351 -0.217076 -0.003076 -0.010209 0.136104 0.013721 0.990547
1784010290.717880964 5.780047 -0.216951 -0.003025 -0.010204 0.136062 0.013797 0.990552
1784010290.722326040 5.782861 -0.216867 -0.002997 -0.010105 0.136227 0.013865 0.990529
1784010290.727871895 5.786363 -0.216766 -0.002990 -0.010019 0.136333 0.013932 0.990514
1784010290.728023052 5.786458 -0.216764 -0.002990 -0.010020 0.136330 0.013933 0.990515
1784010290.728023052 5.786458 -0.216764 -0.002990 -0.010020 0.136330 0.013933 0.990515
1784010290.732290030 5.789149 -0.216679 -0.002990 -0.010065 0.136282 0.013973 0.990520
1784010290.738049030 5.792790 -0.216562 -0.003005 -0.010163 0.136238 0.014026 0.990525
1784010290.742067099 5.795338 -0.216482 -0.003026 -0.010242 0.136330 0.014054 0.990511
1784010290.748008966 5.799105 -0.216366 -0.003065 -0.010305 0.136447 0.014085 0.990494
1784010290.752579927 5.801992 -0.216282 -0.003104 -0.010303 0.136420 0.014114 0.990497
1784010290.757888079 5.805344 -0.216181 -0.003152 -0.010411 0.136332 0.014114 0.990508
1784010290.762170076 5.808052 -0.216101 -0.003193 -0.010479 0.136299 0.014102 0.990512
1784010290.768016100 5.811762 -0.215992 -0.003243 -0.010511 0.136307 0.014083 0.990511
1784010290.772325993 5.814500 -0.215908 -0.003286 -0.010571 0.136376 0.014061 0.990501
1784010290.778055906 5.818128 -0.215791 -0.003347 -0.010690 0.136382 0.014030 0.990499
1784010290.782011986 5.820627 -0.215709 -0.003397 -0.010764 0.136331 0.013999 0.990506
1784010290.788065910 5.824469 -0.215579 -0.003460 -0.010813 0.136389 0.013981 0.990498
1784010290.792082071 5.827028 -0.215493 -0.003494 -0.010785 0.136538 0.013985 0.990477
1784010290.798079014 5.830841 -0.215358 -0.003531 -0.010729 0.136649 0.014009 0.990462
1784010290.802485943 5.833627 -0.215257 -0.003557 -0.010723 0.136568 0.014028 0.990473
1784010290.807934999 5.837070 -0.215133 -0.003578 -0.010671 0.136477 0.014064 0.990486
1784010290.812047005 5.839674 -0.215042 -0.003584 -0.010555 0.136507 0.014104 0.990482
1784010290.818157911 5.843553 -0.214904 -0.003582 -0.010431 0.136544 0.014160 0.990478
1784010290.822293043 5.846174 -0.214810 -0.003586 -0.010372 0.136489 0.014192 0.990486
1784010290.827836990 5.849682 -0.214682 -0.003600 -0.010341 0.136393 0.014222 0.990499
1784010290.828124046 5.849863 -0.214676 -0.003601 -0.010339 0.136388 0.014223 0.990499
1784010290.828124046 5.849863 -0.214676 -0.003601 -0.010339 0.136388 0.014223 0.990499
1784010290.832411051 5.852585 -0.214572 -0.003603 -0.010299 0.136308 0.014224 0.990511
1784010290.838005066 5.856148 -0.214440 -0.003618 -0.010241 0.136228 0.014212 0.990523
1784010290.842344046 5.858918 -0.214337 -0.003637 -0.010242 0.136235 0.014191 0.990522
1784010290.847984076 5.862520 -0.214198 -0.003661 -0.010291 0.136256 0.014154 0.990519
1784010290.852193117 5.865200 -0.214093 -0.003680 -0.010343 0.136200 0.014123 0.990527
1784010290.858012915 5.868909 -0.213947 -0.003695 -0.010333 0.136099 0.014077 0.990541
1784010290.862157106 5.871550 -0.213844 -0.003698 -0.010296 0.136138 0.014048 0.990537
1784010290.868015051 5.875282 -0.213695 -0.003684 -0.010195 0.136192 0.014012 0.990531
1784010290.872296095 5.878004 -0.213582 -0.003667 -0.010183 0.136123 0.013984 0.990541
1784010290.878163099 5.881743 -0.213424 -0.003634 -0.010200 0.136017 0.013950 0.990556
1784010290.882000923 5.884184 -0.213323 -0.003614 -0.010176 0.136009 0.013940 0.990557
1784010290.887836933 5.887888 -0.213171 -0.003595 -0.010103 0.135946 0.013916 0.990567
1784010290.891988039 5.890516 -0.213064 -0.003595 -0.010026 0.135846 0.013907 0.990582
1784010290.898021936 5.894355 -0.212905 -0.003595 -0.010000 0.135836 0.013885 0.990584
1784010290.902400017 5.897145 -0.212791 -0.003600 -0.009933 0.135875 0.013882 0.990579
1784010290.907907963 5.900648 -0.212650 -0.003615 -0.009812 0.135835 0.013885 0.990586
1784010290.912358999 5.903467 -0.212536 -0.003640 -0.009825 0.135779 0.013861 0.990594
1784010290.918085098 5.907087 -0.212389 -0.003679 -0.009856 0.135740 0.013818 0.990599
1784010290.922264099 5.909721 -0.212285 -0.003709 -0.009862 0.135747 0.013783 0.990599
1784010290.927709103 5.913148 -0.212150 -0.003729 -0.009822 0.135747 0.013741 0.990600
1784010290.927709103 5.913148 -0.212150 -0.003729 -0.009822 0.135747 0.013741 0.990600
1784010290.928011894 5.913337 -0.212142 -0.003728 -0.009821 0.135748 0.013738 0.990600
1784010290.932284117 5.916011 -0.212031 -0.003712 -0.009785 0.135682 0.013715 0.990609
1784010290.938052893 5.919637 -0.211874 -0.003677 -0.009875 0.135695 0.013667 0.990607
1784010290.942718029 5.922567 -0.211751 -0.003646 -0.009869 0.135826 0.013633 0.990590
1784010290.947809935 5.925741 -0.211627 -0.003614 -0.009700 0.135906 0.013612 0.990581
1784010290.952045918 5.928364 -0.211527 -0.003592 -0.009561 0.135974 0.013595 0.990573
1784010290.957977057 5.932062 -0.211379 -0.003559 -0.009650 0.135781 0.013548 0.990599
1784010290.962343931 5.934814 -0.211262 -0.003532 -0.009812 0.135992 0.013503 0.990569
1784010290.968189001 5.938468 -0.211117 -0.003511 -0.009876 0.136268 0.013448 0.990531
1784010290.972239017 5.940961 -0.211027 -0.003523 -0.009921 0.136463 0.013412 0.990505
1784010290.978116035 5.944573 -0.210900 -0.003550 -0.010159 0.136146 0.013308 0.990547
1784010290.982254982 5.947140 -0.210804 -0.003567 -0.010327 0.135926 0.013237 0.990577
1784010290.988003016 5.950718 -0.210666 -0.003589 -0.010362 0.136284 0.013215 0.990528
1784010290.992146015 5.953296 -0.210565 -0.003609 -0.010387 0.136545 0.013201 0.990491
1784010290.997872114 5.956846 -0.210423 -0.003652 -0.010457 0.136369 0.013190 0.990515
1784010291.002360106 5.959612 -0.210308 -0.003709 -0.010513 0.136234 0.013184 0.990533
1784010291.007891893 5.963027 -0.210166 -0.003774 -0.010453 0.136251 0.013187 0.990531
1784010291.012305021 5.965773 -0.210052 -0.003804 -0.010405 0.136267 0.013191 0.990530
1784010291.018027067 5.969330 -0.209901 -0.003832 -0.010467 0.136430 0.013221 0.990506
1784010291.022335052 5.971989 -0.209781 -0.003861 -0.010515 0.136556 0.013246 0.990488
1784010291.027841091 5.975383 -0.209635 -0.003895 -0.010499 0.136288 0.013273 0.990525
1784010291.027935028 5.975441 -0.209633 -0.003896 -0.010498 0.136283 0.013273 0.990525
1784010291.027935028 5.975441 -0.209633 -0.003896 -0.010498 0.136283 0.013273 0.990525
1784010291.032407999 5.978188 -0.209566 -0.003925 -0.010492 0.136079 0.013312 0.990553
1784010291.038017988 5.981642 -0.209487 -0.003963 -0.010351 0.136382 0.013368 0.990512
1784010291.042395115 5.984348 -0.209412 -0.003997 -0.010241 0.136619 0.013410 0.990480
1784010291.048063993 5.987843 -0.209325 -0.004057 -0.010392 0.136346 0.013413 0.990516
1784010291.052262068 5.990416 -0.209271 -0.004116 -0.010503 0.136145 0.013414 0.990542
1784010291.057888985 5.993861 -0.209206 -0.004210 -0.010367 0.136299 0.013424 0.990523
1784010291.062272072 5.996554 -0.209145 -0.004287 -0.010260 0.136421 0.013431 0.990507
1784010291.067992926 6.000087 -0.209061 -0.004394 -0.010421 0.136135 0.013398 0.990545
1784010291.072268963 6.002748 -0.208988 -0.004476 -0.010540 0.135923 0.013373 0.990573
1784010291.078140020 6.006399 -0.208899 -0.004585 -0.010450 0.136185 0.013355 0.990538
1784010291.082264900 6.008951 -0.208840 -0.004653 -0.010387 0.136371 0.013341 0.990514
1784010291.088000059 6.012492 -0.208762 -0.004746 -0.010365 0.136078 0.013330 0.990554
1784010291.092154980 6.015061 -0.208692 -0.004813 -0.010350 0.135868 0.013321 0.990583
1784010291.098083019 6.018741 -0.208596 -0.004893 -0.010387 0.136378 0.013324 0.990513
1784010291.102077961 6.021239 -0.208533 -0.004926 -0.010411 0.136723 0.013324 0.990465
1784010291.107881069 6.024842 -0.208456 -0.004961 -0.010286 0.136545 0.013354 0.990490
1784010291.112133026 6.027445 -0.208397 -0.004992 -0.010193 0.136416 0.013374 0.990509
1784010291.117695093 6.030834 -0.208316 -0.005034 -0.010304 0.135993 0.013377 0.990566
1784010291.122203112 6.033600 -0.208246 -0.005049 -0.010370 0.135839 0.013388 0.990586
1784010291.127734184 6.036995 -0.208162 -0.005058 -0.010267 0.136020 0.013411 0.990562
1784010291.127734184 6.036995 -0.208162 -0.005058 -0.010267 0.136020 0.013411 0.990562
1784010291.127990007 6.037150 -0.208159 -0.005059 -0.010262 0.136027 0.013412 0.990561
1784010291.132203102 6.039698 -0.208100 -0.005064 -0.010188 0.136149 0.013432 0.990545
1784010291.138011932 6.043190 -0.208026 -0.005078 -0.010255 0.135705 0.013455 0.990605
1784010291.142467976 6.045866 -0.207979 -0.005097 -0.010306 0.135370 0.013471 0.990650
1784010291.148022890 6.049212 -0.207926 -0.005118 -0.010231 0.135726 0.013491 0.990602
1784010291.152172089 6.051733 -0.207883 -0.005127 -0.010173 0.135997 0.013505 0.990565
1784010291.158047915 6.055282 -0.207819 -0.005142 -0.010291 0.135839 0.013497 0.990586
1784010291.162311077 6.057826 -0.207769 -0.005171 -0.010374 0.135729 0.013489 0.990600
1784010291.168162107 6.061301 -0.207708 -0.005217 -0.010273 0.135819 0.013492 0.990589
1784010291.172230959 6.063730 -0.207671 -0.005233 -0.010200 0.135887 0.013492 0.990580
1784010291.178138971 6.067261 -0.207608 -0.005247 -0.010160 0.136139 0.013492 0.990546
1784010291.182204962 6.069694 -0.207550 -0.005267 -0.010307 0.136090 0.013463 0.990551
1784010291.188077927 6.073196 -0.207459 -0.005311 -0.010626 0.135947 0.013394 0.990569
1784010291.192384958 6.075763 -0.207399 -0.005357 -0.010751 0.136017 0.013355 0.990558
1784010291.197993040 6.079096 -0.207332 -0.005435 -0.010716 0.136094 0.013318 0.990548
1784010291.202361107 6.081694 -0.207273 -0.005511 -0.010744 0.136067 0.013280 0.990552
1784010291.207839012 6.084968 -0.207178 -0.005627 -0.011046 0.136103 0.013213 0.990545
1784010291.212383032 6.087695 -0.207093 -0.005727 -0.011249 0.136288 0.013171 0.990518
1784010291.218030930 6.091064 -0.207000 -0.005855 -0.011321 0.136472 0.013150 0.990492
1784010291.222500086 6.093715 -0.206936 -0.005952 -0.011304 0.136487 0.013133 0.990490
1784010291.227807999 6.096855 -0.206852 -0.006039 -0.011317 0.136343 0.013130 0.990510
1784010291.228099108 6.097028 -0.206847 -0.006043 -0.011329 0.136333 0.013129 0.990511
1784010291.228099108 6.097028 -0.206847 -0.006043 -0.011329 0.136333 0.013129 0.990511
1784010291.232264996 6.099500 -0.206762 -0.006078 -0.011485 0.136205 0.013113 0.990527
1784010291.238065958 6.102945 -0.206643 -0.006084 -0.011702 0.136182 0.013099 0.990528
1784010291.242392063 6.105506 -0.206567 -0.006060 -0.011642 0.136198 0.013123 0.990526
1784010291.248016119 6.108808 -0.206477 -0.006023 -0.011538 0.136014 0.013160 0.990552
1784010291.252238035 6.111281 -0.206412 -0.005995 -0.011499 0.135770 0.013183 0.990586
1784010291.257991076 6.114669 -0.206325 -0.005952 -0.011360 0.135664 0.013246 0.990601
1784010291.262248039 6.117199 -0.206259 -0.005924 -0.011296 0.135914 0.013303 0.990567
1784010291.268121004 6.120673 -0.206170 -0.005918 -0.011269 0.136229 0.013368 0.990523
1784010291.272172928 6.123052 -0.206115 -0.005945 -0.011249 0.136176 0.013421 0.990530
1784010291.278068066 6.126500 -0.206044 -0.006012 -0.011250 0.135987 0.013471 0.990555
1784010291.282274961 6.128976 -0.205996 -0.006066 -0.011234 0.136074 0.013502 0.990543
1784010291.288191080 6.132467 -0.205923 -0.006144 -0.011274 0.136327 0.013535 0.990507
1784010291.292118073 6.134784 -0.205870 -0.006204 -0.011373 0.136335 0.013545 0.990505
1784010291.297976017 6.138221 -0.205794 -0.006298 -0.011518 0.136135 0.013549 0.990531
1784010291.302489042 6.140866 -0.205743 -0.006368 -0.011531 0.136036 0.013559 0.990544
1784010291.307749033 6.143953 -0.205683 -0.006441 -0.011470 0.136006 0.013569 0.990549
1784010291.312391043 6.146688 -0.205621 -0.006505 -0.011491 0.135992 0.013564 0.990550
1784010291.318022013 6.150010 -0.205533 -0.006587 -0.011635 0.136015 0.013557 0.990546
1784010291.322171926 6.152459 -0.205463 -0.006651 -0.011735 0.136068 0.013541 0.990537
1784010291.327884197 6.155818 -0.205371 -0.006745 -0.011750 0.136120 0.013530 0.990530
1784010291.327884197 6.155818 -0.205371 -0.006745 -0.011750 0.136120 0.013530 0.990530
1784010291.328044891 6.155914 -0.205369 -0.006747 -0.011750 0.136121 0.013530 0.990530
1784010291.332377911 6.158486 -0.205306 -0.006804 -0.011723 0.136154 0.013533 0.990526
1784010291.338017941 6.161843 -0.205220 -0.006871 -0.011746 0.136230 0.013541 0.990515
1784010291.342324018 6.164409 -0.205150 -0.006914 -0.011753 0.136274 0.013560 0.990509
1784010291.347806931 6.167674 -0.205062 -0.006958 -0.011736 0.136326 0.013595 0.990501
1784010291.352219105 6.170295 -0.204994 -0.006988 -0.011671 0.136353 0.013624 0.990498
1784010291.357994080 6.173715 -0.204910 -0.007020 -0.011506 0.136273 0.013679 0.990510
1784010291.362238884 6.176228 -0.204847 -0.007042 -0.011427 0.136156 0.013721 0.990526
1784010291.368135929 6.179733 -0.204761 -0.007070 -0.011351 0.136084 0.013768 0.990537
1784010291.372179985 6.182141 -0.204702 -0.007091 -0.011327 0.136129 0.013782 0.990531
1784010291.377981901 6.185584 -0.204622 -0.007135 -0.011280 0.136079 0.013810 0.990538
1784010291.382255077 6.188111 -0.204562 -0.007183 -0.011277 0.135953 0.013814 0.990555
1784010291.388108015 6.191577 -0.204482 -0.007251 -0.011290 0.135886 0.013813 0.990564
1784010291.392045021 6.193913 -0.204425 -0.007293 -0.011278 0.135915 0.013818 0.990560
1784010291.397957087 6.197421 -0.204336 -0.007349 -0.011331 0.135903 0.013812 0.990561
1784010291.402056932 6.199851 -0.204271 -0.007384 -0.011368 0.135836 0.013797 0.990570
1784010291.407975912 6.203358 -0.204178 -0.007426 -0.011437 0.135836 0.013774 0.990570
1784010291.412312031 6.205923 -0.204110 -0.007451 -0.011414 0.135873 0.013762 0.990565
1784010291.418054104 6.209314 -0.204018 -0.007479 -0.011343 0.135821 0.013752 0.990573
1784010291.422837019 6.212140 -0.203934 -0.007503 -0.011395 0.135729 0.013728 0.990585
1784010291.427832127 6.215097 -0.203844 -0.007527 -0.011430 0.135700 0.013714 0.990589
1784010291.427832127 6.215097 -0.203844 -0.007527 -0.011430 0.135700 0.013714 0.990589
1784010291.427856922 6.215112 -0.203844 -0.007527 -0.011430 0.135700 0.013714 0.990589
1784010291.432199001 6.217700 -0.203774 -0.007541 -0.011418 0.135720 0.013709 0.990587
1784010291.438040018 6.221169 -0.203683 -0.007573 -0.011413 0.135674 0.013701 0.990593
1784010291.442522049 6.223827 -0.203615 -0.007604 -0.011378 0.135598 0.013698 0.990604
1784010291.447966099 6.227058 -0.203533 -0.007643 -0.011351 0.135528 0.013699 0.990614
1784010291.452261925 6.229611 -0.203467 -0.007673 -0.011328 0.135473 0.013705 0.990621
1784010291.457978964 6.233008 -0.203379 -0.007718 -0.011334 0.135434 0.013707 0.990627
1784010291.462219000 6.235521 -0.203312 -0.007756 -0.011363 0.135414 0.013703 0.990629
1784010291.468120098 6.239013 -0.203224 -0.007816 -0.011420 0.135341 0.013682 0.990639
1784010291.472158909 6.241401 -0.203164 -0.007853 -0.011427 0.135296 0.013660 0.990645
1784010291.478024960 6.244879 -0.203077 -0.007890 -0.011399 0.135290 0.013646 0.990646
1784010291.482103109 6.247300 -0.203011 -0.007907 -0.011434 0.135326 0.013635 0.990641
1784010291.487934113 6.250752 -0.202916 -0.007929 -0.011528 0.135316 0.013618 0.990642
1784010291.492347956 6.253356 -0.202846 -0.007946 -0.011540 0.135296 0.013607 0.990645
1784010291.497849941 6.256603 -0.202761 -0.007959 -0.011511 0.135347 0.013589 0.990638
1784010291.502284050 6.259220 -0.202691 -0.007962 -0.011478 0.135368 0.013581 0.990636
1784010291.507847071 6.262502 -0.202594 -0.007968 -0.011553 0.135274 0.013575 0.990648
1784010291.512175083 6.265052 -0.202511 -0.007980 -0.011711 0.135191 0.013560 0.990658
1784010291.518086910 6.268537 -0.202401 -0.008010 -0.011912 0.135181 0.013538 0.990657
1784010291.522469044 6.271119 -0.202323 -0.008043 -0.011994 0.135205 0.013519 0.990653
1784010291.527929068 6.274333 -0.202224 -0.008091 -0.012077 0.135179 0.013514 0.990655
1784010291.527929068 6.274333 -0.202224 -0.008091 -0.012077 0.135179 0.013514 0.990655
1784010291.527954102 6.274348 -0.202224 -0.008091 -0.012077 0.135178 0.013514 0.990656
1784010291.532145977 6.276840 -0.202144 -0.008117 -0.012159 0.135155 0.013492 0.990658
1784010291.537945986 6.280294 -0.202030 -0.008149 -0.012250 0.135155 0.013479 0.990657
1784010291.542499065 6.283004 -0.201941 -0.008177 -0.012299 0.135189 0.013476 0.990652
1784010291.547966003 6.286252 -0.201839 -0.008213 -0.012307 0.135220 0.013476 0.990647
1784010291.552283049 6.288810 -0.201761 -0.008242 -0.012287 0.135241 0.013476 0.990645
1784010291.557943106 6.292166 -0.201658 -0.008271 -0.012284 0.135213 0.013481 0.990649
1784010291.562149048 6.294661 -0.201578 -0.008289 -0.012307 0.135167 0.013495 0.990655
1784010291.568027973 6.298153 -0.201469 -0.008308 -0.012324 0.135109 0.013512 0.990662
1784010291.572201967 6.300630 -0.201395 -0.008323 -0.012318 0.135098 0.013526 0.990663
1784010291.577994108 6.304065 -0.201300 -0.008350 -0.012271 0.135076 0.013538 0.990667
1784010291.582237959 6.306579 -0.201234 -0.008373 -0.012219 0.135039 0.013550 0.990672
1784010291.588006973 6.310006 -0.201146 -0.008408 -0.012183 0.134980 0.013545 0.990681
1784010291.592396021 6.312619 -0.201078 -0.008438 -0.012196 0.134966 0.013538 0.990683
1784010291.597995043 6.315952 -0.200998 -0.008483 -0.012156 0.134927 0.013527 0.990689
1784010291.602220058 6.318461 -0.200941 -0.008528 -0.012108 0.134863 0.013510 0.990698
1784010291.608186007 6.322002 -0.200859 -0.008601 -0.012073 0.134738 0.013461 0.990716
1784010291.612246990 6.324415 -0.200800 -0.008655 -0.012080 0.134667 0.013422 0.990726
1784010291.618001938 6.327848 -0.200713 -0.008727 -0.012138 0.134607 0.013365 0.990735
1784010291.622561932 6.330570 -0.200643 -0.008783 -0.012159 0.134569 0.013318 0.990740
1784010291.627840042 6.333715 -0.200563 -0.008848 -0.012128 0.134477 0.013278 0.990753
1784010291.627876043 6.333736 -0.200562 -0.008848 -0.012128 0.134476 0.013277 0.990754
1784010291.627876043 6.333736 -0.200562 -0.008848 -0.012128 0.134476 0.013277 0.990754
1784010291.632257938 6.336363 -0.200495 -0.008885 -0.012111 0.134415 0.013269 0.990762
1784010291.638005018 6.339815 -0.200407 -0.008927 -0.012025 0.134458 0.013277 0.990757
1784010291.642379045 6.342450 -0.200336 -0.008951 -0.011975 0.134575 0.013290 0.990742
1784010291.647960901 6.345818 -0.200240 -0.008968 -0.011998 0.134692 0.013312 0.990725
1784010291.652421951 6.348504 -0.200164 -0.008974 -0.012006 0.134707 0.013325 0.990723
1784010291.657840014 6.351752 -0.200077 -0.008972 -0.012010 0.134621 0.013334 0.990735
1784010291.662343979 6.354445 -0.200006 -0.008966 -0.011979 0.134499 0.013339 0.990752
1784010291.667808056 6.357715 -0.199916 -0.008948 -0.011994 0.134340 0.013351 0.990773
1784010291.672256947 6.360379 -0.199839 -0.008928 -0.012048 0.134232 0.013362 0.990787
1784010291.678088903 6.363872 -0.199741 -0.008898 -0.012087 0.134064 0.013369 0.990809
1784010291.682157993 6.366304 -0.199677 -0.008880 -0.012031 0.133944 0.013381 0.990825
1784010291.688045979 6.369823 -0.199588 -0.008860 -0.011923 0.133817 0.013402 0.990844
1784010291.692599058 6.372543 -0.199517 -0.008853 -0.011877 0.133770 0.013414 0.990850
1784010291.698187113 6.375884 -0.199427 -0.008846 -0.011869 0.133747 0.013431 0.990853
1784010291.702212095 6.378294 -0.199358 -0.008843 -0.011925 0.133778 0.013433 0.990849
1784010291.708009958 6.381766 -0.199263 -0.008837 -0.011977 0.133865 0.013435 0.990836
1784010291.712266922 6.384307 -0.199198 -0.008838 -0.011949 0.133880 0.013431 0.990835
1784010291.717833042 6.387621 -0.199116 -0.008843 -0.011903 0.133833 0.013422 0.990841
1784010291.721944094 6.390068 -0.199052 -0.008852 -0.011893 0.133794 0.013407 0.990847
1784010291.727655888 6.393479 -0.198957 -0.008871 -0.011952 0.133816 0.013393 0.990844
1784010291.727922201 6.393639 -0.198952 -0.008872 -0.011957 0.133819 0.013391 0.990843
1784010291.727922201 6.393639 -0.198952 -0.008872 -0.011957 0.133819 0.013391 0.990843
1784010291.732136011 6.396188 -0.198883 -0.008880 -0.012039 0.133879 0.013368 0.990834
1784010291.738006115 6.399736 -0.198788 -0.008909 -0.012160 0.133913 0.013330 0.990829
1784010291.742216110 6.402273 -0.198720 -0.008946 -0.012256 0.133897 0.013287 0.990830
1784010291.747639894 6.405545 -0.198634 -0.009005 -0.012359 0.133894 0.013226 0.990830
1784010291.752444029 6.408448 -0.198552 -0.009067 -0.012430 0.133934 0.013181 0.990825
1784010291.757945061 6.411785 -0.198446 -0.009145 -0.012627 0.134052 0.013118 0.990807
1784010291.762315035 6.414439 -0.198360 -0.009205 -0.012752 0.134210 0.013075 0.990785
1784010291.767992020 6.417874 -0.198258 -0.009271 -0.012783 0.134313 0.013050 0.990771
1784010291.772253990 6.420440 -0.198180 -0.009313 -0.012841 0.134277 0.013020 0.990775
1784010291.777968884 6.423881 -0.198072 -0.009342 -0.012925 0.134149 0.013014 0.990791
1784010291.782183886 6.426418 -0.197984 -0.009341 -0.013020 0.134086 0.013019 0.990799
1784010291.787847042 6.429828 -0.197865 -0.009312 -0.013215 0.134026 0.013027 0.990804
1784010291.791949034 6.432289 -0.197783 -0.009274 -0.013220 0.133937 0.013058 0.990816
1784010291.797960043 6.435890 -0.197671 -0.009204 -0.013180 0.133800 0.013126 0.990834
1784010291.802448034 6.438571 -0.197590 -0.009150 -0.013145 0.133712 0.013179 0.990845
1784010291.807751894 6.441743 -0.197496 -0.009091 -0.013036 0.133611 0.013267 0.990859
1784010291.812422991 6.444546 -0.197409 -0.009052 -0.013042 0.133645 0.013335 0.990854
1784010291.817991018 6.447895 -0.197308 -0.009027 -0.013094 0.133806 0.013419 0.990830
1784010291.821959019 6.450272 -0.197241 -0.009028 -0.013090 0.133848 0.013480 0.990824
1784010291.827579021 6.453632 -0.197154 -0.009055 -0.013068 0.133751 0.013556 0.990836
1784010291.827907085 6.453827 -0.197149 -0.009057 -0.013070 0.133749 0.013559 0.990836
1784010291.827907085 6.453827 -0.197149 -0.009057 -0.013070 0.133749 0.013559 0.990836
1784010291.832326889 6.456494 -0.197088 -0.009087 -0.013101 0.133715 0.013596 0.990840
1784010291.838073969 6.459971 -0.197005 -0.009132 -0.013213 0.133778 0.013637 0.990829
1784010291.842076063 6.462393 -0.196946 -0.009167 -0.013310 0.133776 0.013655 0.990828
1784010291.847945929 6.465947 -0.196864 -0.009219 -0.013414 0.133704 0.013672 0.990836
1784010291.852031946 6.468416 -0.196810 -0.009254 -0.013429 0.133671 0.013685 0.990840
1784010291.857929945 6.471978 -0.196735 -0.009307 -0.013456 0.133587 0.013692 0.990851
1784010291.862346888 6.474644 -0.196675 -0.009349 -0.013524 0.133489 0.013678 0.990864
1784010291.867983103 6.478064 -0.196593 -0.009403 -0.013647 0.133476 0.013657 0.990864
1784010291.872369051 6.480733 -0.196527 -0.009444 -0.013716 0.133596 0.013649 0.990847
1784010291.877950907 6.484126 -0.196442 -0.009503 -0.013795 0.133699 0.013627 0.990832
1784010291.882226944 6.486714 -0.196377 -0.009552 -0.013803 0.133677 0.013623 0.990835
1784010291.887970924 6.490191 -0.196287 -0.009613 -0.013814 0.133639 0.013627 0.990840
1784010291.891931057 6.492590 -0.196221 -0.009647 -0.013811 0.133659 0.013638 0.990837
1784010291.897967100 6.496259 -0.196122 -0.009684 -0.013751 0.133683 0.013674 0.990834
1784010291.902405977 6.498954 -0.196048 -0.009701 -0.013706 0.133730 0.013700 0.990828
1784010291.907970905 6.502319 -0.195957 -0.009718 -0.013613 0.133701 0.013741 0.990833
1784010291.912182093 6.504854 -0.195889 -0.009732 -0.013534 0.133559 0.013779 0.990853
1784010291.918050051 6.508402 -0.195793 -0.009751 -0.013463 0.133372 0.013819 0.990878
1784010291.922581911 6.511154 -0.195719 -0.009767 -0.013427 0.133410 0.013841 0.990873
1784010291.927961111 6.514419 -0.195632 -0.009794 -0.013354 0.133481 0.013870 0.990864
1784010291.928008080 6.514448 -0.195631 -0.009795 -0.013354 0.133480 0.013870 0.990865
1784010291.928008080 6.514448 -0.195631 -0.009795 -0.013354 0.133480 0.013870 0.990865
1784010291.932300091 6.517066 -0.195563 -0.009812 -0.013332 0.133376 0.013866 0.990879
1784010291.937990904 6.520540 -0.195475 -0.009846 -0.013361 0.133213 0.013843 0.990901
1784010291.942279100 6.523159 -0.195412 -0.009870 -0.013315 0.133196 0.013839 0.990904
1784010291.948000908 6.526654 -0.195323 -0.009896 -0.013312 0.133199 0.013819 0.990904
1784010291.952119112 6.529168 -0.195255 -0.009912 -0.013333 0.133121 0.013794 0.990914
1784010291.957954884 6.532741 -0.195156 -0.009919 -0.013371 0.133114 0.013747 0.990915
1784010291.962680101 6.535629 -0.195074 -0.009916 -0.013380 0.133179 0.013718 0.990907
1784010291.967772007 6.538728 -0.194989 -0.009908 -0.013269 0.133095 0.013709 0.990920
1784010291.972225904 6.541436 -0.194911 -0.009897 -0.013209 0.132938 0.013692 0.990942
1784010291.978107929 6.545032 -0.194803 -0.009879 -0.013232 0.132844 0.013656 0.990955
1784010291.982151985 6.547507 -0.194728 -0.009871 -0.013241 0.132872 0.013635 0.990951
1784010291.987857103 6.550991 -0.194626 -0.009870 -0.013172 0.132831 0.013597 0.990958
1784010291.991916895 6.553459 -0.194554 -0.009884 -0.013159 0.132763 0.013570 0.990968
1784010291.997828960 6.557056 -0.194448 -0.009910 -0.013153 0.132647 0.013537 0.990984
1784010292.001996040 6.559591 -0.194373 -0.009932 -0.013101 0.132560 0.013527 0.990996
1784010292.007986069 6.563248 -0.194266 -0.009962 -0.013037 0.132529 0.013497 0.991001
1784010292.012159109 6.565795 -0.194189 -0.009983 -0.013009 0.132600 0.013477 0.990993
1784010292.017975092 6.569337 -0.194082 -0.010017 -0.013035 0.132606 0.013450 0.990992
1784010292.022226095 6.571916 -0.194004 -0.010045 -0.013043 0.132514 0.013423 0.991004
1784010292.027623892 6.575196 -0.193909 -0.010065 -0.012964 0.132445 0.013389 0.991015
1784010292.027665138 6.575222 -0.193909 -0.010065 -0.012964 0.132445 0.013388 0.991015
1784010292.027665138 6.575222 -0.193909 -0.010065 -0.012964 0.132445 0.013388 0.991015
1784010292.032291889 6.578065 -0.193836 -0.010061 -0.012972 0.132522 0.013379 0.991005
1784010292.037947893 6.581542 -0.193744 -0.010056 -0.013065 0.132566 0.013353 0.990998
1784010292.042335033 6.584231 -0.193672 -0.010055 -0.013097 0.132557 0.013339 0.990999
1784010292.047939062 6.587666 -0.193586 -0.010048 -0.013096 0.132658 0.013322 0.990986
1784010292.052345037 6.590363 -0.193521 -0.010039 -0.013031 0.132751 0.013317 0.990974
1784010292.057861090 6.593739 -0.193436 -0.010026 -0.013032 0.132737 0.013316 0.990976
1784010292.061940908 6.596233 -0.193364 -0.010020 -0.013137 0.132715 0.013293 0.990978
1784010292.067936897 6.599903 -0.193258 -0.010016 -0.013321 0.132795 0.013269 0.990965
1784010292.072124958 6.602462 -0.193185 -0.010021 -0.013426 0.132854 0.013243 0.990956
1784010292.077953100 6.606022 -0.193086 -0.010037 -0.013543 0.132828 0.013222 0.990958
1784010292.082218885 6.608622 -0.193010 -0.010054 -0.013616 0.132807 0.013204 0.990960
1784010292.087939024 6.612114 -0.192906 -0.010074 -0.013710 0.132825 0.013204 0.990957
1784010292.092044115 6.614622 -0.192829 -0.010091 -0.013751 0.132860 0.013209 0.990951
1784010292.097964048 6.618245 -0.192721 -0.010118 -0.013793 0.133001 0.013209 0.990932
1784010292.102113962 6.620776 -0.192647 -0.010139 -0.013785 0.133114 0.013211 0.990917
1784010292.107739925 6.624199 -0.192552 -0.010167 -0.013788 0.133147 0.013222 0.990912
1784010292.112348080 6.626998 -0.192473 -0.010185 -0.013824 0.133077 0.013229 0.990921
1784010292.118015051 6.630450 -0.192377 -0.010194 -0.013859 0.133057 0.013252 0.990923
1784010292.122201920 6.633005 -0.192306 -0.010195 -0.013870 0.133120 0.013270 0.990914
1784010292.127724886 6.636376 -0.192217 -0.010200 -0.013861 0.133194 0.013303 0.990904
1784010292.127952099 6.636514 -0.192214 -0.010200 -0.013859 0.133194 0.013304 0.990904
1784010292.127952099 6.636514 -0.192214 -0.010200 -0.013859 0.133194 0.013304 0.990904
1784010292.132206917 6.639117 -0.192163 -0.010199 -0.013814 0.133174 0.013321 0.990907
1784010292.137969017 6.642641 -0.192100 -0.010208 -0.013742 0.133088 0.013344 0.990919
1784010292.142379999 6.645344 -0.192051 -0.010224 -0.013743 0.133039 0.013343 0.990926
1784010292.148097992 6.648862 -0.191991 -0.010253 -0.013754 0.133031 0.013333 0.990927
1784010292.152199984 6.651389 -0.191950 -0.010282 -0.013721 0.133055 0.013319 0.990924
1784010292.157948017 6.654925 -0.191896 -0.010337 -0.013704 0.133028 0.013284 0.990929
1784010292.162379980 6.657645 -0.191852 -0.010391 -0.013704 0.132951 0.013247 0.990939
1784010292.167659998 6.660891 -0.191800 -0.010457 -0.013686 0.132875 0.013206 0.990950
1784010292.172233105 6.663711 -0.191751 -0.010510 -0.013694 0.132897 0.013158 0.990948
1784010292.177983046 6.667265 -0.191688 -0.010568 -0.013676 0.132934 0.013115 0.990944
1784010292.182194948 6.669864 -0.191640 -0.010609 -0.013646 0.132942 0.013086 0.990944
1784010292.187856913 6.673356 -0.191576 -0.010659 -0.013585 0.132973 0.013051 0.990941
1784010292.192184925 6.676024 -0.191525 -0.010689 -0.013494 0.133037 0.013045 0.990933
1784010292.197942972 6.679582 -0.191455 -0.010716 -0.013411 0.133125 0.013051 0.990923
1784010292.202218056 6.682226 -0.191397 -0.010727 -0.013403 0.133180 0.013052 0.990915
1784010292.207918882 6.685749 -0.191323 -0.010732 -0.013389 0.133233 0.013053 0.990908
1784010292.212133884 6.688344 -0.191268 -0.010733 -0.013353 0.133217 0.013051 0.990911
1784010292.218139887 6.692034 -0.191193 -0.010739 -0.013310 0.133062 0.013052 0.990932
1784010292.222208977 6.694532 -0.191137 -0.010744 -0.013319 0.132956 0.013046 0.990947
1784010292.227653980 6.697885 -0.191062 -0.010751 -0.013360 0.132888 0.013041 0.990955
1784010292.227653980 6.697885 -0.191062 -0.010751 -0.013360 0.132888 0.013041 0.990955
1784010292.227885962 6.698029 -0.191059 -0.010750 -0.013362 0.132886 0.013039 0.990955
1784010292.232495070 6.700878 -0.191002 -0.010739 -0.013376 0.132896 0.013017 0.990954
1784010292.237979889 6.704261 -0.190937 -0.010729 -0.013315 0.132902 0.012999 0.990955
1784010292.242248058 6.706884 -0.190886 -0.010729 -0.013255 0.132872 0.012990 0.990959
1784010292.248070955 6.710464 -0.190814 -0.010726 -0.013230 0.132840 0.012974 0.990964
1784010292.252147913 6.712976 -0.190759 -0.010722 -0.013210 0.132819 0.012964 0.990967
1784010292.257919073 6.716536 -0.190679 -0.010708 -0.013295 0.132984 0.012929 0.990945
1784010292.262382030 6.719283 -0.190619 -0.010697 -0.013335 0.133075 0.012900 0.990932
1784010292.267754078 6.722581 -0.190549 -0.010684 -0.013335 0.133018 0.012860 0.990941
1784010292.272146940 6.725272 -0.190490 -0.010679 -0.013333 0.132972 0.012828 0.990947
1784010292.277951002 6.728838 -0.190412 -0.010676 -0.013398 0.133097 0.012781 0.990930
1784010292.282341003 6.731550 -0.190352 -0.010680 -0.013445 0.133194 0.012747 0.990917
1784010292.287856102 6.734965 -0.190272 -0.010712 -0.013566 0.133206 0.012688 0.990914
1784010292.292239904 6.737678 -0.190201 -0.010773 -0.013661 0.133216 0.012643 0.990912
1784010292.297970057 6.741227 -0.190110 -0.010873 -0.013743 0.133446 0.012563 0.990881
1784010292.302331924 6.743931 -0.190050 -0.010951 -0.013803 0.133622 0.012504 0.990857
1784010292.307924032 6.747396 -0.189971 -0.011063 -0.013984 0.133721 0.012406 0.990843
1784010292.312243938 6.750065 -0.189902 -0.011168 -0.014121 0.133799 0.012331 0.990831
1784010292.317945957 6.753587 -0.189809 -0.011301 -0.014219 0.134036 0.012248 0.990799
1784010292.322161913 6.756194 -0.189744 -0.011382 -0.014289 0.134214 0.012187 0.990774
1784010292.327733040 6.759633 -0.189659 -0.011457 -0.014270 0.134277 0.012138 0.990767
1784010292.327733040 6.759633 -0.189659 -0.011457 -0.014270 0.134277 0.012138 0.990767
1784010292.327922106 6.759750 -0.189656 -0.011458 -0.014269 0.134279 0.012137 0.990766
1784010292.332458019 6.762543 -0.189583 -0.011472 -0.014244 0.134329 0.012112 0.990760
1784010292.337964058 6.765925 -0.189492 -0.011459 -0.014423 0.134144 0.012088 0.990783
1784010292.342318058 6.768596 -0.189417 -0.011433 -0.014564 0.133999 0.012068 0.990801
1784010292.348009109 6.772088 -0.189319 -0.011372 -0.014476 0.134100 0.012096 0.990788
1784010292.352175951 6.774651 -0.189249 -0.011308 -0.014411 0.134176 0.012116 0.990779
1784010292.357971907 6.778207 -0.189154 -0.011221 -0.014380 0.134060 0.012160 0.990794
1784010292.362210035 6.780790 -0.189087 -0.011178 -0.014356 0.133979 0.012190 0.990805
1784010292.367921114 6.784282 -0.189003 -0.011136 -0.014307 0.134215 0.012238 0.990773
1784010292.372303009 6.786989 -0.188942 -0.011112 -0.014268 0.134399 0.012272 0.990749
1784010292.377784967 6.790370 -0.188870 -0.011107 -0.014253 0.134464 0.012310 0.990740
1784010292.382210016 6.793070 -0.188813 -0.011137 -0.014239 0.134518 0.012339 0.990732
1784010292.388067007 6.796640 -0.188739 -0.011195 -0.014388 0.134518 0.012336 0.990730
1784010292.392133951 6.799132 -0.188690 -0.011237 -0.014491 0.134522 0.012333 0.990728
1784010292.397766113 6.802600 -0.188624 -0.011292 -0.014554 0.134667 0.012332 0.990707
1784010292.402005911 6.805216 -0.188574 -0.011333 -0.014592 0.134729 0.012326 0.990698
1784010292.407908916 6.808851 -0.188505 -0.011391 -0.014666 0.134631 0.012315 0.990711
1784010292.412405014 6.811612 -0.188455 -0.011440 -0.014722 0.134559 0.012305 0.990720
1784010292.417603016 6.814805 -0.188397 -0.011501 -0.014807 0.134462 0.012264 0.990732
1784010292.422127962 6.817595 -0.188346 -0.011552 -0.014825 0.134495 0.012225 0.990728
1784010292.427781105 6.821099 -0.188274 -0.011610 -0.014953 0.134735 0.012180 0.990694
1784010292.427781105 6.821099 -0.188274 -0.011610 -0.014953 0.134735 0.012180 0.990694
1784010292.427942991 6.821200 -0.188272 -0.011611 -0.014956 0.134742 0.012178 0.990693
1784010292.432260036 6.823881 -0.188216 -0.011648 -0.015041 0.134945 0.012131 0.990665
1784010292.437956095 6.827402 -0.188144 -0.011699 -0.015044 0.134963 0.012090 0.990663
1784010292.442347050 6.830108 -0.188090 -0.011741 -0.015048 0.134976 0.012060 0.990661
1784010292.447750092 6.833442 -0.188025 -0.011782 -0.014966 0.135091 0.012043 0.990647
1784010292.452122927 6.836146 -0.187970 -0.011804 -0.014871 0.135194 0.012043 0.990634
1784010292.457786083 6.839650 -0.187893 -0.011826 -0.014857 0.135299 0.012023 0.990620
1784010292.462058067 6.842289 -0.187835 -0.011837 -0.014803 0.135369 0.012017 0.990612
1784010292.468096018 6.846007 -0.187761 -0.011854 -0.014651 0.135369 0.012018 0.990614
1784010292.472130060 6.848487 -0.187713 -0.011872 -0.014551 0.135304 0.012017 0.990624
1784010292.477941990 6.852066 -0.187642 -0.011900 -0.014479 0.135278 0.011997 0.990629
1784010292.482017040 6.854583 -0.187589 -0.011923 -0.014470 0.135341 0.011973 0.990621
1784010292.487903118 6.858222 -0.187516 -0.011965 -0.014438 0.135435 0.011935 0.990609
1784010292.492238045 6.860898 -0.187464 -0.012007 -0.014406 0.135469 0.011900 0.990605
1784010292.497951031 6.864413 -0.187397 -0.012068 -0.014317 0.135468 0.011862 0.990607
1784010292.502160072 6.866997 -0.187343 -0.012116 -0.014282 0.135450 0.011833 0.990611
1784010292.508068085 6.870629 -0.187259 -0.012171 -0.014317 0.135437 0.011789 0.990612
1784010292.512018919 6.873072 -0.187197 -0.012198 -0.014382 0.135460 0.011752 0.990609
1784010292.517941952 6.876757 -0.187109 -0.012217 -0.014395 0.135623 0.011699 0.990587
1784010292.522237062 6.879426 -0.187049 -0.012222 -0.014310 0.135759 0.011671 0.990570
1784010292.527728081 6.882810 -0.186972 -0.012240 -0.014252 0.135708 0.011625 0.990578
1784010292.527728081 6.882810 -0.186972 -0.012240 -0.014252 0.135708 0.011625 0.990578
1784010292.527997017 6.882975 -0.186969 -0.012241 -0.014249 0.135704 0.011623 0.990579
1784010292.532640934 6.885829 -0.186906 -0.012252 -0.014231 0.135545 0.011592 0.990601
1784010292.537991047 6.889130 -0.186831 -0.012264 -0.014216 0.135603 0.011547 0.990594
1784010292.542382002 6.891848 -0.186771 -0.012271 -0.014210 0.135808 0.011513 0.990566
1784010292.547897100 6.895249 -0.186700 -0.012280 -0.014092 0.135895 0.011479 0.990556
1784010292.552248001 6.897913 -0.186643 -0.012294 -0.014052 0.135794 0.011453 0.990571
1784010292.558082104 6.901474 -0.186567 -0.012318 -0.014032 0.135554 0.011430 0.990605
1784010292.562010050 6.903875 -0.186516 -0.012338 -0.013993 0.135445 0.011406 0.990620
1784010292.567934990 6.907520 -0.186438 -0.012363 -0.013927 0.135505 0.011362 0.990614
1784010292.572186947 6.910140 -0.186380 -0.012383 -0.013917 0.135679 0.011327 0.990590
1784010292.577919006 6.913647 -0.186301 -0.012419 -0.013935 0.135697 0.011272 0.990588
1784010292.582020044 6.916143 -0.186247 -0.012451 -0.013929 0.135526 0.011237 0.990612
1784010292.587944984 6.919769 -0.186171 -0.012478 -0.013886 0.135461 0.011180 0.990622
1784010292.592156887 6.922364 -0.186114 -0.012484 -0.013858 0.135680 0.011144 0.990593
1784010292.597986937 6.925947 -0.186030 -0.012487 -0.013864 0.135948 0.011082 0.990557
1784010292.602231026 6.928536 -0.185967 -0.012491 -0.013866 0.135934 0.011043 0.990559
1784010292.607912064 6.931998 -0.185886 -0.012489 -0.013838 0.135860 0.011005 0.990570
1784010292.612188101 6.934607 -0.185826 -0.012482 -0.013808 0.135900 0.010975 0.990566
1784010292.617950916 6.938126 -0.185740 -0.012475 -0.013802 0.135928 0.010935 0.990562
1784010292.622399092 6.940840 -0.185665 -0.012482 -0.013934 0.135922 0.010876 0.990562
1784010292.627883911 6.944187 -0.185572 -0.012504 -0.014142 0.135947 0.010805 0.990556
1784010292.627923012 6.944211 -0.185571 -0.012504 -0.014143 0.135946 0.010805 0.990556
1784010292.627923012 6.944211 -0.185571 -0.012504 -0.014143 0.135946 0.010805 0.990556
1784010292.632567883 6.947040 -0.185498 -0.012513 -0.014207 0.135966 0.010762 0.990553
1784010292.637913942 6.950291 -0.185415 -0.012530 -0.014217 0.135975 0.010712 0.990552
1784010292.642342091 6.952984 -0.185342 -0.012546 -0.014235 0.136009 0.010687 0.990548
1784010292.647876024 6.956354 -0.185245 -0.012562 -0.014291 0.136085 0.010662 0.990537
1784010292.652525902 6.959190 -0.185162 -0.012577 -0.014335 0.136167 0.010640 0.990525
1784010292.657948971 6.962492 -0.185073 -0.012587 -0.014294 0.136280 0.010631 0.990510
1784010292.662070036 6.964994 -0.185008 -0.012590 -0.014235 0.136351 0.010636 0.990501
1784010292.667931080 6.968542 -0.184916 -0.012590 -0.014229 0.136308 0.010637 0.990507
1784010292.672317982 6.971197 -0.184844 -0.012591 -0.014251 0.136229 0.010643 0.990518
1784010292.677917004 6.974600 -0.184754 -0.012585 -0.014263 0.136265 0.010636 0.990513
1784010292.682145119 6.977181 -0.184689 -0.012579 -0.014228 0.136424 0.010637 0.990491
1784010292.688069105 6.980780 -0.184607 -0.012580 -0.014110 0.136489 0.010646 0.990484
1784010292.692095041 6.983214 -0.184553 -0.012595 -0.014087 0.136368 0.010637 0.990501
1784010292.697921038 6.986745 -0.184478 -0.012623 -0.014095 0.136211 0.010601 0.990523
1784010292.702220917 6.989369 -0.184425 -0.012647 -0.014069 0.136268 0.010577 0.990516
1784010292.707927942 6.992857 -0.184359 -0.012685 -0.013994 0.136402 0.010532 0.990499
1784010292.712050915 6.995372 -0.184312 -0.012723 -0.013957 0.136324 0.010490 0.990510
1784010292.717963934 6.998988 -0.184242 -0.012787 -0.013986 0.136067 0.010410 0.990546
1784010292.722311020 7.001666 -0.184190 -0.012837 -0.014002 0.136055 0.010350 0.990548
1784010292.727595091 7.004923 -0.184131 -0.012893 -0.013895 0.136168 0.010290 0.990535
1784010292.727595091 7.004923 -0.184131 -0.012893 -0.013895 0.136168 0.010290 0.990535
1784010292.727920055 7.005123 -0.184128 -0.012896 -0.013888 0.136176 0.010287 0.990534
1784010292.731910944 7.007576 -0.184087 -0.012931 -0.013812 0.136180 0.010248 0.990535
1784010292.737910032 7.011275 -0.184023 -0.012979 -0.013760 0.136183 0.010204 0.990536
1784010292.742300987 7.013993 -0.183974 -0.013003 -0.013645 0.136345 0.010195 0.990515
1784010292.747569084 7.017246 -0.183913 -0.013020 -0.013469 0.136550 0.010196 0.990489
1784010292.752194881 7.020094 -0.183855 -0.013026 -0.013364 0.136550 0.010197 0.990491
1784010292.757957935 7.023651 -0.183778 -0.013016 -0.013327 0.136517 0.010197 0.990496
1784010292.762382030 7.026393 -0.183719 -0.012996 -0.013302 0.136596 0.010190 0.990485
1784010292.767901897 7.029804 -0.183651 -0.012962 -0.013158 0.136649 0.010191 0.990480
1784010292.772130966 7.032403 -0.183597 -0.012943 -0.013070 0.136598 0.010187 0.990488
1784010292.777864933 7.035914 -0.183519 -0.012934 -0.013055 0.136471 0.010181 0.990506
1784010292.782135963 7.038524 -0.183458 -0.012936 -0.013057 0.136400 0.010178 0.990515
1784010292.788095951 7.042172 -0.183374 -0.012932 -0.012959 0.136272 0.010181 0.990534
1784010292.792112112 7.044652 -0.183315 -0.012925 -0.012913 0.136225 0.010188 0.990541
1784010292.797981024 7.048294 -0.183227 -0.012912 -0.012832 0.136412 0.010213 0.990516
1784010292.802524090 7.051089 -0.183157 -0.012915 -0.012826 0.136476 0.010207 0.990508
1784010292.807898045 7.054366 -0.183075 -0.012942 -0.012862 0.136251 0.010195 0.990538
1784010292.812133074 7.056969 -0.183009 -0.012964 -0.012872 0.136170 0.010169 0.990550
1784010292.817948103 7.060591 -0.182920 -0.012970 -0.012896 0.136653 0.010135 0.990483
1784010292.822207928 7.063240 -0.182853 -0.012968 -0.012836 0.136988 0.010115 0.990438
1784010292.827580929 7.066535 -0.182764 -0.012986 -0.012806 0.136835 0.010076 0.990460
1784010292.827758074 7.066643 -0.182761 -0.012987 -0.012812 0.136826 0.010074 0.990461
1784010292.827758074 7.066643 -0.182761 -0.012987 -0.012812 0.136826 0.010074 0.990461
1784010292.831923962 7.069183 -0.182696 -0.013005 -0.012956 0.136605 0.010014 0.990490
1784010292.837959051 7.072901 -0.182604 -0.013024 -0.013081 0.136646 0.009923 0.990484
1784010292.841952085 7.075385 -0.182544 -0.013034 -0.013082 0.136877 0.009877 0.990452
1784010292.847882032 7.079054 -0.182452 -0.013067 -0.013131 0.137074 0.009778 0.990425
1784010292.852243900 7.081730 -0.182376 -0.013118 -0.013281 0.137002 0.009702 0.990434
1784010292.857584000 7.085007 -0.182279 -0.013210 -0.013540 0.136792 0.009599 0.990461
1784010292.862297058 7.087923 -0.182196 -0.013302 -0.013665 0.136774 0.009531 0.990462
1784010292.867887020 7.091409 -0.182105 -0.013398 -0.013548 0.137108 0.009494 0.990418
1784010292.872319937 7.094172 -0.182029 -0.013461 -0.013502 0.137456 0.009474 0.990371
1784010292.877898932 7.097612 -0.181926 -0.013535 -0.013663 0.137382 0.009424 0.990379
1784010292.882216930 7.100260 -0.181844 -0.013583 -0.013786 0.137047 0.009403 0.990424
1784010292.887945890 7.103791 -0.181746 -0.013592 -0.013788 0.136917 0.009392 0.990442
1784010292.892091036 7.106362 -0.181678 -0.013559 -0.013677 0.137104 0.009410 0.990418
1784010292.897886992 7.109939 -0.181576 -0.013488 -0.013664 0.137119 0.009429 0.990416
1784010292.901949883 7.112428 -0.181500 -0.013438 -0.013775 0.136864 0.009431 0.990449
1784010292.907845974 7.116043 -0.181404 -0.013361 -0.013735 0.136628 0.009466 0.990482
1784010292.912466049 7.118898 -0.181340 -0.013303 -0.013593 0.136799 0.009507 0.990460
1784010292.917678118 7.122127 -0.181269 -0.013258 -0.013446 0.137039 0.009563 0.990428
1784010292.922221899 7.124933 -0.181201 -0.013249 -0.013432 0.137012 0.009604 0.990432
1784010292.927735090 7.128331 -0.181117 -0.013274 -0.013575 0.136903 0.009630 0.990445
1784010292.927735090 7.128331 -0.181117 -0.013274 -0.013575 0.136903 0.009630 0.990445
1784010292.927800894 7.128371 -0.181116 -0.013274 -0.013576 0.136902 0.009631 0.990445
1784010292.931952000 7.130922 -0.181062 -0.013305 -0.013578 0.136953 0.009651 0.990437
1784010292.937669039 7.134438 -0.180994 -0.013367 -0.013547 0.137108 0.009676 0.990416
1784010292.942120075 7.137175 -0.180938 -0.013429 -0.013614 0.137108 0.009665 0.990415
1784010292.947727919 7.140618 -0.180863 -0.013511 -0.013802 0.136967 0.009642 0.990433
1784010292.952117920 7.143314 -0.180805 -0.013572 -0.013918 0.136915 0.009620 0.990438
1784010292.957907915 7.146862 -0.180742 -0.013648 -0.013934 0.136982 0.009584 0.990429
1784010292.962045908 7.149395 -0.180702 -0.013704 -0.013869 0.136971 0.009557 0.990432
1784010292.967940092 7.153005 -0.180631 -0.013781 -0.013993 0.136903 0.009474 0.990440
1784010292.972572088 7.155857 -0.180569 -0.013833 -0.014103 0.136965 0.009418 0.990431
1784010292.977869987 7.159124 -0.180498 -0.013876 -0.014115 0.137139 0.009379 0.990407
1784010292.982115030 7.161736 -0.180442 -0.013909 -0.014118 0.137213 0.009346 0.990397
1784010292.987951994 7.165307 -0.180363 -0.013956 -0.014071 0.137100 0.009326 0.990413
1784010292.992089987 7.167837 -0.180304 -0.013986 -0.014052 0.137031 0.009316 0.990423
1784010292.997912884 7.171425 -0.180218 -0.014010 -0.014056 0.137105 0.009304 0.990413
1784010293.001950979 7.173934 -0.180161 -0.014014 -0.013961 0.137269 0.009311 0.990392
1784010293.007919073 7.177622 -0.180081 -0.014023 -0.013779 0.137407 0.009329 0.990375
1784010293.012371063 7.180347 -0.180020 -0.014048 -0.013687 0.137233 0.009342 0.990400
1784010293.017998934 7.183796 -0.179944 -0.014096 -0.013607 0.136961 0.009353 0.990439
1784010293.022165060 7.186371 -0.179888 -0.014132 -0.013536 0.137038 0.009352 0.990429
1784010293.027832031 7.189882 -0.179809 -0.014187 -0.013484 0.137284 0.009339 0.990396
1784010293.027832031 7.189882 -0.179809 -0.014187 -0.013484 0.137284 0.009339 0.990396
1784010293.027899027 7.189924 -0.179808 -0.014188 -0.013483 0.137287 0.009338 0.990396
1784010293.031903028 7.192388 -0.179752 -0.014224 -0.013472 0.137255 0.009305 0.990400
1784010293.037966967 7.196101 -0.179666 -0.014287 -0.013435 0.136996 0.009253 0.990437
1784010293.042045116 7.198598 -0.179609 -0.014334 -0.013415 0.136926 0.009219 0.990448
1784010293.047848940 7.202154 -0.179524 -0.014387 -0.013373 0.136930 0.009171 0.990448
1784010293.052134037 7.204788 -0.179456 -0.014418 -0.013401 0.136927 0.009124 0.990448
1784010293.057898998 7.208336 -0.179359 -0.014438 -0.013485 0.137017 0.009047 0.990436
1784010293.061968088 7.210834 -0.179293 -0.014440 -0.013441 0.137052 0.009014 0.990432
1784010293.067931890 7.214478 -0.179200 -0.014438 -0.013339 0.136902 0.008965 0.990454
1784010293.072541952 7.217299 -0.179128 -0.014433 -0.013242 0.136782 0.008929 0.990472
1784010293.077877045 7.220577 -0.179038 -0.014419 -0.013220 0.136859 0.008878 0.990463
1784010293.082017899 7.223124 -0.178968 -0.014414 -0.013226 0.136931 0.008837 0.990453
1784010293.087898016 7.226728 -0.178874 -0.014417 -0.013114 0.136877 0.008784 0.990462
1784010293.092256069 7.229391 -0.178808 -0.014433 -0.013059 0.136831 0.008746 0.990470
1784010293.097762108 7.232743 -0.178725 -0.014468 -0.012958 0.136778 0.008720 0.990479
1784010293.101958990 7.235290 -0.178661 -0.014509 -0.012904 0.136706 0.008691 0.990489
1784010293.107604980 7.238712 -0.178576 -0.014565 -0.012855 0.136618 0.008633 0.990503
1784010293.112008095 7.241396 -0.178510 -0.014601 -0.012799 0.136567 0.008597 0.990511
1784010293.117912054 7.245026 -0.178418 -0.014633 -0.012792 0.136602 0.008547 0.990507
1784010293.122221947 7.247680 -0.178355 -0.014651 -0.012766 0.136714 0.008493 0.990492
1784010293.127859116 7.251111 -0.178274 -0.014685 -0.012648 0.136695 0.008437 0.990497
1784010293.127859116 7.251111 -0.178274 -0.014685 -0.012648 0.136695 0.008437 0.990497
1784010293.128030062 7.251214 -0.178271 -0.014685 -0.012645 0.136694 0.008435 0.990497
1784010293.132095098 7.253669 -0.178207 -0.014706 -0.012721 0.136576 0.008370 0.990513
1784010293.137167931 7.256755 -0.178127 -0.014712 -0.012743 0.136570 0.008300 0.990514
1784010293.142128944 7.259800 -0.178050 -0.014690 -0.012627 0.136846 0.008274 0.990477
1784010293.147929907 7.263352 -0.177953 -0.014655 -0.012584 0.137222 0.008224 0.990426
1784010293.152228117 7.265956 -0.177878 -0.014641 -0.012598 0.137202 0.008183 0.990429
1784010293.157875061 7.269356 -0.177779 -0.014640 -0.012753 0.136943 0.008109 0.990464
1784010293.162229061 7.271987 -0.177704 -0.014644 -0.012854 0.136864 0.008036 0.990474
1784010293.167866945 7.275418 -0.177606 -0.014636 -0.012834 0.137027 0.007975 0.990452
1784010293.171910048 7.277887 -0.177527 -0.014634 -0.012921 0.137172 0.007930 0.990431
1784010293.177884102 7.281507 -0.177401 -0.014652 -0.013174 0.137096 0.007865 0.990439
1784010293.182183981 7.284090 -0.177315 -0.014680 -0.013260 0.136903 0.007832 0.990465
1784010293.187901020 7.287531 -0.177215 -0.014716 -0.013199 0.136842 0.007786 0.990474
1784010293.191983938 7.290008 -0.177146 -0.014732 -0.013067 0.136999 0.007779 0.990454
1784010293.197928905 7.293629 -0.177032 -0.014744 -0.013049 0.137316 0.007784 0.990411
1784010293.202141047 7.296184 -0.176945 -0.014754 -0.013108 0.137381 0.007785 0.990401
1784010293.207909107 7.299649 -0.176833 -0.014772 -0.013143 0.137186 0.007797 0.990427
1784010293.212074041 7.302145 -0.176761 -0.014791 -0.013098 0.137080 0.007811 0.990443
1784010293.217586994 7.305456 -0.176670 -0.014801 -0.012947 0.137204 0.007823 0.990427
1784010293.222192049 7.308223 -0.176591 -0.014805 -0.012938 0.137353 0.007816 0.990407
1784010293.227632999 7.311486 -0.176496 -0.014813 -0.012944 0.137227 0.007817 0.990424
1784010293.227632999 7.311486 -0.176496 -0.014813 -0.012944 0.137227 0.007817 0.990424
1784010293.228055000 7.311739 -0.176490 -0.014813 -0.012944 0.137217 0.007817 0.990426
1784010293.232117891 7.314181 -0.176426 -0.014817 -0.012990 0.137102 0.007808 0.990441
1784010293.237921000 7.317670 -0.176350 -0.014834 -0.013037 0.137080 0.007770 0.990444
1784010293.242271900 7.320277 -0.176305 -0.014859 -0.012927 0.136985 0.007744 0.990458
1784010293.247737885 7.323565 -0.176252 -0.014908 -0.012782 0.136775 0.007690 0.990490
1784010293.252187967 7.326265 -0.176203 -0.014956 -0.012773 0.136832 0.007629 0.990482
1784010293.257916927 7.329742 -0.176138 -0.015028 -0.012745 0.137055 0.007557 0.990453
1784010293.262233973 7.332343 -0.176090 -0.015094 -0.012683 0.137022 0.007513 0.990458
1784010293.267946959 7.335783 -0.176033 -0.015177 -0.012559 0.136839 0.007457 0.990486
1784010293.272325039 7.338438 -0.175989 -0.015227 -0.012469 0.136875 0.007422 0.990482
1784010293.277489901 7.341583 -0.175932 -0.015270 -0.012365 0.137070 0.007393 0.990457
1784010293.282273054 7.344488 -0.175874 -0.015300 -0.012256 0.137173 0.007378 0.990444
1784010293.287873030 7.347872 -0.175800 -0.015330 -0.012212 0.137199 0.007355 0.990441
1784010293.292160034 7.350458 -0.175742 -0.015347 -0.012208 0.137167 0.007347 0.990446
1784010293.298036098 7.354013 -0.175672 -0.015354 -0.012050 0.137059 0.007341 0.990462
1784010293.302114964 7.356491 -0.175626 -0.015348 -0.011907 0.137084 0.007351 0.990461
1784010293.307856083 7.359975 -0.175556 -0.015338 -0.011830 0.137226 0.007337 0.990442
1784010293.312258959 7.362630 -0.175498 -0.015344 -0.011846 0.137144 0.007314 0.990453
1784010293.317868948 7.366000 -0.175429 -0.015365 -0.011821 0.136842 0.007295 0.990496
1784010293.321969986 7.368474 -0.175383 -0.015377 -0.011720 0.136768 0.007290 0.990507
1784010293.327783108 7.372001 -0.175318 -0.015379 -0.011554 0.136954 0.007301 0.990483
1784010293.327783108 7.372001 -0.175318 -0.015379 -0.011554 0.136954 0.007301 0.990483
1784010293.327898026 7.372071 -0.175317 -0.015379 -0.011552 0.136956 0.007301 0.990483
1784010293.332108021 7.374622 -0.175279 -0.015378 -0.011501 0.136960 0.007310 0.990483
1784010293.337913990 7.378117 -0.175224 -0.015396 -0.011562 0.136707 0.007294 0.990517
1784010293.342304945 7.380756 -0.175183 -0.015420 -0.011614 0.136586 0.007276 0.990533
1784010293.347707987 7.384020 -0.175139 -0.015444 -0.011582 0.136658 0.007262 0.990524
1784010293.352180958 7.386735 -0.175102 -0.015459 -0.011540 0.136745 0.007243 0.990513
1784010293.357867956 7.390176 -0.175050 -0.015481 -0.011562 0.136738 0.007204 0.990514
1784010293.362097025 7.392723 -0.175004 -0.015507 -0.011661 0.136679 0.007161 0.990521
1784010293.367841005 7.396182 -0.174945 -0.015559 -0.011809 0.136622 0.007103 0.990527
1784010293.372234106 7.398837 -0.174901 -0.015604 -0.011835 0.136654 0.007054 0.990523
1784010293.377767086 7.402191 -0.174842 -0.015663 -0.011884 0.136773 0.006991 0.990507
1784010293.381985903 7.404750 -0.174789 -0.015716 -0.012016 0.136836 0.006928 0.990497
1784010293.387897968 7.408326 -0.174713 -0.015812 -0.012214 0.136800 0.006836 0.990500
1784010293.392162085 7.410903 -0.174656 -0.015899 -0.012368 0.136765 0.006766 0.990503
1784010293.398008108 7.414446 -0.174587 -0.016025 -0.012469 0.136833 0.006688 0.990493
1784010293.402122021 7.416948 -0.174539 -0.016108 -0.012452 0.136925 0.006655 0.990481
1784010293.407882929 7.420449 -0.174465 -0.016213 -0.012550 0.137056 0.006612 0.990462
1784010293.412408113 7.423187 -0.174406 -0.016284 -0.012633 0.137076 0.006577 0.990458
1784010293.417958975 7.426522 -0.174345 -0.016355 -0.012636 0.136941 0.006555 0.990477
1784010293.422082901 7.428993 -0.174305 -0.016389 -0.012623 0.136832 0.006539 0.990492
1784010293.427720070 7.432367 -0.174253 -0.016393 -0.012570 0.136692 0.006531 0.990512
1784010293.427836180 7.432437 -0.174252 -0.016392 -0.012569 0.136687 0.006532 0.990513
1784010293.427836180 7.432437 -0.174252 -0.016392 -0.012569 0.136687 0.006532 0.990513
1784010293.432260990 7.435104 -0.174200 -0.016357 -0.012531 0.136547 0.006542 0.990533
1784010293.437877893 7.438511 -0.174123 -0.016290 -0.012630 0.136555 0.006562 0.990530
1784010293.442133904 7.441087 -0.174071 -0.016239 -0.012644 0.136648 0.006585 0.990517
1784010293.448046923 7.444634 -0.174015 -0.016195 -0.012444 0.136550 0.006638 0.990533
1784010293.452090979 7.447059 -0.173980 -0.016190 -0.012420 0.136414 0.006654 0.990552
1784010293.458007097 7.450638 -0.173922 -0.016193 -0.012474 0.136531 0.006669 0.990535
1784010293.462083101 7.453117 -0.173886 -0.016205 -0.012452 0.136752 0.006700 0.990504
1784010293.467808962 7.456579 -0.173837 -0.016255 -0.012412 0.136831 0.006737 0.990494
1784010293.472033024 7.459117 -0.173802 -0.016320 -0.012478 0.136688 0.006745 0.990513
1784010293.477891922 7.462639 -0.173756 -0.016422 -0.012610 0.136485 0.006732 0.990539
1784010293.482033968 7.465138 -0.173727 -0.016492 -0.012673 0.136474 0.006716 0.990540
1784010293.487874031 7.468670 -0.173683 -0.016582 -0.012768 0.136503 0.006681 0.990535
1784010293.491976976 7.471156 -0.173649 -0.016641 -0.012833 0.136524 0.006659 0.990531
1784010293.497853041 7.474710 -0.173596 -0.016725 -0.012992 0.136410 0.006613 0.990545
1784010293.502207041 7.477339 -0.173560 -0.016790 -0.013067 0.136308 0.006582 0.990558
1784010293.507678032 7.480651 -0.173517 -0.016863 -0.013035 0.136302 0.006546 0.990560
1784010293.512048960 7.483312 -0.173482 -0.016910 -0.013009 0.136298 0.006518 0.990561
1784010293.517875910 7.486860 -0.173434 -0.016960 -0.013087 0.136468 0.006473 0.990537
1784010293.522507906 7.489670 -0.173397 -0.016999 -0.013102 0.136417 0.006452 0.990544
1784010293.527611971 7.492753 -0.173359 -0.017036 -0.013052 0.136320 0.006442 0.990558
1784010293.527750969 7.492837 -0.173358 -0.017037 -0.013051 0.136318 0.006442 0.990558
1784010293.527750969 7.492837 -0.173358 -0.017037 -0.013051 0.136318 0.006442 0.990558
1784010293.532109022 7.495471 -0.173320 -0.017049 -0.012995 0.136225 0.006445 0.990572
1784010293.537911892 7.498980 -0.173269 -0.017058 -0.012905 0.136242 0.006464 0.990571
1784010293.541922092 7.501411 -0.173232 -0.017065 -0.012844 0.136256 0.006475 0.990569
1784010293.547925949 7.505050 -0.173176 -0.017073 -0.012699 0.136245 0.006497 0.990572
1784010293.552288055 7.507691 -0.173139 -0.017082 -0.012622 0.136244 0.006499 0.990574
1784010293.557734966 7.510981 -0.173094 -0.017104 -0.012519 0.136071 0.006501 0.990599
1784010293.562180042 7.513658 -0.173059 -0.017139 -0.012435 0.135932 0.006502 0.990619
1784010293.567847013 7.517081 -0.173018 -0.017191 -0.012378 0.135909 0.006497 0.990623
1784010293.571950912 7.519579 -0.172993 -0.017229 -0.012338 0.135896 0.006492 0.990625
1784010293.578051090 7.523287 -0.172955 -0.017295 -0.012265 0.135877 0.006463 0.990629
1784010293.582195997 7.525787 -0.172926 -0.017355 -0.012218 0.135867 0.006442 0.990631
1784010293.587851048 7.529194 -0.172880 -0.017431 -0.012247 0.135700 0.006405 0.990654
1784010293.592041016 7.531730 -0.172845 -0.017474 -0.012269 0.135579 0.006376 0.990670
1784010293.597815990 7.535229 -0.172794 -0.017509 -0.012234 0.135623 0.006337 0.990665
1784010293.602125883 7.537839 -0.172756 -0.017520 -0.012210 0.135658 0.006306 0.990660
1784010293.607901096 7.541330 -0.172705 -0.017523 -0.012205 0.135527 0.006266 0.990679
1784010293.612101078 7.543861 -0.172667 -0.017529 -0.012203 0.135435 0.006236 0.990691
1784010293.617980003 7.547410 -0.172615 -0.017536 -0.012094 0.135405 0.006218 0.990697
1784010293.622108936 7.549915 -0.172582 -0.017541 -0.012020 0.135387 0.006204 0.990700
1784010293.627798080 7.553363 -0.172536 -0.017559 -0.011945 0.135380 0.006188 0.990702
1784010293.627798080 7.553363 -0.172536 -0.017559 -0.011945 0.135380 0.006188 0.990702
1784010293.627882957 7.553414 -0.172535 -0.017559 -0.011945 0.135379 0.006188 0.990703
1784010293.631969929 7.555880 -0.172497 -0.017573 -0.011904 0.135365 0.006181 0.990705
1784010293.637906075 7.559458 -0.172445 -0.017604 -0.011892 0.135176 0.006167 0.990731
1784010293.641846895 7.561838 -0.172416 -0.017633 -0.011883 0.135057 0.006155 0.990747
1784010293.647954941 7.565532 -0.172373 -0.017680 -0.011776 0.135030 0.006143 0.990752
1784010293.652267933 7.568145 -0.172340 -0.017720 -0.011700 0.135018 0.006131 0.990755
1784010293.658015013 7.571623 -0.172296 -0.017771 -0.011700 0.135005 0.006102 0.990757
1784010293.662096024 7.574084 -0.172265 -0.017807 -0.011699 0.135002 0.006078 0.990758
1784010293.667884111 7.577575 -0.172222 -0.017844 -0.011720 0.134922 0.006034 0.990769
1784010293.671892881 7.579997 -0.172192 -0.017862 -0.011734 0.134872 0.006000 0.990775
1784010293.677845955 7.583595 -0.172146 -0.017870 -0.011700 0.134997 0.005970 0.990759
1784010293.682102919 7.586168 -0.172110 -0.017864 -0.011674 0.135092 0.005945 0.990746
1784010293.688035011 7.589741 -0.172057 -0.017847 -0.011657 0.135172 0.005909 0.990736
1784010293.692080975 7.592167 -0.172017 -0.017841 -0.011695 0.135130 0.005873 0.990741
1784010293.697875977 7.595641 -0.171959 -0.017835 -0.011824 0.135138 0.005818 0.990739
1784010293.702052116 7.598149 -0.171916 -0.017834 -0.011915 0.135149 0.005774 0.990737
1784010293.707879066 7.601649 -0.171854 -0.017838 -0.012006 0.135135 0.005726 0.990738
1784010293.712080002 7.604170 -0.171805 -0.017852 -0.012101 0.135086 0.005695 0.990744
1784010293.717890978 7.607652 -0.171732 -0.017884 -0.012283 0.134992 0.005663 0.990754
1784010293.722156048 7.610205 -0.171677 -0.017918 -0.012393 0.134932 0.005645 0.990761
1784010293.727761030 7.613563 -0.171610 -0.017959 -0.012421 0.134926 0.005635 0.990762
1784010293.727799177 7.613586 -0.171610 -0.017959 -0.012421 0.134926 0.005635 0.990762
1784010293.727799177 7.613586 -0.171610 -0.017959 -0.012421 0.134926 0.005635 0.990762
1784010293.731966972 7.616098 -0.171561 -0.017971 -0.012368 0.135009 0.005629 0.990751
1784010293.737832069 7.619634 -0.171491 -0.017981 -0.012333 0.135095 0.005624 0.990740
1784010293.741800070 7.622021 -0.171443 -0.017989 -0.012340 0.135071 0.005618 0.990743
1784010293.747513056 7.625448 -0.171377 -0.017996 -0.012345 0.134975 0.005612 0.990756
1784010293.752243042 7.628284 -0.171330 -0.017997 -0.012336 0.134957 0.005603 0.990759
1784010293.757823944 7.631637 -0.171280 -0.017993 -0.012280 0.134949 0.005584 0.990761
1784010293.762073994 7.634195 -0.171245 -0.017989 -0.012254 0.134932 0.005569 0.990763
1784010293.767887115 7.637698 -0.171198 -0.017990 -0.012233 0.134935 0.005548 0.990763
1784010293.772162914 7.640270 -0.171167 -0.018001 -0.012235 0.134910 0.005532 0.990767
1784010293.777859926 7.643692 -0.171131 -0.018036 -0.012252 0.134747 0.005483 0.990789
1784010293.782114983 7.646252 -0.171109 -0.018075 -0.012258 0.134649 0.005422 0.990803
1784010293.787895918 7.649748 -0.171084 -0.018131 -0.012172 0.134673 0.005355 0.990801
1784010293.792081118 7.652285 -0.171068 -0.018179 -0.012102 0.134727 0.005311 0.990795
1784010293.797898054 7.655807 -0.171043 -0.018257 -0.012089 0.134652 0.005227 0.990805
1784010293.801940918 7.658249 -0.171026 -0.018318 -0.012071 0.134561 0.005179 0.990818
1784010293.807849884 7.661822 -0.171002 -0.018402 -0.012006 0.134545 0.005111 0.990822
1784010293.812289000 7.664513 -0.170985 -0.018458 -0.011931 0.134614 0.005059 0.990813
1784010293.817929029 7.667943 -0.170962 -0.018513 -0.011827 0.134703 0.005014 0.990803
1784010293.821887970 7.670351 -0.170943 -0.018543 -0.011776 0.134770 0.004985 0.990794
1784010293.827920914 7.674012 -0.170913 -0.018577 -0.011701 0.134795 0.004953 0.990792
1784010293.827980995 7.674048 -0.170912 -0.018577 -0.011700 0.134794 0.004952 0.990792
1784010293.827980995 7.674048 -0.170912 -0.018577 -0.011700 0.134794 0.004952 0.990792
1784010293.832169056 7.676598 -0.170889 -0.018586 -0.011672 0.134768 0.004930 0.990796
1784010293.837852001 7.680063 -0.170863 -0.018585 -0.011544 0.134743 0.004913 0.990801
1784010293.842855930 7.683121 -0.170843 -0.018578 -0.011425 0.134782 0.004910 0.990797
1784010293.847889900 7.686201 -0.170822 -0.018571 -0.011361 0.134827 0.004890 0.990792
1784010293.852191925 7.688826 -0.170802 -0.018572 -0.011323 0.134789 0.004864 0.990798
1784010293.857616901 7.692125 -0.170778 -0.018581 -0.011304 0.134659 0.004840 0.990816
1784010293.862154961 7.694880 -0.170761 -0.018591 -0.011237 0.134540 0.004827 0.990833
1784010293.867794991 7.698317 -0.170741 -0.018595 -0.011123 0.134446 0.004808 0.990847
1784010293.872287035 7.701063 -0.170723 -0.018594 -0.011069 0.134464 0.004802 0.990845
1784010293.877840996 7.704456 -0.170697 -0.018593 -0.011032 0.134524 0.004800 0.990837
1784010293.882236958 7.707129 -0.170676 -0.018603 -0.011040 0.134494 0.004791 0.990841
1784010293.887651920 7.710419 -0.170654 -0.018621 -0.011005 0.134410 0.004779 0.990853
1784010293.892091990 7.713126 -0.170639 -0.018632 -0.010951 0.134448 0.004757 0.990849
1784010293.897859097 7.716658 -0.170615 -0.018644 -0.010911 0.134617 0.004726 0.990826
1784010293.901968956 7.719172 -0.170595 -0.018660 -0.010941 0.134702 0.004690 0.990815
1784010293.907824993 7.722743 -0.170560 -0.018702 -0.011070 0.134711 0.004630 0.990812
1784010293.912425995 7.725542 -0.170534 -0.018751 -0.011157 0.134693 0.004580 0.990814
1784010293.918083906 7.728994 -0.170504 -0.018818 -0.011194 0.134735 0.004518 0.990808
1784010293.922008991 7.731395 -0.170481 -0.018870 -0.011204 0.134831 0.004463 0.990795
1784010293.927793980 7.734938 -0.170438 -0.018961 -0.011347 0.135007 0.004363 0.990770
1784010293.927793980 7.734938 -0.170438 -0.018961 -0.011347 0.135007 0.004363 0.990770
1784010293.927881956 7.734992 -0.170437 -0.018963 -0.011350 0.135009 0.004361 0.990770
1784010293.932265043 7.737693 -0.170394 -0.019035 -0.011512 0.135059 0.004270 0.990761
1784010293.937834024 7.741124 -0.170344 -0.019138 -0.011686 0.135047 0.004158 0.990762
1784010293.941840887 7.743594 -0.170315 -0.019210 -0.011682 0.135095 0.004099 0.990755
1784010293.947469950 7.747072 -0.170273 -0.019295 -0.011622 0.135245 0.004033 0.990736
1784010293.951945066 7.749837 -0.170235 -0.019351 -0.011645 0.135323 0.003987 0.990725
1784010293.957823038 7.753462 -0.170179 -0.019401 -0.011741 0.135320 0.003936 0.990725
1784010293.962104082 7.756093 -0.170142 -0.019420 -0.011785 0.135302 0.003910 0.990727
1784010293.967586994 7.759456 -0.170108 -0.019411 -0.011710 0.135242 0.003894 0.990736
1784010293.972140074 7.762243 -0.170084 -0.019381 -0.011606 0.135161 0.003893 0.990748
1784010293.977906942 7.765778 -0.170049 -0.019325 -0.011628 0.135117 0.003876 0.990754
1784010293.982244968 7.768438 -0.170021 -0.019278 -0.011658 0.135149 0.003871 0.990749
1784010293.987879992 7.771894 -0.169992 -0.019227 -0.011672 0.135208 0.003877 0.990741
1784010293.992064953 7.774456 -0.169979 -0.019203 -0.011630 0.135232 0.003882 0.990738
1784010293.997817993 7.777977 -0.169970 -0.019192 -0.011499 0.135219 0.003897 0.990741
1784010294.002177954 7.780645 -0.169966 -0.019204 -0.011449 0.135195 0.003905 0.990745
1784010294.007973909 7.784205 -0.169955 -0.019246 -0.011490 0.135206 0.003884 0.990743
1784010294.012331009 7.786883 -0.169948 -0.019297 -0.011530 0.135268 0.003863 0.990734
1784010294.017910957 7.790302 -0.169942 -0.019380 -0.011607 0.135258 0.003828 0.990735
1784010294.022331953 7.793001 -0.169939 -0.019455 -0.011665 0.135149 0.003792 0.990749
1784010294.027695894 7.796281 -0.169933 -0.019541 -0.011753 0.135023 0.003738 0.990766
1784010294.027878046 7.796392 -0.169933 -0.019544 -0.011756 0.135023 0.003736 0.990766
1784010294.027878046 7.796392 -0.169933 -0.019544 -0.011756 0.135023 0.003736 0.990766
1784010294.032219887 7.799078 -0.169918 -0.019587 -0.011819 0.135015 0.003705 0.990766
1784010294.037843943 7.802570 -0.169894 -0.019633 -0.011889 0.135092 0.003677 0.990755
1784010294.041841984 7.805047 -0.169874 -0.019664 -0.011913 0.135132 0.003666 0.990749
1784010294.047581911 7.808600 -0.169846 -0.019707 -0.011978 0.135134 0.003634 0.990748
1784010294.051959038 7.811311 -0.169829 -0.019740 -0.011962 0.135161 0.003622 0.990745
1784010294.057862997 7.814983 -0.169804 -0.019770 -0.011935 0.135279 0.003607 0.990729
1784010294.061944008 7.817524 -0.169787 -0.019788 -0.011879 0.135379 0.003602 0.990716
1784010294.067735910 7.821121 -0.169764 -0.019808 -0.011799 0.135416 0.003596 0.990712
1784010294.071898937 7.823696 -0.169748 -0.019826 -0.011776 0.135376 0.003584 0.990718
1784010294.077867985 7.827390 -0.169732 -0.019847 -0.011634 0.135339 0.003591 0.990725
1784010294.082441092 7.830226 -0.169726 -0.019859 -0.011478 0.135415 0.003598 0.990716
1784010294.087752104 7.833525 -0.169722 -0.019870 -0.011346 0.135502 0.003584 0.990706
1784010294.091974020 7.836143 -0.169719 -0.019886 -0.011282 0.135484 0.003559 0.990709
1784010294.097807884 7.839756 -0.169715 -0.019921 -0.011227 0.135379 0.003524 0.990724
1784010294.102130890 7.842429 -0.169712 -0.019955 -0.011157 0.135333 0.003492 0.990731
1784010294.107991934 7.846061 -0.169710 -0.020003 -0.011029 0.135315 0.003455 0.990735
1784010294.111848116 7.848453 -0.169709 -0.020036 -0.010909 0.135302 0.003442 0.990738
1784010294.117908001 7.852220 -0.169701 -0.020084 -0.010819 0.135304 0.003410 0.990739
1784010294.122301102 7.854944 -0.169691 -0.020126 -0.010812 0.135294 0.003376 0.990741
1784010294.127761126 7.858319 -0.169677 -0.020180 -0.010792 0.135200 0.003329 0.990754
1784010294.127761126 7.858319 -0.169677 -0.020180 -0.010792 0.135200 0.003329 0.990754
1784010294.127798080 7.858342 -0.169677 -0.020180 -0.010792 0.135199 0.003329 0.990754
1784010294.132018089 7.860971 -0.169664 -0.020205 -0.010786 0.135153 0.003294 0.990761
1784010294.137797117 7.864582 -0.169644 -0.020219 -0.010781 0.135141 0.003243 0.990762
1784010294.141997099 7.867211 -0.169627 -0.020219 -0.010765 0.135168 0.003203 0.990759
1784010294.146980047 7.870330 -0.169605 -0.020211 -0.010749 0.135238 0.003156 0.990750
1784010294.152117968 7.873532 -0.169583 -0.020201 -0.010724 0.135281 0.003116 0.990744
1784010294.157938957 7.877152 -0.169561 -0.020192 -0.010630 0.135201 0.003077 0.990756
1784010294.162100077 7.879742 -0.169549 -0.020184 -0.010552 0.135158 0.003049 0.990763
1784010294.167809010 7.883307 -0.169534 -0.020172 -0.010423 0.135262 0.003010 0.990750
1784010294.171977043 7.885900 -0.169522 -0.020172 -0.010367 0.135353 0.002983 0.990739
1784010294.177711010 7.889446 -0.169501 -0.020201 -0.010433 0.135232 0.002930 0.990755
1784010294.181878090 7.892013 -0.169490 -0.020240 -0.010437 0.135094 0.002889 0.990774
1784010294.187814951 7.895676 -0.169487 -0.020283 -0.010279 0.135101 0.002841 0.990774
1784010294.192146063 7.898357 -0.169488 -0.020308 -0.010157 0.135097 0.002802 0.990776
1784010294.197848082 7.901915 -0.169483 -0.020334 -0.010140 0.135107 0.002731 0.990775
1784010294.201999903 7.904505 -0.169476 -0.020353 -0.010186 0.135247 0.002660 0.990756
1784010294.207850933 7.908125 -0.169469 -0.020391 -0.010227 0.135321 0.002572 0.990746
1784010294.211813927 7.910560 -0.169470 -0.020423 -0.010225 0.135238 0.002497 0.990757
1784010294.217591047 7.914121 -0.169475 -0.020444 -0.010119 0.135318 0.002418 0.990748
1784010294.222132921 7.916922 -0.169472 -0.020440 -0.010070 0.135545 0.002357 0.990717
1784010294.227869034 7.920450 -0.169453 -0.020430 -0.010174 0.135627 0.002280 0.990705
1784010294.227910042 7.920475 -0.169453 -0.020430 -0.010175 0.135626 0.002279 0.990705
1784010294.227910042 7.920475 -0.169453 -0.020430 -0.010175 0.135626 0.002279 0.990705
1784010294.232193947 7.923131 -0.169431 -0.020407 -0.010291 0.135587 0.002208 0.990710
1784010294.237881899 7.926653 -0.169408 -0.020374 -0.010406 0.135664 0.002117 0.990698
1784010294.242295027 7.929370 -0.169395 -0.020354 -0.010415 0.135691 0.002049 0.990694
1784010294.247698069 7.932689 -0.169378 -0.020343 -0.010418 0.135568 0.001954 0.990711
1784010294.252096891 7.935396 -0.169352 -0.020344 -0.010564 0.135537 0.001865 0.990714
1784010294.257848024 7.938954 -0.169309 -0.020349 -0.010814 0.135690 0.001766 0.990691
1784010294.262033939 7.941538 -0.169280 -0.020361 -0.010880 0.135785 0.001725 0.990677
1784010294.267806053 7.945086 -0.169252 -0.020380 -0.010804 0.135833 0.001684 0.990671
1784010294.272070885 7.947699 -0.169237 -0.020395 -0.010703 0.135910 0.001663 0.990662
1784010294.277838945 7.951242 -0.169213 -0.020409 -0.010608 0.136002 0.001644 0.990650
1784010294.281979084 7.953789 -0.169188 -0.020419 -0.010652 0.136048 0.001629 0.990644
1784010294.287894011 7.957432 -0.169156 -0.020422 -0.010703 0.136182 0.001617 0.990625
1784010294.292217016 7.960080 -0.169140 -0.020424 -0.010697 0.136246 0.001608 0.990616
1784010294.297655106 7.963394 -0.169129 -0.020430 -0.010695 0.136094 0.001576 0.990637
1784010294.302051067 7.966072 -0.169127 -0.020440 -0.010620 0.135930 0.001551 0.990660
1784010294.307888985 7.969663 -0.169122 -0.020450 -0.010587 0.136062 0.001503 0.990643
1784010294.311994076 7.972198 -0.169117 -0.020461 -0.010591 0.136270 0.001468 0.990614
1784010294.317831039 7.975783 -0.169114 -0.020498 -0.010572 0.136236 0.001417 0.990619
1784010294.321881056 7.978253 -0.169115 -0.020544 -0.010617 0.136067 0.001357 0.990642
1784010294.327529192 7.981715 -0.169130 -0.020607 -0.010555 0.135995 0.001269 0.990652
1784010294.327529192 7.981715 -0.169130 -0.020607 -0.010555 0.135995 0.001269 0.990652
1784010294.327796936 7.981881 -0.169131 -0.020608 -0.010553 0.135991 0.001266 0.990653
1784010294.332154989 7.984593 -0.169152 -0.020637 -0.010410 0.136097 0.001233 0.990640
1784010294.337852955 7.988147 -0.169170 -0.020679 -0.010337 0.136230 0.001197 0.990623
1784010294.342127085 7.990801 -0.169175 -0.020717 -0.010374 0.136230 0.001166 0.990622
1784010294.347851992 7.994344 -0.169183 -0.020765 -0.010439 0.136176 0.001129 0.990629
1784010294.352442980 7.997184 -0.169200 -0.020793 -0.010336 0.136151 0.001110 0.990634
1784010294.357640028 8.000412 -0.169224 -0.020802 -0.010141 0.136203 0.001103 0.990628
1784010294.362143993 8.003219 -0.169239 -0.020796 -0.010056 0.136329 0.001094 0.990612
1784010294.367810965 8.006743 -0.169247 -0.020784 -0.010105 0.136411 0.001081 0.990600
1784010294.371989965 8.009327 -0.169252 -0.020779 -0.010176 0.136349 0.001054 0.990608
1784010294.377851009 8.012951 -0.169275 -0.020763 -0.010034 0.136226 0.001052 0.990626
1784010294.382118940 8.015595 -0.169298 -0.020744 -0.009851 0.136238 0.001046 0.990627
1784010294.387656927 8.019036 -0.169321 -0.020721 -0.009754 0.136298 0.001026 0.990619
1784010294.392126083 8.021809 -0.169331 -0.020710 -0.009753 0.136255 0.001001 0.990625
1784010294.397803068 8.025320 -0.169346 -0.020701 -0.009805 0.136139 0.000966 0.990641
1784010294.402015924 8.027917 -0.169362 -0.020695 -0.009762 0.136062 0.000948 0.990652
1784010294.407805920 8.031486 -0.169390 -0.020675 -0.009639 0.135916 0.000949 0.990673
1784010294.411962032 8.034049 -0.169405 -0.020654 -0.009610 0.135820 0.000937 0.990686
1784010294.417787075 8.037650 -0.169418 -0.020616 -0.009653 0.135775 0.000932 0.990692
1784010294.422156096 8.040347 -0.169424 -0.020592 -0.009701 0.135786 0.000928 0.990690
1784010294.427535057 8.043662 -0.169438 -0.020571 -0.009728 0.135743 0.000922 0.990696
1784010294.427700996 8.043764 -0.169439 -0.020571 -0.009727 0.135741 0.000922 0.990696
1784010294.427700996 8.043764 -0.169439 -0.020571 -0.009727 0.135741 0.000922 0.990696
1784010294.431860924 8.046341 -0.169455 -0.020551 -0.009678 0.135705 0.000893 0.990702
1784010294.437823057 8.050044 -0.169474 -0.020525 -0.009636 0.135750 0.000838 0.990696
1784010294.442260981 8.052805 -0.169482 -0.020515 -0.009695 0.135832 0.000779 0.990684
1784010294.447824001 8.056266 -0.169486 -0.020519 -0.009840 0.135927 0.000696 0.990670
1784010294.452495098 8.059166 -0.169488 -0.020540 -0.009947 0.135977 0.000622 0.990662
1784010294.457473040 8.062251 -0.169493 -0.020572 -0.010018 0.135993 0.000537 0.990659
1784010294.462003946 8.065060 -0.169497 -0.020607 -0.010074 0.135974 0.000457 0.990661
1784010294.467947960 8.068758 -0.169491 -0.020664 -0.010255 0.136022 0.000340 0.990653
1784010294.471940041 8.071247 -0.169482 -0.020711 -0.010405 0.136121 0.000253 0.990638
1784010294.477832079 8.074919 -0.169472 -0.020787 -0.010561 0.136242 0.000148 0.990619
1784010294.482129097 8.077588 -0.169469 -0.020846 -0.010602 0.136254 0.000089 0.990617
1784010294.487958908 8.081211 -0.169467 -0.020915 -0.010569 0.136268 0.000027 0.990616
1784010294.491898060 8.083659 -0.169463 -0.020950 -0.010576 0.136339 -0.000004 0.990606
1784010294.497800112 8.087334 -0.169454 -0.020982 -0.010620 0.136450 -0.000038 0.990590
1784010294.502187967 8.090064 -0.169450 -0.020989 -0.010630 0.136516 -0.000054 0.990581
1784010294.507667065 8.093463 -0.169454 -0.020972 -0.010590 0.136552 -0.000069 0.990576
1784010294.512092113 8.096192 -0.169466 -0.020940 -0.010520 0.136483 -0.000073 0.990587
1784010294.517889977 8.099765 -0.169483 -0.020882 -0.010515 0.136350 -0.000089 0.990605
1784010294.522075891 8.102348 -0.169493 -0.020833 -0.010543 0.136347 -0.000094 0.990605
1784010294.527805090 8.105895 -0.169508 -0.020764 -0.010564 0.136461 -0.000093 0.990589
1784010294.527839184 8.105917 -0.169508 -0.020764 -0.010564 0.136461 -0.000093 0.990589
1784010294.527839184 8.105917 -0.169508 -0.020764 -0.010564 0.136461 -0.000093 0.990589
1784010294.532174110 8.108614 -0.169519 -0.020714 -0.010592 0.136515 -0.000101 0.990581
1784010294.537841082 8.112128 -0.169544 -0.020669 -0.010507 0.136423 -0.000099 0.990595
1784010294.542098045 8.114762 -0.169569 -0.020654 -0.010454 0.136317 -0.000100 0.990610
1784010294.547734022 8.118259 -0.169601 -0.020658 -0.010447 0.136246 -0.000118 0.990620
1784010294.552489996 8.121220 -0.169626 -0.020682 -0.010469 0.136257 -0.000133 0.990618
1784010294.557605028 8.124407 -0.169649 -0.020724 -0.010531 0.136294 -0.000151 0.990612
1784010294.562110901 8.127209 -0.169668 -0.020773 -0.010604 0.136270 -0.000177 0.990615
1784010294.567646980 8.130642 -0.169694 -0.020840 -0.010682 0.136131 -0.000206 0.990633
1784010294.572072983 8.133384 -0.169715 -0.020894 -0.010760 0.136024 -0.000239 0.990647
1784010294.577862978 8.136985 -0.169738 -0.020951 -0.010866 0.136006 -0.000286 0.990648
1784010294.582077026 8.139615 -0.169750 -0.020984 -0.010938 0.136080 -0.000322 0.990637
1784010294.587848902 8.143222 -0.169761 -0.021021 -0.011046 0.136184 -0.000363 0.990622
1784010294.592010021 8.145816 -0.169769 -0.021046 -0.011088 0.136194 -0.000382 0.990620
1784010294.597789049 8.149412 -0.169785 -0.021077 -0.011080 0.136167 -0.000397 0.990624
1784010294.602066994 8.152076 -0.169798 -0.021095 -0.011032 0.136159 -0.000403 0.990625
1784010294.607806921 8.155662 -0.169814 -0.021111 -0.011020 0.136194 -0.000405 0.990621
1784010294.612046003 8.158314 -0.169829 -0.021118 -0.010973 0.136231 -0.000407 0.990616
1784010294.617841959 8.161935 -0.169852 -0.021127 -0.010905 0.136235 -0.000406 0.990616
1784010294.621803999 8.164399 -0.169870 -0.021139 -0.010866 0.136182 -0.000409 0.990624
1784010294.627811909 8.168132 -0.169904 -0.021159 -0.010690 0.136031 -0.000398 0.990647
1784010294.627851009 8.168156 -0.169904 -0.021159 -0.010690 0.136030 -0.000398 0.990647
1784010294.627851009 8.168156 -0.169904 -0.021159 -0.010690 0.136030 -0.000398 0.990647
1784010294.632392883 8.170990 -0.169934 -0.021161 -0.010608 0.136006 -0.000404 0.990651
1784010294.637878895 8.174427 -0.169971 -0.021164 -0.010570 0.136081 -0.000426 0.990641
1784010294.642051935 8.177042 -0.169999 -0.021171 -0.010507 0.136115 -0.000441 0.990637
1784010294.647865057 8.180667 -0.170038 -0.021190 -0.010494 0.136036 -0.000478 0.990648
1784010294.651796103 8.183110 -0.170065 -0.021209 -0.010459 0.135905 -0.000508 0.990667
1784010294.657695055 8.186789 -0.170110 -0.021229 -0.010296 0.135759 -0.000533 0.990688
1784010294.662080050 8.189536 -0.170140 -0.021238 -0.010225 0.135792 -0.000564 0.990684
1784010294.667573929 8.192978 -0.170170 -0.021250 -0.010214 0.135860 -0.000615 0.990675
1784010294.672004938 8.195741 -0.170189 -0.021266 -0.010267 0.135802 -0.000666 0.990683
1784010294.677779913 8.199331 -0.170216 -0.021286 -0.010326 0.135613 -0.000722 0.990708
1784010294.681988001 8.201947 -0.170239 -0.021293 -0.010280 0.135528 -0.000748 0.990720
1784010294.687571049 8.205429 -0.170268 -0.021284 -0.010200 0.135532 -0.000775 0.990720
1784010294.692014933 8.208210 -0.170286 -0.021272 -0.010190 0.135594 -0.000802 0.990712
1784010294.697979927 8.211933 -0.170307 -0.021255 -0.010203 0.135657 -0.000847 0.990703
1784010294.701999903 8.214431 -0.170323 -0.021251 -0.010162 0.135616 -0.000861 0.990709
1784010294.707767010 8.218012 -0.170351 -0.021244 -0.010039 0.135462 -0.000861 0.990731
1784010294.712167978 8.220749 -0.170374 -0.021238 -0.009951 0.135403 -0.000870 0.990740
1784010294.717700958 8.224195 -0.170400 -0.021234 -0.009944 0.135355 -0.000901 0.990747
1784010294.722045898 8.226899 -0.170417 -0.021242 -0.009995 0.135275 -0.000930 0.990757
1784010294.727781057 8.230465 -0.170446 -0.021263 -0.010017 0.135158 -0.000970 0.990773
1784010294.727848053 8.230507 -0.170447 -0.021263 -0.010016 0.135158 -0.000971 0.990773
1784010294.727848053 8.230507 -0.170447 -0.021263 -0.010016 0.135158 -0.000971 0.990773
1784010294.732017994 8.233088 -0.170484 -0.021276 -0.009950 0.135153 -0.001006 0.990774
1784010294.737767935 8.236641 -0.170542 -0.021295 -0.009766 0.135116 -0.001040 0.990781
1784010294.742193937 8.239379 -0.170582 -0.021313 -0.009677 0.135081 -0.001062 0.990787
1784010294.747778893 8.242843 -0.170625 -0.021333 -0.009723 0.135160 -0.001117 0.990775
1784010294.751812935 8.245356 -0.170650 -0.021345 -0.009752 0.135220 -0.001156 0.990767
1784010294.757529020 8.248911 -0.170688 -0.021354 -0.009753 0.135292 -0.001212 0.990757
1784010294.762080908 8.251732 -0.170721 -0.021351 -0.009719 0.135257 -0.001252 0.990762
1784010294.767790079 8.255270 -0.170760 -0.021331 -0.009692 0.135251 -0.001308 0.990763
1784010294.772075891 8.257932 -0.170781 -0.021312 -0.009718 0.135296 -0.001350 0.990757
1784010294.777793884 8.261488 -0.170804 -0.021289 -0.009807 0.135410 -0.001406 0.990740
1784010294.782033920 8.264128 -0.170819 -0.021278 -0.009871 0.135497 -0.001448 0.990728
1784010294.787832975 8.267730 -0.170841 -0.021275 -0.009920 0.135463 -0.001509 0.990732
1784010294.791996956 8.270305 -0.170857 -0.021285 -0.009951 0.135440 -0.001553 0.990734
1784010294.797827959 8.273909 -0.170879 -0.021306 -0.010100 0.135332 -0.001632 0.990747
1784010294.802036047 8.276518 -0.170889 -0.021324 -0.010204 0.135256 -0.001688 0.990757
1784010294.807807922 8.280096 -0.170901 -0.021348 -0.010405 0.135365 -0.001755 0.990740
1784010294.812259912 8.282852 -0.170907 -0.021368 -0.010557 0.135451 -0.001806 0.990726
1784010294.817981958 8.286388 -0.170918 -0.021385 -0.010549 0.135436 -0.001822 0.990728
1784010294.821902037 8.288808 -0.170929 -0.021388 -0.010540 0.135428 -0.001833 0.990729
1784010294.827735901 8.292413 -0.170945 -0.021386 -0.010509 0.135382 -0.001830 0.990736
1784010294.827797174 8.292451 -0.170945 -0.021386 -0.010509 0.135382 -0.001830 0.990736
1784010294.827797174 8.292451 -0.170945 -0.021386 -0.010509 0.135382 -0.001830 0.990736
1784010294.832050085 8.295078 -0.170953 -0.021374 -0.010464 0.135338 -0.001822 0.990743
1784010294.837791920 8.298619 -0.170964 -0.021358 -0.010495 0.135368 -0.001815 0.990738
1784010294.842161894 8.301304 -0.170980 -0.021349 -0.010519 0.135395 -0.001811 0.990734
1784010294.847826004 8.304776 -0.171009 -0.021340 -0.010478 0.135212 -0.001809 0.990760
1784010294.852811098 8.307841 -0.171038 -0.021337 -0.010417 0.135108 -0.001799 0.990774
1784010294.857741117 8.310884 -0.171067 -0.021343 -0.010444 0.135116 -0.001815 0.990773
1784010294.862323999 8.313722 -0.171095 -0.021356 -0.010470 0.135123 -0.001830 0.990772
1784010294.867599010 8.316991 -0.171128 -0.021384 -0.010452 0.135030 -0.001855 0.990785
1784010294.872086048 8.319769 -0.171156 -0.021419 -0.010437 0.134952 -0.001876 0.990795
1784010294.877821922 8.323322 -0.171198 -0.021472 -0.010356 0.134809 -0.001923 0.990816
1784010294.882143021 8.326004 -0.171235 -0.021515 -0.010296 0.134705 -0.001960 0.990830
1784010294.887840986 8.329548 -0.171285 -0.021572 -0.010268 0.134688 -0.002019 0.990833
1784010294.892049074 8.332175 -0.171317 -0.021616 -0.010249 0.134681 -0.002064 0.990834
1784010294.897825956 8.335779 -0.171364 -0.021672 -0.010152 0.134683 -0.002096 0.990835
1784010294.902048111 8.338405 -0.171403 -0.021711 -0.010082 0.134688 -0.002120 0.990834
1784010294.907809019 8.341987 -0.171456 -0.021751 -0.009924 0.134700 -0.002136 0.990834
1784010294.912014961 8.344610 -0.171490 -0.021770 -0.009809 0.134712 -0.002149 0.990834
1784010294.917800903 8.348218 -0.171537 -0.021785 -0.009780 0.134772 -0.002175 0.990826
1784010294.922255039 8.350994 -0.171573 -0.021790 -0.009758 0.134822 -0.002197 0.990819
1784010294.927512169 8.354263 -0.171620 -0.021794 -0.009658 0.134782 -0.002219 0.990826
1784010294.927512169 8.354263 -0.171620 -0.021794 -0.009658 0.134782 -0.002219 0.990826
1784010294.927931070 8.354522 -0.171624 -0.021793 -0.009651 0.134780 -0.002222 0.990826
1784010294.931850910 8.356940 -0.171665 -0.021779 -0.009598 0.134766 -0.002249 0.990828
1784010294.937815905 8.360619 -0.171727 -0.021755 -0.009529 0.134693 -0.002304 0.990839
1784010294.942193031 8.363331 -0.171769 -0.021740 -0.009473 0.134640 -0.002342 0.990846
1784010294.947844028 8.366826 -0.171820 -0.021723 -0.009458 0.134637 -0.002391 0.990847
1784010294.951783895 8.369254 -0.171855 -0.021716 -0.009443 0.134635 -0.002423 0.990847
1784010294.957416058 8.372705 -0.171907 -0.021707 -0.009428 0.134501 -0.002473 0.990866
1784010294.962127924 8.375584 -0.171951 -0.021700 -0.009367 0.134332 -0.002492 0.990889
1784010294.967611074 8.378939 -0.171997 -0.021682 -0.009349 0.134248 -0.002520 0.990900
1784010294.972105026 8.381702 -0.172031 -0.021664 -0.009364 0.134289 -0.002539 0.990895
1784010294.977782011 8.385191 -0.172073 -0.021639 -0.009414 0.134325 -0.002573 0.990889
1784010294.982306957 8.387963 -0.172106 -0.021626 -0.009450 0.134354 -0.002599 0.990885
1784010294.987761974 8.391293 -0.172147 -0.021618 -0.009482 0.134279 -0.002630 0.990895
1784010294.992048979 8.393913 -0.172179 -0.021619 -0.009512 0.134244 -0.002663 0.990899
1784010294.997765064 8.397418 -0.172215 -0.021626 -0.009621 0.134331 -0.002724 0.990886
1784010295.002168894 8.400126 -0.172237 -0.021640 -0.009703 0.134457 -0.002770 0.990868
1784010295.007802963 8.403579 -0.172264 -0.021673 -0.009852 0.134525 -0.002851 0.990857
1784010295.012037992 8.406166 -0.172282 -0.021715 -0.009973 0.134470 -0.002917 0.990863
1784010295.017894983 8.409744 -0.172309 -0.021780 -0.010105 0.134398 -0.003006 0.990871
1784010295.022226095 8.412401 -0.172325 -0.021838 -0.010221 0.134479 -0.003076 0.990859
1784010295.027493000 8.415637 -0.172341 -0.021912 -0.010394 0.134634 -0.003176 0.990836
1784010295.027493000 8.415637 -0.172341 -0.021912 -0.010394 0.134634 -0.003176 0.990836
1784010295.027828932 8.415843 -0.172342 -0.021916 -0.010403 0.134644 -0.003182 0.990834
1784010295.031882048 8.418320 -0.172355 -0.021960 -0.010511 0.134715 -0.003245 0.990823
1784010295.037833929 8.421948 -0.172378 -0.022020 -0.010607 0.134728 -0.003311 0.990820
1784010295.042140961 8.424570 -0.172398 -0.022057 -0.010594 0.134737 -0.003337 0.990819
1784010295.047538042 8.427852 -0.172425 -0.022086 -0.010536 0.134770 -0.003361 0.990815
1784010295.051779032 8.430435 -0.172444 -0.022095 -0.010530 0.134810 -0.003375 0.990810
1784010295.057672977 8.434025 -0.172473 -0.022078 -0.010535 0.134886 -0.003383 0.990799
1784010295.061960936 8.436632 -0.172499 -0.022047 -0.010480 0.134925 -0.003374 0.990795
1784010295.067769051 8.440142 -0.172541 -0.021987 -0.010371 0.134816 -0.003364 0.990811
1784010295.072051048 8.442722 -0.172574 -0.021938 -0.010372 0.134703 -0.003371 0.990826
1784010295.077577114 8.446054 -0.172621 -0.021867 -0.010380 0.134682 -0.003386 0.990829
1784010295.081872940 8.448652 -0.172660 -0.021812 -0.010355 0.134743 -0.003391 0.990821
1784010295.087774992 8.452226 -0.172713 -0.021745 -0.010399 0.134832 -0.003407 0.990808
1784010295.092078924 8.454828 -0.172756 -0.021711 -0.010372 0.134828 -0.003407 0.990809
1784010295.097714901 8.458217 -0.172817 -0.021691 -0.010270 0.134677 -0.003399 0.990830
1784010295.102025986 8.460811 -0.172862 -0.021700 -0.010267 0.134559 -0.003414 0.990846
1784010295.107790947 8.464293 -0.172917 -0.021729 -0.010311 0.134518 -0.003437 0.990852
1784010295.111874104 8.466776 -0.172954 -0.021757 -0.010329 0.134532 -0.003440 0.990849
1784010295.117810965 8.470400 -0.173004 -0.021808 -0.010404 0.134524 -0.003447 0.990850
1784010295.122364998 8.473178 -0.173039 -0.021859 -0.010521 0.134486 -0.003464 0.990854
1784010295.127737999 8.476437 -0.173082 -0.021931 -0.010610 0.134338 -0.003475 0.990873
1784010295.127789021 8.476467 -0.173083 -0.021931 -0.010611 0.134337 -0.003475 0.990873
1784010295.127789021 8.476467 -0.173083 -0.021931 -0.010611 0.134337 -0.003475 0.990873
1784010295.132106066 8.479074 -0.173120 -0.021980 -0.010690 0.134239 -0.003494 0.990885
1784010295.137829065 8.482542 -0.173169 -0.022028 -0.010755 0.134382 -0.003535 0.990865
1784010295.142247915 8.485227 -0.173203 -0.022050 -0.010775 0.134564 -0.003558 0.990840
1784010295.147607088 8.488480 -0.173241 -0.022062 -0.010826 0.134599 -0.003572 0.990835
1784010295.151791096 8.491015 -0.173269 -0.022060 -0.010846 0.134531 -0.003587 0.990843
1784010295.157203913 8.494279 -0.173310 -0.022045 -0.010810 0.134392 -0.003574 0.990863
1784010295.162111998 8.497235 -0.173347 -0.022028 -0.010770 0.134253 -0.003566 0.990882
1784010295.167459965 8.500473 -0.173386 -0.022001 -0.010741 0.134149 -0.003572 0.990897
1784010295.172106981 8.503314 -0.173419 -0.021974 -0.010753 0.134185 -0.003573 0.990892
1784010295.177634001 8.506698 -0.173465 -0.021947 -0.010669 0.134308 -0.003547 0.990876
1784010295.181952953 8.509320 -0.173504 -0.021941 -0.010547 0.134251 -0.003526 0.990885
1784010295.187756062 8.512829 -0.173557 -0.021963 -0.010467 0.134023 -0.003516 0.990917
1784010295.192260027 8.515570 -0.173600 -0.021991 -0.010378 0.134018 -0.003522 0.990918
1784010295.197897911 8.519015 -0.173653 -0.022024 -0.010265 0.134327 -0.003522 0.990878
1784010295.201881886 8.521438 -0.173685 -0.022048 -0.010233 0.134446 -0.003535 0.990862
1784010295.207783937 8.525000 -0.173730 -0.022082 -0.010214 0.134141 -0.003556 0.990903
1784010295.212102890 8.527606 -0.173765 -0.022101 -0.010186 0.133877 -0.003569 0.990939
1784010295.217660904 8.530969 -0.173813 -0.022106 -0.010085 0.133739 -0.003587 0.990959
1784010295.221775055 8.533462 -0.173847 -0.022105 -0.010009 0.133716 -0.003616 0.990963
1784010295.227651119 8.537020 -0.173885 -0.022106 -0.010079 0.133649 -0.003680 0.990971
1784010295.227651119 8.537020 -0.173885 -0.022106 -0.010079 0.133649 -0.003680 0.990971
1784010295.227724075 8.537064 -0.173886 -0.022105 -0.010080 0.133649 -0.003682 0.990971
1784010295.232233047 8.539782 -0.173910 -0.022091 -0.010202 0.133611 -0.003756 0.990974
1784010295.237741947 8.543090 -0.173944 -0.022071 -0.010233 0.133508 -0.003822 0.990987
1784010295.242048979 8.545672 -0.173976 -0.022052 -0.010136 0.133454 -0.003867 0.990996
1784010295.247921944 8.549208 -0.174013 -0.022009 -0.010048 0.133534 -0.003931 0.990986
1784010295.251910925 8.551630 -0.174033 -0.021973 -0.010080 0.133608 -0.003986 0.990975
1784010295.257087946 8.554783 -0.174062 -0.021919 -0.010034 0.133724 -0.004032 0.990960
1784010295.262234926 8.557895 -0.174097 -0.021872 -0.009926 0.133788 -0.004069 0.990952
1784010295.267627954 8.561128 -0.174137 -0.021842 -0.009828 0.133618 -0.004121 0.990976
1784010295.272008896 8.563758 -0.174170 -0.021832 -0.009796 0.133383 -0.004168 0.991007
1784010295.277776957 8.567243 -0.174212 -0.021826 -0.009829 0.133403 -0.004248 0.991004
1784010295.282025099 8.569805 -0.174245 -0.021831 -0.009798 0.133590 -0.004312 0.990979
1784010295.287573099 8.573123 -0.174291 -0.021849 -0.009685 0.133556 -0.004390 0.990984
1784010295.291838884 8.575675 -0.174328 -0.021870 -0.009635 0.133282 -0.004452 0.991021
1784010295.297766924 8.579265 -0.174380 -0.021877 -0.009560 0.133168 -0.004535 0.991037
1784010295.302169085 8.581946 -0.174420 -0.021871 -0.009471 0.133452 -0.004591 0.990999
1784010295.307612896 8.585232 -0.174463 -0.021872 -0.009407 0.133640 -0.004680 0.990974
1784010295.312016010 8.587874 -0.174492 -0.021885 -0.009519 0.133536 -0.004767 0.990987
1784010295.317776918 8.591336 -0.174535 -0.021878 -0.009575 0.133499 -0.004871 0.990991
1784010295.322005987 8.593878 -0.174574 -0.021855 -0.009461 0.133682 -0.004911 0.990967
1784010295.327432156 8.597127 -0.174616 -0.021816 -0.009337 0.133821 -0.004982 0.990949
1784010295.327432156 8.597127 -0.174616 -0.021816 -0.009337 0.133821 -0.004982 0.990949
1784010295.327656984 8.597261 -0.174618 -0.021814 -0.009330 0.133826 -0.004984 0.990948
1784010295.331965923 8.599840 -0.174642 -0.021777 -0.009393 0.133804 -0.005040 0.990951
1784010295.337798119 8.603336 -0.174668 -0.021728 -0.009588 0.133798 -0.005138 0.990949
1784010295.342338085 8.606051 -0.174694 -0.021693 -0.009611 0.133784 -0.005188 0.990950
1784010295.347659111 8.609219 -0.174732 -0.021658 -0.009500 0.133647 -0.005256 0.990970
1784010295.352130890 8.611885 -0.174756 -0.021633 -0.009519 0.133546 -0.005315 0.990983
1784010295.357707977 8.615239 -0.174769 -0.021612 -0.009785 0.133406 -0.005402 0.990998
1784010295.362238884 8.617978 -0.174776 -0.021604 -0.009979 0.133428 -0.005462 0.990993
1784010295.367908955 8.621390 -0.174797 -0.021593 -0.009949 0.133560 -0.005506 0.990975
1784010295.371892929 8.623772 -0.174819 -0.021586 -0.009844 0.133646 -0.005514 0.990965
1784010295.377821922 8.627308 -0.174850 -0.021572 -0.009783 0.133548 -0.005552 0.990978
1784010295.382235050 8.629938 -0.174868 -0.021556 -0.009769 0.133472 -0.005572 0.990989
1784010295.387929916 8.633341 -0.174889 -0.021518 -0.009788 0.133533 -0.005597 0.990980
1784010295.391746998 8.635628 -0.174904 -0.021484 -0.009770 0.133660 -0.005605 0.990963
1784010295.397752047 8.639205 -0.174935 -0.021433 -0.009774 0.133612 -0.005634 0.990970
1784010295.402112961 8.641782 -0.174962 -0.021409 -0.009796 0.133325 -0.005666 0.991008
1784010295.407752991 8.645119 -0.175002 -0.021391 -0.009806 0.133025 -0.005713 0.991048
1784010295.411866903 8.647571 -0.175035 -0.021382 -0.009783 0.133111 -0.005752 0.991036
1784010295.417759895 8.651098 -0.175083 -0.021387 -0.009739 0.133325 -0.005809 0.991007
1784010295.422017097 8.653637 -0.175116 -0.021412 -0.009759 0.133238 -0.005859 0.991019
1784010295.427659035 8.656994 -0.175165 -0.021462 -0.009789 0.132971 -0.005942 0.991054
1784010295.427764177 8.657056 -0.175166 -0.021463 -0.009787 0.132970 -0.005943 0.991054
1784010295.427764177 8.657056 -0.175166 -0.021463 -0.009787 0.132970 -0.005943 0.991054
1784010295.431745052 8.659438 -0.175208 -0.021485 -0.009741 0.132946 -0.005987 0.991057
1784010295.437778950 8.663062 -0.175278 -0.021517 -0.009619 0.133023 -0.006040 0.991048
1784010295.441975117 8.665585 -0.175325 -0.021543 -0.009568 0.132996 -0.006082 0.991052
1784010295.447732925 8.669057 -0.175385 -0.021571 -0.009601 0.133003 -0.006143 0.991050
1784010295.452063084 8.671665 -0.175433 -0.021582 -0.009544 0.133105 -0.006174 0.991037
1784010295.457752943 8.675081 -0.175502 -0.021585 -0.009374 0.133139 -0.006189 0.991034
1784010295.462362051 8.677840 -0.175557 -0.021584 -0.009274 0.133048 -0.006209 0.991047
1784010295.467514038 8.680933 -0.175616 -0.021573 -0.009245 0.133034 -0.006248 0.991049
1784010295.472151995 8.683728 -0.175670 -0.021554 -0.009214 0.133173 -0.006284 0.991030
1784010295.477767944 8.687109 -0.175737 -0.021524 -0.009128 0.133278 -0.006322 0.991017
1784010295.481829882 8.689544 -0.175787 -0.021508 -0.009070 0.133211 -0.006363 0.991026
1784010295.487699032 8.693055 -0.175860 -0.021489 -0.008991 0.133020 -0.006414 0.991052
1784010295.492079020 8.695675 -0.175913 -0.021477 -0.008888 0.132961 -0.006435 0.991061
1784010295.497442961 8.698895 -0.175972 -0.021459 -0.008765 0.133003 -0.006448 0.991056
1784010295.502144098 8.701720 -0.176016 -0.021441 -0.008719 0.133046 -0.006465 0.991050
1784010295.507565022 8.704967 -0.176060 -0.021418 -0.008737 0.132969 -0.006484 0.991060
1784010295.512006998 8.707613 -0.176094 -0.021400 -0.008718 0.132797 -0.006476 0.991084
1784010295.517829895 8.711081 -0.176134 -0.021369 -0.008672 0.132621 -0.006450 0.991108
1784010295.521992922 8.713566 -0.176157 -0.021345 -0.008663 0.132615 -0.006433 0.991109
1784010295.527651072 8.716955 -0.176182 -0.021313 -0.008682 0.132675 -0.006395 0.991101
1784010295.527651072 8.716955 -0.176182 -0.021313 -0.008682 0.132675 -0.006395 0.991101
1784010295.527749062 8.717014 -0.176182 -0.021312 -0.008682 0.132675 -0.006395 0.991101
1784010295.532208920 8.719701 -0.176195 -0.021283 -0.008699 0.132719 -0.006401 0.991095
1784010295.537739038 8.723025 -0.176212 -0.021256 -0.008710 0.132741 -0.006412 0.991092
1784010295.541811943 8.725466 -0.176225 -0.021244 -0.008723 0.132733 -0.006426 0.991093
1784010295.547759056 8.729035 -0.176241 -0.021239 -0.008813 0.132690 -0.006476 0.991097
1784010295.552208900 8.731712 -0.176249 -0.021243 -0.008902 0.132714 -0.006515 0.991093
1784010295.558017015 8.735218 -0.176254 -0.021254 -0.009047 0.132850 -0.006582 0.991073
1784010295.562616110 8.737989 -0.176255 -0.021271 -0.009177 0.132929 -0.006648 0.991061
1784010295.567512035 8.740925 -0.176256 -0.021304 -0.009293 0.132841 -0.006720 0.991071
1784010295.571980953 8.743604 -0.176256 -0.021344 -0.009430 0.132764 -0.006791 0.991080
1784010295.577908039 8.747177 -0.176257 -0.021396 -0.009577 0.132883 -0.006892 0.991062
1784010295.581975937 8.749638 -0.176259 -0.021430 -0.009640 0.133064 -0.006948 0.991036
1784010295.587743998 8.753120 -0.176260 -0.021474 -0.009703 0.133178 -0.007007 0.991020
1784010295.591934919 8.755636 -0.176261 -0.021504 -0.009722 0.133122 -0.007027 0.991027
1784010295.597748995 8.759128 -0.176263 -0.021532 -0.009730 0.133077 -0.007036 0.991033
1784010295.601938963 8.761647 -0.176268 -0.021538 -0.009684 0.133159 -0.007036 0.991022
1784010295.607765913 8.765156 -0.176278 -0.021522 -0.009565 0.133286 -0.007020 0.991007
1784010295.612142086 8.767787 -0.176286 -0.021496 -0.009533 0.133317 -0.007006 0.991003
1784010295.617652893 8.771093 -0.176300 -0.021447 -0.009535 0.133295 -0.007001 0.991006
1784010295.621980906 8.773675 -0.176317 -0.021403 -0.009523 0.133232 -0.006995 0.991014
1784010295.627559185 8.776999 -0.176345 -0.021346 -0.009519 0.133172 -0.007005 0.991022
1784010295.627559185 8.776999 -0.176345 -0.021346 -0.009519 0.133172 -0.007005 0.991022
1784010295.627698898 8.777083 -0.176346 -0.021344 -0.009519 0.133170 -0.007005 0.991023
1784010295.631917000 8.779613 -0.176369 -0.021291 -0.009515 0.133183 -0.006998 0.991021
1784010295.637770891 8.783138 -0.176398 -0.021222 -0.009579 0.133285 -0.006999 0.991007
1784010295.642451048 8.785953 -0.176423 -0.021176 -0.009582 0.133340 -0.006986 0.990999
1784010295.647722960 8.789108 -0.176455 -0.021141 -0.009505 0.133227 -0.006956 0.991016
1784010295.652441025 8.791927 -0.176480 -0.021133 -0.009534 0.133063 -0.006945 0.991037
1784010295.657483101 8.794949 -0.176506 -0.021138 -0.009583 0.132951 -0.006935 0.991052
1784010295.662441969 8.797929 -0.176529 -0.021153 -0.009591 0.132948 -0.006914 0.991052
1784010295.667371035 8.800892 -0.176548 -0.021180 -0.009654 0.132941 -0.006903 0.991053
1784010295.672064066 8.803709 -0.176561 -0.021215 -0.009752 0.132838 -0.006891 0.991066
1784010295.677746058 8.807115 -0.176575 -0.021264 -0.009897 0.132656 -0.006879 0.991089
1784010295.681907892 8.809607 -0.176586 -0.021299 -0.009944 0.132573 -0.006860 0.991100
1784010295.687741041 8.813113 -0.176599 -0.021336 -0.009972 0.132616 -0.006844 0.991094
1784010295.692116976 8.815752 -0.176601 -0.021357 -0.010051 0.132738 -0.006834 0.991077
1784010295.697731972 8.819141 -0.176600 -0.021374 -0.010144 0.132810 -0.006798 0.991066
1784010295.701828957 8.821606 -0.176600 -0.021380 -0.010152 0.132776 -0.006759 0.991071
1784010295.707782984 8.825185 -0.176609 -0.021377 -0.010066 0.132684 -0.006702 0.991085
1784010295.711854935 8.827630 -0.176616 -0.021370 -0.010001 0.132660 -0.006659 0.991089
1784010295.717767000 8.831189 -0.176628 -0.021355 -0.009962 0.132635 -0.006613 0.991093
1784010295.722008944 8.833744 -0.176640 -0.021344 -0.009908 0.132630 -0.006577 0.991094
1784010295.727555990 8.837090 -0.176661 -0.021329 -0.009819 0.132636 -0.006535 0.991095
1784010295.727555990 8.837090 -0.176661 -0.021329 -0.009819 0.132636 -0.006535 0.991095
1784010295.727752924 8.837210 -0.176661 -0.021328 -0.009816 0.132637 -0.006535 0.991095
1784010295.732014894 8.839786 -0.176677 -0.021311 -0.009731 0.132624 -0.006537 0.991097
1784010295.737718105 8.843222 -0.176700 -0.021302 -0.009605 0.132494 -0.006560 0.991116
1784010295.742253065 8.845953 -0.176719 -0.021307 -0.009558 0.132424 -0.006581 0.991125
1784010295.747550964 8.849162 -0.176741 -0.021313 -0.009515 0.132450 -0.006625 0.991122
1784010295.751826048 8.851768 -0.176760 -0.021316 -0.009477 0.132489 -0.006654 0.991117
1784010295.757745028 8.855385 -0.176787 -0.021312 -0.009321 0.132500 -0.006690 0.991117
1784010295.761670113 8.857770 -0.176806 -0.021313 -0.009226 0.132447 -0.006716 0.991124
1784010295.767515898 8.861312 -0.176829 -0.021329 -0.009094 0.132221 -0.006767 0.991155
1784010295.772052050 8.864068 -0.176843 -0.021348 -0.009018 0.132153 -0.006801 0.991165
1784010295.777525902 8.867402 -0.176850 -0.021366 -0.009017 0.132368 -0.006858 0.991136
1784010295.782080889 8.870160 -0.176851 -0.021375 -0.009016 0.132457 -0.006880 0.991124
1784010295.787765026 8.873585 -0.176844 -0.021375 -0.009053 0.132163 -0.006922 0.991162
1784010295.791791916 8.876019 -0.176839 -0.021361 -0.009096 0.131956 -0.006938 0.991190
1784010295.797691107 8.879613 -0.176835 -0.021314 -0.009045 0.132062 -0.006960 0.991176
1784010295.802109003 8.882300 -0.176835 -0.021272 -0.008949 0.132218 -0.006982 0.991156
1784010295.807534933 8.885588 -0.176830 -0.021233 -0.008885 0.132112 -0.007027 0.991170
1784010295.811959028 8.888276 -0.176826 -0.021210 -0.008911 0.132001 -0.007062 0.991184
1784010295.817794085 8.891830 -0.176833 -0.021176 -0.008808 0.132086 -0.007106 0.991174
1784010295.822118044 8.894450 -0.176845 -0.021162 -0.008659 0.132097 -0.007124 0.991173
1784010295.827509165 8.897708 -0.176855 -0.021165 -0.008621 0.131876 -0.007178 0.991203
1784010295.827509165 8.897708 -0.176855 -0.021165 -0.008621 0.131876 -0.007178 0.991203
1784010295.827584982 8.897754 -0.176856 -0.021165 -0.008621 0.131872 -0.007177 0.991203
1784010295.831913948 8.900399 -0.176866 -0.021171 -0.008694 0.131745 -0.007162 0.991220
1784010295.837762117 8.903992 -0.176891 -0.021176 -0.008693 0.131871 -0.007127 0.991203
1784010295.842207909 8.906708 -0.176917 -0.021182 -0.008542 0.131910 -0.007085 0.991200
1784010295.847697973 8.910043 -0.176948 -0.021198 -0.008347 0.131715 -0.007027 0.991228
1784010295.851941109 8.912625 -0.176964 -0.021212 -0.008362 0.131613 -0.007002 0.991241
1784010295.857779026 8.916200 -0.176984 -0.021222 -0.008471 0.131668 -0.006984 0.991233
1784010295.861737013 8.918626 -0.177000 -0.021222 -0.008444 0.131757 -0.006973 0.991222
1784010295.867393970 8.922085 -0.177024 -0.021208 -0.008324 0.131869 -0.006919 0.991208
1784010295.871880054 8.924818 -0.177035 -0.021192 -0.008359 0.131898 -0.006892 0.991204
1784010295.877780914 8.928411 -0.177042 -0.021171 -0.008465 0.131748 -0.006853 0.991223
1784010295.882041931 8.931010 -0.177044 -0.021152 -0.008495 0.131727 -0.006827 0.991226
1784010295.887945890 8.934628 -0.177048 -0.021117 -0.008475 0.132012 -0.006772 0.991189
1784010295.891935110 8.937070 -0.177045 -0.021095 -0.008486 0.132163 -0.006744 0.991169
1784010295.897715092 8.940586 -0.177035 -0.021086 -0.008675 0.131904 -0.006715 0.991202
1784010295.901925087 8.943135 -0.177023 -0.021092 -0.008822 0.131630 -0.006699 0.991237
1784010295.907742023 8.946673 -0.177012 -0.021097 -0.008918 0.131645 -0.006660 0.991235
1784010295.912014961 8.949280 -0.177000 -0.021099 -0.009008 0.131797 -0.006640 0.991214
1784010295.917756081 8.952782 -0.176976 -0.021109 -0.009163 0.131730 -0.006587 0.991221
1784010295.921812057 8.955253 -0.176956 -0.021112 -0.009266 0.131664 -0.006541 0.991230
1784010295.927355051 8.958628 -0.176938 -0.021100 -0.009256 0.131775 -0.006451 0.991215
1784010295.927355051 8.958628 -0.176938 -0.021100 -0.009256 0.131775 -0.006451 0.991215
1784010295.927740097 8.958863 -0.176938 -0.021098 -0.009254 0.131784 -0.006449 0.991214
1784010295.931946993 8.961425 -0.176937 -0.021077 -0.009129 0.131834 -0.006407 0.991209
1784010295.937730074 8.964949 -0.176929 -0.021053 -0.009116 0.131700 -0.006370 0.991227
1784010295.942203999 8.967685 -0.176917 -0.021034 -0.009219 0.131678 -0.006354 0.991229
1784010295.947555065 8.970963 -0.176909 -0.021004 -0.009253 0.131823 -0.006318 0.991210
1784010295.952020884 8.973687 -0.176907 -0.020984 -0.009222 0.131831 -0.006289 0.991209
1784010295.957734108 8.977160 -0.176908 -0.020978 -0.009241 0.131584 -0.006262 0.991242
1784010295.961873055 8.979680 -0.176910 -0.020983 -0.009281 0.131439 -0.006253 0.991261
1784010295.967273951 8.982984 -0.176918 -0.020995 -0.009292 0.131448 -0.006248 0.991260
1784010295.972223997 8.986024 -0.176933 -0.021014 -0.009255 0.131516 -0.006249 0.991251
1784010295.977521896 8.989274 -0.176952 -0.021046 -0.009237 0.131508 -0.006261 0.991252
1784010295.982331038 8.992216 -0.176969 -0.021088 -0.009274 0.131384 -0.006290 0.991268
1784010295.987771988 8.995544 -0.176996 -0.021142 -0.009250 0.131186 -0.006319 0.991295
1784010295.992103100 8.998202 -0.177020 -0.021183 -0.009141 0.131154 -0.006327 0.991300
1784010295.997705936 9.001657 -0.177049 -0.021228 -0.009045 0.131328 -0.006340 0.991277
1784010296.002167940 9.004411 -0.177067 -0.021258 -0.008998 0.131409 -0.006345 0.991267
1784010296.007483959 9.007684 -0.177091 -0.021287 -0.008895 0.131358 -0.006334 0.991275
1784010296.011962891 9.010436 -0.177113 -0.021302 -0.008783 0.131342 -0.006313 0.991278
1784010296.017788887 9.014016 -0.177143 -0.021311 -0.008641 0.131406 -0.006294 0.991271
1784010296.021822929 9.016496 -0.177162 -0.021313 -0.008573 0.131399 -0.006285 0.991273
1784010296.027529001 9.020009 -0.177187 -0.021314 -0.008507 0.131377 -0.006275 0.991276
1784010296.027529001 9.020009 -0.177187 -0.021314 -0.008507 0.131377 -0.006275 0.991276
1784010296.027681112 9.020103 -0.177188 -0.021313 -0.008506 0.131377 -0.006274 0.991276
1784010296.031990051 9.022754 -0.177215 -0.021305 -0.008501 0.131468 -0.006262 0.991264
1784010296.037695885 9.026238 -0.177256 -0.021299 -0.008450 0.131505 -0.006243 0.991260
1784010296.042073965 9.028896 -0.177288 -0.021301 -0.008369 0.131366 -0.006218 0.991279
1784010296.047698975 9.032326 -0.177325 -0.021293 -0.008330 0.131147 -0.006198 0.991309
1784010296.051902056 9.034913 -0.177345 -0.021273 -0.008296 0.130982 -0.006184 0.991331
1784010296.057698965 9.038482 -0.177370 -0.021231 -0.008264 0.131204 -0.006157 0.991302
1784010296.061780930 9.040979 -0.177387 -0.021195 -0.008237 0.131359 -0.006138 0.991282
1784010296.067718983 9.044601 -0.177415 -0.021148 -0.008299 0.130913 -0.006109 0.991340
1784010296.071945906 9.047179 -0.177436 -0.021130 -0.008338 0.130594 -0.006088 0.991382
1784010296.077713013 9.050711 -0.177467 -0.021107 -0.008317 0.130970 -0.006057 0.991333
1784010296.081815004 9.053242 -0.177489 -0.021083 -0.008298 0.131236 -0.006036 0.991298
1784010296.087701082 9.056871 -0.177515 -0.021062 -0.008378 0.131039 -0.006019 0.991324
1784010296.092394114 9.059770 -0.177528 -0.021063 -0.008557 0.130743 -0.006021 0.991361
1784010296.097743034 9.063110 -0.177548 -0.021060 -0.008687 0.130855 -0.006017 0.991345
1784010296.101824045 9.065677 -0.177568 -0.021050 -0.008783 0.130938 -0.006014 0.991333
1784010296.107791901 9.069428 -0.177588 -0.021056 -0.008913 0.130985 -0.006037 0.991326
1784010296.111951113 9.072023 -0.177582 -0.021095 -0.008999 0.131015 -0.006053 0.991321
1784010296.117714882 9.075618 -0.177566 -0.021166 -0.009259 0.130997 -0.006088 0.991321
1784010296.122087955 9.078359 -0.177557 -0.021222 -0.009452 0.130981 -0.006114 0.991321
1784010296.127501011 9.081752 -0.177550 -0.021288 -0.009439 0.131210 -0.006142 0.991291
1784010296.127501011 9.081752 -0.177550 -0.021288 -0.009439 0.131210 -0.006142 0.991291
1784010296.127902031 9.082003 -0.177551 -0.021292 -0.009435 0.131226 -0.006144 0.991289
1784010296.132055998 9.084597 -0.177558 -0.021329 -0.009386 0.131382 -0.006163 0.991268
1784010296.137720108 9.088133 -0.177566 -0.021373 -0.009606 0.131319 -0.006185 0.991274
1784010296.142276049 9.090982 -0.177566 -0.021404 -0.009786 0.131270 -0.006203 0.991279
1784010296.147499084 9.094248 -0.177567 -0.021427 -0.009638 0.131383 -0.006157 0.991266
1784010296.151936054 9.097016 -0.177573 -0.021432 -0.009513 0.131480 -0.006117 0.991254
1784010296.157524109 9.100499 -0.177584 -0.021418 -0.009507 0.131346 -0.006078 0.991272
1784010296.161904097 9.103229 -0.177588 -0.021395 -0.009505 0.131243 -0.006047 0.991286
1784010296.167351961 9.106632 -0.177596 -0.021347 -0.009528 0.131091 -0.005984 0.991306
1784010296.171910048 9.109481 -0.177610 -0.021287 -0.009442 0.131205 -0.005928 0.991293
1784010296.177656889 9.113063 -0.177630 -0.021207 -0.009508 0.131047 -0.005899 0.991313
1784010296.181812048 9.115643 -0.177638 -0.021161 -0.009559 0.130934 -0.005879 0.991328
1784010296.187715054 9.119315 -0.177655 -0.021096 -0.009586 0.131008 -0.005850 0.991318
1784010296.191845894 9.121902 -0.177673 -0.021045 -0.009609 0.131062 -0.005830 0.991310
1784010296.197702885 9.125563 -0.177698 -0.020997 -0.009568 0.130971 -0.005774 0.991323
1784010296.202110052 9.128299 -0.177705 -0.021000 -0.009540 0.130905 -0.005733 0.991332
1784010296.207742929 9.131795 -0.177713 -0.021026 -0.009646 0.130788 -0.005696 0.991347
1784010296.211833954 9.134350 -0.177724 -0.021048 -0.009726 0.130706 -0.005670 0.991357
1784010296.217706919 9.138021 -0.177734 -0.021096 -0.009673 0.130742 -0.005601 0.991353
1784010296.221992016 9.140694 -0.177728 -0.021149 -0.009637 0.130771 -0.005551 0.991350
1784010296.227509022 9.144133 -0.177718 -0.021221 -0.009876 0.130579 -0.005524 0.991373
1784010296.227509022 9.144133 -0.177718 -0.021221 -0.009876 0.130579 -0.005524 0.991373
1784010296.227741957 9.144278 -0.177718 -0.021223 -0.009887 0.130571 -0.005523 0.991374
1784010296.231978893 9.146918 -0.177722 -0.021256 -0.010086 0.130417 -0.005508 0.991393
1784010296.237746954 9.150516 -0.177729 -0.021286 -0.010098 0.130594 -0.005481 0.991369
1784010296.242372036 9.153407 -0.177729 -0.021300 -0.010108 0.130739 -0.005458 0.991350
1784010296.247704983 9.156746 -0.177722 -0.021307 -0.010170 0.130808 -0.005421 0.991341
1784010296.251935959 9.159398 -0.177711 -0.021308 -0.010261 0.130786 -0.005390 0.991343
1784010296.257704020 9.163005 -0.177703 -0.021294 -0.010293 0.130768 -0.005336 0.991345
1784010296.261842012 9.165587 -0.177703 -0.021278 -0.010233 0.130790 -0.005292 0.991343
1784010296.267257929 9.168965 -0.177708 -0.021256 -0.010157 0.130766 -0.005235 0.991347
1784010296.272088051 9.171981 -0.177711 -0.021238 -0.010146 0.130685 -0.005193 0.991358
1784010296.277908087 9.175628 -0.177719 -0.021216 -0.010120 0.130666 -0.005147 0.991361
1784010296.281994104 9.178191 -0.177730 -0.021201 -0.010021 0.130759 -0.005107 0.991350
1784010296.287369967 9.181549 -0.177747 -0.021193 -0.009887 0.130792 -0.005061 0.991348
1784010296.291812897 9.184318 -0.177762 -0.021203 -0.009858 0.130650 -0.005037 0.991367
1784010296.297683001 9.187992 -0.177786 -0.021220 -0.009792 0.130529 -0.005022 0.991383
1784010296.302186012 9.190824 -0.177805 -0.021231 -0.009711 0.130689 -0.005012 0.991363
1784010296.307524920 9.194176 -0.177824 -0.021246 -0.009613 0.130803 -0.004997 0.991349
1784010296.311835051 9.196872 -0.177837 -0.021264 -0.009573 0.130661 -0.004988 0.991368
1784010296.317768097 9.200580 -0.177853 -0.021287 -0.009494 0.130406 -0.004977 0.991403
1784010296.321948051 9.203196 -0.177863 -0.021299 -0.009423 0.130402 -0.004963 0.991404
1784010296.327512026 9.206687 -0.177871 -0.021309 -0.009358 0.130467 -0.004960 0.991396
1784010296.327512026 9.206687 -0.177871 -0.021309 -0.009358 0.130467 -0.004960 0.991396
1784010296.327713966 9.206814 -0.177872 -0.021308 -0.009356 0.130470 -0.004960 0.991396
1784010296.331732035 9.209334 -0.177882 -0.021302 -0.009407 0.130465 -0.004967 0.991396
1784010296.337724924 9.213085 -0.177896 -0.021284 -0.009552 0.130372 -0.004976 0.991407
1784010296.342370033 9.215983 -0.177907 -0.021265 -0.009550 0.130309 -0.004965 0.991415
1784010296.347671986 9.219289 -0.177920 -0.021235 -0.009474 0.130308 -0.004948 0.991416
1784010296.352088928 9.222052 -0.177927 -0.021206 -0.009461 0.130393 -0.004937 0.991405
1784010296.357681036 9.225559 -0.177934 -0.021163 -0.009448 0.130566 -0.004932 0.991382
1784010296.361979961 9.228250 -0.177940 -0.021129 -0.009409 0.130646 -0.004915 0.991372
1784010296.367716074 9.231825 -0.177953 -0.021087 -0.009305 0.130618 -0.004882 0.991377
1784010296.372318029 9.234686 -0.177964 -0.021061 -0.009250 0.130529 -0.004865 0.991389
1784010296.377439022 9.237874 -0.177975 -0.021043 -0.009286 0.130441 -0.004864 0.991401
1784010296.381818056 9.240606 -0.177983 -0.021036 -0.009305 0.130430 -0.004860 0.991402
1784010296.387703896 9.244284 -0.177999 -0.021032 -0.009251 0.130529 -0.004849 0.991390
1784010296.391772032 9.246824 -0.178012 -0.021037 -0.009189 0.130587 -0.004839 0.991382
1784010296.397850037 9.250605 -0.178033 -0.021057 -0.009111 0.130525 -0.004826 0.991391
1784010296.401731968 9.253017 -0.178045 -0.021076 -0.009075 0.130501 -0.004821 0.991395
1784010296.407721043 9.256752 -0.178064 -0.021096 -0.009064 0.130703 -0.004824 0.991368
1784010296.412178040 9.259540 -0.178077 -0.021099 -0.009053 0.130929 -0.004833 0.991339
1784010296.417574883 9.262908 -0.178091 -0.021090 -0.009062 0.131053 -0.004838 0.991322
1784010296.421960115 9.265631 -0.178101 -0.021077 -0.009085 0.131033 -0.004845 0.991324
1784010296.427608013 9.269136 -0.178113 -0.021050 -0.009089 0.131041 -0.004848 0.991323
1784010296.427608013 9.269136 -0.178113 -0.021050 -0.009089 0.131041 -0.004848 0.991323
1784010296.427830935 9.269275 -0.178113 -0.021048 -0.009087 0.131040 -0.004847 0.991324
1784010296.431816101 9.271759 -0.178122 -0.021019 -0.009082 0.131108 -0.004849 0.991315
1784010296.437675953 9.275418 -0.178131 -0.020977 -0.009101 0.131229 -0.004856 0.991298
1784010296.441931009 9.278073 -0.178135 -0.020952 -0.009103 0.131254 -0.004856 0.991295
1784010296.447637081 9.281621 -0.178135 -0.020932 -0.009156 0.131198 -0.004854 0.991302
1784010296.452040911 9.284351 -0.178132 -0.020930 -0.009221 0.131116 -0.004859 0.991312
1784010296.457756042 9.287894 -0.178123 -0.020939 -0.009308 0.131036 -0.004859 0.991322
1784010296.461918116 9.290481 -0.178112 -0.020947 -0.009393 0.131078 -0.004853 0.991316
1784010296.467767000 9.294125 -0.178093 -0.020944 -0.009447 0.131228 -0.004821 0.991296
1784010296.472234011 9.296905 -0.178077 -0.020932 -0.009461 0.131319 -0.004784 0.991284
1784010296.477611065 9.300237 -0.178062 -0.020907 -0.009393 0.131271 -0.004714 0.991291
1784010296.481956959 9.302924 -0.178050 -0.020885 -0.009336 0.131202 -0.004654 0.991301
1784010296.487720966 9.306498 -0.178030 -0.020853 -0.009337 0.131234 -0.004588 0.991297
1784010296.491761923 9.309008 -0.178013 -0.020831 -0.009349 0.131295 -0.004542 0.991289
1784010296.497701883 9.312701 -0.177990 -0.020802 -0.009391 0.131293 -0.004475 0.991289
1784010296.501766920 9.315224 -0.177975 -0.020790 -0.009410 0.131237 -0.004428 0.991296
1784010296.507711887 9.318908 -0.177961 -0.020790 -0.009409 0.131094 -0.004369 0.991316
1784010296.512046099 9.321594 -0.177956 -0.020805 -0.009420 0.131020 -0.004339 0.991325
1784010296.517735004 9.325135 -0.177956 -0.020835 -0.009366 0.131016 -0.004318 0.991327
1784010296.521908998 9.327742 -0.177959 -0.020863 -0.009339 0.131086 -0.004305 0.991318
1784010296.527667046 9.331338 -0.177964 -0.020911 -0.009313 0.131115 -0.004292 0.991314
1784010296.527667046 9.331338 -0.177964 -0.020911 -0.009313 0.131115 -0.004292 0.991314
1784010296.527688026 9.331352 -0.177964 -0.020910 -0.009315 0.131116 -0.004292 0.991314
1784010296.531941891 9.334007 -0.177971 -0.020940 -0.009308 0.131091 -0.004278 0.991317
1784010296.537738085 9.337626 -0.177984 -0.020980 -0.009270 0.131039 -0.004247 0.991325
1784010296.541960955 9.340268 -0.177993 -0.021010 -0.009249 0.131090 -0.004229 0.991318
1784010296.547418118 9.343695 -0.178001 -0.021038 -0.009248 0.131262 -0.004200 0.991296
1784010296.551752090 9.346420 -0.178006 -0.021051 -0.009218 0.131416 -0.004156 0.991276
1784010296.557739019 9.350178 -0.178014 -0.021056 -0.009194 0.131571 -0.004085 0.991256
1784010296.561997890 9.352840 -0.178019 -0.021056 -0.009142 0.131590 -0.004030 0.991254
1784010296.567581892 9.356330 -0.178025 -0.021053 -0.009080 0.131607 -0.003950 0.991252
1784010296.572175026 9.359207 -0.178028 -0.021047 -0.009026 0.131695 -0.003890 0.991241
1784010296.577469110 9.362535 -0.178030 -0.021039 -0.009008 0.131857 -0.003825 0.991220
1784010296.581909895 9.365326 -0.178030 -0.021035 -0.008996 0.131959 -0.003771 0.991207
1784010296.587482929 9.368811 -0.178031 -0.021036 -0.008957 0.131959 -0.003710 0.991208
1784010296.591779947 9.371490 -0.178032 -0.021042 -0.008909 0.131898 -0.003662 0.991217
1784010296.597666979 9.375174 -0.178029 -0.021044 -0.008882 0.131873 -0.003597 0.991220
1784010296.602082968 9.377949 -0.178023 -0.021040 -0.008883 0.131958 -0.003545 0.991209
1784010296.607451916 9.381320 -0.178013 -0.021026 -0.008865 0.132057 -0.003478 0.991196
1784010296.612107038 9.384228 -0.178001 -0.021013 -0.008867 0.132031 -0.003419 0.991200
1784010296.617609978 9.387660 -0.177984 -0.021004 -0.008923 0.131939 -0.003342 0.991212
1784010296.621937037 9.390363 -0.177971 -0.021000 -0.008948 0.131935 -0.003282 0.991213
1784010296.627721071 9.393991 -0.177953 -0.020994 -0.008954 0.132103 -0.003197 0.991190
1784010296.627721071 9.393991 -0.177953 -0.020994 -0.008954 0.132103 -0.003197 0.991190
1784010296.627829075 9.394059 -0.177953 -0.020993 -0.008954 0.132106 -0.003196 0.991190
1784010296.631997108 9.396676 -0.177939 -0.020974 -0.008949 0.132242 -0.003141 0.991172
1784010296.637733936 9.400269 -0.177914 -0.020961 -0.009025 0.132316 -0.003071 0.991162
1784010296.642335892 9.403147 -0.177890 -0.020970 -0.009117 0.132293 -0.003034 0.991164
1784010296.647672892 9.406491 -0.177864 -0.020988 -0.009188 0.132360 -0.002998 0.991155
1784010296.651983023 9.409199 -0.177841 -0.021005 -0.009222 0.132513 -0.002971 0.991134
1784010296.657701969 9.412794 -0.177804 -0.021033 -0.009340 0.132627 -0.002945 0.991118
1784010296.661977053 9.415480 -0.177768 -0.021066 -0.009487 0.132632 -0.002935 0.991116
1784010296.668044090 9.419289 -0.177712 -0.021124 -0.009709 0.132704 -0.002923 0.991104
1784010296.672374010 9.422007 -0.177674 -0.021174 -0.009813 0.132817 -0.002917 0.991088
1784010296.677685022 9.425345 -0.177628 -0.021235 -0.009892 0.132959 -0.002898 0.991068
1784010296.681830883 9.427955 -0.177590 -0.021280 -0.009942 0.133064 -0.002869 0.991053
1784010296.687688112 9.431639 -0.177533 -0.021329 -0.009995 0.133198 -0.002808 0.991035
1784010296.692044973 9.434375 -0.177490 -0.021360 -0.010016 0.133278 -0.002749 0.991024
1784010296.697698116 9.437922 -0.177439 -0.021383 -0.009997 0.133370 -0.002660 0.991012
1784010296.701832056 9.440515 -0.177406 -0.021387 -0.009957 0.133463 -0.002593 0.991000
1784010296.707729101 9.444211 -0.177362 -0.021364 -0.009894 0.133528 -0.002486 0.990993
1784010296.711709976 9.446706 -0.177331 -0.021337 -0.009881 0.133523 -0.002415 0.990993
1784010296.717703104 9.450458 -0.177288 -0.021282 -0.009958 0.133557 -0.002325 0.990988
1784010296.721936941 9.453100 -0.177264 -0.021244 -0.009971 0.133592 -0.002264 0.990984
1784010296.727519035 9.456581 -0.177235 -0.021199 -0.009970 0.133568 -0.002176 0.990987
1784010296.727519035 9.456581 -0.177235 -0.021199 -0.009970 0.133568 -0.002176 0.990987
1784010296.727703094 9.456696 -0.177234 -0.021197 -0.009969 0.133567 -0.002173 0.990987
1784010296.731791973 9.459248 -0.177217 -0.021162 -0.010004 0.133586 -0.002125 0.990984
1784010296.737680912 9.462927 -0.177198 -0.021118 -0.009913 0.133697 -0.002032 0.990971
1784010296.742291927 9.465805 -0.177182 -0.021100 -0.009856 0.133727 -0.001958 0.990967
1784010296.747806072 9.469240 -0.177157 -0.021108 -0.009910 0.133646 -0.001883 0.990978
1784010296.751792908 9.471725 -0.177139 -0.021130 -0.009959 0.133591 -0.001834 0.990985
1784010296.757518053 9.475295 -0.177115 -0.021173 -0.010010 0.133600 -0.001772 0.990983
1784010296.761919022 9.478044 -0.177093 -0.021213 -0.010055 0.133599 -0.001722 0.990983
1784010296.767659903 9.481632 -0.177056 -0.021270 -0.010186 0.133553 -0.001658 0.990988
1784010296.772170067 9.484452 -0.177017 -0.021318 -0.010345 0.133542 -0.001608 0.990988
1784010296.777856112 9.488005 -0.176967 -0.021373 -0.010443 0.133547 -0.001534 0.990986
1784010296.781960964 9.490571 -0.176931 -0.021409 -0.010450 0.133599 -0.001477 0.990979
1784010296.787514925 9.494051 -0.176877 -0.021445 -0.010476 0.133755 -0.001398 0.990958
1784010296.791889906 9.496797 -0.176830 -0.021467 -0.010520 0.133865 -0.001331 0.990943
1784010296.797648907 9.500408 -0.176768 -0.021485 -0.010554 0.133907 -0.001231 0.990937
1784010296.801956892 9.503105 -0.176725 -0.021493 -0.010531 0.133896 -0.001154 0.990939
1784010296.807687998 9.506688 -0.176674 -0.021497 -0.010424 0.133889 -0.001042 0.990941
1784010296.811919928 9.509335 -0.176638 -0.021500 -0.010375 0.133889 -0.000970 0.990942
1784010296.817670107 9.512937 -0.176591 -0.021506 -0.010333 0.133874 -0.000877 0.990944
1784010296.821801901 9.515533 -0.176561 -0.021510 -0.010233 0.133924 -0.000798 0.990938
1784010296.827582121 9.519163 -0.176525 -0.021520 -0.010065 0.134061 -0.000701 0.990922
1784010296.827582121 9.519163 -0.176525 -0.021520 -0.010065 0.134061 -0.000701 0.990922
1784010296.827688932 9.519229 -0.176525 -0.021520 -0.010063 0.134064 -0.000700 0.990921
1784010296.831932068 9.521879 -0.176508 -0.021533 -0.010011 0.134081 -0.000639 0.990920
1784010296.837730885 9.525495 -0.176488 -0.021565 -0.009930 0.133990 -0.000563 0.990933
1784010296.841990948 9.528158 -0.176471 -0.021591 -0.009899 0.134045 -0.000520 0.990926
1784010296.847652912 9.531707 -0.176448 -0.021622 -0.009886 0.134177 -0.000469 0.990908
1784010296.851916075 9.534381 -0.176431 -0.021644 -0.009813 0.134197 -0.000421 0.990906
1784010296.857686996 9.537989 -0.176403 -0.021672 -0.009731 0.134131 -0.000360 0.990916
1784010296.861870050 9.540597 -0.176378 -0.021697 -0.009728 0.134088 -0.000325 0.990922
1784010296.867721081 9.544248 -0.176338 -0.021731 -0.009749 0.134030 -0.000288 0.990929
1784010296.871620893 9.546693 -0.176307 -0.021749 -0.009789 0.134049 -0.000260 0.990926
1784010296.877315044 9.550264 -0.176260 -0.021763 -0.009835 0.134197 -0.000216 0.990906
1784010296.882108927 9.553257 -0.176215 -0.021770 -0.009846 0.134254 -0.000175 0.990898
1784010296.887696028 9.556730 -0.176158 -0.021778 -0.009867 0.134169 -0.000109 0.990909
1784010296.891913891 9.559358 -0.176112 -0.021781 -0.009858 0.134160 -0.000059 0.990911
1784010296.897682905 9.562965 -0.176049 -0.021772 -0.009814 0.134356 0.000019 0.990885
1784010296.901854992 9.565574 -0.176003 -0.021762 -0.009760 0.134476 0.000075 0.990869
1784010296.907582045 9.569137 -0.175940 -0.021753 -0.009688 0.134417 0.000161 0.990877
1784010296.911850929 9.571785 -0.175890 -0.021758 -0.009713 0.134279 0.000213 0.990896
1784010296.917694092 9.575414 -0.175823 -0.021777 -0.009777 0.134178 0.000282 0.990909
1784010296.921781063 9.577959 -0.175778 -0.021796 -0.009743 0.134203 0.000331 0.990906
1784010296.927601099 9.581586 -0.175717 -0.021830 -0.009675 0.134278 0.000408 0.990896
1784010296.927601099 9.581586 -0.175717 -0.021830 -0.009675 0.134278 0.000408 0.990896
1784010296.927644968 9.581613 -0.175717 -0.021830 -0.009674 0.134278 0.000409 0.990896
1784010296.931953907 9.584293 -0.175680 -0.021848 -0.009620 0.134298 0.000467 0.990894
1784010296.937720060 9.587873 -0.175631 -0.021877 -0.009600 0.134335 0.000548 0.990889
1784010296.942015886 9.590535 -0.175595 -0.021904 -0.009579 0.134403 0.000596 0.990880
1784010296.947673082 9.594042 -0.175551 -0.021926 -0.009523 0.134534 0.000648 0.990863
1784010296.951817036 9.596617 -0.175516 -0.021931 -0.009512 0.134632 0.000686 0.990850
1784010296.957679987 9.600255 -0.175463 -0.021914 -0.009529 0.134725 0.000751 0.990837
1784010296.962045908 9.602957 -0.175422 -0.021892 -0.009507 0.134736 0.000798 0.990836
1784010296.967515945 9.606335 -0.175369 -0.021859 -0.009475 0.134740 0.000864 0.990835
1784010296.971831083 9.609004 -0.175324 -0.021835 -0.009507 0.134785 0.000908 0.990829
1784010296.977345943 9.612416 -0.175264 -0.021809 -0.009568 0.134834 0.000960 0.990821
1784010296.981921911 9.615246 -0.175211 -0.021795 -0.009608 0.134834 0.001016 0.990821
1784010296.987641096 9.618780 -0.175138 -0.021792 -0.009713 0.134855 0.001083 0.990817
1784010296.991962910 9.621447 -0.175077 -0.021806 -0.009816 0.134850 0.001134 0.990817
1784010296.997647047 9.624946 -0.174991 -0.021838 -0.009984 0.134793 0.001207 0.990823
1784010297.001883030 9.627555 -0.174924 -0.021863 -0.010074 0.134821 0.001269 0.990818
1784010297.007558107 9.631062 -0.174834 -0.021876 -0.010112 0.135008 0.001377 0.990792
1784010297.011907101 9.633752 -0.174764 -0.021875 -0.010093 0.135118 0.001472 0.990777
1784010297.017719030 9.637333 -0.174669 -0.021865 -0.010037 0.135101 0.001631 0.990780
1784010297.022058964 9.639997 -0.174594 -0.021859 -0.010046 0.135062 0.001743 0.990785
1784010297.027496099 9.643334 -0.174500 -0.021846 -0.010063 0.135052 0.001880 0.990786
1784010297.027734995 9.643481 -0.174496 -0.021845 -0.010065 0.135051 0.001885 0.990786
1784010297.027734995 9.643481 -0.174496 -0.021845 -0.010065 0.135051 0.001885 0.990786
1784010297.031904936 9.646042 -0.174434 -0.021814 -0.010105 0.135020 0.001970 0.990789
1784010297.037700891 9.649611 -0.174354 -0.021768 -0.010135 0.134966 0.002094 0.990796
1784010297.042124033 9.652335 -0.174296 -0.021738 -0.010104 0.134943 0.002199 0.990799
1784010297.047677040 9.655745 -0.174226 -0.021719 -0.010159 0.134871 0.002300 0.990808
1784010297.051784992 9.658264 -0.174176 -0.021723 -0.010178 0.134740 0.002365 0.990826
1784010297.057673931 9.661886 -0.174112 -0.021739 -0.010150 0.134613 0.002452 0.990843
1784010297.062006950 9.664565 -0.174066 -0.021757 -0.010136 0.134673 0.002504 0.990835
1784010297.067733049 9.668110 -0.174009 -0.021785 -0.010023 0.134744 0.002591 0.990826
1784010297.071741104 9.670585 -0.173966 -0.021813 -0.009978 0.134676 0.002649 0.990836
1784010297.077644110 9.674222 -0.173901 -0.021861 -0.009986 0.134452 0.002733 0.990866
1784010297.082199097 9.677034 -0.173850 -0.021895 -0.009971 0.134396 0.002804 0.990874
1784010297.087655067 9.680418 -0.173793 -0.021919 -0.009906 0.134500 0.002892 0.990860
1784010297.092166901 9.683225 -0.173746 -0.021925 -0.009820 0.134610 0.002975 0.990846
1784010297.097665071 9.686636 -0.173685 -0.021922 -0.009722 0.134625 0.003083 0.990844
1784010297.101938963 9.689276 -0.173633 -0.021918 -0.009683 0.134554 0.003170 0.990854
1784010297.107626915 9.692790 -0.173566 -0.021907 -0.009617 0.134481 0.003291 0.990864
1784010297.111984015 9.695491 -0.173516 -0.021891 -0.009529 0.134516 0.003376 0.990860
1784010297.117595911 9.698979 -0.173453 -0.021864 -0.009446 0.134572 0.003477 0.990853
1784010297.121880054 9.701641 -0.173403 -0.021844 -0.009398 0.134566 0.003539 0.990854
1784010297.127655983 9.705211 -0.173333 -0.021824 -0.009346 0.134409 0.003624 0.990875
1784010297.127655983 9.705211 -0.173333 -0.021824 -0.009346 0.134409 0.003624 0.990875
1784010297.127767086 9.705280 -0.173332 -0.021823 -0.009346 0.134407 0.003626 0.990876
1784010297.131835938 9.707796 -0.173287 -0.021801 -0.009333 0.134276 0.003690 0.990893
1784010297.137693882 9.711429 -0.173223 -0.021763 -0.009333 0.134142 0.003784 0.990911
1784010297.142117023 9.714181 -0.173173 -0.021728 -0.009307 0.134119 0.003856 0.990914
1784010297.147716045 9.717666 -0.173108 -0.021677 -0.009253 0.134136 0.003960 0.990912
1784010297.151945114 9.720290 -0.173054 -0.021644 -0.009248 0.134109 0.004041 0.990915
1784010297.157649040 9.723820 -0.172976 -0.021611 -0.009286 0.133988 0.004164 0.990931
1784010297.161861897 9.726425 -0.172916 -0.021595 -0.009335 0.133941 0.004250 0.990936
1784010297.167779922 9.730102 -0.172834 -0.021565 -0.009354 0.134006 0.004377 0.990927
1784010297.171624899 9.732497 -0.172778 -0.021545 -0.009348 0.134096 0.004456 0.990914
1784010297.177637100 9.736233 -0.172684 -0.021523 -0.009481 0.134148 0.004556 0.990905
1784010297.182048082 9.738962 -0.172608 -0.021524 -0.009610 0.134087 0.004616 0.990912
1784010297.187511921 9.742347 -0.172517 -0.021531 -0.009732 0.134054 0.004686 0.990915
1784010297.191838980 9.745035 -0.172443 -0.021538 -0.009799 0.134117 0.004738 0.990906
1784010297.197669983 9.748666 -0.172338 -0.021556 -0.009926 0.134162 0.004800 0.990898
1784010297.202136040 9.751448 -0.172249 -0.021587 -0.010107 0.134189 0.004828 0.990892
1784010297.207818031 9.754980 -0.172134 -0.021645 -0.010337 0.134255 0.004868 0.990881
1784010297.211795092 9.757443 -0.172055 -0.021697 -0.010443 0.134326 0.004900 0.990870
1784010297.217830896 9.761176 -0.171941 -0.021776 -0.010519 0.134442 0.004969 0.990853
1784010297.221745968 9.763591 -0.171868 -0.021820 -0.010501 0.134540 0.005031 0.990840
1784010297.227646112 9.767239 -0.171751 -0.021858 -0.010520 0.134502 0.005137 0.990844
1784010297.227741003 9.767298 -0.171749 -0.021859 -0.010521 0.134502 0.005139 0.990844
1784010297.227741003 9.767298 -0.171749 -0.021859 -0.010521 0.134502 0.005139 0.990844
1784010297.232000113 9.769971 -0.171661 -0.021852 -0.010558 0.134503 0.005216 0.990843
1784010297.237684011 9.773537 -0.171548 -0.021810 -0.010526 0.134753 0.005332 0.990809
1784010297.242217064 9.776341 -0.171466 -0.021763 -0.010424 0.134758 0.005444 0.990809
1784010297.247646093 9.779674 -0.171364 -0.021701 -0.010451 0.134286 0.005544 0.990872
1784010297.252096891 9.782431 -0.171274 -0.021635 -0.010556 0.134019 0.005629 0.990907
1784010297.257498026 9.785817 -0.171168 -0.021528 -0.010621 0.134410 0.005751 0.990852
1784010297.261827946 9.788515 -0.171091 -0.021442 -0.010517 0.134719 0.005869 0.990811
1784010297.267498016 9.792004 -0.170989 -0.021373 -0.010461 0.134469 0.006015 0.990844
1784010297.271603107 9.794505 -0.170910 -0.021365 -0.010556 0.134181 0.006094 0.990882
1784010297.277683973 9.798226 -0.170797 -0.021374 -0.010524 0.134212 0.006234 0.990877
1784010297.281824112 9.800775 -0.170725 -0.021389 -0.010423 0.134448 0.006341 0.990846
1784010297.287668943 9.804356 -0.170616 -0.021439 -0.010383 0.134563 0.006461 0.990830
1784010297.291802883 9.806866 -0.170530 -0.021499 -0.010505 0.134398 0.006545 0.990850
1784010297.297643900 9.810414 -0.170407 -0.021597 -0.010760 0.134042 0.006647 0.990895
1784010297.301881075 9.813001 -0.170321 -0.021666 -0.010827 0.133943 0.006729 0.990907
1784010297.307630062 9.816535 -0.170200 -0.021740 -0.010757 0.134166 0.006851 0.990877
1784010297.312084913 9.819268 -0.170093 -0.021796 -0.010820 0.134384 0.006949 0.990846
1784010297.317667961 9.822664 -0.169948 -0.021882 -0.011018 0.134259 0.007068 0.990860
1784010297.321819067 9.825161 -0.169839 -0.021962 -0.011167 0.134166 0.007157 0.990870
1784010297.327652931 9.828680 -0.169688 -0.022055 -0.011175 0.134250 0.007274 0.990858
1784010297.327654123 9.828681 -0.169688 -0.022055 -0.011174 0.134250 0.007274 0.990858
1784010297.327654123 9.828681 -0.169688 -0.022055 -0.011174 0.134250 0.007274 0.990858
1784010297.332029104 9.831353 -0.169584 -0.022074 -0.011135 0.134424 0.007362 0.990834
1784010297.337670088 9.834808 -0.169448 -0.022085 -0.011088 0.134465 0.007473 0.990828
1784010297.342176914 9.837541 -0.169332 -0.022104 -0.011135 0.134293 0.007563 0.990850
1784010297.347625971 9.840820 -0.169194 -0.022141 -0.011126 0.134045 0.007720 0.990883
1784010297.351939917 9.843409 -0.169093 -0.022181 -0.011119 0.133854 0.007846 0.990908
1784010297.357702017 9.846862 -0.168957 -0.022230 -0.010992 0.134004 0.008025 0.990887
1784010297.362011909 9.849444 -0.168845 -0.022264 -0.011028 0.133995 0.008133 0.990887
1784010297.367490053 9.852728 -0.168704 -0.022297 -0.010906 0.133836 0.008281 0.990909
1784010297.371723890 9.855271 -0.168602 -0.022318 -0.010812 0.133720 0.008396 0.990925
1784010297.377067089 9.858479 -0.168474 -0.022348 -0.010809 0.133654 0.008517 0.990932
1784010297.382179976 9.861540 -0.168346 -0.022385 -0.010687 0.133381 0.008645 0.990969
1784010297.387326002 9.864629 -0.168213 -0.022420 -0.010692 0.133151 0.008737 0.991000
1784010297.392049074 9.867490 -0.168083 -0.022442 -0.010696 0.132942 0.008823 0.991027
1784010297.397360086 9.870710 -0.167934 -0.022463 -0.010569 0.133013 0.008919 0.991018
1784010297.401684999 9.873318 -0.167811 -0.022484 -0.010466 0.133076 0.008999 0.991010
1784010297.407613993 9.876877 -0.167646 -0.022506 -0.010589 0.132752 0.009067 0.991051
1784010297.412130117 9.879579 -0.167521 -0.022517 -0.010685 0.132515 0.009120 0.991082
1784010297.417886019 9.883034 -0.167366 -0.022514 -0.010708 0.132513 0.009188 0.991081
1784010297.421899080 9.885461 -0.167258 -0.022500 -0.010726 0.132521 0.009237 0.991079
1784010297.427636147 9.888924 -0.167099 -0.022479 -0.010661 0.132569 0.009321 0.991073
1784010297.427636147 9.888924 -0.167099 -0.022479 -0.010661 0.132569 0.009321 0.991073
1784010297.427664042 9.888940 -0.167098 -0.022478 -0.010661 0.132571 0.009321 0.991072
1784010297.431732893 9.891369 -0.166986 -0.022460 -0.010638 0.132670 0.009385 0.991059
1784010297.437715054 9.894924 -0.166827 -0.022433 -0.010618 0.132404 0.009495 0.991093
1784010297.441978931 9.897457 -0.166722 -0.022410 -0.010599 0.132209 0.009574 0.991119
1784010297.447616100 9.900815 -0.166584 -0.022377 -0.010558 0.132360 0.009682 0.991098
1784010297.451796055 9.903320 -0.166475 -0.022356 -0.010524 0.132467 0.009762 0.991084
1784010297.457669973 9.906829 -0.166319 -0.022348 -0.010653 0.132306 0.009841 0.991103
1784010297.462251902 9.909539 -0.166197 -0.022374 -0.010751 0.132176 0.009903 0.991118
1784010297.467526913 9.912654 -0.166063 -0.022411 -0.010639 0.132163 0.009985 0.991121
1784010297.471997976 9.915307 -0.165959 -0.022433 -0.010541 0.132149 0.010055 0.991123
1784010297.477619886 9.918648 -0.165825 -0.022451 -0.010594 0.132357 0.010114 0.991094
1784010297.482064009 9.921285 -0.165702 -0.022465 -0.010633 0.132517 0.010161 0.991072
1784010297.487503052 9.924496 -0.165543 -0.022481 -0.010788 0.132515 0.010217 0.991070
1784010297.491810083 9.927018 -0.165417 -0.022496 -0.010907 0.132510 0.010262 0.991069
1784010297.497792959 9.930526 -0.165244 -0.022496 -0.010773 0.132543 0.010353 0.991065
1784010297.501708031 9.932839 -0.165125 -0.022482 -0.010681 0.132558 0.010413 0.991063
1784010297.507646084 9.936340 -0.164939 -0.022459 -0.010913 0.132755 0.010480 0.991033
1784010297.511635065 9.938675 -0.164809 -0.022460 -0.011064 0.132882 0.010525 0.991014
1784010297.517648935 9.942185 -0.164618 -0.022473 -0.011174 0.132779 0.010587 0.991026
1784010297.522116899 9.944795 -0.164484 -0.022491 -0.011252 0.132697 0.010633 0.991036
1784010297.527502060 9.947952 -0.164327 -0.022513 -0.011267 0.132691 0.010705 0.991036
1784010297.527757168 9.948102 -0.164319 -0.022514 -0.011270 0.132696 0.010709 0.991035
1784010297.527757168 9.948102 -0.164319 -0.022514 -0.011270 0.132696 0.010709 0.991035
1784010297.531857967 9.950520 -0.164193 -0.022519 -0.011265 0.132753 0.010783 0.991027
1784010297.537635088 9.953921 -0.163996 -0.022540 -0.011485 0.132847 0.010866 0.991010
1784010297.542078972 9.956520 -0.163838 -0.022567 -0.011644 0.132817 0.010946 0.991012
1784010297.547389030 9.959615 -0.163660 -0.022599 -0.011692 0.132749 0.011059 0.991019
1784010297.551713943 9.962140 -0.163523 -0.022613 -0.011553 0.132758 0.011174 0.991018
1784010297.557646990 9.965622 -0.163327 -0.022612 -0.011391 0.132886 0.011344 0.991001
1784010297.562082052 9.968228 -0.163168 -0.022607 -0.011400 0.132996 0.011465 0.990985
1784010297.567706108 9.971509 -0.162964 -0.022605 -0.011457 0.132963 0.011613 0.990987
1784010297.571986914 9.973992 -0.162812 -0.022612 -0.011483 0.132814 0.011732 0.991005
1784010297.577635050 9.977280 -0.162622 -0.022615 -0.011408 0.132696 0.011889 0.991020
1784010297.582130909 9.979916 -0.162472 -0.022610 -0.011336 0.132783 0.012003 0.991008
1784010297.587492943 9.983063 -0.162291 -0.022611 -0.011312 0.132939 0.012134 0.990985
1784010297.591747999 9.985546 -0.162146 -0.022628 -0.011316 0.132917 0.012236 0.990987
1784010297.597707987 9.989006 -0.161947 -0.022675 -0.011295 0.132703 0.012393 0.991014
1784010297.602030993 9.991518 -0.161805 -0.022719 -0.011292 0.132617 0.012490 0.991024
1784010297.607672930 9.994818 -0.161628 -0.022771 -0.011159 0.132672 0.012615 0.991017
1784010297.611630917 9.997141 -0.161504 -0.022807 -0.011049 0.132749 0.012704 0.991007
1784010297.617696047 10.000690 -0.161305 -0.022875 -0.011046 0.132706 0.012811 0.991011
1784010297.621903896 10.003140 -0.161164 -0.022936 -0.011070 0.132553 0.012889 0.991030
1784010297.627508163 10.006408 -0.160981 -0.023014 -0.010956 0.132424 0.013025 0.991047
1784010297.627508163 10.006408 -0.160981 -0.023014 -0.010956 0.132424 0.013025 0.991047
1784010297.627676964 10.006506 -0.160976 -0.023015 -0.010956 0.132421 0.013028 0.991047
1784010297.631669998 10.008850 -0.160850 -0.023040 -0.010942 0.132536 0.013108 0.991031
1784010297.637698889 10.012398 -0.160658 -0.023056 -0.010949 0.132791 0.013226 0.990995
1784010297.642035007 10.014946 -0.160515 -0.023064 -0.010978 0.132865 0.013324 0.990984
1784010297.647697926 10.018264 -0.160328 -0.023067 -0.011044 0.132858 0.013450 0.990982
1784010297.651809931 10.020669 -0.160193 -0.023068 -0.011043 0.132883 0.013550 0.990978
1784010297.657639027 10.024080 -0.160003 -0.023055 -0.011059 0.132972 0.013687 0.990964
1784010297.661778927 10.026503 -0.159867 -0.023043 -0.011072 0.132997 0.013779 0.990959
1784010297.667587996 10.029905 -0.159675 -0.023017 -0.011159 0.132984 0.013882 0.990958
1784010297.671953917 10.032460 -0.159530 -0.023002 -0.011199 0.132948 0.013962 0.990961
1784010297.677762032 10.035852 -0.159337 -0.022989 -0.011266 0.132855 0.014073 0.990972
1784010297.682424068 10.038570 -0.159182 -0.022987 -0.011301 0.132750 0.014168 0.990984
1784010297.687330961 10.041431 -0.159017 -0.022985 -0.011349 0.132685 0.014270 0.990991
1784010297.691971064 10.044144 -0.158859 -0.022981 -0.011423 0.132683 0.014361 0.990989
1784010297.697405100 10.047326 -0.158674 -0.022971 -0.011451 0.132708 0.014486 0.990983
1784010297.701771975 10.049879 -0.158523 -0.022969 -0.011457 0.132742 0.014595 0.990977
1784010297.707638979 10.053299 -0.158315 -0.022972 -0.011590 0.132778 0.014730 0.990968
1784010297.711951971 10.055806 -0.158160 -0.022981 -0.011693 0.132801 0.014826 0.990963
1784010297.717628956 10.059103 -0.157957 -0.022986 -0.011812 0.132893 0.014946 0.990947
1784010297.721812963 10.061530 -0.157807 -0.022989 -0.011866 0.132962 0.015039 0.990936
1784010297.727624893 10.064904 -0.157593 -0.022993 -0.012002 0.132973 0.015155 0.990931
1784010297.727670193 10.064930 -0.157591 -0.022993 -0.012005 0.132973 0.015156 0.990931
1784010297.727670193 10.064930 -0.157591 -0.022993 -0.012005 0.132973 0.015156 0.990931
1784010297.731967926 10.067443 -0.157443 -0.022988 -0.012092 0.132932 0.015264 0.990934
1784010297.737651110 10.070770 -0.157246 -0.022992 -0.012202 0.132921 0.015411 0.990932
1784010297.741906881 10.073259 -0.157094 -0.023007 -0.012280 0.132932 0.015502 0.990928
1784010297.747649908 10.076624 -0.156891 -0.023046 -0.012337 0.132879 0.015635 0.990932
1784010297.751987934 10.079174 -0.156728 -0.023091 -0.012430 0.132905 0.015727 0.990926
1784010297.757607937 10.082488 -0.156515 -0.023165 -0.012581 0.133076 0.015848 0.990899
1784010297.761693001 10.084890 -0.156355 -0.023230 -0.012676 0.133201 0.015931 0.990880
1784010297.767677069 10.088404 -0.156124 -0.023328 -0.012760 0.133273 0.016083 0.990867
1784010297.772037029 10.090963 -0.155952 -0.023392 -0.012794 0.133321 0.016207 0.990858
1784010297.777610064 10.094241 -0.155729 -0.023452 -0.012801 0.133367 0.016400 0.990848
1784010297.782263994 10.096978 -0.155537 -0.023479 -0.012845 0.133402 0.016558 0.990840
1784010297.787765980 10.100201 -0.155311 -0.023484 -0.012887 0.133363 0.016759 0.990842
1784010297.791815042 10.102558 -0.155143 -0.023475 -0.012930 0.133224 0.016906 0.990857
1784010297.797682047 10.105976 -0.154908 -0.023438 -0.012937 0.132944 0.017138 0.990891
1784010297.802009106 10.108503 -0.154734 -0.023392 -0.012878 0.132887 0.017313 0.990896
1784010297.807634115 10.111797 -0.154509 -0.023320 -0.012778 0.132986 0.017568 0.990880
1784010297.811748981 10.114199 -0.154337 -0.023271 -0.012769 0.133006 0.017744 0.990874
1784010297.817656994 10.117641 -0.154096 -0.023225 -0.012841 0.132858 0.018000 0.990888
1784010297.821660042 10.119971 -0.153936 -0.023208 -0.012810 0.132813 0.018170 0.990892
1784010297.827632189 10.123460 -0.153706 -0.023196 -0.012687 0.132941 0.018447 0.990871
1784010297.827632189 10.123460 -0.153706 -0.023196 -0.012687 0.132941 0.018447 0.990871
1784010297.827655077 10.123474 -0.153706 -0.023196 -0.012686 0.132941 0.018447 0.990871
1784010297.831799984 10.125930 -0.153554 -0.023206 -0.012686 0.133031 0.018583 0.990856
1784010297.837615013 10.129378 -0.153336 -0.023243 -0.012744 0.132963 0.018759 0.990861
1784010297.842077017 10.132016 -0.153163 -0.023286 -0.012850 0.132892 0.018890 0.990867
1784010297.847532034 10.135243 -0.152953 -0.023348 -0.012918 0.132853 0.019069 0.990868
1784010297.851743937 10.137731 -0.152790 -0.023396 -0.012933 0.132824 0.019204 0.990869
1784010297.857595921 10.141196 -0.152552 -0.023463 -0.013024 0.132767 0.019369 0.990872
1784010297.862140894 10.143888 -0.152358 -0.023511 -0.013132 0.132729 0.019507 0.990873
1784010297.867743015 10.147218 -0.152114 -0.023567 -0.013218 0.132755 0.019691 0.990865
1784010297.871637106 10.149529 -0.151942 -0.023604 -0.013274 0.132815 0.019813 0.990854
1784010297.877665043 10.153103 -0.151671 -0.023667 -0.013294 0.132878 0.020016 0.990841
1784010297.881819010 10.155559 -0.151477 -0.023714 -0.013395 0.132890 0.020138 0.990836
1784010297.887712002 10.159063 -0.151202 -0.023777 -0.013510 0.132953 0.020314 0.990822
1784010297.891880035 10.161548 -0.151009 -0.023813 -0.013501 0.133066 0.020450 0.990804
1784010297.897505045 10.164897 -0.150752 -0.023856 -0.013448 0.133155 0.020648 0.990789
1784010297.901701927 10.167378 -0.150556 -0.023891 -0.013438 0.133065 0.020803 0.990798
1784010297.907669067 10.170909 -0.150277 -0.023940 -0.013456 0.132886 0.021011 0.990817
1784010297.911978006 10.173466 -0.150077 -0.023966 -0.013423 0.132924 0.021165 0.990809
1784010297.917666912 10.176859 -0.149819 -0.023991 -0.013289 0.133072 0.021375 0.990787
1784010297.921869040 10.179361 -0.149629 -0.024007 -0.013195 0.133100 0.021535 0.990781
1784010297.927380085 10.182633 -0.149377 -0.024038 -0.013126 0.132981 0.021734 0.990793
1784010297.927380085 10.182633 -0.149377 -0.024038 -0.013126 0.132981 0.021734 0.990793
1784010297.927483082 10.182694 -0.149372 -0.024038 -0.013125 0.132979 0.021738 0.990793
1784010297.931855917 10.185305 -0.149168 -0.024057 -0.013140 0.132912 0.021899 0.990799
1784010297.937655926 10.188776 -0.148900 -0.024083 -0.013093 0.132873 0.022112 0.990800
1784010297.941999912 10.191387 -0.148700 -0.024104 -0.013075 0.132917 0.022261 0.990791
1784010297.947464943 10.194678 -0.148448 -0.024126 -0.013068 0.133018 0.022433 0.990774
1784010297.951705933 10.197221 -0.148249 -0.024148 -0.013067 0.133002 0.022570 0.990773
1784010297.957559109 10.200722 -0.147966 -0.024184 -0.013185 0.132856 0.022737 0.990787
1784010297.962024927 10.203394 -0.147748 -0.024211 -0.013235 0.132803 0.022862 0.990790
1784010297.967588902 10.206734 -0.147475 -0.024231 -0.013250 0.132937 0.023027 0.990768
1784010297.971868038 10.209303 -0.147263 -0.024239 -0.013238 0.133041 0.023153 0.990752
1784010297.977541924 10.212706 -0.146977 -0.024243 -0.013219 0.133065 0.023334 0.990744
1784010297.982688904 10.215784 -0.146712 -0.024248 -0.013247 0.133059 0.023493 0.990741
1784010297.987407923 10.218600 -0.146468 -0.024254 -0.013260 0.133056 0.023645 0.990738
1784010297.991939068 10.221302 -0.146234 -0.024262 -0.013201 0.133050 0.023805 0.990735
1784010297.997658014 10.224718 -0.145935 -0.024272 -0.013191 0.133104 0.023994 0.990724
1784010298.001878023 10.227240 -0.145712 -0.024284 -0.013217 0.133139 0.024131 0.990715
1784010298.007625103 10.230672 -0.145412 -0.024306 -0.013158 0.133068 0.024341 0.990721
1784010298.011780024 10.233147 -0.145198 -0.024334 -0.013117 0.132999 0.024494 0.990727
1784010298.017683983 10.236666 -0.144894 -0.024382 -0.013091 0.133009 0.024700 0.990721
1784010298.021903992 10.239181 -0.144673 -0.024425 -0.013093 0.133049 0.024845 0.990712
1784010298.027654886 10.242616 -0.144370 -0.024483 -0.013153 0.133096 0.025023 0.990700
1784010298.027662992 10.242621 -0.144370 -0.024483 -0.013152 0.133096 0.025023 0.990700
1784010298.027662992 10.242621 -0.144370 -0.024483 -0.013152 0.133096 0.025023 0.990700
1784010298.031829119 10.245127 -0.144147 -0.024510 -0.013176 0.133163 0.025168 0.990687
1784010298.037666082 10.248629 -0.143836 -0.024534 -0.013179 0.133303 0.025393 0.990662
1784010298.042030096 10.251231 -0.143601 -0.024549 -0.013221 0.133290 0.025547 0.990660
1784010298.047766924 10.254648 -0.143286 -0.024562 -0.013304 0.133201 0.025748 0.990665
1784010298.051696062 10.256998 -0.143067 -0.024561 -0.013368 0.133288 0.025875 0.990649
1784010298.057576895 10.260525 -0.142739 -0.024542 -0.013370 0.133584 0.026095 0.990604
1784010298.062015057 10.263176 -0.142489 -0.024524 -0.013341 0.133676 0.026267 0.990587
1784010298.067615986 10.266502 -0.142168 -0.024514 -0.013469 0.133552 0.026470 0.990597
1784010298.071861029 10.269018 -0.141920 -0.024516 -0.013619 0.133427 0.026613 0.990608
1784010298.077547073 10.272404 -0.141587 -0.024526 -0.013800 0.133474 0.026808 0.990594
1784010298.081789970 10.274938 -0.141334 -0.024542 -0.013916 0.133627 0.026950 0.990567
1784010298.087272882 10.278206 -0.141002 -0.024574 -0.014081 0.133731 0.027156 0.990546
1784010298.091706991 10.280841 -0.140727 -0.024610 -0.014248 0.133693 0.027318 0.990544
1784010298.097544909 10.284306 -0.140368 -0.024659 -0.014357 0.133642 0.027566 0.990542
1784010298.101963997 10.286933 -0.140098 -0.024694 -0.014351 0.133724 0.027759 0.990526
1784010298.107566118 10.290267 -0.139750 -0.024736 -0.014385 0.133923 0.028007 0.990492
1784010298.111784935 10.292776 -0.139483 -0.024767 -0.014450 0.133992 0.028200 0.990476
1784010298.117621899 10.296246 -0.139111 -0.024804 -0.014589 0.133956 0.028477 0.990471
1784010298.121807098 10.298733 -0.138847 -0.024825 -0.014612 0.133940 0.028683 0.990466
1784010298.127506971 10.302115 -0.138491 -0.024849 -0.014556 0.133966 0.028978 0.990455
1784010298.127506971 10.302115 -0.138491 -0.024849 -0.014556 0.133966 0.028978 0.990455
1784010298.127578974 10.302158 -0.138486 -0.024849 -0.014555 0.133964 0.028982 0.990455
1784010298.131895065 10.304713 -0.138212 -0.024861 -0.014571 0.133937 0.029172 0.990453
1784010298.137635946 10.308118 -0.137848 -0.024881 -0.014630 0.133881 0.029422 0.990453
1784010298.141940117 10.310681 -0.137576 -0.024895 -0.014629 0.133922 0.029605 0.990442
1784010298.147589922 10.314044 -0.137226 -0.024913 -0.014579 0.133982 0.029862 0.990426
1784010298.151962996 10.316641 -0.136956 -0.024935 -0.014571 0.133915 0.030054 0.990430
1784010298.157582045 10.319969 -0.136608 -0.024978 -0.014574 0.133691 0.030292 0.990453
1784010298.161736012 10.322436 -0.136348 -0.025016 -0.014554 0.133604 0.030466 0.990459
1784010298.167630911 10.325950 -0.135975 -0.025077 -0.014599 0.133667 0.030703 0.990443
1784010298.171977997 10.328549 -0.135699 -0.025127 -0.014620 0.133687 0.030873 0.990435
1784010298.177603006 10.331908 -0.135340 -0.025197 -0.014597 0.133552 0.031097 0.990446
1784010298.182101965 10.334590 -0.135049 -0.025257 -0.014617 0.133422 0.031265 0.990458
1784010298.187578917 10.337853 -0.134691 -0.025332 -0.014597 0.133304 0.031495 0.990467
1784010298.192028999 10.340515 -0.134397 -0.025392 -0.014591 0.133331 0.031681 0.990458
1784010298.197776079 10.343970 -0.134009 -0.025460 -0.014605 0.133498 0.031925 0.990427
1784010298.201942921 10.346480 -0.133724 -0.025498 -0.014599 0.133645 0.032117 0.990401
1784010298.207572937 10.349851 -0.133340 -0.025537 -0.014556 0.133675 0.032393 0.990389
1784010298.211991072 10.352485 -0.133036 -0.025559 -0.014520 0.133575 0.032607 0.990396
1784010298.217580080 10.355821 -0.132648 -0.025576 -0.014535 0.133464 0.032870 0.990402
1784010298.222013950 10.358479 -0.132337 -0.025579 -0.014586 0.133455 0.033069 0.990396
1784010298.227309942 10.361654 -0.131967 -0.025576 -0.014621 0.133438 0.033308 0.990389
1784010298.227558136 10.361803 -0.131950 -0.025576 -0.014622 0.133433 0.033319 0.990390
1784010298.227558136 10.361803 -0.131950 -0.025576 -0.014622 0.133433 0.033319 0.990390
1784010298.231843948 10.364345 -0.131652 -0.025567 -0.014662 0.133372 0.033503 0.990391
1784010298.237559080 10.367719 -0.131256 -0.025565 -0.014714 0.133147 0.033748 0.990412
1784010298.242038012 10.370365 -0.130946 -0.025576 -0.014750 0.132975 0.033947 0.990428
1784010298.247595072 10.373660 -0.130563 -0.025593 -0.014761 0.132960 0.034191 0.990421
1784010298.251877069 10.376209 -0.130267 -0.025607 -0.014755 0.133060 0.034382 0.990402
1784010298.257620096 10.379620 -0.129868 -0.025625 -0.014822 0.133100 0.034628 0.990387
1784010298.261835098 10.382116 -0.129575 -0.025639 -0.014868 0.133034 0.034815 0.990388
1784010298.267570019 10.385504 -0.129179 -0.025654 -0.014928 0.132968 0.035062 0.990388
1784010298.271785975 10.387999 -0.128887 -0.025664 -0.014968 0.133011 0.035232 0.990375
1784010298.277739048 10.391520 -0.128469 -0.025672 -0.015076 0.133106 0.035457 0.990353
1784010298.281747103 10.393896 -0.128182 -0.025680 -0.015175 0.133109 0.035605 0.990345
1784010298.287357092 10.397219 -0.127779 -0.025696 -0.015322 0.133122 0.035809 0.990334
1784010298.291858912 10.399885 -0.127456 -0.025720 -0.015397 0.133168 0.035971 0.990321
1784010298.297561884 10.403254 -0.127043 -0.025773 -0.015515 0.133187 0.036174 0.990309
1784010298.301718950 10.405715 -0.126737 -0.025832 -0.015640 0.133207 0.036315 0.990299
1784010298.307610035 10.409211 -0.126294 -0.025931 -0.015848 0.133347 0.036506 0.990270
1784010298.311856031 10.411742 -0.125971 -0.026012 -0.015962 0.133505 0.036650 0.990242
1784010298.317670107 10.415195 -0.125526 -0.026135 -0.016090 0.133628 0.036869 0.990215
1784010298.321963072 10.417738 -0.125193 -0.026238 -0.016277 0.133626 0.037007 0.990207
1784010298.327502012 10.421018 -0.124760 -0.026368 -0.016520 0.133637 0.037191 0.990194
1784010298.327502012 10.421018 -0.124760 -0.026368 -0.016520 0.133637 0.037191 0.990194
1784010298.327585936 10.421066 -0.124754 -0.026369 -0.016523 0.133638 0.037194 0.990194
1784010298.331825018 10.423536 -0.124432 -0.026441 -0.016637 0.133742 0.037334 0.990173
1784010298.337616920 10.426906 -0.123991 -0.026509 -0.016782 0.133884 0.037543 0.990143
1784010298.341998100 10.429453 -0.123652 -0.026540 -0.016892 0.133879 0.037711 0.990136
1784010298.347640991 10.432709 -0.123213 -0.026558 -0.017063 0.133728 0.037945 0.990144
1784010298.351705074 10.435053 -0.122896 -0.026558 -0.017131 0.133604 0.038130 0.990153
1784010298.357584953 10.438444 -0.122445 -0.026527 -0.017133 0.133597 0.038417 0.990143
1784010298.361990929 10.440999 -0.122110 -0.026490 -0.017075 0.133679 0.038646 0.990124
1784010298.367405891 10.444128 -0.121703 -0.026441 -0.016959 0.133722 0.038946 0.990108
1784010298.371673107 10.446593 -0.121383 -0.026414 -0.016919 0.133708 0.039181 0.990101
1784010298.377592087 10.450003 -0.120950 -0.026397 -0.016883 0.133781 0.039495 0.990080
1784010298.381825924 10.452452 -0.120646 -0.026403 -0.016828 0.133895 0.039720 0.990056
1784010298.387397051 10.455670 -0.120251 -0.026431 -0.016809 0.134017 0.039989 0.990029
1784010298.391659021 10.458139 -0.119948 -0.026468 -0.016864 0.134075 0.040185 0.990012
1784010298.397583008 10.461561 -0.119528 -0.026530 -0.016980 0.134167 0.040433 0.989988
1784010298.401875973 10.464045 -0.119222 -0.026584 -0.017043 0.134197 0.040614 0.989975
1784010298.407591105 10.467341 -0.118819 -0.026660 -0.017053 0.134186 0.040861 0.989966
1784010298.411705971 10.469721 -0.118525 -0.026718 -0.017076 0.134202 0.041036 0.989957
1784010298.417634964 10.473143 -0.118095 -0.026797 -0.017126 0.134286 0.041276 0.989934
1784010298.422038078 10.475692 -0.117768 -0.026856 -0.017177 0.134307 0.041457 0.989923
1784010298.427459002 10.478829 -0.117361 -0.026927 -0.017227 0.134343 0.041687 0.989908
1784010298.427695036 10.478966 -0.117343 -0.026931 -0.017229 0.134346 0.041697 0.989907
1784010298.427695036 10.478966 -0.117343 -0.026931 -0.017229 0.134346 0.041697 0.989907
1784010298.431777000 10.481242 -0.117066 -0.026964 -0.017271 0.134343 0.041865 0.989899
1784010298.437604904 10.484472 -0.116669 -0.027015 -0.017330 0.134310 0.042090 0.989893
1784010298.442079067 10.486962 -0.116350 -0.027060 -0.017428 0.134293 0.042271 0.989886
1784010298.447478056 10.489969 -0.115962 -0.027115 -0.017594 0.134343 0.042479 0.989868
1784010298.451845884 10.492415 -0.115646 -0.027156 -0.017611 0.134430 0.042662 0.989848
1784010298.457564116 10.495596 -0.115240 -0.027200 -0.017540 0.134450 0.042923 0.989835
1784010298.462018967 10.498074 -0.114917 -0.027234 -0.017490 0.134376 0.043144 0.989836
1784010298.467631102 10.501181 -0.114511 -0.027268 -0.017442 0.134244 0.043419 0.989843
1784010298.471954107 10.503590 -0.114193 -0.027286 -0.017436 0.134200 0.043626 0.989840
1784010298.477432013 10.506642 -0.113798 -0.027295 -0.017393 0.134173 0.043875 0.989833
1784010298.481750011 10.509053 -0.113490 -0.027298 -0.017279 0.134122 0.044088 0.989833
1784010298.487649918 10.512319 -0.113074 -0.027306 -0.017174 0.133939 0.044364 0.989847
1784010298.491600037 10.514513 -0.112787 -0.027323 -0.017186 0.133793 0.044534 0.989859
1784010298.497693062 10.517889 -0.112353 -0.027350 -0.017239 0.133656 0.044780 0.989865
1784010298.501867056 10.520227 -0.112052 -0.027369 -0.017283 0.133692 0.044940 0.989853
1784010298.507314920 10.523266 -0.111666 -0.027391 -0.017332 0.133701 0.045129 0.989842
1784010298.511660099 10.525690 -0.111356 -0.027408 -0.017331 0.133602 0.045287 0.989848
1784010298.517605066 10.528987 -0.110936 -0.027432 -0.017312 0.133432 0.045491 0.989862
1784010298.521940947 10.531406 -0.110621 -0.027450 -0.017329 0.133447 0.045641 0.989853
1784010298.527543068 10.534523 -0.110212 -0.027467 -0.017322 0.133505 0.045830 0.989836
1784010298.527543068 10.534523 -0.110212 -0.027467 -0.017322 0.133505 0.045830 0.989836
1784010298.527662992 10.534587 -0.110205 -0.027467 -0.017323 0.133508 0.045834 0.989836
1784010298.531997919 10.536907 -0.109922 -0.027471 -0.017351 0.133514 0.046005 0.989827
1784010298.537594080 10.539891 -0.109561 -0.027476 -0.017359 0.133459 0.046233 0.989823
1784010298.541951895 10.542213 -0.109276 -0.027483 -0.017322 0.133408 0.046419 0.989822
1784010298.547751904 10.545284 -0.108897 -0.027507 -0.017327 0.133294 0.046667 0.989826
1784010298.551789999 10.547432 -0.108624 -0.027531 -0.017327 0.133224 0.046849 0.989826
1784010298.557635069 10.550539 -0.108230 -0.027571 -0.017394 0.133244 0.047102 0.989811
1784010298.562203884 10.552979 -0.107920 -0.027603 -0.017403 0.133300 0.047310 0.989793
1784010298.567572117 10.555834 -0.107558 -0.027644 -0.017371 0.133298 0.047562 0.989782
1784010298.571882010 10.558124 -0.107267 -0.027677 -0.017383 0.133244 0.047762 0.989779
1784010298.577604055 10.561149 -0.106881 -0.027718 -0.017442 0.133131 0.048012 0.989781
1784010298.581793070 10.563375 -0.106595 -0.027740 -0.017517 0.133105 0.048180 0.989775
1784010298.587580919 10.566453 -0.106201 -0.027757 -0.017628 0.133196 0.048404 0.989750
1784010298.592295885 10.568972 -0.105880 -0.027758 -0.017648 0.133292 0.048592 0.989728
1784010298.597317934 10.571645 -0.105540 -0.027756 -0.017655 0.133281 0.048782 0.989720
1784010298.601716995 10.573976 -0.105243 -0.027756 -0.017660 0.133272 0.048948 0.989713
1784010298.607428074 10.576990 -0.104856 -0.027763 -0.017684 0.133233 0.049166 0.989707
1784010298.611766100 10.579293 -0.104554 -0.027770 -0.017700 0.133205 0.049333 0.989702
1784010298.617517948 10.582336 -0.104153 -0.027788 -0.017873 0.133316 0.049535 0.989674
1784010298.621959925 10.584686 -0.103842 -0.027804 -0.018004 0.133403 0.049691 0.989652
1784010298.627535105 10.587621 -0.103451 -0.027832 -0.018086 0.133303 0.049911 0.989652
1784010298.627582073 10.587645 -0.103448 -0.027832 -0.018087 0.133302 0.049913 0.989653
1784010298.627582073 10.587645 -0.103448 -0.027832 -0.018087 0.133302 0.049913 0.989653
1784010298.631840944 10.589887 -0.103105 -0.027834 -0.018144 0.133230 0.050070 0.989653
1784010298.637547970 10.592896 -0.102634 -0.027841 -0.018328 0.133270 0.050271 0.989634
1784010298.641607046 10.595035 -0.102302 -0.027849 -0.018457 0.133299 0.050416 0.989621
1784010298.647624969 10.598220 -0.101799 -0.027860 -0.018547 0.133404 0.050660 0.989592
1784010298.651722908 10.600394 -0.101459 -0.027871 -0.018606 0.133477 0.050829 0.989573
1784010298.657546997 10.603478 -0.100971 -0.027892 -0.018666 0.133479 0.051067 0.989559
1784010298.661902905 10.605766 -0.100614 -0.027918 -0.018709 0.133482 0.051247 0.989549
1784010298.667568922 10.608749 -0.100142 -0.027954 -0.018839 0.133489 0.051467 0.989534
1784010298.672075987 10.611138 -0.099764 -0.027981 -0.018940 0.133495 0.051644 0.989522
1784010298.677578926 10.614059 -0.099297 -0.028010 -0.018897 0.133701 0.051910 0.989481
1784010298.681731939 10.616250 -0.098950 -0.028030 -0.018863 0.133857 0.052113 0.989450
1784010298.687427044 10.619250 -0.098467 -0.028054 -0.018853 0.133725 0.052414 0.989452
1784010298.691555023 10.621421 -0.098117 -0.028072 -0.018844 0.133630 0.052634 0.989453
1784010298.697566032 10.624600 -0.097599 -0.028087 -0.018894 0.133757 0.052939 0.989419
1784010298.701961040 10.626938 -0.097230 -0.028088 -0.018929 0.133851 0.053165 0.989393
1784010298.707756042 10.630019 -0.096734 -0.028093 -0.018854 0.133864 0.053476 0.989376
1784010298.711792946 10.632145 -0.096389 -0.028111 -0.018800 0.133875 0.053696 0.989364
1784010298.717653036 10.635239 -0.095878 -0.028142 -0.018835 0.133705 0.053980 0.989371
1784010298.721554041 10.637312 -0.095547 -0.028161 -0.018857 0.133593 0.054172 0.989375
1784010298.727334976 10.640392 -0.095045 -0.028198 -0.018879 0.133768 0.054427 0.989337
1784010298.727334976 10.640392 -0.095045 -0.028198 -0.018879 0.133768 0.054427 0.989337
1784010298.727595091 10.640535 -0.095022 -0.028200 -0.018879 0.133777 0.054438 0.989335
1784010298.731995106 10.642938 -0.094620 -0.028240 -0.018890 0.133922 0.054625 0.989305
1784010298.737564087 10.645986 -0.094106 -0.028302 -0.018960 0.133748 0.054842 0.989315
1784010298.742001057 10.648412 -0.093697 -0.028355 -0.019015 0.133608 0.055018 0.989323
1784010298.747467995 10.651409 -0.093188 -0.028422 -0.019010 0.133768 0.055246 0.989289
1784010298.751847982 10.653807 -0.092775 -0.028472 -0.019006 0.133895 0.055431 0.989262
1784010298.757554054 10.656947 -0.092231 -0.028525 -0.019127 0.133952 0.055674 0.989238
1784010298.761683941 10.659219 -0.091836 -0.028549 -0.019213 0.133992 0.055855 0.989221
1784010298.767594099 10.662475 -0.091265 -0.028570 -0.019149 0.134072 0.056150 0.989194
1784010298.771639109 10.664681 -0.090871 -0.028578 -0.019104 0.134126 0.056357 0.989176
1784010298.777514935 10.667899 -0.090291 -0.028579 -0.019293 0.134004 0.056646 0.989172
1784010298.781991005 10.670356 -0.089844 -0.028570 -0.019435 0.133910 0.056870 0.989169
1784010298.787713051 10.673520 -0.089272 -0.028548 -0.019571 0.133970 0.057165 0.989142
1784010298.792798042 10.676330 -0.088770 -0.028528 -0.019589 0.134072 0.057437 0.989112
1784010298.797266960 10.678790 -0.088334 -0.028522 -0.019557 0.134032 0.057679 0.989104
1784010298.801789999 10.681274 -0.087891 -0.028532 -0.019586 0.133903 0.057915 0.989107
1784010298.807571888 10.684464 -0.087326 -0.028558 -0.019691 0.133858 0.058178 0.989095
1784010298.811881065 10.686846 -0.086910 -0.028579 -0.019687 0.133970 0.058372 0.989069
1784010298.817580938 10.690017 -0.086362 -0.028600 -0.019668 0.134216 0.058613 0.989022
1784010298.821882963 10.692396 -0.085950 -0.028612 -0.019675 0.134299 0.058783 0.989000
1784010298.827226162 10.695338 -0.085439 -0.028626 -0.019671 0.134198 0.059007 0.989001
1784010298.827226162 10.695338 -0.085439 -0.028626 -0.019671 0.134198 0.059007 0.989001
1784010298.827560902 10.695527 -0.085406 -0.028627 -0.019670 0.134190 0.059022 0.989001
1784010298.831619024 10.697818 -0.085006 -0.028627 -0.019676 0.134099 0.059203 0.989002
1784010298.837558031 10.701199 -0.084416 -0.028614 -0.019653 0.134213 0.059465 0.988971
1784010298.841989994 10.703728 -0.083971 -0.028605 -0.019698 0.134368 0.059645 0.988939
1784010298.847404003 10.706817 -0.083425 -0.028603 -0.019714 0.134463 0.059870 0.988912
1784010298.851803064 10.709312 -0.082983 -0.028616 -0.019686 0.134453 0.060056 0.988902
1784010298.857584953 10.712596 -0.082393 -0.028658 -0.019764 0.134451 0.060284 0.988887
1784010298.861593008 10.714871 -0.081980 -0.028704 -0.019806 0.134474 0.060450 0.988873
1784010298.867573977 10.718293 -0.081353 -0.028786 -0.019853 0.134625 0.060686 0.988837
1784010298.871638060 10.720618 -0.080922 -0.028849 -0.019927 0.134826 0.060846 0.988799
1784010298.877545118 10.723996 -0.080291 -0.028938 -0.020047 0.134998 0.061064 0.988759
1784010298.881871939 10.726448 -0.079825 -0.029007 -0.020171 0.134893 0.061224 0.988761
1784010298.887358904 10.729560 -0.079222 -0.029086 -0.020444 0.134647 0.061416 0.988777
1784010298.891993999 10.732192 -0.078706 -0.029134 -0.020692 0.134597 0.061575 0.988769
1784010298.897562981 10.735367 -0.078076 -0.029168 -0.020911 0.134637 0.061793 0.988745
1784010298.901654959 10.737690 -0.077607 -0.029184 -0.021086 0.134582 0.061973 0.988738
1784010298.907531023 10.741026 -0.076929 -0.029197 -0.021191 0.134352 0.062284 0.988747
1784010298.911792994 10.743435 -0.076436 -0.029204 -0.021218 0.134242 0.062550 0.988745
1784010298.917659044 10.746761 -0.075754 -0.029214 -0.021225 0.134228 0.062933 0.988722
1784010298.921864986 10.749143 -0.075264 -0.029223 -0.021179 0.134243 0.063232 0.988702
1784010298.927249193 10.752208 -0.074636 -0.029234 -0.021173 0.134304 0.063624 0.988669
1784010298.927249193 10.752208 -0.074636 -0.029234 -0.021173 0.134304 0.063624 0.988669
1784010298.927598953 10.752411 -0.074595 -0.029234 -0.021173 0.134309 0.063650 0.988667
1784010298.931751966 10.754823 -0.074108 -0.029232 -0.021149 0.134415 0.063964 0.988632
1784010298.937572002 10.758191 -0.073435 -0.029233 -0.021078 0.134457 0.064402 0.988600
1784010298.941875935 10.760668 -0.072938 -0.029243 -0.021091 0.134412 0.064721 0.988585
1784010298.947575092 10.763967 -0.072277 -0.029255 -0.021223 0.134454 0.065107 0.988551
1784010298.951622963 10.766316 -0.071810 -0.029260 -0.021276 0.134623 0.065373 0.988509
1784010298.957557917 10.769767 -0.071132 -0.029265 -0.021152 0.134864 0.065794 0.988451
1784010298.961921930 10.772291 -0.070634 -0.029280 -0.021127 0.134901 0.066077 0.988428
1784010298.967571020 10.775549 -0.069983 -0.029317 -0.021190 0.134806 0.066424 0.988416
1784010298.971843004 10.778008 -0.069491 -0.029355 -0.021237 0.134731 0.066680 0.988408
1784010298.977309942 10.781176 -0.068858 -0.029412 -0.021258 0.134790 0.066997 0.988378
1784010298.981689930 10.783721 -0.068345 -0.029462 -0.021256 0.134957 0.067259 0.988337
1784010298.987564087 10.787125 -0.067642 -0.029545 -0.021335 0.135066 0.067600 0.988298
1784010298.991780996 10.789545 -0.067131 -0.029618 -0.021431 0.134941 0.067851 0.988295
1784010298.997090101 10.792597 -0.066479 -0.029711 -0.021501 0.134804 0.068181 0.988290
1784010299.001878023 10.795368 -0.065885 -0.029783 -0.021540 0.134954 0.068470 0.988249
1784010299.007352114 10.798552 -0.065197 -0.029856 -0.021582 0.135252 0.068813 0.988183
1784010299.011805058 10.801132 -0.064629 -0.029915 -0.021644 0.135342 0.069100 0.988149
1784010299.017597914 10.804473 -0.063885 -0.029987 -0.021730 0.135271 0.069473 0.988131
1784010299.021851063 10.806915 -0.063337 -0.030033 -0.021730 0.135225 0.069768 0.988117
1784010299.027508020 10.810180 -0.062605 -0.030078 -0.021645 0.135201 0.070182 0.988092
1784010299.027508020 10.810180 -0.062605 -0.030078 -0.021645 0.135201 0.070182 0.988092
1784010299.027573109 10.810219 -0.062596 -0.030078 -0.021645 0.135201 0.070188 0.988092
1784010299.031826019 10.812715 -0.062036 -0.030095 -0.021596 0.135238 0.070522 0.988064
1784010299.037518024 10.816056 -0.061279 -0.030115 -0.021623 0.135331 0.070965 0.988019
1784010299.041944027 10.818638 -0.060688 -0.030133 -0.021703 0.135319 0.071299 0.987995
1784010299.047539949 10.821896 -0.059944 -0.030158 -0.021771 0.135132 0.071731 0.987988
1784010299.051755905 10.824352 -0.059386 -0.030174 -0.021799 0.135060 0.072049 0.987974
1784010299.057558060 10.827743 -0.058614 -0.030187 -0.021857 0.135171 0.072473 0.987927
1784010299.061734915 10.830181 -0.058055 -0.030196 -0.021918 0.135240 0.072763 0.987894
1784010299.067509890 10.833558 -0.057280 -0.030211 -0.022001 0.135232 0.073171 0.987863
1784010299.071928024 10.836140 -0.056689 -0.030225 -0.022023 0.135267 0.073478 0.987835
1784010299.077536106 10.839412 -0.055944 -0.030247 -0.021978 0.135292 0.073877 0.987803
1784010299.081963062 10.841984 -0.055356 -0.030273 -0.021932 0.135217 0.074189 0.987791
1784010299.087330103 10.845115 -0.054634 -0.030314 -0.021998 0.135105 0.074549 0.987778
1784010299.091937065 10.847814 -0.054009 -0.030355 -0.022084 0.135151 0.074843 0.987747
1784010299.097146034 10.850864 -0.053302 -0.030406 -0.022083 0.135268 0.075190 0.987705
1784010299.101854086 10.853600 -0.052665 -0.030460 -0.022030 0.135198 0.075519 0.987691
1784010299.107538939 10.856899 -0.051887 -0.030528 -0.022042 0.134994 0.075920 0.987688
1784010299.111864090 10.859412 -0.051290 -0.030571 -0.022065 0.134950 0.076221 0.987670
1784010299.117409945 10.862646 -0.050519 -0.030612 -0.022067 0.135039 0.076613 0.987627
1784010299.121790886 10.865198 -0.049904 -0.030636 -0.022133 0.135135 0.076906 0.987590
1784010299.127434969 10.868477 -0.049107 -0.030659 -0.022248 0.135171 0.077283 0.987553
1784010299.127434969 10.868477 -0.049107 -0.030659 -0.022248 0.135171 0.077283 0.987553
1784010299.127566099 10.868553 -0.049088 -0.030659 -0.022250 0.135172 0.077292 0.987552
1784010299.131824017 10.871024 -0.048490 -0.030666 -0.022314 0.135067 0.077602 0.987541
1784010299.137533903 10.874335 -0.047687 -0.030668 -0.022342 0.134849 0.078019 0.987537
1784010299.141973019 10.876917 -0.047057 -0.030662 -0.022335 0.134808 0.078347 0.987517
1784010299.147550106 10.880173 -0.046255 -0.030655 -0.022436 0.134950 0.078747 0.987463
1784010299.151726007 10.882605 -0.045649 -0.030658 -0.022556 0.134983 0.079025 0.987434
1784010299.157541037 10.885976 -0.044811 -0.030677 -0.022653 0.134802 0.079433 0.987424
1784010299.161895990 10.888494 -0.044187 -0.030696 -0.022676 0.134693 0.079747 0.987413
1784010299.167352915 10.891654 -0.043398 -0.030725 -0.022703 0.134667 0.080139 0.987384
1784010299.171591997 10.894114 -0.042775 -0.030754 -0.022828 0.134656 0.080428 0.987359
1784010299.177481890 10.897535 -0.041900 -0.030799 -0.023054 0.134726 0.080838 0.987311
1784010299.182008028 10.900161 -0.041229 -0.030829 -0.023136 0.134876 0.081166 0.987262
1784010299.187397003 10.903277 -0.040439 -0.030861 -0.023102 0.134942 0.081579 0.987219
1784010299.191803932 10.905819 -0.039793 -0.030889 -0.023051 0.134863 0.081926 0.987202
1784010299.196988106 10.908817 -0.039021 -0.030923 -0.023082 0.134856 0.082331 0.987169
1784010299.201782942 10.911599 -0.038294 -0.030958 -0.023229 0.135014 0.082692 0.987114
1784010299.207391977 10.914846 -0.037444 -0.031014 -0.023368 0.135142 0.083121 0.987057
1784010299.211761951 10.917364 -0.036784 -0.031069 -0.023388 0.135084 0.083471 0.987035
1784010299.217587948 10.920722 -0.035902 -0.031154 -0.023423 0.134988 0.083944 0.987007
1784010299.221657038 10.923073 -0.035281 -0.031214 -0.023398 0.135018 0.084289 0.986974
1784010299.227353096 10.926368 -0.034402 -0.031305 -0.023379 0.135098 0.084793 0.986920
1784010299.227353096 10.926368 -0.034402 -0.031305 -0.023379 0.135098 0.084793 0.986920
1784010299.227560043 10.926488 -0.034369 -0.031308 -0.023378 0.135101 0.084810 0.986919
1784010299.231637955 10.928849 -0.033729 -0.031374 -0.023440 0.135148 0.085143 0.986882
1784010299.237600088 10.932299 -0.032792 -0.031467 -0.023437 0.135241 0.085663 0.986824
1784010299.241935968 10.934807 -0.032113 -0.031528 -0.023342 0.135321 0.086064 0.986781
1784010299.247545004 10.938046 -0.031229 -0.031599 -0.023203 0.135320 0.086589 0.986738
1784010299.251667023 10.940428 -0.030573 -0.031643 -0.023153 0.135271 0.086973 0.986712
1784010299.257540941 10.943833 -0.029627 -0.031696 -0.023172 0.135289 0.087513 0.986662
1784010299.261792898 10.946299 -0.028940 -0.031729 -0.023190 0.135355 0.087896 0.986618
1784010299.267565012 10.949637 -0.028009 -0.031774 -0.023121 0.135353 0.088415 0.986574
1784010299.271764994 10.952061 -0.027331 -0.031809 -0.023048 0.135291 0.088793 0.986550
1784010299.277525902 10.955390 -0.026388 -0.031866 -0.023050 0.135207 0.089311 0.986515
1784010299.281851053 10.957894 -0.025670 -0.031917 -0.023071 0.135177 0.089702 0.986483
1784010299.287589073 10.961217 -0.024707 -0.031996 -0.023095 0.135188 0.090215 0.986434
1784010299.292035103 10.963790 -0.023954 -0.032066 -0.023121 0.135216 0.090618 0.986393
1784010299.296667099 10.966465 -0.023162 -0.032145 -0.023157 0.135181 0.091048 0.986357
1784010299.301783085 10.969415 -0.022277 -0.032233 -0.023242 0.135053 0.091511 0.986330
1784010299.307538986 10.972737 -0.021265 -0.032323 -0.023344 0.134931 0.092046 0.986294
1784010299.311621904 10.975097 -0.020540 -0.032378 -0.023422 0.134875 0.092442 0.986263
1784010299.317579985 10.978539 -0.019473 -0.032453 -0.023514 0.134807 0.093030 0.986215
1784010299.321870089 10.981014 -0.018699 -0.032505 -0.023565 0.134769 0.093464 0.986178
1784010299.327519894 10.984270 -0.017675 -0.032570 -0.023621 0.134780 0.094061 0.986118
1784010299.327681065 10.984363 -0.017646 -0.032571 -0.023623 0.134782 0.094078 0.986116
1784010299.327681065 10.984363 -0.017646 -0.032571 -0.023623 0.134782 0.094078 0.986116
1784010299.331713915 10.986694 -0.016913 -0.032605 -0.023655 0.134818 0.094516 0.986069
1784010299.337543011 10.990070 -0.015855 -0.032650 -0.023677 0.134810 0.095148 0.986008
1784010299.341932058 10.992613 -0.015058 -0.032685 -0.023733 0.134828 0.095600 0.985961
1784010299.347394943 10.995779 -0.014074 -0.032734 -0.023759 0.134876 0.096150 0.985900
1784010299.351756096 10.998305 -0.013296 -0.032778 -0.023737 0.134896 0.096582 0.985856
1784010299.357599020 11.001694 -0.012261 -0.032843 -0.023686 0.134892 0.097133 0.985803
1784010299.361793995 11.004131 -0.011520 -0.032892 -0.023600 0.134920 0.097528 0.985763
1784010299.367537975 11.007474 -0.010505 -0.032963 -0.023515 0.134980 0.098054 0.985704
1784010299.371689081 11.009889 -0.009770 -0.033021 -0.023495 0.135033 0.098417 0.985661
1784010299.377507925 11.013270 -0.008745 -0.033107 -0.023448 0.135061 0.098913 0.985609
1784010299.381774902 11.015745 -0.007994 -0.033170 -0.023379 0.135083 0.099279 0.985571
1784010299.387725115 11.019196 -0.006942 -0.033247 -0.023268 0.135099 0.099796 0.985519
1784010299.391827106 11.021577 -0.006208 -0.033295 -0.023191 0.135126 0.100166 0.985479
1784010299.397600889 11.024933 -0.005160 -0.033357 -0.023180 0.135215 0.100673 0.985416
1784010299.402365923 11.027698 -0.004289 -0.033409 -0.023163 0.135314 0.101109 0.985358
1784010299.407502890 11.030668 -0.003344 -0.033464 -0.023144 0.135354 0.101574 0.985305
1784010299.411794901 11.033143 -0.002548 -0.033512 -0.023192 0.135305 0.101953 0.985272
1784010299.417222023 11.036274 -0.001528 -0.033569 -0.023285 0.135171 0.102436 0.985238
1784010299.421946049 11.039000 -0.000626 -0.033618 -0.023436 0.135088 0.102858 0.985202
1784010299.427396059 11.042142 0.000427 -0.033680 -0.023669 0.135046 0.103338 0.985152
1784010299.427396059 11.042142 0.000427 -0.033680 -0.023669 0.135046 0.103338 0.985152
1784010299.427503109 11.042204 0.000447 -0.033680 -0.023673 0.135045 0.103348 0.985151
1784010299.431916952 11.044757 0.001295 -0.033708 -0.023852 0.134995 0.103740 0.985112
1784010299.437516928 11.047991 0.002372 -0.033748 -0.024029 0.134863 0.104251 0.985072
1784010299.441951036 11.050553 0.003229 -0.033787 -0.024095 0.134771 0.104675 0.985038
1784010299.447496891 11.053766 0.004309 -0.033845 -0.024172 0.134739 0.105220 0.984982
1784010299.451749086 11.056234 0.005148 -0.033908 -0.024299 0.134789 0.105636 0.984928
1784010299.457614899 11.059639 0.006306 -0.034014 -0.024527 0.134864 0.106223 0.984849
1784010299.461745024 11.062031 0.007117 -0.034099 -0.024645 0.134867 0.106634 0.984801
1784010299.467536926 11.065385 0.008246 -0.034202 -0.024665 0.134837 0.107237 0.984739
1784010299.471864939 11.067891 0.009094 -0.034266 -0.024716 0.134802 0.107692 0.984693
1784010299.477421045 11.071114 0.010192 -0.034328 -0.024859 0.134784 0.108291 0.984626
1784010299.481544971 11.073504 0.011010 -0.034359 -0.024912 0.134832 0.108751 0.984567
1784010299.487512112 11.076952 0.012186 -0.034378 -0.024849 0.134931 0.109448 0.984478
1784010299.491682053 11.079351 0.013007 -0.034382 -0.024770 0.134935 0.109940 0.984425
1784010299.497509956 11.082700 0.014160 -0.034373 -0.024652 0.134906 0.110652 0.984352
1784010299.501766920 11.085150 0.015015 -0.034365 -0.024625 0.134967 0.111184 0.984284
1784010299.507527113 11.088470 0.016181 -0.034363 -0.024681 0.135206 0.111890 0.984170
1784010299.511852980 11.090955 0.017062 -0.034379 -0.024706 0.135347 0.112423 0.984089
1784010299.517579079 11.094231 0.018229 -0.034427 -0.024729 0.135352 0.113137 0.984006
1784010299.521747112 11.096614 0.019085 -0.034482 -0.024733 0.135339 0.113648 0.983949
1784010299.527237177 11.099763 0.020221 -0.034566 -0.024676 0.135475 0.114340 0.983852
1784010299.527237177 11.099763 0.020221 -0.034566 -0.024676 0.135475 0.114340 0.983852
1784010299.527518034 11.099924 0.020279 -0.034570 -0.024673 0.135482 0.114374 0.983847
1784010299.532047987 11.102517 0.021224 -0.034640 -0.024684 0.135638 0.114924 0.983761
1784010299.537524939 11.105641 0.022374 -0.034741 -0.024740 0.135668 0.115575 0.983679
1784010299.541946888 11.108155 0.023309 -0.034830 -0.024772 0.135606 0.116095 0.983626
1784010299.547374010 11.111238 0.024466 -0.034934 -0.024864 0.135567 0.116722 0.983555
1784010299.551799059 11.113753 0.025419 -0.035009 -0.024918 0.135523 0.117237 0.983498
1784010299.557559013 11.117024 0.026671 -0.035096 -0.024974 0.135367 0.117926 0.983436
1784010299.561722040 11.119392 0.027590 -0.035154 -0.025079 0.135298 0.118419 0.983383
1784010299.567523003 11.122685 0.028878 -0.035230 -0.025244 0.135328 0.119113 0.983291
1784010299.571841955 11.125133 0.029844 -0.035286 -0.025384 0.135346 0.119634 0.983222
1784010299.577497959 11.128340 0.031116 -0.035348 -0.025593 0.135355 0.120324 0.983131
1784010299.581758022 11.130761 0.032076 -0.035383 -0.025701 0.135396 0.120854 0.983057
1784010299.587481976 11.134006 0.033364 -0.035417 -0.025772 0.135459 0.121580 0.982957
1784010299.591847897 11.136473 0.034347 -0.035440 -0.025800 0.135452 0.122134 0.982889
1784010299.596985102 11.139373 0.035503 -0.035464 -0.025821 0.135467 0.122798 0.982803
1784010299.601802111 11.142092 0.036588 -0.035482 -0.025868 0.135529 0.123405 0.982718
1784010299.607351065 11.145220 0.037832 -0.035500 -0.025833 0.135517 0.124109 0.982632
1784010299.611679077 11.147659 0.038800 -0.035516 -0.025778 0.135437 0.124658 0.982574
1784010299.617541075 11.150961 0.040114 -0.035550 -0.025812 0.135362 0.125380 0.982492
1784010299.621582985 11.153236 0.041023 -0.035586 -0.025851 0.135297 0.125874 0.982437
1784010299.627456188 11.156533 0.042346 -0.035658 -0.025931 0.135160 0.126575 0.982364
1784010299.627456188 11.156533 0.042346 -0.035658 -0.025931 0.135160 0.126575 0.982364
1784010299.627518892 11.156567 0.042360 -0.035659 -0.025932 0.135158 0.126582 0.982363
1784010299.631705999 11.158905 0.043304 -0.035704 -0.026008 0.135114 0.127072 0.982304
1784010299.637537956 11.162167 0.044622 -0.035762 -0.026079 0.135153 0.127753 0.982208
1784010299.641988039 11.164657 0.045634 -0.035803 -0.026139 0.135158 0.128260 0.982140
1784010299.647581100 11.167769 0.046904 -0.035850 -0.026200 0.135060 0.128889 0.982069
1784010299.651715994 11.170063 0.047849 -0.035878 -0.026289 0.135003 0.129352 0.982014
1784010299.657582045 11.173315 0.049197 -0.035905 -0.026487 0.134979 0.129991 0.981927
1784010299.661725998 11.175615 0.050156 -0.035913 -0.026585 0.134958 0.130453 0.981866
1784010299.667506933 11.178818 0.051498 -0.035910 -0.026701 0.134914 0.131094 0.981784
1784010299.671955109 11.181279 0.052537 -0.035901 -0.026804 0.134885 0.131589 0.981719
1784010299.677560091 11.184362 0.053848 -0.035893 -0.026943 0.134716 0.132220 0.981653
1784010299.681802034 11.186691 0.054845 -0.035893 -0.027072 0.134530 0.132693 0.981612
1784010299.687494040 11.189819 0.056185 -0.035895 -0.027217 0.134425 0.133328 0.981536
1784010299.691831112 11.192211 0.057214 -0.035900 -0.027351 0.134461 0.133814 0.981461
1784010299.697321892 11.195230 0.058520 -0.035916 -0.027571 0.134440 0.134422 0.981375
1784010299.701492071 11.197513 0.059513 -0.035935 -0.027692 0.134307 0.134903 0.981324
1784010299.707143068 11.200598 0.060851 -0.035965 -0.027798 0.134111 0.135560 0.981257
1784010299.711597919 11.203038 0.061907 -0.035989 -0.027855 0.134074 0.136072 0.981189
1784010299.717562914 11.206311 0.063323 -0.036024 -0.027924 0.134134 0.136756 0.981084
1784010299.721791983 11.208637 0.064333 -0.036052 -0.028014 0.134177 0.137236 0.981009
1784010299.727270126 11.211640 0.065634 -0.036090 -0.028122 0.134156 0.137854 0.980922
1784010299.727270126 11.211640 0.065634 -0.036090 -0.028122 0.134156 0.137854 0.980922
1784010299.727611065 11.211825 0.065715 -0.036092 -0.028129 0.134155 0.137893 0.980916
1784010299.731453896 11.213906 0.066625 -0.036108 -0.028122 0.134054 0.138348 0.980866
1784010299.737468958 11.217159 0.068048 -0.036141 -0.028085 0.133912 0.139059 0.980786
1784010299.741961956 11.219599 0.069118 -0.036170 -0.028126 0.133944 0.139581 0.980706
1784010299.747374058 11.222548 0.070415 -0.036210 -0.028201 0.134095 0.140209 0.980594
1784010299.751741886 11.224933 0.071463 -0.036246 -0.028250 0.134198 0.140719 0.980505
1784010299.757478952 11.228052 0.072830 -0.036295 -0.028205 0.134238 0.141415 0.980401
1784010299.761787891 11.230388 0.073852 -0.036337 -0.028111 0.134199 0.141947 0.980332
1784010299.767493963 11.233482 0.075214 -0.036401 -0.028070 0.134156 0.142640 0.980239
1784010299.771538973 11.235686 0.076190 -0.036452 -0.028098 0.134226 0.143122 0.980158
1784010299.777582884 11.238979 0.077653 -0.036531 -0.028174 0.134420 0.143837 0.980025
1784010299.782139063 11.241462 0.078759 -0.036594 -0.028206 0.134478 0.144372 0.979937
1784010299.787491083 11.244369 0.080055 -0.036669 -0.028146 0.134421 0.145010 0.979852
1784010299.791860104 11.246738 0.081117 -0.036731 -0.028103 0.134337 0.145538 0.979787
1784010299.797709942 11.249910 0.082552 -0.036817 -0.028125 0.134267 0.146239 0.979692
1784010299.802361965 11.252447 0.083709 -0.036884 -0.028173 0.134337 0.146796 0.979597
1784010299.807101011 11.255038 0.084896 -0.036945 -0.028239 0.134524 0.147367 0.979484
1784010299.811966896 11.257690 0.086113 -0.036999 -0.028247 0.134637 0.147968 0.979378
1784010299.817365885 11.260614 0.087461 -0.037049 -0.028164 0.134528 0.148654 0.979291
1784010299.821666956 11.262940 0.088540 -0.037080 -0.028153 0.134413 0.149195 0.979225
1784010299.827444077 11.266069 0.090002 -0.037107 -0.028257 0.134386 0.149899 0.979118
1784010299.827444077 11.266069 0.090002 -0.037107 -0.028257 0.134386 0.149899 0.979118
1784010299.827481985 11.266089 0.090012 -0.037107 -0.028258 0.134386 0.149903 0.979117
1784010299.831990957 11.268521 0.091173 -0.037107 -0.028346 0.134398 0.150437 0.979031
1784010299.837557077 11.271517 0.092606 -0.037105 -0.028385 0.134357 0.151101 0.978934
1784010299.841933966 11.273866 0.093734 -0.037106 -0.028381 0.134258 0.151637 0.978864
1784010299.847613096 11.276903 0.095203 -0.037122 -0.028370 0.134025 0.152341 0.978787
1784010299.851655960 11.279067 0.096257 -0.037149 -0.028427 0.133870 0.152838 0.978729
1784010299.857498884 11.282202 0.097793 -0.037203 -0.028570 0.133798 0.153545 0.978624
1784010299.861594915 11.284414 0.098877 -0.037249 -0.028674 0.133748 0.154043 0.978550
1784010299.867491961 11.287591 0.100441 -0.037327 -0.028763 0.133766 0.154749 0.978434
1784010299.871535063 11.289759 0.101513 -0.037387 -0.028827 0.133779 0.155234 0.978353
1784010299.877530098 11.292961 0.103108 -0.037475 -0.028844 0.133585 0.155981 0.978260
1784010299.881578922 11.295125 0.104193 -0.037530 -0.028860 0.133454 0.156487 0.978197
1784010299.887487888 11.298284 0.105789 -0.037603 -0.028929 0.133509 0.157233 0.978068
1784010299.891948938 11.300672 0.107001 -0.037653 -0.029043 0.133600 0.157793 0.977962
1784010299.897495031 11.303628 0.108508 -0.037711 -0.029130 0.133663 0.158504 0.977835
1784010299.901791096 11.305906 0.109670 -0.037754 -0.029202 0.133713 0.159057 0.977737
1784010299.907495975 11.308928 0.111216 -0.037809 -0.029277 0.133661 0.159783 0.977623
1784010299.911762953 11.311197 0.112382 -0.037851 -0.029337 0.133623 0.160328 0.977537
1784010299.917509079 11.314253 0.113959 -0.037908 -0.029402 0.133896 0.161060 0.977378
1784010299.921895981 11.316587 0.115168 -0.037955 -0.029455 0.134104 0.161620 0.977255
1784010299.927201033 11.319400 0.116631 -0.038013 -0.029430 0.134055 0.162298 0.977150
1784010299.927201033 11.319400 0.116631 -0.038013 -0.029430 0.134055 0.162298 0.977150
1784010299.927476883 11.319544 0.116707 -0.038015 -0.029429 0.134052 0.162333 0.977145
1784010299.932015896 11.321923 0.117949 -0.038053 -0.029490 0.133908 0.162883 0.977071
1784010299.937498093 11.324788 0.119451 -0.038091 -0.029594 0.133716 0.163532 0.976986
1784010299.941745996 11.327010 0.120623 -0.038109 -0.029675 0.133568 0.164038 0.976919
1784010299.947526932 11.330030 0.122220 -0.038121 -0.029860 0.133411 0.164731 0.976818
1784010299.951884985 11.332304 0.123429 -0.038125 -0.030000 0.133294 0.165257 0.976741
1784010299.957716942 11.335339 0.125048 -0.038126 -0.029988 0.133081 0.166015 0.976642
1784010299.961735964 11.337426 0.126167 -0.038128 -0.029982 0.132938 0.166541 0.976572
1784010299.967546940 11.340444 0.127790 -0.038134 -0.029957 0.132865 0.167345 0.976445
1784010299.971698999 11.342611 0.128962 -0.038143 -0.029942 0.132816 0.167923 0.976353
1784010299.977283955 11.345525 0.130537 -0.038170 -0.030011 0.132862 0.168696 0.976211
1784010299.981506109 11.347724 0.131725 -0.038208 -0.030065 0.132899 0.169284 0.976103
1784010299.987504959 11.350841 0.133408 -0.038277 -0.030153 0.132784 0.170101 0.975974
1784010299.991601944 11.352971 0.134561 -0.038332 -0.030214 0.132709 0.170663 0.975884
1784010299.997421026 11.356001 0.136202 -0.038414 -0.030361 0.132637 0.171425 0.975756
1784010300.001760006 11.358273 0.137435 -0.038475 -0.030472 0.132585 0.171996 0.975659
1784010300.007618904 11.361336 0.139101 -0.038560 -0.030609 0.132674 0.172744 0.975510
1784010300.011951923 11.363593 0.140333 -0.038628 -0.030712 0.132743 0.173300 0.975399
1784010300.017463923 11.366462 0.141907 -0.038719 -0.030843 0.132623 0.174012 0.975284
1784010300.022022963 11.368843 0.143226 -0.038798 -0.030954 0.132525 0.174604 0.975188
1784010300.027297974 11.371598 0.144766 -0.038898 -0.031132 0.132684 0.175297 0.975037
1784010300.027297974 11.371598 0.144766 -0.038898 -0.031132 0.132684 0.175297 0.975037
1784010300.027498960 11.371702 0.144824 -0.038901 -0.031139 0.132691 0.175324 0.975031
1784010300.031708956 11.373882 0.146044 -0.038973 -0.031295 0.132838 0.175898 0.974902
1784010300.037497044 11.376871 0.147724 -0.039078 -0.031488 0.132866 0.176713 0.974745
1784010300.042061090 11.379223 0.149055 -0.039163 -0.031640 0.132887 0.177355 0.974621
1784010300.047338009 11.381940 0.150597 -0.039257 -0.031771 0.132917 0.178119 0.974473
1784010300.051768064 11.384222 0.151895 -0.039327 -0.031821 0.132981 0.178777 0.974342
1784010300.057465076 11.387157 0.153565 -0.039405 -0.031873 0.133073 0.179627 0.974171
1784010300.061775923 11.389380 0.154833 -0.039459 -0.031912 0.133142 0.180269 0.974042
1784010300.067555904 11.392359 0.156528 -0.039518 -0.031835 0.133204 0.181156 0.973871
1784010300.071604967 11.394444 0.157713 -0.039552 -0.031780 0.133246 0.181777 0.973752
1784010300.077470064 11.397462 0.159421 -0.039588 -0.031639 0.133315 0.182681 0.973578
1784010300.081934929 11.399762 0.160728 -0.039615 -0.031586 0.133387 0.183363 0.973441
1784010300.087253094 11.402509 0.162290 -0.039649 -0.031614 0.133493 0.184160 0.973276
1784010300.091556072 11.404737 0.163558 -0.039685 -0.031648 0.133631 0.184794 0.973135
1784010300.097680092 11.407895 0.165356 -0.039748 -0.031715 0.133856 0.185695 0.972931
1784010300.101748943 11.409982 0.166558 -0.039801 -0.031771 0.133916 0.186293 0.972806
1784010300.107160091 11.412750 0.168159 -0.039878 -0.031881 0.133831 0.187073 0.972665
1784010300.111916065 11.415190 0.169580 -0.039947 -0.031977 0.133808 0.187764 0.972531
1784010300.117351055 11.417986 0.171216 -0.040022 -0.032066 0.134013 0.188557 0.972347
1784010300.121778011 11.420254 0.172559 -0.040086 -0.032113 0.134191 0.189220 0.972192
1784010300.127305031 11.423059 0.174247 -0.040181 -0.032245 0.134136 0.190056 0.972032
1784010300.127305031 11.423059 0.174247 -0.040181 -0.032245 0.134136 0.190056 0.972032
1784010300.127516985 11.423166 0.174312 -0.040184 -0.032250 0.134133 0.190088 0.972026
1784010300.131499052 11.425179 0.175533 -0.040253 -0.032404 0.133996 0.190683 0.971923
1784010300.137484074 11.428214 0.177377 -0.040347 -0.032530 0.133963 0.191601 0.971743
1784010300.141844988 11.430430 0.178733 -0.040410 -0.032594 0.134054 0.192280 0.971594
1784010300.147361040 11.433223 0.180461 -0.040503 -0.032761 0.134098 0.193125 0.971415
1784010300.151655912 11.435386 0.181817 -0.040586 -0.032929 0.134068 0.193789 0.971281
1784010300.157490969 11.438322 0.183664 -0.040704 -0.033182 0.134084 0.194688 0.971091
1784010300.161854029 11.440522 0.185047 -0.040785 -0.033254 0.134174 0.195368 0.970939
1784010300.167344093 11.443291 0.186787 -0.040872 -0.033285 0.134284 0.196234 0.970748
1784010300.171756983 11.445512 0.188192 -0.040935 -0.033409 0.134273 0.196913 0.970608
1784010300.177529097 11.448404 0.190031 -0.041006 -0.033649 0.134163 0.197790 0.970437
1784010300.181833982 11.450558 0.191402 -0.041044 -0.033758 0.134130 0.198450 0.970303
1784010300.187474966 11.453382 0.193196 -0.041075 -0.033854 0.134175 0.199319 0.970115
1784010300.191960096 11.455627 0.194626 -0.041088 -0.033915 0.134180 0.200019 0.969968
1784010300.197514057 11.458403 0.196399 -0.041100 -0.034002 0.134133 0.200884 0.969793
1784010300.201689959 11.460487 0.197737 -0.041109 -0.034077 0.134143 0.201524 0.969656
1784010300.207351923 11.463303 0.199552 -0.041131 -0.034186 0.134170 0.202395 0.969467
1784010300.211651087 11.465433 0.200936 -0.041160 -0.034293 0.134114 0.203066 0.969331
1784010300.217650890 11.468393 0.202877 -0.041219 -0.034526 0.133956 0.203999 0.969148
1784010300.221888065 11.470481 0.204262 -0.041268 -0.034735 0.133890 0.204658 0.969011
1784010300.227103949 11.473054 0.205972 -0.041330 -0.034905 0.133914 0.205485 0.968826
1784010300.227334976 11.473168 0.206047 -0.041333 -0.034909 0.133915 0.205523 0.968818
1784010300.227334976 11.473168 0.206047 -0.041333 -0.034909 0.133915 0.205523 0.968818
1784010300.231565952 11.475248 0.207431 -0.041380 -0.034980 0.133940 0.206209 0.968666
1784010300.237545967 11.478172 0.209392 -0.041457 -0.035076 0.133894 0.207176 0.968463
1784010300.241957903 11.480323 0.210848 -0.041518 -0.035170 0.133856 0.207891 0.968311
1784010300.247394085 11.482976 0.212651 -0.041592 -0.035341 0.133854 0.208761 0.968118
1784010300.251749039 11.485107 0.214102 -0.041646 -0.035452 0.133880 0.209467 0.967958
1784010300.257664919 11.487993 0.216068 -0.041715 -0.035535 0.133875 0.210428 0.967747
1784010300.261642933 11.489923 0.217389 -0.041763 -0.035571 0.133813 0.211081 0.967612
1784010300.267469883 11.492744 0.219329 -0.041837 -0.035645 0.133711 0.212048 0.967412
1784010300.271672010 11.494786 0.220739 -0.041892 -0.035755 0.133734 0.212740 0.967253
1784010300.277442932 11.497606 0.222679 -0.041961 -0.035854 0.133915 0.213698 0.967013
1784010300.281702042 11.499687 0.224108 -0.042008 -0.035826 0.134026 0.214421 0.966839
1784010300.287494898 11.502500 0.226044 -0.042083 -0.035719 0.133946 0.215425 0.966630
1784010300.291945934 11.504654 0.227537 -0.042153 -0.035706 0.133791 0.216191 0.966482
1784010300.297456980 11.507333 0.229398 -0.042244 -0.035747 0.133791 0.217135 0.966268
1784010300.301659107 11.509385 0.230825 -0.042315 -0.035758 0.133935 0.217860 0.966085
1784010300.307359934 11.512166 0.232765 -0.042415 -0.035765 0.134090 0.218837 0.965842
1784010300.311546087 11.514203 0.234193 -0.042492 -0.035725 0.134097 0.219565 0.965677
1784010300.317284107 11.516983 0.236153 -0.042603 -0.035671 0.134035 0.220570 0.965459
1784010300.321621895 11.519081 0.237644 -0.042689 -0.035668 0.134036 0.221327 0.965286
1784010300.327180147 11.521772 0.239571 -0.042795 -0.035752 0.134172 0.222275 0.965046
1784010300.327180147 11.521772 0.239571 -0.042795 -0.035752 0.134172 0.222275 0.965046
1784010300.327470064 11.521912 0.239672 -0.042800 -0.035757 0.134179 0.222324 0.965033
1784010300.331621885 11.523919 0.241115 -0.042866 -0.035875 0.134321 0.223030 0.964846
1784010300.337527037 11.526771 0.243170 -0.042947 -0.035998 0.134468 0.224036 0.964588
1784010300.341888905 11.528872 0.244689 -0.042997 -0.035978 0.134511 0.224793 0.964407
1784010300.347268105 11.531447 0.246569 -0.043056 -0.035986 0.134507 0.225738 0.964186
1784010300.351711988 11.533568 0.248137 -0.043107 -0.036126 0.134467 0.226506 0.964006
1784010300.357516050 11.536340 0.250200 -0.043175 -0.036354 0.134438 0.227501 0.963768
1784010300.361699104 11.538345 0.251695 -0.043226 -0.036509 0.134507 0.228218 0.963583
1784010300.367500067 11.541122 0.253768 -0.043303 -0.036612 0.134658 0.229227 0.963318
1784010300.371718884 11.543131 0.255278 -0.043372 -0.036640 0.134661 0.229978 0.963138
1784010300.377641916 11.545931 0.257406 -0.043491 -0.036783 0.134486 0.231032 0.962904
1784010300.381529093 11.547768 0.258812 -0.043577 -0.036940 0.134421 0.231712 0.962744
1784010300.387461901 11.550588 0.260963 -0.043699 -0.037127 0.134608 0.232757 0.962459
1784010300.391875029 11.552695 0.262568 -0.043781 -0.037190 0.134839 0.233540 0.962234
1784010300.397505999 11.555366 0.264614 -0.043882 -0.037266 0.134937 0.234551 0.961971
1784010300.401935101 11.557451 0.266226 -0.043957 -0.037325 0.134858 0.235357 0.961783
1784010300.407457113 11.560044 0.268239 -0.044035 -0.037403 0.134830 0.236368 0.961536
1784010300.412185907 11.562269 0.269973 -0.044090 -0.037496 0.134936 0.237231 0.961305
1784010300.417304039 11.564681 0.271861 -0.044142 -0.037587 0.135089 0.238164 0.961050
1784010300.421668053 11.566734 0.273478 -0.044189 -0.037678 0.135188 0.238956 0.960836
1784010300.427170038 11.569305 0.275518 -0.044257 -0.037797 0.135265 0.239958 0.960570
1784010300.427170038 11.569305 0.275518 -0.044257 -0.037797 0.135265 0.239958 0.960570
1784010300.427455902 11.569437 0.275624 -0.044259 -0.037803 0.135270 0.240010 0.960556
1784010300.432132006 11.571591 0.277359 -0.044308 -0.037858 0.135244 0.240882 0.960339
1784010300.437484026 11.574048 0.279358 -0.044380 -0.037966 0.135157 0.241885 0.960095
1784010300.441761971 11.576019 0.280971 -0.044446 -0.038115 0.135195 0.242667 0.959887
1784010300.447499037 11.578666 0.283148 -0.044533 -0.038334 0.135412 0.243706 0.959584
1784010300.451749086 11.580618 0.284767 -0.044601 -0.038505 0.135494 0.244462 0.959373
1784010300.457494020 11.583227 0.286958 -0.044690 -0.038775 0.135292 0.245487 0.959129
1784010300.461750984 11.585149 0.288588 -0.044751 -0.038986 0.135026 0.246253 0.958962
1784010300.467626095 11.587806 0.290848 -0.044812 -0.039245 0.134792 0.247306 0.958713
1784010300.471724033 11.589667 0.292435 -0.044845 -0.039396 0.134778 0.248050 0.958517
1784010300.477509975 11.592289 0.294689 -0.044889 -0.039627 0.134856 0.249125 0.958217
1784010300.481524944 11.594101 0.296258 -0.044929 -0.039785 0.134857 0.249890 0.958011
1784010300.487449884 11.596763 0.298569 -0.044997 -0.039877 0.134765 0.251065 0.957713
1784010300.491528988 11.598600 0.300158 -0.045051 -0.039890 0.134739 0.251885 0.957501
1784010300.497430086 11.601271 0.302460 -0.045134 -0.039930 0.134834 0.253063 0.957175
1784010300.501641035 11.603185 0.304106 -0.045203 -0.040024 0.134904 0.253885 0.956944
1784010300.507481098 11.605835 0.306388 -0.045309 -0.040211 0.134895 0.255012 0.956638
1784010300.512116909 11.607936 0.308193 -0.045399 -0.040309 0.134860 0.255912 0.956398
1784010300.517508984 11.610381 0.310289 -0.045495 -0.040306 0.134845 0.256973 0.956116
1784010300.521950006 11.612399 0.312018 -0.045570 -0.040303 0.134844 0.257844 0.955881
1784010300.527145147 11.614765 0.314051 -0.045654 -0.040333 0.134869 0.258852 0.955604
1784010300.527145147 11.614765 0.314051 -0.045654 -0.040333 0.134869 0.258852 0.955604
1784010300.527247906 11.614811 0.314092 -0.045655 -0.040334 0.134870 0.258872 0.955599
1784010300.531841040 11.616881 0.315903 -0.045713 -0.040388 0.135003 0.259765 0.955335
1784010300.537431955 11.619393 0.318109 -0.045780 -0.040408 0.135213 0.260875 0.955002
1784010300.541954994 11.621416 0.319893 -0.045837 -0.040381 0.135282 0.261786 0.954744
1784010300.547445059 11.623863 0.322064 -0.045906 -0.040342 0.135252 0.262892 0.954446
1784010300.551716089 11.625770 0.323764 -0.045960 -0.040349 0.135298 0.263757 0.954201
1784010300.557449102 11.628333 0.326061 -0.046033 -0.040404 0.135516 0.264916 0.953846
1784010300.561686993 11.630225 0.327764 -0.046093 -0.040434 0.135664 0.265769 0.953587
1784010300.567467928 11.632790 0.330090 -0.046192 -0.040439 0.135736 0.266936 0.953250
1784010300.571577072 11.634611 0.331748 -0.046272 -0.040456 0.135748 0.267758 0.953017
1784010300.577502966 11.637234 0.334151 -0.046389 -0.040502 0.135810 0.268948 0.952671
1784010300.581511974 11.639013 0.335785 -0.046471 -0.040570 0.135862 0.269733 0.952439
1784010300.587454081 11.641642 0.338219 -0.046601 -0.040678 0.135925 0.270890 0.952097
1784010300.591528893 11.643443 0.339894 -0.046696 -0.040740 0.135968 0.271684 0.951862
1784010300.597484112 11.646063 0.342351 -0.046839 -0.040839 0.136015 0.272851 0.951517
1784010300.601861954 11.647988 0.344165 -0.046948 -0.040912 0.136004 0.273705 0.951270
1784010300.606909990 11.650203 0.346270 -0.047073 -0.041096 0.135967 0.274674 0.950988
1784010300.611586094 11.652255 0.348233 -0.047191 -0.041342 0.135937 0.275566 0.950724
1784010300.617441893 11.654823 0.350700 -0.047338 -0.041623 0.135978 0.276699 0.950376
1784010300.622047901 11.656841 0.352645 -0.047454 -0.041805 0.136060 0.277601 0.950093
1784010300.627251148 11.659113 0.354847 -0.047583 -0.041999 0.136131 0.278637 0.949771
1784010300.627251148 11.659113 0.354847 -0.047583 -0.041999 0.136131 0.278637 0.949771
1784010300.627377987 11.659167 0.354901 -0.047585 -0.042004 0.136132 0.278662 0.949764
1784010300.631473064 11.660920 0.356641 -0.047665 -0.042107 0.136150 0.279478 0.949517
1784010300.637547970 11.663515 0.359225 -0.047762 -0.042202 0.136225 0.280699 0.949142
1784010300.641827106 11.665349 0.361046 -0.047820 -0.042253 0.136329 0.281563 0.948868
1784010300.647542953 11.667789 0.363475 -0.047885 -0.042272 0.136420 0.282728 0.948508
1784010300.651765108 11.669589 0.365265 -0.047932 -0.042265 0.136420 0.283588 0.948251
1784010300.657468081 11.672010 0.367679 -0.047987 -0.042241 0.136372 0.284750 0.947911
1784010300.661437988 11.673701 0.369362 -0.048024 -0.042222 0.136365 0.285560 0.947670
1784010300.667303085 11.676197 0.371851 -0.048078 -0.042249 0.136465 0.286736 0.947299
1784010300.671652079 11.678048 0.373696 -0.048125 -0.042281 0.136577 0.287598 0.947020
1784010300.677431107 11.680490 0.376147 -0.048199 -0.042363 0.136703 0.288734 0.946652
1784010300.681684017 11.682283 0.377954 -0.048263 -0.042500 0.136757 0.289559 0.946386
1784010300.687473059 11.684710 0.380411 -0.048346 -0.042680 0.136840 0.290663 0.946028
1784010300.691639900 11.686453 0.382178 -0.048400 -0.042756 0.136828 0.291452 0.945783
1784010300.697426081 11.688863 0.384644 -0.048472 -0.042885 0.136731 0.292540 0.945455
1784010300.701888084 11.690718 0.386556 -0.048524 -0.043055 0.136730 0.293366 0.945192
1784010300.707212925 11.692910 0.388845 -0.048585 -0.043247 0.136765 0.294377 0.944864
1784010300.712210894 11.694944 0.391000 -0.048648 -0.043451 0.136652 0.295330 0.944573
1784010300.717113018 11.696920 0.393122 -0.048712 -0.043670 0.136451 0.296274 0.944296
1784010300.721494913 11.698681 0.395028 -0.048768 -0.043855 0.136274 0.297133 0.944044
1784010300.727138042 11.700937 0.397504 -0.048845 -0.044168 0.136136 0.298246 0.943698
1784010300.727138042 11.700937 0.397504 -0.048845 -0.044168 0.136136 0.298246 0.943698
1784010300.727463007 11.701063 0.397647 -0.048848 -0.044187 0.136128 0.298311 0.943677
1784010300.731410980 11.702597 0.399386 -0.048895 -0.044464 0.136127 0.299111 0.943411
1784010300.737479925 11.704916 0.402064 -0.048982 -0.044882 0.136154 0.300390 0.942981
1784010300.741748095 11.706533 0.403953 -0.049059 -0.045183 0.136089 0.301303 0.942685
1784010300.747428894 11.708669 0.406467 -0.049156 -0.045508 0.136024 0.302533 0.942285
1784010300.751837969 11.710329 0.408415 -0.049224 -0.045681 0.136038 0.303487 0.941967
1784010300.757313967 11.712395 0.410834 -0.049298 -0.045887 0.136012 0.304645 0.941587
1784010300.761710882 11.714065 0.412782 -0.049350 -0.046016 0.135942 0.305573 0.941290
1784010300.767569065 11.716279 0.415373 -0.049413 -0.046204 0.135960 0.306815 0.940874
1784010300.771632910 11.717804 0.417163 -0.049459 -0.046293 0.135957 0.307694 0.940583
1784010300.777472019 11.719972 0.419731 -0.049537 -0.046407 0.135717 0.308981 0.940190
1784010300.781609058 11.721512 0.421555 -0.049597 -0.046542 0.135605 0.309871 0.939907
1784010300.787458897 11.723700 0.424127 -0.049668 -0.046615 0.135742 0.311139 0.939465
1784010300.792114019 11.725451 0.426170 -0.049724 -0.046612 0.135886 0.312134 0.939114
1784010300.797425032 11.727433 0.428502 -0.049797 -0.046709 0.135896 0.313249 0.938736
1784010300.801703930 11.729021 0.430382 -0.049864 -0.046777 0.135831 0.314165 0.938436
1784010300.807499886 11.731155 0.432929 -0.049956 -0.046922 0.135728 0.315398 0.938030
1784010300.812143087 11.732866 0.434971 -0.050030 -0.046997 0.135663 0.316379 0.937705
1784010300.817128897 11.734704 0.437165 -0.050103 -0.046993 0.135680 0.317432 0.937347
1784010300.821638107 11.736361 0.439154 -0.050170 -0.047066 0.135689 0.318370 0.937024
1784010300.827184200 11.738379 0.441605 -0.050261 -0.047165 0.135585 0.319530 0.936639
1784010300.827184200 11.738379 0.441605 -0.050261 -0.047165 0.135585 0.319530 0.936639
1784010300.827416897 11.738461 0.441707 -0.050264 -0.047169 0.135580 0.319578 0.936623
1784010300.831574917 11.739933 0.443535 -0.050327 -0.047247 0.135473 0.320437 0.936341
1784010300.837500095 11.742019 0.446142 -0.050411 -0.047441 0.135443 0.321631 0.935926
1784010300.841916084 11.743574 0.448089 -0.050465 -0.047535 0.135411 0.322520 0.935620
1784010300.847218990 11.745430 0.450428 -0.050521 -0.047635 0.135275 0.323596 0.935263
1784010300.851686954 11.746987 0.452405 -0.050559 -0.047770 0.135175 0.324499 0.934958
1784010300.857553959 11.749014 0.455000 -0.050591 -0.047949 0.135100 0.325694 0.934544
1784010300.861622095 11.750417 0.456803 -0.050606 -0.048073 0.134985 0.326514 0.934268
1784010300.867444038 11.752423 0.459386 -0.050621 -0.048195 0.134805 0.327697 0.933873
1784010300.871691942 11.753893 0.461275 -0.050627 -0.048256 0.134756 0.328572 0.933570
1784010300.877490044 11.755879 0.463846 -0.050648 -0.048355 0.134695 0.329771 0.933151
1784010300.881591082 11.757272 0.465662 -0.050679 -0.048432 0.134490 0.330626 0.932874
1784010300.887423038 11.759243 0.468248 -0.050739 -0.048643 0.134180 0.331822 0.932483
1784010300.891900063 11.760769 0.470240 -0.050786 -0.048816 0.134132 0.332727 0.932158
1784010300.897425890 11.762660 0.472701 -0.050847 -0.048990 0.134175 0.333831 0.931748
1784010300.901866913 11.764178 0.474677 -0.050898 -0.049088 0.134158 0.334715 0.931428
1784010300.907428026 11.766055 0.477140 -0.050967 -0.049162 0.134001 0.335839 0.931042
1784010300.911952972 11.767571 0.479143 -0.051027 -0.049262 0.133804 0.336751 0.930736
1784010300.917293072 11.769359 0.481519 -0.051094 -0.049442 0.133699 0.337813 0.930356
1784010300.921642065 11.770828 0.483467 -0.051140 -0.049605 0.133817 0.338672 0.930018
1784010300.927103996 11.772673 0.485921 -0.051196 -0.049815 0.134068 0.339751 0.929577
1784010300.927103996 11.772673 0.485921 -0.051196 -0.049815 0.134068 0.339751 0.929577
1784010300.927455902 11.772790 0.486078 -0.051199 -0.049828 0.134083 0.339821 0.929549
1784010300.931771040 11.774202 0.487995 -0.051240 -0.049913 0.134141 0.340690 0.929217
1784010300.937454939 11.776032 0.490509 -0.051313 -0.049964 0.133975 0.341852 0.928812
1784010300.941963911 11.777482 0.492510 -0.051381 -0.050084 0.133903 0.342764 0.928480
1784010300.947206974 11.779172 0.494851 -0.051460 -0.050297 0.134039 0.343808 0.928062
1784010300.951581955 11.780590 0.496816 -0.051525 -0.050497 0.134173 0.344678 0.927709
1784010300.957395077 11.782458 0.499428 -0.051612 -0.050783 0.134252 0.345814 0.927259
1784010300.961776972 11.783852 0.501391 -0.051679 -0.050997 0.134169 0.346669 0.926940
1784010300.967303991 11.785590 0.503855 -0.051760 -0.051180 0.133845 0.347757 0.926569
1784010300.971710920 11.786979 0.505824 -0.051815 -0.051272 0.133594 0.348626 0.926274
1784010300.977580070 11.788838 0.508465 -0.051867 -0.051452 0.133559 0.349773 0.925837
1784010300.981648922 11.790132 0.510310 -0.051897 -0.051627 0.133653 0.350570 0.925512
1784010300.987343073 11.791912 0.512885 -0.051949 -0.051851 0.133597 0.351713 0.925074
1784010300.991570950 11.793219 0.514794 -0.051999 -0.051947 0.133396 0.352584 0.924766
1784010300.997454882 11.795038 0.517452 -0.052065 -0.052042 0.133220 0.353813 0.924316
1784010301.002072096 11.796480 0.519547 -0.052112 -0.052078 0.133248 0.354791 0.923935
1784010301.007482052 11.798169 0.522004 -0.052170 -0.052109 0.133288 0.355943 0.923484
1784010301.011837959 11.799525 0.523986 -0.052224 -0.052201 0.133240 0.356874 0.923127
1784010301.017467022 11.801265 0.526545 -0.052301 -0.052341 0.133131 0.358075 0.922669
1784010301.021688938 11.802574 0.528465 -0.052360 -0.052396 0.133045 0.358976 0.922328
1784010301.027160168 11.804271 0.530951 -0.052432 -0.052399 0.132953 0.360145 0.921886
1784010301.027160168 11.804271 0.530951 -0.052432 -0.052399 0.132953 0.360145 0.921886
1784010301.027394056 11.804342 0.531056 -0.052434 -0.052399 0.132949 0.360195 0.921867
1784010301.031797886 11.805679 0.533044 -0.052481 -0.052434 0.132868 0.361129 0.921511
1784010301.037493944 11.807400 0.535620 -0.052549 -0.052545 0.132695 0.362313 0.921065
1784010301.041940928 11.808746 0.537639 -0.052609 -0.052655 0.132581 0.363228 0.920714
1784010301.047467947 11.810420 0.540154 -0.052686 -0.052753 0.132592 0.364366 0.920257
1784010301.051702023 11.811703 0.542085 -0.052747 -0.052818 0.132667 0.365240 0.919896
1784010301.057406902 11.813415 0.544688 -0.052838 -0.052908 0.132608 0.366419 0.919431
1784010301.061745882 11.814711 0.546673 -0.052916 -0.052962 0.132443 0.367319 0.919092
1784010301.067440033 11.816411 0.549292 -0.053018 -0.053050 0.132316 0.368504 0.918631
1784010301.071690083 11.817687 0.551258 -0.053094 -0.053141 0.132337 0.369381 0.918270
1784010301.077421904 11.819397 0.553913 -0.053201 -0.053250 0.132348 0.370559 0.917788
1784010301.081574917 11.820628 0.555839 -0.053285 -0.053335 0.132265 0.371421 0.917446
1784010301.087384939 11.822336 0.558537 -0.053405 -0.053472 0.132106 0.372636 0.916969
1784010301.091519117 11.823555 0.560465 -0.053485 -0.053551 0.132050 0.373505 0.916619
1784010301.097376108 11.825286 0.563203 -0.053581 -0.053627 0.132077 0.374735 0.916108
1784010301.101422071 11.826489 0.565102 -0.053636 -0.053673 0.132120 0.375587 0.915750
1784010301.107420921 11.828262 0.567916 -0.053706 -0.053768 0.132106 0.376846 0.915229
1784010301.111879110 11.829574 0.570009 -0.053754 -0.053849 0.132046 0.377778 0.914848
1784010301.117072105 11.831100 0.572449 -0.053805 -0.053932 0.131957 0.378865 0.914407
1784010301.121772051 11.832484 0.574660 -0.053844 -0.053955 0.131892 0.379850 0.914006
1784010301.127178192 11.834072 0.577203 -0.053889 -0.053940 0.131814 0.380981 0.913548
1784010301.127178192 11.834072 0.577203 -0.053889 -0.053940 0.131814 0.380981 0.913548
1784010301.127429008 11.834144 0.577321 -0.053890 -0.053939 0.131810 0.381033 0.913526
1784010301.131666899 11.835355 0.579306 -0.053914 -0.053966 0.131727 0.381906 0.913172
1784010301.137432098 11.836985 0.582012 -0.053965 -0.054078 0.131570 0.383090 0.912692
1784010301.141969919 11.838266 0.584151 -0.054019 -0.054195 0.131467 0.384029 0.912305
1784010301.147250891 11.839756 0.586648 -0.054084 -0.054369 0.131468 0.385118 0.911835
1784010301.151698112 11.841012 0.588756 -0.054139 -0.054472 0.131509 0.386040 0.911434
1784010301.157430887 11.842622 0.591478 -0.054208 -0.054521 0.131464 0.387263 0.910918
1784010301.161705017 11.843816 0.593512 -0.054259 -0.054557 0.131430 0.388175 0.910533
1784010301.167464972 11.845414 0.596256 -0.054320 -0.054655 0.131482 0.389413 0.909990
1784010301.171536922 11.846542 0.598198 -0.054357 -0.054723 0.131518 0.390290 0.909606
1784010301.177438021 11.848165 0.601021 -0.054408 -0.054819 0.131451 0.391573 0.909058
1784010301.181669950 11.849325 0.603053 -0.054450 -0.054887 0.131402 0.392493 0.908664
1784010301.187462091 11.850904 0.605838 -0.054515 -0.055011 0.131276 0.393743 0.908134
1784010301.191509008 11.852011 0.607785 -0.054568 -0.055097 0.131188 0.394616 0.907762
1784010301.197412014 11.853615 0.610632 -0.054655 -0.055281 0.131095 0.395865 0.907221
1784010301.201575041 11.854741 0.612648 -0.054728 -0.055410 0.131030 0.396745 0.906837
1784010301.207519054 11.856335 0.615534 -0.054840 -0.055697 0.130943 0.397990 0.906287
1784010301.211672068 11.857449 0.617555 -0.054924 -0.055897 0.130882 0.398859 0.905901
1784010301.217303038 11.858951 0.620300 -0.055031 -0.056173 0.130849 0.400019 0.905377
1784010301.221628904 11.860105 0.622415 -0.055105 -0.056385 0.130823 0.400909 0.904974
1784010301.227231979 11.861583 0.625156 -0.055196 -0.056720 0.130614 0.402050 0.904477
1784010301.227231979 11.861583 0.625156 -0.055196 -0.056720 0.130614 0.402050 0.904477
1784010301.227391958 11.861624 0.625236 -0.055198 -0.056730 0.130609 0.402083 0.904462
1784010301.231748104 11.862743 0.627388 -0.055252 -0.056995 0.130461 0.402979 0.904068
1784010301.237456083 11.864198 0.630220 -0.055319 -0.057383 0.130421 0.404173 0.903516
1784010301.241729021 11.865291 0.632350 -0.055364 -0.057672 0.130388 0.405065 0.903103
1784010301.247483015 11.866753 0.635227 -0.055422 -0.057983 0.130274 0.406290 0.902549
1784010301.251770973 11.867834 0.637366 -0.055468 -0.058213 0.130185 0.407201 0.902137
1784010301.257272005 11.869211 0.640110 -0.055529 -0.058425 0.130030 0.408410 0.901599
1784010301.261660099 11.870305 0.642295 -0.055580 -0.058593 0.129904 0.409373 0.901169
1784010301.267579079 11.871777 0.645247 -0.055647 -0.058869 0.129785 0.410678 0.900574
1784010301.271627903 11.872788 0.647268 -0.055690 -0.059056 0.129700 0.411569 0.900167
1784010301.277451038 11.874243 0.650174 -0.055745 -0.059242 0.129712 0.412881 0.899552
1784010301.281600952 11.875286 0.652236 -0.055780 -0.059374 0.129717 0.413814 0.899114
1784010301.287425995 11.876750 0.655129 -0.055828 -0.059359 0.129666 0.415130 0.898516
1784010301.291775942 11.877843 0.657287 -0.055870 -0.059346 0.129624 0.416111 0.898069
1784010301.297442913 11.879266 0.660107 -0.055930 -0.059540 0.129756 0.417355 0.897459
1784010301.301726103 11.880343 0.662242 -0.055982 -0.059686 0.129853 0.418294 0.896998
1784010301.307231903 11.881729 0.664996 -0.056056 -0.059877 0.129944 0.419499 0.896410
1784010301.311492920 11.882804 0.667124 -0.056121 -0.059978 0.130011 0.420431 0.895956
1784010301.317467928 11.884301 0.670112 -0.056226 -0.060038 0.129972 0.421738 0.895343
1784010301.321799040 11.885376 0.672279 -0.056317 -0.060079 0.129939 0.422684 0.894899
1784010301.327095985 11.886683 0.674941 -0.056435 -0.060224 0.129861 0.423831 0.894358
1784010301.327095985 11.886683 0.674941 -0.056435 -0.060224 0.129861 0.423831 0.894358
1784010301.327573061 11.886797 0.675181 -0.056445 -0.060236 0.129852 0.423933 0.894310
1784010301.331670046 11.887775 0.677254 -0.056522 -0.060363 0.129861 0.424816 0.893881
1784010301.337413073 11.889134 0.680161 -0.056629 -0.060452 0.129838 0.426062 0.893285
1784010301.341783047 11.890161 0.682371 -0.056712 -0.060520 0.129822 0.427010 0.892831
1784010301.347348928 11.891448 0.685181 -0.056825 -0.060561 0.129671 0.428227 0.892267
1784010301.351727009 11.892452 0.687396 -0.056921 -0.060627 0.129516 0.429183 0.891825
1784010301.357371092 11.893738 0.690266 -0.057046 -0.060762 0.129384 0.430400 0.891248
1784010301.361591101 11.894703 0.692425 -0.057139 -0.060930 0.129382 0.431296 0.890804
1784010301.367430925 11.896028 0.695423 -0.057263 -0.061231 0.129393 0.432523 0.890186
1784010301.371623993 11.896978 0.697578 -0.057351 -0.061416 0.129325 0.433403 0.889756
1784010301.377403021 11.898269 0.700548 -0.057466 -0.061620 0.129103 0.434617 0.889181
1784010301.381645918 11.899215 0.702730 -0.057544 -0.061789 0.128936 0.435503 0.888760
1784010301.387418032 11.900491 0.705707 -0.057635 -0.062048 0.128774 0.436704 0.888176
1784010301.391702890 11.901441 0.707921 -0.057690 -0.062212 0.128692 0.437596 0.887738
1784010301.397406101 11.902694 0.710869 -0.057749 -0.062363 0.128557 0.438804 0.887150
1784010301.401865959 11.903676 0.713179 -0.057788 -0.062447 0.128453 0.439762 0.886685
1784010301.407264948 11.904857 0.715975 -0.057833 -0.062549 0.128377 0.440932 0.886107
1784010301.411511898 11.905784 0.718169 -0.057872 -0.062609 0.128282 0.441855 0.885657
1784010301.417397022 11.907053 0.721206 -0.057935 -0.062708 0.128045 0.443131 0.885047
1784010301.422106028 11.908072 0.723640 -0.057992 -0.062819 0.127853 0.444140 0.884561
1784010301.427045107 11.909146 0.726199 -0.058052 -0.062924 0.127733 0.445201 0.884037
1784010301.427062035 11.909149 0.726208 -0.058053 -0.062924 0.127733 0.445205 0.884035
1784010301.427062035 11.909149 0.726208 -0.058053 -0.062924 0.127733 0.445205 0.884035
1784010301.431711912 11.910120 0.728600 -0.058104 -0.063017 0.127663 0.446201 0.883536
1784010301.437412024 11.911302 0.731529 -0.058176 -0.063123 0.127544 0.447411 0.882934
1784010301.442009926 11.912253 0.733891 -0.058244 -0.063234 0.127424 0.448379 0.882452
1784010301.447299004 11.913344 0.736607 -0.058326 -0.063361 0.127324 0.449481 0.881896
1784010301.451499939 11.914214 0.738767 -0.058389 -0.063409 0.127293 0.450357 0.881450
1784010301.457458019 11.915441 0.741838 -0.058476 -0.063466 0.127255 0.451602 0.880815
1784010301.461802959 11.916336 0.744086 -0.058541 -0.063552 0.127199 0.452502 0.880354
1784010301.467278957 11.917455 0.746917 -0.058629 -0.063660 0.127129 0.453634 0.879773
1784010301.471671104 11.918350 0.749185 -0.058705 -0.063713 0.127097 0.454540 0.879307
1784010301.477416992 11.919507 0.752151 -0.058806 -0.063827 0.127067 0.455711 0.878697
1784010301.481673002 11.920362 0.754356 -0.058878 -0.063942 0.126998 0.456577 0.878249
1784010301.487452984 11.921508 0.757355 -0.058962 -0.064164 0.126839 0.457730 0.877655
1784010301.491508961 11.922309 0.759463 -0.059011 -0.064331 0.126678 0.458529 0.877249
1784010301.497344017 11.923447 0.762488 -0.059063 -0.064508 0.126410 0.459684 0.876669
1784010301.501729965 11.924300 0.764764 -0.059092 -0.064637 0.126224 0.460549 0.876233
1784010301.507293940 11.925371 0.767658 -0.059121 -0.064861 0.126055 0.461646 0.875663
1784010301.511533022 11.926185 0.769870 -0.059140 -0.065025 0.125969 0.462485 0.875221
1784010301.517416954 11.927300 0.772940 -0.059171 -0.065178 0.125831 0.463671 0.874601
1784010301.522001028 11.928165 0.775336 -0.059206 -0.065267 0.125662 0.464607 0.874122
1784010301.527287006 11.929157 0.778100 -0.059262 -0.065369 0.125477 0.465688 0.873566
1784010301.527296066 11.929158 0.778105 -0.059262 -0.065370 0.125477 0.465690 0.873565
1784010301.527296066 11.929158 0.778105 -0.059262 -0.065370 0.125477 0.465690 0.873565
1784010301.531568050 11.929922 0.780322 -0.059300 -0.065493 0.125380 0.466565 0.873102
1784010301.537414074 11.930957 0.783353 -0.059372 -0.065717 0.125297 0.467757 0.872459
1784010301.541981936 11.931766 0.785718 -0.059442 -0.065848 0.125192 0.468692 0.871963
1784010301.547383070 11.932716 0.788511 -0.059527 -0.065915 0.124938 0.469818 0.871388
1784010301.551837921 11.933509 0.790820 -0.059594 -0.065933 0.124707 0.470748 0.870917
1784010301.557214022 11.934473 0.793612 -0.059661 -0.065898 0.124574 0.471876 0.870329
1784010301.561647892 11.935271 0.795919 -0.059717 -0.065921 0.124518 0.472807 0.869829
1784010301.567547083 11.936315 0.798987 -0.059802 -0.066060 0.124345 0.474033 0.869176
1784010301.571614027 11.937035 0.801107 -0.059868 -0.066169 0.124210 0.474876 0.868727
1784010301.577428102 11.938070 0.804149 -0.059949 -0.066323 0.124159 0.476091 0.868057
1784010301.581549883 11.938816 0.806314 -0.060000 -0.066409 0.124231 0.476948 0.867569
1784010301.587423086 11.939861 0.809392 -0.060071 -0.066470 0.124309 0.478185 0.866873
1784010301.591619968 11.940599 0.811591 -0.060131 -0.066566 0.124260 0.479054 0.866392
1784010301.597318888 11.941590 0.814584 -0.060217 -0.066767 0.124230 0.480233 0.865728
1784010301.601524115 11.942327 0.816804 -0.060278 -0.066932 0.124323 0.481093 0.865225
1784010301.607450008 11.943360 0.819934 -0.060362 -0.067127 0.124456 0.482310 0.864512
1784010301.611659050 11.944091 0.822157 -0.060430 -0.067204 0.124409 0.483176 0.864029
1784010301.617407084 11.945071 0.825185 -0.060536 -0.067276 0.124156 0.484357 0.863399
1784010301.621787071 11.945817 0.827497 -0.060626 -0.067340 0.123992 0.485251 0.862915
1784010301.627060175 11.946711 0.830292 -0.060736 -0.067480 0.123969 0.486322 0.862305
1784010301.627060175 11.946711 0.830292 -0.060736 -0.067480 0.123969 0.486322 0.862305
1784010301.627234936 11.946739 0.830384 -0.060739 -0.067485 0.123969 0.486357 0.862285
1784010301.631592035 11.947428 0.832690 -0.060812 -0.067629 0.124036 0.487222 0.861775
1784010301.637371063 11.948329 0.835751 -0.060904 -0.067775 0.124055 0.488377 0.861107
1784010301.641766071 11.949017 0.838080 -0.060968 -0.067837 0.124002 0.489263 0.860607
1784010301.647387981 11.949889 0.841055 -0.061033 -0.067863 0.123945 0.490401 0.859965
1784010301.651694059 11.950557 0.843334 -0.061070 -0.067899 0.123912 0.491271 0.859470
1784010301.657545090 11.951447 0.846432 -0.061106 -0.068004 0.123816 0.492456 0.858797
1784010301.661597013 11.952065 0.848584 -0.061124 -0.068097 0.123748 0.493285 0.858324
1784010301.667525053 11.952964 0.851734 -0.061142 -0.068178 0.123747 0.494495 0.857620
1784010301.671633959 11.953597 0.853917 -0.061155 -0.068161 0.123775 0.495337 0.857132
1784010301.677436113 11.954472 0.856995 -0.061190 -0.068168 0.123726 0.496518 0.856455
1784010301.681619883 11.955099 0.859213 -0.061234 -0.068247 0.123581 0.497356 0.855983
1784010301.687402964 11.955953 0.862286 -0.061313 -0.068429 0.123328 0.498504 0.855337
1784010301.691777945 11.956606 0.864623 -0.061383 -0.068613 0.123216 0.499361 0.854838
1784010301.697190046 11.957414 0.867527 -0.061470 -0.068830 0.123217 0.500411 0.854207
1784010301.701405048 11.958044 0.869796 -0.061545 -0.068991 0.123210 0.501227 0.853716
1784010301.707469940 11.958926 0.873056 -0.061663 -0.069203 0.123114 0.502404 0.853021
1784010301.711628914 11.959529 0.875293 -0.061750 -0.069328 0.123005 0.503217 0.852547
1784010301.717401981 11.960353 0.878405 -0.061866 -0.069554 0.122877 0.504344 0.851881
1784010301.721458912 11.960936 0.880599 -0.061942 -0.069713 0.122808 0.505131 0.851411
1784010301.727149963 11.961735 0.883678 -0.062044 -0.069920 0.122631 0.506246 0.850757
1784010301.727339983 11.961762 0.883781 -0.062048 -0.069929 0.122620 0.506283 0.850736
1784010301.727339983 11.961762 0.883781 -0.062048 -0.069929 0.122620 0.506283 0.850736
1784010301.731796026 11.962326 0.886183 -0.062114 -0.070133 0.122369 0.507148 0.850240
1784010301.737407923 11.963028 0.889212 -0.062194 -0.070379 0.122074 0.508240 0.849610
1784010301.741678953 11.963568 0.891522 -0.062250 -0.070514 0.121948 0.509080 0.849114
1784010301.747312069 11.964271 0.894568 -0.062318 -0.070706 0.121830 0.510185 0.848451
1784010301.751581907 11.964803 0.896876 -0.062368 -0.070843 0.121701 0.511029 0.847950
1784010301.757416010 11.965518 0.900037 -0.062434 -0.071077 0.121489 0.512185 0.847263
1784010301.761759043 11.966057 0.902399 -0.062482 -0.071318 0.121396 0.513038 0.846740
1784010301.767222881 11.966735 0.905371 -0.062535 -0.071591 0.121410 0.514104 0.846068
1784010301.771631956 11.967286 0.907763 -0.062574 -0.071741 0.121397 0.514970 0.845531
1784010301.777510881 11.968000 0.910940 -0.062626 -0.071888 0.121217 0.516135 0.844833
1784010301.781554937 11.968492 0.913127 -0.062661 -0.071997 0.121043 0.516932 0.844362
1784010301.787400007 11.969200 0.916299 -0.062703 -0.072174 0.120939 0.518084 0.843655
1784010301.791508913 11.969711 0.918537 -0.062731 -0.072284 0.120955 0.518892 0.843146
1784010301.797383070 11.970428 0.921728 -0.062784 -0.072385 0.120890 0.520041 0.842439
1784010301.801985025 11.970986 0.924220 -0.062844 -0.072425 0.120699 0.520945 0.841904
1784010301.807347059 11.971628 0.927126 -0.062928 -0.072474 0.120467 0.522008 0.841275
1784010301.811580896 11.972139 0.929432 -0.063000 -0.072607 0.120378 0.522834 0.840763
1784010301.817120075 11.972807 0.932459 -0.063093 -0.072799 0.120383 0.523909 0.840076
1784010301.821340084 11.973320 0.934769 -0.063162 -0.072906 0.120399 0.524737 0.839547
1784010301.827162027 11.974016 0.937954 -0.063258 -0.073046 0.120403 0.525877 0.838821
1784010301.827198029 11.974020 0.937974 -0.063259 -0.073046 0.120403 0.525884 0.838816
1784010301.827198029 11.974020 0.937974 -0.063259 -0.073046 0.120403 0.525884 0.838816
1784010301.831535101 11.974492 0.940328 -0.063320 -0.073123 0.120392 0.526756 0.838264
1784010301.837367058 11.975115 0.943493 -0.063400 -0.073194 0.120342 0.527950 0.837514
1784010301.841856003 11.975593 0.945935 -0.063460 -0.073305 0.120308 0.528856 0.836937
1784010301.847340107 11.976170 0.948925 -0.063530 -0.073448 0.120277 0.529971 0.836223
1784010301.851429939 11.976601 0.951166 -0.063588 -0.073545 0.120227 0.530808 0.835691
1784010301.857326984 11.977211 0.954401 -0.063685 -0.073757 0.120160 0.532004 0.834921
1784010301.861632109 11.977657 0.956763 -0.063765 -0.073868 0.120159 0.532876 0.834355
1784010301.867383003 11.978238 0.959916 -0.063889 -0.073989 0.120101 0.534054 0.833600
1784010301.871553898 11.978656 0.962212 -0.063991 -0.074138 0.119996 0.534894 0.833062
1784010301.877371073 11.979234 0.965430 -0.064137 -0.074338 0.119953 0.536078 0.832289
1784010301.881702900 11.979668 0.967840 -0.064249 -0.074530 0.119991 0.536949 0.831705
1784010301.887339115 11.980218 0.970972 -0.064402 -0.074794 0.119963 0.538071 0.830960
1784010301.891614914 11.980631 0.973346 -0.064523 -0.074938 0.119842 0.538926 0.830410
1784010301.897368908 11.981174 0.976542 -0.064678 -0.075151 0.119633 0.540079 0.829671
1784010301.901628017 11.981579 0.978914 -0.064779 -0.075280 0.119527 0.540932 0.829119
1784010301.907382011 11.982117 0.982125 -0.064892 -0.075399 0.119455 0.542102 0.828354
1784010301.911811113 11.982528 0.984604 -0.064966 -0.075570 0.119361 0.542991 0.827770
1784010301.917614937 11.983055 0.987850 -0.065050 -0.075765 0.119206 0.544166 0.827002
1784010301.921349049 11.983400 0.989938 -0.065099 -0.075839 0.119147 0.544927 0.826503
1784010301.927241087 11.983938 0.993228 -0.065166 -0.075962 0.119112 0.546132 0.825701
1784010301.927241087 11.983938 0.993228 -0.065166 -0.075962 0.119112 0.546132 0.825701
1784010301.927514076 11.983960 0.993380 -0.065168 -0.075967 0.119111 0.546188 0.825664
1784010301.931543112 11.984285 0.995611 -0.065191 -0.076007 0.119100 0.547006 0.825119
1784010301.937438011 11.984749 0.998873 -0.065228 -0.076097 0.119020 0.548203 0.824328
1784010301.941694021 11.985090 1.001234 -0.065264 -0.076201 0.118959 0.549059 0.823757
1784010301.947549105 11.985557 1.004481 -0.065321 -0.076346 0.119002 0.550233 0.822954
1784010301.951402903 11.985874 1.006616 -0.065368 -0.076449 0.119072 0.550998 0.822422
1784010301.957366943 11.986352 1.009902 -0.065453 -0.076541 0.119050 0.552181 0.821623
1784010301.961601973 11.986699 1.012235 -0.065523 -0.076552 0.118978 0.553019 0.821069
1784010301.967365980 11.987169 1.015418 -0.065617 -0.076659 0.118991 0.554146 0.820297
1784010301.971539974 11.987517 1.017729 -0.065686 -0.076776 0.119068 0.554950 0.819731
1784010301.977386951 11.987993 1.020949 -0.065784 -0.076836 0.119106 0.556078 0.818955
1784010301.981682062 11.988344 1.023310 -0.065861 -0.076889 0.119054 0.556892 0.818404
1784010301.987533092 11.988814 1.026529 -0.065961 -0.077038 0.119076 0.557995 0.817635
1784010301.991651058 11.989150 1.028799 -0.066029 -0.077144 0.119143 0.558766 0.817089
1784010301.997359991 11.989600 1.031944 -0.066123 -0.077256 0.119157 0.559831 0.816347
1784010302.001715899 11.989941 1.034349 -0.066198 -0.077362 0.119148 0.560636 0.815786
1784010302.007353067 11.990366 1.037457 -0.066296 -0.077600 0.119168 0.561657 0.815057
1784010302.011787891 11.990693 1.039898 -0.066378 -0.077743 0.119154 0.562469 0.814486
1784010302.017376900 11.991082 1.042973 -0.066480 -0.077930 0.119068 0.563496 0.813770
1784010302.021392107 11.991353 1.045188 -0.066551 -0.078143 0.118961 0.564231 0.813256
1784010302.027065992 11.991715 1.048323 -0.066642 -0.078452 0.118769 0.565278 0.812527
1784010302.027144194 11.991720 1.048366 -0.066643 -0.078456 0.118766 0.565292 0.812517
1784010302.027144194 11.991720 1.048366 -0.066643 -0.078456 0.118766 0.565292 0.812517
1784010302.031548023 11.991933 1.050775 -0.066688 -0.078695 0.118585 0.566090 0.811965
1784010302.037378073 11.992197 1.053955 -0.066733 -0.078921 0.118369 0.567159 0.811228
1784010302.041735888 11.992390 1.056330 -0.066758 -0.079082 0.118199 0.567970 0.810669
1784010302.047434092 11.992621 1.059435 -0.066786 -0.079331 0.117955 0.569037 0.809932
1784010302.051382065 11.992782 1.061594 -0.066804 -0.079472 0.117849 0.569797 0.809399
1784010302.057449102 11.993012 1.064921 -0.066829 -0.079752 0.117822 0.570961 0.808555
1784010302.061762094 11.993182 1.067293 -0.066852 -0.079933 0.117815 0.571804 0.807942
1784010302.067168951 11.993386 1.070250 -0.066895 -0.080054 0.117701 0.572881 0.807184
1784010302.071616888 11.993556 1.072678 -0.066943 -0.080134 0.117542 0.573765 0.806571
1784010302.077491045 11.993775 1.075889 -0.067013 -0.080294 0.117416 0.574919 0.805751
1784010302.081604004 11.993940 1.078149 -0.067066 -0.080445 0.117382 0.575723 0.805166
1784010302.087413073 11.994165 1.081335 -0.067143 -0.080579 0.117292 0.576859 0.804353
1784010302.091496944 11.994334 1.083577 -0.067200 -0.080588 0.117196 0.577671 0.803783
1784010302.097431898 11.994577 1.086838 -0.067280 -0.080624 0.117095 0.578833 0.802958
1784010302.101602077 11.994759 1.089132 -0.067339 -0.080637 0.117051 0.579648 0.802375
1784010302.107372046 11.994999 1.092303 -0.067425 -0.080668 0.116951 0.580766 0.801577
1784010302.111630917 11.995180 1.094652 -0.067493 -0.080796 0.116872 0.581573 0.800990
1784010302.117404938 11.995418 1.097849 -0.067581 -0.081013 0.116859 0.582664 0.800177
1784010302.121965885 11.995613 1.100383 -0.067651 -0.081151 0.116888 0.583533 0.799525
1784010302.126833916 11.995818 1.103085 -0.067727 -0.081248 0.116923 0.584455 0.798837
1784010302.127353191 11.995841 1.103373 -0.067735 -0.081255 0.116925 0.584554 0.798763
1784010302.127353191 11.995841 1.103373 -0.067735 -0.081255 0.116925 0.584554 0.798763
1784010302.131712914 11.995957 1.105764 -0.067789 -0.081300 0.116939 0.585398 0.798138
1784010302.137398958 11.996087 1.108883 -0.067859 -0.081421 0.116912 0.586496 0.797323
1784010302.141874075 11.996188 1.111345 -0.067910 -0.081526 0.116880 0.587352 0.796687
1784010302.147320986 11.996304 1.114350 -0.067964 -0.081620 0.116901 0.588406 0.795896
1784010302.151591063 11.996395 1.116712 -0.068004 -0.081743 0.116898 0.589223 0.795280
1784010302.157363892 11.996501 1.119896 -0.068067 -0.081861 0.116762 0.590328 0.794468
1784010302.161638975 11.996580 1.122251 -0.068121 -0.081893 0.116579 0.591147 0.793881
1784010302.167406082 11.996675 1.125429 -0.068193 -0.081981 0.116401 0.592231 0.793090
1784010302.171560049 11.996748 1.127729 -0.068243 -0.082052 0.116355 0.593013 0.792505
1784010302.177413940 11.996838 1.130974 -0.068310 -0.082171 0.116302 0.594118 0.791673
1784010302.181489944 11.996903 1.133241 -0.068358 -0.082281 0.116247 0.594875 0.791100
1784010302.187365055 11.996984 1.136505 -0.068423 -0.082438 0.116204 0.595967 0.790268
1784010302.191706896 11.997048 1.138915 -0.068470 -0.082537 0.116175 0.596773 0.789654
1784010302.197401047 11.997119 1.142066 -0.068526 -0.082643 0.116070 0.597828 0.788860
1784010302.201447964 11.997172 1.144308 -0.068560 -0.082680 0.115967 0.598584 0.788297
1784010302.207262993 11.997236 1.147538 -0.068603 -0.082774 0.115870 0.599670 0.787476
1784010302.211533070 11.997287 1.149918 -0.068637 -0.082892 0.115834 0.600458 0.786868
1784010302.217382908 11.997346 1.153168 -0.068694 -0.083042 0.115770 0.601534 0.786040
1784010302.221858978 11.997399 1.155649 -0.068751 -0.083135 0.115676 0.602349 0.785419
1784010302.227030993 11.997459 1.158513 -0.068825 -0.083244 0.115545 0.603279 0.784713
1784010302.227298975 11.997463 1.158662 -0.068829 -0.083251 0.115539 0.603326 0.784677
1784010302.227298975 11.997463 1.158662 -0.068829 -0.083251 0.115539 0.603326 0.784677
1784010302.231753111 11.997462 1.161107 -0.068891 -0.083370 0.115458 0.604115 0.784069
1784010302.237385035 11.997455 1.164196 -0.068973 -0.083501 0.115406 0.605112 0.783293
1784010302.241816044 11.997455 1.166633 -0.069041 -0.083641 0.115420 0.605893 0.782673
1784010302.247236013 11.997451 1.169613 -0.069125 -0.083969 0.115506 0.606808 0.781916
1784010302.251667976 11.997458 1.172041 -0.069192 -0.084167 0.115598 0.607550 0.781304
1784010302.257365942 11.997465 1.175141 -0.069269 -0.084248 0.115666 0.608517 0.780532
1784010302.261622906 11.997473 1.177451 -0.069318 -0.084316 0.115631 0.609231 0.779973
1784010302.267352104 11.997471 1.180554 -0.069372 -0.084356 0.115531 0.610211 0.779217
1784010302.271749020 11.997469 1.182938 -0.069408 -0.084418 0.115445 0.610962 0.778634
1784010302.277379036 11.997454 1.185990 -0.069448 -0.084621 0.115403 0.611896 0.777885
1784010302.281613111 11.997445 1.188279 -0.069478 -0.084717 0.115393 0.612610 0.777314
1784010302.287497044 11.997416 1.191445 -0.069528 -0.084811 0.115225 0.613604 0.776544
1784010302.291457891 11.997396 1.193573 -0.069565 -0.084835 0.115059 0.614278 0.776033
1784010302.297286034 11.997351 1.196706 -0.069614 -0.084880 0.114926 0.615287 0.775248
1784010302.301635027 11.997315 1.199051 -0.069650 -0.085039 0.114862 0.616027 0.774652
1784010302.307353020 11.997256 1.202122 -0.069697 -0.085238 0.114773 0.616986 0.773880
1784010302.311449051 11.997217 1.204314 -0.069730 -0.085336 0.114692 0.617678 0.773329
1784010302.317431927 11.997144 1.207508 -0.069766 -0.085557 0.114593 0.618676 0.772521
1784010302.321345091 11.997099 1.209593 -0.069780 -0.085638 0.114496 0.619345 0.771990
1784010302.327042103 11.997014 1.212628 -0.069790 -0.085715 0.114273 0.620340 0.771215
1784010302.327090979 11.997013 1.212654 -0.069790 -0.085716 0.114272 0.620349 0.771208
1784010302.327090979 11.997013 1.212654 -0.069790 -0.085716 0.114272 0.620349 0.771208
1784010302.331681967 11.996885 1.215090 -0.069772 -0.085782 0.114119 0.621141 0.770585
1784010302.337393045 11.996712 1.218123 -0.069753 -0.085949 0.113999 0.622130 0.769787
1784010302.341836929 11.996574 1.220479 -0.069750 -0.086045 0.113833 0.622908 0.769171
1784010302.347352982 11.996388 1.223398 -0.069763 -0.086083 0.113526 0.623893 0.768413
1784010302.351469040 11.996247 1.225586 -0.069786 -0.086189 0.113280 0.624630 0.767839
1784010302.357379913 11.996032 1.228742 -0.069828 -0.086401 0.113067 0.625687 0.766986
1784010302.361903906 11.995871 1.231169 -0.069874 -0.086517 0.112938 0.626509 0.766320
1784010302.367501974 11.995660 1.234176 -0.069943 -0.086688 0.112772 0.627523 0.765495
1784010302.371536970 11.995510 1.236347 -0.069999 -0.086819 0.112664 0.628255 0.764895
1784010302.377383947 11.995280 1.239489 -0.070079 -0.086922 0.112459 0.629338 0.764023
1784010302.381540060 11.995122 1.241731 -0.070135 -0.087017 0.112292 0.630097 0.763411
1784010302.387382030 11.994895 1.244894 -0.070196 -0.087230 0.112177 0.631139 0.762542
1784010302.391484022 11.994744 1.247123 -0.070234 -0.087367 0.112063 0.631874 0.761934
1784010302.397361994 11.994519 1.250317 -0.070286 -0.087463 0.111742 0.632926 0.761097
1784010302.401807070 11.994356 1.252736 -0.070325 -0.087497 0.111534 0.633723 0.760460
1784010302.407520056 11.994145 1.255853 -0.070373 -0.087625 0.111401 0.634726 0.759628
1784010302.411726952 11.993993 1.258157 -0.070413 -0.087742 0.111326 0.635463 0.759009
1784010302.417244911 11.993788 1.261186 -0.070470 -0.087900 0.111218 0.636431 0.758195
1784010302.421403885 11.993637 1.263481 -0.070517 -0.088019 0.111134 0.637161 0.757580
1784010302.427357912 11.993415 1.266768 -0.070584 -0.088164 0.111116 0.638215 0.756678
1784010302.427363157 11.993414 1.266770 -0.070584 -0.088164 0.111116 0.638216 0.756677
1784010302.427363157 11.993414 1.266770 -0.070584 -0.088164 0.111116 0.638216 0.756677
1784010302.431977034 11.993186 1.269285 -0.070616 -0.088208 0.111037 0.639069 0.755963
1784010302.437288046 11.992916 1.272175 -0.070652 -0.088247 0.110874 0.640053 0.755150
1784010302.441521883 11.992700 1.274480 -0.070680 -0.088275 0.110743 0.640835 0.754503
1784010302.447336912 11.992390 1.277646 -0.070708 -0.088386 0.110591 0.641901 0.753605
1784010302.451745987 11.992159 1.280055 -0.070721 -0.088468 0.110475 0.642707 0.752925
1784010302.457356930 11.991856 1.283120 -0.070727 -0.088535 0.110241 0.643744 0.752065
1784010302.461503983 11.991635 1.285388 -0.070727 -0.088582 0.110067 0.644509 0.751430
1784010302.467392921 11.991306 1.288604 -0.070726 -0.088591 0.109703 0.645599 0.750546
1784010302.471595049 11.991070 1.290905 -0.070732 -0.088594 0.109442 0.646374 0.749916
1784010302.477350950 11.990733 1.294064 -0.070743 -0.088774 0.109345 0.647433 0.748995
1784010302.481744051 11.990478 1.296491 -0.070755 -0.088910 0.109270 0.648239 0.748292
1784010302.487385035 11.990141 1.299608 -0.070776 -0.089044 0.109181 0.649288 0.747379
1784010302.491607904 11.989890 1.301942 -0.070803 -0.089142 0.109112 0.650072 0.746696
1784010302.497332096 11.989544 1.305098 -0.070848 -0.089248 0.109022 0.651141 0.745765
1784010302.501559019 11.989298 1.307430 -0.070890 -0.089325 0.108954 0.651928 0.745078
1784010302.507433891 11.988947 1.310673 -0.070952 -0.089494 0.108780 0.653007 0.744137
1784010302.511601925 11.988701 1.312989 -0.071001 -0.089611 0.108655 0.653770 0.743471
1784010302.517239094 11.988363 1.316130 -0.071074 -0.089794 0.108497 0.654813 0.742553
1784010302.521538973 11.988113 1.318541 -0.071139 -0.089931 0.108375 0.655607 0.741854
1784010302.527301073 11.987776 1.321766 -0.071238 -0.089919 0.108162 0.656651 0.740962
1784010302.527301073 11.987776 1.321766 -0.071238 -0.089919 0.108162 0.656651 0.740962
1784010302.527324915 11.987773 1.321778 -0.071238 -0.089919 0.108161 0.656655 0.740959
1784010302.531923056 11.987446 1.324296 -0.071316 -0.089899 0.107983 0.657483 0.740252
1784010302.537375927 11.987054 1.327294 -0.071409 -0.090178 0.107938 0.658415 0.739396
1784010302.541518927 11.986759 1.329608 -0.071474 -0.090389 0.107903 0.659121 0.738746
1784010302.547486067 11.986321 1.332934 -0.071573 -0.090546 0.107881 0.660130 0.737829
1784010302.551868916 11.986004 1.335357 -0.071658 -0.090661 0.107864 0.660869 0.737155
1784010302.557353973 11.985606 1.338379 -0.071754 -0.090881 0.107616 0.661750 0.736373
1784010302.561306953 11.985331 1.340570 -0.071804 -0.091038 0.107436 0.662384 0.735810
1784010302.567281008 11.984895 1.343869 -0.071857 -0.091208 0.107314 0.663337 0.734948
1784010302.571647882 11.984568 1.346272 -0.071888 -0.091330 0.107224 0.664032 0.734318
1784010302.577147961 11.984135 1.349291 -0.071910 -0.091533 0.106865 0.664910 0.733551
1784010302.581609011 11.983786 1.351748 -0.071913 -0.091693 0.106590 0.665623 0.732924
1784010302.587479115 11.983317 1.354964 -0.071903 -0.091819 0.106405 0.666571 0.732073
1784010302.591553926 11.982996 1.357184 -0.071896 -0.091906 0.106276 0.667227 0.731483
1784010302.597394943 11.982514 1.360359 -0.071889 -0.092007 0.105910 0.668216 0.730620
1784010302.601656914 11.982156 1.362693 -0.071893 -0.092079 0.105642 0.668936 0.729990
1784010302.607327938 11.981667 1.365796 -0.071903 -0.092309 0.105647 0.669906 0.729070
1784010302.611713886 11.981300 1.368196 -0.071914 -0.092486 0.105651 0.670655 0.728359
1784010302.617255926 11.980830 1.371211 -0.071941 -0.092679 0.105724 0.671617 0.727437
1784010302.621566057 11.980463 1.373550 -0.071982 -0.092790 0.105525 0.672375 0.726751
1784010302.627153158 11.979980 1.376572 -0.072052 -0.092786 0.105127 0.673373 0.725884
1784010302.627153158 11.979980 1.376572 -0.072052 -0.092786 0.105127 0.673373 0.725884
1784010302.627368927 11.979959 1.376687 -0.072054 -0.092786 0.105113 0.673411 0.725851
1784010302.632133007 11.979478 1.379222 -0.072097 -0.092837 0.104978 0.674239 0.725095
1784010302.637351036 11.978953 1.382011 -0.072134 -0.093035 0.105029 0.675123 0.724240
1784010302.641822100 11.978505 1.384408 -0.072165 -0.093118 0.104956 0.675889 0.723524
1784010302.647368908 11.977941 1.387372 -0.072210 -0.093143 0.104656 0.676848 0.722668
1784010302.651819944 11.977498 1.389750 -0.072245 -0.093102 0.104496 0.677625 0.721968
1784010302.657394886 11.976937 1.392737 -0.072283 -0.093083 0.104472 0.678599 0.721058
1784010302.661650896 11.976507 1.395035 -0.072317 -0.093177 0.104377 0.679327 0.720374
1784010302.667458057 11.975904 1.398172 -0.072371 -0.093296 0.104125 0.680325 0.719452
1784010302.671468019 11.975496 1.400350 -0.072415 -0.093393 0.103975 0.681013 0.718810
1784010302.677331924 11.974889 1.403535 -0.072482 -0.093622 0.103903 0.681995 0.717860
1784010302.681788921 11.974435 1.405961 -0.072545 -0.093759 0.103805 0.682743 0.717144
1784010302.687303066 11.973864 1.408965 -0.072634 -0.093931 0.103556 0.683661 0.716283
1784010302.691482067 11.973441 1.411257 -0.072702 -0.094092 0.103446 0.684341 0.715627
1784010302.697305918 11.972848 1.414458 -0.072783 -0.094318 0.103475 0.685283 0.714692
1784010302.701550961 11.972427 1.416805 -0.072837 -0.094427 0.103442 0.685969 0.714023
1784010302.707297087 11.971848 1.419972 -0.072901 -0.094473 0.103204 0.686901 0.713155
1784010302.711486101 11.971436 1.422282 -0.072942 -0.094476 0.102972 0.687581 0.712533
1784010302.717364073 11.970853 1.425526 -0.072985 -0.094519 0.102723 0.688515 0.711661
1784010302.721611023 11.970444 1.427889 -0.073008 -0.094580 0.102625 0.689174 0.711029
1784010302.727210045 11.969896 1.431006 -0.073034 -0.094652 0.102491 0.690047 0.710191
1784010302.727210045 11.969896 1.431006 -0.073034 -0.094652 0.102491 0.690047 0.710191
1784010302.727369070 11.969878 1.431093 -0.073034 -0.094655 0.102488 0.690072 0.710167
1784010302.731317043 11.969428 1.433250 -0.073030 -0.094710 0.102325 0.690694 0.709579
1784010302.737390041 11.968722 1.436556 -0.073023 -0.094765 0.102085 0.691639 0.708685
1784010302.741764069 11.968224 1.438943 -0.073023 -0.094855 0.101980 0.692312 0.708030
1784010302.747466087 11.967563 1.442055 -0.073023 -0.095010 0.101791 0.693173 0.707194
1784010302.751621008 11.967090 1.444335 -0.073026 -0.095081 0.101652 0.693807 0.706582
1784010302.757324934 11.966428 1.447466 -0.073023 -0.095199 0.101506 0.694673 0.705736
1784010302.761595011 11.965940 1.449812 -0.073025 -0.095297 0.101371 0.695316 0.705109
1784010302.767374992 11.965274 1.452976 -0.073031 -0.095254 0.101131 0.696204 0.704272
1784010302.771461010 11.964812 1.455222 -0.073042 -0.095254 0.100932 0.696817 0.703694
1784010302.777333021 11.964139 1.458455 -0.073058 -0.095430 0.100738 0.697673 0.702849
1784010302.781631947 11.963658 1.460832 -0.073076 -0.095537 0.100624 0.698296 0.702232
1784010302.787512064 11.962994 1.464080 -0.073110 -0.095620 0.100386 0.699144 0.701411
1784010302.791544914 11.962553 1.466318 -0.073141 -0.095663 0.100246 0.699722 0.700849
1784010302.797391891 11.961908 1.469556 -0.073183 -0.095749 0.100175 0.700544 0.700025
1784010302.801459074 11.961471 1.471813 -0.073214 -0.095827 0.100123 0.701101 0.699464
1784010302.807341099 11.960832 1.475073 -0.073248 -0.095961 0.100047 0.701896 0.698659
1784010302.811425924 11.960402 1.477348 -0.073266 -0.096054 0.099977 0.702440 0.698109
1784010302.817368984 11.959772 1.480652 -0.073277 -0.096106 0.099793 0.703234 0.697329
1784010302.821571112 11.959342 1.482992 -0.073281 -0.096091 0.099642 0.703786 0.696795
1784010302.827062130 11.958780 1.486038 -0.073282 -0.096108 0.099468 0.704497 0.696099
1784010302.827062130 11.958780 1.486038 -0.073282 -0.096108 0.099468 0.704497 0.696099
1784010302.827294111 11.958752 1.486164 -0.073281 -0.096108 0.099460 0.704527 0.696069
1784010302.831281900 11.958289 1.488328 -0.073270 -0.096112 0.099328 0.705036 0.695572
1784010302.837491035 11.957552 1.491676 -0.073254 -0.096050 0.099073 0.705827 0.694815
1784010302.841593981 11.957068 1.493894 -0.073248 -0.096040 0.098874 0.706367 0.694295
1784010302.847088099 11.956404 1.496875 -0.073240 -0.096210 0.098635 0.707072 0.693588
1784010302.851605892 11.955867 1.499335 -0.073230 -0.096339 0.098490 0.707640 0.693010
1784010302.857111931 11.955217 1.502333 -0.073219 -0.096391 0.098248 0.708329 0.692334
1784010302.861534119 11.954711 1.504749 -0.073215 -0.096555 0.097934 0.708827 0.691846
1784010302.867307901 11.954068 1.507897 -0.073207 -0.096676 0.097580 0.709457 0.691233
1784010302.871485949 11.953627 1.510188 -0.073205 -0.096763 0.097342 0.709887 0.690813
1784010302.877315998 11.953032 1.513404 -0.073204 -0.097010 0.097147 0.710410 0.690267
1784010302.881649971 11.952626 1.515811 -0.073203 -0.097090 0.097208 0.710798 0.689848
1784010302.887316942 11.952112 1.518945 -0.073218 -0.097188 0.097234 0.711278 0.689335
1784010302.891524076 11.951753 1.521268 -0.073243 -0.097236 0.097139 0.711613 0.688997
1784010302.897303104 11.951276 1.524454 -0.073281 -0.097234 0.096982 0.712063 0.688554
1784010302.901544094 11.950949 1.526813 -0.073310 -0.097329 0.096883 0.712360 0.688247
1784010302.907392979 11.950509 1.530080 -0.073351 -0.097598 0.096834 0.712733 0.687830
1784010302.911745071 11.950207 1.532514 -0.073383 -0.097752 0.096843 0.713004 0.687525
1784010302.917363882 11.949832 1.535630 -0.073433 -0.097780 0.096732 0.713359 0.687169
1784010302.921782970 11.949556 1.538087 -0.073478 -0.097704 0.096562 0.713645 0.686906
1784010302.927230120 11.949223 1.541146 -0.073522 -0.097773 0.096563 0.713964 0.686565
1784010302.927230120 11.949223 1.541146 -0.073522 -0.097773 0.096563 0.713964 0.686565
1784010302.927231073 11.949221 1.541146 -0.073522 -0.097773 0.096563 0.713964 0.686565
1784010302.931312084 11.948916 1.543414 -0.073542 -0.097979 0.096725 0.714185 0.686283
1784010302.937401056 11.948456 1.546778 -0.073584 -0.098207 0.096806 0.714516 0.685894
1784010302.941374063 11.948175 1.548969 -0.073622 -0.098189 0.096712 0.714741 0.685676
1784010302.947321892 11.947751 1.552257 -0.073683 -0.098117 0.096590 0.715089 0.685341
1784010302.951652050 11.947455 1.554675 -0.073726 -0.098186 0.096685 0.715322 0.685073
1784010302.957305908 11.947061 1.557831 -0.073777 -0.098273 0.096872 0.715630 0.684712
1784010302.961550951 11.946769 1.560205 -0.073819 -0.098352 0.096854 0.715859 0.684465
1784010302.967444897 11.946361 1.563504 -0.073874 -0.098418 0.096770 0.716182 0.684130
1784010302.971436024 11.946105 1.565750 -0.073908 -0.098405 0.096856 0.716404 0.683886
1784010302.977262020 11.945728 1.569017 -0.073955 -0.098386 0.097065 0.716721 0.683527
1784010302.981534958 11.945458 1.571417 -0.073993 -0.098372 0.097092 0.716950 0.683286
1784010302.987245083 11.945082 1.574629 -0.074047 -0.098423 0.096927 0.717254 0.682982
1784010302.991555929 11.944808 1.577074 -0.074084 -0.098485 0.096878 0.717467 0.682756
1784010302.997267962 11.944452 1.580317 -0.074126 -0.098553 0.097033 0.717741 0.682436
1784010303.001604080 11.944193 1.582779 -0.074160 -0.098586 0.097073 0.717943 0.682213
1784010303.007323027 11.943840 1.586013 -0.074216 -0.098584 0.096832 0.718210 0.681967
1784010303.011586905 11.943583 1.588433 -0.074263 -0.098598 0.096585 0.718396 0.681804
1784010303.017354965 11.943234 1.591726 -0.074316 -0.098764 0.096471 0.718615 0.681565
1784010303.021713972 11.942984 1.594235 -0.074350 -0.098949 0.096502 0.718767 0.681374
1784010303.027084112 11.942675 1.597313 -0.074399 -0.099069 0.096388 0.718956 0.681173
1784010303.027137041 11.942671 1.597343 -0.074399 -0.099068 0.096385 0.718958 0.681171
1784010303.027137041 11.942671 1.597343 -0.074399 -0.099068 0.096385 0.718958 0.681171
1784010303.031375885 11.942362 1.599720 -0.074429 -0.099018 0.096149 0.719118 0.681044
1784010303.037322998 11.941930 1.603058 -0.074464 -0.098923 0.095952 0.719341 0.680849
1784010303.041589975 11.941636 1.605477 -0.074483 -0.098966 0.095972 0.719494 0.680679
1784010303.047471046 11.941224 1.608819 -0.074500 -0.099038 0.095963 0.719701 0.680451
1784010303.051496029 11.940958 1.611114 -0.074514 -0.099006 0.095865 0.719856 0.680305
1784010303.057374954 11.940576 1.614466 -0.074531 -0.098907 0.095708 0.720080 0.680104
1784010303.061672926 11.940322 1.616926 -0.074544 -0.098803 0.095692 0.720244 0.679948
1784010303.067347050 11.939993 1.620172 -0.074566 -0.098634 0.095641 0.720455 0.679756
1784010303.071609020 11.939761 1.622620 -0.074589 -0.098548 0.095555 0.720597 0.679630
1784010303.077378988 11.939452 1.625938 -0.074619 -0.098566 0.095505 0.720761 0.679461
1784010303.081521034 11.939254 1.628328 -0.074642 -0.098593 0.095532 0.720857 0.679352
1784010303.087353945 11.938993 1.631686 -0.074674 -0.098464 0.095588 0.720989 0.679222
1784010303.091547966 11.938829 1.634109 -0.074699 -0.098333 0.095615 0.721073 0.679148
1784010303.097218990 11.938612 1.637386 -0.074732 -0.098234 0.095665 0.721155 0.679068
1784010303.101433039 11.938466 1.639833 -0.074761 -0.098182 0.095731 0.721202 0.679017
1784010303.107264042 11.938261 1.643230 -0.074810 -0.098201 0.095823 0.721244 0.678957
1784010303.111500025 11.938127 1.645712 -0.074853 -0.098290 0.095929 0.721246 0.678926
1784010303.117402077 11.937941 1.649159 -0.074920 -0.098336 0.096030 0.721255 0.678896
1784010303.121648073 11.937821 1.651637 -0.074975 -0.098289 0.096002 0.721267 0.678894
1784010303.127271175 11.937647 1.654918 -0.075047 -0.098297 0.095858 0.721269 0.678911
1784010303.127271175 11.937647 1.654918 -0.075047 -0.098297 0.095858 0.721269 0.678911
1784010303.127475023 11.937637 1.655034 -0.075049 -0.098298 0.095853 0.721269 0.678911
1784010303.131468058 11.937450 1.657333 -0.075084 -0.098427 0.095761 0.721257 0.678918
1784010303.137341976 11.937162 1.660717 -0.075126 -0.098643 0.095680 0.721240 0.678916
1784010303.141541958 11.936965 1.663139 -0.075151 -0.098751 0.095643 0.721239 0.678907
1784010303.147226095 11.936688 1.666401 -0.075183 -0.098867 0.095537 0.721247 0.678896
1784010303.151580095 11.936479 1.668902 -0.075213 -0.098927 0.095402 0.721258 0.678896
1784010303.157361984 11.936187 1.672230 -0.075262 -0.099052 0.095242 0.721276 0.678881
1784010303.161590099 11.935978 1.674684 -0.075306 -0.099258 0.095207 0.721279 0.678852
1784010303.167356968 11.935686 1.678028 -0.075376 -0.099533 0.095230 0.721296 0.678790
1784010303.171694994 11.935477 1.680542 -0.075442 -0.099624 0.095166 0.721323 0.678757
1784010303.177191973 11.935211 1.683716 -0.075535 -0.099620 0.094985 0.721379 0.678724
1784010303.181545973 11.935010 1.686238 -0.075606 -0.099617 0.094919 0.721430 0.678679
1784010303.187314987 11.934740 1.689587 -0.075684 -0.099683 0.094911 0.721495 0.678602
1784010303.191464901 11.934559 1.692006 -0.075730 -0.099691 0.094889 0.721553 0.678542
1784010303.197318077 11.934307 1.695406 -0.075776 -0.099590 0.094856 0.721651 0.678457
1784010303.201639891 11.934140 1.697913 -0.075802 -0.099457 0.094819 0.721734 0.678394
1784010303.207354069 11.933921 1.701224 -0.075830 -0.099287 0.094718 0.721842 0.678318
1784010303.211632013 11.933771 1.703717 -0.075850 -0.099219 0.094665 0.721909 0.678263
1784010303.217308998 11.933573 1.707036 -0.075877 -0.099265 0.094690 0.721977 0.678181
1784010303.221419096 11.933444 1.709454 -0.075904 -0.099336 0.094778 0.722015 0.678118
1784010303.227174044 11.933267 1.712833 -0.075956 -0.099375 0.094972 0.722075 0.678021
1784010303.227174044 11.933267 1.712833 -0.075956 -0.099375 0.094972 0.722075 0.678021
1784010303.227322102 11.933260 1.712918 -0.075957 -0.099376 0.094977 0.722076 0.678019
1784010303.231709003 11.933061 1.715441 -0.076000 -0.099385 0.095120 0.722117 0.677955
1784010303.236948967 11.932822 1.718457 -0.076059 -0.099430 0.095283 0.722154 0.677885
1784010303.241641998 11.932616 1.721171 -0.076117 -0.099517 0.095450 0.722182 0.677819
1784010303.247241020 11.932371 1.724418 -0.076186 -0.099670 0.095698 0.722207 0.677735
1784010303.251563072 11.932193 1.726929 -0.076243 -0.099747 0.095864 0.722228 0.677678
1784010303.257127047 11.931960 1.730146 -0.076325 -0.099722 0.095951 0.722274 0.677620
1784010303.261419058 11.931788 1.732631 -0.076397 -0.099705 0.095943 0.722305 0.677590
1784010303.267266035 11.931541 1.736018 -0.076503 -0.099792 0.095963 0.722335 0.677543
1784010303.271709919 11.931361 1.738602 -0.076590 -0.099894 0.096040 0.722346 0.677505
1784010303.277311087 11.931126 1.741845 -0.076712 -0.099988 0.096066 0.722357 0.677477
1784010303.281486988 11.930957 1.744262 -0.076812 -0.100032 0.095977 0.722367 0.677471
1784010303.287288904 11.930711 1.747623 -0.076943 -0.100118 0.095860 0.722373 0.677470
1784010303.291542053 11.930540 1.750107 -0.077026 -0.100203 0.095878 0.722371 0.677456
1784010303.297424078 11.930291 1.753548 -0.077122 -0.100307 0.095913 0.722378 0.677428
1784010303.301444054 11.930129 1.755907 -0.077176 -0.100337 0.095898 0.722388 0.677416
1784010303.307339907 11.929879 1.759355 -0.077242 -0.100338 0.095855 0.722415 0.677392
1784010303.311532974 11.929711 1.761813 -0.077279 -0.100355 0.095854 0.722435 0.677369
1784010303.317320108 11.929473 1.765201 -0.077320 -0.100359 0.095877 0.722470 0.677328
1784010303.321449995 11.929315 1.767628 -0.077347 -0.100361 0.095904 0.722496 0.677295
1784010303.327071190 11.929096 1.770922 -0.077386 -0.100384 0.095903 0.722527 0.677260
1784010303.327071190 11.929096 1.770922 -0.077386 -0.100384 0.095903 0.722527 0.677260
1784010303.327331066 11.929082 1.771071 -0.077388 -0.100384 0.095903 0.722529 0.677258
1784010303.332031965 11.928829 1.773774 -0.077423 -0.100398 0.095820 0.722556 0.677238
1784010303.337311029 11.928549 1.776815 -0.077472 -0.100433 0.095720 0.722581 0.677220
1784010303.341698885 11.928329 1.779350 -0.077517 -0.100466 0.095751 0.722595 0.677197
1784010303.347342968 11.928048 1.782603 -0.077583 -0.100502 0.095852 0.722615 0.677155
1784010303.351881981 11.927832 1.785221 -0.077645 -0.100489 0.095888 0.722632 0.677134
1784010303.357392073 11.927569 1.788403 -0.077721 -0.100474 0.095913 0.722656 0.677107
1784010303.361371994 11.927391 1.790715 -0.077773 -0.100493 0.095976 0.722668 0.677083
1784010303.367378950 11.927117 1.794194 -0.077847 -0.100494 0.096070 0.722676 0.677060
1784010303.371639013 11.926935 1.796658 -0.077900 -0.100450 0.096054 0.722682 0.677063
1784010303.377296925 11.926687 1.799918 -0.077971 -0.100351 0.095941 0.722700 0.677074
1784010303.381750107 11.926500 1.802491 -0.078023 -0.100292 0.095841 0.722708 0.677089
1784010303.387171984 11.926270 1.805636 -0.078076 -0.100269 0.095791 0.722706 0.677101
1784010303.391448021 11.926099 1.808127 -0.078110 -0.100268 0.095842 0.722699 0.677102
1784010303.397263050 11.925860 1.811503 -0.078160 -0.100268 0.095885 0.722692 0.677103
1784010303.401567936 11.925692 1.814001 -0.078204 -0.100230 0.095839 0.722689 0.677118
1784010303.407344103 11.925462 1.817349 -0.078270 -0.100184 0.095798 0.722686 0.677135
1784010303.411659002 11.925299 1.819864 -0.078318 -0.100215 0.095847 0.722677 0.677132
1784010303.417397022 11.925073 1.823213 -0.078381 -0.100345 0.095906 0.722645 0.677138
1784010303.421602964 11.924915 1.825672 -0.078431 -0.100447 0.095889 0.722614 0.677159
1784010303.427119970 11.924705 1.828882 -0.078502 -0.100495 0.095838 0.722591 0.677184
1784010303.427119970 11.924705 1.828882 -0.078502 -0.100495 0.095838 0.722591 0.677184
1784010303.427285910 11.924696 1.828977 -0.078503 -0.100497 0.095837 0.722590 0.677185
1784010303.431421041 11.924481 1.831342 -0.078545 -0.100531 0.095811 0.722568 0.677207
1784010303.437330008 11.924165 1.834723 -0.078600 -0.100594 0.095789 0.722536 0.677235
1784010303.441508055 11.923952 1.837126 -0.078636 -0.100638 0.095801 0.722517 0.677247
1784010303.447185040 11.923654 1.840389 -0.078689 -0.100732 0.095758 0.722483 0.677276
1784010303.451720953 11.923426 1.842999 -0.078739 -0.100774 0.095724 0.722462 0.677297
1784010303.457204103 11.923152 1.846150 -0.078811 -0.100813 0.095704 0.722434 0.677323
1784010303.461415052 11.922954 1.848577 -0.078875 -0.100870 0.095726 0.722415 0.677332
1784010303.467289925 11.922672 1.851967 -0.078963 -0.100951 0.095798 0.722387 0.677340
1784010303.471601009 11.922477 1.854466 -0.079029 -0.101059 0.095857 0.722360 0.677344
1784010303.477330923 11.922215 1.857789 -0.079118 -0.101216 0.095977 0.722323 0.677343
1784010303.481734991 11.922028 1.860347 -0.079190 -0.101331 0.096099 0.722292 0.677341
1784010303.487318039 11.921792 1.863584 -0.079284 -0.101447 0.096244 0.722257 0.677341
1784010303.491574049 11.921625 1.866056 -0.079356 -0.101509 0.096365 0.722236 0.677337
1784010303.497452974 11.921388 1.869472 -0.079451 -0.101625 0.096472 0.722204 0.677338
1784010303.501507998 11.921238 1.871840 -0.079515 -0.101682 0.096547 0.722182 0.677342
1784010303.507302999 11.921020 1.875223 -0.079604 -0.101730 0.096684 0.722155 0.677344
1784010303.511512041 11.920875 1.877683 -0.079671 -0.101740 0.096784 0.722137 0.677347
1784010303.517328024 11.920669 1.881075 -0.079768 -0.101711 0.096870 0.722116 0.677362
1784010303.521764994 11.920521 1.883673 -0.079847 -0.101685 0.096925 0.722106 0.677369
1784010303.526950121 11.920350 1.886716 -0.079933 -0.101675 0.097018 0.722097 0.677367
1784010303.526950121 11.920350 1.886716 -0.079933 -0.101675 0.097018 0.722097 0.677367
1784010303.527193069 11.920338 1.886857 -0.079936 -0.101673 0.097023 0.722097 0.677366
1784010303.531338930 11.920139 1.889263 -0.079989 -0.101631 0.097107 0.722104 0.677353
1784010303.537456036 11.919837 1.892805 -0.080068 -0.101562 0.097193 0.722116 0.677338
1784010303.542140961 11.919619 1.895523 -0.080130 -0.101518 0.097290 0.722128 0.677318
1784010303.546972036 11.919398 1.898329 -0.080193 -0.101494 0.097450 0.722138 0.677288
1784010303.551373005 11.919203 1.900891 -0.080247 -0.101450 0.097620 0.722155 0.677252
1784010303.557277918 11.918935 1.904335 -0.080317 -0.101388 0.097785 0.722175 0.677217
1784010303.561587095 11.918750 1.906857 -0.080368 -0.101389 0.097838 0.722174 0.677210
1784010303.567267895 11.918502 1.910179 -0.080440 -0.101356 0.097875 0.722172 0.677212
1784010303.571501970 11.918328 1.912660 -0.080499 -0.101339 0.097880 0.722162 0.677223
1784010303.577272892 11.918079 1.916041 -0.080586 -0.101385 0.097824 0.722132 0.677257
1784010303.581625938 11.917896 1.918602 -0.080655 -0.101439 0.097762 0.722101 0.677291
1784010303.587446928 11.917640 1.922032 -0.080745 -0.101510 0.097616 0.722060 0.677345
1784010303.591483116 11.917472 1.924419 -0.080808 -0.101531 0.097537 0.722031 0.677384
1784010303.597331047 11.917220 1.927869 -0.080900 -0.101565 0.097460 0.721978 0.677447
1784010303.601536989 11.917047 1.930352 -0.080972 -0.101568 0.097396 0.721945 0.677490
1784010303.607467890 11.916790 1.933858 -0.081073 -0.101579 0.097307 0.721912 0.677537
1784010303.611442089 11.916627 1.936222 -0.081137 -0.101633 0.097318 0.721891 0.677549
1784010303.617316008 11.916381 1.939715 -0.081222 -0.101714 0.097417 0.721875 0.677540
1784010303.621573925 11.916217 1.942247 -0.081283 -0.101737 0.097447 0.721870 0.677537
1784010303.627291918 11.915996 1.945641 -0.081364 -0.101719 0.097418 0.721881 0.677533
1784010303.627333164 11.915993 1.945665 -0.081364 -0.101719 0.097418 0.721881 0.677533
1784010303.627333164 11.915993 1.945665 -0.081364 -0.101719 0.097418 0.721881 0.677533
1784010303.631443024 11.915783 1.948075 -0.081405 -0.101737 0.097449 0.721894 0.677512
1784010303.637319088 11.915485 1.951523 -0.081450 -0.101791 0.097546 0.721904 0.677479
1784010303.641448021 11.915291 1.953954 -0.081478 -0.101797 0.097596 0.721909 0.677466
1784010303.647349119 11.915014 1.957422 -0.081517 -0.101803 0.097582 0.721916 0.677459
1784010303.651357889 11.914842 1.959780 -0.081546 -0.101762 0.097595 0.721919 0.677461
1784010303.657005072 11.914604 1.963096 -0.081591 -0.101652 0.097684 0.721920 0.677463
1784010303.661808014 11.914412 1.965922 -0.081635 -0.101611 0.097806 0.721903 0.677470
1784010303.667105913 11.914199 1.969045 -0.081689 -0.101595 0.097941 0.721890 0.677466
1784010303.671293974 11.914035 1.971524 -0.081738 -0.101582 0.098051 0.721879 0.677464
1784010303.677336931 11.913792 1.975099 -0.081814 -0.101589 0.098137 0.721854 0.677477
1784010303.681315899 11.913645 1.977456 -0.081869 -0.101594 0.098200 0.721836 0.677487
1784010303.687292099 11.913411 1.980985 -0.081955 -0.101587 0.098222 0.721809 0.677513
1784010303.691576004 11.913243 1.983518 -0.082019 -0.101598 0.098160 0.721791 0.677540
1784010303.697422981 11.912995 1.986981 -0.082096 -0.101748 0.098010 0.721753 0.677579
1784010303.701520920 11.912821 1.989423 -0.082141 -0.101853 0.097911 0.721726 0.677607
1784010303.707252979 11.912566 1.992833 -0.082195 -0.102034 0.097844 0.721681 0.677637
1784010303.711348057 11.912392 1.995265 -0.082233 -0.102164 0.097801 0.721648 0.677659
1784010303.717281103 11.912129 1.998783 -0.082288 -0.102228 0.097546 0.721616 0.677720
1784010303.721688032 11.911935 2.001406 -0.082335 -0.102363 0.097438 0.721591 0.677741
1784010303.726967096 11.911697 2.004555 -0.082401 -0.102618 0.097387 0.721556 0.677748
1784010303.727156162 11.911688 2.004668 -0.082403 -0.102627 0.097385 0.721554 0.677749
1784010303.727156162 11.911688 2.004668 -0.082403 -0.102627 0.097385 0.721554 0.677749
1784010303.731580019 11.911451 2.007283 -0.082462 -0.102825 0.097358 0.721523 0.677756
1784010303.737319946 11.911142 2.010675 -0.082556 -0.102925 0.097241 0.721511 0.677770
1784010303.741929054 11.910906 2.013399 -0.082643 -0.102939 0.097149 0.721511 0.677781
1784010303.747102976 11.910652 2.016457 -0.082740 -0.102917 0.097134 0.721520 0.677777
1784010303.751585007 11.910442 2.019110 -0.082820 -0.102900 0.097121 0.721528 0.677773
1784010303.757297039 11.910181 2.022481 -0.082911 -0.102900 0.097098 0.721553 0.677750
1784010303.761457920 11.910002 2.024930 -0.082969 -0.102903 0.097083 0.721571 0.677732
1784010303.767328978 11.909758 2.028379 -0.083027 -0.102735 0.097044 0.721640 0.677690
1784010303.771806955 11.909591 2.031019 -0.083047 -0.102609 0.097016 0.721692 0.677658
1784010303.777134895 11.909401 2.034154 -0.083059 -0.102504 0.097067 0.721751 0.677603
1784010303.781464100 11.909251 2.036695 -0.083071 -0.102422 0.097109 0.721799 0.677559
1784010303.787285089 11.909053 2.040124 -0.083085 -0.102388 0.097026 0.721838 0.677534
1784010303.791445017 11.908924 2.042605 -0.083096 -0.102368 0.096969 0.721865 0.677516
1784010303.797245026 11.908751 2.046070 -0.083118 -0.102513 0.097475 0.721870 0.677417
1784010303.801345110 11.908642 2.048515 -0.083144 -0.102619 0.097834 0.721872 0.677346
1784010303.807298899 11.908484 2.052055 -0.083200 -0.102499 0.097826 0.721909 0.677327
1784010303.811358929 11.908379 2.054472 -0.083251 -0.102422 0.097823 0.721932 0.677314
1784010303.817272902 11.908227 2.058002 -0.083323 -0.102575 0.098145 0.721923 0.677254
1784010303.821470022 11.908134 2.060532 -0.083362 -0.102688 0.098375 0.721916 0.677211
1784010303.827039003 11.908005 2.063871 -0.083422 -0.102601 0.098382 0.721941 0.677196
1784010303.827039003 11.908005 2.063871 -0.083422 -0.102601 0.098382 0.721941 0.677196
1784010303.827267885 11.907996 2.064005 -0.083425 -0.102599 0.098383 0.721942 0.677196
1784010303.831567049 11.907822 2.066518 -0.083486 -0.102549 0.098404 0.721950 0.677192
1784010303.837292910 11.907578 2.069864 -0.083576 -0.102411 0.098072 0.721961 0.677249
1784010303.842299938 11.907376 2.072828 -0.083644 -0.102449 0.098149 0.721950 0.677244
1784010303.847399950 11.907169 2.075856 -0.083715 -0.102563 0.098363 0.721929 0.677218
1784010303.851497889 11.907002 2.078283 -0.083781 -0.102655 0.098535 0.721912 0.677197
1784010303.857311964 11.906751 2.081721 -0.083885 -0.102550 0.098228 0.721925 0.677244
1784010303.861536980 11.906579 2.084229 -0.083966 -0.102474 0.098004 0.721935 0.677277
1784010303.867255926 11.906342 2.087632 -0.084059 -0.102612 0.098428 0.721924 0.677207
1784010303.871582031 11.906178 2.090219 -0.084108 -0.102717 0.098747 0.721917 0.677152
1784010303.877268076 11.905952 2.093602 -0.084158 -0.102661 0.098538 0.721936 0.677170
1784010303.881508112 11.905785 2.096105 -0.084194 -0.102619 0.098380 0.721952 0.677182
1784010303.887397051 11.905551 2.099565 -0.084222 -0.102478 0.098107 0.721994 0.677199
1784010303.891462088 11.905410 2.101968 -0.084221 -0.102415 0.098144 0.722019 0.677176
1784010303.897264957 11.905209 2.105420 -0.084207 -0.102283 0.098130 0.722057 0.677157
1784010303.901387930 11.905076 2.107891 -0.084205 -0.102190 0.098119 0.722087 0.677142
1784010303.907258987 11.904878 2.111386 -0.084226 -0.102160 0.098041 0.722108 0.677135
1784010303.911396980 11.904753 2.113835 -0.084264 -0.102114 0.097995 0.722125 0.677130
1784010303.917356014 11.904570 2.117379 -0.084348 -0.102020 0.097978 0.722138 0.677133
1784010303.921648979 11.904452 2.119962 -0.084413 -0.102094 0.098115 0.722126 0.677114
1784010303.927038193 11.904303 2.123209 -0.084486 -0.102207 0.098417 0.722118 0.677063
1784010303.927038193 11.904303 2.123209 -0.084486 -0.102207 0.098417 0.722118 0.677063
1784010303.927408934 11.904288 2.123429 -0.084491 -0.102215 0.098436 0.722118 0.677058
1784010303.931505919 11.904115 2.125846 -0.084538 -0.102193 0.098473 0.722133 0.677041
1784010303.937262058 11.903866 2.129221 -0.084606 -0.102007 0.098300 0.722182 0.677041
1784010303.942229033 11.903659 2.132144 -0.084656 -0.101897 0.098206 0.722212 0.677039
1784010303.947312117 11.903452 2.135150 -0.084693 -0.101911 0.098292 0.722225 0.677011
1784010303.951657057 11.903282 2.137724 -0.084717 -0.101888 0.098378 0.722234 0.676993
1784010303.957124949 11.903059 2.140943 -0.084744 -0.101831 0.098335 0.722248 0.676992
1784010303.961560965 11.902882 2.143544 -0.084770 -0.101736 0.098187 0.722275 0.676999
1784010303.966976881 11.902668 2.146714 -0.084808 -0.101579 0.098045 0.722315 0.677000
1784010303.971537113 11.902497 2.149396 -0.084837 -0.101556 0.098094 0.722322 0.676989
1784010303.977410078 11.902269 2.152859 -0.084862 -0.101701 0.098312 0.722312 0.676947
1784010303.981395960 11.902123 2.155208 -0.084875 -0.101756 0.098353 0.722314 0.676931
1784010303.987262964 11.901900 2.158633 -0.084898 -0.101564 0.098111 0.722358 0.676948
1784010303.991631985 11.901744 2.161187 -0.084915 -0.101411 0.097902 0.722387 0.676970
1784010303.997467041 11.901531 2.164611 -0.084925 -0.101463 0.097852 0.722391 0.676965
1784010304.001512051 11.901393 2.166991 -0.084931 -0.101509 0.097851 0.722395 0.676954
1784010304.007333040 11.901182 2.170385 -0.084952 -0.101410 0.097604 0.722420 0.676978
1784010304.011441946 11.901042 2.172777 -0.084971 -0.101280 0.097385 0.722448 0.676998
1784010304.017296076 11.900836 2.176194 -0.084999 -0.101164 0.097240 0.722495 0.676987
1784010304.021768093 11.900691 2.178826 -0.085024 -0.101125 0.097244 0.722519 0.676966
1784010304.027173996 11.900514 2.182007 -0.085065 -0.101100 0.097282 0.722550 0.676931
1784010304.027194977 11.900512 2.182019 -0.085065 -0.101100 0.097282 0.722551 0.676931
1784010304.027194977 11.900512 2.182019 -0.085065 -0.101100 0.097282 0.722551 0.676931
1784010304.031516075 11.900309 2.184506 -0.085098 -0.101139 0.097269 0.722562 0.676915
1784010304.037259102 11.900035 2.187796 -0.085157 -0.101162 0.097170 0.722587 0.676899
1784010304.041709900 11.899836 2.190355 -0.085207 -0.101114 0.097103 0.722617 0.676884
1784010304.047307014 11.899588 2.193594 -0.085260 -0.101180 0.097177 0.722631 0.676848
1784010304.051640987 11.899405 2.196116 -0.085296 -0.101306 0.097332 0.722634 0.676804
1784010304.057291985 11.899161 2.199379 -0.085350 -0.101364 0.097368 0.722664 0.676758
1784010304.061441898 11.898992 2.201768 -0.085402 -0.101327 0.097260 0.722687 0.676754
1784010304.067245960 11.898753 2.205117 -0.085472 -0.101317 0.097191 0.722711 0.676741
1784010304.071535110 11.898591 2.207615 -0.085518 -0.101376 0.097270 0.722723 0.676708
1784010304.077172041 11.898375 2.210893 -0.085576 -0.101361 0.097343 0.722744 0.676677
1784010304.081480980 11.898216 2.213393 -0.085628 -0.101295 0.097283 0.722775 0.676662
1784010304.087287903 11.897998 2.216752 -0.085706 -0.101205 0.097165 0.722816 0.676648
1784010304.091494083 11.897852 2.219201 -0.085766 -0.101180 0.097182 0.722837 0.676628
1784010304.097275972 11.897647 2.222578 -0.085837 -0.101225 0.097340 0.722866 0.676567
1784010304.101358891 11.897513 2.224973 -0.085879 -0.101228 0.097460 0.722893 0.676520
1784010304.107208967 11.897310 2.228386 -0.085933 -0.101160 0.097447 0.722954 0.676467
1784010304.111534119 11.897170 2.230908 -0.085973 -0.101074 0.097361 0.723005 0.676439
1784010304.117275953 11.896986 2.234259 -0.086020 -0.100961 0.097403 0.723065 0.676385
1784010304.121469975 11.896864 2.236722 -0.086048 -0.100977 0.097560 0.723093 0.676330
1784010304.127065182 11.896694 2.240003 -0.086082 -0.100981 0.097696 0.723138 0.676262
1784010304.127065182 11.896694 2.240003 -0.086082 -0.100981 0.097696 0.723138 0.676262
1784010304.127286911 11.896684 2.240131 -0.086082 -0.100981 0.097702 0.723139 0.676259
1784010304.131721973 11.896485 2.242677 -0.086099 -0.100892 0.097636 0.723190 0.676229
1784010304.137288094 11.896236 2.245869 -0.086123 -0.100742 0.097477 0.723252 0.676207
1784010304.141268969 11.896071 2.248163 -0.086142 -0.100678 0.097459 0.723281 0.676189
1784010304.146904945 11.895830 2.251407 -0.086174 -0.100656 0.097447 0.723303 0.676169
1784010304.151489973 11.895636 2.254048 -0.086209 -0.100652 0.097302 0.723315 0.676179
1784010304.157124996 11.895387 2.257291 -0.086255 -0.100625 0.097007 0.723323 0.676216
1784010304.161530018 11.895202 2.259839 -0.086289 -0.100589 0.096842 0.723335 0.676233
1784010304.167248964 11.894959 2.263148 -0.086332 -0.100512 0.096764 0.723357 0.676232
1784010304.171456099 11.894785 2.265585 -0.086369 -0.100454 0.096692 0.723369 0.676237
1784010304.177227974 11.894530 2.268923 -0.086433 -0.100449 0.096500 0.723386 0.676248
1784010304.181545019 11.894346 2.271428 -0.086486 -0.100487 0.096416 0.723393 0.676246
1784010304.187139988 11.894107 2.274678 -0.086549 -0.100510 0.096417 0.723421 0.676212
1784010304.191575050 11.893928 2.277262 -0.086596 -0.100483 0.096407 0.723456 0.676181
1784010304.197237968 11.893693 2.280553 -0.086650 -0.100436 0.096321 0.723508 0.676145
1784010304.201483965 11.893526 2.283024 -0.086687 -0.100435 0.096213 0.723545 0.676120
1784010304.207204103 11.893303 2.286345 -0.086726 -0.100400 0.096125 0.723601 0.676078
1784010304.211386919 11.893157 2.288781 -0.086748 -0.100357 0.096104 0.723640 0.676045
1784010304.217241049 11.892951 2.292190 -0.086769 -0.100311 0.096038 0.723688 0.676010
1784010304.221518040 11.892816 2.294690 -0.086782 -0.100243 0.095979 0.723726 0.675989
1784010304.227127075 11.892640 2.297960 -0.086800 -0.100157 0.095896 0.723762 0.675974
1784010304.227127075 11.892640 2.297960 -0.086800 -0.100157 0.095896 0.723762 0.675974
1784010304.227296114 11.892632 2.298056 -0.086800 -0.100154 0.095894 0.723763 0.675974
1784010304.231551886 11.892447 2.300488 -0.086808 -0.100092 0.095872 0.723775 0.675974
1784010304.237327099 11.892193 2.303786 -0.086825 -0.100031 0.095900 0.723787 0.675966
1784010304.241544008 11.892017 2.306205 -0.086843 -0.100023 0.095929 0.723788 0.675961
1784010304.246803045 11.891794 2.309220 -0.086864 -0.099993 0.096003 0.723786 0.675957
1784010304.251573086 11.891597 2.311960 -0.086885 -0.099982 0.096040 0.723789 0.675951
1784010304.257404089 11.891349 2.315303 -0.086915 -0.099983 0.096056 0.723795 0.675941
1784010304.261496067 11.891183 2.317651 -0.086942 -0.099988 0.096051 0.723798 0.675938
1784010304.267231941 11.890938 2.320934 -0.086980 -0.100012 0.096008 0.723802 0.675937
1784010304.271440029 11.890763 2.323351 -0.087007 -0.100075 0.095950 0.723800 0.675938
1784010304.277210951 11.890509 2.326660 -0.087035 -0.100193 0.095792 0.723796 0.675948
1784010304.281493902 11.890325 2.329120 -0.087052 -0.100251 0.095634 0.723797 0.675960
1784010304.287157059 11.890074 2.332365 -0.087072 -0.100325 0.095437 0.723791 0.675983
1784010304.291343927 11.889896 2.334768 -0.087088 -0.100410 0.095331 0.723784 0.675993
1784010304.297405005 11.889624 2.338238 -0.087113 -0.100551 0.095165 0.723770 0.676010
1784010304.301467896 11.889448 2.340571 -0.087136 -0.100628 0.095007 0.723762 0.676030
1784010304.307254076 11.889187 2.343892 -0.087177 -0.100725 0.094769 0.723763 0.676048
1784010304.311424971 11.889008 2.346297 -0.087217 -0.100809 0.094628 0.723768 0.676050
1784010304.317276001 11.888751 2.349665 -0.087288 -0.100918 0.094447 0.723775 0.676051
1784010304.321564913 11.888575 2.352139 -0.087353 -0.100977 0.094335 0.723787 0.676045
1784010304.326941013 11.888357 2.355237 -0.087438 -0.101016 0.094240 0.723811 0.676027
1784010304.326941013 11.888357 2.355237 -0.087438 -0.101016 0.094240 0.723811 0.676027
1784010304.327383995 11.888334 2.355487 -0.087443 -0.101021 0.094233 0.723814 0.676024
1784010304.331300974 11.888130 2.357695 -0.087485 -0.101030 0.094199 0.723851 0.675987
1784010304.337248087 11.887818 2.361040 -0.087538 -0.101005 0.094138 0.723922 0.675923
1784010304.341702938 11.887597 2.363554 -0.087569 -0.100969 0.094080 0.723985 0.675870
1784010304.347038984 11.887341 2.366558 -0.087591 -0.100906 0.094032 0.724066 0.675800
1784010304.351392031 11.887146 2.369009 -0.087602 -0.100812 0.094008 0.724135 0.675742
1784010304.357294083 11.886883 2.372324 -0.087606 -0.100695 0.093947 0.724226 0.675671
1784010304.361540079 11.886707 2.374721 -0.087607 -0.100648 0.093925 0.724289 0.675613
1784010304.367047071 11.886478 2.377835 -0.087603 -0.100656 0.093988 0.724360 0.675528
1784010304.371449947 11.886306 2.380335 -0.087605 -0.100702 0.094113 0.724405 0.675455
1784010304.377216101 11.886077 2.383601 -0.087620 -0.100799 0.094259 0.724454 0.675367
1784010304.381674051 11.885910 2.386130 -0.087645 -0.100861 0.094345 0.724494 0.675303
1784010304.387238026 11.885700 2.389286 -0.087687 -0.100961 0.094431 0.724537 0.675231
1784010304.391412020 11.885551 2.391663 -0.087725 -0.101021 0.094506 0.724565 0.675180
1784010304.397245884 11.885340 2.394982 -0.087782 -0.101060 0.094590 0.724612 0.675113
1784010304.401607990 11.885190 2.397473 -0.087834 -0.101099 0.094626 0.724646 0.675065
1784010304.407116890 11.884996 2.400610 -0.087908 -0.101160 0.094625 0.724682 0.675017
1784010304.411453009 11.884850 2.403081 -0.087976 -0.101164 0.094598 0.724716 0.674984
1784010304.417277098 11.884650 2.406399 -0.088068 -0.101148 0.094543 0.724758 0.674949
1784010304.421612024 11.884508 2.408882 -0.088139 -0.101176 0.094517 0.724781 0.674924
1784010304.427191019 11.884319 2.412078 -0.088229 -0.101246 0.094464 0.724802 0.674899
1784010304.427191019 11.884319 2.412078 -0.088229 -0.101246 0.094464 0.724802 0.674899
1784010304.427289009 11.884314 2.412133 -0.088230 -0.101246 0.094463 0.724802 0.674899
1784010304.431441069 11.884118 2.414470 -0.088285 -0.101273 0.094427 0.724806 0.674895
1784010304.437261105 11.883834 2.417745 -0.088356 -0.101349 0.094443 0.724805 0.674883
1784010304.441924095 11.883612 2.420374 -0.088407 -0.101431 0.094479 0.724801 0.674869
1784010304.447206020 11.883358 2.423348 -0.088456 -0.101460 0.094454 0.724805 0.674865
1784010304.451716900 11.883145 2.425894 -0.088486 -0.101428 0.094400 0.724821 0.674859
1784010304.457210064 11.882884 2.428994 -0.088502 -0.101356 0.094375 0.724855 0.674837
1784010304.461652040 11.882681 2.431503 -0.088503 -0.101276 0.094322 0.724887 0.674823
1784010304.467143059 11.882429 2.434591 -0.088500 -0.101103 0.094190 0.724931 0.674820
1784010304.471435070 11.882239 2.437006 -0.088498 -0.100992 0.094113 0.724968 0.674807
1784010304.477181911 11.881980 2.440237 -0.088499 -0.100902 0.094017 0.725013 0.674785
1784010304.481561899 11.881794 2.442711 -0.088506 -0.100811 0.093961 0.725053 0.674764
1784010304.487202883 11.881553 2.445902 -0.088523 -0.100696 0.093963 0.725097 0.674734
1784010304.491452932 11.881382 2.448316 -0.088545 -0.100684 0.094034 0.725123 0.674697
1784010304.497277021 11.881144 2.451614 -0.088595 -0.100684 0.094120 0.725153 0.674653
1784010304.501425028 11.880984 2.453969 -0.088645 -0.100684 0.094129 0.725170 0.674634
1784010304.507266045 11.880755 2.457290 -0.088719 -0.100682 0.094198 0.725190 0.674603
1784010304.511451960 11.880605 2.459684 -0.088773 -0.100691 0.094295 0.725206 0.674571
1784010304.517230988 11.880392 2.462984 -0.088856 -0.100655 0.094337 0.725220 0.674555
1784010304.521645069 11.880239 2.465506 -0.088930 -0.100571 0.094296 0.725237 0.674556
1784010304.527106047 11.880045 2.468622 -0.089028 -0.100506 0.094249 0.725255 0.674552
1784010304.527106047 11.880045 2.468622 -0.089028 -0.100506 0.094249 0.725255 0.674552
1784010304.527271986 11.880037 2.468715 -0.089030 -0.100505 0.094247 0.725256 0.674552
1784010304.531663895 11.879823 2.471178 -0.089095 -0.100510 0.094236 0.725260 0.674548
1784010304.537225962 11.879551 2.474299 -0.089170 -0.100487 0.094225 0.725263 0.674550
1784010304.541625023 11.879344 2.476778 -0.089225 -0.100467 0.094212 0.725263 0.674555
1784010304.547215939 11.879078 2.479929 -0.089281 -0.100445 0.094209 0.725262 0.674560
1784010304.552011967 11.878859 2.482632 -0.089320 -0.100398 0.094223 0.725268 0.674558
1784010304.556902885 11.878635 2.485388 -0.089354 -0.100378 0.094221 0.725270 0.674559
1784010304.561671019 11.878417 2.488080 -0.089379 -0.100455 0.094220 0.725254 0.674565
1784010304.567049026 11.878168 2.491119 -0.089395 -0.100570 0.094196 0.725236 0.674571
1784010304.571456909 11.877975 2.493614 -0.089402 -0.100589 0.094155 0.725227 0.674583
1784010304.577194929 11.877721 2.496854 -0.089403 -0.100541 0.094134 0.725233 0.674586
1784010304.581538916 11.877536 2.499309 -0.089408 -0.100539 0.094104 0.725237 0.674587
1784010304.587240934 11.877285 2.502524 -0.089425 -0.100561 0.094030 0.725239 0.674592
1784010304.591450930 11.877105 2.504904 -0.089446 -0.100597 0.094000 0.725233 0.674598
1784010304.597289085 11.876850 2.508205 -0.089481 -0.100707 0.093970 0.725221 0.674598
1784010304.601485014 11.876679 2.510585 -0.089510 -0.100733 0.093924 0.725225 0.674596
1784010304.607244968 11.876442 2.513843 -0.089556 -0.100642 0.093824 0.725248 0.674599
1784010304.611494064 11.876278 2.516251 -0.089599 -0.100609 0.093771 0.725263 0.674595
1784010304.617225885 11.876047 2.519502 -0.089664 -0.100722 0.093786 0.725255 0.674584
1784010304.621491909 11.875883 2.521934 -0.089718 -0.100879 0.093843 0.725243 0.674566
1784010304.627214909 11.875663 2.525198 -0.089783 -0.101014 0.093949 0.725238 0.674537
1784010304.627235174 11.875661 2.525209 -0.089783 -0.101014 0.093949 0.725238 0.674537
1784010304.627235174 11.875661 2.525209 -0.089783 -0.101014 0.093949 0.725238 0.674537
1784010304.631525040 11.875447 2.527614 -0.089812 -0.101034 0.094016 0.725257 0.674503
1784010304.637274027 11.875159 2.530832 -0.089845 -0.101032 0.094071 0.725291 0.674460
1784010304.641592026 11.874953 2.533251 -0.089873 -0.101040 0.094094 0.725313 0.674431
1784010304.647299051 11.874671 2.536444 -0.089921 -0.101155 0.094068 0.725327 0.674403
1784010304.651770115 11.874459 2.538957 -0.089969 -0.101300 0.094055 0.725328 0.674382
1784010304.656980991 11.874216 2.541894 -0.090031 -0.101411 0.094114 0.725334 0.674351
1784010304.661386013 11.874023 2.544383 -0.090089 -0.101426 0.094171 0.725344 0.674329
1784010304.667198896 11.873765 2.547661 -0.090178 -0.101373 0.094204 0.725368 0.674307
1784010304.671689034 11.873575 2.550201 -0.090257 -0.101362 0.094243 0.725380 0.674290
1784010304.677369118 11.873329 2.553421 -0.090364 -0.101454 0.094341 0.725380 0.674263
1784010304.681202888 11.873171 2.555606 -0.090436 -0.101557 0.094435 0.725379 0.674236
1784010304.687102079 11.872921 2.558962 -0.090536 -0.101653 0.094544 0.725391 0.674193
1784010304.691521883 11.872744 2.561482 -0.090601 -0.101635 0.094570 0.725416 0.674165
1784010304.697249889 11.872514 2.564744 -0.090668 -0.101567 0.094611 0.725461 0.674121
1784010304.701469898 11.872355 2.567153 -0.090708 -0.101552 0.094701 0.725483 0.674087
1784010304.707359076 11.872126 2.570513 -0.090759 -0.101576 0.094847 0.725514 0.674029
1784010304.711422920 11.871976 2.572841 -0.090796 -0.101615 0.094934 0.725526 0.673999
1784010304.717299938 11.871758 2.576207 -0.090845 -0.101625 0.095022 0.725554 0.673954
1784010304.721606016 11.871610 2.578680 -0.090884 -0.101571 0.095062 0.725584 0.673924
1784010304.727060080 11.871418 2.581808 -0.090943 -0.101533 0.095024 0.725607 0.673911
1784010304.727060080 11.871418 2.581808 -0.090943 -0.101533 0.095024 0.725607 0.673911
1784010304.727291107 11.871407 2.581938 -0.090945 -0.101530 0.095023 0.725608 0.673910
1784010304.731601000 11.871195 2.584373 -0.090988 -0.101520 0.094977 0.725607 0.673920
1784010304.737255096 11.870908 2.587570 -0.091048 -0.101584 0.094947 0.725594 0.673928
1784010304.741583109 11.870695 2.590029 -0.091096 -0.101682 0.094932 0.725573 0.673938
1784010304.746825933 11.870434 2.593009 -0.091147 -0.101740 0.094891 0.725550 0.673960
1784010304.751224995 11.870221 2.595510 -0.091185 -0.101731 0.094812 0.725537 0.673986
1784010304.757364988 11.869915 2.598993 -0.091231 -0.101646 0.094645 0.725538 0.674022
1784010304.761291027 11.869728 2.601228 -0.091262 -0.101611 0.094574 0.725538 0.674037
1784010304.766968012 11.869448 2.604461 -0.091303 -0.101670 0.094594 0.725524 0.674040
1784010304.771707058 11.869221 2.607166 -0.091338 -0.101734 0.094652 0.725519 0.674028
1784010304.777363062 11.868948 2.610395 -0.091381 -0.101735 0.094647 0.725541 0.674005
1784010304.781235933 11.868772 2.612611 -0.091411 -0.101715 0.094612 0.725561 0.673991
1784010304.787211895 11.868500 2.616027 -0.091449 -0.101657 0.094637 0.725600 0.673954
1784010304.791420937 11.868322 2.618437 -0.091477 -0.101654 0.094656 0.725616 0.673935
1784010304.797348022 11.868066 2.621826 -0.091517 -0.101686 0.094626 0.725631 0.673918
1784010304.801362991 11.867907 2.624130 -0.091544 -0.101695 0.094613 0.725638 0.673911
1784010304.807215929 11.867678 2.627490 -0.091574 -0.101675 0.094653 0.725641 0.673905
1784010304.811455965 11.867529 2.629932 -0.091594 -0.101606 0.094724 0.725649 0.673897
1784010304.817181110 11.867324 2.633223 -0.091627 -0.101547 0.094792 0.725644 0.673901
1784010304.821302891 11.867185 2.635597 -0.091660 -0.101561 0.094829 0.725623 0.673917
1784010304.827042103 11.866989 2.638903 -0.091714 -0.101577 0.094958 0.725594 0.673927
1784010304.827042103 11.866989 2.638903 -0.091714 -0.101577 0.094958 0.725594 0.673927
1784010304.827219009 11.866981 2.639004 -0.091715 -0.101578 0.094961 0.725593 0.673928
1784010304.831523895 11.866786 2.641460 -0.091750 -0.101633 0.095093 0.725560 0.673937
1784010304.837225914 11.866527 2.644713 -0.091801 -0.101656 0.095267 0.725515 0.673958
1784010304.841543913 11.866338 2.647180 -0.091847 -0.101649 0.095366 0.725488 0.673974
1784010304.847023964 11.866091 2.650310 -0.091917 -0.101691 0.095428 0.725449 0.674000
1784010304.851386070 11.865901 2.652805 -0.091980 -0.101772 0.095508 0.725417 0.674011
1784010304.856837988 11.865659 2.655925 -0.092060 -0.101931 0.095641 0.725362 0.674028
1784010304.861656904 11.865447 2.658684 -0.092130 -0.102048 0.095701 0.725314 0.674053
1784010304.867049932 11.865206 2.661769 -0.092202 -0.102090 0.095637 0.725278 0.674095
1784010304.871484041 11.865007 2.664310 -0.092256 -0.102162 0.095539 0.725245 0.674133
1784010304.877207994 11.864739 2.667588 -0.092317 -0.102357 0.095444 0.725191 0.674175
1784010304.881432056 11.864546 2.670008 -0.092359 -0.102495 0.095393 0.725147 0.674209
1784010304.887131929 11.864276 2.673266 -0.092415 -0.102636 0.095236 0.725094 0.674266
1784010304.891339064 11.864083 2.675677 -0.092455 -0.102729 0.095114 0.725057 0.674308
1784010304.897205114 11.863805 2.679047 -0.092510 -0.102884 0.095020 0.725011 0.674348
1784010304.901516914 11.863607 2.681533 -0.092561 -0.103019 0.094976 0.724980 0.674367
1784010304.907360077 11.863330 2.684898 -0.092651 -0.103199 0.094913 0.724952 0.674378
1784010304.911443949 11.863146 2.687255 -0.092729 -0.103343 0.094874 0.724934 0.674381
1784010304.917308092 11.862884 2.690640 -0.092847 -0.103489 0.094856 0.724917 0.674379
1784010304.921266079 11.862723 2.692932 -0.092927 -0.103501 0.094873 0.724932 0.674359
1784010304.927180052 11.862484 2.696357 -0.093037 -0.103493 0.094845 0.724959 0.674335
1784010304.927365065 11.862477 2.696465 -0.093040 -0.103492 0.094844 0.724960 0.674334
1784010304.927365065 11.862477 2.696465 -0.093040 -0.103492 0.094844 0.724960 0.674334
1784010304.931380987 11.862276 2.698767 -0.093092 -0.103482 0.094841 0.724988 0.674306
1784010304.937202930 11.861984 2.702094 -0.093154 -0.103476 0.094822 0.725029 0.674266
1784010304.941462040 11.861786 2.704530 -0.093194 -0.103478 0.094812 0.725054 0.674240
1784010304.947247028 11.861523 2.707840 -0.093223 -0.103471 0.094883 0.725090 0.674192
1784010304.951627016 11.861338 2.710354 -0.093231 -0.103462 0.094963 0.725116 0.674154
1784010304.956676006 11.861130 2.713257 -0.093234 -0.103455 0.095045 0.725144 0.674114
1784010304.961838007 11.860926 2.716230 -0.093236 -0.103533 0.095185 0.725153 0.674072
1784010304.967067003 11.860726 2.719250 -0.093245 -0.103702 0.095412 0.725140 0.674029
1784010304.971472025 11.860569 2.721798 -0.093265 -0.103824 0.095618 0.725132 0.673989
1784010304.977184057 11.860367 2.725098 -0.093308 -0.103907 0.095826 0.725124 0.673955
1784010304.981554985 11.860222 2.727630 -0.093358 -0.103932 0.095961 0.725119 0.673937
1784010304.987219095 11.860030 2.730919 -0.093445 -0.104001 0.096137 0.725109 0.673913
1784010304.991434097 11.859893 2.733379 -0.093531 -0.104049 0.096271 0.725102 0.673893
1784010304.997018099 11.859705 2.736638 -0.093668 -0.104125 0.096376 0.725084 0.673887
1784010305.001399994 11.859562 2.739196 -0.093797 -0.104183 0.096460 0.725070 0.673881
1784010305.007215977 11.859363 2.742590 -0.093977 -0.104295 0.096443 0.725033 0.673905
1784010305.011347055 11.859225 2.745008 -0.094106 -0.104372 0.096433 0.725008 0.673921
1784010305.017263889 11.859013 2.748489 -0.094277 -0.104427 0.096389 0.724991 0.673938
1784010305.021431923 11.858868 2.750969 -0.094386 -0.104462 0.096361 0.724980 0.673949
1784010305.027135134 11.858657 2.754361 -0.094523 -0.104656 0.096498 0.724940 0.673942
1784010305.027135134 11.858657 2.754361 -0.094523 -0.104656 0.096498 0.724940 0.673942
1784010305.027179956 11.858654 2.754387 -0.094524 -0.104656 0.096499 0.724940 0.673942
1784010305.031449080 11.858444 2.756869 -0.094597 -0.104759 0.096609 0.724918 0.673934
1784010305.037163973 11.858155 2.760197 -0.094675 -0.104866 0.096577 0.724900 0.673941
1784010305.041584969 11.857939 2.762803 -0.094714 -0.104954 0.096553 0.724885 0.673946
1784010305.047081947 11.857667 2.766044 -0.094750 -0.105047 0.096790 0.724878 0.673905
1784010305.051908970 11.857432 2.768871 -0.094787 -0.105020 0.096771 0.724889 0.673900
1784010305.056396008 11.857214 2.771480 -0.094829 -0.104997 0.096753 0.724900 0.673895
1784010305.061408043 11.856970 2.774382 -0.094880 -0.104965 0.096623 0.724913 0.673905
1784010305.067194939 11.856696 2.777723 -0.094931 -0.105053 0.096788 0.724898 0.673883
1784010305.071656942 11.856500 2.780293 -0.094964 -0.105125 0.096917 0.724886 0.673866
1784010305.076952934 11.856271 2.783345 -0.094996 -0.105038 0.096930 0.724906 0.673857
1784010305.081507921 11.856081 2.785988 -0.095024 -0.104966 0.096942 0.724922 0.673848
1784010305.087217093 11.855848 2.789292 -0.095069 -0.104911 0.097094 0.724930 0.673827
1784010305.091496944 11.855688 2.791758 -0.095120 -0.104875 0.097209 0.724935 0.673811
1784010305.097234011 11.855472 2.795064 -0.095190 -0.104899 0.097223 0.724923 0.673817
1784010305.101552010 11.855316 2.797577 -0.095239 -0.104923 0.097234 0.724914 0.673822
1784010305.107397079 11.855101 2.800972 -0.095299 -0.104750 0.097337 0.724916 0.673833
1784010305.111416101 11.854963 2.803297 -0.095347 -0.104638 0.097409 0.724916 0.673840
1784010305.117265940 11.854751 2.806668 -0.095420 -0.104452 0.097219 0.724921 0.673891
1784010305.121563911 11.854593 2.809155 -0.095485 -0.104321 0.097080 0.724923 0.673928
1784010305.126872063 11.854396 2.812238 -0.095559 -0.104216 0.097129 0.724920 0.673940
1784010305.126872063 11.854396 2.812238 -0.095559 -0.104216 0.097129 0.724920 0.673940
1784010305.127258062 11.854378 2.812460 -0.095561 -0.104211 0.097132 0.724920 0.673941
1784010305.131515980 11.854175 2.814914 -0.095585 -0.104159 0.097160 0.724916 0.673950
1784010305.137197971 11.853901 2.818187 -0.095613 -0.104095 0.097245 0.724899 0.673965
1784010305.141580105 11.853695 2.820705 -0.095647 -0.104045 0.097313 0.724886 0.673977
1784010305.147022009 11.853434 2.823816 -0.095703 -0.103913 0.097185 0.724888 0.674014
1784010305.151489019 11.853226 2.826373 -0.095758 -0.103875 0.097078 0.724870 0.674054
1784010305.157257080 11.852953 2.829681 -0.095825 -0.104113 0.097254 0.724805 0.674062
1784010305.161564112 11.852758 2.832162 -0.095873 -0.104290 0.097389 0.724756 0.674068
1784010305.167016029 11.852510 2.835289 -0.095933 -0.104340 0.097402 0.724711 0.674107
1784010305.171456099 11.852313 2.837827 -0.095986 -0.104228 0.097290 0.724704 0.674148
1784010305.177165031 11.852050 2.841088 -0.096051 -0.104234 0.097141 0.724676 0.674199
1784010305.181463003 11.851858 2.843558 -0.096098 -0.104348 0.097119 0.724632 0.674231
1784010305.187088013 11.851603 2.846793 -0.096155 -0.104459 0.097086 0.724585 0.674269
1784010305.191395998 11.851414 2.849273 -0.096201 -0.104495 0.096996 0.724560 0.674304
1784010305.197231054 11.851148 2.852627 -0.096267 -0.104492 0.096826 0.724551 0.674339
1784010305.201509953 11.850962 2.855093 -0.096325 -0.104493 0.096704 0.724545 0.674362
1784010305.207324028 11.850707 2.858445 -0.096414 -0.104563 0.096627 0.724521 0.674388
1784010305.211364985 11.850540 2.860789 -0.096483 -0.104676 0.096704 0.724498 0.674385
1784010305.217206001 11.850293 2.864185 -0.096584 -0.104964 0.096872 0.724453 0.674363
1784010305.221551895 11.850123 2.866717 -0.096659 -0.105062 0.096984 0.724440 0.674347
1784010305.226962090 11.849914 2.869861 -0.096751 -0.105036 0.097045 0.724445 0.674336
1784010305.226962090 11.849914 2.869861 -0.096751 -0.105036 0.097045 0.724445 0.674336
1784010305.227205038 11.849901 2.870000 -0.096755 -0.105034 0.097047 0.724445 0.674336
1784010305.231429100 11.849685 2.872410 -0.096819 -0.105058 0.097044 0.724437 0.674341
1784010305.237222910 11.849385 2.875715 -0.096907 -0.105135 0.097069 0.724414 0.674351
1784010305.241780996 11.849158 2.878326 -0.096982 -0.105234 0.097073 0.724385 0.674366
1784010305.246970892 11.848904 2.881304 -0.097069 -0.105321 0.097074 0.724350 0.674390
1784010305.251307011 11.848704 2.883800 -0.097143 -0.105289 0.097117 0.724342 0.674397
1784010305.256330013 11.848475 2.886691 -0.097236 -0.105238 0.097115 0.724333 0.674415
1784010305.261348963 11.848251 2.889584 -0.097338 -0.105171 0.097108 0.724324 0.674436
1784010305.266907930 11.848007 2.892797 -0.097457 -0.105152 0.097191 0.724312 0.674440
1784010305.271369934 11.847819 2.895387 -0.097554 -0.105218 0.097312 0.724292 0.674434
1784010305.277074099 11.847578 2.898703 -0.097672 -0.105227 0.097449 0.724278 0.674428
1784010305.281364918 11.847407 2.901206 -0.097751 -0.105174 0.097523 0.724281 0.674421
1784010305.287168026 11.847176 2.904589 -0.097840 -0.105048 0.097627 0.724297 0.674409
1784010305.291318893 11.847021 2.907014 -0.097898 -0.104972 0.097713 0.724314 0.674391
1784010305.297171116 11.846795 2.910429 -0.097986 -0.104925 0.097777 0.724315 0.674387
1784010305.301418066 11.846639 2.912919 -0.098054 -0.104906 0.097843 0.724311 0.674384
1784010305.307162046 11.846424 2.916295 -0.098152 -0.104912 0.097931 0.724296 0.674387
1784010305.311506033 11.846270 2.918860 -0.098232 -0.104880 0.097968 0.724289 0.674395
1784010305.317320108 11.846057 2.922285 -0.098355 -0.104783 0.097911 0.724282 0.674425
1784010305.321343899 11.845915 2.924660 -0.098453 -0.104769 0.097830 0.724263 0.674460
1784010305.327135086 11.845701 2.928084 -0.098600 -0.104800 0.097758 0.724223 0.674508
1784010305.327135086 11.845701 2.928084 -0.098600 -0.104800 0.097758 0.724223 0.674508
1784010305.327204943 11.845697 2.928124 -0.098601 -0.104800 0.097757 0.724223 0.674509
1784010305.331459045 11.845492 2.930598 -0.098690 -0.104887 0.097781 0.724194 0.674522
1784010305.337203026 11.845208 2.933936 -0.098792 -0.104994 0.097801 0.724155 0.674545
1784010305.341706038 11.844988 2.936554 -0.098864 -0.104974 0.097733 0.724152 0.674561
1784010305.346998930 11.844725 2.939625 -0.098939 -0.104921 0.097579 0.724157 0.674586
1784010305.351309061 11.844515 2.942133 -0.098993 -0.104934 0.097528 0.724149 0.674600
1784010305.356626034 11.844253 2.945230 -0.099051 -0.105049 0.097576 0.724137 0.674588
1784010305.361483097 11.844019 2.948067 -0.099101 -0.105158 0.097636 0.724131 0.674569
1784010305.367198944 11.843747 2.951405 -0.099155 -0.105193 0.097670 0.724155 0.674533
1784010305.371310949 11.843562 2.953816 -0.099196 -0.105183 0.097659 0.724176 0.674514
1784010305.376972914 11.843309 2.957138 -0.099253 -0.105149 0.097626 0.724206 0.674491
1784010305.381462097 11.843123 2.959786 -0.099305 -0.105172 0.097662 0.724218 0.674470
1784010305.387402058 11.842882 2.963281 -0.099381 -0.105247 0.097738 0.724206 0.674459
1784010305.391311884 11.842737 2.965588 -0.099438 -0.105237 0.097740 0.724201 0.674466
1784010305.397152901 11.842520 2.969037 -0.099519 -0.105171 0.097721 0.724190 0.674492
1784010305.401345968 11.842378 2.971529 -0.099574 -0.105184 0.097791 0.724172 0.674498
1784010305.407176971 11.842181 2.974982 -0.099644 -0.105164 0.097962 0.724148 0.674503
1784010305.411495924 11.842044 2.977537 -0.099699 -0.105091 0.098023 0.724134 0.674520
1784010305.417323112 11.841853 2.980983 -0.099768 -0.105011 0.098020 0.724120 0.674548
1784010305.421560049 11.841720 2.983506 -0.099812 -0.104989 0.098098 0.724113 0.674548
1784010305.427083969 11.841546 2.986795 -0.099863 -0.104967 0.098261 0.724105 0.674535
1784010305.427083969 11.841546 2.986795 -0.099863 -0.104967 0.098261 0.724105 0.674535
1784010305.427309036 11.841536 2.986926 -0.099864 -0.104966 0.098269 0.724105 0.674535
1784010305.431382895 11.841355 2.989303 -0.099894 -0.104941 0.098332 0.724104 0.674530
1784010305.437263012 11.841079 2.992718 -0.099953 -0.104887 0.098276 0.724114 0.674536
1784010305.441680908 11.840877 2.995293 -0.100012 -0.104883 0.098235 0.724112 0.674545
1784010305.447144032 11.840625 2.998489 -0.100090 -0.104903 0.098314 0.724103 0.674541
1784010305.451431036 11.840432 3.001013 -0.100154 -0.104965 0.098442 0.724089 0.674527
1784010305.457149029 11.840160 3.004370 -0.100251 -0.105090 0.098489 0.724063 0.674529
1784010305.461581945 11.839949 3.006967 -0.100341 -0.105166 0.098348 0.724045 0.674557
1784010305.467338085 11.839670 3.010336 -0.100459 -0.105250 0.098140 0.724009 0.674612
1784010305.471345901 11.839487 3.012698 -0.100535 -0.105349 0.098111 0.723976 0.674636
1784010305.477087021 11.839211 3.016087 -0.100637 -0.105527 0.098128 0.723932 0.674653
1784010305.481367111 11.839006 3.018619 -0.100719 -0.105627 0.098030 0.723913 0.674672
1784010305.487210989 11.838713 3.022067 -0.100846 -0.105741 0.097821 0.723907 0.674692
1784010305.491547108 11.838504 3.024635 -0.100952 -0.105862 0.097751 0.723900 0.674690
1784010305.497172117 11.838237 3.027972 -0.101092 -0.106005 0.097813 0.723902 0.674656
1784010305.501406908 11.838049 3.030496 -0.101198 -0.106041 0.097869 0.723921 0.674622
1784010305.507244110 11.837786 3.033973 -0.101344 -0.106063 0.097907 0.723967 0.674564
1784010305.511344910 11.837613 3.036421 -0.101447 -0.106120 0.097919 0.723998 0.674520
1784010305.517188072 11.837369 3.039890 -0.101590 -0.106147 0.097930 0.724052 0.674456
1784010305.521559954 11.837205 3.042485 -0.101690 -0.106119 0.097957 0.724093 0.674413
1784010305.527172089 11.837001 3.045813 -0.101791 -0.106115 0.098151 0.724143 0.674332
1784010305.527330160 11.836996 3.045906 -0.101793 -0.106115 0.098157 0.724144 0.674330
1784010305.527330160 11.836996 3.045906 -0.101793 -0.106115 0.098157 0.724144 0.674330
1784010305.531369925 11.836798 3.048277 -0.101840 -0.106129 0.098282 0.724170 0.674281
1784010305.537219048 11.836507 3.051716 -0.101893 -0.106166 0.098356 0.724205 0.674227
1784010305.541667938 11.836300 3.054341 -0.101928 -0.106271 0.098456 0.724219 0.674181
1784010305.546794891 11.836068 3.057356 -0.101972 -0.106394 0.098663 0.724232 0.674117
1784010305.551580906 11.835862 3.060164 -0.102026 -0.106384 0.098738 0.724254 0.674085
1784010305.557154894 11.835621 3.063455 -0.102103 -0.106366 0.098695 0.724272 0.674074
1784010305.561825991 11.835430 3.066247 -0.102173 -0.106463 0.098877 0.724271 0.674033
1784010305.567184925 11.835213 3.069446 -0.102274 -0.106586 0.099166 0.724262 0.673981
1784010305.571559906 11.835039 3.072038 -0.102387 -0.106535 0.099128 0.724271 0.673985
1784010305.576906919 11.834820 3.075202 -0.102552 -0.106350 0.098862 0.724296 0.674027
1784010305.581332922 11.834643 3.077845 -0.102692 -0.106356 0.098806 0.724298 0.674031
1784010305.587161064 11.834404 3.081341 -0.102872 -0.106500 0.098972 0.724275 0.674009
1784010305.591466904 11.834231 3.083924 -0.103009 -0.106493 0.098969 0.724269 0.674017
1784010305.597178936 11.833982 3.087340 -0.103195 -0.106445 0.098681 0.724271 0.674065
1784010305.601437092 11.833799 3.089895 -0.103329 -0.106470 0.098522 0.724271 0.674084
1784010305.607218027 11.833547 3.093381 -0.103491 -0.106563 0.098593 0.724254 0.674077
1784010305.611612082 11.833363 3.096044 -0.103599 -0.106674 0.098758 0.724231 0.674060
1784010305.617611885 11.833097 3.099679 -0.103728 -0.106812 0.098841 0.724219 0.674038
1784010305.621371984 11.832937 3.101959 -0.103802 -0.106821 0.098781 0.724232 0.674032
1784010305.626996994 11.832697 3.105362 -0.103900 -0.106749 0.098689 0.724264 0.674023
1784010305.626996994 11.832697 3.105362 -0.103900 -0.106749 0.098689 0.724264 0.674023
1784010305.627118111 11.832690 3.105435 -0.103901 -0.106747 0.098686 0.724265 0.674023
1784010305.631477118 11.832455 3.108039 -0.103961 -0.106697 0.098703 0.724298 0.673993
1784010305.637173891 11.832144 3.111439 -0.104032 -0.106743 0.098708 0.724325 0.673955
1784010305.641762972 11.831902 3.114180 -0.104090 -0.106719 0.098552 0.724353 0.673952
1784010305.647242069 11.831618 3.117455 -0.104162 -0.106597 0.098340 0.724399 0.673953
1784010305.651772976 11.831398 3.120175 -0.104221 -0.106584 0.098332 0.724415 0.673939
1784010305.657139063 11.831142 3.123396 -0.104301 -0.106563 0.098434 0.724431 0.673910
1784010305.661875010 11.830922 3.126235 -0.104388 -0.106484 0.098414 0.724447 0.673909
1784010305.666965961 11.830685 3.129291 -0.104495 -0.106444 0.098288 0.724456 0.673924
1784010305.671504021 11.830481 3.132029 -0.104587 -0.106464 0.098321 0.724455 0.673916
1784010305.677326918 11.830220 3.135548 -0.104698 -0.106512 0.098473 0.724446 0.673896
1784010305.681504011 11.830042 3.138069 -0.104782 -0.106452 0.098462 0.724453 0.673900
1784010305.687139988 11.829794 3.141451 -0.104903 -0.106251 0.098262 0.724485 0.673926
1784010305.691240072 11.829618 3.143918 -0.104991 -0.106211 0.098182 0.724494 0.673934
1784010305.697002888 11.829368 3.147400 -0.105098 -0.106261 0.098293 0.724491 0.673914
1784010305.701426983 11.829186 3.150085 -0.105171 -0.106274 0.098430 0.724493 0.673889
1784010305.707161903 11.828945 3.153552 -0.105262 -0.106251 0.098380 0.724504 0.673889
1784010305.711409092 11.828775 3.156111 -0.105327 -0.106187 0.098267 0.724520 0.673898
1784010305.717196941 11.828538 3.159594 -0.105410 -0.106129 0.098142 0.724542 0.673902
1784010305.721357107 11.828374 3.162110 -0.105464 -0.106158 0.098095 0.724547 0.673899
1784010305.726860046 11.828152 3.165444 -0.105526 -0.106210 0.098055 0.724549 0.673895
1784010305.726860046 11.828152 3.165444 -0.105526 -0.106210 0.098055 0.724549 0.673895
1784010305.727274895 11.828131 3.165691 -0.105529 -0.106218 0.098059 0.724549 0.673892
1784010305.731411934 11.827915 3.168147 -0.105551 -0.106267 0.098081 0.724561 0.673869
1784010305.737174988 11.827608 3.171542 -0.105580 -0.106211 0.098021 0.724603 0.673841
1784010305.741754055 11.827370 3.174234 -0.105613 -0.106142 0.097876 0.724639 0.673834
1784010305.747163057 11.827085 3.177421 -0.105656 -0.106143 0.097721 0.724664 0.673830
1784010305.751365900 11.826869 3.179912 -0.105693 -0.106217 0.097694 0.724666 0.673820
1784010305.757205009 11.826563 3.183368 -0.105748 -0.106347 0.097720 0.724668 0.673793
1784010305.761212111 11.826359 3.185741 -0.105799 -0.106391 0.097683 0.724679 0.673780
1784010305.767111063 11.826051 3.189229 -0.105885 -0.106454 0.097600 0.724702 0.673757
1784010305.771424055 11.825837 3.191798 -0.105956 -0.106501 0.097642 0.724718 0.673726
1784010305.777167082 11.825547 3.195239 -0.106052 -0.106693 0.097912 0.724724 0.673651
1784010305.781490088 11.825336 3.197843 -0.106132 -0.106921 0.098117 0.724717 0.673592
1784010305.787161112 11.825060 3.201240 -0.106246 -0.107007 0.098239 0.724744 0.673531
1784010305.791229010 11.824871 3.203681 -0.106341 -0.106991 0.098161 0.724778 0.673509
1784010305.797158003 11.824591 3.207253 -0.106476 -0.107164 0.098203 0.724804 0.673448
1784010305.801501036 11.824398 3.209883 -0.106576 -0.107348 0.098411 0.724808 0.673383
1784010305.807166100 11.824146 3.213298 -0.106718 -0.107450 0.098516 0.724827 0.673331
1784010305.811482906 11.823960 3.215910 -0.106837 -0.107433 0.098436 0.724852 0.673319
1784010305.817377090 11.823708 3.219496 -0.106991 -0.107532 0.098560 0.724885 0.673249
1784010305.821345091 11.823552 3.221924 -0.107092 -0.107659 0.098789 0.724892 0.673188
1784010305.827138901 11.823322 3.225448 -0.107245 -0.107707 0.098999 0.724918 0.673121
1784010305.827205181 11.823319 3.225487 -0.107246 -0.107707 0.099000 0.724919 0.673120
1784010305.827205181 11.823319 3.225487 -0.107246 -0.107707 0.099000 0.724919 0.673120
1784010305.831378937 11.823107 3.227983 -0.107361 -0.107655 0.098954 0.724940 0.673112
1784010305.837220907 11.822803 3.231489 -0.107511 -0.107722 0.098979 0.724958 0.673079
1784010305.841489077 11.822592 3.234068 -0.107605 -0.107797 0.099152 0.724966 0.673033
1784010305.847026110 11.822320 3.237404 -0.107716 -0.107725 0.099330 0.724999 0.672983
1784010305.851389885 11.822111 3.240030 -0.107798 -0.107624 0.099309 0.725036 0.672961
1784010305.856960058 11.821839 3.243388 -0.107905 -0.107529 0.099175 0.725081 0.672949
1784010305.861094952 11.821649 3.245897 -0.107984 -0.107478 0.099196 0.725103 0.672930
1784010305.866782904 11.821384 3.249351 -0.108101 -0.107440 0.099298 0.725124 0.672898
1784010305.871275902 11.821177 3.252088 -0.108204 -0.107435 0.099280 0.725137 0.672888
1784010305.877000093 11.820906 3.255567 -0.108354 -0.107369 0.099022 0.725153 0.672919
1784010305.881688118 11.820692 3.258421 -0.108485 -0.107298 0.098803 0.725165 0.672949
1784010305.886993885 11.820450 3.261660 -0.108631 -0.107302 0.098745 0.725157 0.672966
1784010305.891180992 11.820262 3.264229 -0.108739 -0.107350 0.098739 0.725143 0.672974
1784010305.897171974 11.819981 3.267906 -0.108888 -0.107331 0.098556 0.725142 0.673005
1784010305.901361942 11.819791 3.270485 -0.108982 -0.107284 0.098440 0.725144 0.673027
1784010305.907150030 11.819523 3.274035 -0.109100 -0.107291 0.098399 0.725146 0.673030
1784010305.911473989 11.819330 3.276689 -0.109181 -0.107298 0.098415 0.725160 0.673012
1784010305.917121887 11.819072 3.280152 -0.109281 -0.107266 0.098301 0.725183 0.673008
1784010305.921402931 11.818883 3.282790 -0.109347 -0.107282 0.098199 0.725204 0.672998
1784010305.926833153 11.818647 3.286142 -0.109418 -0.107326 0.098193 0.725229 0.672966
1784010305.926833153 11.818647 3.286142 -0.109418 -0.107326 0.098193 0.725229 0.672966
1784010305.927134037 11.818631 3.286325 -0.109421 -0.107330 0.098194 0.725230 0.672963
1784010305.931396008 11.818405 3.288913 -0.109474 -0.107367 0.098197 0.725253 0.672933
1784010305.937155008 11.818100 3.292389 -0.109566 -0.107315 0.097992 0.725291 0.672929
1784010305.941642046 11.817877 3.295102 -0.109648 -0.107220 0.097837 0.725318 0.672938
1784010305.946849108 11.817623 3.298269 -0.109742 -0.107246 0.097848 0.725321 0.672929
1784010305.951232910 11.817417 3.300950 -0.109823 -0.107378 0.097950 0.725301 0.672914
1784010305.957179070 11.817137 3.304565 -0.109942 -0.107406 0.097963 0.725292 0.672919
1784010305.961327076 11.816952 3.307075 -0.110034 -0.107348 0.097844 0.725290 0.672947
1784010305.966638088 11.816719 3.310290 -0.110148 -0.107266 0.097737 0.725286 0.672979
1784010305.971435070 11.816517 3.313211 -0.110236 -0.107269 0.097871 0.725273 0.672973
1784010305.977030993 11.816274 3.316625 -0.110328 -0.107364 0.098055 0.725255 0.672952
1784010305.981367111 11.816085 3.319267 -0.110400 -0.107419 0.098070 0.725250 0.672946
1784010305.987263918 11.815824 3.322841 -0.110503 -0.107395 0.097937 0.725262 0.672956
1784010305.991236925 11.815658 3.325253 -0.110574 -0.107374 0.097904 0.725267 0.672959
1784010305.997092962 11.815409 3.328815 -0.110673 -0.107407 0.097985 0.725262 0.672947
1784010306.001260996 11.815234 3.331362 -0.110742 -0.107465 0.098023 0.725257 0.672938
1784010306.007169008 11.814970 3.334959 -0.110850 -0.107544 0.097871 0.725255 0.672949
1784010306.011480093 11.814778 3.337580 -0.110938 -0.107596 0.097668 0.725254 0.672972
1784010306.017141104 11.814526 3.341016 -0.111056 -0.107652 0.097418 0.725247 0.673007
1784010306.021290064 11.814349 3.343542 -0.111143 -0.107674 0.097290 0.725239 0.673030
1784010306.026973009 11.814097 3.346999 -0.111261 -0.107669 0.097047 0.725242 0.673063
1784010306.026973009 11.814097 3.346999 -0.111261 -0.107669 0.097047 0.725242 0.673063
1784010306.027117968 11.814088 3.347085 -0.111264 -0.107669 0.097043 0.725242 0.673063
1784010306.031527996 11.813832 3.349727 -0.111345 -0.107691 0.096818 0.725249 0.673085
1784010306.037187099 11.813495 3.353120 -0.111463 -0.107822 0.096575 0.725249 0.673099
1784010306.041465998 11.813249 3.355693 -0.111566 -0.107908 0.096502 0.725250 0.673094
1784010306.047363043 11.812912 3.359235 -0.111720 -0.107898 0.096472 0.725287 0.673060
1784010306.051347971 11.812695 3.361636 -0.111835 -0.107870 0.096448 0.725320 0.673033
1784010306.057202101 11.812373 3.365168 -0.111998 -0.107865 0.096486 0.725374 0.672970
1784010306.061831951 11.812128 3.367973 -0.112129 -0.107888 0.096533 0.725423 0.672907
1784010306.067101955 11.811854 3.371166 -0.112275 -0.107918 0.096561 0.725473 0.672844
1784010306.071532011 11.811636 3.373851 -0.112391 -0.107882 0.096614 0.725532 0.672778
1784010306.077090979 11.811372 3.377217 -0.112518 -0.107879 0.096747 0.725599 0.672687
1784010306.081399918 11.811179 3.379832 -0.112608 -0.107877 0.096876 0.725648 0.672616
1784010306.087150097 11.810918 3.383324 -0.112714 -0.107874 0.096982 0.725710 0.672535
1784010306.091500044 11.810726 3.385980 -0.112794 -0.107963 0.097051 0.725748 0.672470
1784010306.097140074 11.810481 3.389418 -0.112895 -0.108094 0.097216 0.725793 0.672376
1784010306.101398945 11.810309 3.392012 -0.112981 -0.108099 0.097329 0.725832 0.672316
1784010306.107110977 11.810073 3.395486 -0.113114 -0.108127 0.097370 0.725862 0.672273
1784010306.111452103 11.809899 3.398141 -0.113229 -0.108171 0.097397 0.725880 0.672244
1784010306.117105007 11.809669 3.401606 -0.113395 -0.108243 0.097516 0.725897 0.672196
1784010306.121366024 11.809501 3.404221 -0.113536 -0.108306 0.097574 0.725900 0.672174
1784010306.126864195 11.809274 3.407577 -0.113734 -0.108320 0.097494 0.725916 0.672166
1784010306.126864195 11.809274 3.407577 -0.113734 -0.108320 0.097494 0.725916 0.672166
1784010306.127098083 11.809261 3.407717 -0.113741 -0.108319 0.097490 0.725917 0.672166
1784010306.131278992 11.809033 3.410228 -0.113872 -0.108266 0.097353 0.725929 0.672182
1784010306.137125969 11.808707 3.413762 -0.114044 -0.108218 0.097329 0.725937 0.672184
1784010306.141711950 11.808453 3.416554 -0.114174 -0.108316 0.097453 0.725930 0.672158
1784010306.146806955 11.808163 3.419643 -0.114316 -0.108413 0.097480 0.725925 0.672144
1784010306.151381016 11.807901 3.422407 -0.114447 -0.108386 0.097345 0.725939 0.672153
1784010306.157113075 11.807565 3.425878 -0.114599 -0.108378 0.097289 0.725960 0.672139
1784010306.161665916 11.807305 3.428650 -0.114702 -0.108478 0.097434 0.725959 0.672103
1784010306.166562080 11.807024 3.431635 -0.114796 -0.108485 0.097505 0.725981 0.672068
1784010306.171545029 11.806738 3.434674 -0.114879 -0.108389 0.097394 0.726028 0.672049
1784010306.177088022 11.806419 3.438050 -0.114957 -0.108321 0.097234 0.726074 0.672033
1784010306.181473970 11.806181 3.440717 -0.115018 -0.108255 0.097163 0.726118 0.672007
1784010306.186755896 11.805901 3.443926 -0.115087 -0.108085 0.097142 0.726175 0.671975
1784010306.191374063 11.805661 3.446744 -0.115145 -0.108040 0.097154 0.726209 0.671944
1784010306.197079897 11.805362 3.450237 -0.115210 -0.108084 0.097172 0.726233 0.671908
1784010306.201397896 11.805149 3.452884 -0.115265 -0.108042 0.097197 0.726257 0.671886
1784010306.206990957 11.804877 3.456300 -0.115340 -0.107906 0.097221 0.726288 0.671871
1784010306.211258888 11.804683 3.458908 -0.115409 -0.107866 0.097259 0.726300 0.671859
1784010306.217160940 11.804411 3.462510 -0.115508 -0.107760 0.097306 0.726317 0.671850
1784010306.221471071 11.804217 3.465151 -0.115588 -0.107690 0.097283 0.726329 0.671852
1784010306.227179050 11.803952 3.468653 -0.115697 -0.107722 0.097304 0.726317 0.671857
1784010306.227179050 11.803952 3.468653 -0.115697 -0.107722 0.097304 0.726317 0.671857
1784010306.227303028 11.803945 3.468728 -0.115699 -0.107723 0.097304 0.726317 0.671856
1784010306.231281996 11.803718 3.471141 -0.115765 -0.107726 0.097329 0.726321 0.671849
1784010306.237113953 11.803381 3.474659 -0.115883 -0.107598 0.097173 0.726345 0.671866
1784010306.241584063 11.803128 3.477360 -0.115982 -0.107479 0.097039 0.726359 0.671888
1784010306.247256994 11.802800 3.480808 -0.116093 -0.107486 0.097077 0.726366 0.671875
1784010306.251354933 11.802567 3.483323 -0.116165 -0.107493 0.097106 0.726368 0.671866
1784010306.256946087 11.802243 3.486747 -0.116253 -0.107486 0.096998 0.726365 0.671887
1784010306.261390924 11.801995 3.489445 -0.116322 -0.107483 0.096914 0.726361 0.671904
1784010306.266252041 11.801723 3.492382 -0.116391 -0.107357 0.096726 0.726385 0.671925
1784010306.271258116 11.801442 3.495416 -0.116446 -0.107366 0.096611 0.726395 0.671930
1784010306.277136087 11.801108 3.498983 -0.116490 -0.107375 0.096625 0.726399 0.671922
1784010306.281544924 11.800863 3.501655 -0.116520 -0.107384 0.096637 0.726400 0.671918
1784010306.287126064 11.800550 3.505030 -0.116558 -0.107411 0.096441 0.726410 0.671930
1784010306.291335106 11.800324 3.507574 -0.116595 -0.107433 0.096295 0.726417 0.671940
1784010306.297105074 11.800011 3.511062 -0.116649 -0.107401 0.096268 0.726429 0.671936
1784010306.301206112 11.799798 3.513550 -0.116692 -0.107382 0.096251 0.726436 0.671935
1784010306.307117939 11.799484 3.517132 -0.116760 -0.107492 0.096154 0.726432 0.671935
1784010306.311434984 11.799262 3.519747 -0.116822 -0.107577 0.096085 0.726428 0.671936
1784010306.317109108 11.798974 3.523179 -0.116910 -0.107527 0.096048 0.726447 0.671928
1784010306.321291924 11.798778 3.525713 -0.116979 -0.107493 0.096022 0.726460 0.671923
1784010306.326987028 11.798515 3.529166 -0.117075 -0.107494 0.096067 0.726463 0.671914
1784010306.326987028 11.798515 3.529166 -0.117075 -0.107494 0.096067 0.726463 0.671914
1784010306.327142000 11.798505 3.529258 -0.117076 -0.107495 0.096068 0.726462 0.671914
1784010306.331517935 11.798258 3.531873 -0.117128 -0.107513 0.096091 0.726454 0.671917
1784010306.337158918 11.797936 3.535246 -0.117201 -0.107520 0.096006 0.726454 0.671928
1784010306.341391087 11.797700 3.537787 -0.117268 -0.107526 0.095946 0.726454 0.671935
1784010306.347104073 11.797380 3.541214 -0.117371 -0.107514 0.095912 0.726447 0.671950
1784010306.351548910 11.797144 3.543885 -0.117467 -0.107505 0.095889 0.726441 0.671961
1784010306.357177019 11.796846 3.547272 -0.117593 -0.107586 0.095952 0.726412 0.671970
1784010306.361191988 11.796640 3.549704 -0.117686 -0.107644 0.096002 0.726392 0.671975
1784010306.366271019 11.796377 3.552783 -0.117801 -0.107740 0.096056 0.726369 0.671978
1784010306.371260881 11.796121 3.555809 -0.117912 -0.107757 0.096045 0.726365 0.671980
1784010306.376940966 11.795829 3.559248 -0.118029 -0.107774 0.096095 0.726364 0.671972
1784010306.381405115 11.795606 3.561957 -0.118115 -0.107786 0.096139 0.726363 0.671965
1784010306.386974096 11.795324 3.565335 -0.118208 -0.107709 0.096122 0.726399 0.671941
1784010306.391207933 11.795115 3.567911 -0.118266 -0.107650 0.096113 0.726426 0.671921
1784010306.397115946 11.794817 3.571495 -0.118340 -0.107574 0.096100 0.726468 0.671891
1784010306.401215076 11.794617 3.573975 -0.118399 -0.107521 0.096097 0.726497 0.671868
1784010306.407075882 11.794324 3.577517 -0.118486 -0.107362 0.096043 0.726540 0.671854
1784010306.411279917 11.794121 3.580074 -0.118553 -0.107248 0.096010 0.726572 0.671843
1784010306.417067051 11.793838 3.583595 -0.118648 -0.107307 0.095957 0.726578 0.671835
1784010306.421375036 11.793636 3.586222 -0.118727 -0.107351 0.095922 0.726583 0.671827
1784010306.427014112 11.793368 3.589655 -0.118839 -0.107257 0.095680 0.726592 0.671867
1784010306.427014112 11.793368 3.589655 -0.118839 -0.107257 0.095680 0.726592 0.671867
1784010306.427077055 11.793364 3.589692 -0.118840 -0.107256 0.095677 0.726593 0.671867
1784010306.431257963 11.793123 3.592185 -0.118915 -0.107168 0.095528 0.726604 0.671890
1784010306.437060118 11.792782 3.595650 -0.119016 -0.107157 0.095477 0.726585 0.671919
1784010306.441536903 11.792523 3.598350 -0.119084 -0.107151 0.095437 0.726571 0.671942
1784010306.446782112 11.792216 3.601522 -0.119152 -0.107209 0.095474 0.726552 0.671947
1784010306.451483965 11.791945 3.604359 -0.119205 -0.107208 0.095473 0.726551 0.671948
1784010306.456969023 11.791627 3.607644 -0.119269 -0.107095 0.095320 0.726576 0.671961
1784010306.461204052 11.791388 3.610184 -0.119324 -0.107010 0.095207 0.726597 0.671968
1784010306.466896057 11.791067 3.613610 -0.119379 -0.107043 0.095277 0.726609 0.671940
1784010306.471446037 11.790818 3.616365 -0.119413 -0.107129 0.095407 0.726619 0.671897
1784010306.476876020 11.790520 3.619642 -0.119452 -0.107177 0.095406 0.726640 0.671867
1784010306.481283903 11.790286 3.622291 -0.119488 -0.107122 0.095284 0.726670 0.671861
1784010306.486886978 11.789998 3.625650 -0.119535 -0.107012 0.095160 0.726707 0.671856
1784010306.491314888 11.789786 3.628322 -0.119568 -0.106917 0.095190 0.726720 0.671852
1784010306.497211933 11.789499 3.631891 -0.119601 -0.106905 0.095248 0.726715 0.671851
1784010306.501276970 11.789307 3.634361 -0.119626 -0.106928 0.095217 0.726705 0.671863
1784010306.507096052 11.789034 3.637873 -0.119667 -0.106831 0.095155 0.726704 0.671889
1784010306.511348963 11.788850 3.640439 -0.119705 -0.106698 0.095114 0.726705 0.671914
1784010306.517137051 11.788600 3.643938 -0.119754 -0.106558 0.095207 0.726699 0.671930
1784010306.521287918 11.788428 3.646462 -0.119784 -0.106529 0.095381 0.726687 0.671923
1784010306.526746035 11.788194 3.649771 -0.119824 -0.106528 0.095531 0.726672 0.671918
1784010306.526746035 11.788194 3.649771 -0.119824 -0.106528 0.095531 0.726672 0.671918
1784010306.527120113 11.788174 3.649995 -0.119826 -0.106529 0.095541 0.726671 0.671917
1784010306.531167984 11.787949 3.652411 -0.119853 -0.106511 0.095540 0.726678 0.671912
1784010306.537086964 11.787619 3.655935 -0.119896 -0.106469 0.095532 0.726688 0.671910
1784010306.541698933 11.787376 3.658683 -0.119932 -0.106449 0.095606 0.726686 0.671905
1784010306.547075033 11.787089 3.661881 -0.119970 -0.106404 0.095674 0.726686 0.671902
1784010306.551352978 11.786859 3.664431 -0.120000 -0.106376 0.095614 0.726685 0.671916
1784010306.557120085 11.786532 3.667877 -0.120036 -0.106402 0.095462 0.726688 0.671930
1784010306.561467886 11.786289 3.670482 -0.120064 -0.106517 0.095349 0.726666 0.671952
1784010306.567095041 11.785975 3.673833 -0.120105 -0.106521 0.095216 0.726650 0.671987
1784010306.571691036 11.785726 3.676565 -0.120142 -0.106438 0.095040 0.726650 0.672026
1784010306.576884985 11.785435 3.679663 -0.120185 -0.106463 0.094826 0.726639 0.672063
1784010306.581280947 11.785188 3.682297 -0.120226 -0.106529 0.094760 0.726633 0.672069
1784010306.586962938 11.784858 3.685703 -0.120293 -0.106655 0.094723 0.726632 0.672055
1784010306.591213942 11.784618 3.688253 -0.120358 -0.106756 0.094672 0.726637 0.672040
1784010306.597094059 11.784291 3.691770 -0.120461 -0.106746 0.094621 0.726678 0.672006
1784010306.601445913 11.784065 3.694374 -0.120543 -0.106689 0.094597 0.726713 0.671980
1784010306.607108116 11.783776 3.697764 -0.120644 -0.106560 0.094642 0.726778 0.671923
1784010306.611377001 11.783567 3.700329 -0.120714 -0.106513 0.094659 0.726827 0.671875
1784010306.617023945 11.783288 3.703720 -0.120800 -0.106486 0.094591 0.726901 0.671809
1784010306.621318102 11.783092 3.706295 -0.120856 -0.106365 0.094544 0.726976 0.671754
1784010306.627081156 11.782840 3.709744 -0.120913 -0.106153 0.094557 0.727076 0.671678
1784010306.627081156 11.782840 3.709744 -0.120913 -0.106153 0.094557 0.727076 0.671678
1784010306.627135992 11.782837 3.709776 -0.120913 -0.106150 0.094556 0.727077 0.671678
1784010306.631335974 11.782611 3.712263 -0.120930 -0.106051 0.094617 0.727117 0.671641
1784010306.637131929 11.782295 3.715697 -0.120946 -0.105957 0.094611 0.727159 0.671612
1784010306.641655922 11.782056 3.718388 -0.120958 -0.105931 0.094562 0.727182 0.671597
1784010306.647099018 11.781773 3.721630 -0.120969 -0.105946 0.094629 0.727198 0.671568
1784010306.651281118 11.781567 3.724123 -0.120985 -0.105946 0.094752 0.727215 0.671532
1784010306.656812906 11.781290 3.727411 -0.121030 -0.105873 0.094765 0.727240 0.671515
1784010306.661533117 11.781058 3.730219 -0.121091 -0.105775 0.094716 0.727263 0.671512
1784010306.667056084 11.780781 3.733519 -0.121183 -0.105778 0.094697 0.727264 0.671514
1784010306.671566963 11.780559 3.736227 -0.121276 -0.105840 0.094729 0.727256 0.671508
1784010306.676858902 11.780293 3.739395 -0.121405 -0.105841 0.094653 0.727253 0.671522
1784010306.681314945 11.780072 3.742056 -0.121533 -0.105781 0.094515 0.727258 0.671545
1784010306.687266111 11.779764 3.745608 -0.121707 -0.105729 0.094376 0.727256 0.671575
1784010306.691320896 11.779558 3.748046 -0.121824 -0.105754 0.094342 0.727250 0.671583
1784010306.697114944 11.779248 3.751546 -0.121974 -0.105834 0.094283 0.727233 0.671597
1784010306.701086998 11.779041 3.753956 -0.122068 -0.105910 0.094272 0.727224 0.671596
1784010306.707104921 11.778712 3.757585 -0.122200 -0.105946 0.094199 0.727233 0.671591
1784010306.711237907 11.778495 3.760076 -0.122290 -0.105922 0.094108 0.727251 0.671587
1784010306.717093945 11.778177 3.763619 -0.122395 -0.105902 0.094044 0.727272 0.671577
1784010306.721354008 11.777952 3.766213 -0.122455 -0.105989 0.094031 0.727282 0.671555
1784010306.726953030 11.777654 3.769616 -0.122520 -0.106034 0.093980 0.727308 0.671527
1784010306.726953030 11.777654 3.769616 -0.122520 -0.106034 0.093980 0.727308 0.671527
1784010306.727113008 11.777643 3.769711 -0.122521 -0.106036 0.093979 0.727309 0.671525
1784010306.731229067 11.777380 3.772157 -0.122556 -0.105978 0.093858 0.727348 0.671509
1784010306.737104893 11.777008 3.775636 -0.122607 -0.105888 0.093712 0.727411 0.671475
1784010306.741669893 11.776734 3.778346 -0.122644 -0.105834 0.093748 0.727460 0.671426
1784010306.747082949 11.776407 3.781558 -0.122680 -0.105819 0.093772 0.727513 0.671368
1784010306.751398087 11.776150 3.784131 -0.122710 -0.105827 0.093696 0.727546 0.671340
1784010306.757158995 11.775810 3.787569 -0.122746 -0.105845 0.093625 0.727588 0.671302
1784010306.761360884 11.775578 3.790078 -0.122776 -0.105800 0.093655 0.727624 0.671266
1784010306.767097950 11.775262 3.793483 -0.122836 -0.105620 0.093611 0.727680 0.671241
1784010306.771071911 11.775048 3.795847 -0.122887 -0.105523 0.093550 0.727711 0.671231
1784010306.777164936 11.774704 3.799490 -0.122962 -0.105593 0.093486 0.727737 0.671200
1784010306.781605005 11.774461 3.802163 -0.123016 -0.105677 0.093528 0.727744 0.671173
1784010306.786837101 11.774177 3.805295 -0.123084 -0.105603 0.093523 0.727769 0.671159
1784010306.791373014 11.773935 3.807998 -0.123155 -0.105524 0.093378 0.727793 0.671165
1784010306.797094107 11.773624 3.811400 -0.123245 -0.105440 0.093191 0.727827 0.671167
1784010306.801646948 11.773381 3.814119 -0.123311 -0.105369 0.093161 0.727860 0.671147
1784010306.807069063 11.773083 3.817369 -0.123385 -0.105390 0.093155 0.727883 0.671120
1784010306.811278105 11.772850 3.819901 -0.123441 -0.105460 0.093141 0.727892 0.671101
1784010306.817087889 11.772521 3.823376 -0.123524 -0.105489 0.092990 0.727928 0.671078
1784010306.821394920 11.772285 3.825951 -0.123591 -0.105429 0.092824 0.727964 0.671071
1784010306.826836109 11.771981 3.829211 -0.123666 -0.105444 0.092730 0.727999 0.671044
1784010306.826836109 11.771981 3.829211 -0.123666 -0.105444 0.092730 0.727999 0.671044
1784010306.827115059 11.771962 3.829376 -0.123669 -0.105444 0.092728 0.728001 0.671042
1784010306.831192970 11.771686 3.831785 -0.123704 -0.105536 0.092782 0.728031 0.670988
1784010306.837102890 11.771275 3.835259 -0.123746 -0.105559 0.092744 0.728104 0.670910
1784010306.841531038 11.770968 3.837856 -0.123777 -0.105502 0.092569 0.728166 0.670875
1784010306.847171068 11.770580 3.841162 -0.123806 -0.105467 0.092459 0.728250 0.670805
1784010306.851507902 11.770292 3.843712 -0.123823 -0.105473 0.092522 0.728304 0.670737
1784010306.856955051 11.769927 3.846907 -0.123847 -0.105441 0.092520 0.728380 0.670660
1784010306.861344099 11.769633 3.849484 -0.123874 -0.105428 0.092389 0.728441 0.670614
1784010306.866890907 11.769258 3.852746 -0.123913 -0.105535 0.092290 0.728501 0.670545
1784010306.871212006 11.768977 3.855294 -0.123950 -0.105596 0.092331 0.728551 0.670476
1784010306.877106905 11.768595 3.858764 -0.124012 -0.105566 0.092419 0.728641 0.670371
1784010306.881263971 11.768333 3.861220 -0.124065 -0.105572 0.092464 0.728694 0.670306
1784010306.887116909 11.767960 3.864681 -0.124138 -0.105634 0.092561 0.728773 0.670197
1784010306.891422033 11.767692 3.867232 -0.124197 -0.105670 0.092598 0.728833 0.670121
1784010306.897243023 11.767331 3.870668 -0.124285 -0.105612 0.092589 0.728933 0.670023
1784010306.901097059 11.767103 3.872945 -0.124350 -0.105585 0.092560 0.728993 0.669966
1784010306.907071114 11.766745 3.876470 -0.124457 -0.105557 0.092549 0.729085 0.669871
1784010306.911375999 11.766496 3.879019 -0.124538 -0.105527 0.092557 0.729144 0.669810
1784010306.917109013 11.766158 3.882416 -0.124643 -0.105534 0.092550 0.729226 0.669721
1784010306.921439886 11.765908 3.884990 -0.124721 -0.105560 0.092524 0.729284 0.669657
1784010306.927067995 11.765583 3.888326 -0.124823 -0.105491 0.092518 0.729386 0.669558
1784010306.927067995 11.765583 3.888326 -0.124823 -0.105491 0.092518 0.729386 0.669558
1784010306.927087069 11.765581 3.888337 -0.124823 -0.105491 0.092516 0.729386 0.669558
1784010306.931344986 11.765291 3.890830 -0.124890 -0.105451 0.092485 0.729449 0.669501
1784010306.937068939 11.764891 3.894185 -0.124974 -0.105502 0.092532 0.729521 0.669407
1784010306.941534996 11.764584 3.896815 -0.125034 -0.105567 0.092616 0.729580 0.669321
1784010306.946928024 11.764212 3.899993 -0.125099 -0.105512 0.092683 0.729681 0.669211
1784010306.951252937 11.763919 3.902540 -0.125151 -0.105457 0.092704 0.729764 0.669126
1784010306.957128048 11.763517 3.905990 -0.125229 -0.105407 0.092707 0.729871 0.669016
1784010306.961222887 11.763246 3.908398 -0.125293 -0.105366 0.092704 0.729946 0.668942
1784010306.967215061 11.762835 3.911932 -0.125399 -0.105371 0.092612 0.730039 0.668852
1784010306.971123934 11.762574 3.914253 -0.125472 -0.105406 0.092581 0.730095 0.668790
1784010306.976788044 11.762189 3.917618 -0.125581 -0.105457 0.092530 0.730172 0.668705
1784010306.981295109 11.761887 3.920295 -0.125675 -0.105485 0.092409 0.730229 0.668654
1784010306.987037897 11.761496 3.923694 -0.125804 -0.105444 0.092180 0.730315 0.668599
1784010306.991672993 11.761183 3.926447 -0.125909 -0.105465 0.092030 0.730374 0.668552
1784010306.996889114 11.760826 3.929558 -0.126015 -0.105636 0.091957 0.730417 0.668488
1784010307.001190901 11.760536 3.932128 -0.126090 -0.105740 0.091952 0.730458 0.668427
1784010307.007142067 11.760125 3.935669 -0.126181 -0.105792 0.091793 0.730542 0.668349
1784010307.011440039 11.759835 3.938228 -0.126242 -0.105787 0.091625 0.730614 0.668294
1784010307.017139912 11.759447 3.941637 -0.126315 -0.105840 0.091569 0.730712 0.668186
1784010307.021449089 11.759162 3.944227 -0.126366 -0.105971 0.091633 0.730773 0.668090
1784010307.027080059 11.758785 3.947601 -0.126440 -0.106087 0.091583 0.730870 0.667972
1784010307.027080059 11.758785 3.947601 -0.126440 -0.106087 0.091583 0.730870 0.667972
1784010307.027101040 11.758783 3.947613 -0.126440 -0.106087 0.091583 0.730871 0.667972
1784010307.031244040 11.758457 3.950072 -0.126490 -0.106122 0.091458 0.730957 0.667889
1784010307.037142038 11.757995 3.953571 -0.126562 -0.106191 0.091334 0.731070 0.667771
1784010307.041624069 11.757660 3.956236 -0.126623 -0.106267 0.091343 0.731144 0.667677
1784010307.046869993 11.757271 3.959352 -0.126695 -0.106333 0.091362 0.731220 0.667581
1784010307.051127911 11.756958 3.961884 -0.126755 -0.106389 0.091315 0.731281 0.667511
1784010307.057086945 11.756515 3.965434 -0.126830 -0.106491 0.091210 0.731361 0.667421
1784010307.061263084 11.756217 3.967931 -0.126876 -0.106553 0.091256 0.731416 0.667345
1784010307.067058086 11.755806 3.971385 -0.126933 -0.106572 0.091405 0.731504 0.667226
1784010307.071393967 11.755506 3.973968 -0.126978 -0.106548 0.091450 0.731578 0.667142
1784010307.077100039 11.755099 3.977373 -0.127038 -0.106578 0.091428 0.731673 0.667035
1784010307.081157923 11.754816 3.979805 -0.127081 -0.106696 0.091500 0.731731 0.666943
1784010307.087035894 11.754400 3.983325 -0.127140 -0.106836 0.091726 0.731823 0.666789
1784010307.091342926 11.754101 3.985902 -0.127193 -0.106895 0.091767 0.731894 0.666696
1784010307.097090006 11.753693 3.989334 -0.127273 -0.106944 0.091666 0.731994 0.666592
1784010307.101277113 11.753404 3.991839 -0.127337 -0.106990 0.091662 0.732066 0.666506
1784010307.107050896 11.752996 3.995297 -0.127422 -0.107133 0.091743 0.732152 0.666377
1784010307.111223936 11.752701 3.997800 -0.127487 -0.107231 0.091737 0.732218 0.666291
1784010307.117141008 11.752261 4.001344 -0.127581 -0.107405 0.091492 0.732311 0.666194
1784010307.121351004 11.751951 4.003864 -0.127650 -0.107508 0.091304 0.732382 0.666124
1784010307.127080917 11.751524 4.007288 -0.127743 -0.107596 0.091165 0.732487 0.666014
1784010307.127084017 11.751523 4.007290 -0.127743 -0.107596 0.091164 0.732487 0.666014
1784010307.127084017 11.751523 4.007290 -0.127743 -0.107596 0.091164 0.732487 0.666014
1784010307.131326914 11.751147 4.009798 -0.127799 -0.107640 0.091106 0.732585 0.665908
1784010307.137126923 11.750612 4.013233 -0.127879 -0.107716 0.090980 0.732738 0.665744
1784010307.141421080 11.750214 4.015789 -0.127945 -0.107827 0.090914 0.732852 0.665610
1784010307.147121906 11.749680 4.019182 -0.128039 -0.108003 0.090961 0.733017 0.665393
1784010307.151313066 11.749298 4.021676 -0.128118 -0.108073 0.091032 0.733155 0.665220
1784010307.157134056 11.748761 4.025127 -0.128240 -0.108065 0.090999 0.733371 0.664988
1784010307.161355019 11.748379 4.027631 -0.128334 -0.108043 0.090947 0.733536 0.664816
1784010307.167073965 11.747850 4.031027 -0.128445 -0.108060 0.090910 0.733770 0.664560
1784010307.171787977 11.747418 4.033842 -0.128522 -0.108141 0.090930 0.733956 0.664339
1784010307.176532984 11.746989 4.036681 -0.128582 -0.108184 0.091032 0.734152 0.664101
1784010307.181407928 11.746556 4.039585 -0.128631 -0.108138 0.091116 0.734373 0.663853
1784010307.187211990 11.746042 4.043023 -0.128676 -0.107990 0.091207 0.734657 0.663551
1784010307.191252947 11.745690 4.045419 -0.128702 -0.107980 0.091237 0.734831 0.663354
1784010307.197019100 11.745179 4.048851 -0.128722 -0.108098 0.091370 0.735072 0.663050
1784010307.201289892 11.744811 4.051405 -0.128731 -0.108133 0.091559 0.735256 0.662814
1784010307.207046032 11.744309 4.054835 -0.128755 -0.108135 0.091757 0.735512 0.662503
1784010307.211429119 11.743929 4.057437 -0.128796 -0.108124 0.091790 0.735705 0.662285
1784010307.217225075 11.743411 4.060864 -0.128876 -0.108089 0.091763 0.735983 0.661986
1784010307.221105099 11.743066 4.063163 -0.128945 -0.108094 0.091704 0.736156 0.661800
1784010307.226993084 11.742536 4.066665 -0.129055 -0.108088 0.091742 0.736427 0.661495
1784010307.226993084 11.742536 4.066665 -0.129055 -0.108088 0.091742 0.736427 0.661495
1784010307.227014065 11.742533 4.066677 -0.129055 -0.108088 0.091741 0.736428 0.661494
1784010307.231322050 11.742090 4.069226 -0.129131 -0.108107 0.091797 0.736605 0.661286
1784010307.237071037 11.741478 4.072608 -0.129251 -0.108109 0.091702 0.736864 0.661010
1784010307.241384029 11.741015 4.075134 -0.129355 -0.108008 0.091559 0.737082 0.660803
1784010307.247080088 11.740381 4.078478 -0.129493 -0.107927 0.091406 0.737379 0.660506
1784010307.251275063 11.739910 4.080958 -0.129590 -0.108044 0.091427 0.737570 0.660271
1784010307.256978989 11.739252 4.084329 -0.129708 -0.108153 0.091562 0.737853 0.659918
1784010307.261209965 11.738759 4.086821 -0.129796 -0.108179 0.091530 0.738077 0.659668
1784010307.266933918 11.738067 4.090184 -0.129913 -0.108257 0.091283 0.738393 0.659336
1784010307.271512032 11.737514 4.092880 -0.130001 -0.108335 0.091151 0.738640 0.659064
1784010307.276770115 11.736876 4.095985 -0.130087 -0.108448 0.091072 0.738915 0.658748
1784010307.281272888 11.736333 4.098652 -0.130152 -0.108550 0.090993 0.739149 0.658480
1784010307.287102938 11.735623 4.102097 -0.130228 -0.108608 0.090885 0.739471 0.658123
1784010307.291486025 11.735096 4.104681 -0.130289 -0.108612 0.090762 0.739724 0.657855
1784010307.296768904 11.734461 4.107794 -0.130364 -0.108604 0.090648 0.740032 0.657526
1784010307.301366091 11.733917 4.110516 -0.130422 -0.108655 0.090702 0.740287 0.657223
1784010307.307142019 11.733232 4.113943 -0.130486 -0.108765 0.090799 0.740604 0.656834
1784010307.311270952 11.732751 4.116394 -0.130535 -0.108766 0.090749 0.740834 0.656582
1784010307.317188025 11.732059 4.119896 -0.130609 -0.108664 0.090548 0.741180 0.656236
1784010307.321242094 11.731595 4.122299 -0.130668 -0.108653 0.090464 0.741405 0.655995
1784010307.326732159 11.730964 4.125556 -0.130755 -0.108668 0.090436 0.741702 0.655660
1784010307.326732159 11.730964 4.125556 -0.130755 -0.108668 0.090436 0.741702 0.655660
1784010307.327056885 11.730923 4.125748 -0.130760 -0.108671 0.090436 0.741720 0.655640
1784010307.331429005 11.730364 4.128327 -0.130822 -0.108705 0.090421 0.741951 0.655375
1784010307.337116003 11.729628 4.131687 -0.130902 -0.108809 0.090424 0.742248 0.655021
1784010307.341521025 11.729061 4.134294 -0.130962 -0.108892 0.090464 0.742481 0.654737
1784010307.347193956 11.728323 4.137639 -0.131037 -0.108929 0.090410 0.742795 0.654382
1784010307.351368904 11.727784 4.140093 -0.131094 -0.108918 0.090282 0.743030 0.654134
1784010307.357059002 11.727036 4.143437 -0.131157 -0.108984 0.090110 0.743347 0.653788
1784010307.361248016 11.726485 4.145907 -0.131195 -0.109085 0.090029 0.743573 0.653524
1784010307.367006063 11.725717 4.149302 -0.131230 -0.109202 0.089917 0.743889 0.653161
1784010307.371124983 11.725173 4.151731 -0.131249 -0.109210 0.089839 0.744124 0.652903
1784010307.376631975 11.724435 4.154972 -0.131272 -0.109242 0.089669 0.744445 0.652554
1784010307.381544113 11.723775 4.157867 -0.131296 -0.109309 0.089496 0.744728 0.652244
1784010307.387221098 11.723011 4.161218 -0.131324 -0.109398 0.089347 0.745048 0.651884
1784010307.391292095 11.722472 4.163629 -0.131348 -0.109470 0.089275 0.745273 0.651625
1784010307.397042990 11.721703 4.167030 -0.131385 -0.109528 0.089124 0.745600 0.651261
1784010307.401338100 11.721132 4.169567 -0.131424 -0.109538 0.088932 0.745846 0.651004
1784010307.407052994 11.720369 4.172937 -0.131485 -0.109584 0.088681 0.746175 0.650654
1784010307.411266088 11.719816 4.175426 -0.131536 -0.109642 0.088629 0.746412 0.650379
1784010307.417077065 11.719047 4.178870 -0.131608 -0.109792 0.088676 0.746736 0.649975
1784010307.421341896 11.718488 4.181404 -0.131663 -0.109896 0.088722 0.746974 0.649678
1784010307.427073002 11.717730 4.184801 -0.131733 -0.109988 0.088759 0.747312 0.649268
1784010307.427075148 11.717728 4.184802 -0.131733 -0.109989 0.088758 0.747313 0.649267
1784010307.427075148 11.717728 4.184802 -0.131733 -0.109989 0.088758 0.747313 0.649267
1784010307.431233883 11.717132 4.187234 -0.131785 -0.110035 0.088682 0.747561 0.648984
1784010307.437093973 11.716288 4.190648 -0.131863 -0.110085 0.088538 0.747923 0.648578
1784010307.441689014 11.715632 4.193332 -0.131923 -0.110133 0.088456 0.748193 0.648270
1784010307.447103024 11.714855 4.196510 -0.131991 -0.110281 0.088386 0.748493 0.647908
1784010307.451255083 11.714265 4.198957 -0.132042 -0.110369 0.088406 0.748735 0.647611
1784010307.457047939 11.713434 4.202350 -0.132125 -0.110416 0.088300 0.749092 0.647204
1784010307.461395979 11.712816 4.204887 -0.132204 -0.110402 0.088093 0.749360 0.646924
1784010307.466907978 11.712034 4.208112 -0.132311 -0.110343 0.087940 0.749699 0.646562
1784010307.471230984 11.711423 4.210665 -0.132395 -0.110456 0.087978 0.749934 0.646265
1784010307.477039099 11.710590 4.214109 -0.132513 -0.110688 0.088075 0.750259 0.645834
1784010307.481260061 11.709987 4.216607 -0.132602 -0.110767 0.088052 0.750503 0.645541
1784010307.487093925 11.709151 4.220031 -0.132730 -0.110650 0.087829 0.750886 0.645145
1784010307.491228104 11.708566 4.222464 -0.132816 -0.110531 0.087721 0.751164 0.644857
1784010307.496973991 11.707742 4.225872 -0.132919 -0.110582 0.087789 0.751526 0.644417
1784010307.501265049 11.707127 4.228433 -0.132986 -0.110714 0.087941 0.751787 0.644069
1784010307.507158041 11.706270 4.231923 -0.133084 -0.110764 0.087891 0.752180 0.643609
1784010307.511312008 11.705667 4.234365 -0.133161 -0.110805 0.087868 0.752451 0.643287
1784010307.517123938 11.704818 4.237771 -0.133264 -0.110613 0.087632 0.752886 0.642843
1784010307.521367073 11.704205 4.240271 -0.133324 -0.110621 0.087595 0.753171 0.642514
1784010307.526725054 11.703424 4.243430 -0.133390 -0.110726 0.087506 0.753517 0.642102
1784010307.526725054 11.703424 4.243430 -0.133390 -0.110726 0.087506 0.753517 0.642102
1784010307.527107000 11.703365 4.243652 -0.133396 -0.110734 0.087504 0.753540 0.642074
1784010307.531333923 11.702705 4.246112 -0.133455 -0.110829 0.087478 0.753801 0.641754
1784010307.537079096 11.701802 4.249450 -0.133530 -0.110855 0.087195 0.754175 0.641348
1784010307.541768074 11.701074 4.252175 -0.133582 -0.110801 0.087077 0.754484 0.641011
1784010307.546811104 11.700289 4.255102 -0.133637 -0.110709 0.086943 0.754819 0.640650
1784010307.551338911 11.699579 4.257733 -0.133691 -0.110627 0.086824 0.755119 0.640327
1784010307.557070971 11.698667 4.261065 -0.133771 -0.110677 0.086537 0.755488 0.639922
1784010307.561284065 11.697996 4.263524 -0.133838 -0.110716 0.086328 0.755756 0.639627
1784010307.567100048 11.697065 4.266916 -0.133945 -0.110695 0.086150 0.756134 0.639208
1784010307.571485043 11.696372 4.269473 -0.134035 -0.110681 0.086018 0.756416 0.638894
1784010307.577081919 11.695483 4.272731 -0.134159 -0.110703 0.085852 0.756779 0.638483
1784010307.581357956 11.694806 4.275220 -0.134255 -0.110722 0.085727 0.757054 0.638170
1784010307.586925030 11.693918 4.278465 -0.134374 -0.110888 0.085641 0.757399 0.637743
1784010307.591245890 11.693232 4.281001 -0.134455 -0.111019 0.085577 0.757665 0.637413
1784010307.596899033 11.692335 4.284312 -0.134551 -0.111139 0.085477 0.758008 0.636997
1784010307.601134062 11.691675 4.286779 -0.134617 -0.111232 0.085405 0.758263 0.636687
1784010307.607089996 11.690740 4.290246 -0.134703 -0.111181 0.085221 0.758641 0.636271
1784010307.611432076 11.690057 4.292792 -0.134761 -0.111147 0.085089 0.758914 0.635968
1784010307.617117882 11.689158 4.296129 -0.134840 -0.111342 0.085063 0.759234 0.635556
1784010307.621296883 11.688504 4.298584 -0.134905 -0.111488 0.085046 0.759467 0.635254
1784010307.626903057 11.687625 4.301867 -0.135002 -0.111522 0.084948 0.759802 0.634860
1784010307.626929998 11.687620 4.301882 -0.135002 -0.111522 0.084947 0.759804 0.634858
1784010307.626929998 11.687620 4.301882 -0.135002 -0.111522 0.084947 0.759804 0.634858
1784010307.631195068 11.686915 4.304350 -0.135077 -0.111584 0.084917 0.760067 0.634536
1784010307.637063026 11.685936 4.307743 -0.135176 -0.111669 0.084794 0.760449 0.634080
1784010307.641453981 11.685201 4.310290 -0.135245 -0.111727 0.084695 0.760731 0.633745
1784010307.647039890 11.684253 4.313531 -0.135318 -0.111923 0.084647 0.761095 0.633279
1784010307.651485920 11.683494 4.316109 -0.135363 -0.112075 0.084604 0.761381 0.632914
1784010307.657075882 11.682532 4.319341 -0.135405 -0.111985 0.084370 0.761798 0.632460
1784010307.661438942 11.681788 4.321856 -0.135430 -0.111911 0.084182 0.762119 0.632111
1784010307.666670084 11.680892 4.324866 -0.135455 -0.111868 0.083971 0.762504 0.631682
1784010307.671325922 11.680089 4.327551 -0.135481 -0.111919 0.083828 0.762838 0.631289
1784010307.677107096 11.679086 4.330885 -0.135526 -0.112112 0.083692 0.763252 0.630772
1784010307.681085110 11.678406 4.333178 -0.135571 -0.112240 0.083590 0.763532 0.630424
1784010307.687012911 11.677387 4.336590 -0.135660 -0.112279 0.083532 0.763985 0.629875
1784010307.691354036 11.676644 4.339092 -0.135748 -0.112303 0.083482 0.764312 0.629480
1784010307.696842909 11.675698 4.342254 -0.135881 -0.112353 0.083380 0.764730 0.628978
1784010307.701139927 11.674960 4.344736 -0.136001 -0.112414 0.083296 0.765051 0.628588
1784010307.707031965 11.673940 4.348150 -0.136179 -0.112623 0.083230 0.765471 0.628048
1784010307.711148024 11.673231 4.350544 -0.136313 -0.112764 0.083177 0.765759 0.627678
1784010307.717093945 11.672207 4.353998 -0.136513 -0.112907 0.083101 0.766190 0.627136
1784010307.721391916 11.671476 4.356492 -0.136668 -0.112972 0.083021 0.766501 0.626755
1784010307.726986170 11.670513 4.359741 -0.136874 -0.113133 0.082923 0.766899 0.626251
1784010307.726986170 11.670513 4.359741 -0.136874 -0.113133 0.082923 0.766899 0.626251
1784010307.727112055 11.670490 4.359814 -0.136878 -0.113135 0.082917 0.766909 0.626239
1784010307.731362104 11.669722 4.362274 -0.137021 -0.113339 0.082788 0.767222 0.625836
1784010307.737076044 11.668685 4.365598 -0.137197 -0.113623 0.082745 0.767655 0.625259
1784010307.741309881 11.667924 4.368068 -0.137313 -0.113751 0.082838 0.767980 0.624824
1784010307.747078896 11.666884 4.371405 -0.137457 -0.113777 0.082857 0.768474 0.624209
1784010307.751409054 11.666102 4.373899 -0.137565 -0.113733 0.082743 0.768856 0.623762
1784010307.757106066 11.665064 4.377189 -0.137687 -0.113721 0.082658 0.769362 0.623151
1784010307.761454105 11.664272 4.379722 -0.137764 -0.113857 0.082765 0.769727 0.622661
1784010307.766998053 11.663266 4.382947 -0.137845 -0.114007 0.082954 0.770199 0.622024
1784010307.771260023 11.662502 4.385410 -0.137910 -0.113923 0.082958 0.770583 0.621563
1784010307.777044058 11.661459 4.388736 -0.138011 -0.113734 0.082710 0.771139 0.620942
1784010307.781320095 11.660688 4.391212 -0.138092 -0.113713 0.082605 0.771516 0.620491
1784010307.787034988 11.659656 4.394548 -0.138197 -0.113891 0.082749 0.771990 0.619849
1784010307.791143894 11.658919 4.396951 -0.138281 -0.114029 0.082899 0.772314 0.619400
1784010307.797038078 11.657854 4.400363 -0.138425 -0.114000 0.082799 0.772816 0.618793
1784010307.801409960 11.657062 4.402883 -0.138550 -0.113868 0.082560 0.773206 0.618360
1784010307.807084084 11.656023 4.406160 -0.138705 -0.113744 0.082317 0.773718 0.617775
1784010307.811419964 11.655227 4.408680 -0.138814 -0.113733 0.082271 0.774092 0.617315
1784010307.817058086 11.654173 4.411956 -0.138954 -0.113753 0.082123 0.774583 0.616714
1784010307.821396112 11.653350 4.414470 -0.139068 -0.113803 0.081875 0.774953 0.616274
1784010307.826879025 11.652300 4.417633 -0.139217 -0.113786 0.081509 0.775455 0.615694
1784010307.826879025 11.652300 4.417633 -0.139217 -0.113786 0.081509 0.775455 0.615694
1784010307.827073097 11.652261 4.417742 -0.139222 -0.113786 0.081495 0.775471 0.615675
1784010307.831268072 11.651420 4.420107 -0.139325 -0.113753 0.081337 0.775833 0.615247
1784010307.837070942 11.650236 4.423382 -0.139455 -0.113883 0.081268 0.776315 0.614623
1784010307.841492891 11.649325 4.425886 -0.139551 -0.114085 0.081178 0.776674 0.614143
1784010307.846862078 11.648210 4.428916 -0.139670 -0.114265 0.080991 0.777128 0.613560
1784010307.851281881 11.647296 4.431413 -0.139767 -0.114354 0.080880 0.777502 0.613085
1784010307.857034922 11.646106 4.434656 -0.139889 -0.114497 0.080814 0.777998 0.612437
1784010307.861332893 11.645226 4.437079 -0.139979 -0.114503 0.080736 0.778382 0.611958
1784010307.867050886 11.644049 4.440288 -0.140099 -0.114371 0.080426 0.778913 0.611348
1784010307.871244907 11.643189 4.442653 -0.140187 -0.114311 0.080202 0.779297 0.610899
1784010307.876909971 11.642029 4.445852 -0.140295 -0.114310 0.080107 0.779801 0.610268
1784010307.881165981 11.641171 4.448261 -0.140374 -0.114257 0.080081 0.780175 0.609803
1784010307.887039900 11.639980 4.451561 -0.140483 -0.114100 0.079807 0.780701 0.609194
1784010307.891577959 11.639062 4.454115 -0.140566 -0.114037 0.079500 0.781090 0.608748
1784010307.896981955 11.637965 4.457166 -0.140654 -0.114013 0.079233 0.781539 0.608211
1784010307.901206017 11.637112 4.459565 -0.140718 -0.114072 0.079139 0.781864 0.607793
1784010307.907030106 11.635924 4.462855 -0.140802 -0.114215 0.078984 0.782306 0.607218
1784010307.911304951 11.635055 4.465262 -0.140867 -0.114272 0.078786 0.782636 0.606807
1784010307.917067051 11.633873 4.468493 -0.140946 -0.114266 0.078421 0.783096 0.606263
1784010307.921328068 11.633001 4.470895 -0.140997 -0.114263 0.078257 0.783430 0.605852
1784010307.927011013 11.631827 4.474098 -0.141054 -0.114353 0.078138 0.783871 0.605281
1784010307.927080154 11.631812 4.474136 -0.141054 -0.114354 0.078133 0.783876 0.605274
1784010307.927080154 11.631812 4.474136 -0.141054 -0.114354 0.078133 0.783876 0.605274
1784010307.931346893 11.630836 4.476487 -0.141061 -0.114393 0.078048 0.784184 0.604879
1784010307.937033892 11.629517 4.479598 -0.141086 -0.114328 0.077698 0.784610 0.604384
1784010307.941404104 11.628510 4.481992 -0.141122 -0.114316 0.077460 0.784935 0.603994
1784010307.947053909 11.627200 4.485096 -0.141168 -0.114405 0.077402 0.785336 0.603464
1784010307.951308012 11.626224 4.487441 -0.141213 -0.114437 0.077389 0.785647 0.603053
1784010307.957016945 11.624898 4.490578 -0.141277 -0.114405 0.077241 0.786076 0.602519
1784010307.961241007 11.623925 4.492904 -0.141335 -0.114427 0.077138 0.786395 0.602112
1784010307.967197895 11.622544 4.496180 -0.141406 -0.114549 0.077155 0.786823 0.601527
1784010307.971262932 11.621622 4.498420 -0.141458 -0.114581 0.077211 0.787123 0.601121
1784010307.977046967 11.620297 4.501600 -0.141517 -0.114535 0.077201 0.787553 0.600568
1784010307.981142998 11.619372 4.503860 -0.141557 -0.114460 0.077144 0.787868 0.600177
1784010307.987036943 11.618024 4.507111 -0.141604 -0.114363 0.077143 0.788316 0.599607
1784010307.991286039 11.617064 4.509457 -0.141651 -0.114376 0.077148 0.788630 0.599190
1784010307.997006893 11.615766 4.512607 -0.141720 -0.114390 0.077227 0.789045 0.598631
1784010308.001393080 11.614784 4.515028 -0.141785 -0.114380 0.077316 0.789373 0.598189
1784010308.007194996 11.613476 4.518239 -0.141868 -0.114363 0.077444 0.789796 0.597617
1784010308.011085987 11.612612 4.520404 -0.141927 -0.114330 0.077584 0.790084 0.597224
1784010308.017049074 11.611265 4.523709 -0.142014 -0.114297 0.077768 0.790519 0.596631
1784010308.021228075 11.610330 4.526023 -0.142091 -0.114315 0.077774 0.790826 0.596219
1784010308.026965141 11.609034 4.529198 -0.142190 -0.114251 0.077831 0.791241 0.595674
1784010308.026965141 11.609034 4.529198 -0.142190 -0.114251 0.077831 0.791241 0.595674
1784010308.026989937 11.609027 4.529211 -0.142190 -0.114251 0.077830 0.791244 0.595670
1784010308.031271935 11.607989 4.531560 -0.142235 -0.114317 0.077893 0.791577 0.595206
1784010308.037045956 11.606580 4.534727 -0.142286 -0.114372 0.078038 0.792044 0.594554
1784010308.041333914 11.605536 4.537076 -0.142328 -0.114320 0.078013 0.792398 0.594097
1784010308.046881914 11.604167 4.540105 -0.142394 -0.114295 0.077770 0.792852 0.593527
1784010308.051213980 11.603100 4.542477 -0.142451 -0.114325 0.077692 0.793193 0.593075
1784010308.057029963 11.601649 4.545666 -0.142524 -0.114516 0.077738 0.793633 0.592443
1784010308.061132908 11.600624 4.547920 -0.142577 -0.114667 0.077719 0.793941 0.592004
1784010308.067022085 11.599133 4.551140 -0.142642 -0.114752 0.077515 0.794417 0.591376
1784010308.071278095 11.598059 4.553466 -0.142681 -0.114764 0.077368 0.794766 0.590924
1784010308.076982021 11.596607 4.556578 -0.142718 -0.114843 0.077275 0.795240 0.590282
1784010308.081353903 11.595497 4.558964 -0.142740 -0.114945 0.077259 0.795594 0.589788
1784010308.087006092 11.594046 4.562044 -0.142755 -0.115051 0.077216 0.796064 0.589138
1784010308.091418982 11.592913 4.564450 -0.142766 -0.115083 0.077107 0.796444 0.588632
1784010308.096827984 11.591516 4.567397 -0.142779 -0.115076 0.076943 0.796932 0.587994
1784010308.101325989 11.590358 4.569843 -0.142793 -0.115038 0.076853 0.797342 0.587456
1784010308.107043028 11.588873 4.572943 -0.142827 -0.115004 0.076691 0.797882 0.586751
1784010308.111210108 11.587786 4.575206 -0.142869 -0.115053 0.076548 0.798263 0.586242
1784010308.117062092 11.586236 4.578382 -0.142936 -0.115263 0.076382 0.798792 0.585502
1784010308.121248007 11.585130 4.580658 -0.142988 -0.115367 0.076321 0.799172 0.584970
1784010308.127022028 11.583588 4.583782 -0.143059 -0.115398 0.076187 0.799720 0.584231
1784010308.127079010 11.583572 4.583813 -0.143060 -0.115399 0.076184 0.799726 0.584223
1784010308.127079010 11.583572 4.583813 -0.143060 -0.115399 0.076184 0.799726 0.584223
1784010308.131288052 11.582395 4.586030 -0.143099 -0.115353 0.076037 0.800139 0.583687
1784010308.137003899 11.580779 4.589018 -0.143157 -0.115318 0.075861 0.800716 0.582925
1784010308.141473055 11.579505 4.591358 -0.143205 -0.115387 0.075800 0.801152 0.582319
1784010308.146886110 11.577942 4.594189 -0.143263 -0.115569 0.075781 0.801679 0.581560
1784010308.151160002 11.576701 4.596431 -0.143310 -0.115679 0.075741 0.802106 0.580954
1784010308.156985998 11.574998 4.599474 -0.143373 -0.115714 0.075694 0.802713 0.580114
1784010308.161398888 11.573706 4.601779 -0.143423 -0.115773 0.075703 0.803171 0.579467
1784010308.166852951 11.572096 4.604610 -0.143489 -0.115879 0.075706 0.803748 0.578644
1784010308.171233892 11.570794 4.606886 -0.143546 -0.116020 0.075596 0.804206 0.577995
1784010308.177000046 11.569067 4.609883 -0.143602 -0.116278 0.075431 0.804800 0.577137
1784010308.181520939 11.567721 4.612242 -0.143626 -0.116464 0.075398 0.805254 0.576469
1784010308.186866999 11.566136 4.615010 -0.143634 -0.116488 0.075343 0.805816 0.575686
1784010308.191174030 11.564864 4.617226 -0.143639 -0.116360 0.075131 0.806284 0.575085
1784010308.197069883 11.563106 4.620252 -0.143646 -0.116209 0.074758 0.806936 0.574248
1784010308.201251984 11.561856 4.622417 -0.143651 -0.116280 0.074630 0.807364 0.573648
1784010308.207000971 11.560134 4.625396 -0.143658 -0.116414 0.074657 0.807953 0.572789
1784010308.211309910 11.558854 4.627632 -0.143673 -0.116370 0.074659 0.808408 0.572154
1784010308.217087984 11.557135 4.630608 -0.143713 -0.116172 0.074489 0.809054 0.571304
1784010308.221422911 11.555848 4.632845 -0.143760 -0.116059 0.074333 0.809535 0.570665
1784010308.227108002 11.554157 4.635783 -0.143821 -0.116023 0.074275 0.810154 0.569800
1784010308.227108002 11.554157 4.635783 -0.143821 -0.116023 0.074275 0.810154 0.569800
1784010308.227186918 11.554134 4.635821 -0.143821 -0.116024 0.074274 0.810162 0.569789
1784010308.231095076 11.552970 4.637758 -0.143850 -0.116110 0.074295 0.810550 0.569216
1784010308.237044096 11.551204 4.640686 -0.143881 -0.116225 0.074333 0.811141 0.568345
1784010308.241511106 11.549886 4.642891 -0.143901 -0.116177 0.074322 0.811605 0.567695
1784010308.247011900 11.548272 4.645583 -0.143921 -0.116047 0.074230 0.812186 0.566901
1784010308.251230001 11.547033 4.647660 -0.143936 -0.115993 0.074148 0.812623 0.566296
1784010308.257042885 11.545322 4.650519 -0.143950 -0.116051 0.074144 0.813207 0.565446
1784010308.261321068 11.544058 4.652646 -0.143964 -0.116132 0.074169 0.813625 0.564824
1784010308.267050028 11.542370 4.655472 -0.143989 -0.116154 0.074241 0.814195 0.563989
1784010308.271460056 11.541070 4.657653 -0.144022 -0.116109 0.074242 0.814643 0.563350
1784010308.276989937 11.539434 4.660374 -0.144079 -0.116089 0.074148 0.815199 0.562562
1784010308.281409025 11.538118 4.662563 -0.144138 -0.116137 0.074098 0.815630 0.561934
1784010308.286725044 11.536528 4.665198 -0.144217 -0.116293 0.074128 0.816128 0.561174
1784010308.291101933 11.535214 4.667379 -0.144290 -0.116423 0.074184 0.816535 0.560547
1784010308.296960115 11.533453 4.670272 -0.144398 -0.116511 0.074183 0.817098 0.559708
1784010308.301294088 11.532145 4.672416 -0.144490 -0.116535 0.074079 0.817520 0.559101
1784010308.306771040 11.530485 4.675114 -0.144611 -0.116650 0.073946 0.818042 0.558329
1784010308.311228991 11.529127 4.677325 -0.144711 -0.116832 0.073922 0.818454 0.557690
1784010308.317049026 11.527350 4.680204 -0.144834 -0.117039 0.073898 0.818998 0.556852
1784010308.321079016 11.526117 4.682215 -0.144917 -0.117111 0.073885 0.819381 0.556274
1784010308.326850176 11.524356 4.685064 -0.145021 -0.117156 0.073884 0.819947 0.555430
1784010308.326850176 11.524356 4.685064 -0.145021 -0.117156 0.073884 0.819947 0.555430
1784010308.327018023 11.524307 4.685140 -0.145023 -0.117157 0.073881 0.819963 0.555407
1784010308.331084967 11.523104 4.686996 -0.145077 -0.117121 0.073764 0.820359 0.554844
1784010308.337076902 11.521336 4.689702 -0.145143 -0.117089 0.073481 0.820931 0.554043
1784010308.341541052 11.520011 4.691748 -0.145178 -0.117158 0.073365 0.821345 0.553429
1784010308.347014904 11.518398 4.694251 -0.145200 -0.117294 0.073347 0.821846 0.552659
1784010308.351197004 11.517169 4.696175 -0.145207 -0.117313 0.073338 0.822243 0.552065
1784010308.357017994 11.515471 4.698813 -0.145212 -0.117235 0.073179 0.822810 0.551257
1784010308.361244917 11.514233 4.700745 -0.145217 -0.117247 0.073064 0.823216 0.550664
1784010308.367010117 11.512552 4.703370 -0.145219 -0.117370 0.073039 0.823743 0.549852
1784010308.371189117 11.511329 4.705302 -0.145222 -0.117493 0.073129 0.824121 0.549247
1784010308.377132893 11.509601 4.708019 -0.145236 -0.117626 0.073176 0.824651 0.548416
1784010308.380978107 11.508478 4.709791 -0.145261 -0.117609 0.073116 0.825008 0.547890
1784010308.387006044 11.506732 4.712521 -0.145319 -0.117476 0.072856 0.825577 0.547096
1784010308.391300917 11.505482 4.714486 -0.145374 -0.117405 0.072686 0.825976 0.546532
1784010308.397095919 11.503792 4.717120 -0.145455 -0.117452 0.072478 0.826481 0.545786
1784010308.401410103 11.502521 4.719103 -0.145519 -0.117522 0.072316 0.826855 0.545224
1784010308.406863928 11.500914 4.721584 -0.145599 -0.117558 0.072032 0.827331 0.544532
1784010308.411179066 11.499639 4.723550 -0.145658 -0.117531 0.071811 0.827717 0.543980
1784010308.417084932 11.497901 4.726206 -0.145727 -0.117469 0.071465 0.828239 0.543244
1784010308.421231985 11.496668 4.728091 -0.145769 -0.117503 0.071202 0.828600 0.542720
1784010308.426779032 11.495014 4.730600 -0.145806 -0.117686 0.070871 0.829058 0.542025
1784010308.426779032 11.495014 4.730600 -0.145806 -0.117686 0.070871 0.829058 0.542025
1784010308.427001953 11.494949 4.730694 -0.145806 -0.117692 0.070864 0.829071 0.542004
1784010308.431220055 11.493706 4.732471 -0.145810 -0.117865 0.070812 0.829324 0.541585
1784010308.436966896 11.492015 4.734866 -0.145805 -0.118052 0.070746 0.829644 0.541063
1784010308.441344023 11.490736 4.736688 -0.145799 -0.118062 0.070636 0.829933 0.540632
1784010308.447057009 11.489067 4.739051 -0.145783 -0.117996 0.070471 0.830292 0.540117
1784010308.451302052 11.487828 4.740825 -0.145767 -0.118023 0.070361 0.830564 0.539707
1784010308.457010984 11.486165 4.743205 -0.145740 -0.118082 0.070337 0.830892 0.539193
1784010308.461162090 11.484965 4.744945 -0.145728 -0.118094 0.070299 0.831156 0.538788
1784010308.466963053 11.483295 4.747346 -0.145728 -0.118058 0.070156 0.831495 0.538291
1784010308.471467972 11.482006 4.749216 -0.145743 -0.118000 0.070026 0.831781 0.537877
1784010308.476916075 11.480450 4.751476 -0.145765 -0.117950 0.069947 0.832107 0.537395
1784010308.481194019 11.479231 4.753270 -0.145783 -0.117946 0.069967 0.832374 0.536979
1784010308.487037897 11.477567 4.755711 -0.145811 -0.118005 0.070067 0.832688 0.536466
1784010308.491401911 11.476330 4.757543 -0.145840 -0.118041 0.070119 0.832940 0.536060
1784010308.496989965 11.474750 4.759869 -0.145885 -0.117988 0.070156 0.833261 0.535569
1784010308.501283884 11.473539 4.761667 -0.145923 -0.117952 0.070165 0.833526 0.535162
1784010308.507039070 11.471913 4.764068 -0.145969 -0.117921 0.070234 0.833845 0.534663
1784010308.511343002 11.470697 4.765880 -0.146003 -0.117927 0.070275 0.834101 0.534257
1784010308.517038107 11.469087 4.768265 -0.146049 -0.117945 0.070332 0.834405 0.533770
1784010308.521223068 11.467909 4.770028 -0.146086 -0.117930 0.070409 0.834659 0.533367
1784010308.526996136 11.466284 4.772440 -0.146137 -0.117912 0.070500 0.834978 0.532858
1784010308.526996136 11.466284 4.772440 -0.146137 -0.117912 0.070500 0.834978 0.532858
1784010308.527015924 11.466276 4.772450 -0.146137 -0.117912 0.070500 0.834979 0.532857
1784010308.531239986 11.464982 4.774265 -0.146159 -0.117869 0.070487 0.835325 0.532327
1784010308.536962986 11.463212 4.776744 -0.146181 -0.117748 0.070510 0.835792 0.531616
1784010308.541313887 11.461877 4.778626 -0.146197 -0.117722 0.070529 0.836139 0.531074
1784010308.546988010 11.460124 4.781089 -0.146217 -0.117662 0.070592 0.836586 0.530374
1784010308.551440954 11.458759 4.783011 -0.146242 -0.117583 0.070599 0.836950 0.529817
1784010308.557034969 11.457028 4.785435 -0.146277 -0.117508 0.070553 0.837395 0.529136
1784010308.561367989 11.455697 4.787309 -0.146304 -0.117444 0.070538 0.837745 0.528597
1784010308.567033052 11.453940 4.789771 -0.146333 -0.117359 0.070465 0.838190 0.527920
1784010308.571048021 11.452706 4.791507 -0.146353 -0.117304 0.070393 0.838506 0.527439
1784010308.576944113 11.450872 4.794065 -0.146373 -0.117272 0.070328 0.838952 0.526745
1784010308.581146002 11.449575 4.795873 -0.146386 -0.117283 0.070239 0.839270 0.526248
1784010308.587004900 11.447746 4.798403 -0.146387 -0.117252 0.070096 0.839712 0.525569
1784010308.591460943 11.446364 4.800320 -0.146376 -0.117222 0.070016 0.840056 0.525036
1784010308.596977949 11.444641 4.802703 -0.146345 -0.117205 0.069927 0.840471 0.524388
1784010308.601224899 11.443325 4.804529 -0.146319 -0.117159 0.069887 0.840802 0.523871
1784010308.606704950 11.441612 4.806887 -0.146295 -0.117103 0.069807 0.841234 0.523202
1784010308.611263990 11.440191 4.808840 -0.146288 -0.117118 0.069709 0.841593 0.522633
1784010308.617016077 11.438383 4.811319 -0.146285 -0.117188 0.069596 0.842027 0.521933
1784010308.621239901 11.437070 4.813136 -0.146289 -0.117208 0.069533 0.842352 0.521413
1784010308.626891136 11.435307 4.815581 -0.146299 -0.117158 0.069461 0.842785 0.520732
1784010308.626891136 11.435307 4.815581 -0.146299 -0.117158 0.069461 0.842785 0.520732
1784010308.627055883 11.435251 4.815655 -0.146298 -0.117157 0.069459 0.842799 0.520711
1784010308.631103992 11.433904 4.817457 -0.146304 -0.117124 0.069354 0.843126 0.520202
1784010308.637022018 11.431920 4.820094 -0.146324 -0.117122 0.069151 0.843588 0.519481
1784010308.641805887 11.430322 4.822222 -0.146346 -0.117175 0.068992 0.843952 0.518898
1784010308.647042990 11.428568 4.824563 -0.146366 -0.117276 0.068867 0.844343 0.518256
1784010308.651458979 11.427099 4.826541 -0.146375 -0.117339 0.068868 0.844666 0.517714
1784010308.657161951 11.425198 4.829092 -0.146382 -0.117306 0.068872 0.845098 0.517016
1784010308.661214113 11.423855 4.830892 -0.146392 -0.117272 0.068790 0.845414 0.516518
1784010308.667028904 11.421907 4.833485 -0.146407 -0.117319 0.068668 0.845856 0.515798
1784010308.671282053 11.420488 4.835380 -0.146416 -0.117471 0.068643 0.846164 0.515262
1784010308.677032948 11.418561 4.837955 -0.146418 -0.117654 0.068666 0.846573 0.514546
1784010308.681401968 11.417108 4.839904 -0.146415 -0.117694 0.068644 0.846899 0.514001
1784010308.687083006 11.415211 4.842428 -0.146404 -0.117655 0.068464 0.847333 0.513319
1784010308.691292048 11.413814 4.844281 -0.146393 -0.117588 0.068261 0.847655 0.512829
1784010308.697027922 11.411893 4.846810 -0.146369 -0.117575 0.067953 0.848082 0.512168
1784010308.701258898 11.410479 4.848677 -0.146344 -0.117650 0.067769 0.848382 0.511677
1784010308.706849098 11.408602 4.851152 -0.146304 -0.117704 0.067545 0.848775 0.511042
1784010308.711093903 11.407186 4.853021 -0.146277 -0.117625 0.067337 0.849096 0.510554
1784010308.717014074 11.405198 4.855621 -0.146254 -0.117432 0.066984 0.849560 0.509874
1784010308.721492052 11.403697 4.857580 -0.146254 -0.117333 0.066749 0.849915 0.509336
1784010308.726814985 11.401897 4.859920 -0.146271 -0.117347 0.066539 0.850320 0.508682
1784010308.726814985 11.401897 4.859920 -0.146271 -0.117347 0.066539 0.850320 0.508682
1784010308.726985931 11.401837 4.859996 -0.146272 -0.117348 0.066533 0.850334 0.508660
1784010308.731360912 11.400285 4.861933 -0.146293 -0.117395 0.066444 0.850670 0.508099
1784010308.737035036 11.398267 4.864449 -0.146330 -0.117423 0.066367 0.851119 0.507350
1784010308.741409063 11.396725 4.866385 -0.146366 -0.117377 0.066245 0.851475 0.506779
1784010308.746865034 11.394801 4.868788 -0.146417 -0.117187 0.066024 0.851943 0.506064
1784010308.750998020 11.393353 4.870604 -0.146461 -0.117043 0.065855 0.852298 0.505522
1784010308.756973982 11.391244 4.873237 -0.146516 -0.117096 0.065675 0.852779 0.504721
1784010308.761389971 11.389691 4.875195 -0.146545 -0.117218 0.065618 0.853124 0.504117
1784010308.766948938 11.387735 4.877661 -0.146570 -0.117271 0.065547 0.853568 0.503362
1784010308.771282911 11.386225 4.879579 -0.146585 -0.117195 0.065458 0.853931 0.502775
1784010308.776978970 11.384238 4.882096 -0.146597 -0.117092 0.065312 0.854401 0.502019
1784010308.781224012 11.382766 4.883976 -0.146602 -0.117079 0.065272 0.854738 0.501452
1784010308.787013054 11.380745 4.886547 -0.146607 -0.117186 0.065288 0.855172 0.500686
1784010308.791156054 11.379301 4.888398 -0.146611 -0.117262 0.065299 0.855481 0.500137
1784010308.796982050 11.377262 4.890999 -0.146624 -0.117273 0.065318 0.855931 0.499363
1784010308.801148891 11.375818 4.892852 -0.146643 -0.117280 0.065331 0.856252 0.498809
1784010308.807023048 11.373774 4.895458 -0.146677 -0.117154 0.065276 0.856718 0.498045
1784010308.811393976 11.372256 4.897402 -0.146710 -0.117119 0.065251 0.857060 0.497467
1784010308.817116976 11.370253 4.899954 -0.146752 -0.117167 0.065240 0.857492 0.496713
1784010308.821264029 11.368805 4.901809 -0.146782 -0.117201 0.065231 0.857804 0.496166
1784010308.826884031 11.366836 4.904316 -0.146818 -0.117132 0.065254 0.858247 0.495414
1784010308.826884031 11.366836 4.904316 -0.146818 -0.117132 0.065254 0.858247 0.495414
1784010308.826941967 11.366814 4.904341 -0.146819 -0.117131 0.065254 0.858251 0.495406
1784010308.831279993 11.365233 4.906231 -0.146840 -0.117059 0.065251 0.858600 0.494818
1784010308.836965084 11.363151 4.908702 -0.146861 -0.116926 0.065144 0.859069 0.494049
1784010308.841245890 11.361580 4.910574 -0.146873 -0.116829 0.065065 0.859421 0.493470
1784010308.846950054 11.359474 4.913066 -0.146883 -0.116881 0.065106 0.859865 0.492679
1784010308.850933075 11.358009 4.914812 -0.146888 -0.116920 0.065138 0.860173 0.492127
1784010308.857040882 11.355751 4.917475 -0.146903 -0.116766 0.064985 0.860665 0.491323
1784010308.861280918 11.354196 4.919320 -0.146923 -0.116663 0.064883 0.861004 0.490766
1784010308.867023945 11.352075 4.921813 -0.146962 -0.116615 0.064707 0.861451 0.490016
1784010308.871409893 11.350452 4.923726 -0.147001 -0.116581 0.064576 0.861791 0.489443
1784010308.876961946 11.348384 4.926144 -0.147060 -0.116662 0.064419 0.862204 0.488717
1784010308.881246090 11.346792 4.928014 -0.147113 -0.116727 0.064301 0.862522 0.488156
1784010308.886961937 11.344657 4.930502 -0.147192 -0.116696 0.064182 0.862970 0.487386
1784010308.891062021 11.343132 4.932288 -0.147256 -0.116677 0.064099 0.863290 0.486835
1784010308.896972895 11.340914 4.934861 -0.147351 -0.116821 0.063966 0.863738 0.486022
1784010308.901264906 11.339302 4.936738 -0.147423 -0.116929 0.063873 0.864062 0.485433
1784010308.906997919 11.337138 4.939243 -0.147515 -0.117041 0.063746 0.864497 0.484648
1784010308.911329031 11.335515 4.941139 -0.147579 -0.117128 0.063653 0.864823 0.484055
1784010308.917063951 11.333361 4.943640 -0.147659 -0.117033 0.063511 0.865296 0.483252
1784010308.921266079 11.331793 4.945468 -0.147717 -0.116967 0.063410 0.865641 0.482663
1784010308.926966906 11.329654 4.947944 -0.147782 -0.116997 0.063242 0.866094 0.481864
1784010308.927021980 11.329633 4.947968 -0.147783 -0.116997 0.063240 0.866099 0.481856
1784010308.927021980 11.329633 4.947968 -0.147783 -0.116997 0.063240 0.866099 0.481856
1784010308.931456089 11.327907 4.949863 -0.147818 -0.117026 0.063121 0.866444 0.481245
1784010308.937010050 11.325746 4.952234 -0.147845 -0.117048 0.063144 0.866877 0.480454
1784010308.941438913 11.324038 4.954122 -0.147858 -0.117067 0.063164 0.867223 0.479823
1784010308.946820021 11.321969 4.956401 -0.147866 -0.116987 0.063099 0.867652 0.479075
1784010308.951268911 11.320265 4.958281 -0.147872 -0.116934 0.062951 0.867999 0.478478
1784010308.956974983 11.318071 4.960692 -0.147875 -0.117049 0.062806 0.868411 0.477721
1784010308.961121082 11.316480 4.962457 -0.147875 -0.117134 0.062702 0.868710 0.477169
1784010308.966985941 11.314222 4.964954 -0.147876 -0.117291 0.062634 0.869124 0.476386
1784010308.971117973 11.312641 4.966713 -0.147885 -0.117362 0.062606 0.869419 0.475833
1784010308.976948977 11.310401 4.969180 -0.147911 -0.117250 0.062278 0.869868 0.475082
1784010308.981173992 11.308782 4.970972 -0.147939 -0.117172 0.062042 0.870194 0.474536
1784010308.986918926 11.306566 4.973410 -0.147982 -0.117232 0.061900 0.870612 0.473773
1784010308.991010904 11.304990 4.975160 -0.148018 -0.117277 0.061801 0.870909 0.473228
1784010308.996953964 11.302688 4.977690 -0.148086 -0.117377 0.061623 0.871334 0.472443
1784010309.001328945 11.300999 4.979547 -0.148153 -0.117398 0.061431 0.871657 0.471867
1784010309.006911039 11.298837 4.981903 -0.148249 -0.117410 0.061163 0.872072 0.471130
1784010309.011245966 11.297160 4.983741 -0.148322 -0.117455 0.061025 0.872390 0.470548
1784010309.017005920 11.294919 4.986193 -0.148409 -0.117534 0.060988 0.872811 0.469752
1784010309.021173954 11.293298 4.987979 -0.148470 -0.117667 0.060985 0.873104 0.469174
1784010309.026722193 11.291135 4.990344 -0.148554 -0.117852 0.060915 0.873493 0.468413
1784010309.026722193 11.291135 4.990344 -0.148554 -0.117852 0.060915 0.873493 0.468413
1784010309.026963949 11.291038 4.990445 -0.148557 -0.117861 0.060912 0.873510 0.468380
1784010309.031064034 11.289396 4.992159 -0.148608 -0.117871 0.060775 0.873820 0.467815
1784010309.036998987 11.287003 4.994653 -0.148675 -0.117836 0.060510 0.874278 0.467002
1784010309.041479111 11.285196 4.996560 -0.148718 -0.117905 0.060480 0.874611 0.466365
1784010309.046768904 11.283067 4.998815 -0.148764 -0.117954 0.060630 0.875009 0.465585
1784010309.051172018 11.281303 5.000682 -0.148816 -0.117902 0.060640 0.875357 0.464943
1784010309.056994915 11.278964 5.003133 -0.148894 -0.117824 0.060492 0.875825 0.464099
1784010309.061446905 11.277182 5.005009 -0.148950 -0.117849 0.060476 0.876170 0.463443
1784010309.066755056 11.275061 5.007252 -0.148998 -0.117869 0.060549 0.876577 0.462659
1784010309.071033001 11.273357 5.009070 -0.149028 -0.117800 0.060580 0.876912 0.462038
1784010309.076917887 11.271004 5.011571 -0.149057 -0.117708 0.060615 0.877367 0.461191
1784010309.081209898 11.269295 5.013390 -0.149085 -0.117679 0.060618 0.877692 0.460579
1784010309.087143898 11.266920 5.015890 -0.149139 -0.117599 0.060501 0.878147 0.459748
1784010309.091034889 11.265364 5.017535 -0.149185 -0.117580 0.060433 0.878438 0.459205
1784010309.096935034 11.262988 5.020036 -0.149246 -0.117722 0.060429 0.878847 0.458386
1784010309.101217985 11.261267 5.021853 -0.149293 -0.117781 0.060424 0.879146 0.457799
1784010309.106694937 11.259061 5.024163 -0.149352 -0.117683 0.060300 0.879550 0.457063
1784010309.111371994 11.257174 5.026130 -0.149404 -0.117678 0.060100 0.879882 0.456450
1784010309.117120981 11.254843 5.028544 -0.149455 -0.117771 0.059890 0.880276 0.455694
1784010309.121073008 11.253246 5.030208 -0.149487 -0.117791 0.059821 0.880556 0.455158
1784010309.126899958 11.250879 5.032655 -0.149520 -0.117842 0.059717 0.880959 0.454377
1784010309.126927137 11.250868 5.032666 -0.149520 -0.117842 0.059716 0.880961 0.454373
1784010309.126927137 11.250868 5.032666 -0.149520 -0.117842 0.059716 0.880961 0.454373
1784010309.131191015 11.249093 5.034445 -0.149494 -0.117870 0.059640 0.881263 0.453789
1784010309.136962891 11.246685 5.036845 -0.149458 -0.117789 0.059476 0.881694 0.452994
1784010309.141443014 11.244823 5.038705 -0.149441 -0.117700 0.059322 0.882030 0.452383
1784010309.146955013 11.242527 5.040992 -0.149421 -0.117741 0.059222 0.882423 0.451618
1784010309.151066065 11.240818 5.042696 -0.149415 -0.117853 0.059121 0.882707 0.451047
1784010309.156929970 11.238377 5.045125 -0.149402 -0.117845 0.058896 0.883135 0.450239
1784010309.161278963 11.236575 5.046934 -0.149395 -0.117776 0.058774 0.883457 0.449641
1784010309.167009115 11.234200 5.049321 -0.149368 -0.117787 0.058765 0.883863 0.448842
1784010309.171062946 11.232528 5.051007 -0.149357 -0.117807 0.058762 0.884150 0.448272
1784010309.176969051 11.230086 5.053455 -0.149344 -0.117785 0.058639 0.884573 0.447458
1784010309.181087017 11.228384 5.055168 -0.149345 -0.117861 0.058571 0.884852 0.446896
1784010309.186944008 11.225954 5.057620 -0.149331 -0.118129 0.058642 0.885222 0.446082
1784010309.191298008 11.224157 5.059446 -0.149323 -0.118251 0.058741 0.885502 0.445481
1784010309.196959972 11.221825 5.061798 -0.149316 -0.118199 0.058742 0.885896 0.444710
1784010309.201523066 11.219946 5.063683 -0.149325 -0.118195 0.058599 0.886209 0.444105
1784010309.206811905 11.217755 5.065874 -0.149333 -0.118393 0.058483 0.886541 0.443405
1784010309.211208105 11.215932 5.067706 -0.149334 -0.118685 0.058536 0.886796 0.442810
1784010309.217056990 11.213505 5.070130 -0.149318 -0.118967 0.058523 0.887146 0.442035
1784010309.221242905 11.211777 5.071852 -0.149310 -0.118969 0.058340 0.887418 0.441510
1784010309.226934910 11.209424 5.074181 -0.149286 -0.118909 0.057975 0.887800 0.440806
1784010309.226982117 11.209404 5.074200 -0.149286 -0.118909 0.057973 0.887803 0.440800
1784010309.226982117 11.209404 5.074200 -0.149286 -0.118909 0.057973 0.887803 0.440800
1784010309.231040001 11.207679 5.075822 -0.149253 -0.118979 0.057801 0.888060 0.440287
1784010309.237010956 11.205123 5.078203 -0.149203 -0.119211 0.057693 0.888422 0.439506
1784010309.241544008 11.203179 5.080015 -0.149172 -0.119397 0.057554 0.888694 0.438925
1784010309.246822119 11.200911 5.082121 -0.149145 -0.119547 0.057382 0.889028 0.438230
1784010309.251265049 11.199011 5.083893 -0.149132 -0.119601 0.057300 0.889328 0.437617
1784010309.256903887 11.196602 5.086131 -0.149129 -0.119643 0.057250 0.889716 0.436821
1784010309.261159897 11.194788 5.087823 -0.149140 -0.119701 0.057198 0.890010 0.436214
1784010309.266938925 11.192314 5.090120 -0.149157 -0.119866 0.057051 0.890398 0.435396
1784010309.271059036 11.190555 5.091770 -0.149167 -0.119986 0.056979 0.890673 0.434809
1784010309.276910067 11.188058 5.094112 -0.149165 -0.120112 0.056963 0.891069 0.433964
1784010309.281388998 11.186163 5.095906 -0.149158 -0.120095 0.056935 0.891386 0.433321
1784010309.286782980 11.183887 5.098057 -0.149148 -0.119929 0.056806 0.891787 0.432558
1784010309.291327953 11.181971 5.099874 -0.149141 -0.119861 0.056673 0.892112 0.431923
1784010309.296993017 11.179562 5.102150 -0.149126 -0.120055 0.056604 0.892477 0.431123
1784010309.301265955 11.177744 5.103877 -0.149116 -0.120282 0.056606 0.892741 0.430512
1784010309.307090998 11.175267 5.106217 -0.149109 -0.120393 0.056563 0.893127 0.429687
1784010309.311014891 11.173609 5.107792 -0.149114 -0.120358 0.056505 0.893400 0.429135
1784010309.317027092 11.171056 5.110189 -0.149126 -0.120395 0.056434 0.893808 0.428285
1784010309.321346045 11.169219 5.111918 -0.149141 -0.120512 0.056385 0.894089 0.427670
1784010309.326699018 11.166926 5.114062 -0.149164 -0.120694 0.056332 0.894432 0.426909
1784010309.326699018 11.166926 5.114062 -0.149164 -0.120694 0.056332 0.894432 0.426909
1784010309.326834917 11.166865 5.114114 -0.149164 -0.120698 0.056330 0.894440 0.426891
1784010309.331078053 11.164995 5.115757 -0.149183 -0.120833 0.056284 0.894703 0.426307
1784010309.336976051 11.162394 5.118020 -0.149215 -0.120931 0.056239 0.895081 0.425490
1784010309.341314077 11.160491 5.119682 -0.149247 -0.120886 0.056155 0.895376 0.424895
1784010309.347143888 11.157919 5.121908 -0.149293 -0.120847 0.055965 0.895766 0.424108
1784010309.351160049 11.156143 5.123455 -0.149324 -0.120964 0.055875 0.896017 0.423556
1784010309.356956959 11.153562 5.125687 -0.149358 -0.121270 0.055859 0.896358 0.422747
1784010309.361183882 11.151686 5.127320 -0.149379 -0.121451 0.055888 0.896617 0.422142
1784010309.366983891 11.149110 5.129536 -0.149402 -0.121535 0.055832 0.896993 0.421326
1784010309.371352911 11.147176 5.131203 -0.149416 -0.121520 0.055710 0.897289 0.420715
1784010309.376951933 11.144689 5.133335 -0.149418 -0.121491 0.055599 0.897669 0.419927
1784010309.381347895 11.142735 5.135022 -0.149410 -0.121557 0.055565 0.897950 0.419311
1784010309.386778116 11.140315 5.137106 -0.149397 -0.121666 0.055544 0.898288 0.418559
1784010309.391144037 11.138375 5.138780 -0.149392 -0.121662 0.055502 0.898576 0.417947
1784010309.396914959 11.135807 5.140975 -0.149401 -0.121565 0.055357 0.898973 0.417139
1784010309.401606083 11.133720 5.142763 -0.149418 -0.121537 0.055255 0.899293 0.416471
1784010309.406675100 11.131455 5.144694 -0.149437 -0.121588 0.055216 0.899636 0.415719
1784010309.411341906 11.129363 5.146475 -0.149456 -0.121684 0.055153 0.899952 0.415016
1784010309.416825056 11.126897 5.148564 -0.149474 -0.121789 0.055139 0.900327 0.414171
1784010309.421163082 11.124950 5.150217 -0.149483 -0.121877 0.055203 0.900634 0.413470
1784010309.426926136 11.122363 5.152389 -0.149487 -0.121918 0.055283 0.901060 0.412518
1784010309.426926136 11.122363 5.152389 -0.149487 -0.121918 0.055283 0.901060 0.412518
1784010309.426992893 11.122332 5.152412 -0.149486 -0.121918 0.055284 0.901065 0.412507
1784010309.431216955 11.120399 5.153934 -0.149476 -0.121842 0.055245 0.901411 0.411778
1784010309.436963081 11.117751 5.155995 -0.149457 -0.121810 0.055089 0.901869 0.410803
1784010309.441324949 11.115736 5.157573 -0.149440 -0.121922 0.055055 0.902195 0.410060
1784010309.447063923 11.113078 5.159641 -0.149420 -0.122077 0.055057 0.902624 0.409066
1784010309.451145887 11.111195 5.161108 -0.149420 -0.122076 0.054948 0.902940 0.408384
1784010309.456942081 11.108515 5.163170 -0.149432 -0.121978 0.054667 0.903397 0.407440
1784010309.461236954 11.106530 5.164704 -0.149449 -0.121985 0.054481 0.903722 0.406741
1784010309.466988087 11.103853 5.166761 -0.149470 -0.122153 0.054337 0.904132 0.405797
1784010309.471235037 11.101874 5.168287 -0.149490 -0.122349 0.054244 0.904419 0.405110
1784010309.476948977 11.099206 5.170318 -0.149519 -0.122588 0.054018 0.904808 0.404199
1784010309.481304884 11.097180 5.171858 -0.149541 -0.122665 0.053787 0.905122 0.403502
1784010309.486910105 11.094570 5.173827 -0.149560 -0.122734 0.053482 0.905536 0.402593
1784010309.491183043 11.092578 5.175333 -0.149566 -0.122864 0.053297 0.905838 0.401896
1784010309.496973991 11.089858 5.177369 -0.149568 -0.123119 0.053055 0.906245 0.400932
1784010309.501476049 11.087743 5.178955 -0.149574 -0.123313 0.052840 0.906565 0.400177
1784010309.506788969 11.085250 5.180813 -0.149585 -0.123464 0.052596 0.906958 0.399270
1784010309.511167049 11.083207 5.182343 -0.149601 -0.123488 0.052422 0.907298 0.398514
1784010309.517045975 11.080458 5.184390 -0.149629 -0.123482 0.052185 0.907766 0.397480
1784010309.521048069 11.078588 5.185795 -0.149653 -0.123539 0.052049 0.908077 0.396769
1784010309.526517153 11.076023 5.187717 -0.149680 -0.123752 0.051952 0.908484 0.395781
1784010309.526517153 11.076023 5.187717 -0.149680 -0.123752 0.051952 0.908484 0.395781
1784010309.526943922 11.075819 5.187863 -0.149681 -0.123769 0.051944 0.908515 0.395706
1784010309.531167030 11.073798 5.189299 -0.149688 -0.123962 0.051914 0.908818 0.394954
1784010309.536919117 11.071056 5.191244 -0.149687 -0.124068 0.051907 0.909247 0.393933
1784010309.541516066 11.068881 5.192803 -0.149678 -0.124047 0.051889 0.909605 0.393115
1784010309.546629906 11.066460 5.194542 -0.149657 -0.124040 0.051878 0.909997 0.392210
1784010309.551306963 11.064242 5.196144 -0.149631 -0.124140 0.051884 0.910335 0.391391
1784010309.556927919 11.061567 5.198067 -0.149603 -0.124312 0.051829 0.910732 0.390419
1784010309.561184883 11.059551 5.199526 -0.149595 -0.124368 0.051776 0.911043 0.389683
1784010309.566946030 11.056821 5.201487 -0.149607 -0.124357 0.051704 0.911472 0.388692
1784010309.571186066 11.054813 5.202935 -0.149633 -0.124362 0.051645 0.911786 0.387961
1784010309.576941967 11.052066 5.204898 -0.149681 -0.124440 0.051580 0.912201 0.386968
1784010309.581372023 11.049945 5.206415 -0.149730 -0.124537 0.051511 0.912517 0.386198
1784010309.586988926 11.047246 5.208325 -0.149801 -0.124635 0.051416 0.912922 0.385223
1784010309.591171980 11.045241 5.209744 -0.149860 -0.124659 0.051330 0.913231 0.384492
1784010309.596972942 11.042448 5.211698 -0.149942 -0.124666 0.051187 0.913665 0.383477
1784010309.601073980 11.040473 5.213083 -0.149999 -0.124668 0.051098 0.913973 0.382754
1784010309.606894016 11.037650 5.215040 -0.150066 -0.124721 0.050940 0.914400 0.381735
1784010309.611141920 11.035588 5.216473 -0.150111 -0.124789 0.050810 0.914710 0.380988
1784010309.616919041 11.032772 5.218409 -0.150165 -0.124900 0.050634 0.915128 0.379969
1784010309.621038914 11.030767 5.219789 -0.150204 -0.124966 0.050471 0.915427 0.379248
1784010309.626919031 11.027892 5.221745 -0.150252 -0.125056 0.050193 0.915856 0.378220
1784010309.626964092 11.027869 5.221759 -0.150252 -0.125057 0.050191 0.915859 0.378212
1784010309.626964092 11.027869 5.221759 -0.150252 -0.125057 0.050191 0.915859 0.378212
1784010309.631220102 11.025743 5.223123 -0.150269 -0.125173 0.049991 0.916163 0.377463
1784010309.636996984 11.022850 5.224967 -0.150280 -0.125302 0.049775 0.916577 0.376443
1784010309.641274929 11.020713 5.226339 -0.150283 -0.125321 0.049637 0.916896 0.375677
1784010309.646923065 11.017891 5.228137 -0.150280 -0.125299 0.049486 0.917322 0.374662
1784010309.651207924 11.015757 5.229501 -0.150277 -0.125294 0.049389 0.917650 0.373873
1784010309.656979084 11.012876 5.231330 -0.150269 -0.125308 0.049237 0.918089 0.372808
1784010309.661170006 11.010789 5.232668 -0.150265 -0.125300 0.049131 0.918409 0.372037
1784010309.666912079 11.007925 5.234502 -0.150256 -0.125299 0.049004 0.918845 0.370976
1784010309.671348095 11.005721 5.235928 -0.150252 -0.125264 0.048927 0.919181 0.370163
1784010309.676989079 11.002918 5.237734 -0.150257 -0.125165 0.048807 0.919616 0.369132
1784010309.680983067 11.000938 5.239017 -0.150274 -0.125131 0.048672 0.919917 0.368411
1784010309.686877966 10.998003 5.240905 -0.150305 -0.125195 0.048515 0.920338 0.367355
1784010309.691241026 10.995833 5.242315 -0.150332 -0.125305 0.048472 0.920638 0.366573
1784010309.696820021 10.993058 5.244114 -0.150365 -0.125415 0.048477 0.921019 0.365575
1784010309.700912952 10.991031 5.245435 -0.150390 -0.125413 0.048466 0.921309 0.364845
1784010309.706688881 10.988164 5.247280 -0.150427 -0.125404 0.048349 0.921713 0.363843
1784010309.711179018 10.985935 5.248717 -0.150458 -0.125455 0.048229 0.922018 0.363066
1784010309.716850042 10.983106 5.250532 -0.150488 -0.125588 0.048136 0.922391 0.362084
1784010309.721133947 10.980967 5.251913 -0.150506 -0.125724 0.048095 0.922666 0.361342
1784010309.726829052 10.978124 5.253730 -0.150525 -0.125839 0.048017 0.923040 0.360356
1784010309.726829052 10.978124 5.253730 -0.150525 -0.125839 0.048017 0.923040 0.360356
1784010309.726907015 10.978084 5.253753 -0.150524 -0.125840 0.048016 0.923045 0.360342
1784010309.731221914 10.975903 5.255055 -0.150522 -0.125825 0.047857 0.923347 0.359594
1784010309.737030029 10.972965 5.256783 -0.150510 -0.125770 0.047494 0.923755 0.358613
1784010309.741450071 10.970728 5.258103 -0.150492 -0.125789 0.047224 0.924054 0.357871
1784010309.746912956 10.967952 5.259740 -0.150447 -0.125915 0.047005 0.924408 0.356939
1784010309.751121044 10.965817 5.261007 -0.150406 -0.125992 0.046896 0.924680 0.356222
1784010309.756989956 10.962843 5.262750 -0.150349 -0.125937 0.046691 0.925086 0.355212
1784010309.761326075 10.960652 5.264033 -0.150318 -0.125810 0.046476 0.925400 0.354466
1784010309.766956091 10.957799 5.265693 -0.150287 -0.125722 0.046271 0.925803 0.353471
1784010309.771315098 10.955589 5.266991 -0.150274 -0.125797 0.046196 0.926092 0.352697
1784010309.777070045 10.952663 5.268709 -0.150269 -0.125944 0.046156 0.926464 0.351669
1784010309.781049013 10.950645 5.269908 -0.150278 -0.126003 0.046107 0.926724 0.350969
1784010309.786899090 10.947686 5.271656 -0.150297 -0.125938 0.045987 0.927129 0.349938
1784010309.791409016 10.945419 5.273004 -0.150318 -0.125800 0.045891 0.927452 0.349144
1784010309.796730995 10.942740 5.274593 -0.150341 -0.125671 0.045792 0.927831 0.348195
1784010309.800889015 10.940641 5.275849 -0.150359 -0.125687 0.045730 0.928110 0.347452
1784010309.806644917 10.937722 5.277589 -0.150377 -0.125851 0.045685 0.928474 0.346425
1784010309.811067104 10.935490 5.278931 -0.150394 -0.125950 0.045684 0.928757 0.345629
1784010309.817109108 10.932454 5.280737 -0.150424 -0.125900 0.045623 0.929173 0.344537
1784010309.821150064 10.930434 5.281943 -0.150453 -0.125831 0.045513 0.929454 0.343817
1784010309.826810122 10.927588 5.283630 -0.150494 -0.125826 0.045391 0.929834 0.342806
1784010309.826810122 10.927588 5.283630 -0.150494 -0.125826 0.045391 0.929834 0.342806
1784010309.826991081 10.927495 5.283681 -0.150494 -0.125826 0.045388 0.929846 0.342774
1784010309.831162930 10.925347 5.284884 -0.150508 -0.126010 0.045409 0.930092 0.342037
1784010309.836991072 10.922331 5.286561 -0.150525 -0.126438 0.045518 0.930411 0.340995
1784010309.841377974 10.920072 5.287819 -0.150547 -0.126617 0.045560 0.930673 0.340205
1784010309.846699953 10.917341 5.289323 -0.150586 -0.126512 0.045435 0.931033 0.339276
1784010309.851139069 10.915064 5.290584 -0.150622 -0.126365 0.045336 0.931338 0.338505
1784010309.856928110 10.912063 5.292240 -0.150658 -0.126519 0.045394 0.931689 0.337473
1784010309.861104012 10.909891 5.293446 -0.150686 -0.126779 0.045435 0.931919 0.336734
1784010309.866966009 10.906845 5.295110 -0.150736 -0.126924 0.045360 0.932272 0.335711
1784010309.871375084 10.904569 5.296354 -0.150783 -0.126891 0.045235 0.932557 0.334948
1784010309.876966953 10.901682 5.297925 -0.150828 -0.126882 0.045161 0.932917 0.333958
1784010309.881279945 10.899456 5.299147 -0.150849 -0.126908 0.045172 0.933187 0.333190
1784010309.886881113 10.896550 5.300726 -0.150862 -0.126965 0.045106 0.933531 0.332213
1784010309.891160011 10.894327 5.301935 -0.150866 -0.127041 0.045010 0.933789 0.331471
1784010309.896927118 10.891333 5.303548 -0.150862 -0.127110 0.044884 0.934141 0.330467
1784010309.900886059 10.889287 5.304660 -0.150863 -0.127054 0.044820 0.934394 0.329782
1784010309.906522989 10.886368 5.306235 -0.150863 -0.126919 0.044760 0.934758 0.328809
1784010309.911257029 10.883912 5.307562 -0.150872 -0.126893 0.044648 0.935051 0.328001
1784010309.916975975 10.880932 5.309161 -0.150902 -0.126935 0.044427 0.935393 0.327037
1784010309.921118975 10.878775 5.310325 -0.150938 -0.126986 0.044275 0.935636 0.326343
1784010309.926661968 10.875886 5.311878 -0.150995 -0.127118 0.044152 0.935951 0.325404
1784010309.926752090 10.875838 5.311903 -0.150996 -0.127119 0.044151 0.935956 0.325389
1784010309.926752090 10.875838 5.311903 -0.150996 -0.127119 0.044151 0.935956 0.325389
1784010309.930943966 10.873624 5.313012 -0.151030 -0.127180 0.044104 0.936200 0.324669
1784010309.936892033 10.870478 5.314568 -0.151078 -0.127177 0.044028 0.936560 0.323639
1784010309.941368103 10.868107 5.315748 -0.151113 -0.127228 0.043968 0.936826 0.322858
1784010309.946855068 10.865187 5.317193 -0.151144 -0.127445 0.043960 0.937133 0.321882
1784010309.951025009 10.862972 5.318298 -0.151164 -0.127606 0.043952 0.937366 0.321139
1784010309.956871033 10.859873 5.319831 -0.151187 -0.127672 0.043894 0.937712 0.320110
1784010309.961142063 10.857620 5.320955 -0.151203 -0.127677 0.043795 0.937969 0.319366
1784010309.966893911 10.854577 5.322459 -0.151214 -0.127674 0.043607 0.938316 0.318373
1784010309.971113920 10.852343 5.323574 -0.151220 -0.127637 0.043471 0.938574 0.317645
1784010309.976891994 10.849273 5.325100 -0.151221 -0.127636 0.043363 0.938914 0.316653
1784010309.981427908 10.846868 5.326304 -0.151226 -0.127727 0.043310 0.939164 0.315882
1784010309.986898899 10.843975 5.327741 -0.151242 -0.127765 0.043197 0.939473 0.314963
1784010309.991139889 10.841739 5.328855 -0.151259 -0.127719 0.043052 0.939721 0.314261
1784010309.996927977 10.838678 5.330366 -0.151269 -0.127762 0.042874 0.940040 0.313311
1784010310.001641035 10.836186 5.331603 -0.151264 -0.127875 0.042771 0.940290 0.312526
1784010310.006470919 10.833632 5.332865 -0.151252 -0.127909 0.042646 0.940561 0.311713
1784010310.011326075 10.831068 5.334126 -0.151235 -0.127905 0.042493 0.940841 0.310889
1784010310.016752005 10.828204 5.335528 -0.151208 -0.127925 0.042378 0.941153 0.309953
1784010310.021294117 10.825812 5.336705 -0.151181 -0.127905 0.042325 0.941420 0.309155
1784010310.026763916 10.822925 5.338121 -0.151152 -0.127839 0.042248 0.941747 0.308197
1784010310.026936054 10.822834 5.338165 -0.151151 -0.127837 0.042246 0.941757 0.308167
1784010310.026936054 10.822834 5.338165 -0.151151 -0.127837 0.042246 0.941757 0.308167
1784010310.030963898 10.820672 5.339156 -0.151127 -0.127783 0.042178 0.942002 0.307448
1784010310.036943913 10.817459 5.340614 -0.151113 -0.127837 0.042027 0.942348 0.306386
1784010310.041594028 10.814968 5.341749 -0.151130 -0.127872 0.041861 0.942614 0.305575
1784010310.046701908 10.812233 5.342992 -0.151163 -0.127928 0.041677 0.942898 0.304697
1784010310.051086903 10.809888 5.344066 -0.151196 -0.127977 0.041519 0.943142 0.303944
1784010310.056904078 10.806778 5.345483 -0.151244 -0.128079 0.041507 0.943457 0.302922
1784010310.061183929 10.804497 5.346527 -0.151284 -0.128130 0.041481 0.943691 0.302174
1784010310.066607952 10.801601 5.347839 -0.151338 -0.128204 0.041341 0.943985 0.301243
1784010310.071312904 10.799085 5.348977 -0.151387 -0.128268 0.041220 0.944239 0.300436
1784010310.076909065 10.796091 5.350327 -0.151443 -0.128321 0.041138 0.944542 0.299470
1784010310.081497908 10.793639 5.351436 -0.151490 -0.128305 0.041074 0.944797 0.298679
1784010310.086782932 10.790801 5.352702 -0.151555 -0.128366 0.040851 0.945085 0.297770
1784010310.091042042 10.788504 5.353723 -0.151620 -0.128416 0.040672 0.945316 0.297039
1784010310.097027063 10.785269 5.355143 -0.151717 -0.128660 0.040511 0.945623 0.295979
1784010310.101293087 10.782976 5.356161 -0.151792 -0.128835 0.040397 0.945839 0.295226
1784010310.106712103 10.780063 5.357447 -0.151883 -0.128857 0.040342 0.946148 0.294232
1784010310.111099005 10.777706 5.358494 -0.151950 -0.128876 0.040298 0.946397 0.293429
1784010310.116981030 10.774539 5.359891 -0.152027 -0.128950 0.040253 0.946728 0.292331
1784010310.121200085 10.772272 5.360902 -0.152078 -0.129004 0.040221 0.946964 0.291546
1784010310.126670122 10.769333 5.362204 -0.152133 -0.129046 0.040190 0.947270 0.290537
1784010310.126670122 10.769333 5.362204 -0.152133 -0.129046 0.040190 0.947270 0.290537
1784010310.126909018 10.769203 5.362257 -0.152135 -0.129048 0.040189 0.947283 0.290493
1784010310.130933046 10.767017 5.363151 -0.152156 -0.129086 0.040173 0.947503 0.289760
1784010310.136909962 10.763766 5.364470 -0.152165 -0.129074 0.040119 0.947835 0.288685
1784010310.141741991 10.761140 5.365548 -0.152158 -0.129134 0.040090 0.948090 0.287824
1784010310.146965981 10.758303 5.366706 -0.152144 -0.129243 0.040034 0.948356 0.286906
1784010310.151177883 10.756023 5.367638 -0.152135 -0.129330 0.039989 0.948569 0.286166
1784010310.156886101 10.752932 5.368889 -0.152124 -0.129408 0.039828 0.948864 0.285174
1784010310.161143064 10.750630 5.369830 -0.152122 -0.129465 0.039707 0.949083 0.284435
1784010310.166883945 10.747518 5.371089 -0.152128 -0.129561 0.039621 0.949370 0.283445
1784010310.171194077 10.745185 5.372041 -0.152146 -0.129632 0.039555 0.949584 0.282702
1784010310.176956892 10.742060 5.373300 -0.152188 -0.129601 0.039343 0.949886 0.281732
1784010310.181143999 10.739796 5.374218 -0.152235 -0.129577 0.039188 0.950104 0.281028
1784010310.186902046 10.736678 5.375466 -0.152312 -0.129624 0.039024 0.950395 0.280044
1784010310.191310883 10.734295 5.376424 -0.152380 -0.129658 0.038897 0.950617 0.279290
1784010310.196753979 10.731348 5.377594 -0.152467 -0.129615 0.038640 0.950905 0.278366
1784010310.201041937 10.729030 5.378517 -0.152538 -0.129580 0.038436 0.951130 0.277637
1784010310.206471920 10.726085 5.379680 -0.152622 -0.129526 0.038183 0.951418 0.276710
1784010310.211323977 10.723451 5.380728 -0.152689 -0.129625 0.038046 0.951654 0.275869
1784010310.216739893 10.720515 5.381893 -0.152754 -0.129750 0.037917 0.951916 0.274925
1784010310.221326113 10.718036 5.382874 -0.152814 -0.129855 0.037807 0.952136 0.274126
1784010310.226941109 10.714996 5.384072 -0.152881 -0.130061 0.037652 0.952398 0.273139
1784010310.226941109 10.714996 5.384072 -0.152881 -0.130061 0.037652 0.952398 0.273139
1784010310.227004051 10.714961 5.384084 -0.152882 -0.130063 0.037650 0.952401 0.273128
1784010310.231306076 10.712591 5.384950 -0.152915 -0.130214 0.037532 0.952600 0.272378
1784010310.236900091 10.709517 5.386065 -0.152954 -0.130322 0.037553 0.952862 0.271403
1784010310.241089106 10.707237 5.386890 -0.152989 -0.130404 0.037568 0.953058 0.270672
1784010310.246937037 10.704057 5.388021 -0.153035 -0.130433 0.037188 0.953346 0.269697
1784010310.251303911 10.701684 5.388871 -0.153065 -0.130455 0.036903 0.953560 0.268968
1784010310.257040977 10.698564 5.389985 -0.153082 -0.130491 0.036745 0.953828 0.268020
1784010310.261073112 10.696380 5.390783 -0.153076 -0.130517 0.036633 0.954015 0.267354
1784010310.266894102 10.693225 5.391924 -0.153053 -0.130498 0.036478 0.954288 0.266408
1784010310.271284103 10.690860 5.392777 -0.153038 -0.130458 0.036270 0.954497 0.265707
1784010310.276956081 10.687811 5.393854 -0.153035 -0.130322 0.035971 0.954779 0.264800
1784010310.280961037 10.685659 5.394619 -0.153043 -0.130340 0.035792 0.954965 0.264144
1784010310.286926985 10.682435 5.395752 -0.153058 -0.130609 0.035651 0.955207 0.263154
1784010310.290963888 10.680257 5.396531 -0.153076 -0.130721 0.035579 0.955381 0.262474
1784010310.296895027 10.677057 5.397662 -0.153120 -0.130738 0.035430 0.955653 0.261494
1784010310.301003933 10.674860 5.398448 -0.153162 -0.130732 0.035349 0.955844 0.260811
1784010310.306957006 10.671679 5.399567 -0.153237 -0.130681 0.035185 0.956126 0.259823
1784010310.311633110 10.669182 5.400452 -0.153303 -0.130631 0.034968 0.956347 0.259061
1784010310.316605091 10.666518 5.401404 -0.153361 -0.130628 0.034846 0.956576 0.258234
1784010310.321136951 10.664084 5.402288 -0.153403 -0.130745 0.034832 0.956768 0.257465
1784010310.326546192 10.661194 5.403334 -0.153453 -0.130771 0.034828 0.957010 0.256548
1784010310.326546192 10.661194 5.403334 -0.153453 -0.130771 0.034828 0.957010 0.256548
1784010310.326719999 10.661100 5.403364 -0.153455 -0.130771 0.034828 0.957018 0.256519
1784010310.331182957 10.658692 5.404138 -0.153498 -0.130550 0.034743 0.957253 0.255765
1784010310.336894035 10.655603 5.405113 -0.153560 -0.130339 0.034490 0.957542 0.254823
1784010310.341183901 10.653274 5.405864 -0.153602 -0.130413 0.034397 0.957728 0.254100
1784010310.346721888 10.650248 5.406843 -0.153645 -0.130684 0.034460 0.957942 0.253141
1784010310.351075888 10.647873 5.407621 -0.153682 -0.130889 0.034481 0.958109 0.252400
1784010310.356856108 10.644741 5.408629 -0.153737 -0.130935 0.034473 0.958366 0.251401
1784010310.361238956 10.642387 5.409391 -0.153787 -0.130838 0.034409 0.958580 0.250643
1784010310.366730928 10.639425 5.410345 -0.153841 -0.130782 0.034338 0.958830 0.249723
1784010310.371191978 10.637007 5.411138 -0.153874 -0.130912 0.034413 0.959009 0.248955
1784010310.377041101 10.633823 5.412170 -0.153916 -0.131217 0.034501 0.959223 0.247956
1784010310.381118059 10.631619 5.412888 -0.153960 -0.131299 0.034448 0.959388 0.247281
1784010310.387015104 10.628446 5.413899 -0.154038 -0.131137 0.034286 0.959662 0.246328
1784010310.390975952 10.626323 5.414587 -0.154095 -0.131058 0.034196 0.959841 0.245684
1784010310.396924019 10.623111 5.415618 -0.154166 -0.131134 0.034198 0.960081 0.244701
1784010310.401122093 10.620840 5.416357 -0.154215 -0.131268 0.034207 0.960241 0.244001
1784010310.406697035 10.617820 5.417319 -0.154282 -0.131465 0.034145 0.960446 0.243095
1784010310.411465883 10.615248 5.418138 -0.154343 -0.131587 0.034065 0.960630 0.242310
1784010310.416623116 10.612470 5.419020 -0.154403 -0.131629 0.033965 0.960842 0.241461
1784010310.420988083 10.610121 5.419775 -0.154444 -0.131659 0.033925 0.961021 0.240737
1784010310.426830053 10.606969 5.420776 -0.154484 -0.131761 0.033905 0.961248 0.239773
1784010310.426830053 10.606969 5.420776 -0.154484 -0.131761 0.033905 0.961248 0.239773
1784010310.427047968 10.606849 5.420809 -0.154484 -0.131765 0.033903 0.961257 0.239736
1784010310.431190968 10.604571 5.421440 -0.154495 -0.131817 0.033804 0.961426 0.239045
1784010310.436883926 10.601435 5.422292 -0.154523 -0.131809 0.033630 0.961667 0.238100
1784010310.441209078 10.599056 5.422948 -0.154556 -0.131887 0.033534 0.961837 0.237382
1784010310.447009087 10.595862 5.423819 -0.154612 -0.132075 0.033430 0.962052 0.236421
1784010310.450917006 10.593722 5.424414 -0.154664 -0.132114 0.033340 0.962209 0.235772
1784010310.457071066 10.590343 5.425329 -0.154750 -0.132063 0.033115 0.962475 0.234744
1784010310.461136103 10.588112 5.425946 -0.154811 -0.132122 0.032994 0.962638 0.234058
1784010310.467004061 10.584877 5.426830 -0.154884 -0.132367 0.032933 0.962853 0.233041
1784010310.471015930 10.582672 5.427445 -0.154930 -0.132537 0.032933 0.963001 0.232334
1784010310.476875067 10.579454 5.428323 -0.154981 -0.132680 0.032902 0.963229 0.231307
1784010310.481158972 10.577112 5.428970 -0.155011 -0.132729 0.032824 0.963405 0.230559
1784010310.486896992 10.573973 5.429828 -0.155033 -0.132711 0.032708 0.963649 0.229561
1784010310.491282940 10.571577 5.430494 -0.155043 -0.132680 0.032621 0.963837 0.228802
1784010310.496670961 10.568627 5.431307 -0.155051 -0.132699 0.032476 0.964057 0.227881
1784010310.501144886 10.566184 5.431983 -0.155066 -0.132745 0.032343 0.964235 0.227121
1784010310.506764889 10.563122 5.432817 -0.155095 -0.132742 0.032195 0.964464 0.226168
1784010310.511965036 10.560295 5.433588 -0.155135 -0.132708 0.032024 0.964679 0.225295
1784010310.517083883 10.557508 5.434351 -0.155175 -0.132696 0.031859 0.964884 0.224447
1784010310.521155119 10.555291 5.434965 -0.155207 -0.132698 0.031741 0.965044 0.223771
1784010310.526701927 10.552267 5.435785 -0.155250 -0.132727 0.031495 0.965257 0.222871
1784010310.526762009 10.552234 5.435793 -0.155250 -0.132727 0.031491 0.965259 0.222861
1784010310.526762009 10.552234 5.435793 -0.155250 -0.132727 0.031491 0.965259 0.222861
1784010310.531258106 10.549748 5.436390 -0.155268 -0.132755 0.031255 0.965428 0.222143
1784010310.536911964 10.546620 5.437126 -0.155289 -0.132766 0.030924 0.965646 0.221235
1784010310.541302919 10.544192 5.437702 -0.155303 -0.132786 0.030676 0.965814 0.220522
1784010310.546792984 10.541146 5.438418 -0.155305 -0.132846 0.030489 0.966022 0.219599
1784010310.551031113 10.538796 5.438978 -0.155303 -0.132948 0.030405 0.966176 0.218872
1784010310.556935072 10.535525 5.439744 -0.155304 -0.133074 0.030301 0.966392 0.217850
1784010310.561126947 10.533216 5.440291 -0.155319 -0.133097 0.030182 0.966556 0.217125
1784010310.566854954 10.530057 5.441032 -0.155348 -0.133195 0.029992 0.966773 0.216123
1784010310.571243048 10.527639 5.441612 -0.155372 -0.133342 0.029881 0.966928 0.215355
1784010310.576868057 10.524536 5.442358 -0.155406 -0.133480 0.029738 0.967132 0.214369
1784010310.581178904 10.522167 5.442939 -0.155436 -0.133496 0.029617 0.967299 0.213623
1784010310.586873055 10.519039 5.443708 -0.155473 -0.133505 0.029510 0.967517 0.212642
1784010310.591094971 10.516727 5.444288 -0.155503 -0.133562 0.029473 0.967671 0.211910
1784010310.597012043 10.513481 5.445096 -0.155542 -0.133637 0.029423 0.967886 0.210885
1784010310.601180077 10.511198 5.445675 -0.155572 -0.133669 0.029383 0.968038 0.210172
1784010310.606849909 10.508084 5.446464 -0.155604 -0.133762 0.029366 0.968235 0.209204
1784010310.611185074 10.505710 5.447076 -0.155629 -0.133824 0.029393 0.968385 0.208465
1784010310.616888046 10.502588 5.447870 -0.155663 -0.133822 0.029402 0.968595 0.207488
1784010310.621045113 10.500320 5.448446 -0.155694 -0.133819 0.029348 0.968750 0.206772
1784010310.626687050 10.497234 5.449215 -0.155732 -0.133872 0.029281 0.968954 0.205787
1784010310.626867056 10.497136 5.449239 -0.155734 -0.133876 0.029281 0.968961 0.205755
1784010310.626867056 10.497136 5.449239 -0.155734 -0.133876 0.029281 0.968961 0.205755
1784010310.631104946 10.494776 5.449753 -0.155748 -0.133951 0.029271 0.969110 0.205002
1784010310.636900902 10.491546 5.450450 -0.155752 -0.134044 0.029334 0.969314 0.203964
1784010310.641271114 10.489119 5.450984 -0.155752 -0.134047 0.029384 0.969478 0.203174
1784010310.646969080 10.485955 5.451665 -0.155758 -0.133997 0.029325 0.969699 0.202159
1784010310.651335001 10.483537 5.452192 -0.155773 -0.133966 0.029261 0.969865 0.201391
1784010310.656539917 10.480649 5.452821 -0.155800 -0.134019 0.029192 0.970048 0.200486
1784010310.661123037 10.478102 5.453387 -0.155828 -0.134116 0.029102 0.970195 0.199718
1784010310.666855097 10.474918 5.454104 -0.155863 -0.134148 0.029034 0.970385 0.198784
1784010310.671252012 10.472484 5.454670 -0.155891 -0.134111 0.028981 0.970533 0.198091
1784010310.676947117 10.469334 5.455399 -0.155931 -0.134101 0.028802 0.970712 0.197247
1784010310.681091070 10.467049 5.455940 -0.155965 -0.134082 0.028641 0.970839 0.196657
1784010310.686822891 10.463880 5.456684 -0.156009 -0.134097 0.028399 0.971004 0.195865
1784010310.691270113 10.461421 5.457275 -0.156039 -0.134179 0.028239 0.971119 0.195261
1784010310.696716070 10.458406 5.457997 -0.156068 -0.134267 0.028125 0.971262 0.194504
1784010310.701221943 10.455915 5.458598 -0.156094 -0.134280 0.027999 0.971388 0.193882
1784010310.706846952 10.452802 5.459337 -0.156135 -0.134301 0.027788 0.971548 0.193095
1784010310.710860014 10.450582 5.459869 -0.156172 -0.134398 0.027613 0.971653 0.192523
1784010310.716749907 10.447317 5.460641 -0.156229 -0.134598 0.027362 0.971799 0.191680
1784010310.721194983 10.444857 5.461235 -0.156276 -0.134669 0.027232 0.971921 0.191031
1784010310.726731062 10.441793 5.461973 -0.156331 -0.134687 0.027081 0.972082 0.190218
1784010310.726933002 10.441681 5.462001 -0.156333 -0.134686 0.027076 0.972088 0.190188
1784010310.726933002 10.441681 5.462001 -0.156333 -0.134686 0.027076 0.972088 0.190188
1784010310.731184959 10.439295 5.462508 -0.156358 -0.134650 0.026954 0.972223 0.189542
1784010310.736942053 10.436069 5.463189 -0.156387 -0.134548 0.026792 0.972411 0.188666
1784010310.741223097 10.433677 5.463705 -0.156408 -0.134518 0.026698 0.972544 0.188015
1784010310.746822119 10.430546 5.464384 -0.156422 -0.134565 0.026642 0.972707 0.187148
1784010310.751070023 10.428175 5.464914 -0.156427 -0.134602 0.026649 0.972828 0.186486
1784010310.756866932 10.424937 5.465636 -0.156422 -0.134606 0.026659 0.972999 0.185587
1784010310.761245966 10.422499 5.466194 -0.156418 -0.134635 0.026655 0.973120 0.184934
1784010310.766858101 10.419376 5.466907 -0.156411 -0.134710 0.026655 0.973268 0.184100
1784010310.771105051 10.417019 5.467453 -0.156413 -0.134789 0.026612 0.973374 0.183483
1784010310.776911974 10.413789 5.468195 -0.156415 -0.134952 0.026522 0.973509 0.182663
1784010310.781003952 10.411516 5.468728 -0.156419 -0.135081 0.026481 0.973599 0.182090
1784010310.786847115 10.408268 5.469475 -0.156423 -0.135181 0.026347 0.973739 0.181283
1784010310.791162968 10.405880 5.470026 -0.156433 -0.135146 0.026196 0.973856 0.180703
1784010310.796847105 10.402741 5.470733 -0.156448 -0.135068 0.025910 0.974013 0.179956
1784010310.801141977 10.400374 5.471265 -0.156463 -0.135054 0.025649 0.974123 0.179406
1784010310.806762934 10.397268 5.471946 -0.156477 -0.135062 0.025319 0.974264 0.178683
1784010310.811233044 10.394800 5.472487 -0.156487 -0.135047 0.025060 0.974379 0.178101
1784010310.816056013 10.392135 5.473065 -0.156498 -0.135012 0.024811 0.974508 0.177454
1784010310.821175098 10.389308 5.473672 -0.156514 -0.134974 0.024580 0.974648 0.176748
1784010310.826664925 10.386277 5.474312 -0.156541 -0.134974 0.024330 0.974792 0.175985
1784010310.827013016 10.386086 5.474354 -0.156543 -0.134977 0.024315 0.974801 0.175936
1784010310.827013016 10.386086 5.474354 -0.156543 -0.134977 0.024315 0.974801 0.175936
1784010310.831234932 10.383721 5.474774 -0.156557 -0.135028 0.024131 0.974904 0.175348
1784010310.836872101 10.380554 5.475328 -0.156576 -0.135166 0.023867 0.975033 0.174558
1784010310.841397047 10.378012 5.475782 -0.156597 -0.135254 0.023664 0.975140 0.173919
1784010310.846863031 10.374944 5.476332 -0.156623 -0.135283 0.023431 0.975280 0.173141
1784010310.851078987 10.372588 5.476765 -0.156644 -0.135266 0.023276 0.975392 0.172544
1784010310.856841087 10.369374 5.477352 -0.156669 -0.135198 0.023069 0.975552 0.171720
1784010310.861192942 10.366954 5.477809 -0.156687 -0.135106 0.022971 0.975678 0.171090
1784010310.866734982 10.363867 5.478392 -0.156700 -0.135005 0.022903 0.975835 0.170279
1784010310.871241093 10.361357 5.478881 -0.156704 -0.134958 0.022864 0.975960 0.169606
1784010310.876899004 10.358207 5.479493 -0.156706 -0.134882 0.022830 0.976119 0.168754
1784010310.881186008 10.355831 5.479967 -0.156711 -0.134769 0.022795 0.976245 0.168118
1784010310.887082100 10.352559 5.480614 -0.156719 -0.134645 0.022712 0.976412 0.167257
1784010310.890798092 10.350497 5.481036 -0.156728 -0.134637 0.022666 0.976506 0.166717
1784010310.896873951 10.347113 5.481711 -0.156741 -0.134721 0.022598 0.976647 0.165835
1784010310.901163101 10.344724 5.482196 -0.156757 -0.134786 0.022542 0.976744 0.165216
1784010310.906670094 10.341651 5.482811 -0.156779 -0.134852 0.022466 0.976871 0.164416
1784010310.910919905 10.339284 5.483293 -0.156800 -0.134910 0.022461 0.976967 0.163799
1784010310.916625977 10.336111 5.483927 -0.156826 -0.134950 0.022481 0.977099 0.162974
1784010310.920892954 10.333746 5.484402 -0.156853 -0.134907 0.022415 0.977207 0.162369
1784010310.926886082 10.330407 5.485052 -0.156889 -0.134854 0.022232 0.977359 0.161522
1784010310.927235126 10.330213 5.485091 -0.156891 -0.134855 0.022223 0.977367 0.161473
1784010310.927235126 10.330213 5.485091 -0.156891 -0.134855 0.022223 0.977367 0.161473
1784010310.931092024 10.328032 5.485452 -0.156910 -0.134855 0.022121 0.977459 0.160930
1784010310.936892986 10.324751 5.485981 -0.156942 -0.134856 0.022016 0.977596 0.160109
1784010310.941380024 10.322222 5.486394 -0.156972 -0.134801 0.021924 0.977709 0.159479
1784010310.946933985 10.319093 5.486895 -0.157013 -0.134686 0.021771 0.977854 0.158707
1784010310.951227903 10.316673 5.487288 -0.157043 -0.134647 0.021647 0.977958 0.158113
1784010310.956582069 10.313649 5.487775 -0.157067 -0.134667 0.021534 0.978078 0.157367
1784010310.961023092 10.311141 5.488187 -0.157078 -0.134691 0.021443 0.978176 0.156748
1784010310.966878891 10.307836 5.488722 -0.157085 -0.134679 0.021280 0.978310 0.155943
1784010310.971072912 10.305481 5.489115 -0.157087 -0.134617 0.021181 0.978412 0.155367
1784010310.976839066 10.302245 5.489648 -0.157088 -0.134491 0.021078 0.978558 0.154572
1784010310.981283903 10.299752 5.490071 -0.157089 -0.134425 0.020998 0.978664 0.153969
1784010310.986844063 10.296630 5.490601 -0.157090 -0.134337 0.020899 0.978796 0.153216
1784010310.991322994 10.294117 5.491041 -0.157097 -0.134241 0.020824 0.978904 0.152622
1784010310.996718884 10.291089 5.491574 -0.157116 -0.134186 0.020729 0.979025 0.151905
1784010311.001105070 10.288634 5.492015 -0.157145 -0.134172 0.020638 0.979118 0.151327
1784010311.006731033 10.285488 5.492574 -0.157195 -0.134128 0.020476 0.979239 0.150603
1784010311.010926962 10.283147 5.493005 -0.157234 -0.134080 0.020383 0.979329 0.150071
1784010311.016268969 10.280156 5.493559 -0.157275 -0.134128 0.020331 0.979427 0.149399
1784010311.021188974 10.277399 5.494084 -0.157302 -0.134247 0.020274 0.979502 0.148803
1784010311.026491165 10.274435 5.494656 -0.157326 -0.134305 0.020224 0.979590 0.148178
1784010311.026491165 10.274435 5.494656 -0.157326 -0.134305 0.020224 0.979590 0.148178
1784010311.026633978 10.274355 5.494669 -0.157326 -0.134306 0.020222 0.979592 0.148161
1784010311.031059980 10.271863 5.495078 -0.157328 -0.134268 0.020140 0.979676 0.147652
1784010311.036848068 10.268609 5.495614 -0.157325 -0.134225 0.020026 0.979781 0.147009
1784010311.041366100 10.266074 5.496048 -0.157322 -0.134185 0.019946 0.979862 0.146516
1784010311.046857119 10.262989 5.496575 -0.157318 -0.134121 0.019784 0.979961 0.145933
1784010311.051163912 10.260570 5.497001 -0.157320 -0.134078 0.019639 0.980036 0.145491
1784010311.056845903 10.257377 5.497567 -0.157328 -0.134067 0.019482 0.980124 0.144926
1784010311.061100006 10.254995 5.498004 -0.157347 -0.134053 0.019357 0.980188 0.144523
1784010311.066849947 10.251777 5.498591 -0.157382 -0.133980 0.019139 0.980280 0.143995
1784010311.070955038 10.249481 5.499023 -0.157412 -0.133957 0.018995 0.980340 0.143623
1784010311.076843023 10.246180 5.499637 -0.157445 -0.133992 0.018792 0.980417 0.143096
1784010311.081198931 10.243741 5.500103 -0.157468 -0.134015 0.018647 0.980472 0.142714
1784010311.086850882 10.240582 5.500700 -0.157490 -0.134013 0.018475 0.980548 0.142213
1784010311.091213942 10.238153 5.501167 -0.157503 -0.134014 0.018306 0.980607 0.141828
1784010311.096858978 10.235010 5.501768 -0.157507 -0.134006 0.018112 0.980684 0.141325
1784010311.101479053 10.232440 5.502270 -0.157503 -0.133997 0.018014 0.980748 0.140904
1784010311.106676102 10.229547 5.502840 -0.157492 -0.133988 0.017930 0.980820 0.140418
1784010311.111049891 10.227117 5.503329 -0.157484 -0.133950 0.017876 0.980884 0.140019
1784010311.116027117 10.224357 5.503884 -0.157486 -0.133853 0.017800 0.980963 0.139561
1784010311.121052980 10.221572 5.504445 -0.157504 -0.133759 0.017642 0.981043 0.139114
1784010311.126588106 10.218501 5.505068 -0.157537 -0.133741 0.017423 0.981115 0.138645
1784010311.126753092 10.218409 5.505087 -0.157538 -0.133740 0.017418 0.981118 0.138631
1784010311.126753092 10.218409 5.505087 -0.157538 -0.133740 0.017418 0.981118 0.138631
1784010311.131211042 10.215910 5.505534 -0.157553 -0.133734 0.017288 0.981171 0.138274
1784010311.136869907 10.212735 5.506110 -0.157575 -0.133687 0.017136 0.981242 0.137835
1784010311.141050100 10.210395 5.506551 -0.157599 -0.133633 0.017023 0.981294 0.137528
1784010311.146907091 10.207120 5.507170 -0.157635 -0.133543 0.016867 0.981367 0.137116
1784010311.151457071 10.204579 5.507669 -0.157667 -0.133509 0.016773 0.981415 0.136813
1784010311.156666040 10.201667 5.508247 -0.157701 -0.133537 0.016665 0.981459 0.136489
1784010311.160887957 10.199308 5.508732 -0.157729 -0.133559 0.016584 0.981492 0.136237
1784010311.166795015 10.196005 5.509419 -0.157762 -0.133523 0.016526 0.981544 0.135901
1784010311.171183109 10.193556 5.509948 -0.157789 -0.133492 0.016488 0.981582 0.135666
1784010311.176678896 10.190493 5.510616 -0.157823 -0.133444 0.016431 0.981630 0.135369
1784010311.180836916 10.188177 5.511134 -0.157855 -0.133443 0.016369 0.981661 0.135153
1784010311.186856985 10.184814 5.511888 -0.157898 -0.133570 0.016286 0.981687 0.134850
1784010311.191148043 10.182417 5.512450 -0.157927 -0.133700 0.016302 0.981699 0.134635
1784010311.196815968 10.179253 5.513206 -0.157959 -0.133744 0.016338 0.981728 0.134374
1784010311.201057911 10.176893 5.513791 -0.157984 -0.133673 0.016378 0.981761 0.134199
1784010311.206679106 10.173772 5.514568 -0.158019 -0.133567 0.016392 0.981802 0.134000
1784010311.210939884 10.171413 5.515172 -0.158053 -0.133531 0.016355 0.981825 0.133870
1784010311.215960979 10.168628 5.515896 -0.158090 -0.133486 0.016368 0.981851 0.133725
1784010311.221645117 10.165470 5.516733 -0.158123 -0.133508 0.016396 0.981866 0.133588
1784010311.226716995 10.162656 5.517498 -0.158144 -0.133496 0.016441 0.981882 0.133481
1784010311.226751089 10.162637 5.517502 -0.158144 -0.133495 0.016441 0.981882 0.133480
1784010311.226751089 10.162637 5.517502 -0.158144 -0.133495 0.016441 0.981882 0.133480
1784010311.231019020 10.160264 5.518089 -0.158145 -0.133401 0.016470 0.981905 0.133402
1784010311.236844063 10.157031 5.518884 -0.158144 -0.133231 0.016390 0.981939 0.133326
1784010311.241305113 10.154555 5.519506 -0.158142 -0.133166 0.016332 0.981956 0.133280
1784010311.246866941 10.151463 5.520288 -0.158124 -0.133209 0.016347 0.981958 0.133216
1784010311.251162052 10.149077 5.520904 -0.158104 -0.133259 0.016365 0.981957 0.133173
1784010311.256844997 10.145923 5.521714 -0.158075 -0.133209 0.016358 0.981973 0.133107
1784010311.261333942 10.143438 5.522362 -0.158056 -0.133117 0.016348 0.981992 0.133054
1784010311.266717911 10.140455 5.523136 -0.158041 -0.133014 0.016336 0.982016 0.132982
1784010311.271008968 10.138068 5.523763 -0.158037 -0.132992 0.016300 0.982026 0.132935
1784010311.276825905 10.134814 5.524612 -0.158036 -0.133059 0.016263 0.982029 0.132851
1784010311.280924082 10.132522 5.525221 -0.158046 -0.133094 0.016269 0.982033 0.132789
1784010311.286825895 10.129232 5.526081 -0.158083 -0.132948 0.016183 0.982065 0.132705
1784010311.290819883 10.127014 5.526667 -0.158128 -0.132852 0.016129 0.982087 0.132651
1784010311.296637058 10.123774 5.527511 -0.158206 -0.132863 0.016025 0.982098 0.132566
1784010311.301229954 10.121210 5.528190 -0.158274 -0.132996 0.016003 0.982091 0.132488
1784010311.306617022 10.118207 5.528981 -0.158361 -0.133040 0.015962 0.982099 0.132393
1784010311.311228037 10.115640 5.529661 -0.158444 -0.133007 0.015840 0.982113 0.132337
1784010311.316829920 10.112506 5.530489 -0.158543 -0.133054 0.015650 0.982119 0.132261
1784010311.321089983 10.110118 5.531134 -0.158617 -0.133188 0.015609 0.982110 0.132204
1784010311.326774120 10.106937 5.531989 -0.158717 -0.133387 0.015614 0.982094 0.132118
1784010311.326774120 10.106937 5.531989 -0.158717 -0.133387 0.015614 0.982094 0.132118
1784010311.326967001 10.106829 5.532015 -0.158720 -0.133395 0.015613 0.982093 0.132116
1784010311.331093073 10.104521 5.532569 -0.158793 -0.133492 0.015542 0.982086 0.132084
1784010311.336847067 10.101303 5.533333 -0.158884 -0.133518 0.015370 0.982089 0.132055
1784010311.341316938 10.098799 5.533945 -0.158937 -0.133550 0.015325 0.982089 0.132023
1784010311.346482038 10.095904 5.534660 -0.158975 -0.133686 0.015406 0.982078 0.131964
1784010311.350903034 10.093429 5.535284 -0.158987 -0.133802 0.015478 0.982067 0.131912
1784010311.356884003 10.090096 5.536117 -0.158984 -0.133756 0.015346 0.982082 0.131869
1784010311.361221075 10.087688 5.536730 -0.158972 -0.133679 0.015226 0.982096 0.131850
1784010311.366957903 10.084490 5.537549 -0.158931 -0.133785 0.015145 0.982086 0.131831
1784010311.371062994 10.082191 5.538158 -0.158884 -0.133862 0.015094 0.982079 0.131813
1784010311.376950026 10.078900 5.539022 -0.158815 -0.133923 0.015034 0.982075 0.131786
1784010311.381021023 10.076643 5.539621 -0.158783 -0.133967 0.014999 0.982072 0.131764
1784010311.386814117 10.073432 5.540466 -0.158755 -0.133935 0.014865 0.982081 0.131745
1784010311.390837908 10.071194 5.541070 -0.158748 -0.133915 0.014778 0.982088 0.131729
1784010311.396861076 10.067839 5.541971 -0.158758 -0.134095 0.014723 0.982065 0.131718
1784010311.400871038 10.065608 5.542584 -0.158781 -0.134216 0.014694 0.982051 0.131706
1784010311.406800032 10.062315 5.543480 -0.158837 -0.134074 0.014532 0.982073 0.131705
1784010311.411127090 10.059921 5.544141 -0.158896 -0.133971 0.014420 0.982089 0.131700
1784010311.416847944 10.056753 5.545008 -0.158980 -0.133974 0.014332 0.982092 0.131686
1784010311.421153069 10.054361 5.545673 -0.159040 -0.133977 0.014272 0.982094 0.131673
1784010311.426625967 10.051316 5.546516 -0.159109 -0.133982 0.014173 0.982099 0.131643
1784010311.426824093 10.051206 5.546546 -0.159111 -0.133982 0.014170 0.982099 0.131642
1784010311.426824093 10.051206 5.546546 -0.159111 -0.133982 0.014170 0.982099 0.131642
1784010311.431117058 10.048803 5.547142 -0.159138 -0.133981 0.014114 0.982109 0.131572
1784010311.436801910 10.045620 5.547923 -0.159164 -0.133901 0.014109 0.982137 0.131447
1784010311.441155910 10.043183 5.548530 -0.159186 -0.133842 0.014107 0.982157 0.131357
1784010311.446791887 10.040023 5.549312 -0.159208 -0.133926 0.014018 0.982162 0.131241
1784010311.450894117 10.037723 5.549893 -0.159223 -0.133990 0.013955 0.982165 0.131163
1784010311.456748962 10.034437 5.550720 -0.159236 -0.134083 0.013944 0.982170 0.131034
1784010311.461123943 10.031984 5.551355 -0.159242 -0.134154 0.013938 0.982172 0.130943
1784010311.466826916 10.028788 5.552182 -0.159246 -0.134085 0.014030 0.982200 0.130794
1784010311.471031904 10.026437 5.552800 -0.159254 -0.134036 0.014100 0.982220 0.130691
1784010311.476820946 10.023198 5.553647 -0.159259 -0.134132 0.014195 0.982225 0.130544
1784010311.481216908 10.020738 5.554302 -0.159263 -0.134208 0.014270 0.982227 0.130437
1784010311.486644983 10.017697 5.555114 -0.159261 -0.134162 0.014365 0.982249 0.130312
1784010311.490843058 10.015348 5.555755 -0.159260 -0.134128 0.014440 0.982265 0.130220
1784010311.496800900 10.012018 5.556656 -0.159263 -0.134105 0.014497 0.982282 0.130105
1784010311.500937939 10.009718 5.557285 -0.159279 -0.134092 0.014540 0.982293 0.130032
1784010311.506819010 10.006441 5.558171 -0.159303 -0.134069 0.014480 0.982307 0.129959
1784010311.511156082 10.004014 5.558838 -0.159324 -0.134055 0.014438 0.982315 0.129912
1784010311.516971111 10.000756 5.559727 -0.159348 -0.134163 0.014561 0.982310 0.129830
1784010311.521251917 9.998368 5.560386 -0.159370 -0.134245 0.014654 0.982304 0.129775
1784010311.526273966 9.995575 5.561150 -0.159397 -0.134187 0.014670 0.982319 0.129720
1784010311.526736975 9.995318 5.561221 -0.159400 -0.134177 0.014664 0.982321 0.129717
1784010311.526736975 9.995318 5.561221 -0.159400 -0.134177 0.014664 0.982321 0.129717
1784010311.531182051 9.992843 5.561836 -0.159405 -0.134078 0.014607 0.982338 0.129699
1784010311.536875010 9.989666 5.562618 -0.159404 -0.134174 0.014607 0.982329 0.129668
1784010311.541335106 9.987174 5.563241 -0.159397 -0.134250 0.014608 0.982321 0.129646
1784010311.546703100 9.984174 5.563989 -0.159375 -0.134289 0.014657 0.982320 0.129611
1784010311.550868988 9.981849 5.564574 -0.159356 -0.134257 0.014673 0.982328 0.129584
1784010311.556809902 9.978543 5.565400 -0.159326 -0.134088 0.014674 0.982356 0.129542
1784010311.560854912 9.976299 5.565971 -0.159317 -0.133976 0.014681 0.982375 0.129514
1784010311.566812992 9.972986 5.566806 -0.159305 -0.133978 0.014676 0.982381 0.129465
1784010311.571099043 9.970600 5.567418 -0.159305 -0.134050 0.014641 0.982376 0.129436
1784010311.576982021 9.967324 5.568256 -0.159303 -0.134061 0.014595 0.982380 0.129398
1784010311.581085920 9.965047 5.568853 -0.159305 -0.134000 0.014619 0.982393 0.129359
1784010311.586850882 9.961853 5.569687 -0.159302 -0.133940 0.014716 0.982409 0.129291
1784010311.591146946 9.959475 5.570316 -0.159305 -0.133956 0.014778 0.982412 0.129245
1784010311.596878052 9.956297 5.571151 -0.159305 -0.134030 0.014835 0.982409 0.129184
1784010311.601413965 9.953777 5.571825 -0.159305 -0.134162 0.014888 0.982397 0.129135
1784010311.606457949 9.950976 5.572581 -0.159295 -0.134311 0.014999 0.982382 0.129081
1784010311.611088037 9.948417 5.573280 -0.159285 -0.134305 0.015108 0.982387 0.129036
1784010311.616646051 9.945359 5.574111 -0.159282 -0.134152 0.015126 0.982413 0.128990
1784010311.621860027 9.942490 5.574892 -0.159286 -0.134082 0.015089 0.982428 0.128958
1784010311.626590967 9.939878 5.575610 -0.159291 -0.134205 0.015074 0.982414 0.128939
1784010311.626590967 9.939878 5.575610 -0.159291 -0.134205 0.015074 0.982414 0.128939
1784010311.626852989 9.939733 5.575646 -0.159291 -0.134212 0.015074 0.982413 0.128938
1784010311.631048918 9.937401 5.576224 -0.159278 -0.134354 0.015114 0.982394 0.128932
1784010311.636837006 9.934193 5.577015 -0.159254 -0.134358 0.015201 0.982392 0.128928
1784010311.641180038 9.931797 5.577614 -0.159240 -0.134260 0.015170 0.982404 0.128944
1784010311.646873951 9.928657 5.578389 -0.159222 -0.134138 0.015084 0.982419 0.128967
1784010311.651309967 9.926210 5.579000 -0.159216 -0.134165 0.015021 0.982414 0.128982
1784010311.656861067 9.923140 5.579756 -0.159205 -0.134329 0.014877 0.982389 0.129023
1784010311.660995007 9.920855 5.580327 -0.159199 -0.134410 0.014782 0.982376 0.129044
1784010311.666888952 9.917602 5.581133 -0.159175 -0.134418 0.014721 0.982374 0.129061
1784010311.671046972 9.915317 5.581711 -0.159157 -0.134389 0.014706 0.982379 0.129052
1784010311.676878929 9.912116 5.582506 -0.159128 -0.134358 0.014682 0.982388 0.129022
1784010311.681030989 9.909838 5.583081 -0.159111 -0.134407 0.014651 0.982384 0.129000
1784010311.686633110 9.906758 5.583851 -0.159082 -0.134515 0.014626 0.982375 0.128961
1784010311.691009998 9.904355 5.584466 -0.159061 -0.134555 0.014609 0.982373 0.128937
1784010311.696785927 9.901191 5.585276 -0.159031 -0.134460 0.014632 0.982391 0.128895
1784010311.701236963 9.898766 5.585909 -0.159019 -0.134314 0.014626 0.982416 0.128859
1784010311.706762075 9.895755 5.586690 -0.159015 -0.134178 0.014505 0.982440 0.128831
1784010311.710911989 9.893489 5.587288 -0.159021 -0.134184 0.014409 0.982442 0.128819
1784010311.716610909 9.890366 5.588112 -0.159020 -0.134340 0.014389 0.982423 0.128804
1784010311.721832037 9.887511 5.588882 -0.159013 -0.134406 0.014447 0.982416 0.128783
1784010311.726680040 9.884870 5.589602 -0.159010 -0.134281 0.014487 0.982435 0.128765
1784010311.726680040 9.884870 5.589602 -0.159010 -0.134281 0.014487 0.982435 0.128765
1784010311.726866961 9.884768 5.589627 -0.159010 -0.134277 0.014488 0.982436 0.128764
1784010311.731292009 9.882357 5.590226 -0.159008 -0.134121 0.014477 0.982461 0.128736
1784010311.736836910 9.879332 5.590974 -0.159008 -0.134055 0.014451 0.982474 0.128707
1784010311.741214991 9.876938 5.591576 -0.159011 -0.134104 0.014415 0.982469 0.128694
1784010311.746788979 9.873883 5.592346 -0.159014 -0.134179 0.014395 0.982461 0.128680
1784010311.751035929 9.871557 5.592945 -0.159018 -0.134173 0.014452 0.982464 0.128657
1784010311.756772995 9.868421 5.593747 -0.159027 -0.134116 0.014496 0.982478 0.128609
1784010311.761137962 9.866039 5.594364 -0.159041 -0.134078 0.014529 0.982487 0.128571
1784010311.766511917 9.863099 5.595126 -0.159061 -0.134127 0.014600 0.982486 0.128519
1784010311.771042109 9.860613 5.595778 -0.159078 -0.134287 0.014619 0.982469 0.128486
1784010311.776806116 9.857449 5.596611 -0.159088 -0.134414 0.014707 0.982458 0.128428
1784010311.781003952 9.855151 5.597233 -0.159093 -0.134400 0.014794 0.982463 0.128388
1784010311.786807060 9.851984 5.598086 -0.159097 -0.134263 0.014877 0.982487 0.128337
1784010311.791058064 9.849671 5.598720 -0.159105 -0.134135 0.014967 0.982510 0.128292
1784010311.796823978 9.846525 5.599574 -0.159120 -0.134075 0.015032 0.982522 0.128250
1784010311.801251888 9.844103 5.600241 -0.159133 -0.134131 0.015078 0.982517 0.128227
1784010311.806847095 9.841040 5.601086 -0.159139 -0.134170 0.015182 0.982513 0.128201
1784010311.810915947 9.838819 5.601709 -0.159141 -0.134119 0.015230 0.982522 0.128185
1784010311.816654921 9.835693 5.602578 -0.159136 -0.133924 0.015258 0.982551 0.128158
1784010311.820972919 9.833346 5.603239 -0.159130 -0.133813 0.015273 0.982569 0.128138
1784010311.826417923 9.830382 5.604068 -0.159111 -0.133803 0.015294 0.982572 0.128121
1784010311.826600075 9.830283 5.604095 -0.159110 -0.133805 0.015296 0.982572 0.128120
1784010311.826600075 9.830283 5.604095 -0.159110 -0.133805 0.015296 0.982572 0.128120
1784010311.831264019 9.827731 5.604746 -0.159076 -0.133861 0.015354 0.982566 0.128103
1784010311.836828947 9.824687 5.605521 -0.159022 -0.133879 0.015423 0.982566 0.128076
1784010311.841042042 9.822389 5.606115 -0.158980 -0.133803 0.015490 0.982578 0.128049
1784010311.846637011 9.819345 5.606896 -0.158931 -0.133641 0.015549 0.982604 0.128017
1784010311.851079941 9.816930 5.607522 -0.158908 -0.133560 0.015558 0.982617 0.128000
1784010311.856781006 9.813828 5.608321 -0.158896 -0.133525 0.015549 0.982624 0.127985
1784010311.861119032 9.811463 5.608939 -0.158899 -0.133520 0.015532 0.982624 0.127988
1784010311.866897106 9.808312 5.609760 -0.158912 -0.133478 0.015526 0.982630 0.127988
1784010311.871047974 9.806052 5.610361 -0.158930 -0.133401 0.015549 0.982641 0.127979
1784010311.876825094 9.802909 5.611187 -0.158972 -0.133273 0.015501 0.982660 0.127977
1784010311.880950928 9.800664 5.611785 -0.159013 -0.133203 0.015460 0.982669 0.127984
1784010311.886816025 9.797464 5.612633 -0.159071 -0.133218 0.015440 0.982668 0.127977
1784010311.890902042 9.795230 5.613235 -0.159110 -0.133282 0.015428 0.982659 0.127981
1784010311.896776915 9.792015 5.614096 -0.159162 -0.133341 0.015406 0.982651 0.127983
1784010311.901125908 9.789638 5.614742 -0.159204 -0.133354 0.015391 0.982650 0.127976
1784010311.906662941 9.786616 5.615558 -0.159262 -0.133383 0.015332 0.982648 0.127968
1784010311.911151886 9.784168 5.616230 -0.159313 -0.133440 0.015331 0.982642 0.127960
1784010311.916893005 9.781031 5.617089 -0.159373 -0.133572 0.015396 0.982625 0.127943
1784010311.921066046 9.778749 5.617724 -0.159411 -0.133666 0.015425 0.982614 0.127927
1784010311.925945997 9.776083 5.618466 -0.159445 -0.133720 0.015457 0.982609 0.127902
1784010311.926644087 9.775703 5.618575 -0.159449 -0.133720 0.015463 0.982610 0.127898
1784010311.926644087 9.775703 5.618575 -0.159449 -0.133720 0.015463 0.982610 0.127898
1784010311.931513071 9.773043 5.619252 -0.159469 -0.133699 0.015499 0.982617 0.127857
1784010311.936790943 9.770168 5.619986 -0.159480 -0.133682 0.015517 0.982624 0.127819
1784010311.941010952 9.767872 5.620578 -0.159474 -0.133701 0.015501 0.982625 0.127799
1784010311.946784973 9.764728 5.621386 -0.159443 -0.133707 0.015438 0.982627 0.127783
1784010311.950965881 9.762453 5.621983 -0.159404 -0.133682 0.015417 0.982631 0.127782
1784010311.956805944 9.759282 5.622813 -0.159339 -0.133624 0.015408 0.982641 0.127768
1784010311.961107016 9.756956 5.623430 -0.159296 -0.133557 0.015369 0.982651 0.127766
1784010311.966854095 9.753853 5.624245 -0.159262 -0.133447 0.015273 0.982667 0.127767
1784010311.971230984 9.751489 5.624873 -0.159255 -0.133415 0.015201 0.982671 0.127774
1784010311.976655960 9.748549 5.625653 -0.159265 -0.133416 0.015138 0.982673 0.127770
1784010311.981020927 9.746185 5.626289 -0.159290 -0.133377 0.015107 0.982679 0.127766
1784010311.986746073 9.743091 5.627120 -0.159350 -0.133210 0.015058 0.982703 0.127764
1784010311.991199970 9.740692 5.627772 -0.159415 -0.133067 0.015013 0.982723 0.127761
1784010311.996660948 9.737744 5.628571 -0.159504 -0.132950 0.014943 0.982741 0.127752
1784010312.000813007 9.735498 5.629190 -0.159572 -0.132917 0.014932 0.982748 0.127738
1784010312.006774902 9.732269 5.630073 -0.159655 -0.132856 0.014930 0.982759 0.127712
1784010312.011023045 9.729973 5.630712 -0.159705 -0.132757 0.014904 0.982775 0.127695
1784010312.016959906 9.726767 5.631599 -0.159769 -0.132524 0.014863 0.982813 0.127654
1784010312.021488905 9.724324 5.632286 -0.159814 -0.132407 0.014825 0.982834 0.127621
1784010312.026632071 9.721544 5.633069 -0.159862 -0.132407 0.014781 0.982839 0.127579
1784010312.026714087 9.721500 5.633081 -0.159863 -0.132408 0.014781 0.982839 0.127578
1784010312.026714087 9.721500 5.633081 -0.159863 -0.132408 0.014781 0.982839 0.127578
1784010312.030952930 9.719180 5.633665 -0.159876 -0.132479 0.014774 0.982834 0.127550
1784010312.036864042 9.715940 5.634478 -0.159888 -0.132532 0.014803 0.982833 0.127496
1784010312.041191101 9.713575 5.635089 -0.159896 -0.132515 0.014878 0.982840 0.127453
1784010312.046773911 9.710527 5.635877 -0.159904 -0.132450 0.015049 0.982854 0.127389
1784010312.051093102 9.708174 5.636497 -0.159912 -0.132439 0.015173 0.982860 0.127339
1784010312.056813002 9.705052 5.637311 -0.159921 -0.132477 0.015290 0.982861 0.127278
1784010312.061249018 9.702635 5.637952 -0.159926 -0.132482 0.015355 0.982865 0.127236
1784010312.066420078 9.699815 5.638706 -0.159928 -0.132394 0.015463 0.982881 0.127194
1784010312.071099043 9.697266 5.639399 -0.159928 -0.132302 0.015608 0.982896 0.127153
1784010312.076801062 9.694166 5.640239 -0.159937 -0.132173 0.015748 0.982915 0.127126
1784010312.080997944 9.691890 5.640861 -0.159957 -0.132069 0.015796 0.982928 0.127122
1784010312.086771965 9.688747 5.641708 -0.159993 -0.132006 0.015833 0.982936 0.127128
1784010312.091243982 9.686310 5.642376 -0.160024 -0.132064 0.015879 0.982926 0.127136
1784010312.096766949 9.683301 5.643199 -0.160055 -0.132088 0.016026 0.982920 0.127142
1784010312.101172924 9.680907 5.643863 -0.160079 -0.132014 0.016142 0.982927 0.127148
1784010312.106801033 9.677847 5.644699 -0.160106 -0.131911 0.016211 0.982938 0.127162
1784010312.110893965 9.675625 5.645311 -0.160125 -0.131889 0.016248 0.982939 0.127168
1784010312.116942883 9.672333 5.646203 -0.160144 -0.131889 0.016299 0.982938 0.127170
1784010312.121215105 9.670009 5.646844 -0.160153 -0.131886 0.016326 0.982937 0.127179
1784010312.125893116 9.667466 5.647547 -0.160156 -0.131807 0.016394 0.982946 0.127180
1784010312.126582146 9.667093 5.647654 -0.160156 -0.131786 0.016402 0.982949 0.127181
1784010312.126582146 9.667093 5.647654 -0.160156 -0.131786 0.016402 0.982949 0.127181
1784010312.130862951 9.664740 5.648245 -0.160141 -0.131651 0.016446 0.982966 0.127183
1784010312.136795044 9.661484 5.649057 -0.160125 -0.131458 0.016490 0.982991 0.127186
1784010312.141084909 9.659135 5.649651 -0.160124 -0.131389 0.016498 0.982999 0.127188
1784010312.146486044 9.656169 5.650397 -0.160128 -0.131360 0.016461 0.983003 0.127194
1784010312.151120901 9.653623 5.651048 -0.160134 -0.131358 0.016478 0.983003 0.127199
1784010312.156776905 9.650517 5.651849 -0.160134 -0.131347 0.016587 0.983003 0.127191
1784010312.161170959 9.648117 5.652481 -0.160133 -0.131298 0.016693 0.983010 0.127172
1784010312.166981936 9.644947 5.653310 -0.160136 -0.131157 0.016757 0.983029 0.127164
1784010312.170958996 9.642780 5.653886 -0.160142 -0.131117 0.016798 0.983034 0.127162
1784010312.176835060 9.639563 5.654740 -0.160141 -0.131236 0.016935 0.983017 0.127151
1784010312.180902958 9.637340 5.655344 -0.160139 -0.131329 0.017050 0.983004 0.127142
1784010312.186749935 9.634152 5.656208 -0.160137 -0.131242 0.017230 0.983015 0.127123
1784010312.191109896 9.631786 5.656858 -0.160142 -0.131114 0.017314 0.983031 0.127123
1784010312.196790934 9.628702 5.657703 -0.160154 -0.131048 0.017381 0.983037 0.127129
1784010312.201134920 9.626344 5.658358 -0.160167 -0.131095 0.017452 0.983029 0.127138
1784010312.206975937 9.623166 5.659236 -0.160183 -0.131164 0.017489 0.983013 0.127183
1784010312.211069107 9.620944 5.659861 -0.160195 -0.131151 0.017503 0.983010 0.127217
1784010312.216706038 9.617887 5.660718 -0.160208 -0.131040 0.017572 0.983019 0.127255
1784010312.221105099 9.615512 5.661389 -0.160221 -0.130949 0.017598 0.983027 0.127282
1784010312.226779938 9.612442 5.662244 -0.160242 -0.130913 0.017546 0.983026 0.127333
1784010312.226808071 9.612426 5.662247 -0.160242 -0.130913 0.017545 0.983026 0.127333
1784010312.226808071 9.612426 5.662247 -0.160242 -0.130913 0.017545 0.983026 0.127333
1784010312.231597900 9.609787 5.662915 -0.160248 -0.131006 0.017465 0.983007 0.127393
1784010312.236785889 9.606922 5.663640 -0.160249 -0.131140 0.017391 0.982983 0.127456
1784010312.241213083 9.604482 5.664265 -0.160243 -0.131205 0.017391 0.982969 0.127493
1784010312.246556044 9.601547 5.665017 -0.160229 -0.131180 0.017431 0.982967 0.127531
1784010312.250912905 9.599164 5.665631 -0.160221 -0.131112 0.017447 0.982973 0.127551
1784010312.256730080 9.595974 5.666442 -0.160211 -0.131117 0.017404 0.982968 0.127587
1784010312.261365891 9.593427 5.667096 -0.160203 -0.131227 0.017382 0.982952 0.127607
1784010312.266583920 9.590557 5.667839 -0.160188 -0.131340 0.017390 0.982934 0.127624
1784010312.271157980 9.588052 5.668497 -0.160176 -0.131288 0.017408 0.982938 0.127643
1784010312.276590109 9.585089 5.669277 -0.160168 -0.131049 0.017403 0.982968 0.127663
1784010312.281048059 9.582662 5.669923 -0.160175 -0.130898 0.017365 0.982985 0.127687
1784010312.286951065 9.579430 5.670781 -0.160187 -0.130897 0.017318 0.982981 0.127726
1784010312.290802956 9.577316 5.671354 -0.160196 -0.130952 0.017325 0.982971 0.127749
1784010312.296643019 9.574096 5.672226 -0.160202 -0.131017 0.017365 0.982956 0.127788
1784010312.301239014 9.571573 5.672924 -0.160207 -0.131005 0.017452 0.982954 0.127807
1784010312.306828022 9.568520 5.673770 -0.160224 -0.130849 0.017546 0.982969 0.127835
1784010312.311131954 9.566178 5.674428 -0.160251 -0.130740 0.017555 0.982980 0.127865
1784010312.316809893 9.563079 5.675298 -0.160289 -0.130824 0.017625 0.982962 0.127903
1784010312.321033001 9.560775 5.675955 -0.160316 -0.130973 0.017700 0.982938 0.127925
1784010312.326544046 9.557762 5.676815 -0.160347 -0.131044 0.017791 0.982924 0.127954
1784010312.326544046 9.557762 5.676815 -0.160347 -0.131044 0.017791 0.982924 0.127954
1784010312.326754093 9.557645 5.676845 -0.160347 -0.131046 0.017794 0.982923 0.127954
1784010312.331083059 9.555241 5.677468 -0.160351 -0.131048 0.017924 0.982920 0.127957
1784010312.336762905 9.552093 5.678280 -0.160358 -0.131053 0.018085 0.982917 0.127955
1784010312.341056108 9.549722 5.678902 -0.160371 -0.131024 0.018166 0.982918 0.127964
1784010312.346708059 9.546585 5.679720 -0.160392 -0.131047 0.018239 0.982910 0.127990
1784010312.350987911 9.544202 5.680353 -0.160408 -0.131205 0.018286 0.982886 0.128009
1784010312.356784105 9.540975 5.681209 -0.160431 -0.131336 0.018383 0.982863 0.128038
1784010312.361079931 9.538602 5.681854 -0.160453 -0.131255 0.018479 0.982869 0.128060
1784010312.366828918 9.535425 5.682713 -0.160487 -0.131077 0.018638 0.982887 0.128077
1784010312.371186972 9.533015 5.683374 -0.160517 -0.131088 0.018762 0.982882 0.128088
1784010312.376631975 9.529994 5.684200 -0.160555 -0.131205 0.018929 0.982861 0.128106
1784010312.380974054 9.527587 5.684867 -0.160584 -0.131286 0.019086 0.982847 0.128109
1784010312.386748075 9.524382 5.685749 -0.160610 -0.131316 0.019227 0.982839 0.128114
1784010312.390752077 9.522169 5.686369 -0.160624 -0.131267 0.019283 0.982844 0.128123
1784010312.396763086 9.518848 5.687293 -0.160635 -0.131122 0.019398 0.982859 0.128137
1784010312.401186943 9.516411 5.687984 -0.160635 -0.131111 0.019496 0.982857 0.128148
1784010312.406486034 9.513482 5.688807 -0.160622 -0.131202 0.019576 0.982842 0.128158
1784010312.411139011 9.510910 5.689535 -0.160601 -0.131227 0.019613 0.982835 0.128178
1784010312.416620970 9.507881 5.690393 -0.160568 -0.131161 0.019688 0.982839 0.128202
1784010312.421217918 9.505350 5.691121 -0.160540 -0.131128 0.019805 0.982841 0.128209
1784010312.426622152 9.502377 5.691971 -0.160520 -0.131095 0.019886 0.982840 0.128233
1784010312.426622152 9.502377 5.691971 -0.160520 -0.131095 0.019886 0.982840 0.128233
1784010312.426714897 9.502325 5.691984 -0.160519 -0.131094 0.019887 0.982840 0.128233
1784010312.431276083 9.499788 5.692645 -0.160498 -0.131019 0.019919 0.982847 0.128256
1784010312.436793089 9.496710 5.693442 -0.160488 -0.131006 0.019931 0.982844 0.128285
1784010312.441246033 9.494222 5.694095 -0.160488 -0.131070 0.019965 0.982832 0.128308
1784010312.446924925 9.491050 5.694926 -0.160497 -0.131042 0.020060 0.982831 0.128330
1784010312.451054096 9.488750 5.695537 -0.160519 -0.130959 0.020063 0.982838 0.128362
1784010312.456904888 9.485487 5.696396 -0.160563 -0.130895 0.020026 0.982842 0.128403
1784010312.460733891 9.483353 5.696968 -0.160598 -0.130941 0.020024 0.982833 0.128422
1784010312.466748953 9.479986 5.697859 -0.160648 -0.131050 0.020013 0.982814 0.128458
1784010312.471133947 9.477530 5.698519 -0.160685 -0.131110 0.020003 0.982804 0.128480
1784010312.476794958 9.474359 5.699367 -0.160728 -0.131191 0.019983 0.982790 0.128502
1784010312.481065035 9.471976 5.700016 -0.160765 -0.131255 0.019982 0.982780 0.128518
1784010312.486746073 9.468802 5.700881 -0.160812 -0.131368 0.020047 0.982761 0.128532
1784010312.490952015 9.466447 5.701535 -0.160846 -0.131491 0.020104 0.982742 0.128546
1784010312.496560097 9.463287 5.702410 -0.160883 -0.131700 0.020216 0.982711 0.128548
1784010312.500744104 9.460931 5.703074 -0.160908 -0.131860 0.020355 0.982688 0.128540
1784010312.506752968 9.457566 5.704018 -0.160945 -0.132004 0.020546 0.982668 0.128515
1784010312.511039972 9.455183 5.704699 -0.160977 -0.132061 0.020604 0.982658 0.128525
1784010312.516809940 9.451975 5.705617 -0.161003 -0.132184 0.020671 0.982636 0.128555
1784010312.521044016 9.449625 5.706306 -0.161000 -0.132291 0.020790 0.982617 0.128575
1784010312.526407003 9.446645 5.707174 -0.160966 -0.132372 0.020895 0.982600 0.128605
1784010312.526407003 9.446645 5.707174 -0.160966 -0.132372 0.020895 0.982600 0.128605
1784010312.526714087 9.446474 5.707219 -0.160962 -0.132377 0.020901 0.982598 0.128607
1784010312.531172037 9.443984 5.707876 -0.160903 -0.132388 0.020854 0.982590 0.128665
1784010312.536721945 9.440902 5.708685 -0.160826 -0.132245 0.020763 0.982601 0.128748
1784010312.540992975 9.438537 5.709314 -0.160775 -0.132148 0.020655 0.982604 0.128839
1784010312.546627045 9.435402 5.710143 -0.160713 -0.132181 0.020576 0.982587 0.128945
1784010312.551063061 9.432932 5.710804 -0.160676 -0.132283 0.020575 0.982565 0.129015
1784010312.556777000 9.429756 5.711643 -0.160659 -0.132227 0.020495 0.982562 0.129105
1784010312.560998917 9.427415 5.712265 -0.160674 -0.132091 0.020412 0.982573 0.129170
1784010312.566802025 9.424184 5.713122 -0.160710 -0.132103 0.020419 0.982563 0.129237
1784010312.571055889 9.421815 5.713764 -0.160749 -0.132235 0.020518 0.982539 0.129266
1784010312.576889038 9.418569 5.714639 -0.160808 -0.132293 0.020602 0.982523 0.129316
1784010312.580991983 9.416291 5.715260 -0.160852 -0.132238 0.020597 0.982526 0.129353
1784010312.586899042 9.413003 5.716150 -0.160902 -0.132155 0.020512 0.982533 0.129394
1784010312.590950966 9.410751 5.716773 -0.160932 -0.132117 0.020467 0.982536 0.129416
1784010312.596744061 9.407534 5.717667 -0.160962 -0.132031 0.020515 0.982544 0.129440
1784010312.601022959 9.405162 5.718338 -0.160986 -0.132030 0.020508 0.982542 0.129458
1784010312.606625080 9.402051 5.719216 -0.161014 -0.132122 0.020429 0.982526 0.129497
1784010312.610852957 9.399705 5.719892 -0.161036 -0.132194 0.020370 0.982514 0.129526
1784010312.616741896 9.396430 5.720835 -0.161056 -0.132282 0.020535 0.982497 0.129536
1784010312.620898962 9.394116 5.721517 -0.161068 -0.132347 0.020653 0.982485 0.129543
1784010312.626571894 9.390961 5.722444 -0.161083 -0.132415 0.020829 0.982470 0.129553
1784010312.626684189 9.390898 5.722462 -0.161083 -0.132416 0.020831 0.982470 0.129554
1784010312.626684189 9.390898 5.722462 -0.161083 -0.132416 0.020831 0.982470 0.129554
1784010312.631778002 9.388055 5.723231 -0.161096 -0.132419 0.020901 0.982466 0.129574
1784010312.636770010 9.385262 5.723990 -0.161106 -0.132481 0.020985 0.982453 0.129590
1784010312.641129017 9.382813 5.724664 -0.161109 -0.132537 0.021061 0.982442 0.129605
1784010312.646852016 9.379599 5.725544 -0.161117 -0.132489 0.021161 0.982443 0.129632
1784010312.651269913 9.377122 5.726228 -0.161134 -0.132311 0.021182 0.982461 0.129674
1784010312.656733036 9.374036 5.727078 -0.161166 -0.132291 0.021204 0.982456 0.129727
1784010312.660967112 9.371628 5.727749 -0.161198 -0.132278 0.021224 0.982452 0.129769
1784010312.666692019 9.368370 5.728647 -0.161255 -0.132360 0.021290 0.982432 0.129826
1784010312.670761108 9.366073 5.729284 -0.161311 -0.132422 0.021341 0.982417 0.129868
1784010312.676794052 9.362652 5.730227 -0.161386 -0.132489 0.021456 0.982400 0.129912
1784010312.681158066 9.360157 5.730929 -0.161421 -0.132541 0.021543 0.982386 0.129945
1784010312.686603069 9.357045 5.731804 -0.161460 -0.132615 0.021660 0.982368 0.129992
1784010312.690984964 9.354568 5.732503 -0.161503 -0.132678 0.021758 0.982352 0.130031
1784010312.696800947 9.351286 5.733428 -0.161549 -0.132706 0.021679 0.982338 0.130116
1784010312.700855970 9.348993 5.734088 -0.161563 -0.132730 0.021628 0.982328 0.130176
1784010312.706758022 9.345652 5.735044 -0.161568 -0.132680 0.021782 0.982326 0.130223
1784010312.711153984 9.343170 5.735758 -0.161571 -0.132646 0.021901 0.982323 0.130259
1784010312.716578960 9.340114 5.736634 -0.161583 -0.132572 0.021773 0.982327 0.130327
1784010312.720944881 9.337663 5.737342 -0.161610 -0.132514 0.021672 0.982329 0.130382
1784010312.726577997 9.334493 5.738264 -0.161646 -0.132564 0.021812 0.982313 0.130429
1784010312.726642132 9.334456 5.738274 -0.161646 -0.132567 0.021814 0.982313 0.130429
1784010312.726642132 9.334456 5.738274 -0.161646 -0.132567 0.021814 0.982313 0.130429
1784010312.731808901 9.331521 5.739062 -0.161667 -0.132845 0.022012 0.982266 0.130469
1784010312.736769915 9.328721 5.739813 -0.161698 -0.132888 0.022094 0.982251 0.130520
1784010312.741051912 9.326326 5.740456 -0.161739 -0.132928 0.022165 0.982238 0.130564
1784010312.746742010 9.323140 5.741311 -0.161789 -0.133059 0.022249 0.982211 0.130619
1784010312.751058102 9.320708 5.741984 -0.161807 -0.133162 0.022312 0.982190 0.130660
1784010312.756772995 9.317487 5.742868 -0.161828 -0.133232 0.022528 0.982171 0.130695
1784010312.761049986 9.315096 5.743526 -0.161854 -0.133289 0.022689 0.982156 0.130721
1784010312.766783953 9.311890 5.744403 -0.161891 -0.133293 0.022706 0.982149 0.130767
1784010312.770967960 9.309545 5.745058 -0.161912 -0.133299 0.022718 0.982144 0.130799
1784010312.776740074 9.306310 5.745958 -0.161949 -0.133328 0.022864 0.982129 0.130858
1784010312.781053066 9.303904 5.746635 -0.161989 -0.133353 0.022973 0.982117 0.130902
1784010312.786909103 9.300633 5.747547 -0.162044 -0.133438 0.022964 0.982095 0.130986
1784010312.790949106 9.298372 5.748189 -0.162077 -0.133500 0.022958 0.982079 0.131043
1784010312.796711922 9.295145 5.749095 -0.162124 -0.133517 0.023010 0.982065 0.131118
1784010312.801027060 9.292741 5.749776 -0.162166 -0.133534 0.023048 0.982055 0.131173
1784010312.806694031 9.289581 5.750660 -0.162227 -0.133651 0.022872 0.982029 0.131273
1784010312.811073065 9.287134 5.751347 -0.162272 -0.133745 0.022736 0.982009 0.131350
1784010312.816778898 9.283933 5.752242 -0.162316 -0.133855 0.022660 0.981985 0.131432
1784010312.820852041 9.281643 5.752893 -0.162338 -0.133965 0.022662 0.981966 0.131465
1784010312.826733112 9.278336 5.753818 -0.162367 -0.134171 0.022585 0.981933 0.131514
1784010312.826733112 9.278336 5.753818 -0.162367 -0.134171 0.022585 0.981933 0.131514
1784010312.826797009 9.278299 5.753827 -0.162367 -0.134173 0.022584 0.981933 0.131515
1784010312.830693960 9.276116 5.754407 -0.162377 -0.134161 0.022527 0.981931 0.131548
1784010312.836779118 9.272705 5.755305 -0.162395 -0.134039 0.022451 0.981943 0.131597
1784010312.841109991 9.270263 5.755955 -0.162404 -0.134166 0.022403 0.981923 0.131626
1784010312.846752882 9.267071 5.756803 -0.162408 -0.134463 0.022393 0.981880 0.131642
1784010312.851021051 9.264670 5.757447 -0.162417 -0.134460 0.022321 0.981880 0.131657
1784010312.856599092 9.261546 5.758284 -0.162443 -0.134206 0.022143 0.981914 0.131694
1784010312.860845089 9.259166 5.758931 -0.162469 -0.134147 0.022048 0.981921 0.131716
1784010312.866859913 9.255779 5.759850 -0.162508 -0.134330 0.022000 0.981895 0.131734
1784010312.870944023 9.253480 5.760484 -0.162541 -0.134419 0.021995 0.981882 0.131744
1784010312.876763105 9.250206 5.761382 -0.162588 -0.134400 0.021932 0.981882 0.131767
1784010312.881010056 9.247817 5.762047 -0.162622 -0.134395 0.021892 0.981883 0.131773
1784010312.886778116 9.244570 5.762957 -0.162668 -0.134429 0.021915 0.981878 0.131774
1784010312.891036987 9.242178 5.763640 -0.162709 -0.134484 0.021966 0.981869 0.131773
1784010312.896763086 9.238969 5.764554 -0.162772 -0.134635 0.022028 0.981846 0.131781
1784010312.900918007 9.236646 5.765223 -0.162822 -0.134764 0.021986 0.981826 0.131805
1784010312.906713963 9.233398 5.766164 -0.162884 -0.134845 0.021986 0.981811 0.131833
1784010312.910978079 9.231000 5.766876 -0.162923 -0.134923 0.022086 0.981798 0.131833
1784010312.916807890 9.227708 5.767851 -0.162973 -0.135135 0.022196 0.981767 0.131833
1784010312.921103954 9.225289 5.768573 -0.163021 -0.135234 0.022185 0.981752 0.131843
1784010312.926615000 9.222199 5.769496 -0.163098 -0.135181 0.022108 0.981757 0.131873
1784010312.926648140 9.222180 5.769500 -0.163099 -0.135181 0.022107 0.981757 0.131873
1784010312.926648140 9.222180 5.769500 -0.163099 -0.135181 0.022107 0.981757 0.131873
1784010312.931201935 9.219604 5.770223 -0.163156 -0.135180 0.022089 0.981755 0.131893
1784010312.935973883 9.216890 5.770992 -0.163214 -0.135394 0.022182 0.981723 0.131897
1784010312.941323042 9.213856 5.771853 -0.163275 -0.135613 0.022352 0.981690 0.131891
1784010312.946604967 9.210885 5.772694 -0.163346 -0.135566 0.022401 0.981695 0.131893
1784010312.951020956 9.208406 5.773399 -0.163409 -0.135447 0.022371 0.981710 0.131905
1784010312.956729889 9.205168 5.774325 -0.163468 -0.135500 0.022458 0.981702 0.131895
1784010312.960900068 9.202788 5.775016 -0.163500 -0.135715 0.022579 0.981672 0.131875
1784010312.966749907 9.199470 5.775971 -0.163536 -0.135863 0.022667 0.981652 0.131861
1784010312.971000910 9.197084 5.776661 -0.163569 -0.135732 0.022612 0.981671 0.131862
1784010312.976725101 9.193869 5.777589 -0.163608 -0.135570 0.022556 0.981696 0.131855
1784010312.980937958 9.191495 5.778285 -0.163625 -0.135697 0.022624 0.981678 0.131844
1784010312.986865997 9.188152 5.779260 -0.163628 -0.135947 0.022765 0.981645 0.131808
1784010312.990957022 9.185854 5.779934 -0.163627 -0.135946 0.022761 0.981646 0.131800
1784010312.996735096 9.182612 5.780874 -0.163623 -0.135837 0.022637 0.981663 0.131807
1784010313.001259089 9.180082 5.781619 -0.163625 -0.135803 0.022599 0.981670 0.131797
1784010313.006637096 9.177074 5.782508 -0.163637 -0.135802 0.022688 0.981672 0.131772
1784010313.010751009 9.174773 5.783191 -0.163658 -0.135825 0.022712 0.981669 0.131760
1784010313.016731024 9.171420 5.784171 -0.163698 -0.135808 0.022585 0.981676 0.131754
1784010313.021169901 9.168933 5.784903 -0.163743 -0.135760 0.022481 0.981686 0.131745
1784010313.026679993 9.165844 5.785815 -0.163809 -0.135734 0.022446 0.981693 0.131722
1784010313.026679993 9.165844 5.785815 -0.163809 -0.135734 0.022446 0.981693 0.131722
1784010313.026752949 9.165803 5.785825 -0.163809 -0.135734 0.022446 0.981693 0.131722
1784010313.030745029 9.163536 5.786444 -0.163860 -0.135760 0.022451 0.981690 0.131716
1784010313.036784887 9.160085 5.787370 -0.163944 -0.135862 0.022365 0.981678 0.131722
1784010313.041316986 9.157498 5.788071 -0.164016 -0.135954 0.022261 0.981666 0.131728
1784010313.046516895 9.154533 5.788874 -0.164102 -0.136023 0.022172 0.981657 0.131739
1784010313.051173925 9.151874 5.789602 -0.164184 -0.136161 0.022075 0.981638 0.131758
1784010313.056735039 9.148696 5.790478 -0.164281 -0.136420 0.022030 0.981599 0.131784
1784010313.061307907 9.146099 5.791208 -0.164362 -0.136570 0.022061 0.981576 0.131797
1784010313.066591024 9.143108 5.792044 -0.164452 -0.136690 0.022098 0.981557 0.131806
1784010313.070832968 9.140707 5.792716 -0.164519 -0.136808 0.022153 0.981544 0.131774
1784010313.076708078 9.137364 5.793632 -0.164597 -0.137060 0.022191 0.981518 0.131696
1784010313.081083059 9.134878 5.794318 -0.164646 -0.137260 0.022217 0.981500 0.131624
1784010313.086569071 9.131776 5.795170 -0.164691 -0.137373 0.022317 0.981496 0.131517
1784010313.090939999 9.129319 5.795846 -0.164718 -0.137390 0.022281 0.981506 0.131432
1784010313.096770048 9.126038 5.796736 -0.164736 -0.137347 0.022184 0.981529 0.131321
1784010313.101087093 9.123608 5.797401 -0.164738 -0.137360 0.022134 0.981540 0.131230
1784010313.106771946 9.120398 5.798268 -0.164729 -0.137538 0.022005 0.981532 0.131123
1784010313.111038923 9.118000 5.798923 -0.164726 -0.137605 0.021955 0.981534 0.131045
1784010313.116702080 9.114830 5.799779 -0.164738 -0.137504 0.021810 0.981564 0.130957
1784010313.120933056 9.112465 5.800421 -0.164761 -0.137424 0.021663 0.981587 0.130893
1784010313.126610994 9.109281 5.801281 -0.164796 -0.137446 0.021641 0.981599 0.130780
1784010313.126610994 9.109281 5.801281 -0.164796 -0.137446 0.021641 0.981599 0.130780
1784010313.126708984 9.109225 5.801294 -0.164796 -0.137446 0.021640 0.981599 0.130777
1784010313.130708933 9.106957 5.801846 -0.164815 -0.137507 0.021591 0.981605 0.130680
1784010313.136764050 9.103518 5.802660 -0.164858 -0.137534 0.021385 0.981626 0.130529
1784010313.141109943 9.101055 5.803248 -0.164903 -0.137515 0.021309 0.981647 0.130400
1784010313.146766901 9.097846 5.804004 -0.164964 -0.137568 0.021293 0.981667 0.130200
1784010313.150880098 9.095517 5.804552 -0.165015 -0.137609 0.021273 0.981683 0.130035
1784010313.156727076 9.092201 5.805305 -0.165087 -0.137593 0.021133 0.981722 0.129780
1784010313.160963058 9.089797 5.805848 -0.165139 -0.137563 0.021004 0.981756 0.129578
1784010313.166718006 9.086515 5.806576 -0.165200 -0.137631 0.020927 0.981789 0.129265
1784010313.171032906 9.084058 5.807121 -0.165251 -0.137742 0.020841 0.981809 0.129014
1784010313.176487923 9.080964 5.807792 -0.165326 -0.137804 0.020739 0.981847 0.128675
1784010313.180965900 9.078434 5.808338 -0.165399 -0.137862 0.020612 0.981877 0.128402
1784010313.186865091 9.075097 5.809042 -0.165480 -0.138028 0.020560 0.981908 0.127996
1784010313.190892935 9.072819 5.809520 -0.165524 -0.138110 0.020515 0.981935 0.127705
1784010313.196732998 9.069493 5.810199 -0.165569 -0.138103 0.020400 0.981996 0.127261
1784010313.201304913 9.066877 5.810729 -0.165595 -0.138135 0.020533 0.982045 0.126824
1784010313.206700087 9.063796 5.811315 -0.165628 -0.138269 0.020533 0.982097 0.126279
1784010313.211076021 9.061320 5.811769 -0.165669 -0.138246 0.020591 0.982164 0.125771
1784010313.216522932 9.058232 5.812292 -0.165717 -0.138127 0.020716 0.982268 0.125064
1784010313.220866919 9.055743 5.812688 -0.165758 -0.138293 0.020429 0.982318 0.124537
1784010313.226557970 9.052465 5.813199 -0.165795 -0.138504 0.020332 0.982386 0.123782
1784010313.226557970 9.052465 5.813199 -0.165795 -0.138504 0.020332 0.982386 0.123782
1784010313.226579905 9.052451 5.813200 -0.165795 -0.138505 0.020332 0.982386 0.123780
1784010313.230751991 9.050031 5.813517 -0.165833 -0.138502 0.020396 0.982452 0.123247
1784010313.236560106 9.046677 5.813921 -0.165916 -0.138377 0.020236 0.982564 0.122517
1784010313.240920067 9.044170 5.814205 -0.165989 -0.138213 0.020179 0.982663 0.121913
1784010313.246809006 9.040748 5.814558 -0.166092 -0.138315 0.019829 0.982751 0.121142
1784010313.250920057 9.038342 5.814815 -0.166159 -0.138556 0.019621 0.982787 0.120611
1784010313.256561995 9.035038 5.815173 -0.166230 -0.138772 0.019745 0.982846 0.119857
1784010313.260843039 9.032551 5.815442 -0.166289 -0.138788 0.019615 0.982911 0.119328
1784010313.266854048 9.029079 5.815807 -0.166376 -0.138473 0.019472 0.983049 0.118576
1784010313.270981073 9.026705 5.816064 -0.166434 -0.138339 0.019428 0.983134 0.118037
1784010313.276731968 9.023377 5.816411 -0.166511 -0.138555 0.019106 0.983194 0.117331
1784010313.281042099 9.020892 5.816684 -0.166565 -0.138647 0.019072 0.983250 0.116758
1784010313.286880016 9.017531 5.817050 -0.166641 -0.138594 0.018997 0.983346 0.116023
1784010313.290967941 9.015187 5.817310 -0.166698 -0.138564 0.018866 0.983414 0.115507
1784010313.296565056 9.011980 5.817660 -0.166774 -0.138540 0.018821 0.983505 0.114762
1784010313.300745010 9.009594 5.817925 -0.166832 -0.138550 0.018755 0.983569 0.114211
1784010313.306704998 9.006183 5.818293 -0.166911 -0.138630 0.018663 0.983650 0.113429
1784010313.310830116 9.003823 5.818556 -0.166957 -0.138721 0.018676 0.983701 0.112868
1784010313.316730022 9.000441 5.818916 -0.167020 -0.138882 0.018639 0.983771 0.112071
1784010313.321162939 8.997916 5.819185 -0.167067 -0.138918 0.018609 0.983836 0.111453
1784010313.326604128 8.994830 5.819501 -0.167131 -0.138849 0.018584 0.983934 0.110678
1784010313.326604128 8.994830 5.819501 -0.167131 -0.138849 0.018584 0.983934 0.110678
1784010313.326870918 8.994677 5.819513 -0.167133 -0.138845 0.018582 0.983939 0.110639
1784010313.330897093 8.992362 5.819695 -0.167155 -0.138773 0.018469 0.984016 0.110058
1784010313.336905003 8.988866 5.819962 -0.167179 -0.138647 0.018338 0.984132 0.109204
1784010313.340979099 8.986475 5.820155 -0.167195 -0.138798 0.018263 0.984177 0.108618
1784010313.346595049 8.983196 5.820406 -0.167215 -0.139054 0.018266 0.984231 0.107793
1784010313.351027012 8.980643 5.820592 -0.167258 -0.138955 0.018118 0.984319 0.107142
1784010313.356673956 8.977384 5.820813 -0.167328 -0.138665 0.017704 0.984449 0.106386
1784010313.360815048 8.974982 5.820984 -0.167374 -0.138786 0.017508 0.984497 0.105820
1784010313.366729975 8.971531 5.821229 -0.167412 -0.139098 0.017406 0.984543 0.104996
1784010313.371140003 8.968963 5.821411 -0.167441 -0.139223 0.017254 0.984592 0.104395
1784010313.376673937 8.965760 5.821618 -0.167476 -0.139180 0.016975 0.984682 0.103641
1784010313.381103992 8.963213 5.821778 -0.167513 -0.139117 0.016709 0.984761 0.103020
1784010313.386713982 8.959980 5.821974 -0.167550 -0.139133 0.016399 0.984843 0.102257
1784010313.390846968 8.957594 5.822125 -0.167572 -0.139248 0.016256 0.984890 0.101674
1784010313.396697044 8.954195 5.822331 -0.167599 -0.139474 0.016027 0.984948 0.100831
1784010313.400787115 8.951826 5.822478 -0.167634 -0.139538 0.015861 0.985002 0.100243
1784010313.406588078 8.948485 5.822671 -0.167700 -0.139447 0.015647 0.985106 0.099382
1784010313.410784960 8.946080 5.822809 -0.167770 -0.139418 0.015407 0.985176 0.098765
1784010313.416582108 8.942742 5.822994 -0.167863 -0.139517 0.015046 0.985251 0.097921
1784010313.420955896 8.940215 5.823148 -0.167934 -0.139597 0.014825 0.985305 0.097296
1784010313.426519156 8.936987 5.823349 -0.168010 -0.139744 0.014701 0.985368 0.096465
1784010313.426519156 8.936987 5.823349 -0.168010 -0.139744 0.014701 0.985368 0.096465
1784010313.426676989 8.936894 5.823352 -0.168012 -0.139748 0.014697 0.985370 0.096440
1784010313.430974007 8.934374 5.823447 -0.168058 -0.139844 0.014630 0.985422 0.095774
1784010313.436789036 8.930986 5.823556 -0.168129 -0.139760 0.014474 0.985526 0.094847
1784010313.441072941 8.928499 5.823638 -0.168188 -0.139613 0.014295 0.985613 0.094187
1784010313.446696043 8.925217 5.823741 -0.168255 -0.139683 0.014056 0.985687 0.093344
1784010313.450869083 8.922782 5.823830 -0.168294 -0.139816 0.013946 0.985728 0.092720
1784010313.456784010 8.919328 5.823954 -0.168349 -0.139745 0.013868 0.985821 0.091845
1784010313.461114883 8.916805 5.824052 -0.168393 -0.139639 0.013859 0.985897 0.091191
1784010313.466551065 8.913643 5.824154 -0.168458 -0.139623 0.013748 0.985979 0.090346
1784010313.470675945 8.911253 5.824225 -0.168521 -0.139622 0.013659 0.986040 0.089690
1784010313.476694107 8.907752 5.824310 -0.168617 -0.139663 0.013482 0.986123 0.088734
1784010313.481332064 8.905047 5.824381 -0.168684 -0.139837 0.013352 0.986166 0.087997
1784010313.486479044 8.902036 5.824464 -0.168753 -0.139952 0.013326 0.986225 0.087152
1784010313.490925074 8.899439 5.824534 -0.168815 -0.139980 0.013392 0.986288 0.086390
1784010313.496805906 8.896018 5.824596 -0.168907 -0.140023 0.013211 0.986370 0.085401
1784010313.501017094 8.893582 5.824635 -0.168982 -0.140003 0.013065 0.986437 0.084681
1784010313.506695986 8.890284 5.824675 -0.169079 -0.139973 0.012828 0.986525 0.083738
1784010313.510771036 8.887909 5.824712 -0.169141 -0.140062 0.012630 0.986570 0.083087
1784010313.516757965 8.884409 5.824764 -0.169215 -0.140107 0.012584 0.986648 0.082087
1784010313.521091938 8.881886 5.824801 -0.169269 -0.140059 0.012508 0.986715 0.081362
1784010313.526579142 8.878712 5.824826 -0.169349 -0.139871 0.012151 0.986819 0.080475
1784010313.526579142 8.878712 5.824826 -0.169349 -0.139871 0.012151 0.986819 0.080475
1784010313.526679993 8.878653 5.824825 -0.169350 -0.139867 0.012144 0.986821 0.080459
1784010313.530950069 8.876167 5.824789 -0.169403 -0.139700 0.011994 0.986904 0.079757
1784010313.536732912 8.872776 5.824731 -0.169460 -0.139843 0.011708 0.986960 0.078843
1784010313.541390896 8.870036 5.824693 -0.169491 -0.140025 0.011542 0.986995 0.078111
1784010313.546514988 8.867023 5.824655 -0.169514 -0.139987 0.011520 0.987066 0.077275
1784010313.550842047 8.864487 5.824620 -0.169535 -0.139915 0.011434 0.987133 0.076561
1784010313.556765079 8.861035 5.824553 -0.169573 -0.139789 0.011286 0.987231 0.075543
1784010313.561017036 8.858566 5.824510 -0.169608 -0.139712 0.011157 0.987298 0.074827
1784010313.566737890 8.855227 5.824450 -0.169653 -0.139776 0.010917 0.987361 0.073900
1784010313.570894957 8.852800 5.824421 -0.169681 -0.139858 0.010846 0.987402 0.073209
1784010313.576579094 8.849486 5.824382 -0.169720 -0.139776 0.010820 0.987484 0.072253
1784010313.580691099 8.847102 5.824359 -0.169757 -0.139625 0.010796 0.987556 0.071566
1784010313.586729050 8.843609 5.824305 -0.169824 -0.139426 0.010672 0.987658 0.070555
1784010313.590945005 8.841172 5.824272 -0.169881 -0.139370 0.010536 0.987717 0.069862
1784010313.596712112 8.837823 5.824222 -0.169959 -0.139452 0.010364 0.987771 0.068943
1784010313.600903988 8.835384 5.824197 -0.170015 -0.139570 0.010291 0.987801 0.068288
1784010313.606677055 8.832021 5.824155 -0.170093 -0.139673 0.010263 0.987850 0.067375
1784010313.610893965 8.829580 5.824123 -0.170158 -0.139660 0.010204 0.987897 0.066705
1784010313.616565943 8.826309 5.824054 -0.170259 -0.139539 0.009959 0.987977 0.065813
1784010313.620743990 8.823898 5.823999 -0.170337 -0.139544 0.009739 0.988021 0.065171
1784010313.626640081 8.820476 5.823908 -0.170430 -0.139846 0.009464 0.988040 0.064268
1784010313.626677990 8.820453 5.823907 -0.170431 -0.139847 0.009462 0.988040 0.064262
1784010313.626677990 8.820453 5.823907 -0.170431 -0.139847 0.009462 0.988040 0.064262
1784010313.630975962 8.817937 5.823789 -0.170482 -0.140032 0.009195 0.988057 0.063634
1784010313.636717081 8.814584 5.823617 -0.170542 -0.140039 0.008887 0.988113 0.062792
1784010313.641001940 8.812102 5.823485 -0.170584 -0.139970 0.008611 0.988166 0.062153
1784010313.646678925 8.808826 5.823286 -0.170645 -0.139839 0.008179 0.988242 0.061283
1784010313.650937080 8.806366 5.823133 -0.170696 -0.139812 0.007845 0.988289 0.060632
1784010313.656677961 8.803030 5.822916 -0.170762 -0.140024 0.007415 0.988315 0.059757
1784010313.661108971 8.800446 5.822760 -0.170809 -0.140202 0.007225 0.988334 0.059049
1784010313.666788101 8.797144 5.822555 -0.170870 -0.140306 0.007127 0.988376 0.058100
1784010313.671017885 8.794711 5.822401 -0.170924 -0.140234 0.007011 0.988430 0.057364
1784010313.676863909 8.791359 5.822172 -0.171009 -0.140029 0.006747 0.988520 0.056344
1784010313.680692911 8.789161 5.822032 -0.171064 -0.140021 0.006580 0.988560 0.055687
1784010313.686605930 8.785751 5.821818 -0.171120 -0.140204 0.006397 0.988592 0.054665
1784010313.691056013 8.783183 5.821676 -0.171143 -0.140244 0.006365 0.988630 0.053875
1784010313.696583986 8.780007 5.821499 -0.171160 -0.140133 0.006399 0.988699 0.052884
1784010313.700845003 8.777581 5.821364 -0.171175 -0.139949 0.006362 0.988767 0.052103
1784010313.706675053 8.774265 5.821168 -0.171211 -0.139646 0.006227 0.988865 0.051058
1784010313.711100101 8.771737 5.821027 -0.171247 -0.139602 0.006092 0.988911 0.050295
1784010313.716768026 8.768482 5.820845 -0.171298 -0.139779 0.005938 0.988935 0.049331
1784010313.721070051 8.766007 5.820716 -0.171349 -0.139836 0.005857 0.988964 0.048609
1784010313.726493120 8.762896 5.820544 -0.171433 -0.139802 0.005767 0.989013 0.047708
1784010313.726493120 8.762896 5.820544 -0.171433 -0.139802 0.005767 0.989013 0.047708
1784010313.726566076 8.762854 5.820540 -0.171434 -0.139802 0.005765 0.989013 0.047696
1784010313.730889082 8.760383 5.820343 -0.171503 -0.139752 0.005677 0.989057 0.046938
1784010313.736686945 8.757072 5.820056 -0.171610 -0.139714 0.005500 0.989111 0.045917
1784010313.741468906 8.754332 5.819815 -0.171698 -0.139790 0.005265 0.989139 0.045111
1784010313.746481895 8.751445 5.819562 -0.171775 -0.139964 0.005099 0.989154 0.044261
1784010313.750938892 8.748873 5.819342 -0.171832 -0.140080 0.005064 0.989172 0.043490
1784010313.756654024 8.745596 5.819042 -0.171902 -0.140071 0.005043 0.989217 0.042480
1784010313.761038065 8.743107 5.818802 -0.171966 -0.139907 0.004907 0.989274 0.041693
1784010313.766504049 8.740002 5.818483 -0.172052 -0.139706 0.004602 0.989344 0.040728
1784010313.770822048 8.737535 5.818235 -0.172117 -0.139749 0.004355 0.989369 0.039994
1784010313.776705980 8.734144 5.817901 -0.172195 -0.140003 0.004152 0.989375 0.038983
1784010313.780740023 8.731815 5.817684 -0.172248 -0.140157 0.004114 0.989380 0.038281
1784010313.786681890 8.728414 5.817338 -0.172338 -0.140181 0.003970 0.989417 0.037245
1784010313.790942907 8.726000 5.817083 -0.172415 -0.140005 0.003743 0.989471 0.036503
1784010313.796705008 8.722727 5.816730 -0.172506 -0.139839 0.003453 0.989532 0.035504
1784010313.800940990 8.720307 5.816483 -0.172549 -0.139957 0.003329 0.989541 0.034787
1784010313.806677103 8.717019 5.816153 -0.172582 -0.140084 0.003258 0.989557 0.033806
1784010313.811139107 8.714469 5.815904 -0.172597 -0.139997 0.003241 0.989595 0.033044
1784010313.816802025 8.711261 5.815570 -0.172622 -0.139744 0.003117 0.989663 0.032068
1784010313.821172953 8.708803 5.815310 -0.172653 -0.139485 0.002985 0.989725 0.031297
1784010313.826357126 8.705879 5.814998 -0.172697 -0.139273 0.002825 0.989783 0.030406
1784010313.826357126 8.705879 5.814998 -0.172697 -0.139273 0.002825 0.989783 0.030406
1784010313.826653004 8.705712 5.814977 -0.172698 -0.139261 0.002816 0.989786 0.030355
1784010313.830738068 8.703393 5.814683 -0.172721 -0.139295 0.002659 0.989802 0.029679
1784010313.836690903 8.699998 5.814250 -0.172755 -0.139382 0.002518 0.989820 0.028683
1784010313.840847969 8.697630 5.813957 -0.172786 -0.139392 0.002476 0.989839 0.027981
1784010313.846715927 8.694313 5.813522 -0.172847 -0.139313 0.002342 0.989878 0.026977
1784010313.851099968 8.691852 5.813196 -0.172906 -0.139196 0.002212 0.989916 0.026209
1784010313.856528997 8.688799 5.812784 -0.172978 -0.139096 0.002014 0.989954 0.025293
1784010313.861006975 8.686271 5.812453 -0.173023 -0.139170 0.001895 0.989962 0.024551
1784010313.866723061 8.683032 5.812028 -0.173064 -0.139273 0.001771 0.989971 0.023609
1784010313.870853901 8.680688 5.811731 -0.173090 -0.139349 0.001683 0.989976 0.022930
1784010313.876729012 8.677371 5.811295 -0.173135 -0.139033 0.001464 0.990043 0.021980
1784010313.881041050 8.674951 5.810979 -0.173174 -0.138733 0.001234 0.990100 0.021298
1784010313.886699915 8.671763 5.810564 -0.173224 -0.138573 0.000952 0.990141 0.020433
1784010313.890901089 8.669383 5.810274 -0.173255 -0.138455 0.000745 0.990171 0.019793
1784010313.896658897 8.666127 5.809872 -0.173301 -0.138532 0.000636 0.990177 0.018934
1784010313.900825977 8.663788 5.809588 -0.173339 -0.138588 0.000560 0.990181 0.018314
1784010313.906645060 8.660536 5.809186 -0.173392 -0.138323 0.000193 0.990233 0.017492
1784010313.910882950 8.658174 5.808907 -0.173424 -0.138131 -0.000072 0.990270 0.016896
1784010313.916698933 8.654939 5.808524 -0.173462 -0.138117 -0.000247 0.990285 0.016101
1784010313.921058893 8.652519 5.808257 -0.173486 -0.138108 -0.000376 0.990296 0.015507
1784010313.926392078 8.649563 5.807934 -0.173509 -0.138005 -0.000523 0.990320 0.014838
1784010313.926392078 8.649563 5.807934 -0.173509 -0.138005 -0.000523 0.990320 0.014838
1784010313.926645994 8.649422 5.807915 -0.173508 -0.137999 -0.000530 0.990321 0.014807
1784010313.930886984 8.647062 5.807608 -0.173499 -0.137900 -0.000648 0.990343 0.014287
1784010313.936718941 8.643825 5.807182 -0.173489 -0.137805 -0.000703 0.990366 0.013554
1784010313.941701889 8.641071 5.806827 -0.173497 -0.137680 -0.000791 0.990392 0.012932
1784010313.946546078 8.638398 5.806487 -0.173518 -0.137570 -0.000935 0.990415 0.012346
1784010313.950836897 8.636031 5.806195 -0.173546 -0.137474 -0.001062 0.990434 0.011826
1784010313.956669092 8.632815 5.805793 -0.173595 -0.137437 -0.001138 0.990447 0.011128
1784010313.960833073 8.630525 5.805514 -0.173639 -0.137416 -0.001189 0.990456 0.010629
1784010313.966677904 8.627316 5.805112 -0.173706 -0.137364 -0.001335 0.990470 0.009930
1784010313.970922947 8.624996 5.804828 -0.173761 -0.137332 -0.001438 0.990479 0.009421
1784010313.976689100 8.621849 5.804438 -0.173833 -0.137289 -0.001496 0.990491 0.008724
1784010313.981012106 8.619492 5.804158 -0.173884 -0.137262 -0.001537 0.990500 0.008201
1784010313.986681938 8.616404 5.803785 -0.173951 -0.137200 -0.001656 0.990513 0.007541
1784010313.991008997 8.614057 5.803506 -0.174005 -0.137158 -0.001745 0.990523 0.007037
1784010313.996820927 8.610906 5.803122 -0.174083 -0.137112 -0.001861 0.990533 0.006383
1784010314.000857115 8.608723 5.802866 -0.174141 -0.137085 -0.001939 0.990540 0.005929
1784010314.006743908 8.605536 5.802484 -0.174228 -0.136983 -0.002110 0.990557 0.005307
1784010314.011102915 8.603178 5.802212 -0.174293 -0.136912 -0.002234 0.990569 0.004846
1784010314.016875029 8.600045 5.801855 -0.174373 -0.136933 -0.002237 0.990569 0.004222
1784010314.020740986 8.597941 5.801635 -0.174421 -0.136953 -0.002237 0.990568 0.003803
1784010314.026426077 8.594848 5.801301 -0.174502 -0.136869 -0.002278 0.990581 0.003195
1784010314.026426077 8.594848 5.801301 -0.174502 -0.136869 -0.002278 0.990581 0.003195
1784010314.026653051 8.594724 5.801284 -0.174504 -0.136868 -0.002278 0.990582 0.003169
1784010314.031116962 8.592284 5.800958 -0.174555 -0.136842 -0.002287 0.990587 0.002655
1784010314.036648989 8.589256 5.800554 -0.174618 -0.136869 -0.002346 0.990584 0.002038
1784010314.041647911 8.586514 5.800206 -0.174662 -0.136981 -0.002275 0.990570 0.001468
1784010314.046566010 8.583818 5.799873 -0.174700 -0.136937 -0.002207 0.990577 0.000918
1784010314.051002979 8.581397 5.799578 -0.174733 -0.136896 -0.002146 0.990583 0.000424
1784010314.056719065 8.578282 5.799189 -0.174772 -0.136699 -0.002286 0.990610 -0.000195
1784010314.061075926 8.575908 5.798896 -0.174799 -0.136546 -0.002396 0.990631 -0.000662
1784010314.066548109 8.572918 5.798525 -0.174819 -0.136504 -0.002469 0.990636 -0.001253
1784010314.070892096 8.570541 5.798238 -0.174826 -0.136480 -0.002526 0.990638 -0.001701
1784010314.076668024 8.567373 5.797846 -0.174824 -0.136302 -0.002647 0.990661 -0.002302
1784010314.081032038 8.564992 5.797553 -0.174823 -0.136165 -0.002740 0.990679 -0.002750
1784010314.086530924 8.562008 5.797171 -0.174828 -0.135907 -0.002848 0.990712 -0.003326
1784010314.090962887 8.559608 5.796861 -0.174839 -0.135768 -0.002989 0.990729 -0.003790
1784010314.096862078 8.556391 5.796437 -0.174844 -0.135739 -0.003172 0.990730 -0.004406
1784010314.100855112 8.554199 5.796160 -0.174847 -0.135756 -0.003254 0.990725 -0.004829
1784010314.106729031 8.550961 5.795752 -0.174851 -0.135817 -0.003283 0.990713 -0.005459
1784010314.110951900 8.548651 5.795469 -0.174862 -0.135827 -0.003259 0.990710 -0.005909
1784010314.116705894 8.545525 5.795070 -0.174899 -0.135625 -0.003326 0.990733 -0.006553
1784010314.120699883 8.543360 5.794797 -0.174937 -0.135440 -0.003473 0.990755 -0.006975
1784010314.126281977 8.540305 5.794418 -0.174975 -0.135429 -0.003587 0.990752 -0.007556
1784010314.126281977 8.540305 5.794418 -0.174975 -0.135429 -0.003587 0.990752 -0.007556
1784010314.126689911 8.540079 5.794387 -0.174975 -0.135426 -0.003597 0.990752 -0.007596
1784010314.130914927 8.537735 5.794070 -0.174978 -0.135580 -0.003619 0.990727 -0.008024
1784010314.136702061 8.534541 5.793637 -0.174982 -0.135640 -0.003579 0.990714 -0.008603
1784010314.140876055 8.532265 5.793332 -0.174994 -0.135396 -0.003589 0.990744 -0.009026
1784010314.146658897 8.529115 5.792898 -0.175022 -0.134975 -0.003766 0.990795 -0.009603
1784010314.150995016 8.526739 5.792586 -0.175033 -0.134906 -0.003795 0.990800 -0.010020
1784010314.156824112 8.523518 5.792168 -0.175036 -0.135111 -0.003717 0.990767 -0.010595
1784010314.160873890 8.521279 5.791885 -0.175039 -0.135229 -0.003721 0.990747 -0.010976
1784010314.166784048 8.518037 5.791460 -0.175053 -0.135143 -0.003762 0.990752 -0.011535
1784010314.171005964 8.515739 5.791162 -0.175067 -0.134968 -0.003806 0.990771 -0.011937
1784010314.176609039 8.512674 5.790763 -0.175073 -0.134836 -0.003839 0.990782 -0.012463
1784010314.180886030 8.510315 5.790466 -0.175063 -0.134918 -0.003801 0.990766 -0.012874
1784010314.186660051 8.507128 5.790053 -0.175042 -0.135102 -0.003814 0.990733 -0.013417
1784010314.190964937 8.504774 5.789745 -0.175030 -0.135056 -0.003910 0.990734 -0.013799
1784010314.196789980 8.501606 5.789313 -0.175016 -0.134716 -0.004106 0.990772 -0.014335
1784010314.200874090 8.499381 5.789016 -0.174999 -0.134548 -0.004270 0.990789 -0.014696
1784010314.206669092 8.496213 5.788592 -0.174953 -0.134538 -0.004366 0.990782 -0.015213
1784010314.210916996 8.493899 5.788288 -0.174914 -0.134518 -0.004399 0.990779 -0.015592
1784010314.216677904 8.490772 5.787854 -0.174875 -0.134285 -0.004584 0.990801 -0.016101
1784010314.220796108 8.488534 5.787544 -0.174855 -0.134113 -0.004744 0.990818 -0.016471
1784010314.226479053 8.485426 5.787111 -0.174833 -0.134110 -0.004863 0.990809 -0.017000
1784010314.226479053 8.485426 5.787111 -0.174833 -0.134110 -0.004863 0.990809 -0.017000
1784010314.226664066 8.485325 5.787095 -0.174831 -0.134109 -0.004867 0.990809 -0.017017
1784010314.230871916 8.483024 5.786735 -0.174801 -0.134158 -0.004873 0.990795 -0.017409
1784010314.236701012 8.479856 5.786227 -0.174782 -0.134024 -0.004926 0.990803 -0.017960
1784010314.241272926 8.477380 5.785829 -0.174791 -0.133807 -0.005093 0.990824 -0.018373
1784010314.245825052 8.474906 5.785435 -0.174807 -0.133666 -0.005272 0.990834 -0.018783
1784010314.250920057 8.472121 5.785000 -0.174821 -0.133686 -0.005329 0.990822 -0.019262
1784010314.256690025 8.468965 5.784511 -0.174833 -0.133759 -0.005358 0.990802 -0.019799
1784010314.260874033 8.466687 5.784162 -0.174847 -0.133651 -0.005461 0.990808 -0.020185
1784010314.266571045 8.463597 5.783678 -0.174869 -0.133268 -0.005662 0.990847 -0.020715
1784010314.270787001 8.461302 5.783330 -0.174885 -0.133075 -0.005772 0.990864 -0.021112
1784010314.276757002 8.458027 5.782833 -0.174895 -0.133132 -0.005864 0.990844 -0.021673
1784010314.281249046 8.455553 5.782467 -0.174907 -0.133218 -0.005949 0.990823 -0.022094
1784010314.286535025 8.452650 5.782029 -0.174935 -0.133138 -0.006117 0.990821 -0.022592
1784010314.290920973 8.450246 5.781672 -0.174967 -0.133059 -0.006211 0.990821 -0.023013
1784010314.296804905 8.447015 5.781193 -0.175004 -0.133140 -0.006206 0.990797 -0.023600
1784010314.300889015 8.444771 5.780871 -0.175028 -0.133220 -0.006148 0.990776 -0.024023
1784010314.306493998 8.441690 5.780417 -0.175051 -0.133263 -0.006142 0.990756 -0.024601
1784010314.311024904 8.439198 5.780053 -0.175062 -0.133309 -0.006191 0.990738 -0.025059
1784010314.316720009 8.436065 5.779597 -0.175057 -0.133407 -0.006189 0.990710 -0.025655
1784010314.321150064 8.433636 5.779256 -0.175044 -0.133388 -0.006106 0.990701 -0.026122
1784010314.326529026 8.430697 5.778841 -0.175020 -0.133177 -0.006007 0.990715 -0.026694
1784010314.326529026 8.430697 5.778841 -0.175020 -0.133177 -0.006007 0.990715 -0.026694
1784010314.326641083 8.430635 5.778831 -0.175019 -0.133173 -0.006005 0.990715 -0.026707
1784010314.331033945 8.428232 5.778437 -0.174990 -0.133042 -0.005999 0.990720 -0.027162
1784010314.336684942 8.425131 5.777922 -0.174952 -0.133011 -0.006036 0.990708 -0.027733
1784010314.340765953 8.422884 5.777558 -0.174933 -0.133036 -0.006025 0.990693 -0.028147
1784010314.346640110 8.419650 5.777030 -0.174918 -0.133087 -0.005996 0.990670 -0.028719
1784010314.351155996 8.417171 5.776629 -0.174922 -0.133073 -0.006015 0.990659 -0.029145
1784010314.356441975 8.414277 5.776151 -0.174945 -0.132984 -0.006076 0.990656 -0.029643
1784010314.361018896 8.411771 5.775735 -0.174973 -0.132920 -0.006141 0.990651 -0.030070
1784010314.366441965 8.408793 5.775234 -0.175001 -0.132924 -0.006198 0.990635 -0.030576
1784010314.370879889 8.406351 5.774824 -0.175017 -0.132959 -0.006278 0.990617 -0.030976
1784010314.376631021 8.403192 5.774282 -0.175024 -0.132923 -0.006370 0.990605 -0.031500
1784010314.381048918 8.400773 5.773868 -0.175023 -0.132822 -0.006430 0.990605 -0.031912
1784010314.386787891 8.397637 5.773321 -0.175018 -0.132671 -0.006517 0.990607 -0.032456
1784010314.390871048 8.395408 5.772934 -0.175018 -0.132549 -0.006564 0.990610 -0.032846
1784010314.396712065 8.392209 5.772369 -0.175021 -0.132416 -0.006670 0.990608 -0.033418
1784010314.400928974 8.389889 5.771964 -0.175031 -0.132440 -0.006791 0.990591 -0.033822
1784010314.406699896 8.386715 5.771406 -0.175050 -0.132542 -0.006932 0.990557 -0.034383
1784010314.410712957 8.384516 5.771026 -0.175074 -0.132540 -0.007007 0.990543 -0.034773
1784010314.416610956 8.381293 5.770460 -0.175114 -0.132468 -0.007121 0.990531 -0.035361
1784010314.421189070 8.378789 5.770030 -0.175144 -0.132452 -0.007202 0.990516 -0.035813
1784010314.426544189 8.375855 5.769530 -0.175164 -0.132519 -0.007222 0.990488 -0.036341
1784010314.426544189 8.375855 5.769530 -0.175164 -0.132519 -0.007222 0.990488 -0.036341
1784010314.426620007 8.375814 5.769521 -0.175164 -0.132519 -0.007223 0.990487 -0.036348
1784010314.431122065 8.373360 5.769055 -0.175155 -0.132522 -0.007226 0.990471 -0.036785
1784010314.436636925 8.370362 5.768480 -0.175131 -0.132448 -0.007264 0.990461 -0.037314
1784010314.441003084 8.367996 5.768031 -0.175106 -0.132330 -0.007306 0.990460 -0.037734
1784010314.446806908 8.364864 5.767430 -0.175067 -0.132073 -0.007362 0.990473 -0.038288
1784010314.451176882 8.362504 5.766985 -0.175035 -0.131911 -0.007403 0.990478 -0.038700
1784010314.456358910 8.359701 5.766454 -0.174993 -0.131825 -0.007470 0.990470 -0.039184
1784010314.460834980 8.357275 5.765998 -0.174957 -0.131773 -0.007525 0.990460 -0.039599
1784010314.466531038 8.354195 5.765414 -0.174915 -0.131673 -0.007560 0.990452 -0.040126
1784010314.470874071 8.351853 5.764974 -0.174889 -0.131611 -0.007591 0.990444 -0.040519
1784010314.476691961 8.348723 5.764375 -0.174860 -0.131517 -0.007712 0.990434 -0.041033
1784010314.481070042 8.346370 5.763927 -0.174843 -0.131427 -0.007820 0.990430 -0.041407
1784010314.486639977 8.343379 5.763351 -0.174816 -0.131314 -0.008001 0.990424 -0.041872
1784010314.491014957 8.341028 5.762904 -0.174791 -0.131257 -0.008133 0.990415 -0.042239
1784010314.496476889 8.338100 5.762341 -0.174752 -0.131180 -0.008255 0.990404 -0.042696
1784010314.500889063 8.335743 5.761888 -0.174722 -0.131056 -0.008358 0.990404 -0.043070
1784010314.506683111 8.332655 5.761281 -0.174682 -0.130890 -0.008503 0.990403 -0.043568
1784010314.510761023 8.330478 5.760858 -0.174655 -0.130851 -0.008597 0.990391 -0.043927
1784010314.516686916 8.327316 5.760237 -0.174614 -0.130804 -0.008758 0.990372 -0.044455
1784010314.521200895 8.324906 5.759774 -0.174587 -0.130706 -0.008843 0.990367 -0.044855
1784010314.526390076 8.322143 5.759245 -0.174561 -0.130559 -0.008909 0.990364 -0.045329
1784010314.526390076 8.322143 5.759245 -0.174561 -0.130559 -0.008909 0.990364 -0.045329
1784010314.526629925 8.322016 5.759218 -0.174560 -0.130554 -0.008911 0.990363 -0.045351
1784010314.531070948 8.319672 5.758720 -0.174538 -0.130480 -0.008973 0.990354 -0.045760
1784010314.536660910 8.316724 5.758087 -0.174521 -0.130429 -0.009081 0.990336 -0.046264
1784010314.541069031 8.314398 5.757596 -0.174513 -0.130420 -0.009161 0.990318 -0.046662
1784010314.546427965 8.311568 5.757002 -0.174496 -0.130464 -0.009206 0.990289 -0.047147
1784010314.551350117 8.308970 5.756468 -0.174474 -0.130476 -0.009165 0.990266 -0.047600
1784010314.556406021 8.306307 5.755924 -0.174450 -0.130404 -0.009121 0.990253 -0.048070
1784010314.560774088 8.304011 5.755457 -0.174431 -0.130342 -0.009103 0.990242 -0.048474
1784010314.566760063 8.300866 5.754809 -0.174406 -0.130351 -0.009131 0.990213 -0.049016
1784010314.570869923 8.298702 5.754371 -0.174391 -0.130424 -0.009188 0.990185 -0.049379
1784010314.576726913 8.295619 5.753745 -0.174367 -0.130534 -0.009181 0.990145 -0.049901
1784010314.580619097 8.293571 5.753340 -0.174352 -0.130547 -0.009116 0.990126 -0.050259
1784010314.586731911 8.290363 5.752695 -0.174331 -0.130502 -0.008993 0.990103 -0.050840
1784010314.591062069 8.288094 5.752242 -0.174326 -0.130502 -0.008956 0.990082 -0.051243
1784010314.596664906 8.285160 5.751645 -0.174329 -0.130576 -0.008960 0.990046 -0.051762
1784010314.600769997 8.283006 5.751211 -0.174336 -0.130654 -0.008997 0.990016 -0.052134
1784010314.606607914 8.279944 5.750590 -0.174344 -0.130738 -0.009044 0.989976 -0.052658
1784010314.610970020 8.277656 5.750135 -0.174349 -0.130729 -0.008994 0.989957 -0.053053
1784010314.616503954 8.274760 5.749553 -0.174358 -0.130670 -0.008890 0.989938 -0.053562
1784010314.620698929 8.272569 5.749112 -0.174372 -0.130624 -0.008880 0.989923 -0.053946
1784010314.626327991 8.269623 5.748509 -0.174397 -0.130617 -0.008895 0.989896 -0.054460
1784010314.626327991 8.269623 5.748509 -0.174397 -0.130617 -0.008895 0.989896 -0.054460
1784010314.626708984 8.269423 5.748464 -0.174397 -0.130616 -0.008897 0.989894 -0.054494
1784010314.630990982 8.267163 5.747948 -0.174401 -0.130699 -0.008945 0.989862 -0.054876
1784010314.636682034 8.264155 5.747257 -0.174400 -0.130831 -0.009017 0.989816 -0.055380
1784010314.641232967 8.261754 5.746711 -0.174399 -0.130810 -0.009040 0.989795 -0.055791
1784010314.646703005 8.258873 5.746050 -0.174392 -0.130673 -0.009082 0.989785 -0.056280
1784010314.651025057 8.256600 5.745530 -0.174384 -0.130603 -0.009148 0.989772 -0.056663
1784010314.656632900 8.253648 5.744843 -0.174362 -0.130615 -0.009270 0.989741 -0.057156
1784010314.660880089 8.251411 5.744325 -0.174341 -0.130666 -0.009394 0.989712 -0.057520
1784010314.666770935 8.248308 5.743598 -0.174295 -0.130677 -0.009543 0.989680 -0.058024
1784010314.670962095 8.246105 5.743090 -0.174258 -0.130608 -0.009594 0.989666 -0.058394
1784010314.676655054 8.243112 5.742393 -0.174207 -0.130444 -0.009635 0.989657 -0.058911
1784010314.680856943 8.240907 5.741883 -0.174177 -0.130345 -0.009692 0.989647 -0.059288
1784010314.686619997 8.237884 5.741169 -0.174145 -0.130235 -0.009820 0.989629 -0.059799
1784010314.690754890 8.235717 5.740660 -0.174133 -0.130140 -0.009952 0.989618 -0.060166
1784010314.696619034 8.232636 5.739933 -0.174115 -0.130029 -0.010113 0.989600 -0.060688
1784010314.700994015 8.230335 5.739403 -0.174102 -0.129958 -0.010172 0.989584 -0.061086
1784010314.706430912 8.227479 5.738744 -0.174089 -0.129786 -0.010206 0.989575 -0.061587
1784010314.710911036 8.225132 5.738205 -0.174086 -0.129604 -0.010259 0.989573 -0.061996
1784010314.716624022 8.222139 5.737512 -0.174084 -0.129472 -0.010374 0.989556 -0.062511
1784010314.720691919 8.220005 5.737025 -0.174086 -0.129478 -0.010461 0.989531 -0.062880
1784010314.726475000 8.216964 5.736330 -0.174076 -0.129542 -0.010540 0.989489 -0.063398
1784010314.726509094 8.216946 5.736325 -0.174076 -0.129542 -0.010540 0.989489 -0.063401
1784010314.726509094 8.216946 5.736325 -0.174076 -0.129542 -0.010540 0.989489 -0.063401
1784010314.730607033 8.214766 5.735787 -0.174055 -0.129560 -0.010561 0.989461 -0.063798
1784010314.736686945 8.211528 5.734982 -0.174023 -0.129560 -0.010582 0.989422 -0.064398
1784010314.740953922 8.209263 5.734427 -0.174004 -0.129572 -0.010596 0.989393 -0.064811
1784010314.746458054 8.206339 5.733705 -0.173986 -0.129619 -0.010631 0.989351 -0.065344
1784010314.751066923 8.203891 5.733102 -0.173973 -0.129696 -0.010705 0.989312 -0.065770
1784010314.756705046 8.200893 5.732360 -0.173959 -0.129776 -0.010790 0.989266 -0.066292
1784010314.760831118 8.198704 5.731824 -0.173951 -0.129766 -0.010852 0.989242 -0.066664
1784010314.766637087 8.195624 5.731058 -0.173942 -0.129691 -0.010978 0.989215 -0.067176
1784010314.771146059 8.193244 5.730468 -0.173933 -0.129652 -0.011094 0.989193 -0.067559
1784010314.776607990 8.190374 5.729746 -0.173916 -0.129564 -0.011274 0.989171 -0.068015
1784010314.780891895 8.188132 5.729179 -0.173894 -0.129473 -0.011443 0.989157 -0.068369
1784010314.786715984 8.185076 5.728397 -0.173842 -0.129412 -0.011676 0.989129 -0.068849
1784010314.790678024 8.182997 5.727873 -0.173793 -0.129427 -0.011797 0.989103 -0.069176
1784010314.796663046 8.179863 5.727075 -0.173707 -0.129387 -0.011857 0.989069 -0.069717
1784010314.800767899 8.177728 5.726535 -0.173653 -0.129278 -0.011891 0.989056 -0.070101
1784010314.806636095 8.174673 5.725752 -0.173585 -0.129144 -0.012012 0.989032 -0.070659
1784010314.810944080 8.172429 5.725184 -0.173543 -0.129149 -0.012096 0.989001 -0.071075
1784010314.816663980 8.169443 5.724429 -0.173493 -0.129188 -0.012145 0.988954 -0.071649
1784010314.820718050 8.167330 5.723906 -0.173468 -0.129149 -0.012152 0.988929 -0.072051
1784010314.826608896 8.164259 5.723141 -0.173445 -0.129017 -0.012191 0.988903 -0.072642
1784010314.826696157 8.164213 5.723129 -0.173445 -0.129015 -0.012191 0.988903 -0.072651
1784010314.826696157 8.164213 5.723129 -0.173445 -0.129015 -0.012191 0.988903 -0.072651
1784010314.830606937 8.162157 5.722584 -0.173426 -0.128922 -0.012203 0.988887 -0.073028
1784010314.836627007 8.158989 5.721742 -0.173400 -0.128777 -0.012188 0.988862 -0.073615
1784010314.840991020 8.156693 5.721141 -0.173383 -0.128735 -0.012200 0.988837 -0.074025
1784010314.846402884 8.153839 5.720394 -0.173356 -0.128739 -0.012206 0.988798 -0.074542
1784010314.851607084 8.151093 5.719677 -0.173332 -0.128685 -0.012229 0.988767 -0.075037
1784010314.856590033 8.148464 5.718991 -0.173314 -0.128604 -0.012288 0.988741 -0.075500
1784010314.860904932 8.146190 5.718400 -0.173300 -0.128569 -0.012308 0.988715 -0.075907
1784010314.866626024 8.143175 5.717607 -0.173287 -0.128560 -0.012372 0.988673 -0.076452
1784010314.870758057 8.141000 5.717035 -0.173284 -0.128562 -0.012438 0.988642 -0.076840
1784010314.876622915 8.137900 5.716207 -0.173279 -0.128699 -0.012517 0.988579 -0.077407
1784010314.880991936 8.135588 5.715591 -0.173279 -0.128863 -0.012587 0.988523 -0.077834
1784010314.886637926 8.132600 5.714788 -0.173284 -0.129026 -0.012679 0.988456 -0.078393
1784010314.890642881 8.130491 5.714225 -0.173296 -0.129055 -0.012708 0.988420 -0.078796
1784010314.896444082 8.127439 5.713398 -0.173323 -0.129054 -0.012801 0.988373 -0.079377
1784010314.900846004 8.125121 5.712770 -0.173353 -0.129099 -0.012917 0.988330 -0.079814
1784010314.906682014 8.122035 5.711928 -0.173398 -0.129253 -0.013071 0.988262 -0.080384
1784010314.910893917 8.119805 5.711325 -0.173436 -0.129359 -0.013178 0.988213 -0.080797
1784010314.916687012 8.116729 5.710492 -0.173486 -0.129501 -0.013278 0.988145 -0.081381
1784010314.920784950 8.114561 5.709913 -0.173522 -0.129573 -0.013305 0.988101 -0.081794
1784010314.926439047 8.111575 5.709112 -0.173564 -0.129613 -0.013324 0.988048 -0.082367
1784010314.926439047 8.111575 5.709112 -0.173564 -0.129613 -0.013324 0.988048 -0.082367
1784010314.926598072 8.111491 5.709088 -0.173565 -0.129613 -0.013324 0.988047 -0.082383
1784010314.931134939 8.109085 5.708392 -0.173573 -0.129642 -0.013346 0.988005 -0.082828
1784010314.936656952 8.106146 5.707540 -0.173556 -0.129830 -0.013420 0.987934 -0.083369
1784010314.941011906 8.103827 5.706876 -0.173526 -0.129958 -0.013449 0.987880 -0.083801
1784010314.946428061 8.100953 5.706054 -0.173471 -0.129918 -0.013419 0.987840 -0.084344
1784010314.950804949 8.098637 5.705399 -0.173418 -0.129828 -0.013395 0.987815 -0.084777
1784010314.956295013 8.095735 5.704574 -0.173346 -0.129765 -0.013394 0.987777 -0.085317
1784010314.960896015 8.093304 5.703887 -0.173290 -0.129721 -0.013390 0.987743 -0.085773
1784010314.966634989 8.090272 5.703024 -0.173235 -0.129650 -0.013413 0.987704 -0.086319
1784010314.970849991 8.088042 5.702393 -0.173209 -0.129630 -0.013462 0.987672 -0.086707
1784010314.976512909 8.085043 5.701539 -0.173194 -0.129557 -0.013582 0.987635 -0.087225
1784010314.980631113 8.082863 5.700923 -0.173200 -0.129452 -0.013673 0.987615 -0.087595
1784010314.986567974 8.079728 5.700025 -0.173220 -0.129350 -0.013827 0.987579 -0.088125
1784010314.990986109 8.077400 5.699360 -0.173242 -0.129307 -0.013946 0.987547 -0.088520
1784010314.996434927 8.074522 5.698526 -0.173266 -0.129230 -0.014106 0.987511 -0.089006
1784010315.000787020 8.072214 5.697860 -0.173276 -0.129255 -0.014216 0.987471 -0.089397
1784010315.006613970 8.069123 5.696959 -0.173269 -0.129405 -0.014301 0.987400 -0.089946
1784010315.010886908 8.066866 5.696303 -0.173260 -0.129436 -0.014349 0.987358 -0.090359
1784010315.016690016 8.063817 5.695398 -0.173253 -0.129263 -0.014533 0.987328 -0.090905
1784010315.020921946 8.061595 5.694742 -0.173249 -0.129149 -0.014679 0.987303 -0.091307
1784010315.026491165 8.058659 5.693873 -0.173236 -0.129221 -0.014846 0.987242 -0.091839
1784010315.026491165 8.058659 5.693873 -0.173236 -0.129221 -0.014846 0.987242 -0.091839
1784010315.026629925 8.058586 5.693849 -0.173235 -0.129222 -0.014850 0.987241 -0.091853
1784010315.031099081 8.056237 5.693095 -0.173206 -0.129295 -0.014971 0.987188 -0.092294
1784010315.036633015 8.053336 5.692154 -0.173183 -0.129221 -0.015132 0.987143 -0.092848
1784010315.041114092 8.050988 5.691395 -0.173177 -0.129145 -0.015295 0.987109 -0.093290
1784010315.046605110 8.048110 5.690468 -0.173171 -0.129147 -0.015422 0.987056 -0.093831
1784010315.050981998 8.045816 5.689739 -0.173170 -0.129160 -0.015493 0.987012 -0.094258
1784010315.056196928 8.043089 5.688868 -0.173161 -0.129107 -0.015644 0.986969 -0.094754
1784010315.060866117 8.040648 5.688090 -0.173142 -0.128994 -0.015823 0.986939 -0.095195
1784010315.066648960 8.037624 5.687123 -0.173095 -0.128868 -0.016046 0.986900 -0.095730
1784010315.070774078 8.035469 5.686443 -0.173049 -0.128828 -0.016131 0.986867 -0.096112
1784010315.076601028 8.032440 5.685477 -0.172967 -0.128753 -0.016197 0.986820 -0.096673
1784010315.080827951 8.030251 5.684780 -0.172906 -0.128658 -0.016290 0.986791 -0.097082
1784010315.086632967 8.027246 5.683811 -0.172813 -0.128497 -0.016424 0.986753 -0.097656
1784010315.090902090 8.025027 5.683104 -0.172743 -0.128482 -0.016502 0.986713 -0.098073
1784010315.096599102 8.022063 5.682154 -0.172652 -0.128577 -0.016610 0.986643 -0.098631
1784010315.100833893 8.019870 5.681457 -0.172600 -0.128534 -0.016678 0.986606 -0.099045
1784010315.106754065 8.016820 5.680472 -0.172555 -0.128244 -0.016828 0.986583 -0.099623
1784010315.110826015 8.014717 5.679799 -0.172542 -0.128144 -0.016943 0.986553 -0.100022
1784010315.116666079 8.011689 5.678826 -0.172527 -0.128267 -0.017045 0.986477 -0.100601
1784010315.120847940 8.009518 5.678137 -0.172524 -0.128334 -0.017105 0.986425 -0.101016
1784010315.126320124 8.006685 5.677231 -0.172523 -0.128220 -0.017202 0.986382 -0.101556
1784010315.126320124 8.006685 5.677231 -0.172523 -0.128220 -0.017202 0.986382 -0.101556
1784010315.126359940 8.006665 5.677223 -0.172523 -0.128219 -0.017202 0.986382 -0.101561
1784010315.131001949 8.004274 5.676400 -0.172509 -0.128150 -0.017289 0.986342 -0.102020
1784010315.136620045 8.001382 5.675405 -0.172487 -0.128164 -0.017362 0.986281 -0.102578
1784010315.141129971 7.999063 5.674616 -0.172468 -0.128165 -0.017361 0.986233 -0.103038
1784010315.146713972 7.996195 5.673631 -0.172438 -0.128133 -0.017431 0.986177 -0.103597
1784010315.151081085 7.993950 5.672863 -0.172409 -0.128125 -0.017557 0.986131 -0.104025
1784010315.156449080 7.991186 5.671920 -0.172364 -0.128101 -0.017611 0.986077 -0.104559
1784010315.160829067 7.988926 5.671164 -0.172320 -0.128081 -0.017655 0.986032 -0.104993
1784010315.166812897 7.985843 5.670124 -0.172264 -0.128116 -0.017638 0.985963 -0.105607
1784010315.170793056 7.983798 5.669436 -0.172238 -0.128139 -0.017627 0.985916 -0.106012
1784010315.176592112 7.980816 5.668424 -0.172206 -0.128112 -0.017694 0.985856 -0.106591
1784010315.180775881 7.978654 5.667701 -0.172186 -0.128092 -0.017742 0.985813 -0.107006
1784010315.186624050 7.975633 5.666684 -0.172162 -0.128220 -0.017662 0.985732 -0.107610
1784010315.190896988 7.973430 5.665948 -0.172149 -0.128314 -0.017604 0.985673 -0.108048
1784010315.196444988 7.970574 5.664987 -0.172135 -0.128207 -0.017624 0.985626 -0.108601
1784010315.200831890 7.968315 5.664234 -0.172128 -0.128122 -0.017639 0.985589 -0.109036
1784010315.206645966 7.965322 5.663229 -0.172117 -0.128313 -0.017603 0.985497 -0.109645
1784010315.210756063 7.963205 5.662526 -0.172111 -0.128448 -0.017578 0.985432 -0.110073
1784010315.216598988 7.960200 5.661516 -0.172095 -0.128336 -0.017588 0.985380 -0.110664
1784010315.220985889 7.957949 5.660762 -0.172081 -0.128252 -0.017595 0.985341 -0.111104
1784010315.226360083 7.955194 5.659830 -0.172059 -0.128235 -0.017656 0.985283 -0.111633
1784010315.226360083 7.955194 5.659830 -0.172059 -0.128235 -0.017656 0.985283 -0.111633
1784010315.226777077 7.954981 5.659754 -0.172055 -0.128234 -0.017661 0.985278 -0.111673
1784010315.230768919 7.952941 5.659016 -0.172021 -0.128226 -0.017712 0.985235 -0.112052
1784010315.236644030 7.949941 5.657918 -0.171966 -0.128240 -0.017864 0.985169 -0.112597
1784010315.241064072 7.947686 5.657096 -0.171926 -0.128250 -0.017977 0.985118 -0.113006
1784010315.246335030 7.944996 5.656109 -0.171876 -0.128252 -0.018071 0.985060 -0.113496
1784010315.250977993 7.942621 5.655241 -0.171833 -0.128254 -0.018154 0.985009 -0.113927
1784010315.255718946 7.940197 5.654352 -0.171791 -0.128299 -0.018212 0.984950 -0.114370
1784010315.260683060 7.937667 5.653419 -0.171757 -0.128312 -0.018273 0.984892 -0.114847
1784010315.266542912 7.934681 5.652310 -0.171727 -0.128338 -0.018513 0.984820 -0.115395
1784010315.270867109 7.932470 5.651499 -0.171708 -0.128355 -0.018689 0.984767 -0.115799
1784010315.276726961 7.929473 5.650397 -0.171683 -0.128392 -0.018801 0.984692 -0.116374
1784010315.280921936 7.927333 5.649619 -0.171669 -0.128417 -0.018879 0.984639 -0.116785
1784010315.286575079 7.924452 5.648564 -0.171652 -0.128287 -0.019017 0.984588 -0.117337
1784010315.291100025 7.922146 5.647721 -0.171643 -0.128182 -0.019126 0.984547 -0.117778
1784010315.296813965 7.919232 5.646651 -0.171629 -0.128215 -0.019233 0.984472 -0.118344
1784010315.300916910 7.917136 5.645890 -0.171619 -0.128238 -0.019309 0.984419 -0.118750
1784010315.306454897 7.914305 5.644861 -0.171598 -0.128161 -0.019408 0.984362 -0.119287
1784010315.310847998 7.912059 5.644051 -0.171581 -0.128100 -0.019485 0.984317 -0.119712
1784010315.316700935 7.909070 5.642965 -0.171555 -0.128108 -0.019551 0.984246 -0.120274
1784010315.320856094 7.906953 5.642198 -0.171543 -0.128113 -0.019596 0.984196 -0.120673
1784010315.326266050 7.904201 5.641189 -0.171530 -0.128169 -0.019682 0.984123 -0.121194
1784010315.326266050 7.904201 5.641189 -0.171530 -0.128169 -0.019682 0.984123 -0.121194
1784010315.326441050 7.904112 5.641154 -0.171529 -0.128171 -0.019683 0.984120 -0.121211
1784010315.330777884 7.901902 5.640290 -0.171507 -0.128214 -0.019768 0.984062 -0.121621
1784010315.336658955 7.898903 5.639109 -0.171472 -0.128243 -0.019823 0.983988 -0.122182
1784010315.340982914 7.896699 5.638248 -0.171442 -0.128263 -0.019867 0.983933 -0.122594
1784010315.346596003 7.893841 5.637125 -0.171399 -0.128244 -0.019905 0.983868 -0.123131
1784010315.350745916 7.891736 5.636297 -0.171370 -0.128184 -0.019999 0.983826 -0.123516
1784010315.356590033 7.888775 5.635116 -0.171330 -0.128080 -0.020219 0.983768 -0.124048
1784010315.361057043 7.886508 5.634214 -0.171296 -0.128095 -0.020401 0.983711 -0.124452
1784010315.366728067 7.883627 5.633060 -0.171240 -0.128232 -0.020619 0.983623 -0.124967
1784010315.370913029 7.881504 5.632214 -0.171194 -0.128249 -0.020744 0.983569 -0.125357
1784010315.376465082 7.878693 5.631083 -0.171134 -0.128156 -0.020908 0.983511 -0.125880
1784010315.380599976 7.876604 5.630245 -0.171093 -0.128115 -0.021041 0.983462 -0.126276
1784010315.386651039 7.873543 5.629009 -0.171037 -0.128174 -0.021195 0.983376 -0.126860
1784010315.391014099 7.871336 5.628123 -0.171006 -0.128234 -0.021310 0.983312 -0.127280
1784010315.396596909 7.868511 5.626983 -0.170976 -0.128248 -0.021466 0.983236 -0.127821
1784010315.400801897 7.866383 5.626131 -0.170959 -0.128221 -0.021528 0.983183 -0.128248
1784010315.406546116 7.863473 5.624966 -0.170939 -0.128176 -0.021554 0.983110 -0.128842
1784010315.410803080 7.861317 5.624113 -0.170929 -0.128155 -0.021563 0.983056 -0.129276
1784010315.416620016 7.858373 5.622944 -0.170916 -0.128102 -0.021582 0.982983 -0.129880
1784010315.420718908 7.856297 5.622128 -0.170908 -0.128059 -0.021629 0.982932 -0.130301
1784010315.426307201 7.853460 5.621015 -0.170883 -0.128044 -0.021668 0.982856 -0.130876
1784010315.426307201 7.853460 5.621015 -0.170883 -0.128044 -0.021668 0.982856 -0.130876
1784010315.426578999 7.853320 5.620957 -0.170881 -0.128043 -0.021672 0.982853 -0.130904
1784010315.431082010 7.850995 5.620001 -0.170844 -0.128036 -0.021637 0.982789 -0.131392
1784010315.436618090 7.848134 5.618826 -0.170795 -0.127980 -0.021578 0.982716 -0.132001
1784010315.440860987 7.845945 5.617933 -0.170760 -0.127908 -0.021583 0.982664 -0.132456
1784010315.446784019 7.842884 5.616682 -0.170716 -0.127892 -0.021610 0.982580 -0.133088
1784010315.450850010 7.840784 5.615835 -0.170688 -0.127952 -0.021637 0.982515 -0.133511
1784010315.456444025 7.837886 5.614665 -0.170647 -0.128060 -0.021599 0.982420 -0.134110
1784010315.460926056 7.835565 5.613735 -0.170615 -0.128106 -0.021545 0.982349 -0.134593
1784010315.466203928 7.832832 5.612632 -0.170580 -0.128113 -0.021516 0.982272 -0.135151
1784010315.471075058 7.830313 5.611615 -0.170552 -0.128142 -0.021463 0.982197 -0.135678
1784010315.476413965 7.827558 5.610492 -0.170530 -0.128200 -0.021459 0.982109 -0.136257
1784010315.480577946 7.825413 5.609618 -0.170520 -0.128223 -0.021474 0.982044 -0.136703
1784010315.486350060 7.822433 5.608391 -0.170508 -0.128244 -0.021483 0.981956 -0.137312
1784010315.490899086 7.820082 5.607425 -0.170504 -0.128263 -0.021524 0.981887 -0.137781
1784010315.496575117 7.817149 5.606209 -0.170504 -0.128262 -0.021558 0.981802 -0.138377
1784010315.500890970 7.814928 5.605289 -0.170514 -0.128221 -0.021608 0.981743 -0.138826
1784010315.506508112 7.812040 5.604078 -0.170537 -0.128168 -0.021755 0.981666 -0.139399
1784010315.510772943 7.809845 5.603160 -0.170558 -0.128219 -0.021848 0.981595 -0.139837
1784010315.516630888 7.806818 5.601885 -0.170579 -0.128416 -0.022005 0.981479 -0.140441
1784010315.520895004 7.804619 5.600962 -0.170592 -0.128495 -0.022109 0.981404 -0.140879
1784010315.526350975 7.801807 5.599775 -0.170604 -0.128453 -0.022207 0.981325 -0.141446
1784010315.526350975 7.801807 5.599775 -0.170604 -0.128453 -0.022207 0.981325 -0.141446
1784010315.526545048 7.801707 5.599730 -0.170604 -0.128451 -0.022210 0.981323 -0.141467
1784010315.530821085 7.799491 5.598744 -0.170596 -0.128422 -0.022319 0.981259 -0.141914
1784010315.536554098 7.796516 5.597413 -0.170584 -0.128476 -0.022501 0.981162 -0.142507
1784010315.541260004 7.794069 5.596323 -0.170578 -0.128575 -0.022618 0.981075 -0.143001
1784010315.546552896 7.791316 5.595096 -0.170574 -0.128686 -0.022749 0.980975 -0.143560
1784010315.550777912 7.789119 5.594122 -0.170575 -0.128724 -0.022804 0.980902 -0.144021
1784010315.556322098 7.786233 5.592842 -0.170577 -0.128742 -0.022843 0.980808 -0.144632
1784010315.561230898 7.783675 5.591716 -0.170577 -0.128813 -0.022883 0.980719 -0.145167
1784010315.566426992 7.780974 5.590528 -0.170575 -0.128912 -0.022951 0.980620 -0.145738
1784010315.570673943 7.778773 5.589562 -0.170570 -0.128947 -0.023039 0.980544 -0.146201
1784010315.576386929 7.775814 5.588258 -0.170544 -0.128977 -0.023126 0.980443 -0.146838
1784010315.580722094 7.773565 5.587276 -0.170509 -0.129017 -0.023144 0.980365 -0.147322
1784010315.586632013 7.770493 5.585935 -0.170437 -0.129080 -0.023067 0.980256 -0.148000
1784010315.590751886 7.768354 5.585009 -0.170383 -0.129116 -0.022992 0.980183 -0.148463
1784010315.596592903 7.765335 5.583681 -0.170317 -0.129096 -0.023044 0.980087 -0.149103
1784010315.600984097 7.763070 5.582684 -0.170286 -0.129029 -0.023123 0.980021 -0.149584
1784010315.606472015 7.760230 5.581428 -0.170256 -0.129030 -0.023198 0.979927 -0.150187
1784010315.610872984 7.757948 5.580422 -0.170245 -0.129083 -0.023268 0.979845 -0.150663
1784010315.616805077 7.754884 5.579050 -0.170249 -0.129026 -0.023377 0.979750 -0.151312
1784010315.620822906 7.752818 5.578122 -0.170268 -0.128912 -0.023465 0.979694 -0.151757
1784010315.626363993 7.749972 5.576827 -0.170297 -0.128838 -0.023603 0.979605 -0.152374
1784010315.626363993 7.749972 5.576827 -0.170297 -0.128838 -0.023603 0.979605 -0.152374
1784010315.626487017 7.749911 5.576797 -0.170297 -0.128836 -0.023605 0.979603 -0.152387
1784010315.631105900 7.747586 5.575665 -0.170309 -0.128872 -0.023692 0.979518 -0.152890
1784010315.636611938 7.744821 5.574307 -0.170312 -0.128885 -0.023810 0.979419 -0.153494
1784010315.641634941 7.742301 5.573060 -0.170303 -0.128834 -0.023964 0.979335 -0.154048
1784010315.646642923 7.739794 5.571810 -0.170282 -0.128774 -0.024169 0.979251 -0.154596
1784010315.651081085 7.737576 5.570702 -0.170256 -0.128708 -0.024333 0.979179 -0.155085
1784010315.656339884 7.734957 5.569383 -0.170220 -0.128637 -0.024479 0.979089 -0.155686
1784010315.660983086 7.732643 5.568214 -0.170185 -0.128650 -0.024649 0.978998 -0.156220
1784010315.666677952 7.729808 5.566768 -0.170143 -0.128719 -0.024874 0.978878 -0.156878
1784010315.670757055 7.727768 5.565734 -0.170118 -0.128763 -0.025013 0.978791 -0.157360
1784010315.676681042 7.724811 5.564230 -0.170092 -0.128861 -0.025164 0.978662 -0.158058
1784010315.680869102 7.722719 5.563178 -0.170085 -0.128901 -0.025244 0.978574 -0.158556
1784010315.686644077 7.719858 5.561728 -0.170095 -0.128792 -0.025357 0.978475 -0.159235
1784010315.690633059 7.717878 5.560734 -0.170111 -0.128655 -0.025454 0.978415 -0.159700
1784010315.696588993 7.714916 5.559240 -0.170130 -0.128612 -0.025594 0.978302 -0.160401
1784010315.701035023 7.712689 5.558130 -0.170136 -0.128693 -0.025698 0.978204 -0.160915
1784010315.706487894 7.709971 5.556778 -0.170134 -0.128694 -0.025709 0.978098 -0.161560
1784010315.710692883 7.707877 5.555745 -0.170128 -0.128594 -0.025676 0.978028 -0.162067
1784010315.716610909 7.704933 5.554285 -0.170111 -0.128534 -0.025667 0.977919 -0.162770
1784010315.720860004 7.702805 5.553241 -0.170092 -0.128607 -0.025632 0.977826 -0.163280
1784010315.726339102 7.700069 5.551888 -0.170065 -0.128709 -0.025630 0.977704 -0.163927
1784010315.726339102 7.700069 5.551888 -0.170065 -0.128709 -0.025630 0.977704 -0.163927
1784010315.726397038 7.700041 5.551873 -0.170065 -0.128710 -0.025630 0.977703 -0.163934
1784010315.730564117 7.698021 5.550806 -0.170056 -0.128723 -0.025714 0.977616 -0.164427
1784010315.736581087 7.695108 5.549262 -0.170049 -0.128744 -0.025802 0.977491 -0.165141
1784010315.740648985 7.693132 5.548228 -0.170049 -0.128795 -0.025787 0.977402 -0.165629
1784010315.746575117 7.690273 5.546715 -0.170066 -0.128827 -0.025733 0.977276 -0.166354
1784010315.751010895 7.688128 5.545582 -0.170089 -0.128831 -0.025738 0.977184 -0.166887
1784010315.756607056 7.685423 5.544142 -0.170123 -0.128886 -0.025822 0.977062 -0.167548
1784010315.761383057 7.683106 5.542915 -0.170154 -0.128937 -0.025869 0.976958 -0.168105
1784010315.766313076 7.680715 5.541650 -0.170186 -0.128953 -0.025867 0.976855 -0.168689
1784010315.770754099 7.678564 5.540513 -0.170216 -0.128926 -0.025874 0.976767 -0.169216
1784010315.776573896 7.675759 5.539018 -0.170262 -0.128856 -0.025933 0.976655 -0.169907
1784010315.781033993 7.673606 5.537874 -0.170298 -0.128816 -0.025950 0.976566 -0.170445
1784010315.786571980 7.670929 5.536448 -0.170334 -0.128871 -0.025940 0.976442 -0.171117
1784010315.790915012 7.668819 5.535329 -0.170352 -0.128959 -0.025954 0.976338 -0.171637
1784010315.796585083 7.666073 5.533866 -0.170369 -0.129016 -0.025973 0.976210 -0.172318
1784010315.800925016 7.663973 5.532751 -0.170381 -0.128988 -0.025988 0.976123 -0.172830
1784010315.806543112 7.661270 5.531306 -0.170397 -0.128926 -0.026082 0.976014 -0.173476
1784010315.810808897 7.659211 5.530213 -0.170403 -0.128896 -0.026149 0.975930 -0.173962
1784010315.816731930 7.656359 5.528689 -0.170401 -0.128916 -0.026226 0.975805 -0.174633
1784010315.820853949 7.654367 5.527632 -0.170392 -0.128939 -0.026283 0.975719 -0.175091
1784010315.826432943 7.651679 5.526194 -0.170381 -0.128956 -0.026355 0.975601 -0.175722
1784010315.826503038 7.651646 5.526176 -0.170380 -0.128956 -0.026356 0.975600 -0.175730
1784010315.826503038 7.651646 5.526176 -0.170380 -0.128956 -0.026356 0.975600 -0.175730
1784010315.830749989 7.649621 5.525037 -0.170365 -0.128957 -0.026403 0.975513 -0.176202
1784010315.836564064 7.646856 5.523473 -0.170351 -0.128965 -0.026460 0.975392 -0.176855
1784010315.840857029 7.644818 5.522326 -0.170351 -0.128937 -0.026504 0.975306 -0.177345
1784010315.846446037 7.642166 5.520823 -0.170352 -0.128870 -0.026560 0.975196 -0.177988
1784010315.850963116 7.640017 5.519609 -0.170357 -0.128846 -0.026635 0.975102 -0.178506
1784010315.856564999 7.637352 5.518099 -0.170367 -0.128821 -0.026710 0.974984 -0.179157
1784010315.861030102 7.635232 5.516901 -0.170381 -0.128799 -0.026726 0.974890 -0.179685
1784010315.866383076 7.632696 5.515459 -0.170406 -0.128758 -0.026830 0.974777 -0.180306
1784010315.870896101 7.630558 5.514247 -0.170432 -0.128716 -0.026915 0.974683 -0.180832
1784010315.876712084 7.627804 5.512678 -0.170460 -0.128641 -0.026978 0.974564 -0.181517
1784010315.880927086 7.625804 5.511545 -0.170479 -0.128622 -0.027051 0.974473 -0.182007
1784010315.886564970 7.623127 5.510020 -0.170502 -0.128691 -0.027137 0.974338 -0.182670
1784010315.890974045 7.621035 5.508829 -0.170525 -0.128766 -0.027221 0.974228 -0.183189
1784010315.896573067 7.618384 5.507306 -0.170567 -0.128834 -0.027361 0.974090 -0.183851
1784010315.900847912 7.616358 5.506147 -0.170603 -0.128927 -0.027441 0.973980 -0.184356
1784010315.906708956 7.613583 5.504550 -0.170645 -0.129061 -0.027552 0.973827 -0.185053
1784010315.910803080 7.611645 5.503439 -0.170675 -0.129060 -0.027621 0.973734 -0.185535
1784010315.916588068 7.608912 5.501858 -0.170711 -0.128992 -0.027736 0.973612 -0.186204
1784010315.920775890 7.606934 5.500714 -0.170735 -0.129002 -0.027900 0.973515 -0.186679
1784010315.926254034 7.604358 5.499209 -0.170761 -0.129005 -0.028182 0.973392 -0.187274
1784010315.926254034 7.604358 5.499209 -0.170761 -0.129005 -0.028182 0.973392 -0.187274
1784010315.926579952 7.604205 5.499116 -0.170761 -0.129010 -0.028196 0.973384 -0.187311
1784010315.930799961 7.602226 5.497909 -0.170759 -0.128958 -0.028345 0.973297 -0.187776
1784010315.936598063 7.599509 5.496241 -0.170739 -0.128803 -0.028551 0.973188 -0.188416
1784010315.940865040 7.597509 5.495016 -0.170712 -0.128717 -0.028683 0.973103 -0.188890
1784010315.946331024 7.594945 5.493439 -0.170667 -0.128658 -0.028787 0.972987 -0.189511
1784010315.950663090 7.592918 5.492191 -0.170638 -0.128621 -0.028869 0.972893 -0.190006
1784010315.956526995 7.590180 5.490490 -0.170612 -0.128611 -0.029022 0.972756 -0.190691
1784010315.960866928 7.588156 5.489233 -0.170606 -0.128605 -0.029119 0.972652 -0.191210
1784010315.966196060 7.585667 5.487687 -0.170604 -0.128603 -0.029182 0.972521 -0.191864
1784010315.970846891 7.583490 5.486344 -0.170609 -0.128596 -0.029198 0.972409 -0.192437
1784010315.976598978 7.580795 5.484682 -0.170626 -0.128601 -0.029189 0.972265 -0.193161
1784010315.980895042 7.578785 5.483449 -0.170650 -0.128608 -0.029236 0.972158 -0.193688
1784010315.986577988 7.576124 5.481818 -0.170684 -0.128632 -0.029249 0.972013 -0.194395
1784010315.990809917 7.574139 5.480612 -0.170709 -0.128666 -0.029260 0.971902 -0.194926
1784010315.996553898 7.571436 5.478974 -0.170735 -0.128734 -0.029212 0.971747 -0.195655
1784010316.001045942 7.569323 5.477700 -0.170755 -0.128705 -0.029143 0.971636 -0.196239
1784010316.006324053 7.566838 5.476198 -0.170784 -0.128632 -0.029126 0.971508 -0.196918
1784010316.010786057 7.564738 5.474930 -0.170815 -0.128619 -0.029143 0.971395 -0.197484
1784010316.016596079 7.562001 5.473273 -0.170861 -0.128677 -0.029178 0.971236 -0.198223
1784010316.020632029 7.560099 5.472126 -0.170900 -0.128715 -0.029207 0.971126 -0.198733
1784010316.026483059 7.557334 5.470454 -0.170947 -0.128846 -0.029150 0.970955 -0.199489
1784010316.026483059 7.557334 5.470454 -0.170947 -0.128846 -0.029150 0.970955 -0.199489
1784010316.026542902 7.557306 5.470436 -0.170947 -0.128847 -0.029150 0.970953 -0.199497
1784010316.030956030 7.555231 5.469136 -0.170964 -0.128924 -0.029149 0.970825 -0.200071
1784010316.036571980 7.552598 5.467476 -0.170986 -0.128991 -0.029178 0.970665 -0.200798
1784010316.040997028 7.550526 5.466171 -0.171002 -0.129038 -0.029189 0.970541 -0.201365
1784010316.046566010 7.547922 5.464522 -0.171015 -0.129156 -0.029243 0.970373 -0.202086
1784010316.050657988 7.546006 5.463313 -0.171022 -0.129249 -0.029278 0.970250 -0.202615
1784010316.056396961 7.543324 5.461614 -0.171023 -0.129286 -0.029281 0.970088 -0.203365
1784010316.060790062 7.541270 5.460319 -0.171022 -0.129255 -0.029264 0.969971 -0.203943
1784010316.065690994 7.538978 5.458870 -0.171021 -0.129251 -0.029287 0.969837 -0.204577
1784010316.070884943 7.536553 5.457335 -0.171027 -0.129263 -0.029338 0.969695 -0.205238
1784010316.076510906 7.533929 5.455674 -0.171042 -0.129279 -0.029365 0.969541 -0.205950
1784010316.080799103 7.531926 5.454411 -0.171059 -0.129316 -0.029382 0.969421 -0.206489
1784010316.086373091 7.529320 5.452764 -0.171075 -0.129360 -0.029401 0.969266 -0.207183
1784010316.090506077 7.527387 5.451546 -0.171087 -0.129347 -0.029393 0.969158 -0.207698
1784010316.096597910 7.524548 5.449739 -0.171103 -0.129270 -0.029447 0.969004 -0.208454
1784010316.100756884 7.522613 5.448508 -0.171115 -0.129248 -0.029512 0.968895 -0.208966
1784010316.106383085 7.519999 5.446836 -0.171127 -0.129254 -0.029571 0.968740 -0.209673
1784010316.110755920 7.517967 5.445536 -0.171138 -0.129254 -0.029619 0.968619 -0.210222
1784010316.116621971 7.515243 5.443781 -0.171151 -0.129215 -0.029683 0.968463 -0.210956
1784010316.120853901 7.513277 5.442516 -0.171166 -0.129166 -0.029725 0.968350 -0.211495
1784010316.126317978 7.510744 5.440873 -0.171195 -0.129081 -0.029861 0.968206 -0.212187
1784010316.126317978 7.510744 5.440873 -0.171195 -0.129081 -0.029861 0.968206 -0.212187
1784010316.126553059 7.510635 5.440800 -0.171196 -0.129077 -0.029865 0.968200 -0.212217
1784010316.130769968 7.508682 5.439493 -0.171219 -0.129013 -0.029989 0.968088 -0.212749
1784010316.136564016 7.505998 5.437687 -0.171261 -0.128992 -0.030210 0.967922 -0.213484
1784010316.141371965 7.503771 5.436190 -0.171303 -0.129030 -0.030358 0.967777 -0.214098
1784010316.146238089 7.501517 5.434672 -0.171347 -0.129063 -0.030450 0.967626 -0.214746
1784010316.150986910 7.499314 5.433185 -0.171389 -0.129091 -0.030521 0.967478 -0.215385
1784010316.156742096 7.496642 5.431375 -0.171437 -0.129196 -0.030622 0.967286 -0.216169
1784010316.160823107 7.494753 5.430093 -0.171475 -0.129263 -0.030729 0.967150 -0.216719
1784010316.165906906 7.492406 5.428491 -0.171528 -0.129266 -0.030910 0.966988 -0.217413
1784010316.170908928 7.490098 5.426912 -0.171577 -0.129283 -0.031061 0.966826 -0.218101
1784010316.176244974 7.487635 5.425222 -0.171623 -0.129321 -0.031221 0.966647 -0.218849
1784010316.180929899 7.485470 5.423740 -0.171656 -0.129318 -0.031339 0.966492 -0.219517
1784010316.186559916 7.482873 5.421958 -0.171683 -0.129320 -0.031402 0.966304 -0.220334
1784010316.190778971 7.480933 5.420627 -0.171698 -0.129310 -0.031487 0.966164 -0.220941
1784010316.196381092 7.478362 5.418855 -0.171709 -0.129259 -0.031622 0.965980 -0.221754
1784010316.200634956 7.476410 5.417516 -0.171709 -0.129222 -0.031702 0.965839 -0.222380
1784010316.206595898 7.473676 5.415634 -0.171691 -0.129183 -0.031814 0.965637 -0.223259
1784010316.210633039 7.471828 5.414365 -0.171672 -0.129119 -0.031901 0.965509 -0.223837
1784010316.216527939 7.469138 5.412506 -0.171642 -0.128944 -0.032064 0.965334 -0.224667
1784010316.220799923 7.467197 5.411162 -0.171623 -0.128845 -0.032180 0.965201 -0.225279
1784010316.226152182 7.464770 5.409470 -0.171605 -0.128763 -0.032354 0.965028 -0.226042
1784010316.226152182 7.464770 5.409470 -0.171605 -0.128763 -0.032354 0.965028 -0.226042
1784010316.226713896 7.464513 5.409287 -0.171602 -0.128756 -0.032371 0.965009 -0.226122
1784010316.230820894 7.462636 5.407933 -0.171584 -0.128726 -0.032509 0.964869 -0.226719
1784010316.236584902 7.459995 5.406020 -0.171566 -0.128723 -0.032673 0.964662 -0.227575
1784010316.240794897 7.458066 5.404627 -0.171564 -0.128718 -0.032786 0.964514 -0.228188
1784010316.246611118 7.455409 5.402695 -0.171580 -0.128635 -0.032878 0.964317 -0.229051
1784010316.251131058 7.453355 5.401198 -0.171612 -0.128520 -0.032953 0.964169 -0.229726
1784010316.256560087 7.450887 5.399387 -0.171663 -0.128429 -0.033144 0.963982 -0.230534
1784010316.260947943 7.448888 5.397921 -0.171709 -0.128429 -0.033340 0.963822 -0.231175
1784010316.266182899 7.446497 5.396168 -0.171757 -0.128471 -0.033489 0.963624 -0.231952
1784010316.270955086 7.444321 5.394574 -0.171797 -0.128466 -0.033592 0.963446 -0.232680
1784010316.276534081 7.441785 5.392709 -0.171837 -0.128449 -0.033669 0.963236 -0.233547
1784010316.280858994 7.439828 5.391267 -0.171868 -0.128423 -0.033717 0.963072 -0.234231
1784010316.286557913 7.437247 5.389350 -0.171907 -0.128427 -0.033846 0.962845 -0.235141
1784010316.291132927 7.435173 5.387808 -0.171937 -0.128514 -0.034025 0.962650 -0.235863
1784010316.296449900 7.432755 5.386013 -0.171969 -0.128648 -0.034143 0.962419 -0.236714
1784010316.300585032 7.430877 5.384623 -0.172000 -0.128667 -0.034210 0.962252 -0.237373
1784010316.306535959 7.428178 5.382613 -0.172052 -0.128602 -0.034308 0.962023 -0.238321
1784010316.310926914 7.426192 5.381138 -0.172098 -0.128571 -0.034363 0.961850 -0.239024
1784010316.316494942 7.423670 5.379258 -0.172155 -0.128580 -0.034451 0.961624 -0.239916
1784010316.320771933 7.421733 5.377817 -0.172197 -0.128577 -0.034491 0.961453 -0.240598
1784010316.326457024 7.419150 5.375895 -0.172242 -0.128561 -0.034484 0.961223 -0.241525
1784010316.326457024 7.419150 5.375895 -0.172242 -0.128561 -0.034484 0.961223 -0.241525
1784010316.326522112 7.419120 5.375871 -0.172242 -0.128561 -0.034484 0.961220 -0.241536
1784010316.330817938 7.417162 5.374357 -0.172257 -0.128575 -0.034485 0.961041 -0.242238
1784010316.336575031 7.414549 5.372323 -0.172273 -0.128531 -0.034463 0.960809 -0.243185
1784010316.340663910 7.412701 5.370887 -0.172286 -0.128445 -0.034442 0.960651 -0.243855
1784010316.346502066 7.410057 5.368820 -0.172296 -0.128387 -0.034495 0.960415 -0.244806
1784010316.350939989 7.408041 5.367250 -0.172296 -0.128439 -0.034560 0.960225 -0.245513
1784010316.356530905 7.405502 5.365263 -0.172288 -0.128517 -0.034613 0.959984 -0.246405
1784010316.360961914 7.403497 5.363691 -0.172282 -0.128484 -0.034692 0.959806 -0.247107
1784010316.366544008 7.400982 5.361704 -0.172278 -0.128354 -0.034820 0.959591 -0.247988
1784010316.370848894 7.399044 5.360176 -0.172275 -0.128274 -0.034907 0.959424 -0.248662
1784010316.376511097 7.396495 5.358153 -0.172267 -0.128268 -0.035026 0.959190 -0.249549
1784010316.380747080 7.394589 5.356641 -0.172263 -0.128282 -0.035139 0.959011 -0.250213
1784010316.386579037 7.391972 5.354544 -0.172263 -0.128193 -0.035287 0.958776 -0.251138
1784010316.390814066 7.390074 5.353026 -0.172273 -0.128105 -0.035367 0.958607 -0.251815
1784010316.396526098 7.387519 5.350969 -0.172289 -0.128063 -0.035467 0.958364 -0.252745
1784010316.401168108 7.385447 5.349302 -0.172309 -0.128046 -0.035573 0.958163 -0.253499
1784010316.406505108 7.383070 5.347383 -0.172334 -0.127957 -0.035685 0.957940 -0.254372
1784010316.410804987 7.381156 5.345842 -0.172354 -0.127861 -0.035772 0.957762 -0.255076
1784010316.416541100 7.378597 5.343777 -0.172371 -0.127785 -0.035883 0.957514 -0.256027
1784010316.420634985 7.376764 5.342312 -0.172379 -0.127727 -0.035962 0.957338 -0.256702
1784010316.426370144 7.374199 5.340252 -0.172389 -0.127729 -0.036037 0.957078 -0.257661
1784010316.426370144 7.374199 5.340252 -0.172389 -0.127729 -0.036037 0.957078 -0.257661
1784010316.426551104 7.374119 5.340185 -0.172389 -0.127729 -0.036041 0.957069 -0.257691
1784010316.430915117 7.372200 5.338562 -0.172390 -0.127676 -0.036127 0.956876 -0.258422
1784010316.436549902 7.369722 5.336461 -0.172389 -0.127647 -0.036199 0.956619 -0.259377
1784010316.440709114 7.367883 5.334915 -0.172387 -0.127626 -0.036248 0.956429 -0.260078
1784010316.446525097 7.365313 5.332746 -0.172383 -0.127736 -0.036292 0.956151 -0.261038
1784010316.450623989 7.363497 5.331225 -0.172383 -0.127812 -0.036318 0.955956 -0.261711
1784010316.456717014 7.360809 5.328954 -0.172391 -0.127923 -0.036488 0.955662 -0.262706
1784010316.460621119 7.359088 5.327506 -0.172404 -0.127994 -0.036592 0.955474 -0.263339
1784010316.466537952 7.356493 5.325298 -0.172425 -0.128044 -0.036741 0.955196 -0.264300
1784010316.471090078 7.354495 5.323603 -0.172435 -0.128015 -0.036885 0.954992 -0.265030
1784010316.476182938 7.352267 5.321700 -0.172438 -0.127962 -0.037067 0.954768 -0.265837
1784010316.481003046 7.350165 5.319897 -0.172435 -0.127911 -0.037238 0.954556 -0.266599
1784010316.486138105 7.347936 5.317971 -0.172428 -0.127843 -0.037509 0.954334 -0.267388
1784010316.490545988 7.346028 5.316320 -0.172422 -0.127785 -0.037740 0.954143 -0.268063
1784010316.496679068 7.343385 5.314010 -0.172411 -0.127776 -0.038045 0.953861 -0.269026
1784010316.500744104 7.341629 5.312485 -0.172403 -0.127768 -0.038241 0.953675 -0.269659
1784010316.506508112 7.339146 5.310308 -0.172399 -0.127771 -0.038440 0.953402 -0.270596
1784010316.510922909 7.337244 5.308639 -0.172410 -0.127772 -0.038588 0.953192 -0.271311
1784010316.516545057 7.334830 5.306507 -0.172438 -0.127879 -0.038856 0.952902 -0.272242
1784010316.520787001 7.333010 5.304907 -0.172473 -0.127960 -0.039053 0.952683 -0.272941
1784010316.526270151 7.330662 5.302835 -0.172528 -0.127997 -0.039256 0.952405 -0.273861
1784010316.526270151 7.330662 5.302835 -0.172528 -0.127997 -0.039256 0.952405 -0.273861
1784010316.526516914 7.330558 5.302739 -0.172529 -0.127998 -0.039264 0.952393 -0.273902
1784010316.530708075 7.328799 5.301109 -0.172557 -0.128024 -0.039398 0.952183 -0.274598
1784010316.536535978 7.326356 5.298837 -0.172593 -0.127944 -0.039488 0.951905 -0.275586
1784010316.541033983 7.324465 5.297091 -0.172621 -0.127882 -0.039557 0.951690 -0.276346
1784010316.546557903 7.322147 5.294943 -0.172656 -0.127854 -0.039633 0.951416 -0.277290
1784010316.550734043 7.320394 5.293323 -0.172687 -0.127833 -0.039690 0.951209 -0.278002
1784010316.556566954 7.317950 5.291052 -0.172728 -0.127753 -0.039801 0.950922 -0.279003
1784010316.560655117 7.316230 5.289462 -0.172758 -0.127697 -0.039878 0.950721 -0.279702
1784010316.565969944 7.313993 5.287387 -0.172790 -0.127633 -0.039936 0.950456 -0.280622
1784010316.570930958 7.311902 5.285449 -0.172820 -0.127599 -0.039979 0.950202 -0.281488
1784010316.576370001 7.309618 5.283315 -0.172856 -0.127566 -0.040072 0.949918 -0.282447
1784010316.580707073 7.307799 5.281611 -0.172893 -0.127539 -0.040145 0.949692 -0.283209
1784010316.586335897 7.305446 5.279381 -0.172939 -0.127572 -0.040308 0.949384 -0.284203
1784010316.590555906 7.303676 5.277707 -0.172970 -0.127659 -0.040427 0.949144 -0.284947
1784010316.596514940 7.301191 5.275332 -0.173005 -0.127722 -0.040471 0.948803 -0.286044
1784010316.600548983 7.299514 5.273732 -0.173032 -0.127765 -0.040500 0.948573 -0.286783
1784010316.606374979 7.297113 5.271409 -0.173071 -0.127745 -0.040546 0.948246 -0.287865
1784010316.610752106 7.295311 5.269663 -0.173110 -0.127736 -0.040647 0.947997 -0.288674
1784010316.616452932 7.292966 5.267373 -0.173158 -0.127837 -0.040832 0.947656 -0.289720
1784010316.620822906 7.291161 5.265620 -0.173196 -0.127954 -0.040961 0.947390 -0.290522
1784010316.626288176 7.288909 5.263422 -0.173244 -0.128017 -0.041109 0.947065 -0.291531
1784010316.626288176 7.288909 5.263422 -0.173244 -0.128017 -0.041109 0.947065 -0.291531
1784010316.626528978 7.288811 5.263323 -0.173245 -0.128020 -0.041116 0.947051 -0.291574
1784010316.630577087 7.287176 5.261661 -0.173257 -0.127995 -0.041193 0.946827 -0.292301
1784010316.636502028 7.284795 5.259221 -0.173276 -0.127994 -0.041384 0.946494 -0.293349
1784010316.640872955 7.283040 5.257422 -0.173297 -0.127992 -0.041526 0.946248 -0.294122
1784010316.646579981 7.280754 5.255059 -0.173320 -0.128046 -0.041756 0.945918 -0.295126
1784010316.650748968 7.279079 5.253332 -0.173336 -0.128083 -0.041950 0.945679 -0.295850
1784010316.656511068 7.276766 5.250941 -0.173345 -0.128129 -0.042107 0.945351 -0.296852
1784010316.660931110 7.274992 5.249116 -0.173348 -0.128126 -0.042137 0.945103 -0.297638
1784010316.666109085 7.272924 5.246975 -0.173350 -0.128066 -0.042179 0.944816 -0.298567
1784010316.671217918 7.270891 5.244859 -0.173354 -0.127989 -0.042294 0.944534 -0.299474
1784010316.676207066 7.268905 5.242787 -0.173361 -0.127973 -0.042454 0.944246 -0.300366
1784010316.680633068 7.267138 5.240949 -0.173368 -0.128036 -0.042600 0.943982 -0.301149
1784010316.686528921 7.264788 5.238496 -0.173372 -0.128112 -0.042718 0.943627 -0.302210
1784010316.690530062 7.263195 5.236840 -0.173378 -0.128094 -0.042771 0.943389 -0.302952
1784010316.696589947 7.260805 5.234324 -0.173391 -0.127998 -0.042870 0.943034 -0.304081
1784010316.700715065 7.259180 5.232615 -0.173405 -0.127982 -0.042959 0.942783 -0.304855
1784010316.706283092 7.256987 5.230295 -0.173414 -0.128118 -0.043139 0.942420 -0.305892
1784010316.710903883 7.255163 5.228371 -0.173415 -0.128265 -0.043234 0.942114 -0.306758
1784010316.716526031 7.252955 5.226031 -0.173407 -0.128281 -0.043300 0.941764 -0.307813
1784010316.720671892 7.251333 5.224311 -0.173402 -0.128169 -0.043340 0.941523 -0.308592
1784010316.726494074 7.249073 5.221891 -0.173393 -0.127963 -0.043415 0.941188 -0.309688
1784010316.726528168 7.249060 5.221876 -0.173392 -0.127962 -0.043416 0.941186 -0.309694
1784010316.726528168 7.249060 5.221876 -0.173392 -0.127962 -0.043416 0.941186 -0.309694
1784010316.730808973 7.247437 5.220052 -0.173379 -0.127867 -0.043514 0.940932 -0.310489
1784010316.736557961 7.245260 5.217588 -0.173366 -0.127822 -0.043686 0.940581 -0.311545
1784010316.740842104 7.243631 5.215750 -0.173362 -0.127827 -0.043831 0.940315 -0.312324
1784010316.746586084 7.241458 5.213278 -0.173362 -0.127820 -0.044035 0.939959 -0.313369
1784010316.751060963 7.239773 5.211359 -0.173372 -0.127732 -0.044132 0.939691 -0.314193
1784010316.756508112 7.237739 5.209019 -0.173392 -0.127573 -0.044286 0.939367 -0.315203
1784010316.760843039 7.236121 5.207152 -0.173411 -0.127518 -0.044515 0.939102 -0.315982
1784010316.766483068 7.234017 5.204708 -0.173429 -0.127562 -0.044849 0.938737 -0.316999
1784010316.770457983 7.232529 5.202985 -0.173438 -0.127618 -0.045092 0.938476 -0.317717
1784010316.776350975 7.230338 5.200430 -0.173444 -0.127633 -0.045360 0.938095 -0.318795
1784010316.780891895 7.228653 5.198472 -0.173453 -0.127566 -0.045459 0.937807 -0.319653
1784010316.786362886 7.226626 5.196106 -0.173473 -0.127515 -0.045606 0.937455 -0.320682
1784010316.790740013 7.224998 5.194210 -0.173501 -0.127582 -0.045778 0.937156 -0.321506
1784010316.796513081 7.222856 5.191699 -0.173552 -0.127736 -0.046033 0.936748 -0.322594
1784010316.800976038 7.221198 5.189761 -0.173606 -0.127789 -0.046255 0.936443 -0.323428
1784010316.806370974 7.219195 5.187418 -0.173678 -0.127815 -0.046482 0.936076 -0.324444
1784010316.810662985 7.217599 5.185565 -0.173734 -0.127869 -0.046601 0.935779 -0.325261
1784010316.816688061 7.215373 5.182964 -0.173802 -0.127945 -0.046693 0.935357 -0.326430
1784010316.820763111 7.213868 5.181208 -0.173843 -0.127983 -0.046778 0.935070 -0.327226
1784010316.826230049 7.211851 5.178842 -0.173878 -0.128078 -0.046956 0.934672 -0.328298
1784010316.826230049 7.211851 5.178842 -0.173878 -0.128078 -0.046956 0.934672 -0.328298
1784010316.826662064 7.211694 5.178652 -0.173878 -0.128083 -0.046971 0.934641 -0.328383
1784010316.830738068 7.210210 5.176854 -0.173867 -0.128176 -0.047025 0.934337 -0.329201
1784010316.836545944 7.208098 5.174297 -0.173832 -0.128282 -0.046964 0.933912 -0.330373
1784010316.840823889 7.206544 5.172425 -0.173802 -0.128285 -0.046908 0.933611 -0.331230
1784010316.846524000 7.204488 5.169924 -0.173770 -0.128158 -0.046950 0.933225 -0.332358
1784010316.850549936 7.203038 5.168156 -0.173757 -0.128060 -0.047054 0.932954 -0.333142
1784010316.856554031 7.200872 5.165506 -0.173747 -0.128039 -0.047182 0.932534 -0.334304
1784010316.861166000 7.199198 5.163469 -0.173752 -0.128140 -0.047282 0.932200 -0.335184
1784010316.866410017 7.197298 5.161149 -0.173774 -0.128244 -0.047368 0.931822 -0.336180
1784010316.870820045 7.195710 5.159203 -0.173811 -0.128208 -0.047383 0.931521 -0.337026
1784010316.876512051 7.193674 5.156684 -0.173876 -0.128106 -0.047399 0.931133 -0.338133
1784010316.880832911 7.192129 5.154769 -0.173930 -0.128110 -0.047477 0.930827 -0.338962
1784010316.886492014 7.190108 5.152245 -0.173990 -0.128133 -0.047649 0.930423 -0.340036
1784010316.890886068 7.188539 5.150286 -0.174028 -0.128067 -0.047791 0.930123 -0.340860
1784010316.896490097 7.186548 5.147782 -0.174053 -0.127907 -0.047942 0.929752 -0.341911
1784010316.900742054 7.185044 5.145888 -0.174056 -0.127763 -0.048071 0.929472 -0.342705
1784010316.906495094 7.183030 5.143321 -0.174041 -0.127468 -0.048271 0.929105 -0.343782
1784010316.910840034 7.181511 5.141380 -0.174020 -0.127245 -0.048411 0.928825 -0.344601
1784010316.916531086 7.179517 5.138818 -0.173979 -0.127156 -0.048656 0.928427 -0.345669
1784010316.920624971 7.178076 5.136971 -0.173948 -0.127227 -0.048837 0.928120 -0.346440
1784010316.926248074 7.176113 5.134432 -0.173920 -0.127272 -0.049006 0.927699 -0.347526
1784010316.926248074 7.176113 5.134432 -0.173920 -0.127272 -0.049006 0.927699 -0.347526
1784010316.926481962 7.176034 5.134324 -0.173919 -0.127274 -0.049014 0.927682 -0.347571
1784010316.930845976 7.174556 5.132322 -0.173907 -0.127188 -0.049211 0.927364 -0.348421
1784010316.936531067 7.172640 5.129708 -0.173903 -0.127016 -0.049502 0.926958 -0.349522
1784010316.940901041 7.171161 5.127703 -0.173900 -0.126944 -0.049702 0.926638 -0.350367
1784010316.946554899 7.169243 5.125107 -0.173886 -0.126899 -0.049883 0.926219 -0.351464
1784010316.950496912 7.167903 5.123306 -0.173872 -0.126814 -0.049968 0.925935 -0.352230
1784010316.956566095 7.165858 5.120532 -0.173845 -0.126533 -0.050100 0.925515 -0.353415
1784010316.960699081 7.164467 5.118655 -0.173827 -0.126296 -0.050136 0.925236 -0.354224
1784010316.966485977 7.162519 5.116024 -0.173798 -0.126062 -0.050139 0.924830 -0.355365
1784010316.970786095 7.161062 5.114070 -0.173775 -0.125997 -0.050164 0.924516 -0.356201
1784010316.976483107 7.159131 5.111471 -0.173748 -0.125930 -0.050244 0.924096 -0.357301
1784010316.980957031 7.157614 5.109431 -0.173736 -0.125865 -0.050336 0.923769 -0.358155
1784010316.986680984 7.155681 5.106821 -0.173730 -0.125827 -0.050471 0.923340 -0.359253
1784010316.990786076 7.154296 5.104956 -0.173730 -0.125832 -0.050562 0.923029 -0.360038
1784010316.996505976 7.152376 5.102352 -0.173729 -0.125839 -0.050716 0.922595 -0.361124
1784010317.000916004 7.150898 5.100346 -0.173724 -0.125829 -0.050827 0.922266 -0.361952
1784010317.006499052 7.149033 5.097799 -0.173699 -0.125814 -0.050983 0.921849 -0.362997
1784010317.010915041 7.147564 5.095787 -0.173668 -0.125734 -0.051145 0.921531 -0.363808
1784010317.016383886 7.145764 5.093299 -0.173621 -0.125463 -0.051342 0.921163 -0.364804
1784010317.020781040 7.144323 5.091304 -0.173581 -0.125183 -0.051503 0.920878 -0.365595
1784010317.026494980 7.142460 5.088704 -0.173523 -0.124917 -0.051772 0.920495 -0.366611
1784010317.026534081 7.142447 5.088685 -0.173523 -0.124916 -0.051775 0.920493 -0.366618
1784010317.026534081 7.142447 5.088685 -0.173523 -0.124916 -0.051775 0.920493 -0.366618
1784010317.030709028 7.141130 5.086745 -0.173474 -0.124787 -0.051948 0.920211 -0.367345
1784010317.036483049 7.139323 5.084052 -0.173413 -0.124590 -0.052128 0.919815 -0.368374
1784010317.040898085 7.137942 5.081995 -0.173373 -0.124440 -0.052252 0.919509 -0.369172
1784010317.046626091 7.136161 5.079320 -0.173329 -0.124365 -0.052404 0.919089 -0.370219
1784010317.050487041 7.134960 5.077524 -0.173308 -0.124345 -0.052526 0.918800 -0.370926
1784010317.056512117 7.133101 5.074718 -0.173287 -0.124244 -0.052698 0.918360 -0.372023
1784010317.060914040 7.131737 5.072676 -0.173275 -0.124143 -0.052830 0.918043 -0.372820
1784010317.066534996 7.130000 5.070069 -0.173254 -0.123984 -0.052953 0.917643 -0.373840
1784010317.070506096 7.128766 5.068237 -0.173237 -0.123845 -0.052988 0.917364 -0.374564
1784010317.076500893 7.126915 5.065467 -0.173212 -0.123670 -0.053014 0.916934 -0.375668
1784010317.080786943 7.125588 5.063493 -0.173198 -0.123596 -0.053046 0.916621 -0.376453
1784010317.086504936 7.123822 5.060853 -0.173190 -0.123490 -0.053129 0.916199 -0.377501
1784010317.090619087 7.122542 5.058957 -0.173191 -0.123432 -0.053162 0.915892 -0.378260
1784010317.096560001 7.120694 5.056214 -0.173195 -0.123412 -0.053143 0.915438 -0.379365
1784010317.100621939 7.119422 5.054346 -0.173204 -0.123416 -0.053111 0.915123 -0.380129
1784010317.106477022 7.117606 5.051650 -0.173228 -0.123349 -0.053083 0.914677 -0.381226
1784010317.110980988 7.116209 5.049579 -0.173258 -0.123283 -0.053130 0.914334 -0.382064
1784010317.116225958 7.114581 5.047157 -0.173292 -0.123313 -0.053251 0.913920 -0.383025
1784010317.120747089 7.113172 5.045071 -0.173316 -0.123372 -0.053331 0.913564 -0.383845
1784010317.126207113 7.111472 5.042551 -0.173342 -0.123348 -0.053354 0.913148 -0.384837
1784010317.126207113 7.111472 5.042551 -0.173342 -0.123348 -0.053354 0.913148 -0.384837
1784010317.126537085 7.111373 5.042396 -0.173343 -0.123347 -0.053357 0.913122 -0.384898
1784010317.130640984 7.110139 5.040460 -0.173348 -0.123298 -0.053361 0.912807 -0.385661
1784010317.136559010 7.108374 5.037656 -0.173351 -0.123241 -0.053425 0.912346 -0.386758
1784010317.140880108 7.107088 5.035609 -0.173356 -0.123210 -0.053546 0.912009 -0.387546
1784010317.146671057 7.105376 5.032851 -0.173361 -0.123182 -0.053723 0.911549 -0.388611
1784010317.150788069 7.104154 5.030889 -0.173365 -0.123187 -0.053849 0.911219 -0.389364
1784010317.156467915 7.102473 5.028170 -0.173368 -0.123215 -0.054015 0.910760 -0.390407
1784010317.161025047 7.101126 5.025995 -0.173372 -0.123209 -0.054080 0.910395 -0.391249
1784010317.166441917 7.099542 5.023407 -0.173382 -0.123130 -0.054186 0.909962 -0.392266
1784010317.170926094 7.098239 5.021264 -0.173396 -0.123025 -0.054353 0.909608 -0.393095
1784010317.176335096 7.096675 5.018667 -0.173410 -0.122901 -0.054599 0.909176 -0.394097
1784010317.180578947 7.095443 5.016630 -0.173414 -0.122847 -0.054758 0.908834 -0.394880
1784010317.186484098 7.093736 5.013792 -0.173406 -0.122760 -0.054891 0.908363 -0.395973
1784010317.190908909 7.092458 5.011676 -0.173399 -0.122605 -0.054940 0.908024 -0.396790
1784010317.196501970 7.090859 5.008996 -0.173391 -0.122308 -0.055025 0.907606 -0.397824
1784010317.200720072 7.089652 5.006978 -0.173386 -0.122130 -0.055100 0.907283 -0.398605
1784010317.206532955 7.087992 5.004182 -0.173375 -0.121975 -0.055228 0.906823 -0.399679
1784010317.210679054 7.086801 5.002189 -0.173370 -0.121872 -0.055332 0.906500 -0.400430
1784010317.216506004 7.085136 4.999381 -0.173365 -0.121682 -0.055425 0.906042 -0.401508
1784010317.220726967 7.083928 4.997356 -0.173369 -0.121512 -0.055464 0.905713 -0.402297
1784010317.226358175 7.082331 4.994651 -0.173383 -0.121270 -0.055545 0.905270 -0.403353
1784010317.226358175 7.082331 4.994651 -0.173383 -0.121270 -0.055545 0.905270 -0.403353
1784010317.226659060 7.082249 4.994504 -0.173383 -0.121258 -0.055547 0.905247 -0.403409
1784010317.230720043 7.081142 4.992513 -0.173381 -0.121107 -0.055604 0.904930 -0.404158
1784010317.236526966 7.079565 4.989652 -0.173375 -0.120952 -0.055766 0.904464 -0.405223
1784010317.240843058 7.078383 4.987527 -0.173366 -0.120931 -0.055861 0.904104 -0.406018
1784010317.246474981 7.076843 4.984749 -0.173343 -0.120953 -0.055938 0.903627 -0.407061
1784010317.250807047 7.075660 4.982623 -0.173324 -0.120912 -0.055981 0.903268 -0.407865
1784010317.256499052 7.074120 4.979828 -0.173296 -0.120716 -0.056023 0.902812 -0.408926
1784010317.260557890 7.073019 4.977841 -0.173275 -0.120575 -0.056066 0.902486 -0.409680
1784010317.266545057 7.071398 4.974897 -0.173235 -0.120495 -0.056146 0.901986 -0.410792
1784010317.270787954 7.070244 4.972814 -0.173210 -0.120429 -0.056217 0.901634 -0.411574
1784010317.276583910 7.068676 4.969962 -0.173180 -0.120245 -0.056291 0.901164 -0.412645
1784010317.280864000 7.067519 4.967866 -0.173165 -0.120073 -0.056314 0.900825 -0.413431
1784010317.286331892 7.066053 4.965189 -0.173149 -0.119838 -0.056330 0.900395 -0.414433
1784010317.290575981 7.064917 4.963116 -0.173138 -0.119662 -0.056348 0.900064 -0.415199
1784010317.296443939 7.063356 4.960238 -0.173117 -0.119441 -0.056421 0.899599 -0.416259
1784010317.300945997 7.062156 4.958025 -0.173097 -0.119288 -0.056579 0.899242 -0.417054
1784010317.306298971 7.060736 4.955388 -0.173061 -0.119153 -0.056783 0.898811 -0.417992
1784010317.310609102 7.059592 4.953274 -0.173023 -0.119071 -0.056863 0.898457 -0.418764
1784010317.316483974 7.058048 4.950396 -0.172964 -0.118937 -0.056850 0.897967 -0.419853
1784010317.320712090 7.056941 4.948332 -0.172924 -0.118801 -0.056858 0.897618 -0.420638
1784010317.326477051 7.055434 4.945497 -0.172865 -0.118645 -0.056876 0.897127 -0.421724
1784010317.326495171 7.055430 4.945487 -0.172865 -0.118645 -0.056876 0.897126 -0.421728
1784010317.326495171 7.055430 4.945487 -0.172865 -0.118645 -0.056876 0.897126 -0.421728
1784010317.330600977 7.054374 4.943410 -0.172813 -0.118610 -0.056962 0.896772 -0.422478
1784010317.336466074 7.052856 4.940430 -0.172742 -0.118672 -0.057071 0.896251 -0.423548
1784010317.340945005 7.051697 4.938175 -0.172704 -0.118626 -0.057033 0.895869 -0.424375
1784010317.346263885 7.050342 4.935512 -0.172688 -0.118312 -0.056979 0.895445 -0.425362
1784010317.350749016 7.049204 4.933269 -0.172694 -0.118052 -0.057015 0.895083 -0.426192
1784010317.356484890 7.047747 4.930388 -0.172698 -0.118021 -0.057180 0.894585 -0.427222
1784010317.361136913 7.046561 4.928055 -0.172695 -0.118044 -0.057300 0.894176 -0.428056
1784010317.366225958 7.045262 4.925500 -0.172684 -0.117992 -0.057338 0.893736 -0.428983
1784010317.370554924 7.044155 4.923333 -0.172669 -0.117966 -0.057345 0.893361 -0.429769
1784010317.376491070 7.042658 4.920369 -0.172644 -0.117884 -0.057353 0.892853 -0.430845
1784010317.380822897 7.041575 4.918218 -0.172631 -0.117681 -0.057362 0.892501 -0.431628
1784010317.386517048 7.040155 4.915367 -0.172612 -0.117463 -0.057497 0.892032 -0.432638
1784010317.390803099 7.039076 4.913208 -0.172594 -0.117502 -0.057702 0.891654 -0.433378
1784010317.396460056 7.037660 4.910356 -0.172573 -0.117639 -0.057914 0.891138 -0.434374
1784010317.400877953 7.036567 4.908148 -0.172572 -0.117588 -0.057962 0.890753 -0.435169
1784010317.406461954 7.035204 4.905355 -0.172587 -0.117384 -0.058037 0.890279 -0.436184
1784010317.410725117 7.034163 4.903218 -0.172606 -0.117284 -0.058174 0.889907 -0.436950
1784010317.416445017 7.032762 4.900330 -0.172631 -0.117279 -0.058387 0.889386 -0.437983
1784010317.420814037 7.031687 4.898125 -0.172655 -0.117325 -0.058565 0.888982 -0.438766
1784010317.426383018 7.030331 4.895316 -0.172693 -0.117303 -0.058831 0.888484 -0.439745
1784010317.426448107 7.030316 4.895282 -0.172693 -0.117300 -0.058834 0.888478 -0.439757
1784010317.426448107 7.030316 4.895282 -0.172693 -0.117300 -0.058834 0.888478 -0.439757
1784010317.430710077 7.029323 4.893098 -0.172715 -0.117101 -0.059002 0.888107 -0.440536
1784010317.436455965 7.027991 4.890148 -0.172735 -0.116781 -0.059208 0.887605 -0.441604
1784010317.440879107 7.026957 4.887878 -0.172734 -0.116701 -0.059360 0.887201 -0.442415
1784010317.446544886 7.025634 4.884964 -0.172710 -0.116725 -0.059599 0.886658 -0.443464
1784010317.450625896 7.024678 4.882870 -0.172686 -0.116654 -0.059780 0.886288 -0.444198
1784010317.456669092 7.023267 4.879769 -0.172633 -0.116538 -0.059958 0.885732 -0.445312
1784010317.460726976 7.022309 4.877697 -0.172590 -0.116544 -0.060032 0.885351 -0.446058
1784010317.466470003 7.020965 4.874771 -0.172522 -0.116532 -0.060151 0.884814 -0.447108
1784010317.470562935 7.020006 4.872697 -0.172478 -0.116370 -0.060227 0.884458 -0.447845
1784010317.476450920 7.018631 4.869702 -0.172418 -0.116135 -0.060412 0.883939 -0.448905
1784010317.480659962 7.017632 4.867559 -0.172378 -0.116111 -0.060584 0.883554 -0.449644
1784010317.486448050 7.016260 4.864609 -0.172333 -0.116172 -0.060789 0.883012 -0.450665
1784010317.490700006 7.015255 4.862457 -0.172317 -0.116081 -0.060886 0.882638 -0.451406
1784010317.496371031 7.013930 4.859588 -0.172319 -0.115760 -0.061037 0.882163 -0.452396
1784010317.500669956 7.012920 4.857413 -0.172336 -0.115543 -0.061174 0.881805 -0.453130
1784010317.506490946 7.011543 4.854452 -0.172361 -0.115433 -0.061345 0.881296 -0.454124
1784010317.510811090 7.010509 4.852256 -0.172384 -0.115435 -0.061425 0.880913 -0.454856
1784010317.516472101 7.009167 4.849378 -0.172423 -0.115367 -0.061579 0.880420 -0.455807
1784010317.520795107 7.008147 4.847189 -0.172462 -0.115231 -0.061707 0.880058 -0.456521
1784010317.526204109 7.006878 4.844446 -0.172509 -0.115092 -0.061903 0.879596 -0.457419
1784010317.526204109 7.006878 4.844446 -0.172509 -0.115092 -0.061903 0.879596 -0.457419
1784010317.526607990 7.006788 4.844238 -0.172510 -0.115082 -0.061909 0.879564 -0.457483
1784010317.530683041 7.005879 4.842136 -0.172518 -0.115088 -0.062013 0.879230 -0.458109
1784010317.536477089 7.004592 4.839141 -0.172505 -0.115155 -0.062100 0.878754 -0.458993
1784010317.540813923 7.003628 4.836906 -0.172483 -0.115112 -0.062163 0.878407 -0.459659
1784010317.546474934 7.002393 4.833989 -0.172443 -0.114929 -0.062348 0.877976 -0.460502
1784010317.550549984 7.001505 4.831893 -0.172406 -0.114796 -0.062521 0.877667 -0.461101
1784010317.556466103 7.000225 4.828844 -0.172337 -0.114670 -0.062749 0.877217 -0.461956
1784010317.560812950 6.999278 4.826609 -0.172280 -0.114570 -0.062903 0.876886 -0.462587
1784010317.566318989 6.998091 4.823778 -0.172209 -0.114414 -0.063016 0.876475 -0.463391
1784010317.570564032 6.997176 4.821598 -0.172162 -0.114295 -0.063127 0.876152 -0.464014
1784010317.576416969 6.995931 4.818589 -0.172106 -0.114182 -0.063250 0.875697 -0.464883
1784010317.580802917 6.994997 4.816342 -0.172074 -0.114111 -0.063329 0.875350 -0.465543
1784010317.586312056 6.993835 4.813522 -0.172035 -0.114022 -0.063419 0.874915 -0.466370
1784010317.590574026 6.992930 4.811346 -0.172007 -0.113943 -0.063473 0.874577 -0.467016
1784010317.596432924 6.991692 4.808353 -0.171960 -0.113817 -0.063485 0.874123 -0.467894
1784010317.600590944 6.990805 4.806236 -0.171927 -0.113693 -0.063471 0.873801 -0.468526
1784010317.606425047 6.989569 4.803267 -0.171874 -0.113520 -0.063409 0.873353 -0.469411
1784010317.610686064 6.988661 4.801102 -0.171838 -0.113416 -0.063394 0.873023 -0.470052
1784010317.616509914 6.987428 4.798139 -0.171792 -0.113292 -0.063382 0.872568 -0.470927
1784010317.620666027 6.986537 4.796027 -0.171765 -0.113209 -0.063378 0.872243 -0.471549
1784010317.626173973 6.985357 4.793220 -0.171733 -0.113172 -0.063324 0.871801 -0.472382
1784010317.626173973 6.985357 4.793220 -0.171733 -0.113172 -0.063324 0.871801 -0.472382
1784010317.626501083 6.985289 4.793051 -0.171730 -0.113169 -0.063327 0.871772 -0.472435
1784010317.630752087 6.984421 4.790847 -0.171702 -0.113148 -0.063342 0.871392 -0.473141
1784010317.636548042 6.983246 4.787845 -0.171674 -0.113082 -0.063329 0.870869 -0.474119
1784010317.640841007 6.982375 4.785629 -0.171663 -0.113018 -0.063318 0.870491 -0.474829
1784010317.646456003 6.981241 4.782722 -0.171654 -0.112983 -0.063381 0.869982 -0.475761
1784010317.650994062 6.980319 4.780373 -0.171649 -0.112988 -0.063443 0.869567 -0.476510
1784010317.656445026 6.979217 4.777548 -0.171643 -0.112902 -0.063495 0.869080 -0.477411
1784010317.660950899 6.978303 4.775217 -0.171639 -0.112791 -0.063520 0.868688 -0.478147
1784010317.666471958 6.977190 4.772358 -0.171633 -0.112706 -0.063581 0.868194 -0.479055
1784010317.670778990 6.976321 4.770134 -0.171630 -0.112658 -0.063627 0.867807 -0.479762
1784010317.676512957 6.975176 4.767163 -0.171625 -0.112617 -0.063738 0.867281 -0.480707
1784010317.680644035 6.974350 4.765021 -0.171618 -0.112621 -0.063855 0.866901 -0.481374
1784010317.686479092 6.973192 4.761981 -0.171598 -0.112651 -0.064054 0.866351 -0.482330
1784010317.690669060 6.972355 4.759800 -0.171581 -0.112670 -0.064192 0.865962 -0.483007
1784010317.696276903 6.971245 4.756879 -0.171554 -0.112604 -0.064199 0.865452 -0.483934
1784010317.700491905 6.970413 4.754697 -0.171535 -0.112553 -0.064199 0.865073 -0.484622
1784010317.706443071 6.969252 4.751608 -0.171508 -0.112453 -0.064353 0.864529 -0.485596
1784010317.710656881 6.968429 4.749422 -0.171491 -0.112402 -0.064466 0.864146 -0.486273
1784010317.716424942 6.967311 4.746420 -0.171465 -0.112376 -0.064635 0.863615 -0.487199
1784010317.720640898 6.966489 4.744231 -0.171447 -0.112355 -0.064753 0.863232 -0.487867
1784010317.726224184 6.965407 4.741331 -0.171424 -0.112264 -0.064823 0.862726 -0.488773
1784010317.726224184 6.965407 4.741331 -0.171424 -0.112264 -0.064823 0.862726 -0.488773
1784010317.726625919 6.965333 4.741120 -0.171422 -0.112254 -0.064826 0.862692 -0.488834
1784010317.730648041 6.964594 4.739005 -0.171411 -0.112145 -0.064865 0.862357 -0.489444
1784010317.736495972 6.963530 4.735925 -0.171397 -0.112055 -0.064984 0.861863 -0.490320
1784010317.740786076 6.962744 4.733663 -0.171387 -0.111998 -0.065069 0.861499 -0.490961
1784010317.746551991 6.961692 4.730616 -0.171374 -0.111989 -0.065238 0.861008 -0.491801
1784010317.750719070 6.960924 4.728418 -0.171363 -0.111990 -0.065357 0.860652 -0.492407
1784010317.756457090 6.959874 4.725391 -0.171354 -0.111907 -0.065375 0.860176 -0.493254
1784010317.761070013 6.959030 4.722968 -0.171354 -0.111775 -0.065364 0.859800 -0.493941
1784010317.766483068 6.958049 4.720120 -0.171366 -0.111575 -0.065428 0.859363 -0.494738
1784010317.770895004 6.957249 4.717795 -0.171383 -0.111417 -0.065479 0.859005 -0.495387
1784010317.776457071 6.956244 4.714855 -0.171412 -0.111330 -0.065663 0.858539 -0.496190
1784010317.780674934 6.955477 4.712624 -0.171437 -0.111270 -0.065800 0.858185 -0.496797
1784010317.786442041 6.954437 4.709571 -0.171475 -0.111184 -0.065968 0.857694 -0.497642
1784010317.791094065 6.953599 4.707117 -0.171506 -0.111078 -0.066066 0.857297 -0.498336
1784010317.796216965 6.952681 4.704413 -0.171534 -0.110959 -0.066181 0.856857 -0.499103
1784010317.800481081 6.951913 4.702162 -0.171543 -0.110864 -0.066275 0.856491 -0.499741
1784010317.806521893 6.950834 4.698963 -0.171541 0.110801 0.066465 -0.855958 0.500641
1784010317.810695887 6.950082 4.696755 -0.171531 0.110766 0.066593 -0.855589 0.501262
1784010317.816623926 6.949028 4.693621 -0.171515 0.110540 0.066701 -0.855092 0.502145
1784010317.820569038 6.948326 4.691548 -0.171505 0.110399 0.066769 -0.854761 0.502731
1784010317.826374054 6.947308 4.688495 -0.171496 0.110099 0.066896 -0.854281 0.503594
1784010317.826374054 6.947308 4.688495 -0.171496 0.110099 0.066896 -0.854281 0.503594
1784010317.826440096 6.947298 4.688459 -0.171495 0.110098 0.066896 -0.854276 0.503603
1784010317.830810070 6.946582 4.686131 -0.171483 0.109972 0.066946 -0.853916 0.504234
1784010317.836482048 6.945659 4.683102 -0.171467 0.109911 0.067032 -0.853438 0.505044
1784010317.840806961 6.944951 4.680792 -0.171455 0.109852 0.067103 -0.853073 0.505664
1784010317.846252918 6.944070 4.677882 -0.171442 0.109719 0.067210 -0.852625 0.506433
1784010317.850658894 6.943362 4.675532 -0.171440 0.109603 0.067301 -0.852262 0.507057
1784010317.856489897 6.942437 4.672421 -0.171438 0.109459 0.067453 -0.851787 0.507866
1784010317.860455990 6.941803 4.670307 -0.171438 0.109347 0.067563 -0.851462 0.508419
1784010317.866446972 6.940854 4.667104 -0.171437 0.109298 0.067716 -0.850953 0.509262
1784010317.871054888 6.940121 4.664639 -0.171439 0.109248 0.067839 -0.850559 0.509913
1784010317.876440048 6.939268 4.661757 -0.171446 0.109290 0.067957 -0.850078 0.510690
1784010317.880820990 6.938572 4.659417 -0.171459 0.109316 0.068057 -0.849686 0.511323
1784010317.886507034 6.937674 4.656381 -0.171481 0.109395 0.068152 -0.849178 0.512138
1784010317.890677929 6.937010 4.654160 -0.171502 0.109440 0.068227 -0.848803 0.512739
1784010317.896480083 6.936089 4.651064 -0.171530 0.109469 0.068337 -0.848282 0.513579
1784010317.900717974 6.935407 4.648803 -0.171552 0.109487 0.068421 -0.847899 0.514197
1784010317.906430960 6.934489 4.645754 -0.171584 0.109558 0.068529 -0.847386 0.515013
1784010317.910728931 6.933795 4.643467 -0.171616 0.109575 0.068615 -0.847001 0.515631
1784010317.916470051 6.932876 4.640410 -0.171669 0.109602 0.068725 -0.846491 0.516448
1784010317.920625925 6.932201 4.638196 -0.171712 0.109689 0.068793 -0.846105 0.517052
1784010317.926323175 6.931275 4.635153 -0.171767 0.109946 0.068812 -0.845560 0.517884
1784010317.926323175 6.931275 4.635153 -0.171767 0.109946 0.068812 -0.845560 0.517884
1784010317.926460981 6.931255 4.635078 -0.171768 0.109949 0.068815 -0.845546 0.517907
1784010317.930600882 6.930626 4.632837 -0.171798 0.110018 0.068868 -0.845129 0.518565
1784010317.936480045 6.929747 4.629652 -0.171843 0.110005 0.068966 -0.844545 0.519505
1784010317.940834999 6.929092 4.627296 -0.171880 0.110002 0.069038 -0.844120 0.520188
1784010317.946280003 6.928281 4.624345 -0.171923 0.110027 0.069186 -0.843572 0.521051
1784010317.950727940 6.927615 4.621936 -0.171955 0.110049 0.069304 -0.843125 0.521753
1784010317.956507921 6.926759 4.618808 -0.171984 0.110053 0.069380 -0.842543 0.522682
1784010317.960489035 6.926167 4.616657 -0.172001 0.110020 0.069368 -0.842148 0.523327
1784010317.966460943 6.925291 4.613413 -0.172017 0.109974 0.069426 -0.841532 0.524318
1784010317.971041918 6.924614 4.610920 -0.172024 0.109968 0.069506 -0.841063 0.525060
1784010317.976468086 6.923814 4.607955 -0.172027 0.109934 0.069589 -0.840501 0.525957
1784010317.980813026 6.923168 4.605577 -0.172028 0.109903 0.069658 -0.840058 0.526661
1784010317.986375093 6.922352 4.602535 -0.172027 0.109861 0.069744 -0.839482 0.527576
1784010317.990783930 6.921706 4.600133 -0.172030 0.109770 0.069773 -0.839031 0.528308
1784010317.996601105 6.920872 4.596964 -0.172035 0.109619 0.069871 -0.838432 0.529276
1784010318.000695944 6.920284 4.594739 -0.172039 0.109581 0.069974 -0.838004 0.529947
1784010318.006448984 6.919471 4.591606 -0.172041 0.109552 0.070126 -0.837389 0.530905
1784010318.010807991 6.918852 4.589234 -0.172044 0.109502 0.070229 -0.836936 0.531616
1784010318.016334057 6.918076 4.586229 -0.172049 0.109383 0.070338 -0.836368 0.532519
1784010318.020694971 6.917465 4.583864 -0.172058 0.109232 0.070407 -0.835935 0.533221
1784010318.026437044 6.916670 4.580736 -0.172079 0.108969 0.070592 -0.835371 0.534133
1784010318.026437044 6.916670 4.580736 -0.172079 0.108969 0.070592 -0.835371 0.534133
1784010318.026520967 6.916660 4.580690 -0.172079 0.108965 0.070594 -0.835364 0.534145
1784010318.030745983 6.916126 4.578362 -0.172080 0.108894 0.070747 -0.834971 0.534753
1784010318.036473989 6.915411 4.575203 -0.172088 0.108953 0.070965 -0.834421 0.535569
1784010318.040757895 6.914876 4.572848 -0.172108 0.108932 0.071108 -0.834012 0.536192
1784010318.046452045 6.914179 4.569716 -0.172141 0.108768 0.071255 -0.833480 0.537033
1784010318.050729036 6.913647 4.567358 -0.172167 0.108683 0.071379 -0.833073 0.537664
1784010318.056443930 6.912940 4.564197 -0.172200 0.108669 0.071582 -0.832516 0.538502
1784010318.060811996 6.912394 4.561783 -0.172231 0.108661 0.071740 -0.832088 0.539144
1784010318.066487074 6.911703 4.558652 -0.172285 0.108584 0.071957 -0.831530 0.539991
1784010318.070424080 6.911222 4.556481 -0.172335 0.108479 0.072124 -0.831143 0.540584
1784010318.076469898 6.910485 4.553123 -0.172406 0.108344 0.072307 -0.830545 0.541505
1784010318.080691099 6.909948 4.550764 -0.172450 0.108408 0.072393 -0.830099 0.542165
1784010318.086447001 6.909220 4.547545 -0.172500 0.108654 0.072533 -0.829470 0.543059
1784010318.090955973 6.908653 4.545043 -0.172543 0.108715 0.072636 -0.828994 0.543759
1784010318.096437931 6.907982 4.542013 -0.172598 0.108600 0.072717 -0.828442 0.544612
1784010318.100847960 6.907440 4.539576 -0.172629 0.108567 0.072908 -0.827993 0.545275
1784010318.106477022 6.906748 4.536466 -0.172629 0.108639 0.073187 -0.827413 0.546104
1784010318.110661030 6.906226 4.534165 -0.172605 0.108598 0.073263 -0.826999 0.546728
1784010318.116429090 6.905522 4.531000 -0.172549 0.108358 0.073355 -0.826461 0.547576
1784010318.120856047 6.904982 4.528580 -0.172502 0.108194 0.073451 -0.826045 0.548223
1784010318.126099110 6.904354 4.525715 -0.172452 0.108059 0.073585 -0.825543 0.548988
1784010318.126099110 6.904354 4.525715 -0.172452 0.108059 0.073585 -0.825543 0.548988
1784010318.126240969 6.904339 4.525637 -0.172450 0.108057 0.073586 -0.825528 0.549010
1784010318.130697012 6.903867 4.523169 -0.172405 0.108036 0.073729 -0.825079 0.549670
1784010318.136452913 6.903266 4.519967 -0.172364 0.108087 0.074009 -0.824480 0.550521
1784010318.140758991 6.902813 4.517575 -0.172355 0.108053 0.074210 -0.824047 0.551148
1784010318.146610022 6.902207 4.514333 -0.172374 0.107898 0.074315 -0.823480 0.552011
1784010318.150608063 6.901784 4.512125 -0.172404 0.107819 0.074340 -0.823099 0.552591
1784010318.156454086 6.901175 4.508882 -0.172455 0.107855 0.074491 -0.822516 0.553431
1784010318.160706997 6.900729 4.506519 -0.172497 0.107884 0.074649 -0.822094 0.554031
1784010318.166263103 6.900155 4.503432 -0.172547 0.107848 0.074790 -0.821540 0.554840
1784010318.170401096 6.899723 4.501137 -0.172578 0.107790 0.074855 -0.821136 0.555441
1784010318.176150084 6.899127 4.497947 -0.172611 0.107711 0.074868 -0.820563 0.556299
1784010318.180538893 6.898670 4.495518 -0.172634 0.107626 0.074864 -0.820126 0.556961
1784010318.186419010 6.898075 4.492261 -0.172665 0.107516 0.074897 -0.819525 0.557862
1784010318.190841913 6.897625 4.489806 -0.172691 0.107498 0.075029 -0.819061 0.558528
1784010318.196418047 6.897058 4.486699 -0.172721 0.107596 0.075186 -0.818450 0.559383
1784010318.200788021 6.896604 4.484266 -0.172748 0.107694 0.075212 -0.817968 0.560065
1784010318.206423044 6.896019 4.481126 -0.172789 0.107776 0.075194 -0.817350 0.560954
1784010318.210654020 6.895575 4.478773 -0.172828 0.107809 0.075215 -0.816893 0.561610
1784010318.216449976 6.894979 4.475550 -0.172890 0.107812 0.075243 -0.816269 0.562513
1784010318.220762014 6.894530 4.473155 -0.172940 0.107782 0.075271 -0.815811 0.563179
1784010318.226294994 6.893955 4.470072 -0.172991 0.107819 0.075326 -0.815215 0.564026
1784010318.226294994 6.893955 4.470072 -0.172991 0.107819 0.075326 -0.815215 0.564026
1784010318.226298094 6.893955 4.470070 -0.172991 0.107818 0.075327 -0.815215 0.564027
1784010318.230678082 6.893552 4.467623 -0.173009 0.107864 0.075396 -0.814740 0.564694
1784010318.236465931 6.893028 4.464397 -0.173023 0.107877 0.075426 -0.814120 0.565582
1784010318.240781069 6.892636 4.461998 -0.173033 0.107831 0.075424 -0.813668 0.566240
1784010318.246575117 6.892123 4.458779 -0.173041 0.107795 0.075459 -0.813052 0.567126
1784010318.250624895 6.891759 4.456526 -0.173045 0.107821 0.075510 -0.812619 0.567735
1784010318.256388903 6.891255 4.453316 -0.173049 0.107826 0.075582 -0.812005 0.568602
1784010318.260965109 6.890851 4.450762 -0.173055 0.107820 0.075680 -0.811525 0.569276
1784010318.266355038 6.890384 4.447753 -0.173066 0.107799 0.075839 -0.810962 0.570060
1784010318.270418882 6.890029 4.445489 -0.173080 0.107747 0.075920 -0.810544 0.570654
1784010318.276424885 6.889522 4.442151 -0.173102 0.107594 0.076002 -0.809937 0.571533
1784010318.280576944 6.889166 4.439843 -0.173118 0.107525 0.076067 -0.809518 0.572130
1784010318.286415100 6.888676 4.436591 -0.173136 0.107487 0.076211 -0.808917 0.572967
1784010318.290724993 6.888309 4.434186 -0.173151 0.107450 0.076325 -0.808480 0.573575
1784010318.296436071 6.887832 4.431005 -0.173173 0.107361 0.076418 -0.807905 0.574389
1784010318.300816059 6.887462 4.428571 -0.173192 0.107283 0.076490 -0.807472 0.575004
1784010318.306428909 6.886998 4.425460 -0.173217 0.107144 0.076557 -0.806918 0.575798
1784010318.310625076 6.886646 4.423134 -0.173236 0.107023 0.076569 -0.806502 0.576401
1784010318.316484928 6.886162 4.419878 -0.173256 0.106918 0.076614 -0.805904 0.577250
1784010318.320740938 6.885802 4.417509 -0.173269 0.106902 0.076669 -0.805462 0.577863
1784010318.326050997 6.885359 4.414555 -0.173289 0.106860 0.076724 -0.804908 0.578634
1784010318.326050997 6.885359 4.414555 -0.173289 0.106860 0.076724 -0.804908 0.578634
1784010318.326467991 6.885330 4.414327 -0.173289 0.106860 0.076730 -0.804866 0.578692
1784010318.330816984 6.885035 4.411959 -0.173299 0.106793 0.076812 -0.804435 0.579293
1784010318.336441994 6.884662 4.408908 -0.173311 0.106690 0.076933 -0.803883 0.580061
1784010318.340801001 6.884364 4.406539 -0.173320 0.106639 0.077015 -0.803448 0.580661
1784010318.346635103 6.883972 4.403376 -0.173320 0.106612 0.077131 -0.802862 0.581461
1784010318.350740910 6.883687 4.401141 -0.173316 0.106609 0.077227 -0.802447 0.582022
1784010318.356465101 6.883301 4.398033 -0.173302 0.106658 0.077432 -0.801868 0.582782
1784010318.360562086 6.883017 4.395807 -0.173289 0.106702 0.077547 -0.801457 0.583325
1784010318.366405010 6.882623 4.392655 -0.173263 0.106707 0.077619 -0.800877 0.584111
1784010318.370507002 6.882339 4.390438 -0.173242 0.106614 0.077646 -0.800484 0.584662
1784010318.376558065 6.881927 4.387155 -0.173200 0.106462 0.077715 -0.799911 0.585465
1784010318.380405903 6.881649 4.385046 -0.173174 0.106476 0.077816 -0.799542 0.585953
1784010318.386424065 6.881233 4.381770 -0.173142 0.106583 0.078016 -0.798966 0.586692
1784010318.390713930 6.880941 4.379442 -0.173140 0.106537 0.078113 -0.798565 0.587233
1784010318.396482944 6.880574 4.376324 -0.173156 0.106329 0.078308 -0.798025 0.587978
1784010318.400505066 6.880315 4.374145 -0.173176 0.106236 0.078463 -0.797637 0.588501
1784010318.406369925 6.879949 4.370982 -0.173198 0.106191 0.078614 -0.797059 0.589271
1784010318.411031008 6.879653 4.368458 -0.173217 0.106139 0.078771 -0.796601 0.589878
1784010318.416212082 6.879329 4.365649 -0.173242 0.106129 0.079030 -0.796085 0.590542
1784010318.420512915 6.879058 4.363320 -0.173267 0.106134 0.079240 -0.795647 0.591103
1784010318.426182032 6.878714 4.360269 -0.173307 0.106080 0.079455 -0.795077 0.591850
1784010318.426182032 6.878714 4.360269 -0.173307 0.106080 0.079455 -0.795077 0.591850
1784010318.426356077 6.878707 4.360180 -0.173307 0.106076 0.079460 -0.795059 0.591875
1784010318.430676937 6.878508 4.357953 -0.173310 0.106004 0.079579 -0.794600 0.592488
1784010318.436400890 6.878247 4.355009 -0.173306 0.105975 0.079781 -0.793967 0.593313
1784010318.440768957 6.878036 4.352749 -0.173302 0.105956 0.079878 -0.793495 0.593935
1784010318.446444988 6.877765 4.349829 -0.173295 0.105939 0.079944 -0.792876 0.594755
1784010318.450613976 6.877558 4.347674 -0.173295 0.105979 0.080036 -0.792421 0.595342
1784010318.456387997 6.877286 4.344713 -0.173300 0.105960 0.080174 -0.791782 0.596176
1784010318.460516930 6.877087 4.342584 -0.173313 0.105828 0.080252 -0.791350 0.596763
1784010318.466375113 6.876807 4.339574 -0.173322 0.105701 0.080339 -0.790728 0.597597
1784010318.470609903 6.876590 4.337379 -0.173324 0.105756 0.080391 -0.790260 0.598199
1784010318.476430893 6.876305 4.334389 -0.173329 0.105737 0.080402 -0.789620 0.599045
1784010318.480386972 6.876113 4.332351 -0.173342 0.105606 0.080383 -0.789207 0.599615
1784010318.486382961 6.875838 4.329278 -0.173355 0.105457 0.080441 -0.788550 0.600497
1784010318.490771055 6.875629 4.327005 -0.173361 0.105452 0.080580 -0.788066 0.601115
1784010318.496365070 6.875366 4.324124 -0.173362 0.105404 0.080621 -0.787453 0.601920
1784010318.500579119 6.875164 4.321947 -0.173364 0.105266 0.080563 -0.787011 0.602530
1784010318.506349087 6.874905 4.318981 -0.173368 0.105059 0.080569 -0.786399 0.603364
1784010318.510615110 6.874711 4.316771 -0.173378 0.104980 0.080615 -0.785932 0.603980
1784010318.516470909 6.874456 4.313747 -0.173392 0.104927 0.080715 -0.785278 0.604826
1784010318.520735025 6.874263 4.311528 -0.173403 0.104934 0.080830 -0.784799 0.605430
1784010318.526404142 6.874011 4.308592 -0.173405 0.104943 0.080949 -0.784153 0.606250
1784010318.526404142 6.874011 4.308592 -0.173405 0.104943 0.080949 -0.784153 0.606250
1784010318.526436090 6.874012 4.308577 -0.173405 0.104944 0.080948 -0.784156 0.606245
1784010318.530663967 6.873897 4.306483 -0.173388 0.104916 0.080932 -0.783878 0.606611
1784010318.536395073 6.873750 4.303640 -0.173355 0.104793 0.080887 -0.783560 0.607050
1784010318.540800095 6.873621 4.301434 -0.173324 0.104824 0.080945 -0.783266 0.607416
1784010318.546333075 6.873468 4.298677 -0.173284 0.104989 0.081062 -0.782929 0.607807
1784010318.550798893 6.873344 4.296465 -0.173267 0.104966 0.081103 -0.782649 0.608165
1784010318.556379080 6.873206 4.293715 -0.173256 0.104769 0.081143 -0.782358 0.608568
1784010318.560702085 6.873089 4.291571 -0.173248 0.104689 0.081177 -0.782081 0.608934
1784010318.566392899 6.872934 4.288744 -0.173234 0.104742 0.081230 -0.781746 0.609348
1784010318.570538044 6.872808 4.286682 -0.173229 0.104783 0.081253 -0.781479 0.609679
1784010318.576397896 6.872653 4.283793 -0.173232 0.104797 0.081260 -0.781166 0.610077
1784010318.580625057 6.872538 4.281702 -0.173244 0.104692 0.081370 -0.780904 0.610415
1784010318.586417913 6.872386 4.278831 -0.173249 0.104588 0.081556 -0.780600 0.610798
1784010318.590676069 6.872249 4.276710 -0.173239 0.104669 0.081579 -0.780309 0.611152
1784010318.596468925 6.872075 4.273848 -0.173213 0.104830 0.081591 -0.779972 0.611553
1784010318.600791931 6.871945 4.271723 -0.173202 0.104792 0.081578 -0.779694 0.611916
1784010318.606492996 6.871794 4.268927 -0.173193 0.104574 0.081537 -0.779382 0.612356
1784010318.610806942 6.871664 4.266783 -0.173183 0.104539 0.081620 -0.779087 0.612726
1784010318.616600990 6.871477 4.263885 -0.173149 0.104862 0.081667 -0.778688 0.613172
1784010318.620551109 6.871329 4.261906 -0.173129 0.105067 0.081624 -0.778383 0.613529
1784010318.626372099 6.871141 4.259033 -0.173128 0.105023 0.081482 -0.778058 0.613968
1784010318.626372099 6.871141 4.259033 -0.173128 0.105023 0.081482 -0.778058 0.613968
1784010318.626436949 6.871141 4.258999 -0.173128 0.105022 0.081481 -0.778052 0.613976
1784010318.630680084 6.871080 4.256849 -0.173143 0.104805 0.081407 -0.777638 0.614547
1784010318.636452913 6.871002 4.253891 -0.173164 0.104757 0.081531 -0.777051 0.615281
1784010318.640836000 6.870930 4.251645 -0.173171 0.104941 0.081707 -0.776577 0.615824
1784010318.646461010 6.870850 4.248760 -0.173171 0.104972 0.081853 -0.776005 0.616520
1784010318.650834084 6.870795 4.246540 -0.173168 0.104763 0.081917 -0.775592 0.617066
1784010318.656184912 6.870741 4.243830 -0.173151 0.104433 0.082000 -0.775104 0.617725
1784010318.660541058 6.870696 4.241632 -0.173127 0.104227 0.082109 -0.774691 0.618263
1784010318.666404009 6.870649 4.238647 -0.173073 0.104115 0.082334 -0.774122 0.618963
1784010318.670696020 6.870617 4.236461 -0.173025 0.104020 0.082578 -0.773697 0.619479
1784010318.676392078 6.870590 4.233533 -0.172967 0.103818 0.082869 -0.773139 0.620170
1784010318.680650949 6.870566 4.231349 -0.172939 0.103715 0.083043 -0.772705 0.620705
1784010318.686429024 6.870542 4.228384 -0.172925 0.103704 0.083248 -0.772100 0.621431
1784010318.690656900 6.870526 4.226237 -0.172942 0.103671 0.083400 -0.771651 0.621973
1784010318.696407080 6.870525 4.223302 -0.172997 0.103498 0.083717 -0.771061 0.622691
1784010318.700617075 6.870518 4.221154 -0.173050 0.103419 0.084016 -0.770614 0.623217
1784010318.706434011 6.870500 4.218158 -0.173112 0.103481 0.084386 -0.769989 0.623929
1784010318.710524082 6.870468 4.216067 -0.173146 0.103517 0.084475 -0.769546 0.624457
1784010318.716490030 6.870426 4.213015 -0.173179 0.103390 0.084359 -0.768933 0.625249
1784010318.720783949 6.870389 4.210833 -0.173196 0.103242 0.084344 -0.768487 0.625823
1784010318.726227045 6.870346 4.208043 -0.173203 0.103213 0.084508 -0.767904 0.626521
1784010318.726227045 6.870346 4.208043 -0.173203 0.103213 0.084508 -0.767904 0.626521
1784010318.726593018 6.870347 4.207848 -0.173201 0.103212 0.084519 -0.767862 0.626571
1784010318.730632067 6.870353 4.205681 -0.173172 0.103325 0.084645 -0.767372 0.627136
1784010318.736407995 6.870362 4.202584 -0.173118 0.103469 0.084735 -0.766663 0.627966
1784010318.740860939 6.870363 4.200226 -0.173076 0.103459 0.084653 -0.766133 0.628626
1784010318.746299028 6.870368 4.197344 -0.173027 0.103350 0.084474 -0.765495 0.629445
1784010318.750536919 6.870365 4.195093 -0.172995 0.103370 0.084479 -0.764983 0.630063
1784010318.756428957 6.870363 4.191937 -0.172956 0.103614 0.084625 -0.764241 0.630902
1784010318.760611057 6.870358 4.189710 -0.172947 0.103695 0.084708 -0.763735 0.631492
1784010318.766412020 6.870362 4.186614 -0.172955 0.103569 0.084759 -0.763068 0.632310
1784010318.770606995 6.870363 4.184385 -0.172976 0.103429 0.084783 -0.762603 0.632891
1784010318.776386976 6.870367 4.181283 -0.173007 0.103331 0.084801 -0.761937 0.633706
1784010318.780661106 6.870364 4.178987 -0.173036 0.103336 0.084853 -0.761446 0.634289
1784010318.786359072 6.870380 4.175915 -0.173073 0.103355 0.085014 -0.760794 0.635046
1784010318.790944099 6.870400 4.173457 -0.173106 0.103329 0.085144 -0.760262 0.635669
1784010318.796497107 6.870437 4.170477 -0.173134 0.103277 0.085289 -0.759622 0.636423
1784010318.800457001 6.870463 4.168366 -0.173145 0.103260 0.085371 -0.759159 0.636967
1784010318.806406021 6.870519 4.165180 -0.173139 0.103176 0.085506 -0.758456 0.637800
1784010318.810487032 6.870559 4.163005 -0.173129 0.103045 0.085626 -0.757983 0.638367
1784010318.816384077 6.870633 4.159847 -0.173102 0.102858 0.085839 -0.757293 0.639187
1784010318.820688963 6.870684 4.157550 -0.173083 0.102767 0.086015 -0.756785 0.639779
1784010318.826436996 6.870755 4.154467 -0.173058 0.102708 0.086213 -0.756099 0.640572
1784010318.826481104 6.870756 4.154442 -0.173057 0.102707 0.086215 -0.756094 0.640578
1784010318.826481104 6.870756 4.154442 -0.173057 0.102707 0.086215 -0.756094 0.640578
1784010318.830486059 6.870851 4.152235 -0.173034 0.102662 0.086341 -0.755617 0.641131
1784010318.836376905 6.870997 4.148973 -0.173013 0.102550 0.086497 -0.754925 0.641942
1784010318.840866089 6.871097 4.146484 -0.173008 0.102491 0.086592 -0.754399 0.642557
1784010318.846225977 6.871214 4.143505 -0.173005 0.102521 0.086738 -0.753767 0.643274
1784010318.850665092 6.871305 4.141047 -0.173005 0.102495 0.086805 -0.753250 0.643874
1784010318.856554031 6.871438 4.137778 -0.173001 0.102343 0.086839 -0.752568 0.644691
1784010318.860488892 6.871518 4.135598 -0.172991 0.102272 0.086878 -0.752110 0.645231
1784010318.866388083 6.871642 4.132329 -0.172963 0.102301 0.086916 -0.751405 0.646042
1784010318.870547056 6.871724 4.130048 -0.172940 0.102270 0.086874 -0.750923 0.646613
1784010318.876447916 6.871859 4.126816 -0.172904 0.102061 0.086864 -0.750250 0.647428
1784010318.880853891 6.871960 4.124405 -0.172876 0.101884 0.086940 -0.749744 0.648032
1784010318.886459112 6.872089 4.121316 -0.172829 0.101810 0.087127 -0.749085 0.648780
1784010318.890640020 6.872175 4.119017 -0.172791 0.101871 0.087272 -0.748590 0.649322
1784010318.896442890 6.872311 4.115843 -0.172745 0.101870 0.087437 -0.747907 0.650087
1784010318.900511980 6.872408 4.113641 -0.172723 0.101700 0.087503 -0.747451 0.650629
1784010318.906395912 6.872561 4.110435 -0.172684 0.101428 0.087589 -0.746793 0.651415
1784010318.910674095 6.872662 4.108085 -0.172645 0.101396 0.087738 -0.746293 0.651972
1784010318.916496038 6.872797 4.104856 -0.172584 0.101547 0.087985 -0.745595 0.652714
1784010318.920773029 6.872894 4.102506 -0.172551 0.101517 0.088133 -0.745120 0.653241
1784010318.926067114 6.873031 4.099630 -0.172539 0.101109 0.088155 -0.744581 0.653915
1784010318.926067114 6.873031 4.099630 -0.172539 0.101109 0.088155 -0.744581 0.653915
1784010318.926367044 6.873043 4.099465 -0.172539 0.101085 0.088155 -0.744551 0.653953
1784010318.930663109 6.873219 4.097092 -0.172537 0.100698 0.088113 -0.744115 0.654514
1784010318.936388016 6.873457 4.093900 -0.172520 0.100546 0.088328 -0.743479 0.655231
1784010318.940701008 6.873628 4.091496 -0.172499 0.100565 0.088526 -0.742987 0.655759
1784010318.946547985 6.873876 4.088248 -0.172470 0.100297 0.088623 -0.742363 0.656494
1784010318.950544119 6.874039 4.086037 -0.172453 0.100032 0.088645 -0.741934 0.657015
1784010318.956448078 6.874279 4.082746 -0.172416 0.099889 0.088792 -0.741275 0.657761
1784010318.960774899 6.874436 4.080334 -0.172386 0.099931 0.088921 -0.740778 0.658297
1784010318.966394901 6.874642 4.077199 -0.172345 0.099938 0.089010 -0.740138 0.659004
1784010318.970542908 6.874787 4.074894 -0.172318 0.099940 0.089074 -0.739665 0.659525
1784010318.976371050 6.874985 4.071651 -0.172281 0.099849 0.089267 -0.739031 0.660223
1784010318.980906963 6.875114 4.069131 -0.172257 0.099903 0.089317 -0.738540 0.660758
1784010318.986593962 6.875260 4.065964 -0.172233 0.100068 0.089359 -0.737928 0.661410
1784010318.991153955 6.875360 4.063430 -0.172222 0.100213 0.089435 -0.737443 0.661919
1784010318.996241093 6.875469 4.060619 -0.172225 0.100211 0.089453 -0.736931 0.662487
1784010319.000633955 6.875558 4.058215 -0.172246 0.100208 0.089468 -0.736488 0.662977
1784010319.006264925 6.875668 4.055127 -0.172277 0.100224 0.089532 -0.735935 0.663581
1784010319.010631084 6.875735 4.052716 -0.172297 0.100233 0.089581 -0.735505 0.664049
1784010319.016407013 6.875822 4.049523 -0.172323 0.100340 0.089765 -0.734961 0.664610
1784010319.020693064 6.875877 4.047178 -0.172348 0.100417 0.089900 -0.734557 0.665027
1784010319.026350021 6.875948 4.044074 -0.172373 0.100388 0.089871 -0.734059 0.665584
1784010319.026350021 6.875948 4.044074 -0.172373 0.100388 0.089871 -0.734059 0.665584
1784010319.026360989 6.875950 4.044067 -0.172373 0.100387 0.089871 -0.734058 0.665586
1784010319.030664921 6.876055 4.041650 -0.172362 0.100325 0.089832 -0.733683 0.666014
1784010319.036422968 6.876202 4.038412 -0.172344 0.100431 0.089924 -0.733185 0.666533
1784010319.040826082 6.876311 4.035955 -0.172342 0.100517 0.089997 -0.732804 0.666930
1784010319.046250105 6.876454 4.032925 -0.172347 0.100406 0.090112 -0.732348 0.667432
1784010319.050705910 6.876569 4.030428 -0.172355 0.100319 0.090209 -0.731972 0.667844
1784010319.056345940 6.876721 4.027258 -0.172367 0.100382 0.090291 -0.731473 0.668370
1784010319.060673952 6.876826 4.024828 -0.172381 0.100435 0.090357 -0.731089 0.668773
1784010319.066355944 6.876975 4.021640 -0.172401 0.100319 0.090453 -0.730611 0.669300
1784010319.070575953 6.877084 4.019285 -0.172419 0.100238 0.090527 -0.730255 0.669690
1784010319.076416016 6.877241 4.016016 -0.172430 0.100029 0.090590 -0.729786 0.670224
1784010319.080576897 6.877337 4.013677 -0.172424 0.099886 0.090639 -0.729451 0.670603
1784010319.086383104 6.877476 4.010413 -0.172402 0.099797 0.090736 -0.728978 0.671117
1784010319.091042995 6.877582 4.007812 -0.172383 0.099729 0.090816 -0.728598 0.671529
1784010319.096040010 6.877696 4.005039 -0.172364 0.099449 0.090760 -0.728222 0.671986
1784010319.100862026 6.877803 4.002365 -0.172349 0.099143 0.090686 -0.727868 0.672424
1784010319.106297970 6.877921 3.999344 -0.172335 0.099101 0.090828 -0.727439 0.672876
1784010319.110821009 6.878011 3.996831 -0.172331 0.099069 0.090948 -0.727081 0.673251
1784010319.116349936 6.878117 3.993755 -0.172327 0.098792 0.090962 -0.726686 0.673716
1784010319.120613098 6.878182 3.991385 -0.172325 0.098582 0.090976 -0.726381 0.674074
1784010319.126024008 6.878262 3.988375 -0.172327 0.098560 0.091008 -0.725985 0.674499
1784010319.126024008 6.878262 3.988375 -0.172327 0.098560 0.091008 -0.725985 0.674499
1784010319.126363993 6.878272 3.988184 -0.172328 0.098561 0.091012 -0.725960 0.674526
1784010319.130654097 6.878402 3.985770 -0.172341 0.098575 0.091058 -0.725638 0.674864
1784010319.136415958 6.878580 3.982518 -0.172360 0.098558 0.091138 -0.725212 0.675313
1784010319.140820026 6.878704 3.980024 -0.172372 0.098544 0.091199 -0.724888 0.675655
1784010319.146265984 6.878856 3.976933 -0.172385 0.098598 0.091360 -0.724473 0.676070
1784010319.150544882 6.878960 3.974510 -0.172397 0.098654 0.091387 -0.724147 0.676407
1784010319.156371117 6.879105 3.971207 -0.172418 0.098663 0.091423 -0.723711 0.676867
1784010319.160829067 6.879210 3.968678 -0.172439 0.098669 0.091449 -0.723379 0.677219
1784010319.166408062 6.879345 3.965505 -0.172471 0.098708 0.091484 -0.722961 0.677654
1784010319.170569897 6.879434 3.963136 -0.172498 0.098737 0.091509 -0.722649 0.677979
1784010319.176367998 6.879563 3.959824 -0.172540 0.098826 0.091566 -0.722216 0.678420
1784010319.180684090 6.879648 3.957361 -0.172571 0.098891 0.091607 -0.721893 0.678748
1784010319.186539888 6.879773 3.954028 -0.172616 0.098874 0.091603 -0.721483 0.679187
1784010319.190772057 6.879858 3.951630 -0.172646 0.098782 0.091587 -0.721204 0.679499
1784010319.195944071 6.879971 3.948692 -0.172670 0.098690 0.091696 -0.720860 0.679862
1784010319.200717926 6.880075 3.945976 -0.172677 0.098578 0.091875 -0.720560 0.680172
1784010319.206312895 6.880200 3.942795 -0.172666 0.098438 0.091975 -0.720219 0.680540
1784010319.210633993 6.880290 3.940347 -0.172644 0.098348 0.092002 -0.719957 0.680827
1784010319.216629982 6.880433 3.936957 -0.172608 0.098236 0.092075 -0.719584 0.681228
1784010319.220644951 6.880524 3.934695 -0.172586 0.098137 0.092116 -0.719332 0.681503
1784010319.226212025 6.880666 3.931548 -0.172562 0.098025 0.092216 -0.718973 0.681884
1784010319.226212025 6.880666 3.931548 -0.172562 0.098025 0.092216 -0.718973 0.681884
1784010319.226383924 6.880673 3.931450 -0.172561 0.098021 0.092218 -0.718962 0.681895
1784010319.230598927 6.880845 3.929054 -0.172538 0.098007 0.092373 -0.718671 0.682183
1784010319.236367941 6.881082 3.925778 -0.172515 0.098056 0.092565 -0.718272 0.682570
1784010319.240833998 6.881254 3.923256 -0.172514 0.097983 0.092576 -0.717980 0.682886
1784010319.246248960 6.881468 3.920213 -0.172530 0.097748 0.092509 -0.717641 0.683285
1784010319.250674009 6.881637 3.917724 -0.172549 0.097604 0.092541 -0.717362 0.683594
1784010319.256401062 6.881858 3.914488 -0.172568 0.097560 0.092698 -0.716984 0.683976
1784010319.260427952 6.881998 3.912208 -0.172581 0.097527 0.092798 -0.716727 0.684237
1784010319.266390085 6.882208 3.908841 -0.172597 0.097424 0.092820 -0.716365 0.684627
1784010319.270879030 6.882350 3.906316 -0.172614 0.097301 0.092746 -0.716106 0.684926
1784010319.276237965 6.882522 3.903303 -0.172643 0.097123 0.092664 -0.715797 0.685284
1784010319.280524015 6.882652 3.900884 -0.172673 0.097078 0.092668 -0.715536 0.685563
1784010319.286278963 6.882835 3.897623 -0.172718 0.097152 0.092843 -0.715154 0.685927
1784010319.290411949 6.882956 3.895275 -0.172758 0.097220 0.092967 -0.714877 0.686190
1784010319.296345949 6.883133 3.891911 -0.172823 0.097267 0.092988 -0.714481 0.686593
1784010319.300599098 6.883246 3.889508 -0.172878 0.097257 0.092936 -0.714198 0.686895
1784010319.306372881 6.883410 3.886248 -0.172961 0.097214 0.092894 -0.713814 0.687306
1784010319.310777903 6.883528 3.883754 -0.173033 0.097181 0.092945 -0.713520 0.687609
1784010319.316433907 6.883689 3.880540 -0.173128 0.097163 0.093116 -0.713137 0.687986
1784010319.320635080 6.883797 3.878147 -0.173201 0.097211 0.093236 -0.712843 0.688267
1784010319.326229095 6.883945 3.874966 -0.173291 0.097292 0.093289 -0.712441 0.688665
1784010319.326229095 6.883945 3.874966 -0.173291 0.097292 0.093289 -0.712441 0.688665
1784010319.326339960 6.883950 3.874903 -0.173292 0.097294 0.093290 -0.712433 0.688673
1784010319.330615997 6.884119 3.872498 -0.173342 0.097300 0.093264 -0.712130 0.688989
1784010319.336364985 6.884357 3.869271 -0.173392 0.097293 0.093250 -0.711721 0.689414
1784010319.340760946 6.884532 3.866794 -0.173415 0.097349 0.093358 -0.711401 0.689722
1784010319.346167088 6.884748 3.863741 -0.173416 0.097515 0.093549 -0.710996 0.690090
1784010319.350622892 6.884914 3.861226 -0.173396 0.097655 0.093620 -0.710669 0.690397
1784010319.356534004 6.885139 3.857914 -0.173351 0.097668 0.093526 -0.710264 0.690825
1784010319.360531092 6.885282 3.855682 -0.173319 0.097567 0.093440 -0.710004 0.691118
1784010319.366364002 6.885499 3.852428 -0.173272 0.097420 0.093400 -0.709636 0.691521
1784010319.370851040 6.885657 3.849914 -0.173242 0.097369 0.093445 -0.709358 0.691808
1784010319.376250982 6.885847 3.846883 -0.173217 0.097303 0.093547 -0.709039 0.692130
1784010319.380595922 6.885990 3.844444 -0.173214 0.097220 0.093576 -0.708793 0.692390
1784010319.386375904 6.886188 3.841213 -0.173235 0.097042 0.093523 -0.708481 0.692742
1784010319.390444994 6.886323 3.838941 -0.173272 0.096888 0.093488 -0.708268 0.692985
1784010319.396064997 6.886520 3.835798 -0.173332 0.096753 0.093486 -0.707961 0.693318
1784010319.400564909 6.886676 3.833268 -0.173384 0.096720 0.093605 -0.707706 0.693567
1784010319.406218052 6.886881 3.830086 -0.173442 0.096686 0.093781 -0.707383 0.693878
1784010319.410604000 6.887033 3.827617 -0.173483 0.096638 0.093830 -0.707128 0.694137
1784010319.416402102 6.887245 3.824369 -0.173529 0.096501 0.093857 -0.706794 0.694493
1784010319.420631886 6.887394 3.822003 -0.173565 0.096360 0.093847 -0.706553 0.694759
1784010319.426277161 6.887601 3.818841 -0.173610 0.096176 0.093896 -0.706231 0.695106
1784010319.426277161 6.887601 3.818841 -0.173610 0.096176 0.093896 -0.706231 0.695106
1784010319.426400900 6.887608 3.818773 -0.173611 0.096172 0.093897 -0.706223 0.695114
1784010319.430640936 6.887820 3.816407 -0.173632 0.096124 0.094050 -0.705972 0.695355
1784010319.436350107 6.888103 3.813218 -0.173660 0.096124 0.094263 -0.705621 0.695682
1784010319.440819025 6.888311 3.810726 -0.173692 0.096050 0.094361 -0.705362 0.695942
1784010319.446240902 6.888561 3.807712 -0.173741 0.095887 0.094428 -0.705068 0.696253
1784010319.450663090 6.888750 3.805252 -0.173782 0.095810 0.094508 -0.704828 0.696496
1784010319.456401110 6.888989 3.802055 -0.173822 0.095829 0.094692 -0.704518 0.696782
1784010319.460583925 6.889146 3.799722 -0.173842 0.095849 0.094768 -0.704297 0.696992
1784010319.466403008 6.889364 3.796483 -0.173851 0.095768 0.094797 -0.704010 0.697289
1784010319.470349073 6.889496 3.794289 -0.173845 0.095663 0.094790 -0.703833 0.697483
1784010319.476417065 6.889697 3.790933 -0.173819 0.095504 0.094663 -0.703562 0.697795
1784010319.480576992 6.889821 3.788636 -0.173798 0.095363 0.094573 -0.703390 0.698000
1784010319.486442089 6.890000 3.785399 -0.173768 0.095160 0.094567 -0.703148 0.698273
1784010319.490508080 6.890110 3.783145 -0.173748 0.095107 0.094611 -0.702980 0.698443
1784010319.495978117 6.890250 3.780113 -0.173723 0.095107 0.094673 -0.702768 0.698647
1784010319.500735998 6.890356 3.777477 -0.173712 0.095062 0.094698 -0.702609 0.698810
1784010319.506206989 6.890470 3.774456 -0.173712 0.094945 0.094685 -0.702455 0.698983
1784010319.510400057 6.890540 3.772140 -0.173720 0.094864 0.094697 -0.702353 0.699094
1784010319.516418934 6.890638 3.768812 -0.173733 0.094852 0.094745 -0.702207 0.699237
1784010319.520853043 6.890692 3.766352 -0.173746 0.094841 0.094864 -0.702115 0.699315
1784010319.526282072 6.890750 3.763344 -0.173760 0.094797 0.094934 -0.702023 0.699403
1784010319.526282072 6.890750 3.763344 -0.173760 0.094797 0.094934 -0.702023 0.699403
1784010319.526515007 6.890756 3.763216 -0.173759 0.094795 0.094937 -0.702019 0.699407
1784010319.530445099 6.890847 3.761054 -0.173756 0.094725 0.094930 -0.701973 0.699463
1784010319.536382914 6.890983 3.757801 -0.173749 0.094571 0.094864 -0.701933 0.699534
1784010319.540940046 6.891066 3.755307 -0.173745 0.094492 0.094758 -0.701898 0.699594
1784010319.546118975 6.891151 3.752467 -0.173739 0.094409 0.094682 -0.701863 0.699650
1784010319.550597906 6.891212 3.750004 -0.173735 0.094362 0.094660 -0.701835 0.699688
1784010319.556402922 6.891286 3.746809 -0.173732 0.094344 0.094594 -0.701794 0.699740
1784010319.560452938 6.891321 3.744582 -0.173740 0.094338 0.094557 -0.701767 0.699773
1784010319.566327095 6.891378 3.741357 -0.173764 0.094285 0.094507 -0.701735 0.699819
1784010319.570617914 6.891404 3.738998 -0.173791 0.094271 0.094500 -0.701707 0.699850
1784010319.576142073 6.891436 3.735950 -0.173823 0.094373 0.094550 -0.701661 0.699875
1784010319.580544949 6.891448 3.733513 -0.173845 0.094525 0.094583 -0.701613 0.699899
1784010319.586138964 6.891468 3.730420 -0.173873 0.094640 0.094609 -0.701561 0.699931
1784010319.590552092 6.891473 3.727987 -0.173896 0.094678 0.094577 -0.701527 0.699965
1784010319.596419096 6.891485 3.724760 -0.173923 0.094720 0.094520 -0.701477 0.700017
1784010319.600682974 6.891481 3.722412 -0.173942 0.094771 0.094540 -0.701448 0.700036
1784010319.606427908 6.891482 3.719248 -0.173957 0.094847 0.094532 -0.701411 0.700064
1784010319.610816002 6.891473 3.716828 -0.173967 0.094859 0.094489 -0.701387 0.700093
1784010319.616183043 6.891466 3.713870 -0.173981 0.094845 0.094459 -0.701366 0.700120
1784010319.620757103 6.891455 3.711349 -0.174001 0.094865 0.094451 -0.701340 0.700144
1784010319.626172066 6.891444 3.708365 -0.174035 0.094890 0.094490 -0.701303 0.700172
1784010319.626433134 6.891443 3.708221 -0.174037 0.094891 0.094491 -0.701302 0.700173
1784010319.626433134 6.891443 3.708221 -0.174037 0.094891 0.094491 -0.701302 0.700173
1784010319.630544901 6.891490 3.705954 -0.174054 0.094910 0.094505 -0.701274 0.700196
1784010319.636364937 6.891565 3.702741 -0.174074 0.094952 0.094504 -0.701229 0.700236
1784010319.640710115 6.891614 3.700340 -0.174087 0.094959 0.094526 -0.701196 0.700266
1784010319.646377087 6.891688 3.697211 -0.174102 0.094908 0.094557 -0.701152 0.700312
1784010319.650764942 6.891739 3.694792 -0.174114 0.094844 0.094595 -0.701118 0.700350
1784010319.656270027 6.891807 3.691761 -0.174124 0.094813 0.094640 -0.701068 0.700398
1784010319.660501957 6.891850 3.689430 -0.174129 0.094814 0.094674 -0.701026 0.700436
1784010319.666501999 6.891921 3.686122 -0.174128 0.094773 0.094730 -0.700965 0.700495
1784010319.670430899 6.891956 3.683955 -0.174125 0.094724 0.094738 -0.700929 0.700536
1784010319.676337957 6.892020 3.680699 -0.174123 0.094600 0.094730 -0.700878 0.700605
1784010319.680608988 6.892056 3.678346 -0.174129 0.094501 0.094743 -0.700846 0.700648
1784010319.686337948 6.892111 3.675187 -0.174138 0.094402 0.094792 -0.700807 0.700694
1784010319.690572977 6.892140 3.672849 -0.174146 0.094357 0.094853 -0.700776 0.700723
1784010319.696332932 6.892184 3.669669 -0.174151 0.094246 0.094893 -0.700744 0.700765
1784010319.700609922 6.892204 3.667307 -0.174154 0.094118 0.094848 -0.700723 0.700808
1784010319.706366062 6.892236 3.664128 -0.174157 0.093970 0.094758 -0.700700 0.700863
1784010319.710660934 6.892249 3.661760 -0.174162 0.093885 0.094717 -0.700686 0.700895
1784010319.716434002 6.892274 3.658578 -0.174177 0.093735 0.094667 -0.700653 0.700955
1784010319.720418930 6.892282 3.656378 -0.174193 0.093628 0.094640 -0.700628 0.700998
1784010319.725965023 6.892297 3.653308 -0.174216 0.093539 0.094673 -0.700577 0.701056
1784010319.725965023 6.892297 3.653308 -0.174216 0.093539 0.094673 -0.700577 0.701056
1784010319.726345062 6.892303 3.653097 -0.174217 0.093532 0.094674 -0.700575 0.701059
1784010319.730621099 6.892364 3.650731 -0.174228 0.093496 0.094642 -0.700538 0.701105
1784010319.736358881 6.892443 3.647558 -0.174253 0.093438 0.094511 -0.700496 0.701173
1784010319.740962982 6.892491 3.645007 -0.174284 0.093407 0.094497 -0.700464 0.701211
1784010319.746092081 6.892536 3.642159 -0.174323 0.093496 0.094529 -0.700410 0.701248
1784010319.750643969 6.892565 3.639628 -0.174360 0.093600 0.094571 -0.700368 0.701271
1784010319.756328106 6.892597 3.636464 -0.174402 0.093642 0.094613 -0.700335 0.701291
1784010319.760416031 6.892601 3.634188 -0.174427 0.093669 0.094601 -0.700321 0.701304
1784010319.766298056 6.892609 3.630917 -0.174462 0.093619 0.094596 -0.700337 0.701295
1784010319.770551920 6.892599 3.628556 -0.174487 0.093532 0.094619 -0.700369 0.701272
1784010319.776350975 6.892588 3.625338 -0.174513 0.093398 0.094703 -0.700439 0.701209
1784010319.780788898 6.892565 3.622873 -0.174526 0.093308 0.094777 -0.700503 0.701147
1784010319.786529064 6.892530 3.619684 -0.174531 0.093179 0.094798 -0.700606 0.701058
1784010319.790627003 6.892489 3.617405 -0.174531 0.093131 0.094789 -0.700679 0.700992
1784010319.796319008 6.892439 3.614239 -0.174529 0.093109 0.094836 -0.700768 0.700900
1784010319.800343990 6.892393 3.612004 -0.174533 0.093095 0.094901 -0.700834 0.700827
1784010319.805979967 6.892334 3.608879 -0.174549 0.093037 0.094933 -0.700926 0.700739
1784010319.810776949 6.892272 3.606215 -0.174567 0.093034 0.095013 -0.700990 0.700664
1784010319.816315889 6.892197 3.603139 -0.174585 0.093131 0.095144 -0.701050 0.700573
1784010319.820717096 6.892124 3.600702 -0.174602 0.093155 0.095140 -0.701098 0.700523
1784010319.826029062 6.892039 3.597769 -0.174631 0.093051 0.095068 -0.701162 0.700483
1784010319.826167107 6.892037 3.597693 -0.174631 0.093050 0.095067 -0.701163 0.700481
1784010319.826167107 6.892037 3.597693 -0.174631 0.093050 0.095067 -0.701163 0.700481
1784010319.830588102 6.892026 3.595245 -0.174637 0.093012 0.095060 -0.701200 0.700450
1784010319.836344957 6.892011 3.592049 -0.174637 0.093064 0.095103 -0.701232 0.700406
1784010319.840687990 6.891986 3.589639 -0.174635 0.093068 0.095105 -0.701269 0.700368
1784010319.846339941 6.891954 3.586508 -0.174631 0.092969 0.094999 -0.701328 0.700336
1784010319.850486994 6.891918 3.584212 -0.174635 0.092879 0.094912 -0.701379 0.700309
1784010319.856338024 6.891872 3.580963 -0.174650 0.092805 0.094859 -0.701455 0.700250
1784010319.860641003 6.891823 3.578571 -0.174674 0.092826 0.094847 -0.701502 0.700202
1784010319.866481066 6.891761 3.575318 -0.174717 0.092889 0.094859 -0.701558 0.700135
1784010319.870445013 6.891706 3.573110 -0.174757 0.092895 0.094889 -0.701609 0.700080
1784010319.876316071 6.891625 3.569831 -0.174822 0.092899 0.094859 -0.701675 0.700017
1784010319.880723953 6.891549 3.567363 -0.174879 0.092959 0.094867 -0.701721 0.699962
1784010319.886367083 6.891453 3.564200 -0.174960 0.093054 0.094950 -0.701768 0.699890
1784010319.890593052 6.891370 3.561837 -0.175035 0.093078 0.094982 -0.701817 0.699834
1784010319.896158934 6.891264 3.558722 -0.175140 0.093042 0.095008 -0.701884 0.699768
1784010319.900392056 6.891170 3.556343 -0.175223 0.093100 0.095070 -0.701922 0.699714
1784010319.906065941 6.891041 3.553138 -0.175330 0.093311 0.095224 -0.701952 0.699634
1784010319.910569906 6.890926 3.550594 -0.175419 0.093484 0.095309 -0.701978 0.699574
1784010319.916126966 6.890784 3.547460 -0.175531 0.093630 0.095348 -0.702014 0.699513
1784010319.920558929 6.890661 3.544962 -0.175616 0.093758 0.095433 -0.702048 0.699450
1784010319.926064968 6.890506 3.541853 -0.175701 0.093970 0.095561 -0.702083 0.699370
1784010319.926064968 6.890506 3.541853 -0.175701 0.093970 0.095561 -0.702083 0.699370
1784010319.926372051 6.890501 3.541678 -0.175704 0.093982 0.095568 -0.702085 0.699364
1784010319.930623055 6.890436 3.539262 -0.175728 0.094167 0.095631 -0.702113 0.699303
1784010319.936320066 6.890353 3.536030 -0.175735 0.094328 0.095637 -0.702154 0.699239
1784010319.940933943 6.890276 3.533422 -0.175729 0.094368 0.095635 -0.702197 0.699191
1784010319.946342945 6.890180 3.530368 -0.175709 0.094410 0.095604 -0.702262 0.699124
1784010319.950448990 6.890093 3.528055 -0.175690 0.094485 0.095569 -0.702313 0.699067
1784010319.956288099 6.889973 3.524763 -0.175662 0.094550 0.095580 -0.702399 0.698971
1784010319.960666895 6.889869 3.522295 -0.175650 0.094547 0.095564 -0.702482 0.698890
1784010319.966442108 6.889732 3.519035 -0.175651 0.094516 0.095562 -0.702602 0.698774
1784010319.970521927 6.889620 3.516731 -0.175668 0.094556 0.095586 -0.702689 0.698677
1784010319.976327896 6.889463 3.513453 -0.175712 0.094646 0.095640 -0.702820 0.698526
1784010319.980473995 6.889339 3.511116 -0.175764 0.094653 0.095709 -0.702926 0.698409
1784010319.986367941 6.889167 3.507789 -0.175838 0.094656 0.095804 -0.703089 0.698232
1784010319.990859032 6.889018 3.505250 -0.175892 0.094734 0.095847 -0.703212 0.698092
1784010319.996225119 6.888833 3.502212 -0.175947 0.094847 0.095896 -0.703360 0.697921
1784010320.000309944 6.888680 3.499906 -0.175987 0.094878 0.095875 -0.703483 0.697795
1784010320.006200075 6.888467 3.496590 -0.176044 0.094790 0.095820 -0.703679 0.697617
1784010320.010498047 6.888297 3.494175 -0.176090 0.094746 0.095839 -0.703824 0.697474
1784010320.016380072 6.888064 3.490873 -0.176147 0.094809 0.095909 -0.704001 0.697277
1784010320.020436049 6.887890 3.488603 -0.176195 0.094787 0.096014 -0.704133 0.697133
1784010320.026030064 6.887650 3.485465 -0.176263 0.094638 0.096137 -0.704336 0.696931
1784010320.026030064 6.887650 3.485465 -0.176263 0.094638 0.096137 -0.704336 0.696931
1784010320.026278019 6.887643 3.485326 -0.176266 0.094631 0.096142 -0.704345 0.696922
1784010320.030585051 6.887518 3.482901 -0.176305 0.094653 0.096196 -0.704491 0.696764
1784010320.036343098 6.887342 3.479656 -0.176349 0.094870 0.096331 -0.704675 0.696530
1784010320.040838957 6.887186 3.477136 -0.176385 0.094911 0.096381 -0.704848 0.696342
1784010320.046164989 6.886993 3.474162 -0.176426 0.094745 0.096316 -0.705107 0.696111
1784010320.050606012 6.886810 3.471677 -0.176445 0.094713 0.096299 -0.705316 0.695906
1784010320.056288004 6.886563 3.468501 -0.176444 0.094867 0.096328 -0.705557 0.695637
1784010320.060561895 6.886356 3.466124 -0.176438 0.094880 0.096248 -0.705769 0.695431
1784010320.066369057 6.886072 3.462914 -0.176430 0.094701 0.096081 -0.706094 0.695149
1784010320.070586920 6.885843 3.460583 -0.176421 0.094629 0.095994 -0.706334 0.694927
1784010320.076308966 6.885522 3.457417 -0.176408 0.094671 0.095895 -0.706656 0.694607
1784010320.080456018 6.885266 3.455117 -0.176406 0.094727 0.095840 -0.706907 0.694352
1784010320.086342096 6.884899 3.451854 -0.176412 0.094832 0.095798 -0.707258 0.693985
1784010320.090822935 6.884599 3.449376 -0.176429 0.094886 0.095777 -0.707536 0.693697
1784010320.096129894 6.884236 3.446452 -0.176462 0.094858 0.095701 -0.707892 0.693349
1784010320.100397110 6.883927 3.444101 -0.176494 0.094855 0.095650 -0.708188 0.693053
1784010320.106381893 6.883494 3.440796 -0.176528 0.094963 0.095754 -0.708595 0.692609
1784010320.110491991 6.883174 3.438525 -0.176544 0.095027 0.095775 -0.708885 0.692300
1784010320.116384029 6.882713 3.435283 -0.176568 0.095002 0.095652 -0.709327 0.691868
1784010320.120620012 6.882360 3.432959 -0.176586 0.094997 0.095594 -0.709650 0.691544
1784010320.126012087 6.881902 3.430004 -0.176607 0.095109 0.095525 -0.710049 0.691129
1784010320.126012087 6.881902 3.430004 -0.176607 0.095109 0.095525 -0.710049 0.691129
1784010320.126461983 6.881870 3.429759 -0.176607 0.095119 0.095520 -0.710083 0.691094
1784010320.130640030 6.881585 3.427487 -0.176609 0.095182 0.095448 -0.710407 0.690761
1784010320.136403084 6.881191 3.424355 -0.176609 0.095228 0.095351 -0.710855 0.690308
1784010320.140866995 6.880866 3.421926 -0.176612 0.095318 0.095306 -0.711195 0.689951
1784010320.146193981 6.880469 3.419030 -0.176620 0.095432 0.095307 -0.711609 0.689509
1784010320.150573969 6.880119 3.416655 -0.176633 0.095507 0.095227 -0.711972 0.689135
1784010320.156390905 6.879644 3.413508 -0.176651 0.095601 0.095060 -0.712464 0.688635
1784010320.160566092 6.879280 3.411249 -0.176668 0.095666 0.095028 -0.712832 0.688250
1784010320.166251898 6.878778 3.408169 -0.176684 0.095739 0.094946 -0.713349 0.687715
1784010320.170651913 6.878363 3.405776 -0.176695 0.095808 0.094852 -0.713762 0.687290
1784010320.176395893 6.877808 3.402643 -0.176702 0.096058 0.094761 -0.714280 0.686729
1784010320.180650949 6.877372 3.400329 -0.176712 0.096276 0.094691 -0.714665 0.686308
1784010320.186239004 6.876790 3.397314 -0.176738 0.096381 0.094500 -0.715218 0.685743
1784010320.190489054 6.876325 3.395025 -0.176766 0.096432 0.094368 -0.715661 0.685292
1784010320.196295023 6.875686 3.391894 -0.176800 0.096628 0.094352 -0.716253 0.684648
1784010320.200709105 6.875177 3.389509 -0.176829 0.096783 0.094380 -0.716712 0.684142
1784010320.206192017 6.874536 3.386552 -0.176866 0.096883 0.094313 -0.717314 0.683505
1784010320.210491896 6.874009 3.384239 -0.176895 0.097002 0.094200 -0.717793 0.683001
1784010320.216408968 6.873281 3.381067 -0.176941 0.097158 0.094072 -0.718451 0.682304
1784010320.220551014 6.872751 3.378845 -0.176986 0.097216 0.094007 -0.718937 0.681793
1784010320.226034164 6.872044 3.375892 -0.177047 0.097393 0.093986 -0.719565 0.681108
1784010320.226034164 6.872044 3.375892 -0.177047 0.097393 0.093986 -0.719565 0.681108
1784010320.226196051 6.872026 3.375804 -0.177048 0.097398 0.093985 -0.719583 0.681087
1784010320.230590105 6.871510 3.373416 -0.177079 0.097642 0.094095 -0.720075 0.680517
1784010320.236342907 6.870826 3.370298 -0.177126 0.097866 0.094146 -0.720734 0.679780
1784010320.240959883 6.870254 3.367813 -0.177175 0.097897 0.094045 -0.721291 0.679199
1784010320.246114016 6.869603 3.365042 -0.177228 0.097949 0.093995 -0.721924 0.678525
1784010320.250571966 6.869021 3.362641 -0.177263 0.097994 0.093952 -0.722473 0.677940
1784010320.256464958 6.868242 3.359465 -0.177298 0.098208 0.093911 -0.723202 0.677138
1784010320.260513067 6.867687 3.357288 -0.177323 0.098359 0.093886 -0.723705 0.676582
1784010320.266333103 6.866876 3.354160 -0.177348 0.098426 0.093773 -0.724479 0.675758
1784010320.270343065 6.866289 3.352010 -0.177361 0.098477 0.093699 -0.725014 0.675187
1784010320.276285887 6.865408 3.348817 -0.177375 0.098438 0.093477 -0.725857 0.674317
1784010320.280739069 6.864724 3.346418 -0.177392 0.098474 0.093393 -0.726491 0.673640
1784010320.286425114 6.863837 3.343350 -0.177414 0.098637 0.093421 -0.727295 0.672744
1784010320.290306091 6.863210 3.341262 -0.177434 0.098753 0.093443 -0.727846 0.672128
1784010320.296149015 6.862256 3.338113 -0.177463 0.098877 0.093262 -0.728698 0.671212
1784010320.300510883 6.861520 3.335759 -0.177490 0.098974 0.093130 -0.729335 0.670524
1784010320.306042910 6.860573 3.332777 -0.177523 0.099234 0.093111 -0.730139 0.669612
1784010320.310527086 6.859779 3.330371 -0.177552 0.099447 0.093098 -0.730792 0.668869
1784010320.316334963 6.858737 3.327266 -0.177589 0.099609 0.093035 -0.731688 0.667874
1784010320.320700884 6.857935 3.324943 -0.177623 0.099734 0.092990 -0.732362 0.667122
1784010320.326011181 6.856944 3.322114 -0.177660 0.099819 0.092909 -0.733199 0.666201
1784010320.326011181 6.856944 3.322114 -0.177660 0.099819 0.092909 -0.733199 0.666201
1784010320.326251030 6.856902 3.321985 -0.177661 0.099822 0.092905 -0.733237 0.666158
1784010320.330593109 6.856138 3.319645 -0.177669 0.099882 0.092833 -0.733931 0.665395
1784010320.336311102 6.855122 3.316574 -0.177684 0.100112 0.092751 -0.734842 0.664366
1784010320.340931892 6.854283 3.314120 -0.177709 0.100302 0.092688 -0.735578 0.663531
1784010320.346384048 6.853278 3.311231 -0.177748 0.100240 0.092417 -0.736516 0.662537
1784010320.350569010 6.852482 3.309009 -0.177783 0.100197 0.092213 -0.737235 0.661772
1784010320.356451035 6.851354 3.305887 -0.177833 0.100686 0.092229 -0.738169 0.660653
1784010320.360492945 6.850562 3.303755 -0.177870 0.101029 0.092246 -0.738810 0.659882
1784010320.366350889 6.849411 3.300676 -0.177921 0.101006 0.091983 -0.739820 0.658789
1784010320.370407104 6.848592 3.298555 -0.177957 0.100998 0.091806 -0.740519 0.658029
1784010320.376297951 6.847394 3.295463 -0.177994 0.101322 0.091735 -0.741480 0.656907
1784010320.380882978 6.846432 3.293040 -0.178007 0.101580 0.091684 -0.742226 0.656030
1784010320.386101007 6.845330 3.290284 -0.178019 0.101732 0.091539 -0.743103 0.655033
1784010320.390286922 6.844441 3.288094 -0.178037 0.101858 0.091425 -0.743806 0.654231
1784010320.396306992 6.843162 3.284948 -0.178060 0.101879 0.091102 -0.744859 0.653074
1784010320.400448084 6.842255 3.282781 -0.178073 0.101900 0.090885 -0.745583 0.652274
1784010320.406270981 6.840978 3.279735 -0.178082 0.102155 0.090896 -0.746584 0.651087
1784010320.410787106 6.839974 3.277383 -0.178084 0.102359 0.090910 -0.747359 0.650164
1784010320.416490078 6.838703 3.274418 -0.178087 0.102124 0.090750 -0.748426 0.648995
1784010320.420682907 6.837750 3.272243 -0.178101 0.101957 0.090637 -0.749209 0.648132
1784010320.426287174 6.836466 3.269326 -0.178117 0.102204 0.090588 -0.750206 0.646946
1784010320.426287174 6.836466 3.269326 -0.178117 0.102204 0.090588 -0.750206 0.646946
1784010320.426443100 6.836432 3.269244 -0.178117 0.102210 0.090587 -0.750234 0.646913
1784010320.430475950 6.835537 3.267122 -0.178110 0.102383 0.090557 -0.750953 0.646055
1784010320.436275959 6.834246 3.264076 -0.178114 0.102311 0.090558 -0.752048 0.644791
1784010320.440901995 6.833205 3.261660 -0.178142 0.102260 0.090562 -0.752919 0.643781
1784010320.446289062 6.831978 3.258848 -0.178189 0.102415 0.090605 -0.753908 0.642592
1784010320.450671911 6.830954 3.256555 -0.178229 0.102547 0.090643 -0.754711 0.641623
1784010320.456298113 6.829620 3.253610 -0.178283 0.102791 0.090610 -0.755735 0.640381
1784010320.460505009 6.828607 3.251421 -0.178334 0.102848 0.090568 -0.756521 0.639450
1784010320.466324091 6.827205 3.248408 -0.178420 0.102702 0.090578 -0.757649 0.638135
1784010320.470381021 6.826204 3.246313 -0.178486 0.102681 0.090554 -0.758426 0.637218
1784010320.476320982 6.824714 3.243228 -0.178565 0.102902 0.090478 -0.759518 0.635891
1784010320.480761051 6.823575 3.240922 -0.178612 0.103147 0.090435 -0.760316 0.634903
1784010320.486179113 6.822176 3.238127 -0.178658 0.103302 0.090283 -0.761303 0.633716
1784010320.490379095 6.821076 3.235979 -0.178690 0.103358 0.090102 -0.762074 0.632805
1784010320.496284962 6.819513 3.232961 -0.178714 0.103556 0.089871 -0.763135 0.631525
1784010320.500520945 6.818365 3.230798 -0.178717 0.103857 0.089721 -0.763871 0.630607
1784010320.506381035 6.816768 3.227807 -0.178703 0.104215 0.089543 -0.764894 0.629332
1784010320.510783911 6.815551 3.225572 -0.178691 0.104331 0.089392 -0.765685 0.628371
1784010320.516314030 6.814007 3.222777 -0.178682 0.104417 0.089138 -0.766696 0.627159
1784010320.520663977 6.812768 3.220586 -0.178690 0.104538 0.088961 -0.767500 0.626180
1784010320.526285887 6.811147 3.217757 -0.178727 0.104681 0.088740 -0.768560 0.624886
1784010320.526317120 6.811139 3.217741 -0.178727 0.104681 0.088738 -0.768566 0.624879
1784010320.526317120 6.811139 3.217741 -0.178727 0.104681 0.088738 -0.768566 0.624879
1784010320.530704021 6.809913 3.215519 -0.178766 0.104791 0.088580 -0.769407 0.623847
1784010320.536322117 6.808333 3.212668 -0.178838 0.104880 0.088438 -0.770505 0.622496
1784010320.540678978 6.807088 3.210454 -0.178912 0.104944 0.088344 -0.771361 0.621438
1784010320.546432972 6.805429 3.207525 -0.179022 0.105109 0.088206 -0.772489 0.620026
1784010320.550452948 6.804252 3.205488 -0.179104 0.105275 0.088078 -0.773274 0.619037
1784010320.556456089 6.802496 3.202452 -0.179225 0.105420 0.087879 -0.774463 0.617553
1784010320.560605049 6.801268 3.200354 -0.179305 0.105498 0.087803 -0.775284 0.616519
1784010320.566255093 6.799589 3.197484 -0.179394 0.105732 0.087772 -0.776373 0.615111
1784010320.570511103 6.798309 3.195323 -0.179449 0.105957 0.087798 -0.777185 0.614042
1784010320.576139927 6.796613 3.192485 -0.179509 0.106149 0.087751 -0.778276 0.612632
1784010320.580387115 6.795317 3.190364 -0.179549 0.106179 0.087613 -0.779112 0.611584
1784010320.586344004 6.793487 3.187391 -0.179592 0.106187 0.087411 -0.780292 0.610105
1784010320.590380907 6.792221 3.185372 -0.179612 0.106334 0.087281 -0.781074 0.609097
1784010320.596271038 6.790362 3.182415 -0.179630 0.106693 0.087095 -0.782184 0.607634
1784010320.600511074 6.789010 3.180294 -0.179645 0.106867 0.086987 -0.782992 0.606578
1784010320.606539011 6.787083 3.177304 -0.179676 0.106875 0.086758 -0.784180 0.605072
1784010320.610913038 6.785658 3.175148 -0.179702 0.106886 0.086548 -0.785050 0.603972
1784010320.616264105 6.783892 3.172508 -0.179728 0.107089 0.086341 -0.786106 0.602590
1784010320.620486021 6.782479 3.170432 -0.179748 0.107309 0.086250 -0.786941 0.601473
1784010320.626089096 6.780599 3.167693 -0.179784 0.107397 0.086114 -0.788089 0.599972
1784010320.626089096 6.780599 3.167693 -0.179784 0.107397 0.086114 -0.788089 0.599972
1784010320.626446962 6.780483 3.167519 -0.179786 0.107403 0.086105 -0.788162 0.599876
1784010320.630553961 6.779151 3.165517 -0.179805 0.107405 0.085961 -0.789018 0.598770
1784010320.636311054 6.777261 3.162711 -0.179823 0.107560 0.085722 -0.790204 0.597210
1784010320.640573978 6.775834 3.160637 -0.179834 0.107795 0.085561 -0.791075 0.596037
1784010320.646361113 6.773895 3.157840 -0.179853 0.108001 0.085348 -0.792279 0.594429
1784010320.650813103 6.772390 3.155709 -0.179878 0.108063 0.085173 -0.793219 0.593188
1784010320.656130075 6.770579 3.153181 -0.179909 0.108158 0.084973 -0.794350 0.591684
1784010320.660522938 6.769059 3.151101 -0.179932 0.108315 0.084761 -0.795279 0.590436
1784010320.666501999 6.766972 3.148269 -0.179951 0.108590 0.084430 -0.796533 0.588740
1784010320.670461893 6.765571 3.146399 -0.179964 0.108794 0.084223 -0.797351 0.587623
1784010320.676307917 6.763511 3.143665 -0.179990 0.108937 0.083952 -0.798569 0.585980
1784010320.680416107 6.762052 3.141764 -0.180020 0.108936 0.083732 -0.799433 0.584832
1784010320.686275005 6.759956 3.139057 -0.180056 0.108976 0.083395 -0.800670 0.583179
1784010320.690608978 6.758376 3.137050 -0.180073 0.109192 0.083195 -0.801556 0.581949
1784010320.696276903 6.756305 3.134431 -0.180085 0.109531 0.082976 -0.802707 0.580327
1784010320.700505972 6.754750 3.132494 -0.180100 0.109657 0.082803 -0.803580 0.579118
1784010320.706278086 6.752626 3.129873 -0.180122 0.109707 0.082495 -0.804786 0.577475
1784010320.711168051 6.750799 3.127653 -0.180136 0.109837 0.082247 -0.805803 0.576066
1784010320.716047049 6.748951 3.125426 -0.180138 0.110134 0.082003 -0.806794 0.574656
1784010320.720524073 6.747247 3.123383 -0.180138 0.110464 0.081844 -0.807687 0.573359
1784010320.726190090 6.745102 3.120818 -0.180153 0.110623 0.081749 -0.808844 0.571709
1784010320.726190090 6.745102 3.120818 -0.180153 0.110623 0.081749 -0.808844 0.571709
1784010320.726277113 6.745071 3.120779 -0.180153 0.110624 0.081747 -0.808861 0.571684
1784010320.730770111 6.743425 3.118753 -0.180163 0.110583 0.081615 -0.809803 0.570376
1784010320.736279964 6.741383 3.116275 -0.180174 0.110661 0.081322 -0.810942 0.568782
1784010320.740549088 6.739780 3.114354 -0.180180 0.110892 0.081187 -0.811801 0.567530
1784010320.746355057 6.737606 3.111754 -0.180195 0.111150 0.081063 -0.812977 0.565811
1784010320.750484943 6.736056 3.109921 -0.180220 0.111180 0.080969 -0.813833 0.564587
1784010320.756247997 6.733895 3.107380 -0.180261 0.111163 0.080849 -0.815029 0.562879
1784010320.760514975 6.732272 3.105506 -0.180291 0.111290 0.080714 -0.815899 0.561612
1784010320.766303062 6.730055 3.102964 -0.180317 0.111578 0.080486 -0.817059 0.559899
1784010320.770407915 6.728472 3.101168 -0.180330 0.111747 0.080350 -0.817878 0.558687
1784010320.776276112 6.726221 3.098613 -0.180348 0.111724 0.080232 -0.819069 0.556961
1784010320.780558109 6.724562 3.096754 -0.180362 0.111706 0.080130 -0.819935 0.555704
1784010320.785985947 6.722436 3.094399 -0.180364 0.111922 0.079875 -0.821003 0.554119
1784010320.790641069 6.720595 3.092389 -0.180361 0.112227 0.079634 -0.821890 0.552775
1784010320.796195030 6.718420 3.090021 -0.180366 0.112427 0.079342 -0.822958 0.551185
1784010320.800628901 6.716697 3.088156 -0.180384 0.112402 0.079157 -0.823819 0.549929
1784010320.806276083 6.714503 3.085784 -0.180410 0.112279 0.079029 -0.824922 0.548317
1784010320.811263084 6.712528 3.083679 -0.180421 0.112373 0.078929 -0.825881 0.546866
1784010320.816368103 6.710476 3.081528 -0.180421 0.112624 0.078729 -0.826843 0.545388
1784010320.820745945 6.708715 3.079706 -0.180430 0.112687 0.078464 -0.827685 0.544134
1784010320.825980902 6.706625 3.077550 -0.180468 0.112402 0.078228 -0.828742 0.542617
1784010320.826207161 6.706534 3.077458 -0.180471 0.112397 0.078218 -0.828787 0.542550
1784010320.826207161 6.706534 3.077458 -0.180471 0.112397 0.078218 -0.828787 0.542550
1784010320.830509901 6.704857 3.075666 -0.180508 0.112312 0.078032 -0.829649 0.541276
1784010320.836292982 6.702567 3.073249 -0.180553 0.112770 0.077764 -0.830746 0.539533
1784010320.840763092 6.700778 3.071393 -0.180590 0.113178 0.077637 -0.831582 0.538177
1784010320.846401930 6.698530 3.069077 -0.180650 0.113247 0.077449 -0.832703 0.536454
1784010320.850292921 6.696961 3.067495 -0.180694 0.113265 0.077276 -0.833473 0.535277
1784010320.856286049 6.694543 3.065074 -0.180749 0.113651 0.077024 -0.834604 0.533467
1784010320.860644102 6.692774 3.063336 -0.180787 0.113930 0.076856 -0.835425 0.532145
1784010320.866154909 6.690530 3.061149 -0.180828 0.114107 0.076619 -0.836488 0.530469
1784010320.870476961 6.688750 3.059438 -0.180844 0.114279 0.076463 -0.837317 0.529145
1784010320.876327991 6.686340 3.057131 -0.180850 0.114570 0.076290 -0.838421 0.527355
1784010320.880629063 6.684557 3.055458 -0.180859 0.114674 0.076053 -0.839242 0.526060
1784010320.886291027 6.682204 3.053265 -0.180872 0.114797 0.075601 -0.840322 0.524372
1784010320.890496969 6.680438 3.051639 -0.180885 0.115003 0.075399 -0.841106 0.523097
1784010320.896157026 6.678067 3.049460 -0.180912 0.115242 0.075197 -0.842170 0.521359
1784010320.900532007 6.676228 3.047793 -0.180946 0.115355 0.074958 -0.842996 0.520030
1784010320.906327009 6.673793 3.045584 -0.180988 0.115597 0.074691 -0.844064 0.518280
1784010320.911324024 6.671673 3.043678 -0.181016 0.115850 0.074470 -0.844970 0.516776
1784010320.916315079 6.669544 3.041776 -0.181045 0.116041 0.074183 -0.845873 0.515297
1784010320.920562983 6.667731 3.040167 -0.181066 0.116277 0.073924 -0.846614 0.514062
1784010320.926228046 6.665350 3.038038 -0.181098 0.116571 0.073796 -0.847590 0.512402
1784010320.926228046 6.665350 3.038038 -0.181098 0.116571 0.073796 -0.847590 0.512402
1784010320.926311016 6.665317 3.038006 -0.181097 0.116575 0.073794 -0.847605 0.512377
1784010320.930625916 6.663568 3.036357 -0.181103 0.116561 0.073774 -0.848386 0.511089
1784010320.936286926 6.661255 3.034192 -0.181098 0.116546 0.073560 -0.849415 0.509412
1784010320.940660954 6.659445 3.032527 -0.181083 0.116780 0.073367 -0.850167 0.508130
1784010320.946283102 6.657139 3.030400 -0.181070 0.116991 0.073308 -0.851141 0.506457
1784010320.950618029 6.655370 3.028781 -0.181083 0.116940 0.073223 -0.851916 0.505176
1784010320.956423998 6.653013 3.026627 -0.181114 0.116862 0.073027 -0.852956 0.503464
1784010320.960509062 6.651342 3.025120 -0.181146 0.116978 0.073046 -0.853659 0.502241
1784010320.966269970 6.648978 3.023002 -0.181181 0.117293 0.072997 -0.854642 0.500500
1784010320.970396042 6.647268 3.021501 -0.181210 -0.117361 -0.072900 0.855369 -0.499255
1784010320.976238966 6.644851 3.019379 -0.181259 -0.117324 -0.072906 0.856410 -0.497476
1784010320.980463028 6.643093 3.017864 -0.181302 -0.117385 -0.072809 0.857136 -0.496223
1784010320.986253023 6.640696 3.015806 -0.181365 -0.117507 -0.072585 0.858112 -0.494538
1784010320.990462065 6.638948 3.014323 -0.181413 -0.117595 -0.072519 0.858812 -0.493309
1784010320.996264935 6.636542 3.012283 -0.181451 -0.117848 -0.072409 0.859755 -0.491619
1784010321.000514030 6.634772 3.010804 -0.181468 -0.117997 -0.072332 0.860431 -0.490412
1784010321.006252050 6.632392 3.008827 -0.181465 -0.118119 -0.072118 0.861343 -0.488810
1784010321.010246038 6.630729 3.007473 -0.181451 -0.118252 -0.071860 0.861955 -0.487735
1784010321.016057968 6.628324 3.005513 -0.181415 -0.118388 -0.071569 0.862838 -0.486182
1784010321.020545959 6.626463 3.004015 -0.181388 -0.118499 -0.071379 0.863510 -0.484989
1784010321.025922060 6.624238 3.002228 -0.181353 -0.118758 -0.071184 0.864294 -0.483555
1784010321.025922060 6.624238 3.002228 -0.181353 -0.118758 -0.071184 0.864294 -0.483555
1784010321.026251078 6.624106 3.002117 -0.181350 -0.118774 -0.071173 0.864341 -0.483469
1784010321.030425072 6.622447 3.000713 -0.181312 -0.119062 -0.071078 0.864909 -0.482394
1784010321.036276102 6.620147 2.998762 -0.181270 -0.119244 -0.070947 0.865725 -0.480903
1784010321.040591002 6.618448 2.997345 -0.181254 -0.119230 -0.070758 0.866349 -0.479809
1784010321.046355963 6.616181 2.995462 -0.181244 -0.119285 -0.070487 0.867167 -0.478356
1784010321.050551891 6.614522 2.994104 -0.181249 -0.119427 -0.070379 0.867749 -0.477279
1784010321.056232929 6.612286 2.992279 -0.181276 -0.119433 -0.070256 0.868568 -0.475804
1784010321.060616970 6.610548 2.990888 -0.181311 -0.119353 -0.070112 0.869219 -0.474655
1784010321.066282034 6.608294 2.989097 -0.181356 -0.119374 -0.069917 0.870042 -0.473169
1784010321.070386887 6.606643 2.987809 -0.181387 -0.119422 -0.069806 0.870633 -0.472085
1784010321.076288939 6.604262 2.985960 -0.181435 -0.119421 -0.069615 0.871487 -0.470534
1784010321.080440998 6.602568 2.984672 -0.181471 -0.119440 -0.069468 0.872090 -0.469433
1784010321.086253881 6.600204 2.982885 -0.181517 -0.119544 -0.069278 0.872912 -0.467903
1784010321.090600967 6.598430 2.981568 -0.181551 -0.119671 -0.069170 0.873525 -0.466742
1784010321.096126080 6.596177 2.979904 -0.181583 -0.119763 -0.069116 0.874322 -0.465232
1784010321.100548983 6.594352 2.978580 -0.181597 -0.119815 -0.069103 0.874973 -0.463995
1784010321.106286049 6.591969 2.976875 -0.181588 -0.119978 -0.069010 0.875803 -0.462398
1784010321.110279083 6.590303 2.975708 -0.181569 -0.120034 -0.068869 0.876392 -0.461287
1784010321.116277933 6.587808 2.973965 -0.181541 -0.119763 -0.068755 0.877328 -0.459591
1784010321.120601892 6.585978 2.972717 -0.181518 -0.119649 -0.068578 0.878002 -0.458360
1784010321.126030922 6.583669 2.971155 -0.181478 -0.119854 -0.068259 0.878796 -0.456830
1784010321.126254082 6.583574 2.971091 -0.181477 -0.119860 -0.068252 0.878828 -0.456767
1784010321.126254082 6.583574 2.971091 -0.181477 -0.119860 -0.068252 0.878828 -0.456767
1784010321.130458117 6.581840 2.969844 -0.181447 -0.119974 -0.068111 0.879456 -0.455548
1784010321.136271000 6.579445 2.968127 -0.181417 -0.119943 -0.067907 0.880353 -0.453850
1784010321.140388012 6.577731 2.966926 -0.181398 -0.119969 -0.067716 0.880981 -0.452653
1784010321.146192074 6.575303 2.965236 -0.181370 -0.119969 -0.067490 0.881874 -0.450944
1784010321.150460958 6.573493 2.964004 -0.181353 -0.119924 -0.067301 0.882548 -0.449664
1784010321.156303883 6.570995 2.962311 -0.181327 -0.120014 -0.067029 0.883452 -0.447902
1784010321.160598993 6.569144 2.961077 -0.181315 -0.120100 -0.066954 0.884114 -0.446583
1784010321.166284084 6.566686 2.959450 -0.181318 -0.119990 -0.066788 0.885031 -0.444816
1784010321.170492887 6.564836 2.958260 -0.181324 -0.120049 -0.066531 0.885700 -0.443506
1784010321.176399946 6.562234 2.956592 -0.181323 -0.120542 -0.066200 0.886579 -0.441662
1784010321.180368900 6.560483 2.955488 -0.181330 -0.120639 -0.066092 0.887203 -0.440397
1784010321.186419964 6.557808 2.953806 -0.181344 -0.120348 -0.065840 0.888220 -0.438459
1784010321.190388918 6.556027 2.952713 -0.181345 -0.120343 -0.065673 0.888860 -0.437186
1784010321.196279049 6.553374 2.951089 -0.181333 -0.120620 -0.065501 0.889768 -0.435284
1784010321.200671911 6.551381 2.949897 -0.181327 -0.120629 -0.065285 0.890482 -0.433853
1784010321.206146002 6.548883 2.948408 -0.181321 -0.120456 -0.064886 0.891388 -0.432096
1784010321.210318089 6.546956 2.947273 -0.181316 -0.120538 -0.064715 0.892044 -0.430743
1784010321.216089964 6.544288 2.945705 -0.181311 -0.120867 -0.064460 0.892913 -0.428885
1784010321.220526934 6.542230 2.944524 -0.181319 -0.120920 -0.064146 0.893609 -0.427465
1784010321.226128101 6.539620 2.943028 -0.181331 -0.120829 -0.063806 0.894502 -0.425669
1784010321.226128101 6.539620 2.943028 -0.181331 -0.120829 -0.063806 0.894502 -0.425669
1784010321.226248980 6.539564 2.942994 -0.181331 -0.120826 -0.063799 0.894522 -0.425631
1784010321.230393887 6.537642 2.941833 -0.181319 -0.120884 -0.063595 0.895158 -0.424305
1784010321.236320972 6.534872 2.940164 -0.181297 -0.121014 -0.063306 0.896056 -0.422412
1784010321.240606070 6.532854 2.938965 -0.181291 -0.121075 -0.063083 0.896712 -0.421034
1784010321.245971918 6.530327 2.937471 -0.181291 -0.121224 -0.062797 0.897510 -0.419328
1784010321.250473022 6.528212 2.936239 -0.181302 -0.121332 -0.062480 0.898172 -0.417925
1784010321.256222963 6.525509 2.934671 -0.181328 -0.121244 -0.062157 0.899057 -0.416092
1784010321.260509968 6.523464 2.933506 -0.181344 -0.121392 -0.061920 0.899693 -0.414708
1784010321.266251087 6.520710 2.931940 -0.181345 -0.121901 -0.061560 0.900488 -0.412882
1784010321.270412922 6.518716 2.930816 -0.181353 -0.121937 -0.061465 0.901105 -0.411537
1784010321.276279926 6.515900 2.929241 -0.181369 -0.121687 -0.061085 0.902009 -0.409684
1784010321.280543089 6.513835 2.928109 -0.181372 -0.121847 -0.060666 0.902609 -0.408376
1784010321.286328077 6.511044 2.926561 -0.181385 -0.122294 -0.060544 0.903384 -0.406542
1784010321.290555000 6.509009 2.925440 -0.181408 -0.122439 -0.060417 0.903973 -0.405205
1784010321.296211958 6.506285 2.923934 -0.181440 -0.122469 -0.060197 0.904777 -0.403432
1784010321.300559044 6.504181 2.922779 -0.181461 -0.122704 -0.060163 0.905354 -0.402067
1784010321.306416035 6.501362 2.921236 -0.181477 -0.123067 -0.059825 0.906113 -0.400292
1784010321.310461044 6.499431 2.920189 -0.181495 -0.123063 -0.059562 0.906661 -0.399091
1784010321.315856934 6.496877 2.918780 -0.181523 -0.122946 -0.059467 0.907389 -0.397484
1784010321.320748091 6.494563 2.917501 -0.181539 -0.123120 -0.059318 0.907990 -0.396078
1784010321.325873137 6.492146 2.916163 -0.181553 -0.123362 -0.059214 0.908597 -0.394623
1784010321.325873137 6.492146 2.916163 -0.181553 -0.123362 -0.059214 0.908597 -0.394623
1784010321.326134920 6.492025 2.916092 -0.181553 -0.123376 -0.059209 0.908628 -0.394549
1784010321.330436945 6.490034 2.914929 -0.181559 -0.123525 -0.059105 0.909127 -0.393365
1784010321.336283922 6.487355 2.913366 -0.181554 -0.123641 -0.058785 0.909795 -0.391829
1784010321.340542078 6.485419 2.912245 -0.181551 -0.123567 -0.058652 0.910294 -0.390712
1784010321.345997095 6.482942 2.910819 -0.181542 -0.123515 -0.058439 0.910923 -0.389292
1784010321.350367069 6.480955 2.909690 -0.181529 -0.123692 -0.058195 0.911393 -0.388171
1784010321.356209040 6.478322 2.908183 -0.181519 -0.123860 -0.058158 0.912019 -0.386649
1784010321.360469103 6.476409 2.907103 -0.181520 -0.123795 -0.058124 0.912507 -0.385522
1784010321.366282940 6.473791 2.905650 -0.181518 -0.123668 -0.057818 0.913177 -0.384020
1784010321.370405912 6.471921 2.904636 -0.181516 -0.123699 -0.057653 0.913636 -0.382941
1784010321.376272917 6.469261 2.903202 -0.181517 -0.123816 -0.057399 0.914279 -0.381404
1784010321.380496025 6.467351 2.902188 -0.181529 -0.123799 -0.057210 0.914751 -0.380304
1784010321.386255980 6.464760 2.900808 -0.181563 -0.123681 -0.057163 0.915405 -0.378772
1784010321.390408993 6.462882 2.899828 -0.181590 -0.123724 -0.057101 0.915867 -0.377650
1784010321.396198988 6.460242 2.898478 -0.181621 -0.123895 -0.056904 0.916504 -0.376076
1784010321.400722027 6.458167 2.897451 -0.181644 -0.123990 -0.056694 0.917015 -0.374827
1784010321.406239033 6.455642 2.896221 -0.181672 -0.123977 -0.056384 0.917655 -0.373310
1784010321.410532951 6.453674 2.895284 -0.181699 -0.123944 -0.056261 0.918158 -0.372099
1784010321.416222095 6.451042 2.894053 -0.181727 -0.124060 -0.056143 0.918816 -0.370451
1784010321.420557976 6.449011 2.893140 -0.181736 -0.124328 -0.055891 0.919297 -0.369205
1784010321.426004171 6.446457 2.892013 -0.181740 -0.124472 -0.055607 0.919941 -0.367591
1784010321.426004171 6.446457 2.892013 -0.181740 -0.124472 -0.055607 0.919941 -0.367591
1784010321.426325083 6.446307 2.891944 -0.181739 -0.124480 -0.055590 0.919979 -0.367496
1784010321.430727959 6.444248 2.891003 -0.181724 -0.124404 -0.055380 0.920531 -0.366168
1784010321.436254025 6.441649 2.889839 -0.181698 -0.124364 -0.055045 0.921217 -0.364504
1784010321.440583944 6.439602 2.888945 -0.181683 -0.124413 -0.054843 0.921744 -0.363182
1784010321.446492910 6.436791 2.887735 -0.181661 -0.124477 -0.054508 0.922469 -0.361366
1784010321.450520039 6.434861 2.886927 -0.181647 -0.124596 -0.054269 0.922956 -0.360115
1784010321.456404924 6.432035 2.885751 -0.181623 -0.124736 -0.053952 0.923666 -0.358289
1784010321.460369110 6.430123 2.884975 -0.181608 -0.124725 -0.053731 0.924161 -0.357048
1784010321.466252089 6.427258 2.883826 -0.181573 -0.124757 -0.053328 0.924889 -0.355207
1784010321.470523119 6.425160 2.883003 -0.181541 -0.124846 -0.053064 0.925406 -0.353867
1784010321.476241112 6.422345 2.881910 -0.181501 -0.124830 -0.052763 0.926113 -0.352063
1784010321.480525017 6.420228 2.881106 -0.181475 -0.124786 -0.052483 0.926647 -0.350713
1784010321.486248970 6.417383 2.880032 -0.181436 -0.124851 -0.052154 0.927334 -0.348917
1784010321.490617037 6.415196 2.879219 -0.181411 -0.124950 -0.051965 0.927852 -0.347531
1784010321.496260881 6.412346 2.878176 -0.181377 -0.124949 -0.051653 0.928544 -0.345726
1784010321.500672102 6.410099 2.877375 -0.181354 -0.124990 -0.051352 0.929082 -0.344307
1784010321.506225109 6.407262 2.876371 -0.181330 -0.125064 -0.051061 0.929757 -0.342495
1784010321.510554075 6.405042 2.875601 -0.181323 -0.125042 -0.050854 0.930296 -0.341068
1784010321.516292095 6.402084 2.874578 -0.181328 -0.124959 -0.050592 0.931020 -0.339157
1784010321.520925045 6.399674 2.873757 -0.181340 -0.125009 -0.050503 0.931594 -0.337571
1784010321.526023149 6.397000 2.872860 -0.181356 -0.125126 -0.050351 0.932220 -0.335819
1784010321.526023149 6.397000 2.872860 -0.181356 -0.125126 -0.050351 0.932220 -0.335819
1784010321.526132107 6.396943 2.872840 -0.181356 -0.125128 -0.050348 0.932233 -0.335782
1784010321.530378103 6.394714 2.872076 -0.181351 -0.125238 -0.050233 0.932754 -0.334310
1784010321.536233902 6.391623 2.871026 -0.181349 -0.125158 -0.050054 0.933497 -0.332284
1784010321.540658951 6.389271 2.870234 -0.181357 -0.125188 -0.049972 0.934043 -0.330749
1784010321.545984983 6.386428 2.869285 -0.181373 -0.125299 -0.049856 0.934685 -0.328906
1784010321.550466061 6.384024 2.868494 -0.181393 -0.125398 -0.049760 0.935221 -0.327355
1784010321.556240082 6.380917 2.867481 -0.181413 -0.125517 -0.049596 0.935901 -0.325383
1784010321.560483932 6.378627 2.866747 -0.181422 -0.125613 -0.049478 0.936398 -0.323933
1784010321.566232920 6.375510 2.865756 -0.181417 -0.125598 -0.049262 0.937079 -0.321995
1784010321.570492983 6.373181 2.865029 -0.181403 -0.125597 -0.049105 0.937581 -0.320557
1784010321.576144934 6.370095 2.864071 -0.181372 -0.125839 -0.048688 0.938189 -0.318740
1784010321.580543041 6.367712 2.863337 -0.181346 -0.126035 -0.048366 0.938659 -0.317325
1784010321.586239100 6.364621 2.862398 -0.181297 -0.126106 -0.047993 0.939287 -0.315489
1784010321.590666056 6.362193 2.861683 -0.181246 -0.126169 -0.047705 0.939772 -0.314060
1784010321.596057892 6.359226 2.860823 -0.181189 -0.126453 -0.047507 0.940331 -0.312299
1784010321.600313902 6.356884 2.860154 -0.181169 -0.126685 -0.047352 0.940769 -0.310907
1784010321.606321096 6.353580 2.859214 -0.181168 -0.126638 -0.046966 0.941432 -0.308970
1784010321.610724926 6.351154 2.858530 -0.181192 -0.126614 -0.046685 0.941914 -0.307550
1784010321.616406918 6.348022 2.857660 -0.181230 -0.126858 -0.046295 0.942511 -0.305674
1784010321.621306896 6.345323 2.856922 -0.181274 -0.126972 -0.046014 0.943034 -0.304053
1784010321.626065969 6.342701 2.856208 -0.181331 -0.126935 -0.045921 0.943559 -0.302448
1784010321.626119137 6.342672 2.856200 -0.181332 -0.126933 -0.045920 0.943565 -0.302430
1784010321.626119137 6.342672 2.856200 -0.181332 -0.126933 -0.045920 0.943565 -0.302430
1784010321.630491018 6.340269 2.855525 -0.181365 -0.126897 -0.045839 0.944045 -0.300957
1784010321.636274099 6.337101 2.854634 -0.181413 -0.126964 -0.045569 0.944638 -0.299102
1784010321.640765905 6.334657 2.853949 -0.181459 -0.127025 -0.045362 0.945096 -0.297659
1784010321.646224022 6.331698 2.853116 -0.181515 -0.126980 -0.045142 0.945652 -0.295941
1784010321.650876045 6.329175 2.852406 -0.181558 -0.126947 -0.044955 0.946122 -0.294476
1784010321.656255007 6.326256 2.851593 -0.181599 -0.127078 -0.044787 0.946637 -0.292785
1784010321.660590887 6.323898 2.850953 -0.181624 -0.127190 -0.044653 0.947049 -0.291422
1784010321.666347980 6.320773 2.850117 -0.181652 -0.127273 -0.044407 0.947597 -0.289635
1784010321.670435905 6.318562 2.849537 -0.181676 -0.127342 -0.044234 0.947983 -0.288366
1784010321.676229954 6.315432 2.848723 -0.181702 -0.127299 -0.043882 0.948546 -0.286582
1784010321.680488110 6.313126 2.848136 -0.181715 -0.127278 -0.043624 0.948956 -0.285270
1784010321.686254978 6.310004 2.847352 -0.181716 -0.127446 -0.043342 0.949489 -0.283461
1784010321.690479994 6.307720 2.846796 -0.181709 -0.127579 -0.043138 0.949875 -0.282134
1784010321.696075916 6.304703 2.846078 -0.181691 -0.127540 -0.042854 0.950412 -0.280382
1784010321.700248003 6.302460 2.845562 -0.181677 -0.127442 -0.042602 0.950819 -0.279083
1784010321.706252098 6.299237 2.844826 -0.181659 -0.127428 -0.042295 0.951383 -0.277206
1784010321.710824013 6.296781 2.844270 -0.181659 -0.127428 -0.042062 0.951809 -0.275775
1784010321.716274977 6.293849 2.843616 -0.181667 -0.127456 -0.041896 0.952315 -0.274036
1784010321.721093893 6.291248 2.843052 -0.181681 -0.127485 -0.041750 0.952759 -0.272498
1784010321.725875139 6.288660 2.842508 -0.181699 -0.127569 -0.041633 0.953193 -0.270953
1784010321.725875139 6.288660 2.842508 -0.181699 -0.127569 -0.041633 0.953193 -0.270953
1784010321.726011038 6.288586 2.842491 -0.181699 -0.127571 -0.041630 0.953206 -0.270909
1784010321.730626106 6.286094 2.841942 -0.181701 -0.127549 -0.041437 0.953639 -0.269419
1784010321.736259937 6.283038 2.841291 -0.181712 -0.127320 -0.041195 0.954201 -0.267570
1784010321.740638018 6.280643 2.840799 -0.181730 -0.127278 -0.041003 0.954622 -0.266112
1784010321.746221066 6.277587 2.840181 -0.181758 -0.127483 -0.040714 0.955120 -0.264266
1784010321.750741959 6.275121 2.839692 -0.181794 -0.127523 -0.040578 0.955534 -0.262765
1784010321.756230116 6.272115 2.839107 -0.181839 -0.127396 -0.040489 0.956060 -0.260921
1784010321.760530949 6.269745 2.838672 -0.181862 -0.127459 -0.040222 0.956447 -0.259510
1784010321.766392946 6.266529 2.838094 -0.181881 -0.127515 -0.039902 0.956973 -0.257584
1784010321.770520926 6.264277 2.837703 -0.181899 -0.127455 -0.039773 0.957354 -0.256215
1784010321.776257992 6.261164 2.837173 -0.181911 -0.127414 -0.039455 0.957868 -0.254356
1784010321.780426979 6.258909 2.836804 -0.181916 -0.127364 -0.039402 0.958245 -0.252968
1784010321.786251068 6.255731 2.836308 -0.181903 -0.127291 -0.039261 0.958780 -0.250990
1784010321.790468931 6.253406 2.835976 -0.181871 -0.127459 -0.038855 0.959135 -0.249609
1784010321.796412945 6.250153 2.835512 -0.181835 -0.127642 -0.038537 0.959633 -0.247643
1784010321.800273895 6.248058 2.835224 -0.181834 -0.127442 -0.038451 0.959998 -0.246341
1784010321.806094885 6.244877 2.834804 -0.181839 -0.127110 -0.038117 0.960554 -0.244390
1784010321.810337067 6.242530 2.834515 -0.181841 -0.127330 -0.037858 0.960896 -0.242968
1784010321.816217899 6.239274 2.834123 -0.181852 -0.127711 -0.037503 0.961356 -0.240993
1784010321.820419073 6.236955 2.833858 -0.181880 -0.127653 -0.037266 0.961728 -0.239572
1784010321.825776100 6.233992 2.833526 -0.181926 -0.127513 -0.037080 0.962207 -0.237747
1784010321.826120138 6.233801 2.833506 -0.181930 -0.127522 -0.037062 0.962235 -0.237631
1784010321.826120138 6.233801 2.833506 -0.181930 -0.127522 -0.037062 0.962235 -0.237631
1784010321.830544949 6.231353 2.833207 -0.181944 -0.127636 -0.036847 0.962593 -0.236149
1784010321.836245060 6.228174 2.832837 -0.181961 -0.127766 -0.036485 0.963058 -0.234229
1784010321.840631962 6.225702 2.832568 -0.181975 -0.127890 -0.036197 0.963415 -0.232737
1784010321.846057892 6.222648 2.832238 -0.181983 -0.128112 -0.035880 0.963836 -0.230912
1784010321.850338936 6.220253 2.831983 -0.182003 -0.128085 -0.035872 0.964191 -0.229440
1784010321.856200933 6.216952 2.831648 -0.182028 -0.127905 -0.035782 0.964702 -0.227399
1784010321.860728025 6.214372 2.831411 -0.182032 -0.128159 -0.035437 0.965040 -0.225870
1784010321.865941048 6.211407 2.831140 -0.182036 -0.128482 -0.035269 0.965423 -0.224071
1784010321.870369911 6.208907 2.830921 -0.182051 -0.128432 -0.035207 0.965790 -0.222520
1784010321.876216888 6.205626 2.830642 -0.182055 -0.128332 -0.034862 0.966273 -0.220528
1784010321.880491972 6.203234 2.830442 -0.182051 -0.128419 -0.034871 0.966598 -0.219047
1784010321.886378050 6.199918 2.830176 -0.182029 -0.128465 -0.034896 0.967058 -0.216973
1784010321.890250921 6.197723 2.830024 -0.181999 -0.128526 -0.034579 0.967356 -0.215658
1784010321.896209002 6.194360 2.829775 -0.181947 -0.128499 -0.034439 0.967817 -0.213617
1784010321.900595903 6.191882 2.829595 -0.181921 -0.128391 -0.034535 0.968167 -0.212076
1784010321.906239986 6.188674 2.829385 -0.181879 -0.128361 -0.034054 0.968599 -0.210191
1784010321.910279989 6.186373 2.829246 -0.181857 -0.128439 -0.033892 0.968891 -0.208820
1784010321.916224957 6.182978 2.829046 -0.181831 -0.128517 -0.033894 0.969327 -0.206734
1784010321.920599937 6.180469 2.828925 -0.181811 -0.128556 -0.033597 0.969652 -0.205232
1784010321.925755024 6.177521 2.828782 -0.181800 -0.128547 -0.033514 0.970033 -0.203440
1784010321.926298141 6.177212 2.828767 -0.181801 -0.128537 -0.033516 0.970075 -0.203247
1784010321.926298141 6.177212 2.828767 -0.181801 -0.128537 -0.033516 0.970075 -0.203247
1784010321.930634022 6.174744 2.828610 -0.181775 -0.128464 -0.033530 0.970411 -0.201682
1784010321.936208963 6.171557 2.828426 -0.181738 -0.128338 -0.033241 0.970846 -0.199705
1784010321.940941095 6.168834 2.828282 -0.181711 -0.128347 -0.033151 0.971197 -0.198000
1784010321.945997953 6.165917 2.828136 -0.181684 -0.128388 -0.033091 0.971564 -0.196176
1784010321.950392008 6.163384 2.828024 -0.181665 -0.128389 -0.032872 0.971879 -0.194648
1784010321.956077099 6.160125 2.827884 -0.181650 -0.128462 -0.032668 0.972267 -0.192684
1784010321.960366964 6.157681 2.827792 -0.181647 -0.128501 -0.032511 0.972556 -0.191219
1784010321.966289043 6.154291 2.827681 -0.181637 -0.128450 -0.032330 0.972970 -0.189169
1784010321.970333099 6.151948 2.827629 -0.181618 -0.128589 -0.032158 0.973231 -0.187758
1784010321.976149082 6.148552 2.827572 -0.181564 -0.128851 -0.031884 0.973597 -0.185711
1784010321.980350018 6.146092 2.827555 -0.181527 -0.128877 -0.031749 0.973881 -0.184222
1784010321.986200094 6.142668 2.827558 -0.181471 -0.128725 -0.031335 0.974302 -0.182162
1784010321.990536928 6.140124 2.827588 -0.181436 -0.128646 -0.031059 0.974610 -0.180610
1784010321.996200085 6.136753 2.827653 -0.181388 -0.128712 -0.030800 0.975000 -0.178493
1784010322.000633001 6.134078 2.827741 -0.181343 -0.128982 -0.030213 0.975280 -0.176858
1784010322.006259918 6.130687 2.827854 -0.181301 -0.129265 -0.029663 0.975638 -0.174761
1784010322.010297060 6.128263 2.827946 -0.181297 -0.129183 -0.029578 0.975931 -0.173193
1784010322.016314030 6.124619 2.828113 -0.181281 -0.128902 -0.029009 0.976390 -0.170895
1784010322.021219015 6.121611 2.828276 -0.181260 -0.128990 -0.028544 0.976719 -0.169018
1784010322.026120186 6.118599 2.828448 -0.181239 -0.129274 -0.028150 0.977016 -0.167138
1784010322.026120186 6.118599 2.828448 -0.181239 -0.129274 -0.028150 0.977016 -0.167138
1784010322.026276112 6.118503 2.828451 -0.181238 -0.129283 -0.028137 0.977026 -0.167079
1784010322.030627012 6.115849 2.828555 -0.181210 -0.129381 -0.027736 0.977306 -0.165422
1784010322.036237001 6.112436 2.828682 -0.181188 -0.129260 -0.027554 0.977694 -0.163239
1784010322.040585041 6.109769 2.828794 -0.181165 -0.129334 -0.027356 0.977969 -0.161559
1784010322.046257019 6.106268 2.828953 -0.181110 -0.129737 -0.026689 0.978282 -0.159435
1784010322.050726891 6.103531 2.829081 -0.181073 -0.129965 -0.026372 0.978533 -0.157754
1784010322.055948019 6.100368 2.829215 -0.181052 -0.129814 -0.026336 0.978872 -0.155768
1784010322.060250998 6.097756 2.829331 -0.181043 -0.129624 -0.026239 0.979155 -0.154155
1784010322.066220045 6.094094 2.829488 -0.181027 -0.129896 -0.026078 0.979473 -0.151923
1784010322.070604086 6.091397 2.829616 -0.181017 -0.130302 -0.025795 0.979673 -0.150323
1784010322.076358080 6.087884 2.829772 -0.181027 -0.130407 -0.025587 0.979984 -0.148228
1784010322.080389023 6.085430 2.829881 -0.181053 -0.130313 -0.025641 0.980217 -0.146753
1784010322.086204052 6.081885 2.830045 -0.181083 -0.130390 -0.025427 0.980519 -0.144689
1784010322.090466976 6.079290 2.830182 -0.181100 -0.130583 -0.025240 0.980717 -0.143193
1784010322.096220970 6.075794 2.830368 -0.181114 -0.130781 -0.025054 0.980990 -0.141162
1784010322.100415945 6.073253 2.830515 -0.181114 -0.130847 -0.024892 0.981194 -0.139706
1784010322.106178999 6.069788 2.830716 -0.181099 -0.130804 -0.024691 0.981483 -0.137735
1784010322.110347986 6.067299 2.830874 -0.181077 -0.130764 -0.024502 0.981688 -0.136342
1784010322.116202116 6.063802 2.831104 -0.181016 -0.130959 -0.024038 0.981938 -0.134426
1784010322.120158911 6.061439 2.831274 -0.180960 -0.131216 -0.023743 0.982085 -0.133148
1784010322.126208067 6.057851 2.831533 -0.180872 -0.131316 -0.023447 0.982344 -0.131171
1784010322.126247168 6.057827 2.831535 -0.180871 -0.131315 -0.023444 0.982346 -0.131158
1784010322.126247168 6.057827 2.831535 -0.180871 -0.131315 -0.023444 0.982346 -0.131158
1784010322.130455017 6.055350 2.831684 -0.180800 -0.131290 -0.023212 0.982537 -0.129789
1784010322.136243105 6.051950 2.831893 -0.180700 -0.131516 -0.022861 0.982759 -0.127931
1784010322.140423059 6.049505 2.832052 -0.180639 -0.131703 -0.022679 0.982911 -0.126592
1784010322.146203041 6.046146 2.832277 -0.180580 -0.131603 -0.022477 0.983166 -0.124743
1784010322.150316000 6.043760 2.832452 -0.180555 -0.131548 -0.022349 0.983342 -0.123428
1784010322.156203985 6.040345 2.832710 -0.180531 -0.131661 -0.022259 0.983563 -0.121544
1784010322.160731077 6.037722 2.832931 -0.180526 -0.131750 -0.022130 0.983730 -0.120113
1784010322.166070938 6.034642 2.833210 -0.180536 -0.131632 -0.021894 0.983954 -0.118444
1784010322.170442104 6.032135 2.833454 -0.180554 -0.131450 -0.021737 0.984143 -0.117091
1784010322.176217079 6.028823 2.833786 -0.180572 -0.131348 -0.021634 0.984374 -0.115270
1784010322.180288076 6.026475 2.834043 -0.180578 -0.131406 -0.021547 0.984523 -0.113943
1784010322.186171055 6.023082 2.834435 -0.180568 -0.131569 -0.021230 0.984726 -0.112040
1784010322.190622091 6.020536 2.834747 -0.180557 -0.131576 -0.021089 0.984893 -0.110581
1784010322.196279049 6.017313 2.835152 -0.180537 -0.131393 -0.021078 0.985128 -0.108692
1784010322.200313091 6.015006 2.835463 -0.180513 -0.131389 -0.021018 0.985281 -0.107318
1784010322.206185102 6.011637 2.835942 -0.180457 -0.131546 -0.020745 0.985482 -0.105307
1784010322.210387945 6.009224 2.836312 -0.180412 -0.131619 -0.020590 0.985632 -0.103838
1784010322.216217041 6.005882 2.836845 -0.180344 -0.131525 -0.020327 0.985865 -0.101776
1784010322.220355988 6.003510 2.837247 -0.180293 -0.131450 -0.020109 0.986030 -0.100312
1784010322.225971937 6.000291 2.837814 -0.180219 -0.131354 -0.019767 0.986250 -0.098319
1784010322.226059198 6.000241 2.837823 -0.180218 -0.131352 -0.019762 0.986253 -0.098288
1784010322.226059198 6.000241 2.837823 -0.180218 -0.131352 -0.019762 0.986253 -0.098288
1784010322.230374098 5.997766 2.838238 -0.180147 -0.131270 -0.019495 0.986427 -0.096699
1784010322.236248016 5.994372 2.838827 -0.180050 -0.131211 -0.019208 0.986655 -0.094479
1784010322.240612030 5.991837 2.839293 -0.179980 -0.131218 -0.018950 0.986817 -0.092817
1784010322.245939016 5.988741 2.839880 -0.179907 -0.131096 -0.018687 0.987030 -0.090754
1784010322.250408888 5.986140 2.840393 -0.179861 -0.130964 -0.018443 0.987211 -0.089009
1784010322.256258965 5.982730 2.841082 -0.179802 -0.130966 -0.018001 0.987422 -0.086722
1784010322.260641098 5.980170 2.841615 -0.179766 -0.131004 -0.017787 0.987572 -0.084983
1784010322.266055107 5.976993 2.842289 -0.179722 -0.130966 -0.017584 0.987768 -0.082783
1784010322.270360947 5.974450 2.842849 -0.179678 -0.130979 -0.017304 0.987916 -0.081043
1784010322.276177883 5.970999 2.843610 -0.179618 -0.131013 -0.017059 0.988106 -0.078680
1784010322.280474901 5.968446 2.844189 -0.179581 -0.130938 -0.016872 0.988257 -0.076928
1784010322.286094904 5.965100 2.844962 -0.179528 -0.130764 -0.016430 0.988462 -0.074656
1784010322.290417910 5.962515 2.845572 -0.179490 -0.130760 -0.016218 0.988598 -0.072888
1784010322.296240091 5.959016 2.846407 -0.179434 -0.130840 -0.015866 0.988767 -0.070494
1784010322.300609112 5.956379 2.847057 -0.179391 -0.130873 -0.015531 0.988893 -0.068717
1784010322.306206942 5.952990 2.847897 -0.179337 -0.130906 -0.015239 0.989050 -0.066414
1784010322.310250998 5.950539 2.848522 -0.179300 -0.130884 -0.014966 0.989166 -0.064774
1784010322.316080093 5.947005 2.849438 -0.179254 -0.130740 -0.014507 0.989344 -0.062417
1784010322.320333958 5.944419 2.850123 -0.179232 -0.130682 -0.014275 0.989463 -0.060669
1784010322.325865030 5.941040 2.851031 -0.179201 -0.130747 -0.013959 0.989597 -0.058379
1784010322.325896025 5.941021 2.851035 -0.179201 -0.130746 -0.013957 0.989598 -0.058366
1784010322.325896025 5.941021 2.851035 -0.179201 -0.130746 -0.013957 0.989598 -0.058366
1784010322.330344915 5.938295 2.851735 -0.179164 -0.130846 -0.013654 0.989694 -0.056564
1784010322.336208105 5.934693 2.852676 -0.179116 -0.130900 -0.013277 0.989825 -0.054170
1784010322.340421915 5.932100 2.853376 -0.179085 -0.130944 -0.012929 0.989917 -0.052456
1784010322.346160889 5.928565 2.854344 -0.179054 -0.131045 -0.012512 0.990030 -0.050118
1784010322.350374937 5.925970 2.855073 -0.179042 -0.131115 -0.012248 0.990110 -0.048378
1784010322.356154919 5.922403 2.856086 -0.179022 -0.131183 -0.011802 0.990220 -0.046010
1784010322.360352039 5.919803 2.856835 -0.179006 -0.131347 -0.011540 0.990279 -0.044295
1784010322.366255999 5.916142 2.857884 -0.178986 -0.131629 -0.011172 0.990349 -0.041931
1784010322.370438099 5.913561 2.858632 -0.178981 -0.131730 -0.010922 0.990406 -0.040290
1784010322.376214027 5.910017 2.859662 -0.178982 -0.131761 -0.010645 0.990495 -0.038026
1784010322.380335093 5.907493 2.860407 -0.178985 -0.131804 -0.010325 0.990552 -0.036442
1784010322.386215925 5.903885 2.861460 -0.178987 -0.132005 -0.009950 0.990609 -0.034207
1784010322.390409946 5.901314 2.862211 -0.178989 -0.132164 -0.009722 0.990643 -0.032639
1784010322.396190882 5.897789 2.863229 -0.178989 -0.132279 -0.009466 0.990697 -0.030523
1784010322.400492907 5.895184 2.863990 -0.178984 -0.132290 -0.009322 0.990744 -0.028966
1784010322.406148911 5.891776 2.864997 -0.178956 -0.132270 -0.008901 0.990806 -0.026984
1784010322.410984039 5.888873 2.865864 -0.178919 -0.132311 -0.008563 0.990849 -0.025294
1784010322.416328907 5.885670 2.866813 -0.178869 -0.132426 -0.008360 0.990881 -0.023399
1784010322.420243025 5.883333 2.867513 -0.178827 -0.132514 -0.008215 0.990902 -0.022034
1784010322.426156998 5.879829 2.868565 -0.178754 -0.132549 -0.007903 0.990943 -0.020006
1784010322.426156998 5.879829 2.868565 -0.178754 -0.132549 -0.007903 0.990943 -0.020006
1784010322.426217079 5.879794 2.868575 -0.178754 -0.132548 -0.007900 0.990944 -0.019985
1784010322.430434942 5.877317 2.869296 -0.178692 -0.132468 -0.007713 0.990984 -0.018542
1784010322.436184883 5.873956 2.870281 -0.178613 -0.132286 -0.007450 0.991045 -0.016581
1784010322.440574884 5.871395 2.871042 -0.178563 -0.132198 -0.007286 0.991082 -0.015060
1784010322.446166039 5.868141 2.872018 -0.178516 -0.132169 -0.007118 0.991115 -0.013114
1784010322.450612068 5.865562 2.872806 -0.178495 -0.132163 -0.006960 0.991136 -0.011567
1784010322.456391096 5.862226 2.873842 -0.178490 -0.132113 -0.006836 0.991165 -0.009557
1784010322.460242033 5.860013 2.874549 -0.178497 -0.132018 -0.006715 0.991190 -0.008225
1784010322.466181040 5.856609 2.875656 -0.178510 -0.131861 -0.006525 0.991228 -0.006168
1784010322.470594883 5.854076 2.876503 -0.178516 -0.131902 -0.006423 0.991231 -0.004623
1784010322.476206064 5.850865 2.877606 -0.178506 -0.132040 -0.006149 0.991222 -0.002688
1784010322.480396986 5.848481 2.878452 -0.178489 -0.132069 -0.005960 0.991222 -0.001244
1784010322.486191988 5.845203 2.879646 -0.178446 -0.132028 -0.005688 0.991229 0.000763
1784010322.490420103 5.842819 2.880546 -0.178397 -0.132034 -0.005377 0.991228 0.002236
1784010322.496006966 5.839673 2.881763 -0.178320 -0.132075 -0.005017 0.991218 0.004218
1784010322.500416040 5.837193 2.882751 -0.178255 -0.132051 -0.004769 0.991214 0.005829
1784010322.506181002 5.833955 2.884075 -0.178173 -0.131986 -0.004377 0.991210 0.007950
1784010322.510782957 5.831377 2.885161 -0.178116 -0.131942 -0.004055 0.991202 0.009669
1784010322.516196966 5.828353 2.886464 -0.178064 -0.131828 -0.003679 0.991196 0.011720
1784010322.520662069 5.825857 2.887567 -0.178035 -0.131746 -0.003318 0.991187 0.013423
1784010322.526166201 5.822773 2.888954 -0.178008 -0.131749 -0.002830 0.991157 0.015532
1784010322.526166201 5.822773 2.888954 -0.178008 -0.131749 -0.002830 0.991157 0.015532
1784010322.526223898 5.822740 2.888968 -0.178007 -0.131748 -0.002826 0.991157 0.015554
1784010322.530682087 5.820232 2.890073 -0.177982 -0.131789 -0.002494 0.991124 0.017300
1784010322.536187887 5.817134 2.891463 -0.177957 -0.131796 -0.002053 0.991084 0.019461
1784010322.540508986 5.814709 2.892572 -0.177941 -0.131808 -0.001729 0.991048 0.021169
1784010322.546154976 5.811547 2.894033 -0.177922 -0.131762 -0.001432 0.991004 0.023425
1784010322.550575972 5.809070 2.895200 -0.177904 -0.131697 -0.001186 0.990969 0.025195
1784010322.556252003 5.805877 2.896716 -0.177869 -0.131684 -0.000853 0.990910 0.027485
1784010322.560559034 5.803449 2.897879 -0.177841 -0.131746 -0.000711 0.990852 0.029249
1784010322.566315889 5.800204 2.899445 -0.177804 -0.131746 -0.000623 0.990778 0.031638
1784010322.570413113 5.797896 2.900582 -0.177780 -0.131700 -0.000463 0.990728 0.033357
1784010322.576236963 5.794610 2.902215 -0.177748 -0.131698 -0.000272 0.990642 0.035836
1784010322.580363035 5.792278 2.903392 -0.177734 -0.131750 -0.000097 0.990569 0.037604
1784010322.586185932 5.788975 2.905058 -0.177730 -0.131804 0.000048 0.990463 0.040123
1784010322.590351105 5.786604 2.906266 -0.177740 -0.131922 0.000079 0.990372 0.041945
1784010322.596162081 5.783301 2.907965 -0.177754 -0.132037 0.000335 0.990248 0.044439
1784010322.600347042 5.780935 2.909203 -0.177764 -0.132040 0.000547 0.990166 0.046216
1784010322.606173992 5.777643 2.910936 -0.177763 -0.131939 0.000874 0.990061 0.048683
1784010322.610465050 5.775207 2.912231 -0.177743 -0.131878 0.001072 0.989978 0.050507
1784010322.616164923 5.771945 2.913971 -0.177685 -0.131977 0.001456 0.989841 0.052868
1784010322.620354891 5.769550 2.915262 -0.177625 -0.132132 0.001873 0.989729 0.054542
1784010322.626055956 5.766320 2.917006 -0.177548 -0.132163 0.002213 0.989596 0.056815
1784010322.626151085 5.766267 2.917035 -0.177546 -0.132161 0.002216 0.989594 0.056853
1784010322.626151085 5.766267 2.917035 -0.177546 -0.132161 0.002216 0.989594 0.056853
1784010322.630517006 5.763784 2.918331 -0.177487 -0.132083 0.002351 0.989502 0.058604
1784010322.636162996 5.760553 2.920026 -0.177405 -0.132203 0.002703 0.989352 0.060812
1784010322.640578032 5.758023 2.921369 -0.177339 -0.132485 0.003047 0.989207 0.062515
1784010322.646162033 5.754836 2.923060 -0.177272 -0.132576 0.003338 0.989055 0.064671
1784010322.650806904 5.752185 2.924477 -0.177239 -0.132379 0.003342 0.988961 0.066485
1784010322.656197071 5.749082 2.926151 -0.177213 -0.132322 0.003540 0.988827 0.068559
1784010322.660427094 5.746650 2.927481 -0.177202 -0.132446 0.003959 0.988700 0.070112
1784010322.666182041 5.743358 2.929280 -0.177225 -0.132347 0.004087 0.988553 0.072321
1784010322.670254946 5.741021 2.930581 -0.177261 -0.132143 0.004106 0.988461 0.073931
1784010322.676177979 5.737580 2.932520 -0.177308 -0.132207 0.004670 0.988276 0.076221
1784010322.680552006 5.735050 2.933962 -0.177353 -0.132372 0.005012 0.988123 0.077886
1784010322.685987949 5.731947 2.935752 -0.177441 -0.132054 0.005042 0.987990 0.080071
1784010322.690462112 5.729389 2.937265 -0.177506 -0.131755 0.005242 0.987881 0.081876
1784010322.696319103 5.725997 2.939289 -0.177545 -0.131957 0.005669 0.987650 0.084272
1784010322.700223923 5.723746 2.940661 -0.177549 -0.132139 0.006011 0.987488 0.085849
1784010322.706235886 5.720320 2.942769 -0.177538 -0.131809 0.006553 0.987309 0.088338
1784010322.710175037 5.718083 2.944161 -0.177514 -0.131740 0.006701 0.987169 0.089986
1784010322.716062069 5.714716 2.946274 -0.177433 -0.131859 0.007021 0.986922 0.092465
1784010322.720240116 5.712331 2.947812 -0.177359 -0.131885 0.007478 0.986751 0.094199
1784010322.725790977 5.709175 2.949851 -0.177265 -0.131812 0.007985 0.986530 0.096539
1784010322.725790977 5.709175 2.949851 -0.177265 -0.131812 0.007985 0.986530 0.096539
1784010322.726200104 5.708939 2.949996 -0.177259 -0.131809 0.008024 0.986514 0.096711
1784010322.730886936 5.706232 2.951638 -0.177202 -0.132002 0.008336 0.986296 0.098622
1784010322.736223936 5.703158 2.953498 -0.177165 -0.132059 0.008607 0.986068 0.100782
1784010322.740320921 5.700812 2.954934 -0.177161 -0.131891 0.008732 0.985920 0.102425
1784010322.746184111 5.697443 2.957004 -0.177165 -0.131799 0.009087 0.985684 0.104757
1784010322.750593901 5.694907 2.958584 -0.177164 -0.132061 0.009502 0.985461 0.106473
1784010322.756328106 5.691621 2.960632 -0.177189 -0.132221 0.009734 0.985189 0.108742
1784010322.760601997 5.689206 2.962167 -0.177222 -0.131916 0.009823 0.985040 0.110447
1784010322.766149998 5.686074 2.964181 -0.177255 -0.131560 0.010052 0.984834 0.112666
1784010322.770221949 5.683775 2.965692 -0.177262 -0.131662 0.010378 0.984628 0.114306
1784010322.776140928 5.680431 2.967905 -0.177265 -0.131801 0.010860 0.984320 0.116725
1784010322.780409098 5.678045 2.969519 -0.177264 -0.131662 0.011138 0.984124 0.118495
1784010322.786226034 5.674805 2.971719 -0.177250 -0.131438 0.011410 0.983853 0.120941
1784010322.790369034 5.672503 2.973314 -0.177225 -0.131394 0.011573 0.983637 0.122720
1784010322.796176910 5.669249 2.975604 -0.177179 -0.131385 0.012070 0.983316 0.125224
1784010322.800398111 5.666877 2.977325 -0.177136 -0.131386 0.012433 0.983078 0.127044
1784010322.806159019 5.663641 2.979683 -0.177098 -0.131312 0.012871 0.982761 0.129507
1784010322.810141087 5.661431 2.981311 -0.177097 -0.131269 0.013176 0.982537 0.131208
1784010322.815923929 5.658219 2.983676 -0.177121 -0.131324 0.013631 0.982191 0.133676
1784010322.820334911 5.655767 2.985510 -0.177145 -0.131373 0.013980 0.981921 0.135559
1784010322.826148987 5.652535 2.987946 -0.177182 -0.131494 0.014435 0.981555 0.138027
1784010322.826148987 5.652535 2.987946 -0.177182 -0.131494 0.014435 0.981555 0.138027
1784010322.826597929 5.652284 2.988131 -0.177184 -0.131505 0.014470 0.981526 0.138218
1784010322.830476999 5.650122 2.989726 -0.177201 -0.131589 0.014767 0.981277 0.139864
1784010322.836199045 5.646941 2.992080 -0.177230 -0.131537 0.014942 0.980931 0.142300
1784010322.840769053 5.644411 2.993974 -0.177257 -0.131441 0.015053 0.980659 0.144236
1784010322.846077919 5.641462 2.996196 -0.177273 -0.131449 0.015388 0.980323 0.146461
1784010322.850234032 5.639146 2.997960 -0.177271 -0.131462 0.015654 0.980055 0.148203
1784010322.856179953 5.635839 3.000486 -0.177260 -0.131490 0.016036 0.979675 0.150634
1784010322.860304117 5.633573 3.002239 -0.177258 -0.131521 0.016306 0.979405 0.152320
1784010322.866142035 5.630378 3.004725 -0.177247 -0.131411 0.016626 0.979044 0.154684
1784010322.870450974 5.628033 3.006582 -0.177227 -0.131339 0.016867 0.978772 0.156429
1784010322.876096964 5.624967 3.009018 -0.177200 -0.131288 0.017134 0.978403 0.158740
1784010322.880295038 5.622701 3.010834 -0.177189 -0.131259 0.017336 0.978123 0.160457
1784010322.886181116 5.619534 3.013377 -0.177165 -0.131223 0.017753 0.977723 0.162860
1784010322.890453100 5.617255 3.015234 -0.177132 -0.131207 0.018059 0.977427 0.164603
1784010322.896004915 5.614301 3.017666 -0.177081 -0.130859 0.018084 0.977078 0.166936
1784010322.900394917 5.611975 3.019625 -0.177043 -0.130592 0.018106 0.976796 0.168780
1784010322.906091928 5.608959 3.022183 -0.177007 -0.130665 0.018361 0.976362 0.171190
1784010322.910557985 5.606601 3.024198 -0.176997 -0.130731 0.018563 0.976017 0.173078
1784010322.916198969 5.603623 3.026749 -0.177008 -0.130487 0.018785 0.975622 0.175448
1784010322.920382023 5.601419 3.028654 -0.177036 -0.130316 0.018953 0.975324 0.177204
1784010322.925846100 5.598539 3.031169 -0.177084 -0.130350 0.019123 0.974891 0.179527
1784010322.925846100 5.598539 3.031169 -0.177084 -0.130350 0.019123 0.974891 0.179527
1784010322.926033020 5.598440 3.031254 -0.177085 -0.130351 0.019129 0.974876 0.179607
1784010322.930742025 5.595942 3.033413 -0.177121 -0.130398 0.019288 0.974495 0.181617
1784010322.936170101 5.593070 3.035928 -0.177164 -0.130439 0.019899 0.974049 0.183896
1784010322.940392017 5.590845 3.037896 -0.177196 -0.130477 0.020376 0.973698 0.185666
1784010322.946146011 5.587823 3.040608 -0.177228 -0.130358 0.020741 0.973225 0.188177
1784010322.950459003 5.585570 3.042685 -0.177238 -0.130275 0.021016 0.972864 0.190057
1784010322.956247091 5.582558 3.045506 -0.177220 -0.130382 0.021705 0.972337 0.192586
1784010322.960396051 5.580415 3.047556 -0.177182 -0.130467 0.022201 0.971955 0.194395
1784010322.966223955 5.577408 3.050462 -0.177117 -0.130055 0.022472 0.971468 0.197055
1784010322.970423937 5.575246 3.052588 -0.177076 -0.129766 0.022668 0.971112 0.198969
1784010322.976157904 5.572269 3.055540 -0.177007 -0.129365 0.023071 0.970617 0.201580
1784010322.980385065 5.570056 3.057766 -0.176939 -0.129500 0.023651 0.970193 0.203461
1784010322.986284971 5.566984 3.060874 -0.176856 -0.129223 0.024091 0.969658 0.206119
1784010322.990372896 5.564885 3.063021 -0.176827 -0.129041 0.024397 0.969282 0.207958
1784010322.996191978 5.561883 3.066099 -0.176805 -0.129140 0.024982 0.968688 0.210576
1784010323.000300884 5.559736 3.068325 -0.176788 -0.129218 0.025397 0.968264 0.212422
1784010323.006114960 5.556690 3.071487 -0.176765 -0.129675 0.026392 0.967617 0.214953
1784010323.010622978 5.554350 3.073917 -0.176778 -0.129711 0.026681 0.967154 0.216971
1784010323.016232967 5.551430 3.076947 -0.176829 -0.129266 0.026482 0.966636 0.219553
1784010323.020421028 5.549226 3.079252 -0.176863 -0.129178 0.026769 0.966215 0.221416
1784010323.026045084 5.546259 3.082343 -0.176907 -0.129648 0.027275 0.965574 0.223863
1784010323.026045084 5.546259 3.082343 -0.176907 -0.129648 0.027275 0.965574 0.223863
1784010323.026143074 5.546207 3.082395 -0.176908 -0.129656 0.027284 0.965563 0.223906
1784010323.030483961 5.543912 3.084725 -0.176949 -0.129666 0.027424 0.965104 0.225851
1784010323.036113977 5.540922 3.087762 -0.176996 -0.129438 0.027605 0.964545 0.228334
1784010323.040347099 5.538664 3.090059 -0.177010 -0.129524 0.027821 0.964089 0.230180
1784010323.046108961 5.535623 3.093166 -0.177016 -0.129534 0.027984 0.963488 0.232654
1784010323.050230026 5.533471 3.095406 -0.177010 -0.129208 0.028293 0.963093 0.234427
1784010323.056181908 5.530348 3.098658 -0.176957 -0.129203 0.029116 0.962472 0.236870
1784010323.060247898 5.528214 3.100884 -0.176905 -0.129382 0.029480 0.962022 0.238546
1784010323.066139936 5.525146 3.104090 -0.176837 -0.129104 0.029917 0.961453 0.240926
1784010323.070281982 5.522995 3.106345 -0.176794 -0.128896 0.030293 0.961062 0.242546
1784010323.076179028 5.519902 3.109539 -0.176734 -0.129378 0.030855 0.960423 0.244737
1784010323.080456018 5.517657 3.111851 -0.176700 -0.129654 0.031182 0.959982 0.246277
1784010323.086286068 5.514616 3.114961 -0.176686 -0.129345 0.031531 0.959486 0.248321
1784010323.090341091 5.512500 3.117107 -0.176695 -0.129202 0.031486 0.959141 0.249728
1784010323.096133947 5.509454 3.120167 -0.176710 -0.129455 0.031579 0.958603 0.251643
1784010323.100294113 5.507266 3.122380 -0.176725 -0.129442 0.031799 0.958245 0.252981
1784010323.106185913 5.504178 3.125508 -0.176763 -0.128984 0.032070 0.957797 0.254872
1784010323.110191107 5.502078 3.127637 -0.176796 -0.128675 0.032351 0.957508 0.256074
1784010323.116187096 5.498890 3.130806 -0.176863 -0.128498 0.032717 0.957055 0.257804
1784010323.120532990 5.496554 3.133098 -0.176930 -0.128372 0.032935 0.956740 0.259007
1784010323.126125097 5.493526 3.136026 -0.177016 -0.128121 0.033331 0.956362 0.260474
1784010323.126125097 5.493526 3.136026 -0.177016 -0.128121 0.033331 0.956362 0.260474
1784010323.126135111 5.493520 3.136031 -0.177016 -0.128119 0.033331 0.956361 0.260478
1784010323.131043911 5.490772 3.138550 -0.177062 -0.128140 0.033676 0.956010 0.261707
1784010323.135421038 5.488300 3.140767 -0.177077 -0.128137 0.033844 0.955716 0.262757
1784010323.140336037 5.485496 3.143224 -0.177059 -0.127903 0.033821 0.955429 0.263919
1784010323.146146059 5.482139 3.146106 -0.176960 -0.127762 0.033942 0.955075 0.265248
1784010323.150434971 5.479645 3.148220 -0.176837 -0.127865 0.034244 0.954801 0.266144
1784010323.156150103 5.476292 3.150986 -0.176668 -0.127820 0.034433 0.954472 0.267319
1784010323.160190105 5.473905 3.152916 -0.176558 -0.127634 0.034368 0.954274 0.268124
1784010323.166059971 5.470388 3.155699 -0.176405 -0.127599 0.034460 0.953979 0.269175
1784010323.170296907 5.467830 3.157696 -0.176308 -0.127716 0.034564 0.953763 0.269871
1784010323.176141024 5.464256 3.160431 -0.176229 -0.127562 0.034455 0.953513 0.270839
1784010323.180514097 5.461543 3.162487 -0.176204 -0.127378 0.034337 0.953344 0.271533
1784010323.185962915 5.458126 3.165056 -0.176188 -0.127514 0.034467 0.953100 0.272308
1784010323.190329075 5.455392 3.167108 -0.176193 -0.127624 0.034646 0.952910 0.272899
1784010323.196183920 5.451722 3.169841 -0.176233 -0.127322 0.034673 0.952714 0.273722
1784010323.200424910 5.449050 3.171827 -0.176268 -0.127073 0.034703 0.952587 0.274273
1784010323.206094027 5.445440 3.174493 -0.176288 -0.127057 0.034972 0.952397 0.274907
1784010323.210233927 5.442800 3.176443 -0.176288 -0.127012 0.035220 0.952273 0.275325
1784010323.216226101 5.438969 3.179235 -0.176286 -0.126637 0.035407 0.952148 0.275905
1784010323.220418930 5.436281 3.181181 -0.176282 -0.126382 0.035403 0.952076 0.276269
1784010323.225963116 5.432698 3.183757 -0.176268 -0.126165 0.035575 0.951986 0.276657
1784010323.225963116 5.432698 3.183757 -0.176268 -0.126165 0.035575 0.951986 0.276657
1784010323.226011038 5.432665 3.183779 -0.176268 -0.126163 0.035576 0.951985 0.276660
1784010323.230622053 5.429607 3.185907 -0.176249 -0.126086 0.035867 0.951918 0.276889
1784010323.235438108 5.426395 3.188125 -0.176235 -0.126189 0.036174 0.951834 0.277092
1784010323.240219116 5.423194 3.190313 -0.176235 -0.126372 0.036338 0.951747 0.277285
1784010323.246172905 5.419195 3.193022 -0.176256 -0.126347 0.036368 0.951687 0.277499
1784010323.250436068 5.416327 3.194966 -0.176276 -0.126264 0.036445 0.951653 0.277643
1784010323.256166935 5.412438 3.197587 -0.176285 -0.126577 0.036716 0.951551 0.277814
1784010323.260332108 5.409603 3.199490 -0.176288 -0.126900 0.036820 0.951465 0.277947
1784010323.266171932 5.405630 3.202135 -0.176302 -0.126835 0.036691 0.951413 0.278172
1784010323.270382881 5.402771 3.204044 -0.176311 -0.126622 0.036580 0.951395 0.278344
1784010323.276161909 5.398823 3.206679 -0.176302 -0.126714 0.036661 0.951319 0.278553
1784010323.280489922 5.395867 3.208661 -0.176290 -0.126857 0.036782 0.951250 0.278706
1784010323.286329031 5.391880 3.211324 -0.176288 -0.126653 0.036735 0.951208 0.278950
1784010323.290348053 5.389139 3.213160 -0.176291 -0.126451 0.036663 0.951189 0.279115
1784010323.296144962 5.385161 3.215825 -0.176280 -0.126532 0.036748 0.951115 0.279319
1784010323.300326109 5.382293 3.217761 -0.176268 -0.126680 0.036912 0.951049 0.279455
1784010323.306101084 5.378339 3.220432 -0.176253 -0.126534 0.037077 0.951002 0.279660
1784010323.310498953 5.375336 3.222469 -0.176244 -0.126305 0.037112 0.950985 0.279815
1784010323.315869093 5.371652 3.224963 -0.176234 -0.126233 0.037091 0.950937 0.280015
1784010323.320506096 5.368470 3.227127 -0.176233 -0.126264 0.037098 0.950879 0.280196
1784010323.325831175 5.364822 3.229615 -0.176243 -0.126174 0.037091 0.950825 0.280422
1784010323.325831175 5.364822 3.229615 -0.176243 -0.126174 0.037091 0.950825 0.280422
1784010323.325989962 5.364711 3.229688 -0.176243 -0.126171 0.037090 0.950823 0.280429
1784010323.330389977 5.361646 3.231713 -0.176250 -0.125981 0.036981 0.950792 0.280633
1784010323.336141109 5.357624 3.234368 -0.176261 -0.125792 0.036835 0.950747 0.280891
1784010323.340226889 5.354767 3.236271 -0.176266 -0.125822 0.036875 0.950694 0.281052
1784010323.345942020 5.350771 3.238936 -0.176259 -0.125968 0.037103 0.950606 0.281252
1784010323.350485086 5.347606 3.241059 -0.176242 -0.125945 0.037232 0.950558 0.281408
1784010323.355962038 5.343784 3.243617 -0.176203 -0.125811 0.037228 0.950515 0.281614
1784010323.360483885 5.340634 3.245741 -0.176151 -0.125779 0.037278 0.950467 0.281784
1784010323.366189003 5.336669 3.248424 -0.176059 -0.125734 0.037510 0.950404 0.281987
1784010323.370433092 5.333733 3.250422 -0.175989 -0.125592 0.037513 0.950371 0.282160
1784010323.376167059 5.329752 3.253121 -0.175906 -0.125334 0.037316 0.950333 0.282430
1784010323.380274057 5.326902 3.255071 -0.175851 -0.125302 0.037338 0.950285 0.282600
1784010323.386142015 5.322832 3.257863 -0.175777 -0.125428 0.037661 0.950194 0.282809
1784010323.390434980 5.319870 3.259906 -0.175742 -0.125419 0.037852 0.950146 0.282949
1784010323.396269083 5.315840 3.262674 -0.175729 -0.125262 0.037922 0.950098 0.283171
1784010323.400352955 5.313021 3.264622 -0.175737 -0.125295 0.038015 0.950044 0.283323
1784010323.406120062 5.309033 3.267380 -0.175756 -0.125474 0.038339 0.949954 0.283504
1784010323.410438061 5.306052 3.269448 -0.175784 -0.125535 0.038456 0.949895 0.283658
1784010323.415872097 5.302279 3.272046 -0.175845 -0.125487 0.038249 0.949836 0.283903
1784010323.420592070 5.298995 3.274310 -0.175915 -0.125494 0.038078 0.949779 0.284116
1784010323.425929070 5.295287 3.276872 -0.176001 -0.125588 0.038100 0.949702 0.284327
1784010323.426191092 5.295106 3.276997 -0.176005 -0.125589 0.038099 0.949699 0.284337
1784010323.426191092 5.295106 3.276997 -0.176005 -0.125589 0.038099 0.949699 0.284337
1784010323.430301905 5.292195 3.278949 -0.176068 -0.125605 0.038077 0.949655 0.284480
1784010323.436189890 5.287977 3.281763 -0.176155 -0.125567 0.037864 0.949602 0.284704
1784010323.440534115 5.284832 3.283874 -0.176202 -0.125710 0.037952 0.949546 0.284813
1784010323.446141958 5.280771 3.286614 -0.176235 -0.126052 0.038378 0.949464 0.284881
1784010323.450253963 5.277824 3.288614 -0.176250 -0.126015 0.038608 0.949438 0.284952
1784010323.455899000 5.273775 3.291351 -0.176260 -0.125622 0.038591 0.949454 0.285074
1784010323.460289001 5.270612 3.293496 -0.176241 -0.125584 0.038604 0.949436 0.285149
1784010323.466185093 5.266350 3.296398 -0.176160 -0.126009 0.038940 0.949354 0.285187
1784010323.470664978 5.263120 3.298606 -0.176077 -0.126241 0.039101 0.949299 0.285248
1784010323.476145029 5.259177 3.301299 -0.175972 -0.126243 0.038977 0.949270 0.285361
1784010323.480227947 5.256256 3.303308 -0.175898 -0.126091 0.038876 0.949266 0.285455
1784010323.486080885 5.252065 3.306195 -0.175817 -0.125836 0.038727 0.949263 0.285595
1784010323.490422010 5.248948 3.308355 -0.175786 -0.125749 0.038666 0.949238 0.285725
1784010323.496125937 5.244815 3.311208 -0.175776 -0.125922 0.038634 0.949166 0.285894
1784010323.500302076 5.241784 3.313303 -0.175800 -0.126008 0.038509 0.949116 0.286038
1784010323.506118059 5.237560 3.316215 -0.175880 -0.125821 0.038256 0.949087 0.286251
1784010323.510441065 5.234427 3.318391 -0.175965 -0.125731 0.038175 0.949058 0.286398
1784010323.516170025 5.230274 3.321284 -0.176081 -0.125947 0.038327 0.948981 0.286538
1784010323.520337105 5.227277 3.323387 -0.176163 -0.125972 0.038488 0.948939 0.286645
1784010323.525669098 5.223461 3.326059 -0.176258 -0.125692 0.038533 0.948930 0.286790
1784010323.525669098 5.223461 3.326059 -0.176258 -0.125692 0.038533 0.948930 0.286790
1784010323.526185036 5.223086 3.326317 -0.176265 -0.125665 0.038537 0.948928 0.286807
1784010323.530484915 5.219951 3.328465 -0.176301 -0.125589 0.038556 0.948899 0.286935
1784010323.536042929 5.215901 3.331237 -0.176293 -0.125792 0.038728 0.948830 0.287049
1784010323.540910959 5.212381 3.333650 -0.176248 -0.125796 0.038785 0.948794 0.287161
1784010323.545907021 5.208794 3.336106 -0.176175 -0.125545 0.038630 0.948785 0.287322
1784010323.550407887 5.205571 3.338313 -0.176086 -0.125501 0.038369 0.948745 0.287507
1784010323.555893898 5.201647 3.341006 -0.175953 -0.125712 0.038243 0.948659 0.287716
1784010323.560393095 5.198454 3.343206 -0.175847 -0.125773 0.038226 0.948601 0.287880
1784010323.566157103 5.194382 3.346006 -0.175743 -0.125691 0.037969 0.948540 0.288154
1784010323.570467949 5.191350 3.348100 -0.175687 -0.125693 0.037827 0.948484 0.288355
1784010323.576133966 5.187367 3.350859 -0.175634 -0.125880 0.037849 0.948385 0.288596
1784010323.580601931 5.184249 3.353030 -0.175618 -0.126034 0.037946 0.948306 0.288774
1784010323.585962057 5.180535 3.355613 -0.175627 -0.125974 0.038040 0.948248 0.288978
1784010323.590274096 5.177566 3.357680 -0.175656 -0.125909 0.037899 0.948200 0.289184
1784010323.596070051 5.173584 3.360460 -0.175693 -0.125809 0.037814 0.948134 0.289456
1784010323.600292921 5.170710 3.362484 -0.175715 -0.125707 0.037932 0.948098 0.289602
1784010323.606151104 5.166741 3.365269 -0.175750 -0.125566 0.037947 0.948053 0.289807
1784010323.610671043 5.163704 3.367407 -0.175784 -0.125379 0.037909 0.948034 0.289956
1784010323.616070986 5.160090 3.369961 -0.175819 -0.125198 0.037959 0.948006 0.290121
1784010323.620636940 5.157057 3.372120 -0.175844 -0.125165 0.038166 0.947973 0.290214
1784010323.625834942 5.153612 3.374579 -0.175872 -0.125233 0.038419 0.947925 0.290308
1784010323.625915051 5.153558 3.374617 -0.175873 -0.125237 0.038420 0.947924 0.290310
1784010323.625915051 5.153558 3.374617 -0.175873 -0.125237 0.038420 0.947924 0.290310
1784010323.630453110 5.150491 3.376756 -0.175884 -0.125486 0.038495 0.947860 0.290400
1784010323.636126041 5.146692 3.379409 -0.175904 -0.125850 0.038542 0.947775 0.290515
1784010323.640151978 5.144057 3.381268 -0.175914 -0.125929 0.038739 0.947738 0.290574
1784010323.646155119 5.140181 3.384010 -0.175922 -0.125920 0.039002 0.947691 0.290698
1784010323.650816917 5.137180 3.386139 -0.175930 -0.126037 0.039035 0.947628 0.290847
1784010323.655802965 5.133950 3.388428 -0.175926 -0.126388 0.039072 0.947520 0.291042
1784010323.660444021 5.130970 3.390552 -0.175916 -0.126682 0.039335 0.947435 0.291156
1784010323.665863037 5.127555 3.392987 -0.175909 -0.126524 0.039686 0.947414 0.291246
1784010323.670536041 5.124642 3.395050 -0.175933 -0.126315 0.039531 0.947405 0.291386
1784010323.676130056 5.121151 3.397523 -0.175976 -0.126149 0.039216 0.947361 0.291643
1784010323.680425882 5.118481 3.399439 -0.176000 -0.126263 0.039366 0.947299 0.291774
1784010323.686103106 5.114969 3.401951 -0.176024 -0.126537 0.039647 0.947199 0.291942
1784010323.690443993 5.112310 3.403847 -0.176052 -0.126525 0.039693 0.947165 0.292051
1784010323.696254969 5.108754 3.406367 -0.176094 -0.126261 0.039486 0.947149 0.292245
1784010323.700315952 5.106283 3.408131 -0.176119 -0.126177 0.039431 0.947124 0.292371
1784010323.706141949 5.102756 3.410664 -0.176125 -0.126105 0.039796 0.947086 0.292476
1784010323.710247040 5.100286 3.412444 -0.176126 -0.126165 0.039956 0.947042 0.292570
1784010323.716237068 5.096669 3.415021 -0.176136 -0.126247 0.039817 0.946981 0.292752
1784010323.720529079 5.094092 3.416860 -0.176158 -0.126183 0.039585 0.946956 0.292892
1784010323.725768089 5.090963 3.419116 -0.176189 -0.126083 0.039556 0.946929 0.293026
1784010323.725768089 5.090963 3.419116 -0.176189 -0.126083 0.039556 0.946929 0.293026
1784010323.725924015 5.090868 3.419182 -0.176189 -0.126080 0.039553 0.946928 0.293030
1784010323.730367899 5.088166 3.421087 -0.176194 -0.126167 0.039813 0.946887 0.293089
1784010323.736103058 5.084664 3.423529 -0.176209 -0.126526 0.039882 0.946804 0.293195
1784010323.740389109 5.082053 3.425339 -0.176228 -0.126660 0.039695 0.946764 0.293290
1784010323.746037960 5.078608 3.427727 -0.176230 -0.126554 0.039484 0.946756 0.293390
1784010323.750422001 5.075919 3.429612 -0.176197 -0.126556 0.039486 0.946741 0.293438
1784010323.756098986 5.072384 3.432100 -0.176114 -0.126596 0.039608 0.946719 0.293477
1784010323.760425091 5.069665 3.434024 -0.176049 -0.126513 0.039603 0.946715 0.293523
1784010323.766153097 5.066052 3.436569 -0.175979 -0.126344 0.039442 0.946708 0.293641
1784010323.770071030 5.063588 3.438314 -0.175939 -0.126240 0.039344 0.946698 0.293734
1784010323.776089907 5.059729 3.441041 -0.175898 -0.126037 0.039071 0.946682 0.293906
1784010323.780424118 5.056896 3.443063 -0.175877 -0.126165 0.039076 0.946643 0.293977
1784010323.786166906 5.053120 3.445759 -0.175847 -0.126603 0.039393 0.946543 0.294069
1784010323.790388107 5.050372 3.447726 -0.175841 -0.126590 0.039347 0.946509 0.294190
1784010323.796123981 5.046599 3.450424 -0.175850 -0.125959 0.039017 0.946552 0.294365
1784010323.800256014 5.043825 3.452424 -0.175852 -0.126010 0.039078 0.946518 0.294446
1784010323.806276083 5.039750 3.455347 -0.175840 -0.126936 0.039509 0.946355 0.294515
1784010323.810163021 5.037146 3.457218 -0.175850 -0.126919 0.039385 0.946327 0.294628
1784010323.816113949 5.033102 3.460116 -0.175890 -0.126174 0.038866 0.946384 0.294835
1784010323.820107937 5.030336 3.462114 -0.175913 -0.126312 0.038748 0.946335 0.294946
1784010323.826122999 5.026173 3.465130 -0.175960 -0.127042 0.039037 0.946215 0.294981
1784010323.826122999 5.026173 3.465130 -0.175960 -0.127042 0.039037 0.946215 0.294981
1784010323.826148033 5.026155 3.465142 -0.175960 -0.127045 0.039037 0.946214 0.294981
1784010323.830470085 5.023160 3.467270 -0.176030 -0.127049 0.039090 0.946185 0.295068
1784010323.836179972 5.019195 3.470059 -0.176171 -0.126964 0.038628 0.946165 0.295230
1784010323.840675116 5.016061 3.472271 -0.176273 -0.127382 0.038458 0.946088 0.295319
1784010323.846132994 5.012274 3.474972 -0.176370 -0.127831 0.038746 0.946004 0.295355
1784010323.850523949 5.009256 3.477141 -0.176436 -0.127692 0.038833 0.946004 0.295403
1784010323.856142998 5.005385 3.479922 -0.176459 -0.127745 0.039157 0.945984 0.295402
1784010323.860439062 5.002430 3.482051 -0.176425 -0.128128 0.039420 0.945935 0.295357
1784010323.865802050 4.998775 3.484686 -0.176368 -0.128006 0.039391 0.945951 0.295365
1784010323.870204926 4.995803 3.486845 -0.176312 -0.127554 0.039267 0.945998 0.295425
1784010323.876099110 4.991806 3.489754 -0.176194 -0.127762 0.039443 0.945962 0.295428
1784010323.880408049 4.988884 3.491886 -0.176099 -0.128200 0.039587 0.945898 0.295423
1784010323.886262894 4.984948 3.494749 -0.176024 -0.127965 0.039309 0.945914 0.295511
1784010323.890335083 4.982234 3.496733 -0.176007 -0.127544 0.039010 0.945950 0.295615
1784010323.896260023 4.978264 3.499638 -0.175992 -0.127704 0.038945 0.945906 0.295699
1784010323.900335073 4.975537 3.501646 -0.175994 -0.128030 0.039106 0.945846 0.295726
1784010323.906092882 4.971699 3.504447 -0.176044 -0.128013 0.038954 0.945821 0.295834
1784010323.910284996 4.968920 3.506468 -0.176105 -0.127870 0.038659 0.945820 0.295938
1784010323.916136026 4.965037 3.509298 -0.176170 -0.128076 0.038545 0.945767 0.296033
1784010323.920164108 4.962375 3.511256 -0.176205 -0.128235 0.038626 0.945725 0.296087
1784010323.925758123 4.958695 3.513959 -0.176246 -0.128168 0.038580 0.945704 0.296189
1784010323.925758123 4.958695 3.513959 -0.176246 -0.128168 0.038580 0.945704 0.296189
1784010323.926089048 4.958475 3.514118 -0.176247 -0.128165 0.038578 0.945703 0.296194
1784010323.930521965 4.955531 3.516246 -0.176246 -0.128030 0.038503 0.945711 0.296238
1784010323.936156988 4.951804 3.518944 -0.176214 -0.127914 0.038502 0.945716 0.296270
1784010323.940207958 4.949142 3.520881 -0.176179 -0.127812 0.038569 0.945720 0.296294
1784010323.945957899 4.945367 3.523632 -0.176110 -0.127755 0.038728 0.945716 0.296310
1784010323.950223923 4.942575 3.525671 -0.176049 -0.127831 0.038824 0.945697 0.296325
1784010323.955925941 4.938854 3.528386 -0.175973 -0.127854 0.038809 0.945680 0.296372
1784010323.960578918 4.935839 3.530595 -0.175920 -0.127748 0.038821 0.945677 0.296425
1784010323.966125011 4.932253 3.533219 -0.175859 -0.127817 0.038797 0.945643 0.296509
1784010323.970263004 4.929587 3.535169 -0.175815 -0.127963 0.038684 0.945601 0.296595
1784010323.976078033 4.925859 3.537895 -0.175752 -0.127950 0.038470 0.945568 0.296733
1784010323.980171919 4.923254 3.539809 -0.175705 -0.127892 0.038348 0.945543 0.296854
1784010323.986120939 4.919471 3.542587 -0.175623 -0.127985 0.038267 0.945484 0.297012
1784010323.990386963 4.916773 3.544575 -0.175562 -0.127989 0.038267 0.945449 0.297120
1784010323.996092081 4.913177 3.547222 -0.175489 -0.127806 0.038164 0.945429 0.297275
1784010324.000289917 4.910546 3.549164 -0.175444 -0.127690 0.038132 0.945412 0.297383
1784010324.006081104 4.906915 3.551844 -0.175389 -0.127720 0.038196 0.945367 0.297507
1784010324.010582924 4.904106 3.553924 -0.175358 -0.127717 0.038217 0.945337 0.297601
1784010324.016099930 4.900682 3.556465 -0.175331 -0.127517 0.038195 0.945333 0.297703
1784010324.020076036 4.898233 3.558293 -0.175318 -0.127372 0.038183 0.945328 0.297780
1784010324.025753021 4.894742 3.560902 -0.175302 -0.127374 0.038328 0.945300 0.297849
1784010324.025753021 4.894742 3.560902 -0.175302 -0.127374 0.038328 0.945300 0.297849
1784010324.026071072 4.894543 3.561047 -0.175301 -0.127374 0.038334 0.945298 0.297855
1784010324.030379057 4.891861 3.563007 -0.175276 -0.127355 0.038452 0.945276 0.297918
1784010324.036169052 4.888267 3.565637 -0.175244 -0.127246 0.038613 0.945262 0.297988
1784010324.041716099 4.884838 3.568158 -0.175215 -0.127210 0.038750 0.945238 0.298063
1784010324.046192884 4.882083 3.570196 -0.175196 -0.127257 0.038847 0.945208 0.298125
1784010324.050539970 4.879419 3.572175 -0.175185 -0.127260 0.038889 0.945182 0.298201
1784010324.056112051 4.876011 3.574703 -0.175175 -0.127224 0.038866 0.945151 0.298318
1784010324.060308933 4.873457 3.576609 -0.175171 -0.127198 0.038860 0.945127 0.298405
1784010324.066112041 4.869923 3.579238 -0.175170 -0.127301 0.038916 0.945078 0.298508
1784010324.070550919 4.867225 3.581248 -0.175177 -0.127425 0.038958 0.945033 0.298592
1784010324.076143026 4.863833 3.583773 -0.175185 -0.127536 0.038998 0.944982 0.298700
1784010324.080588102 4.861152 3.585779 -0.175188 -0.127545 0.039061 0.944951 0.298789
1784010324.086113930 4.857825 3.588265 -0.175184 -0.127515 0.039109 0.944916 0.298904
1784010324.090230942 4.855351 3.590116 -0.175177 -0.127493 0.039155 0.944890 0.298989
1784010324.096093893 4.851825 3.592741 -0.175156 -0.127531 0.039023 0.944844 0.299138
1784010324.100393057 4.849247 3.594662 -0.175131 -0.127559 0.038938 0.944809 0.299246
1784010324.105954885 4.845907 3.597146 -0.175087 -0.127348 0.038788 0.944796 0.299396
1784010324.110204935 4.843356 3.599052 -0.175047 -0.127188 0.038682 0.944786 0.299511
1784010324.116169930 4.839771 3.601721 -0.174990 -0.127143 0.038582 0.944742 0.299682
1784010324.120409012 4.837233 3.603617 -0.174956 -0.127111 0.038523 0.944710 0.299802
1784010324.126055002 4.833846 3.606142 -0.174922 -0.126873 0.038378 0.944700 0.299955
1784010324.126055002 4.833846 3.606142 -0.174922 -0.126873 0.038378 0.944700 0.299955
1784010324.126094103 4.833821 3.606159 -0.174922 -0.126870 0.038378 0.944700 0.299955
1784010324.130297899 4.831248 3.608016 -0.174904 -0.126680 0.038348 0.944703 0.300029
1784010324.136102915 4.827698 3.610572 -0.174904 -0.126716 0.038451 0.944663 0.300128
1784010324.140435934 4.825067 3.612474 -0.174926 -0.126746 0.038524 0.944630 0.300210
1784010324.146038055 4.821669 3.614927 -0.174965 -0.126692 0.038473 0.944608 0.300306
1784010324.150394917 4.819027 3.616842 -0.174990 -0.126654 0.038429 0.944590 0.300387
1784010324.155941963 4.815660 3.619277 -0.175016 -0.126782 0.038444 0.944548 0.300462
1784010324.160203934 4.813080 3.621148 -0.175033 -0.126884 0.038452 0.944514 0.300526
1784010324.166234016 4.809439 3.623784 -0.175039 -0.126826 0.038511 0.944495 0.300602
1784010324.170387030 4.806953 3.625599 -0.175026 -0.126790 0.038546 0.944479 0.300663
1784010324.175879955 4.803672 3.627988 -0.174999 -0.126574 0.038493 0.944478 0.300762
1784010324.180243015 4.801071 3.629882 -0.174979 -0.126406 0.038448 0.944476 0.300846
1784010324.186094046 4.797593 3.632410 -0.174947 -0.126435 0.038420 0.944438 0.300956
1784010324.190315962 4.795104 3.634234 -0.174918 -0.126459 0.038396 0.944408 0.301044
1784010324.196113110 4.791677 3.636743 -0.174871 -0.126154 0.038227 0.944418 0.301161
1784010324.200196981 4.789252 3.638528 -0.174834 -0.125943 0.038104 0.944423 0.301251
1784010324.206094027 4.785757 3.641094 -0.174787 -0.126077 0.038178 0.944371 0.301347
1784010324.210367918 4.783255 3.642938 -0.174764 -0.126178 0.038227 0.944331 0.301425
1784010324.216038942 4.779937 3.645376 -0.174735 -0.125978 0.038201 0.944329 0.301519
1784010324.220276117 4.777451 3.647208 -0.174708 -0.125831 0.038177 0.944325 0.301596
1784010324.226042986 4.774066 3.649695 -0.174679 -0.125872 0.038252 0.944290 0.301678
1784010324.226088047 4.774040 3.649714 -0.174679 -0.125872 0.038253 0.944290 0.301677
1784010324.226088047 4.774040 3.649714 -0.174679 -0.125872 0.038253 0.944290 0.301677
1784010324.230411053 4.771464 3.651568 -0.174657 -0.125894 0.038277 0.944244 0.301808
1784010324.236135960 4.768050 3.654023 -0.174642 -0.125731 0.038093 0.944207 0.302018
1784010324.240437984 4.765484 3.655872 -0.174644 -0.125613 0.037956 0.944179 0.302169
1784010324.246157885 4.762066 3.658331 -0.174669 -0.125541 0.037806 0.944123 0.302393
1784010324.250196934 4.759662 3.660068 -0.174710 -0.125496 0.037701 0.944085 0.302544
1784010324.256071091 4.756152 3.662599 -0.174785 -0.125695 0.037627 0.943999 0.302739
1784010324.260437012 4.753540 3.664488 -0.174846 -0.125848 0.037574 0.943936 0.302878
1784010324.265780926 4.750339 3.666803 -0.174929 -0.126004 0.037521 0.943863 0.303048
1784010324.270207882 4.747700 3.668723 -0.175009 -0.126019 0.037491 0.943819 0.303182
1784010324.276048899 4.744219 3.671263 -0.175101 -0.126099 0.037603 0.943752 0.303345
1784010324.280424118 4.741618 3.673171 -0.175154 -0.126213 0.037711 0.943699 0.303446
1784010324.286070108 4.738260 3.675632 -0.175200 -0.126180 0.037758 0.943658 0.303582
1784010324.290452003 4.735662 3.677547 -0.175216 -0.126103 0.037782 0.943636 0.303679
1784010324.295933962 4.732399 3.679964 -0.175200 -0.126149 0.037936 0.943590 0.303785
1784010324.300303936 4.729801 3.681908 -0.175168 -0.126177 0.038142 0.943557 0.303850
1784010324.306133986 4.726341 3.684499 -0.175124 -0.126010 0.038307 0.943540 0.303951
1784010324.310472965 4.723775 3.686426 -0.175102 -0.125852 0.038272 0.943530 0.304052
1784010324.316217899 4.720350 3.688999 -0.175083 -0.125795 0.038233 0.943490 0.304203
1784010324.320177078 4.717981 3.690793 -0.175081 -0.125844 0.038281 0.943451 0.304300
1784010324.325991154 4.714502 3.693425 -0.175101 -0.125847 0.038339 0.943395 0.304463
1784010324.325991154 4.714502 3.693425 -0.175101 -0.125847 0.038339 0.943395 0.304463
1784010324.326066017 4.714456 3.693459 -0.175101 -0.125847 0.038339 0.943395 0.304465
1784010324.330430031 4.711797 3.695429 -0.175115 -0.125650 0.038208 0.943384 0.304597
1784010324.336134911 4.708279 3.698019 -0.175145 -0.125305 0.037810 0.943373 0.304821
1784010324.340554953 4.705518 3.700057 -0.175170 -0.125303 0.037680 0.943337 0.304950
1784010324.346079111 4.702054 3.702617 -0.175193 -0.125585 0.037887 0.943252 0.305071
1784010324.350543022 4.699273 3.704667 -0.175222 -0.125613 0.037882 0.943206 0.305204
1784010324.356095076 4.695801 3.707205 -0.175273 -0.125299 0.037489 0.943201 0.305396
1784010324.360330105 4.693136 3.709159 -0.175306 -0.125239 0.037331 0.943177 0.305514
1784010324.366247892 4.689395 3.711914 -0.175320 -0.125605 0.037566 0.943090 0.305602
1784010324.370271921 4.686868 3.713784 -0.175322 -0.125696 0.037702 0.943054 0.305662
1784010324.375840902 4.683371 3.716361 -0.175318 -0.125378 0.037536 0.943067 0.305772
1784010324.380286932 4.680580 3.718424 -0.175305 -0.125115 0.037387 0.943081 0.305853
1784010324.386101007 4.676921 3.721148 -0.175265 -0.125114 0.037496 0.943062 0.305900
1784010324.390168905 4.674373 3.723067 -0.175233 -0.125103 0.037727 0.943040 0.305945
1784010324.396070957 4.670665 3.725858 -0.175189 -0.125034 0.037989 0.943017 0.306012
1784010324.400285006 4.668019 3.727851 -0.175171 -0.124999 0.037967 0.942993 0.306100
1784010324.406078100 4.664383 3.730599 -0.175163 -0.124916 0.037901 0.942959 0.306247
1784010324.410326004 4.661729 3.732623 -0.175166 -0.124829 0.037975 0.942928 0.306371
1784010324.416026115 4.658148 3.735350 -0.175160 -0.124927 0.038119 0.942857 0.306530
1784010324.420399904 4.655396 3.737438 -0.175151 -0.125026 0.037998 0.942794 0.306698
1784010324.425671101 4.652084 3.739942 -0.175133 -0.124913 0.037673 0.942743 0.306942
1784010324.426014185 4.651869 3.740105 -0.175131 -0.124902 0.037661 0.942740 0.306958
1784010324.426014185 4.651869 3.740105 -0.175131 -0.124902 0.037661 0.942740 0.306958
1784010324.430438042 4.649044 3.742213 -0.175085 -0.124772 0.037521 0.942705 0.307135
1784010324.436100006 4.645415 3.744922 -0.174995 -0.124801 0.037612 0.942648 0.307286
1784010324.440489054 4.642598 3.747024 -0.174919 -0.124779 0.037639 0.942612 0.307403
1784010324.446083069 4.639004 3.749691 -0.174840 -0.124542 0.037525 0.942596 0.307562
1784010324.450881958 4.635925 3.751977 -0.174786 -0.124463 0.037471 0.942569 0.307683
1784010324.455588102 4.632907 3.754230 -0.174738 -0.124553 0.037659 0.942530 0.307744
1784010324.460522890 4.629743 3.756600 -0.174703 -0.124495 0.037850 0.942513 0.307795
1784010324.465806961 4.626350 3.759139 -0.174688 -0.124301 0.037897 0.942512 0.307869
1784010324.470586061 4.623286 3.761441 -0.174684 -0.124313 0.037995 0.942490 0.307922
1784010324.476305962 4.619638 3.764200 -0.174687 -0.124470 0.038244 0.942444 0.307968
1784010324.480230093 4.617161 3.766094 -0.174699 -0.124366 0.038394 0.942433 0.308025
1784010324.486054897 4.613486 3.768906 -0.174727 -0.124151 0.038487 0.942420 0.308140
1784010324.490252018 4.610844 3.770935 -0.174747 -0.124229 0.038545 0.942376 0.308235
1784010324.496054888 4.607204 3.773740 -0.174767 -0.124355 0.038782 0.942318 0.308333
1784010324.500441074 4.604470 3.775856 -0.174784 -0.124213 0.038856 0.942303 0.308425
1784010324.505904913 4.601048 3.778493 -0.174810 -0.124101 0.038780 0.942282 0.308546
1784010324.510293007 4.598296 3.780618 -0.174832 -0.124301 0.038853 0.942230 0.308615
1784010324.516149998 4.594638 3.783452 -0.174863 -0.124595 0.039147 0.942155 0.308686
1784010324.520473957 4.591957 3.785535 -0.174892 -0.124622 0.039320 0.942125 0.308747
1784010324.525763035 4.588665 3.788079 -0.174924 -0.124626 0.039352 0.942096 0.308829
