1784010275.528866053 0.000152 -0.024837 0.047622 -0.006532 0.134514 0.000030 0.990890
1784010275.628638029 0.001369 -0.024580 0.048426 -0.006221 0.134731 0.000008 0.990863
1784010275.728852987 0.002141 -0.024520 0.048654 -0.005876 0.135188 -0.000313 0.990802
1784010275.828629017 0.002501 -0.024547 0.048511 -0.006124 0.135101 -0.000296 0.990813
1784010275.928783178 0.002497 -0.024618 0.048443 -0.006587 0.134624 0.000150 0.990875
1784010276.028779030 0.002248 -0.024645 0.048958 -0.006146 0.135084 0.000237 0.990815
1784010276.128978968 0.001735 -0.024748 0.048955 -0.006062 0.135351 0.000034 0.990779
1784010276.228931189 0.001044 -0.024846 0.048444 -0.006719 0.134919 0.000245 0.990834
1784010276.328714132 0.000294 -0.024818 0.048646 -0.006229 0.134869 0.000139 0.990844
1784010276.428992033 -0.000499 -0.024741 0.048805 -0.005983 0.135093 -0.000116 0.990815
1784010276.528704166 -0.001342 -0.024595 0.048507 -0.006170 0.134997 -0.000022 0.990827
1784010276.628806114 -0.002216 -0.024530 0.048258 -0.006410 0.134530 -0.000069 0.990889
1784010276.728909969 -0.003024 -0.024533 0.048642 -0.006114 0.134855 -0.000149 0.990846
1784010276.828636169 -0.003812 -0.024601 0.048548 -0.006003 0.135027 -0.000341 0.990824
1784010276.928515196 -0.004513 -0.024676 0.048058 -0.006600 0.134495 0.000012 0.990892
1784010277.028612137 -0.005013 -0.024575 0.048264 -0.006159 0.134665 -0.000283 0.990872
1784010277.128470182 -0.005280 -0.024447 0.048414 -0.006034 0.134928 -0.000386 0.990837
1784010277.228764057 -0.005366 -0.024408 0.048164 -0.006251 0.134814 -0.000270 0.990851
1784010277.328617096 -0.005285 -0.024397 0.048116 -0.006495 0.134531 -0.000057 0.990888
1784010277.428769112 -0.005057 -0.024351 0.048444 -0.006119 0.134819 -0.000208 0.990851
1784010277.528820992 -0.004766 -0.024398 0.048262 -0.006055 0.134845 -0.000337 0.990848
1784010277.628869057 -0.004410 -0.024411 0.048079 -0.006642 0.134511 -0.000122 0.990890
1784010277.728702068 -0.000644 -0.024390 0.048408 -0.006218 0.135014 -0.000340 0.990824
1784010277.828708172 0.003849 -0.024290 0.048443 -0.006422 0.134804 -0.000574 0.990851
1784010277.928712130 0.004913 -0.024125 0.048169 -0.006771 0.133960 -0.000267 0.990964
1784010278.028623104 0.015435 -0.023790 0.048155 -0.006637 0.134349 -0.000527 0.990912
1784010278.128646135 0.027635 -0.023622 0.048224 -0.006751 0.133296 -0.000894 0.991053
1784010278.228777170 0.043874 -0.023976 0.049410 -0.007628 0.132172 -0.000572 0.991197
1784010278.328560114 0.071211 -0.025796 0.052435 -0.005739 0.134174 -0.001129 0.990940
1784010278.428748131 0.108328 -0.024946 0.050140 -0.005986 0.132831 -0.001583 0.991119
1784010278.528503180 0.150237 -0.024519 0.048239 -0.006625 0.132436 -0.003127 0.991165
1784010278.628733158 0.196541 -0.024238 0.047360 -0.006914 0.133555 -0.002866 0.991013
1784010278.728666067 0.241395 -0.024013 0.046894 -0.006790 0.132541 -0.002468 0.991151
1784010278.828592062 0.284142 -0.023931 0.046687 -0.006423 0.132090 -0.002346 0.991214
1784010278.928632975 0.323676 -0.023613 0.046725 -0.006707 0.133182 -0.003042 0.991064
1784010279.028795004 0.349391 -0.023503 0.047019 -0.006420 0.132703 -0.002932 0.991131
1784010279.128479004 0.368455 -0.023477 0.047325 -0.006350 0.131876 -0.003384 0.991240
1784010279.228711128 0.393288 -0.023876 0.048117 -0.006239 0.132336 -0.003785 0.991178
1784010279.328716993 0.421483 -0.024550 0.048530 -0.005597 0.132429 -0.004514 0.991166
1784010279.428533077 0.454913 -0.025431 0.049228 -0.006984 0.132631 -0.004740 0.991129
1784010279.528510094 0.486012 -0.027067 0.050347 -0.007906 0.132190 -0.004819 0.991181
1784010279.628655195 0.512122 -0.027338 0.046536 -0.007313 0.131927 -0.004666 0.991221
1784010279.728701115 0.537004 -0.027019 0.045979 -0.006738 0.132445 -0.005071 0.991154
1784010279.828546047 0.560720 -0.026962 0.046606 -0.006763 0.131848 -0.005898 0.991229
1784010279.928807974 0.584819 -0.027348 0.047311 -0.006700 0.132646 -0.006397 0.991120
1784010280.028542995 0.599939 -0.028091 0.047584 -0.005940 0.132751 -0.007177 0.991106
1784010280.128379107 0.608479 -0.028621 0.047994 -0.005453 0.132350 -0.007537 0.991159
1784010280.228754044 0.617078 -0.029082 0.048427 -0.005030 0.131548 -0.008853 0.991258
1784010280.328311205 0.629332 -0.029543 0.047989 -0.005466 0.132476 -0.010110 0.991120
1784010280.428630114 0.647790 -0.030001 0.047868 -0.005469 0.132191 -0.010338 0.991155
1784010280.528704166 0.671337 -0.030863 0.048121 -0.005948 0.130717 -0.010420 0.991347
1784010280.628710032 0.700771 -0.031745 0.048153 -0.004872 0.131676 -0.011088 0.991219
1784010280.728305101 0.728868 -0.032590 0.049248 -0.004396 0.132406 -0.011767 0.991116
1784010280.828662157 0.763561 -0.032616 0.050275 -0.004899 0.131098 -0.013296 0.991268
1784010280.928382158 0.799747 -0.033933 0.048329 -0.004325 0.131475 -0.013417 0.991219
1784010281.028573036 0.835964 -0.035988 0.048342 -0.003511 0.131095 -0.013868 0.991267
1784010281.128368139 0.870396 -0.037434 0.048204 -0.004065 0.131441 -0.014053 0.991216
1784010281.228445053 0.903142 -0.038928 0.048292 -0.004127 0.131784 -0.013483 0.991178
1784010281.328446150 0.935140 -0.040197 0.048152 -0.003606 0.130472 -0.014042 0.991346
1784010281.428341150 0.974543 -0.041828 0.047486 -0.002764 0.130232 -0.015052 0.991366
1784010281.528457165 1.017508 -0.043440 0.047323 -0.003111 0.130466 -0.015958 0.991319
1784010281.628415108 1.057783 -0.045620 0.047045 -0.002311 0.130381 -0.017424 0.991308
1784010281.728528976 1.096362 -0.047508 0.047071 -0.003062 0.129836 -0.018459 0.991359
1784010281.828588009 1.135153 -0.049584 0.047354 -0.003037 0.129065 -0.018810 0.991453
1784010281.928439140 1.174061 -0.051884 0.047529 -0.002714 0.129198 -0.018741 0.991438
1784010282.028426170 1.212302 -0.054060 0.047850 -0.002354 0.128507 -0.019514 0.991514
1784010282.128587008 1.250206 -0.055835 0.048309 -0.003512 0.128569 -0.019538 0.991502
1784010282.228387117 1.287722 -0.058013 0.048152 -0.003170 0.128244 -0.019933 0.991537
1784010282.328548193 1.325643 -0.060396 0.048822 -0.002493 0.128125 -0.020109 0.991551
1784010282.428538084 1.364005 -0.062575 0.049216 -0.003512 0.128586 -0.020502 0.991480
1784010282.528259993 1.402565 -0.064962 0.049448 -0.003892 0.129099 -0.020795 0.991406
1784010282.628442049 1.441628 -0.067399 0.049967 -0.003343 0.128841 -0.021108 0.991435
1784010282.728198051 1.480364 -0.069765 0.050616 -0.003170 0.129341 -0.022178 0.991347
1784010282.828463078 1.518979 -0.072333 0.051297 -0.003367 0.129479 -0.022358 0.991324
1784010282.928342104 1.557900 -0.075324 0.051913 -0.002477 0.129546 -0.022895 0.991306
1784010283.028619051 1.597386 -0.077904 0.052273 -0.003174 0.130157 -0.024030 0.991197
1784010283.128478050 1.637100 -0.080855 0.052937 -0.003708 0.130572 -0.024369 0.991132
1784010283.228402138 1.677783 -0.084111 0.053354 -0.002801 0.129926 -0.024840 0.991209
1784010283.328158140 1.718990 -0.087236 0.054006 -0.002288 0.129603 -0.025714 0.991230
1784010283.428317070 1.760967 -0.090087 0.054547 -0.002739 0.129603 -0.026472 0.991209
1784010283.528254986 1.804260 -0.093733 0.054764 -0.001061 0.129029 -0.027354 0.991263
1784010283.628415108 1.848840 -0.096853 0.055203 -0.001618 0.129395 -0.028634 0.991178
1784010283.728212118 1.893641 -0.100365 0.055819 -0.001518 0.129155 -0.029234 0.991192
1784010283.828294992 1.939264 -0.104349 0.056094 -0.000399 0.128909 -0.029916 0.991205
1784010283.928313017 1.985387 -0.108395 0.056559 0.000235 0.128570 -0.031040 0.991215
1784010284.028411150 2.031911 -0.112715 0.057454 -0.000111 0.128959 -0.031825 0.991139
1784010284.128290176 2.079966 -0.118228 0.057740 0.001196 0.129313 -0.032833 0.991059
1784010284.228338003 2.130028 -0.123324 0.058043 0.000423 0.130293 -0.033614 0.990905
1784010284.328318119 2.181758 -0.127410 0.057902 0.000743 0.130310 -0.034523 0.990872
1784010284.428392172 2.235186 -0.131680 0.057378 0.001666 0.130811 -0.035567 0.990768
1784010284.528045177 2.289307 -0.136040 0.057039 0.002793 0.131161 -0.036836 0.990673
1784010284.628257990 2.344680 -0.140308 0.057244 0.002563 0.131390 -0.038040 0.990597
1784010284.728407145 2.400490 -0.145451 0.057004 0.003892 0.131611 -0.039316 0.990514
1784010284.828437090 2.456694 -0.150074 0.056837 0.002873 0.131818 -0.040257 0.990452
1784010284.928174973 2.512372 -0.155049 0.056700 0.002640 0.131987 -0.041041 0.990398
1784010285.028023005 2.568082 -0.160104 0.056300 0.003149 0.131917 -0.041411 0.990390
1784010285.128160000 2.623160 -0.165110 0.055982 0.003525 0.131868 -0.042573 0.990346
1784010285.228441000 2.677495 -0.170028 0.056016 0.002857 0.132288 -0.043069 0.990271
1784010285.328305006 2.731693 -0.175387 0.055635 0.003354 0.132352 -0.043604 0.990238
1784010285.428309202 2.786315 -0.180537 0.055722 0.002183 0.132336 -0.044338 0.990210
1784010285.528094053 2.840675 -0.185794 0.056020 0.001325 0.132126 -0.044191 0.990246
1784010285.628165007 2.894860 -0.191243 0.056262 0.001317 0.131376 -0.044396 0.990337
1784010285.728051186 2.948695 -0.196521 0.056785 0.001037 0.130439 -0.044800 0.990443
1784010285.828132153 3.001855 -0.201703 0.057495 0.000346 0.130343 -0.045388 0.990430
1784010285.928052187 3.054628 -0.207295 0.058019 0.000277 0.129305 -0.045849 0.990544
1784010286.028231144 3.108163 -0.213196 0.058912 -0.000485 0.129147 -0.046947 0.990513
1784010286.127992153 3.162114 -0.219370 0.059888 -0.000096 0.129093 -0.048932 0.990424
1784010286.228296041 3.216407 -0.225990 0.060747 -0.000055 0.129634 -0.049978 0.990302
1784010286.328217983 3.270251 -0.233334 0.061502 0.000482 0.130069 -0.052891 0.990093
1784010286.428263187 3.323703 -0.241610 0.061533 0.000462 0.131308 -0.056747 0.989716
1784010286.528037071 3.376770 -0.250524 0.061215 0.000844 0.132022 -0.061029 0.989366
1784010286.628189087 3.430027 -0.260563 0.060731 0.001419 0.133627 -0.065583 0.988858
1784010286.728269100 3.483586 -0.271165 0.060111 0.002288 0.134768 -0.071157 0.988316
1784010286.828173161 3.537490 -0.281886 0.059861 0.002864 0.135429 -0.075680 0.987888
1784010286.928173065 3.592562 -0.291247 0.059144 0.004082 0.135896 -0.076373 0.987767
1784010287.028272152 3.647772 -0.298098 0.058893 0.003224 0.136949 -0.073121 0.987870
1784010287.128173113 3.702629 -0.302904 0.058608 0.002605 0.136598 -0.068336 0.988263
1784010287.228154182 3.757504 -0.307143 0.057918 0.001767 0.136803 -0.063388 0.988567
1784010287.327882051 3.812773 -0.310278 0.057208 0.000715 0.136741 -0.057210 0.988953
1784010287.428039074 3.868758 -0.312213 0.056736 -0.000183 0.136647 -0.050422 0.989336
1784010287.528154135 3.925259 -0.313569 0.056257 -0.000085 0.136146 -0.043978 0.989712
1784010287.628174067 3.981802 -0.314112 0.055971 -0.001756 0.136081 -0.037632 0.989981
1784010287.727946043 4.038624 -0.314298 0.055541 -0.002218 0.136218 -0.030830 0.990197
1784010287.828183174 4.096087 -0.313783 0.055310 -0.004305 0.136533 -0.024039 0.990334
1784010287.927873135 4.153234 -0.312272 0.055061 -0.006129 0.136528 -0.017034 0.990471
1784010288.028182030 4.210558 -0.310024 0.054419 -0.006806 0.136078 -0.009371 0.990630
1784010288.127879143 4.267382 -0.306910 0.054186 -0.007437 0.135791 -0.002252 0.990707
1784010288.228245020 4.323495 -0.302781 0.054107 -0.008656 0.136238 0.004166 0.990630
1784010288.328119040 4.378393 -0.298413 0.053421 -0.008854 0.135716 0.010567 0.990652
1784010288.427976131 4.432340 -0.294078 0.053159 -0.010938 0.136596 0.014569 0.990459
1784010288.528383970 4.486168 -0.290760 0.053081 -0.011132 0.136249 0.016603 0.990473
1784010288.628133059 4.539815 -0.288111 0.052727 -0.011130 0.136470 0.018282 0.990413
1784010288.727881193 4.593425 -0.285583 0.052978 -0.011311 0.135993 0.018939 0.990464
1784010288.828081131 4.646870 -0.282825 0.053286 -0.012107 0.136186 0.018839 0.990430
1784010288.927812099 4.700460 -0.280395 0.052938 -0.011608 0.135941 0.018983 0.990467
1784010289.028156996 4.754876 -0.277873 0.052659 -0.012376 0.135650 0.019412 0.990489
1784010289.127891064 4.809808 -0.275173 0.052268 -0.012923 0.135562 0.020454 0.990473
1784010289.228074074 4.866925 -0.272252 0.051422 -0.012879 0.134633 0.021464 0.990579
1784010289.328001976 4.925178 -0.269271 0.050654 -0.012536 0.134917 0.021948 0.990534
1784010289.428086996 4.984256 -0.265889 0.050153 -0.012959 0.135559 0.022398 0.990431
1784010289.527901173 5.043944 -0.263065 0.049548 -0.012190 0.135918 0.022279 0.990395
1784010289.628092051 5.104198 -0.260216 0.048978 -0.012938 0.136708 0.020604 0.990313
1784010289.727869987 5.164341 -0.257580 0.048348 -0.012938 0.137905 0.020446 0.990150
1784010289.828073025 5.225104 -0.255375 0.047814 -0.011677 0.137717 0.019633 0.990208
1784010289.927797079 5.285791 -0.253067 0.047166 -0.011805 0.137777 0.018344 0.990223
1784010290.027990103 5.347493 -0.251269 0.046172 -0.010972 0.137322 0.017601 0.990309
1784010290.127695084 5.409593 -0.249659 0.045891 -0.010408 0.137134 0.017094 0.990350
1784010290.228077173 5.472313 -0.248055 0.045551 -0.010767 0.136603 0.016672 0.990427
1784010290.327838182 5.535207 -0.246647 0.044677 -0.010228 0.136171 0.016228 0.990500
1784010290.427750111 5.598130 -0.244890 0.044310 -0.009736 0.136018 0.015502 0.990537
1784010290.527894020 5.661387 -0.242899 0.043686 -0.009986 0.136056 0.015144 0.990535
1784010290.627882004 5.724908 -0.241373 0.043185 -0.009338 0.135941 0.014210 0.990571
1784010290.728023052 5.788481 -0.239270 0.042829 -0.010020 0.136330 0.013933 0.990515
1784010290.828124046 5.851907 -0.237156 0.042230 -0.010339 0.136388 0.014223 0.990499
1784010290.927709103 5.915107 -0.234673 0.042084 -0.009822 0.135747 0.013741 0.990600
1784010291.027935028 5.977431 -0.232090 0.041948 -0.010498 0.136283 0.013273 0.990525
1784010291.127734184 6.038967 -0.230642 0.040776 -0.010267 0.136020 0.013411 0.990562
1784010291.228099108 6.099021 -0.229227 0.039839 -0.011329 0.136333 0.013129 0.990511
1784010291.327884197 6.157812 -0.227716 0.039154 -0.011750 0.136120 0.013530 0.990530
1784010291.427832127 6.217059 -0.226221 0.038358 -0.011430 0.135700 0.013714 0.990589
1784010291.527929068 6.276241 -0.224540 0.037825 -0.012077 0.135179 0.013514 0.990655
1784010291.627876043 6.335569 -0.222873 0.037074 -0.012128 0.134476 0.013277 0.990754
1784010291.727922201 6.395415 -0.221280 0.037044 -0.011957 0.133819 0.013391 0.990843
1784010291.827907085 6.455610 -0.219377 0.036908 -0.013070 0.133749 0.013559 0.990836
1784010291.928008080 6.516222 -0.217836 0.036181 -0.013354 0.133480 0.013870 0.990865
1784010292.027665138 6.576876 -0.216146 0.035900 -0.012964 0.132445 0.013388 0.991015
1784010292.127952099 6.638239 -0.214368 0.035802 -0.013859 0.133194 0.013304 0.990904
1784010292.227653980 6.699567 -0.213260 0.035232 -0.013360 0.132888 0.013041 0.990955
1784010292.327733040 6.761407 -0.211764 0.034567 -0.014270 0.134277 0.012138 0.990767
1784010292.427781105 6.822920 -0.210315 0.034443 -0.014953 0.134735 0.012180 0.990694
1784010292.527728081 6.884692 -0.209072 0.033782 -0.014252 0.135708 0.011625 0.990578
1784010292.627923012 6.946077 -0.207674 0.033517 -0.014143 0.135946 0.010805 0.990556
1784010292.727595091 7.006785 -0.206251 0.033120 -0.013895 0.136168 0.010290 0.990535
1784010292.827758074 7.068551 -0.204979 0.032977 -0.012812 0.136826 0.010074 0.990461
1784010292.927735090 7.130229 -0.203261 0.032727 -0.013575 0.136903 0.009630 0.990445
1784010293.027832031 7.191803 -0.201958 0.031810 -0.013484 0.137284 0.009339 0.990396
1784010293.127859116 7.252932 -0.200491 0.031283 -0.012648 0.136695 0.008437 0.990497
1784010293.227632999 7.313329 -0.198681 0.031170 -0.012944 0.137227 0.007817 0.990424
1784010293.327783108 7.373788 -0.197626 0.030547 -0.011554 0.136954 0.007301 0.990483
1784010293.427836180 7.434170 -0.196460 0.029584 -0.012569 0.136687 0.006532 0.990513
1784010293.527750969 7.494535 -0.195521 0.028962 -0.013051 0.136318 0.006442 0.990558
1784010293.627798080 7.554956 -0.194799 0.028395 -0.011945 0.135380 0.006188 0.990702
1784010293.727799177 7.615115 -0.193824 0.028021 -0.012421 0.134926 0.005635 0.990762
1784010293.827980995 7.675530 -0.193186 0.027376 -0.011700 0.134794 0.004952 0.990792
1784010293.927793980 7.736411 -0.192738 0.026979 -0.011347 0.135007 0.004363 0.990770
1784010294.027878046 7.797840 -0.192190 0.026418 -0.011756 0.135023 0.003736 0.990766
1784010294.127761126 7.859759 -0.192019 0.025742 -0.010792 0.135200 0.003329 0.990754
1784010294.227910042 7.921904 -0.191840 0.025470 -0.010175 0.135626 0.002279 0.990705
1784010294.327529192 7.983134 -0.191473 0.025315 -0.010555 0.135995 0.001269 0.990652
1784010294.427700996 8.045139 -0.191854 0.025316 -0.009727 0.135741 0.000922 0.990696
1784010294.527839184 8.107317 -0.191836 0.025165 -0.010564 0.136461 -0.000093 0.990589
1784010294.627851009 8.169504 -0.192219 0.024778 -0.010690 0.136030 -0.000398 0.990647
1784010294.727848053 8.231744 -0.192817 0.024650 -0.010016 0.135158 -0.000971 0.990773
1784010294.827797174 8.293673 -0.193262 0.024554 -0.010509 0.135382 -0.001830 0.990736
1784010294.927512169 8.355407 -0.194010 0.024112 -0.009658 0.134782 -0.002219 0.990826
1784010295.027493000 8.416729 -0.194655 0.024033 -0.010394 0.134634 -0.003176 0.990836
1784010295.127789021 8.477520 -0.195373 0.024025 -0.010611 0.134337 -0.003475 0.990873
1784010295.227651119 8.537996 -0.196222 0.023830 -0.010079 0.133649 -0.003680 0.990971
1784010295.327432156 8.598055 -0.197007 0.024095 -0.009337 0.133821 -0.004982 0.990949
1784010295.427764177 8.657866 -0.197505 0.024475 -0.009787 0.132970 -0.005943 0.991054
1784010295.527651072 8.717709 -0.198618 0.024579 -0.008682 0.132675 -0.006395 0.991101
1784010295.627559185 8.777778 -0.198697 0.024586 -0.009519 0.133172 -0.007005 0.991022
1784010295.727555990 8.837842 -0.198991 0.024614 -0.009819 0.132636 -0.006535 0.991095
1784010295.827509165 8.898353 -0.199288 0.024731 -0.008621 0.131876 -0.007178 0.991203
1784010295.927355051 8.959301 -0.199320 0.024820 -0.009256 0.131775 -0.006451 0.991215
1784010296.027529001 9.020649 -0.199639 0.024572 -0.008507 0.131377 -0.006275 0.991276
1784010296.127501011 9.082388 -0.199918 0.024639 -0.009439 0.131210 -0.006142 0.991291
1784010296.227509022 9.144742 -0.200052 0.024722 -0.009876 0.130579 -0.005524 0.991373
1784010296.327512026 9.207307 -0.200260 0.024609 -0.009358 0.130467 -0.004960 0.991396
1784010296.427608013 9.269812 -0.200527 0.024854 -0.009089 0.131041 -0.004848 0.991323
1784010296.527667046 9.332048 -0.200364 0.025000 -0.009313 0.131115 -0.004292 0.991314
1784010296.627721071 9.394839 -0.200397 0.024892 -0.008954 0.132103 -0.003197 0.991190
1784010296.727519035 9.457617 -0.199597 0.024723 -0.009970 0.133568 -0.002176 0.990987
1784010296.827582121 9.520311 -0.198894 0.024396 -0.010065 0.134061 -0.000701 0.990922
1784010296.927601099 9.582802 -0.198133 0.024062 -0.009675 0.134278 0.000408 0.990896
1784010297.027734995 9.644838 -0.196890 0.024054 -0.010065 0.135051 0.001885 0.990786
1784010297.127655983 9.706584 -0.195809 0.024034 -0.009346 0.134409 0.003624 0.990875
1784010297.227741003 9.768755 -0.194132 0.024042 -0.010521 0.134502 0.005139 0.990844
1784010297.327654123 9.830215 -0.192032 0.023862 -0.011174 0.134250 0.007274 0.990858
1784010297.427636147 9.890393 -0.189510 0.023408 -0.010661 0.132569 0.009321 0.991073
1784010297.527757168 9.949650 -0.186687 0.023391 -0.011270 0.132696 0.010709 0.991035
1784010297.627508163 10.008034 -0.183399 0.022864 -0.010956 0.132424 0.013025 0.991047
1784010297.727670193 10.066709 -0.179932 0.022918 -0.012005 0.132973 0.015156 0.990931
1784010297.827632189 10.125389 -0.176012 0.022725 -0.012687 0.132941 0.018447 0.990871
1784010297.927380085 10.184717 -0.171669 0.021883 -0.013126 0.132981 0.021734 0.990793
1784010298.027662992 10.244867 -0.166686 0.021418 -0.013152 0.133096 0.025023 0.990700
1784010298.127506971 10.304627 -0.160705 0.021088 -0.014556 0.133966 0.028978 0.990455
1784010298.227558136 10.364465 -0.154191 0.020340 -0.014622 0.133433 0.033319 0.990390
1784010298.327502012 10.423881 -0.146853 0.019608 -0.016520 0.133637 0.037191 0.990194
1784010298.427695036 10.482103 -0.139396 0.019046 -0.017229 0.134346 0.041697 0.989907
1784010298.527543068 10.537773 -0.132285 0.018492 -0.017322 0.133505 0.045830 0.989836
1784010298.627582073 10.591065 -0.125474 0.018137 -0.018087 0.133302 0.049913 0.989653
1784010298.727334976 10.644064 -0.117019 0.017776 -0.018879 0.133768 0.054427 0.989337
1784010298.827226162 10.699261 -0.107359 0.017353 -0.019671 0.134198 0.059007 0.989001
1784010298.927249193 10.756354 -0.096437 0.016782 -0.021173 0.134304 0.063624 0.988669
1784010299.027508020 10.814711 -0.084380 0.015914 -0.021645 0.135201 0.070182 0.988092
1784010299.127434969 10.873332 -0.070848 0.015317 -0.022248 0.135171 0.077283 0.987553
1784010299.227353096 10.931564 -0.056056 0.014674 -0.023379 0.135098 0.084793 0.986920
1784010299.327681065 10.989959 -0.039294 0.013364 -0.023623 0.134782 0.094078 0.986116
1784010299.427396059 11.048193 -0.021220 0.012199 -0.023669 0.135046 0.103338 0.985152
1784010299.527237177 11.106362 -0.001324 0.011284 -0.024676 0.135475 0.114340 0.983852
1784010299.627456188 11.163669 0.020932 0.010173 -0.025931 0.135160 0.126575 0.982364
1784010299.727270126 11.219199 0.044440 0.009776 -0.028122 0.134156 0.137854 0.980922
1784010299.827444077 11.274211 0.068870 0.008688 -0.028257 0.134386 0.149899 0.979118
1784010299.927201033 11.328082 0.095664 0.007758 -0.029430 0.134055 0.162298 0.977150
1784010300.027297974 11.380749 0.124014 0.006880 -0.031132 0.132684 0.175297 0.975037
1784010300.127305031 11.433021 0.153734 0.005536 -0.032245 0.134136 0.190056 0.972032
1784010300.227334976 11.483799 0.185917 0.004403 -0.034909 0.133915 0.205523 0.968818
1784010300.327180147 11.533195 0.219705 0.002865 -0.035752 0.134172 0.222275 0.965046
1784010300.427170038 11.581614 0.256085 0.001360 -0.037797 0.135265 0.239958 0.960570
1784010300.527145147 11.627866 0.295118 -0.000048 -0.040333 0.134869 0.258852 0.955604
1784010300.627251148 11.673198 0.336427 -0.002060 -0.041999 0.136131 0.278637 0.949771
1784010300.727138042 11.715865 0.379650 -0.003366 -0.044168 0.136136 0.298246 0.943698
1784010300.827184200 11.754144 0.424452 -0.004794 -0.047165 0.135585 0.319530 0.936639
1784010300.927103996 11.789134 0.469428 -0.005731 -0.049815 0.134068 0.339751 0.929577
1784010301.027160168 11.821453 0.515167 -0.006982 -0.052399 0.132953 0.360145 0.921886
1784010301.127178192 11.852003 0.562089 -0.008501 -0.053940 0.131814 0.380981 0.913548
1784010301.227231979 11.880210 0.610869 -0.009821 -0.056720 0.130614 0.402050 0.904477
1784010301.327095985 11.906023 0.661629 -0.011062 -0.060224 0.129861 0.423831 0.894358
1784010301.427062035 11.929068 0.713779 -0.012679 -0.062924 0.127733 0.445205 0.884035
1784010301.527296066 11.949593 0.766541 -0.013889 -0.065370 0.125477 0.465690 0.873565
1784010301.627060175 11.967713 0.819643 -0.015398 -0.067480 0.123969 0.486322 0.862305
1784010301.727339983 11.983275 0.874099 -0.016733 -0.069929 0.122620 0.506283 0.850736
1784010301.827198029 11.995902 0.929297 -0.017917 -0.073046 0.120403 0.525884 0.838816
1784010301.927241087 12.006256 0.985653 -0.019839 -0.075962 0.119112 0.546132 0.825701
1784010302.027144194 12.014491 1.041897 -0.021370 -0.078456 0.118766 0.565292 0.812517
1784010302.127353191 12.018901 1.098002 -0.022465 -0.081255 0.116925 0.584554 0.798763
1784010302.227298975 12.020832 1.154362 -0.023603 -0.083251 0.115539 0.603326 0.784677
1784010302.327090979 12.020592 1.209410 -0.024585 -0.085716 0.114272 0.620349 0.771208
1784010302.427363157 12.017051 1.264551 -0.025348 -0.088164 0.111116 0.638216 0.756677
1784010302.527301073 12.011498 1.320593 -0.026006 -0.089919 0.108162 0.656651 0.740962
1784010302.627153158 12.003642 1.376455 -0.026773 -0.092786 0.105127 0.673373 0.725884
1784010302.727210045 11.993542 1.431918 -0.027756 -0.094652 0.102491 0.690047 0.710191
1784010302.827062130 11.982339 1.487805 -0.027985 -0.096108 0.099468 0.704497 0.696099
1784010302.927230120 11.972605 1.543476 -0.028159 -0.097773 0.096563 0.713964 0.686565
1784010303.027137041 11.966012 1.600092 -0.029038 -0.099068 0.096385 0.718958 0.681171
1784010303.127271175 11.961029 1.657734 -0.029710 -0.098297 0.095858 0.721269 0.678911
1784010303.227174044 11.956530 1.715723 -0.030564 -0.099375 0.094972 0.722075 0.678021
1784010303.327071190 11.952356 1.773978 -0.032003 -0.100384 0.095903 0.722527 0.677260
1784010303.427119970 11.947955 1.831947 -0.033114 -0.100495 0.095838 0.722591 0.677184
1784010303.526950121 11.943591 1.889911 -0.034550 -0.101675 0.097018 0.722097 0.677367
1784010303.627333164 11.939255 1.948875 -0.035993 -0.101719 0.097418 0.721881 0.677533
1784010303.727156162 11.934886 2.007919 -0.037002 -0.102627 0.097385 0.721554 0.677749
1784010303.827039003 11.931270 2.067213 -0.038062 -0.102601 0.098382 0.721941 0.677196
1784010303.927038193 11.927597 2.126538 -0.039140 -0.102207 0.098417 0.722118 0.677063
1784010304.027194977 11.923813 2.185221 -0.039712 -0.101100 0.097282 0.722551 0.676931
1784010304.127065182 11.920033 2.243265 -0.040753 -0.100981 0.097696 0.723138 0.676262
1784010304.227127075 11.915927 2.301084 -0.041435 -0.100157 0.095896 0.723762 0.675974
1784010304.326941013 11.911483 2.358315 -0.041988 -0.101016 0.094240 0.723811 0.676027
1784010304.427191019 11.907454 2.415256 -0.042790 -0.101246 0.094464 0.724802 0.674899
1784010304.527106047 11.903220 2.471763 -0.043607 -0.100506 0.094249 0.725255 0.674552
1784010304.627235174 11.898783 2.528365 -0.044337 -0.101014 0.093949 0.725238 0.674537
1784010304.727060080 11.894577 2.585099 -0.045524 -0.101533 0.095024 0.725607 0.673911
1784010304.827042103 11.890141 2.642192 -0.046291 -0.101577 0.094958 0.725594 0.673927
1784010304.927365065 11.885489 2.699841 -0.047553 -0.103492 0.094844 0.724960 0.674334
1784010305.027135134 11.881695 2.757931 -0.049065 -0.104656 0.096498 0.724940 0.673942
1784010305.126872063 11.877503 2.815818 -0.050135 -0.104216 0.097129 0.724920 0.673940
1784010305.226962090 11.872957 2.873462 -0.051298 -0.105036 0.097045 0.724445 0.674336
1784010305.327135086 11.868802 2.931700 -0.053177 -0.104800 0.097758 0.724223 0.674508
1784010305.427083969 11.864667 2.990449 -0.054453 -0.104967 0.098261 0.724105 0.674535
1784010305.527330160 11.860035 3.049639 -0.056348 -0.106115 0.098157 0.724144 0.674330
1784010305.626996994 11.855728 3.109185 -0.058458 -0.106749 0.098689 0.724264 0.674023
1784010305.726860046 11.851182 3.169205 -0.060079 -0.106210 0.098055 0.724549 0.673895
1784010305.827205181 11.846312 3.229446 -0.061797 -0.107707 0.099000 0.724919 0.673120
1784010305.926833153 11.841617 3.290039 -0.063952 -0.107326 0.098193 0.725229 0.672966
1784010306.026973009 11.836973 3.350845 -0.065743 -0.107669 0.097047 0.725242 0.673063
1784010306.126864195 11.832140 3.411547 -0.068221 -0.108320 0.097494 0.725916 0.672166
1784010306.227179050 11.826850 3.472594 -0.070198 -0.107722 0.097304 0.726317 0.671857
1784010306.326987028 11.821351 3.533016 -0.071537 -0.107494 0.096067 0.726463 0.671914
1784010306.427014112 11.816197 3.593471 -0.073295 -0.107257 0.095680 0.726592 0.671867
1784010306.526746035 11.811063 3.653530 -0.074295 -0.106528 0.095531 0.726672 0.671918
1784010306.627081156 11.805676 3.713437 -0.075362 -0.106153 0.094557 0.727076 0.671678
1784010306.726953030 11.800464 3.773278 -0.076953 -0.106034 0.093980 0.727308 0.671527
1784010306.826836109 11.794758 3.832793 -0.078077 -0.105444 0.092730 0.727999 0.671044
1784010306.927067995 11.788355 3.891993 -0.079237 -0.105491 0.092518 0.729386 0.669558
1784010307.027080059 11.781471 3.951349 -0.080819 -0.106087 0.091583 0.730870 0.667972
1784010307.127084017 11.774093 4.011230 -0.082081 -0.107596 0.091164 0.732487 0.666014
1784010307.226993084 11.765136 4.070953 -0.083439 -0.108088 0.091742 0.736427 0.661495
1784010307.326732159 11.753476 4.130165 -0.085127 -0.108668 0.090436 0.741702 0.655660
1784010307.427075148 11.740076 4.189784 -0.086063 -0.109989 0.088758 0.747313 0.649267
1784010307.526725054 11.725668 4.248819 -0.087716 -0.110726 0.087506 0.753517 0.642102
1784010307.626929998 11.709671 4.307601 -0.089274 -0.111522 0.084947 0.759804 0.634858
1784010307.726986170 11.692337 4.365947 -0.091100 -0.113133 0.082923 0.766899 0.626251
1784010307.826879025 11.673989 4.424415 -0.093462 -0.113786 0.081509 0.775455 0.615694
1784010307.927080154 11.653244 4.481347 -0.095243 -0.114354 0.078133 0.783876 0.605274
1784010308.026965141 11.630423 4.536944 -0.096446 -0.114251 0.077831 0.791241 0.595674
1784010308.127079010 11.604727 4.592174 -0.097315 -0.115399 0.076184 0.799726 0.584223
1784010308.227108002 11.575063 4.644870 -0.098100 -0.116023 0.074275 0.810154 0.569800
1784010308.326850176 11.545029 4.694989 -0.099369 -0.117156 0.073884 0.819947 0.555430
1784010308.426779032 11.515347 4.741082 -0.100125 -0.117686 0.070871 0.829058 0.542025
1784010308.526996136 11.486470 4.783406 -0.100505 -0.117912 0.070500 0.834978 0.532858
1784010308.626891136 11.455339 4.827088 -0.100733 -0.117158 0.069461 0.842785 0.520732
1784010308.726814985 11.421595 4.871867 -0.100672 -0.117347 0.066539 0.850320 0.508682
1784010308.826884031 11.386278 4.916852 -0.101268 -0.117132 0.065254 0.858247 0.495414
1784010308.927021980 11.348755 4.961046 -0.102249 -0.116997 0.063240 0.866099 0.481856
1784010309.026722193 11.309830 5.003964 -0.103001 -0.117852 0.060915 0.873493 0.468413
1784010309.126927137 11.269227 5.046888 -0.104015 -0.117842 0.059716 0.880961 0.454373
1784010309.226982117 11.227308 5.088991 -0.103781 -0.118909 0.057973 0.887803 0.440800
1784010309.326699018 11.184295 5.129456 -0.103652 -0.120694 0.056332 0.894432 0.426909
1784010309.426926136 11.139239 5.168414 -0.104007 -0.121918 0.055283 0.901060 0.412518
1784010309.526517153 11.092182 5.204303 -0.104141 -0.123752 0.051952 0.908484 0.395781
1784010309.626964092 11.043374 5.239016 -0.104735 -0.125057 0.050191 0.915859 0.378212
1784010309.726829052 10.992972 5.271591 -0.105021 -0.125839 0.048017 0.923040 0.360356
1784010309.826810122 10.941817 5.301993 -0.104993 -0.125826 0.045391 0.929834 0.342806
1784010309.926752090 10.889370 5.330890 -0.105538 -0.127119 0.044151 0.935956 0.325389
1784010310.026936054 10.835680 5.357670 -0.105714 -0.127837 0.042246 0.941757 0.308167
1784010310.126670122 10.781415 5.382214 -0.106706 -0.129046 0.040190 0.947270 0.290537
1784010310.226941109 10.726305 5.404505 -0.107443 -0.130061 0.037652 0.952398 0.273139
1784010310.326546192 10.671763 5.424102 -0.107989 -0.130771 0.034828 0.957010 0.256548
1784010310.426830053 10.616807 5.442026 -0.109078 -0.131761 0.033905 0.961248 0.239773
1784010310.526762009 10.561283 5.457375 -0.109837 -0.132727 0.031491 0.965259 0.222861
1784010310.626867056 10.505364 5.471152 -0.110323 -0.133876 0.029281 0.968961 0.205755
1784010310.726933002 10.449169 5.484167 -0.110918 -0.134686 0.027076 0.972088 0.190188
1784010310.827013016 10.392913 5.496661 -0.111092 -0.134977 0.024315 0.974801 0.175936
1784010310.927235126 10.336416 5.507576 -0.111438 -0.134855 0.022223 0.977367 0.161473
1784010311.026491165 10.280098 5.517275 -0.111869 -0.134305 0.020224 0.979590 0.148178
1784010311.126753092 10.223672 5.527670 -0.112015 -0.133740 0.017418 0.981118 0.138631
1784010311.226751089 10.167687 5.540112 -0.112610 -0.133495 0.016441 0.981882 0.133480
1784010311.326774120 10.111925 5.554554 -0.113155 -0.133387 0.015614 0.982094 0.132118
1784010311.426824093 10.056094 5.569002 -0.113484 -0.133982 0.014170 0.982099 0.131642
1784010311.526736975 10.000116 5.583764 -0.113807 -0.134177 0.014664 0.982321 0.129717
1784010311.626590967 9.944649 5.598206 -0.113721 -0.134205 0.015074 0.982414 0.128939
1784010311.726680040 9.889615 5.612151 -0.113414 -0.134281 0.014487 0.982435 0.128765
1784010311.826600075 9.835058 5.626724 -0.113556 -0.133805 0.015296 0.982572 0.128120
1784010311.926644087 9.780480 5.641222 -0.113905 -0.133720 0.015463 0.982610 0.127898
1784010312.026714087 9.726371 5.655659 -0.114295 -0.132408 0.014781 0.982839 0.127578
1784010312.126582146 9.672032 5.670376 -0.114667 -0.131786 0.016402 0.982949 0.127181
1784010312.226808071 9.617471 5.685057 -0.114808 -0.130913 0.017545 0.983026 0.127333
1784010312.326544046 9.562826 5.699635 -0.114920 -0.131044 0.017791 0.982924 0.127954
1784010312.426622152 9.507484 5.714970 -0.115188 -0.131095 0.019886 0.982840 0.128233
1784010312.526407003 9.451671 5.730267 -0.115674 -0.132372 0.020895 0.982600 0.128605
1784010312.626684189 9.395959 5.745530 -0.115781 -0.132416 0.020831 0.982470 0.129554
1784010312.726642132 9.339558 5.761411 -0.116384 -0.132567 0.021814 0.982313 0.130429
1784010312.826733112 9.283352 5.777018 -0.117128 -0.134171 0.022585 0.981933 0.131514
1784010312.926648140 9.227112 5.792663 -0.117831 -0.135181 0.022107 0.981757 0.131873
1784010313.026679993 9.170726 5.809017 -0.118556 -0.135734 0.022446 0.981693 0.131722
1784010313.126610994 9.113952 5.824454 -0.119506 -0.137446 0.021641 0.981599 0.130780
1784010313.226557970 9.056717 5.836418 -0.120487 -0.138504 0.020332 0.982386 0.123782
1784010313.326604128 8.998456 5.842834 -0.121828 -0.138849 0.018584 0.983934 0.110678
1784010313.426519156 8.939850 5.846617 -0.122619 -0.139744 0.014701 0.985368 0.096465
1784010313.526579142 8.880824 5.848149 -0.123945 -0.139871 0.012151 0.986819 0.080475
1784010313.626677990 8.821813 5.847251 -0.125008 -0.139847 0.009462 0.988040 0.064262
1784010313.726493120 8.763475 5.843797 -0.125948 -0.139802 0.005767 0.989013 0.047708
1784010313.826357126 8.705696 5.838212 -0.127187 -0.139273 0.002825 0.989783 0.030406
1784010313.926392078 8.648760 5.831024 -0.127943 -0.138005 -0.000523 0.990320 0.014838
1784010314.026426077 8.593605 5.824353 -0.128927 -0.136869 -0.002278 0.990581 0.003195
1784010314.126281977 8.538691 5.817454 -0.129404 -0.135429 -0.003587 0.990752 -0.007556
1784010314.226479053 8.483492 5.810117 -0.129258 -0.134110 -0.004863 0.990809 -0.017000
1784010314.326529026 8.428393 5.801822 -0.129450 -0.133177 -0.006007 0.990715 -0.026694
1784010314.426544189 8.373159 5.792471 -0.129596 -0.132519 -0.007222 0.990488 -0.036341
1784010314.526390076 8.319204 5.782097 -0.128964 -0.130559 -0.008909 0.990364 -0.045329
1784010314.626327991 8.266251 5.771413 -0.128855 -0.130617 -0.008895 0.989896 -0.054460
1784010314.726509094 8.213251 5.759128 -0.128508 -0.129542 -0.010540 0.989489 -0.063401
1784010314.826696157 8.160131 5.745822 -0.127855 -0.129015 -0.012191 0.988903 -0.072651
1784010314.926439047 8.106981 5.731727 -0.127985 -0.129613 -0.013324 0.988048 -0.082367
1784010315.026491165 8.053657 5.716372 -0.127642 -0.129221 -0.014846 0.987242 -0.091839
1784010315.126320124 8.001322 5.699536 -0.126875 -0.128220 -0.017202 0.986382 -0.101556
1784010315.226360083 7.949355 5.682097 -0.126451 -0.128235 -0.017656 0.985283 -0.111633
1784010315.326266050 7.897924 5.663266 -0.125888 -0.128169 -0.019682 0.984123 -0.121194
1784010315.426307201 7.846747 5.642896 -0.125209 -0.128044 -0.021668 0.982856 -0.130876
1784010315.526350975 7.794560 5.621575 -0.124973 -0.128453 -0.022207 0.981325 -0.141446
1784010315.626363993 7.742182 5.598454 -0.124672 -0.128838 -0.023603 0.979605 -0.152374
1784010315.726339102 7.691761 5.573276 -0.124419 -0.128709 -0.025630 0.977704 -0.163927
1784010315.826503038 7.642764 5.547424 -0.124777 -0.128956 -0.026356 0.975600 -0.175730
1784010315.926254034 7.594945 5.520206 -0.125148 -0.129005 -0.028182 0.973392 -0.187274
1784010316.026483059 7.547370 5.491263 -0.125366 -0.128846 -0.029150 0.970955 -0.199489
1784010316.126317978 7.500169 5.461491 -0.125664 -0.129081 -0.029861 0.968206 -0.212187
1784010316.226152182 7.453607 5.429716 -0.126047 -0.128763 -0.032354 0.965028 -0.226042
1784010316.326457024 7.407313 5.395757 -0.126686 -0.128561 -0.034484 0.961223 -0.241525
1784010316.426370144 7.361710 5.359766 -0.126856 -0.127729 -0.036037 0.957078 -0.257661
1784010316.526270151 7.317460 5.321795 -0.126962 -0.127997 -0.039256 0.952405 -0.273861
1784010316.626288176 7.274932 5.281904 -0.127713 -0.128017 -0.041109 0.947065 -0.291531
1784010316.726528168 7.234313 5.239798 -0.127881 -0.127962 -0.043416 0.941186 -0.309694
1784010316.826230049 7.196343 5.196045 -0.128342 -0.128078 -0.046956 0.934672 -0.328298
1784010316.926248074 7.159876 5.151025 -0.128412 -0.127272 -0.049006 0.927699 -0.347526
1784010317.026534081 7.125655 5.104625 -0.127982 -0.124916 -0.051775 0.920493 -0.366618
1784010317.126207113 7.094077 5.057909 -0.127828 -0.123348 -0.053354 0.913148 -0.384837
1784010317.226358175 7.064396 5.009351 -0.127861 -0.121270 -0.055545 0.905270 -0.403353
1784010317.326495171 7.036994 4.959599 -0.127357 -0.118645 -0.056876 0.897126 -0.421728
1784010317.426448107 7.011324 4.908683 -0.127199 -0.117300 -0.058834 0.888478 -0.439757
1784010317.526204109 6.987476 4.857056 -0.126962 -0.115092 -0.061903 0.879596 -0.457419
1784010317.626173973 6.965582 4.805243 -0.126187 -0.113172 -0.063324 0.871801 -0.472382
1784010317.726224184 6.945143 4.752638 -0.125910 -0.112264 -0.064823 0.862726 -0.488773
1784010317.826374054 6.926753 4.699131 -0.125951 0.110099 0.066896 -0.854281 0.503594
1784010317.926323175 6.910300 4.645038 -0.126245 0.109946 0.068812 -0.845560 0.517884
1784010318.026437044 6.895285 4.589813 -0.126578 0.108969 0.070592 -0.835371 0.534133
1784010318.126099110 6.882678 4.533915 -0.126923 0.108059 0.073585 -0.825543 0.548988
1784010318.226294994 6.871897 4.477432 -0.127501 0.107819 0.075326 -0.815215 0.564026
1784010318.326050997 6.862993 4.421136 -0.127830 0.106860 0.076724 -0.804908 0.578634
1784010318.426182032 6.856156 4.366001 -0.127828 0.106080 0.079455 -0.795077 0.591850
1784010318.526404142 6.851213 4.313514 -0.127952 0.104943 0.080949 -0.784153 0.606250
1784010318.626372099 6.848159 4.263493 -0.127719 0.105023 0.081482 -0.778058 0.613968
1784010318.726227045 6.847338 4.211677 -0.127734 0.103213 0.084508 -0.767904 0.626521
1784010318.826481104 6.847545 4.157175 -0.127629 0.102707 0.086215 -0.756094 0.640578
1784010318.926067114 6.849748 4.101530 -0.127105 0.101109 0.088155 -0.744581 0.653915
1784010319.026350021 6.852578 4.045186 -0.126957 0.100388 0.089871 -0.734059 0.665584
1784010319.126024008 6.854916 3.988967 -0.126889 0.098560 0.091008 -0.725985 0.674499
1784010319.226212025 6.857298 3.931622 -0.127132 0.098025 0.092216 -0.718973 0.681884
1784010319.326229095 6.860579 3.874577 -0.127861 0.097292 0.093289 -0.712441 0.688665
1784010319.426277161 6.864247 3.818065 -0.128179 0.096176 0.093896 -0.706231 0.695106
1784010319.526282072 6.867487 3.762302 -0.128287 0.094797 0.094934 -0.702023 0.699403
1784010319.626433134 6.868135 3.707155 -0.128588 0.094891 0.094491 -0.701302 0.700173
1784010319.725965023 6.869076 3.652258 -0.128722 0.093539 0.094673 -0.700577 0.701056
1784010319.826167107 6.868881 3.596684 -0.129104 0.093050 0.095067 -0.701163 0.700481
1784010319.926064968 6.867337 3.540820 -0.130181 0.093970 0.095561 -0.702083 0.699370
1784010320.026030064 6.864509 3.484504 -0.130727 0.094638 0.096137 -0.704336 0.696931
1784010320.126012087 6.858779 3.429431 -0.131055 0.095109 0.095525 -0.710049 0.691129
1784010320.226034164 6.848839 3.375922 -0.131533 0.097393 0.093986 -0.719565 0.681108
1784010320.326011181 6.833780 3.322992 -0.132134 0.099819 0.092909 -0.733199 0.666201
1784010320.426287174 6.813395 3.271381 -0.132581 0.102204 0.090588 -0.750206 0.646946
1784010320.526317120 6.788298 3.221047 -0.133149 0.104681 0.088738 -0.768566 0.624879
1784010320.626089096 6.758061 3.172395 -0.134178 0.107397 0.086114 -0.788089 0.599972
1784010320.726190090 6.722910 3.127131 -0.134572 0.110623 0.081749 -0.808844 0.571709
1784010320.826207161 6.684950 3.085349 -0.134843 0.112397 0.078218 -0.828787 0.542550
1784010320.926228046 6.644262 3.047420 -0.135520 0.116571 0.073796 -0.847590 0.512402
1784010321.025922060 6.603902 3.012903 -0.135718 -0.118758 -0.071184 0.864294 -0.483555
1784010321.126254082 6.564045 2.982974 -0.135789 -0.119860 -0.068252 0.878828 -0.456767
1784010321.226128101 6.521077 2.956321 -0.135621 -0.120829 -0.063806 0.894502 -0.425669
1784010321.325873137 6.474515 2.930720 -0.135866 -0.123362 -0.059214 0.908597 -0.394623
1784010321.426004171 6.429769 2.907600 -0.136040 -0.124472 -0.055607 0.919941 -0.367591
1784010321.526023149 6.381498 2.889677 -0.135674 -0.125126 -0.050351 0.932220 -0.335819
1784010321.626119137 6.328398 2.874070 -0.135649 -0.126933 -0.045920 0.943565 -0.302430
1784010321.725875139 6.275674 2.861311 -0.136007 -0.127569 -0.041633 0.953193 -0.270953
1784010321.826120138 6.222280 2.853207 -0.136223 -0.127522 -0.037062 0.962235 -0.237631
1784010321.926298141 6.167153 2.849150 -0.136047 -0.128537 -0.033516 0.970075 -0.203247
1784010322.026120186 6.110111 2.849578 -0.135507 -0.129274 -0.028150 0.977016 -0.167138
1784010322.126247168 6.050813 2.853212 -0.135145 -0.131315 -0.023444 0.982346 -0.131158
1784010322.226059198 5.994753 2.859861 -0.134456 -0.131352 -0.019762 0.986253 -0.098288
1784010322.325896025 5.937450 2.873496 -0.133454 -0.130746 -0.013957 0.989598 -0.058366
1784010322.426156998 5.877885 2.891322 -0.133056 -0.132549 -0.007903 0.990943 -0.020006
1784010322.526166201 5.822559 2.911819 -0.132322 -0.131749 -0.002830 0.991157 0.015532
1784010322.626151085 5.767916 2.939799 -0.131840 -0.132161 0.002216 0.989594 0.056853
1784010322.725790977 5.712667 2.972450 -0.131580 -0.131812 0.007985 0.986530 0.096539
1784010322.826148987 5.657921 3.010252 -0.131537 -0.131494 0.014435 0.981555 0.138027
1784010322.925846100 5.605814 3.052855 -0.131402 -0.130350 0.019123 0.974891 0.179527
1784010323.026045084 5.555512 3.103471 -0.131322 -0.129648 0.027275 0.965574 0.223863
1784010323.126125097 5.504429 3.156475 -0.131486 -0.128121 0.033331 0.956362 0.260474
1784010323.225963116 5.444411 3.203796 -0.130757 -0.126165 0.035575 0.951986 0.276657
1784010323.325831175 5.376711 3.249649 -0.130776 -0.126174 0.037091 0.950825 0.280422
1784010323.426191092 5.307212 3.296962 -0.130565 -0.125589 0.038099 0.949699 0.284337
1784010323.525669098 5.235656 3.345975 -0.130820 -0.125692 0.038533 0.948930 0.286790
1784010323.625915051 5.165910 3.394386 -0.130413 -0.125237 0.038420 0.947924 0.290310
1784010323.725768089 5.103369 3.438904 -0.130752 -0.126083 0.039556 0.946929 0.293026
1784010323.826122999 5.038545 3.484830 -0.130476 -0.127042 0.039037 0.946215 0.294981
1784010323.925758123 4.970994 3.533609 -0.130720 -0.128168 0.038580 0.945704 0.296189
1784010324.025753021 4.907158 3.580449 -0.129764 -0.127374 0.038328 0.945300 0.297849
1784010324.126055002 4.846378 3.625603 -0.129378 -0.126873 0.038378 0.944700 0.299955
1784010324.226088047 4.786713 3.669073 -0.129131 -0.125872 0.038253 0.944290 0.301677
1784010324.325991154 4.727272 3.712688 -0.129539 -0.125847 0.038339 0.943395 0.304463
1784010324.426014185 4.664781 3.759193 -0.129536 -0.124902 0.037661 0.942740 0.306958
1784010324.525763035 4.601718 3.807228 -0.129395 -0.124626 0.039352 0.942096 0.308829
1784010324.625653028 4.539806 3.854391 -0.129162 -0.123705 0.038735 0.941545 0.310949
1784010324.725924015 4.480858 3.899572 -0.128807 -0.124508 0.038721 0.940958 0.312406
1784010324.825905085 4.425946 3.942110 -0.128285 -0.123813 0.038136 0.940613 0.313789
1784010324.925640106 4.373088 3.983063 -0.127553 -0.122975 0.037845 0.940364 0.314897
1784010325.025767088 4.319938 4.024664 -0.127402 -0.122990 0.038552 0.939858 0.316312
1784010325.125617027 4.266548 4.066770 -0.126686 -0.122582 0.038833 0.939304 0.318078
1784010325.225974083 4.212617 4.109194 -0.126377 -0.123353 0.038831 0.938874 0.319047
1784010325.325977087 4.158367 4.151425 -0.126188 -0.122749 0.038684 0.938716 0.319763
1784010325.426035166 4.106764 4.190550 -0.125519 -0.122824 0.038642 0.938357 0.320791
1784010325.525679111 4.057669 4.226342 -0.124945 -0.122790 0.038773 0.939036 0.318796
1784010325.625827074 3.999473 4.266689 -0.124712 -0.123813 0.038954 0.940547 0.313885
1784010325.725979090 3.941006 4.304545 -0.124526 -0.124366 0.037993 0.942857 0.306773
1784010325.825754166 3.882926 4.339626 -0.124490 -0.124390 0.036521 0.945732 0.297965
1784010325.925804138 3.823565 4.373537 -0.123983 -0.123874 0.034848 0.948835 0.288364
1784010326.026005030 3.764239 4.406259 -0.123988 -0.124261 0.034230 0.951437 0.279563
1784010326.125768185 3.704455 4.436483 -0.123370 -0.124083 0.032693 0.954204 0.270239
1784010326.225870132 3.644622 4.463818 -0.123271 -0.124825 0.031495 0.957617 0.257674
1784010326.325962067 3.584565 4.486918 -0.122797 -0.125339 0.028683 0.961373 0.243372
1784010326.425789118 3.525165 4.507177 -0.122013 -0.125704 0.027002 0.964994 0.228595
1784010326.525527000 3.468056 4.525867 -0.121710 -0.126114 0.025289 0.967765 0.216533
1784010326.625567198 3.410209 4.544040 -0.121549 -0.125957 0.022578 0.970259 0.205482
1784010326.725596189 3.352244 4.561608 -0.121203 -0.126242 0.021969 0.972480 0.194586
1784010326.825621128 3.295461 4.576776 -0.120670 -0.127771 0.020162 0.974560 0.183031
1784010326.925575018 3.238753 4.590497 -0.120136 -0.128722 0.017507 0.976556 0.171649
1784010327.025645018 3.181991 4.605622 -0.120193 -0.129636 0.017410 0.977806 0.163669
1784010327.125524998 3.125444 4.622893 -0.120523 -0.131344 0.015839 0.977965 0.161500
1784010327.225857019 3.067121 4.641914 -0.121156 -0.132810 0.016473 0.977926 0.160471
1784010327.325790167 3.009551 4.660643 -0.121801 -0.134159 0.015527 0.977963 0.159215
1784010327.425927162 2.954970 4.678232 -0.122196 -0.134861 0.013575 0.977986 0.158654
1784010327.525856018 2.899850 4.696163 -0.122205 -0.134627 0.014148 0.978227 0.157312
1784010327.625713110 2.843054 4.714602 -0.122248 -0.134914 0.014681 0.978263 0.156791
1784010327.725673199 2.788037 4.732056 -0.121832 -0.134141 0.013201 0.978336 0.157134
1784010327.825613976 2.731104 4.750476 -0.121860 -0.132231 0.013439 0.978652 0.156763
1784010327.925789118 2.670018 4.770291 -0.122031 -0.131757 0.012356 0.978707 0.156906
1784010328.025722027 2.608307 4.789915 -0.121755 -0.131020 0.012091 0.978703 0.157570
1784010328.125539064 2.547099 4.810064 -0.121654 -0.130905 0.014013 0.978567 0.158351
1784010328.225654125 2.486190 4.829052 -0.121253 -0.131332 0.013594 0.978332 0.159477
1784010328.325447083 2.425931 4.847902 -0.120868 -0.131589 0.015049 0.978168 0.160141
1784010328.425719023 2.363202 4.869487 -0.121527 -0.133030 0.015993 0.977858 0.160754
1784010328.525496006 2.299756 4.891490 -0.122480 -0.133000 0.016276 0.977467 0.163110
1784010328.625841141 2.238437 4.911730 -0.122624 -0.132402 0.016469 0.977367 0.164172
1784010328.725910187 2.180684 4.931329 -0.122890 -0.132003 0.016431 0.977219 0.165373
1784010328.825791121 2.125442 4.950541 -0.123448 -0.131923 0.017032 0.976994 0.166701
1784010328.925696135 2.070602 4.969755 -0.123766 -0.131825 0.017703 0.976853 0.167532
1784010329.025876045 2.015933 4.988889 -0.123554 -0.131135 0.016586 0.976792 0.168538
1784010329.125581026 1.960437 5.008431 -0.123668 -0.130118 0.017033 0.976841 0.169001
1784010329.225573063 1.905336 5.027952 -0.124028 -0.130497 0.018219 0.976632 0.169792
1784010329.325680971 1.850102 5.046996 -0.123912 -0.129436 0.017036 0.976687 0.170407
1784010329.425822020 1.792798 5.067639 -0.124113 -0.129711 0.018724 0.976499 0.171099
1784010329.525465012 1.734360 5.088484 -0.124164 -0.130167 0.019034 0.976375 0.171424
1784010329.625658035 1.674729 5.109442 -0.124188 -0.130252 0.018166 0.976158 0.172683
1784010329.725476027 1.614386 5.131620 -0.124266 -0.130135 0.020225 0.975931 0.173824
1784010329.825612068 1.552629 5.154259 -0.124525 -0.129533 0.019581 0.975740 0.175410
1784010329.925641060 1.490412 5.177979 -0.124481 -0.129215 0.020438 0.975524 0.176746
1784010330.025384188 1.427571 5.201575 -0.124707 -0.128721 0.020134 0.975502 0.177260
1784010330.125375032 1.363602 5.223408 -0.124405 -0.127691 0.017957 0.975990 0.175543
1784010330.225522041 1.298206 5.243225 -0.124169 -0.127650 0.018282 0.977124 0.169117
1784010330.325698137 1.231625 5.259572 -0.123780 -0.127889 0.015491 0.978758 0.159490
1784010330.425322056 1.165166 5.275409 -0.123491 -0.128294 0.014629 0.980206 0.150074
1784010330.525612116 1.098536 5.291857 -0.123737 -0.130249 0.013384 0.980948 0.143515
1784010330.625643969 1.032012 5.307551 -0.124258 -0.131694 0.011123 0.981673 0.137296
1784010330.725466967 0.965210 5.323546 -0.124387 -0.133905 0.011301 0.982131 0.131763
1784010330.825345039 0.898524 5.337962 -0.124634 -0.135952 0.009014 0.982503 0.126978
1784010330.925363064 0.832167 5.351575 -0.125648 -0.137058 0.009399 0.983040 0.121483
1784010331.025691032 0.765824 5.365149 -0.126680 -0.138008 0.007844 0.983350 0.117959
1784010331.125568151 0.699848 5.378523 -0.127625 -0.138112 0.007493 0.983774 0.114274
1784010331.225507975 0.633779 5.391905 -0.128154 -0.137647 0.007988 0.984189 0.111182
1784010331.325260162 0.568128 5.405029 -0.128467 -0.136454 0.006184 0.984608 0.109041
1784010331.425585985 0.502273 5.419685 -0.128659 -0.135437 0.006459 0.984786 0.108677
1784010331.525667191 0.436107 5.434563 -0.128893 -0.135424 0.005468 0.984770 0.108892
1784010331.625581026 0.369966 5.449560 -0.129328 -0.135111 0.005597 0.984782 0.109169
1784010331.725517035 0.304471 5.464714 -0.129413 -0.134952 0.006859 0.984737 0.109695
1784010331.825294971 0.239283 5.479516 -0.129390 -0.134732 0.005659 0.984679 0.110558
1784010331.925246000 0.174292 5.494990 -0.129099 -0.134453 0.006075 0.984640 0.111217
1784010332.025696039 0.108607 5.510683 -0.129069 -0.135059 0.005112 0.984485 0.111903
1784010332.125205994 0.043951 5.526398 -0.129452 -0.134933 0.005640 0.984424 0.112565
1784010332.225480080 -0.021083 5.542294 -0.129445 -0.134916 0.006940 0.984333 0.113305
1784010332.325370073 -0.085231 5.557563 -0.129455 -0.134811 0.006654 0.984192 0.114661
1784010332.425472021 -0.149092 5.573313 -0.129603 -0.134282 0.007584 0.984140 0.115664
1784010332.525534153 -0.212849 5.588948 -0.129839 -0.134844 0.007227 0.983896 0.117103
1784010332.625502110 -0.276461 5.605176 -0.130421 -0.134206 0.007990 0.983827 0.118361
1784010332.725502014 -0.339994 5.621793 -0.130542 -0.133615 0.009403 0.983688 0.120067
1784010332.825500011 -0.403392 5.638164 -0.130307 -0.133216 0.008479 0.983590 0.121375
1784010332.925686121 -0.467774 5.654971 -0.130185 -0.132216 0.009435 0.983586 0.122429
1784010333.025572062 -0.532289 5.671137 -0.130419 -0.132668 0.008474 0.983418 0.123356
1784010333.125267029 -0.596334 5.687562 -0.131109 -0.131797 0.008925 0.983472 0.123823
1784010333.225327969 -0.660486 5.704217 -0.131432 -0.131526 0.009967 0.983412 0.124507
1784010333.325328112 -0.724592 5.720476 -0.131270 -0.131542 0.009203 0.983316 0.125309
1784010333.425453186 -0.788551 5.737123 -0.130902 -0.131061 0.009804 0.983375 0.125304
1784010333.525371075 -0.852475 5.752376 -0.130540 -0.130857 0.008638 0.983562 0.124126
1784010333.625120163 -0.916653 5.766272 -0.131072 -0.130382 0.007842 0.983957 0.121519
1784010333.725403070 -0.981220 5.778998 -0.131468 -0.129577 0.007657 0.984593 0.117162
1784010333.825132132 -1.046017 5.788323 -0.131421 -0.131049 0.005373 0.985398 0.108572
1784010333.925428152 -1.111986 5.794524 -0.131271 -0.131755 0.004160 0.986714 0.094972
1784010334.025351048 -1.177680 5.796621 -0.131323 -0.134135 0.001186 0.987841 0.078597
1784010334.125351191 -1.242198 5.794020 -0.132118 -0.135052 -0.001235 0.989111 0.058474
1784010334.225434065 -1.305794 5.786478 -0.132554 -0.135307 -0.004062 0.990131 0.036292
1784010334.325093985 -1.368528 5.774763 -0.133440 -0.135792 -0.007565 0.990636 0.012020
1784010334.425386190 -1.431611 5.759079 -0.133887 -0.135287 -0.011013 0.990649 -0.013811
1784010334.525339127 -1.494556 5.743185 -0.134173 -0.135402 -0.015058 0.990102 -0.033724
1784010334.625303984 -1.558077 5.729407 -0.135108 -0.135451 -0.016993 0.989487 -0.047752
1784010334.725394011 -1.620570 5.716324 -0.135456 -0.134323 -0.018712 0.989135 -0.056734
1784010334.825333118 -1.681483 5.703325 -0.135944 -0.135400 -0.018930 0.988475 -0.065009
1784010334.925371170 -1.741826 5.688302 -0.136280 -0.134932 -0.020640 0.987808 -0.074844
1784010335.025303125 -1.802243 5.670559 -0.136417 -0.134751 -0.022793 0.986782 -0.087083
1784010335.125121117 -1.862975 5.649709 -0.137462 -0.136358 -0.024513 0.984978 -0.103076
1784010335.225092173 -1.920996 5.624761 -0.138403 -0.135641 -0.028165 0.982855 -0.121675
1784010335.325190067 -1.975567 5.596333 -0.139620 -0.136315 -0.030075 0.979733 -0.143653
1784010335.425454140 -2.027822 5.565296 -0.140881 -0.135763 -0.032953 0.976317 -0.165187
1784010335.525429010 -2.079107 5.533017 -0.141988 -0.135638 -0.035786 0.972938 -0.183611
1784010335.625272989 -2.131525 5.501222 -0.143130 -0.135836 -0.037175 0.969936 -0.198471
1784010335.725181103 -2.183748 5.470232 -0.144268 -0.135572 -0.038491 0.967805 -0.208546
1784010335.825260162 -2.235165 5.438728 -0.145619 -0.134974 -0.039028 0.965868 -0.217618
1784010335.925388098 -2.285891 5.406413 -0.146423 -0.134526 -0.038682 0.964013 -0.226023
1784010336.025226116 -2.335844 5.372819 -0.147196 -0.133602 -0.040141 0.962068 -0.234445
1784010336.125315189 -2.387071 5.337541 -0.148242 -0.133300 -0.039686 0.959787 -0.243855
1784010336.225045204 -2.437575 5.299308 -0.149313 -0.132911 -0.041230 0.956297 -0.257158
1784010336.325088024 -2.483445 5.256266 -0.150713 -0.131186 -0.043903 0.950789 -0.277243
1784010336.424970150 -2.524775 5.209447 -0.152152 -0.129781 -0.046771 0.943423 -0.301534
1784010336.525171041 -2.562584 5.159843 -0.152995 -0.129387 -0.049643 0.934028 -0.329221
1784010336.625156164 -2.595235 5.107166 -0.154573 -0.128440 -0.052666 0.922769 -0.359481
1784010336.725171089 -2.622399 5.051162 -0.155457 -0.126254 -0.056726 0.909100 -0.392911
1784010336.825302124 -2.643219 4.997110 -0.156404 -0.125413 -0.061662 0.895862 -0.421782
1784010336.925115108 -2.656783 4.954867 -0.156960 -0.124099 -0.063831 0.886137 -0.441913
1784010337.025177002 -2.665204 4.924703 -0.157747 -0.122863 -0.066168 0.880072 -0.453871
1784010337.125145197 -2.669279 4.908998 -0.157833 -0.121657 -0.065941 0.879368 -0.455591
1784010337.225323200 -2.669786 4.905200 -0.157869 -0.121493 -0.066712 0.877913 -0.458321
1784010337.325225115 -2.664996 4.912622 -0.158309 -0.122988 -0.066908 0.877784 -0.458141
1784010337.425170183 -2.661664 4.920067 -0.157937 -0.123189 -0.067064 0.878639 -0.456421
1784010337.525161028 -2.661246 4.920641 -0.157785 -0.123156 -0.067250 0.878605 -0.456469
1784010337.625231028 -2.661943 4.918922 -0.158026 -0.123141 -0.067397 0.878575 -0.456508
1784010337.725270987 -2.661970 4.918777 -0.158803 -0.123527 -0.068536 0.878319 -0.456727
1784010337.825288057 -2.654383 4.932460 -0.158439 -0.123408 -0.067319 0.878457 -0.456675
1784010337.925008059 -2.639560 4.957042 -0.157108 -0.124154 -0.067032 0.880134 -0.453273
1784010338.025307178 -2.619567 4.990302 -0.156532 -0.123822 -0.066220 0.882393 -0.449071
1784010338.125126123 -2.597334 5.024354 -0.157987 -0.123124 -0.064575 0.883879 -0.446574
1784010338.224975109 -2.570412 5.064560 -0.159270 -0.125823 -0.065805 0.884891 -0.443628
1784010338.324839115 -2.542414 5.105978 -0.156479 -0.124346 -0.064168 0.886510 -0.441045
1784010338.425374031 -2.515453 5.144160 -0.154417 -0.123366 -0.064817 0.887898 -0.438426
1784010338.525082111 -2.490595 5.179500 -0.153277 -0.123962 -0.064744 0.889070 -0.435885
1784010338.625132084 -2.467008 5.212840 -0.151870 -0.124749 -0.064559 0.890165 -0.433447
1784010338.725264072 -2.443721 5.245696 -0.150133 -0.127541 -0.064741 0.890798 -0.431301
1784010338.825188160 -2.414617 5.286073 -0.148740 -0.125629 -0.063792 0.892616 -0.428235
1784010338.924799204 -2.385213 5.326126 -0.148158 -0.126345 -0.063637 0.893677 -0.425828
1784010339.025045156 -2.355944 5.365221 -0.147031 -0.127005 -0.064133 0.894727 -0.423343
1784010339.125065088 -2.330305 5.399096 -0.145616 -0.126914 -0.064466 0.895665 -0.421333
1784010339.225082159 -2.312637 5.422367 -0.145121 -0.127232 -0.065273 0.896319 -0.419718
1784010339.324957132 -2.300192 5.438851 -0.144841 -0.127787 -0.064844 0.896839 -0.418505
1784010339.425176144 -2.291923 5.449522 -0.143668 -0.127806 -0.064621 0.896985 -0.418220
1784010339.525274992 -2.301444 5.438042 -0.143640 -0.127021 -0.064293 0.896915 -0.418659
1784010339.625008106 -2.325548 5.405905 -0.144976 -0.127093 -0.063913 0.895652 -0.421391
1784010339.724765062 -2.356614 5.359778 -0.147104 -0.126447 -0.063963 0.892278 -0.428673
1784010339.825256109 -2.388626 5.303361 -0.148586 -0.124800 -0.064811 0.885913 -0.442021
1784010339.924797058 -2.419222 5.241874 -0.150263 -0.124207 -0.066972 0.877260 -0.458806
1784010340.024880171 -2.447774 5.176564 -0.151917 -0.121981 -0.069190 0.867483 -0.477292
1784010340.124715090 -2.472547 5.108847 -0.153119 -0.120230 -0.070968 0.856384 -0.497106
1784010340.225177050 -2.492957 5.039033 -0.154597 0.119166 0.073634 -0.843187 0.519051
1784010340.325119972 -2.507557 4.968291 -0.155769 0.117536 0.077435 -0.827801 0.543079
1784010340.425044060 -2.517832 4.897303 -0.157228 0.116511 0.080251 -0.811218 0.567371
1784010340.524816990 -2.522238 4.826292 -0.158488 0.113197 0.083902 -0.793147 0.592507
1784010340.625179052 -2.520340 4.754434 -0.160382 0.112050 0.086922 -0.772324 0.619197
1784010340.724802017 -2.512822 4.682126 -0.161765 0.109604 0.091498 -0.750057 0.645778
1784010340.824834108 -2.499578 4.609153 -0.163298 0.106767 0.095607 -0.725672 0.672948
1784010340.924883127 -2.480632 4.537527 -0.164063 0.103223 0.099600 -0.699726 0.699863
1784010341.024742126 -2.456571 4.468122 -0.165538 0.100966 0.102866 -0.671789 0.726584
1784010341.124927044 -2.426998 4.401494 -0.166303 0.096037 0.105363 -0.644059 0.751574
1784010341.224840164 -2.393658 4.337253 -0.166986 0.092879 0.107346 -0.616017 0.774838
1784010341.324944973 -2.356442 4.278154 -0.167450 0.087776 0.110241 -0.588768 0.795924
1784010341.424681187 -2.314511 4.221677 -0.168269 0.085220 0.112290 -0.558524 0.817423
1784010341.524718046 -2.270154 4.169288 -0.169129 0.081375 0.114653 -0.530700 0.835817
1784010341.624736071 -2.220591 4.121144 -0.170080 0.077474 0.117338 -0.499639 0.854746
1784010341.724699020 -2.168848 4.075437 -0.170294 0.073558 0.118920 -0.470864 0.871054
1784010341.825004101 -2.119984 4.027662 -0.171269 0.070633 0.121035 -0.452314 0.880780
1784010341.925091982 -2.077318 3.973421 -0.171883 0.070936 0.121138 -0.448236 0.882824
1784010342.024916172 -2.034181 3.918262 -0.172666 0.070477 0.121835 -0.444317 0.884744
1784010342.125022173 -1.990521 3.862956 -0.173654 0.069302 0.121720 -0.440931 0.886545
1784010342.224874973 -1.947014 3.808044 -0.173847 0.068347 0.121274 -0.438488 0.887890
1784010342.324766159 -1.903171 3.753480 -0.174652 0.068196 0.121485 -0.435300 0.889441
1784010342.424968004 -1.859000 3.699267 -0.174719 0.067079 0.121917 -0.431835 0.891154
1784010342.525004148 -1.814104 3.646332 -0.175103 0.065607 0.123655 -0.426617 0.893534
1784010342.625029087 -1.767657 3.595443 -0.175285 0.063788 0.124314 -0.419161 0.897096
1784010342.724964142 -1.720749 3.546211 -0.175901 0.062501 0.124989 -0.412172 0.900326
1784010342.825073004 -1.675084 3.496436 -0.177330 0.062724 0.125023 -0.408449 0.902000
1784010342.924728155 -1.629644 3.447805 -0.178244 0.061649 0.124184 -0.405284 0.903616
1784010343.024913073 -1.583893 3.399302 -0.179748 0.061663 0.124555 -0.402109 0.904982
1784010343.124633074 -1.537912 3.351220 -0.180689 0.061182 0.124222 -0.399087 0.906397
1784010343.224711180 -1.491585 3.303123 -0.181071 0.060892 0.124079 -0.396821 0.907430
1784010343.325003147 -1.444838 3.254834 -0.182005 0.061109 0.123816 -0.394316 0.908543
1784010343.424641132 -1.399830 3.205865 -0.182573 0.061271 0.123517 -0.395492 0.908061
1784010343.524620056 -1.356547 3.155717 -0.183909 0.061731 0.124129 -0.398871 0.906467
1784010343.624715090 -1.315663 3.104266 -0.184575 0.062112 0.122723 -0.404919 0.903948
1784010343.724853992 -1.277695 3.051062 -0.185223 0.063408 0.122597 -0.414693 0.899433
1784010343.824879169 -1.243089 2.996132 -0.186447 0.065646 0.121868 -0.426322 0.893917
1784010343.924863100 -1.211019 2.940173 -0.187635 0.067325 0.120672 -0.440536 0.887036
1784010344.024906158 -1.180952 2.883515 -0.189124 0.068740 0.120056 -0.454459 0.879959
1784010344.124728203 -1.153460 2.826551 -0.190060 0.069785 0.118414 -0.469188 0.872336
1784010344.224586010 -1.128600 2.769175 -0.190900 0.071811 0.117356 -0.484276 0.864030
1784010344.324611187 -1.106315 2.710714 -0.192232 0.074055 0.114913 -0.499052 0.855721
1784010344.424570084 -1.086808 2.649207 -0.193531 0.076440 0.113796 -0.516023 0.845534
1784010344.524795055 -1.070410 2.585726 -0.194275 0.077486 0.112795 -0.534943 0.833732
1784010344.624785185 -1.058069 2.521139 -0.194968 0.081065 0.110205 -0.554997 0.820525
1784010344.724645138 -1.049381 2.456478 -0.195629 0.083078 0.108044 -0.575569 0.806316
1784010344.824781179 -1.044409 2.391055 -0.195805 0.085699 0.106822 -0.596843 0.790584
1784010344.924540997 -1.043398 2.325714 -0.196421 0.089688 0.105451 -0.617012 0.774682
1784010345.024882078 -1.045903 2.260137 -0.196847 0.091936 0.104681 -0.637706 0.757575
1784010345.124436140 -1.053287 2.195625 -0.197409 0.094507 0.101527 -0.659417 0.738871
1784010345.224845171 -1.064825 2.131683 -0.198466 0.096513 0.099166 -0.680923 0.719162
1784010345.324741125 -1.081410 2.068738 -0.200033 0.099530 0.096511 -0.702903 0.697644
1784010345.424766064 -1.102956 2.006582 -0.201678 0.101750 0.095223 -0.725345 0.674133
1784010345.524752140 -1.128735 1.946485 -0.203310 0.104207 0.092105 -0.747823 0.649167
1784010345.624747992 -1.158202 1.889985 -0.204479 0.107492 0.088945 -0.769133 0.623673
1784010345.724733114 -1.191064 1.836845 -0.205678 0.109500 0.085582 -0.789560 0.597730
1784010345.824715137 -1.228101 1.786465 -0.206991 0.111977 0.082698 -0.810564 0.568866
1784010345.924513102 -1.266952 1.739485 -0.207684 0.113614 0.079363 -0.828732 0.542215
1784010346.024500132 -1.310978 1.696177 -0.207654 0.115124 0.074856 -0.848596 0.510910
1784010346.124572039 -1.360344 1.654238 -0.208333 -0.119019 -0.069654 0.866992 -0.478860
1784010346.224405050 -1.410047 1.616690 -0.208466 -0.120865 -0.065076 0.883889 -0.447098
1784010346.324398994 -1.463904 1.583703 -0.208553 -0.123409 -0.060781 0.900418 -0.412703
1784010346.424678087 -1.520017 1.553539 -0.208954 -0.125284 -0.056913 0.914565 -0.380310
1784010346.524799109 -1.576819 1.527915 -0.208708 -0.126691 -0.051361 0.927877 -0.346923
1784010346.624641180 -1.637406 1.506972 -0.208547 -0.127969 -0.047527 0.940770 -0.310348
1784010346.724522114 -1.701476 1.490322 -0.208492 -0.130502 -0.041424 0.952369 -0.272482
1784010346.824618101 -1.766300 1.477979 -0.208252 -0.132624 -0.037732 0.961390 -0.238151
1784010346.924475193 -1.829737 1.471065 -0.207907 -0.132788 -0.032632 0.969890 -0.201534
1784010347.024306059 -1.896340 1.469878 -0.208243 -0.135201 -0.026737 0.977019 -0.162601
1784010347.124611139 -1.962689 1.471085 -0.208942 -0.135396 -0.021922 0.982467 -0.126276
1784010347.224554062 -2.029013 1.479705 -0.209539 -0.136303 -0.017159 0.986806 -0.085677
1784010347.324613094 -2.096276 1.492288 -0.211046 -0.136820 -0.012122 0.989307 -0.049035
1784010347.424626112 -2.161467 1.508570 -0.211903 -0.136119 -0.006726 0.990577 -0.013586
1784010347.524571180 -2.227813 1.527946 -0.212816 -0.135130 -0.002720 0.990646 0.018815
1784010347.624387980 -2.295201 1.549561 -0.213640 -0.134493 0.001518 0.989673 0.049563
1784010347.724608183 -2.361019 1.573950 -0.214239 -0.134019 0.004646 0.988006 0.076556
1784010347.824484110 -2.425160 1.601338 -0.214485 -0.132526 0.008881 0.985586 0.104773
1784010347.924437046 -2.488661 1.631791 -0.214523 -0.131266 0.013396 0.982482 0.131603
1784010348.024399996 -2.546985 1.663480 -0.213924 -0.130928 0.017108 0.978051 0.161185
1784010348.124600172 -2.599159 1.698464 -0.213902 -0.129501 0.019432 0.974804 0.180582
1784010348.224471092 -2.652043 1.736501 -0.213492 -0.130508 0.021620 0.970034 0.203798
1784010348.324371099 -2.704916 1.777004 -0.213108 -0.130002 0.024685 0.964778 0.227363
1784010348.424602032 -2.761705 1.815745 -0.213440 -0.130126 0.026794 0.961731 0.239630
1784010348.524446011 -2.821375 1.851412 -0.213063 -0.131042 0.027134 0.960456 0.244165
1784010348.624459982 -2.866486 1.880007 -0.213343 -0.134910 0.026718 0.961846 0.236512
1784010348.724591970 -2.845892 1.875133 -0.212945 -0.132169 0.024248 0.966268 0.219704
1784010348.824669123 -2.835478 1.870290 -0.212659 -0.133260 0.024431 0.966190 0.219368
1784010348.924631119 -2.829795 1.867121 -0.212075 -0.132546 0.024587 0.966383 0.218929
1784010349.024557114 -2.828661 1.866630 -0.211972 -0.132486 0.024729 0.966363 0.219038
1784010349.124598026 -2.831196 1.867794 -0.212139 -0.132690 0.024554 0.966356 0.218967
1784010349.224537134 -2.833233 1.868735 -0.212410 -0.132426 0.024296 0.966405 0.218938
1784010349.324174166 -2.834353 1.868980 -0.212775 -0.132001 0.024191 0.966466 0.218939
1784010349.424606085 -2.832658 1.867515 -0.213074 -0.131127 0.024119 0.966620 0.218792
1784010349.524345160 -2.821439 1.861700 -0.212554 -0.131656 0.023542 0.966465 0.219223
1784010349.624565125 -2.802827 1.852790 -0.209530 -0.131666 0.025366 0.966346 0.219536
1784010349.724482059 -2.777662 1.841343 -0.209101 -0.132482 0.024965 0.966075 0.220282
1784010349.824518204 -2.746048 1.826898 -0.210812 -0.128719 0.023865 0.966401 0.221205
1784010349.924143076 -2.703662 1.807931 -0.211988 -0.127466 0.024062 0.965889 0.224126
1784010350.024515152 -2.662587 1.788826 -0.212757 -0.127145 0.024127 0.965387 0.226453
1784010350.124148130 -2.631928 1.774499 -0.213279 -0.127623 0.025185 0.964960 0.227884
1784010350.224379063 -2.610628 1.764080 -0.213201 -0.128096 0.025431 0.964611 0.229063
1784010350.324253082 -2.595496 1.756638 -0.213249 -0.128382 0.025730 0.964279 0.230266
1784010350.424480200 -2.586139 1.751995 -0.213148 -0.128530 0.026072 0.964156 0.230661
1784010350.524232149 -2.583271 1.750456 -0.213071 -0.128411 0.026619 0.964109 0.230857
1784010350.624387980 -2.584280 1.750737 -0.212918 -0.128602 0.026704 0.964070 0.230905
1784010350.724436998 -2.586445 1.751657 -0.212949 -0.128535 0.026617 0.964149 0.230625
1784010350.824133158 -2.588937 1.752819 -0.213220 -0.128084 0.026352 0.964202 0.230684
1784010350.924487114 -2.591543 1.754070 -0.213604 -0.128910 0.025856 0.964160 0.230456
1784010351.024404049 -2.593481 1.755045 -0.214043 -0.128438 0.025517 0.964212 0.230537
1784010351.124147177 -2.594520 1.755534 -0.214357 -0.127955 0.025341 0.964277 0.230553
1784010351.224148989 -2.594675 1.755593 -0.214178 -0.128301 0.025136 0.964246 0.230515
1784010351.324279070 -2.594416 1.755472 -0.213810 -0.128680 0.025611 0.964191 0.230480
1784010351.424288988 -2.594106 1.755439 -0.213509 -0.128774 0.025928 0.964173 0.230468
1784010351.524152994 -2.594180 1.755582 -0.213402 -0.128032 0.025875 0.964282 0.230430
1784010351.624387980 -2.594640 1.755999 -0.213711 -0.128584 0.026222 0.964243 0.230249
1784010351.724243164 -2.583928 1.751221 -0.213806 -0.129842 0.026938 0.963906 0.230871
1784010351.824347973 -2.561827 1.740830 -0.212697 -0.128849 0.027292 0.963742 0.232067
1784010351.924005985 -2.530856 1.725982 -0.211640 -0.129254 0.027671 0.963292 0.233661
1784010352.024023056 -2.491563 1.707332 -0.211968 -0.129185 0.027877 0.962919 0.235203
1784010352.124161005 -2.452210 1.688320 -0.212249 -0.128880 0.027650 0.962595 0.236722
1784010352.224106073 -2.420369 1.672809 -0.211864 -0.128645 0.027403 0.962320 0.237991
1784010352.324130058 -2.398739 1.662278 -0.212175 -0.128483 0.027161 0.962169 0.238714
1784010352.424206972 -2.383346 1.654799 -0.212689 -0.128248 0.026968 0.962023 0.239451
1784010352.524340153 -2.373152 1.650145 -0.212637 -0.127970 0.026678 0.961923 0.240032
1784010352.624167204 -2.388172 1.658201 -0.212278 -0.127792 0.027681 0.962202 0.238892
1784010352.724507093 -2.432571 1.675473 -0.213224 -0.127639 0.026988 0.964162 0.231021
1784010352.824110031 -2.494813 1.689303 -0.213464 -0.128187 0.024226 0.969420 0.207860
1784010352.924134970 -2.566896 1.695819 -0.213932 -0.130619 0.020215 0.976009 0.173021
1784010353.023983002 -2.643505 1.693837 -0.214178 -0.131302 0.013802 0.982568 0.130877
1784010353.124034166 -2.721816 1.682812 -0.213431 -0.132550 0.008364 0.987598 0.083732
1784010353.224267006 -2.799294 1.662615 -0.211792 -0.131939 0.001104 0.990647 0.034785
1784010353.324203014 -2.865904 1.642645 -0.209942 -0.133358 -0.003922 0.991056 -0.002902
1784010353.424056053 -2.850697 1.643523 -0.212108 -0.132532 -0.004923 0.991166 0.001289
1784010353.524355173 -2.828824 1.646140 -0.211550 -0.132142 -0.004400 0.991207 0.005294
1784010353.624245167 -2.812524 1.647997 -0.210306 -0.131902 -0.003874 0.991229 0.007265
1784010353.724341154 -2.801291 1.648568 -0.209058 -0.131105 -0.003793 0.991329 0.008020
1784010353.824221134 -2.792700 1.649034 -0.207891 -0.130841 -0.003190 0.991361 0.008561
1784010353.924292088 -2.765790 1.647869 -0.207652 -0.130893 -0.003544 0.991369 0.006553
1784010354.024193048 -2.725578 1.643560 -0.207605 -0.131444 -0.005564 0.991308 0.000476
1784010354.124232054 -2.683463 1.637675 -0.207533 -0.132663 -0.007488 0.991086 -0.009674
1784010354.224071980 -2.642110 1.632176 -0.207780 -0.132835 -0.008689 0.990876 -0.021080
1784010354.323935986 -2.611101 1.628819 -0.208505 -0.133209 -0.009118 0.990582 -0.030315
1784010354.424261093 -2.588440 1.626504 -0.208767 -0.132715 -0.009748 0.990429 -0.036643
1784010354.524229050 -2.572756 1.625572 -0.209772 -0.132457 -0.009766 0.990330 -0.040070
1784010354.624142170 -2.564741 1.624887 -0.211972 -0.130896 -0.009136 0.990520 -0.040647
1784010354.724038124 -2.583039 1.623717 -0.210622 -0.130955 -0.010005 0.990500 -0.040744
1784010354.824191093 -2.622140 1.618676 -0.208901 -0.132587 -0.010443 0.990067 -0.045593
1784010354.924163103 -2.673499 1.604943 -0.208363 -0.131738 -0.012265 0.989382 -0.060147
1784010355.024294138 -2.730961 1.583479 -0.208351 -0.131869 -0.014642 0.987660 -0.083207
1784010355.123855114 -2.789597 1.557188 -0.208281 -0.131722 -0.017609 0.985292 -0.107418
1784010355.224277020 -2.848570 1.525606 -0.208611 -0.131610 -0.021384 0.981877 -0.134682
1784010355.324033022 -2.853740 1.512228 -0.208486 -0.128273 -0.020281 0.985030 -0.113359
1784010355.423974037 -2.858363 1.510675 -0.209658 -0.131525 -0.018008 0.984602 -0.113738
1784010355.523985147 -2.859335 1.507388 -0.210383 -0.131324 -0.019580 0.984540 -0.114242
1784010355.624176025 -2.853232 1.511261 -0.210713 -0.131131 -0.018561 0.984931 -0.111229
1784010355.724285126 -2.848920 1.513887 -0.210726 -0.131268 -0.018343 0.985073 -0.109834
1784010355.824257135 -2.830676 1.521102 -0.210025 -0.131642 -0.018252 0.985233 -0.107954
1784010355.924159050 -2.789554 1.527638 -0.210244 -0.132970 -0.019248 0.984501 -0.112726
1784010356.023934126 -2.736916 1.532191 -0.211778 -0.131960 -0.020463 0.983317 -0.123510
1784010356.124097109 -2.680570 1.535340 -0.212557 -0.132224 -0.023718 0.980914 -0.140581
1784010356.224045038 -2.625075 1.541090 -0.212568 -0.132960 -0.025799 0.978019 -0.158543
1784010356.324269056 -2.562042 1.551042 -0.212195 -0.132629 -0.029188 0.975165 -0.174960
1784010356.423930168 -2.497756 1.573155 -0.211973 -0.132867 -0.028006 0.974826 -0.176853
1784010356.523770094 -2.455568 1.591059 -0.210681 -0.131485 -0.027419 0.975090 -0.176522
1784010356.624121189 -2.458678 1.589488 -0.210860 -0.131767 -0.027485 0.974838 -0.177690
1784010356.724129200 -2.487627 1.575617 -0.211171 -0.132195 -0.027739 0.973764 -0.183135
1784010356.823917150 -2.529821 1.550791 -0.211318 -0.131400 -0.029984 0.971355 -0.195717
1784010356.923772097 -2.577328 1.518054 -0.212019 -0.131728 -0.030925 0.967373 -0.214198
1784010357.023766041 -2.626788 1.478775 -0.212760 -0.130462 -0.034543 0.962368 -0.235868
1784010357.123861074 -2.675150 1.433910 -0.213222 -0.129455 -0.038546 0.955551 -0.262065
1784010357.224179029 -2.719594 1.386124 -0.213583 -0.127760 -0.040710 0.948008 -0.288618
1784010357.323950052 -2.760512 1.335012 -0.214275 -0.126538 -0.045615 0.938707 -0.317390
1784010357.423977137 -2.798775 1.280858 -0.215259 -0.125065 -0.048524 0.928119 -0.347275
1784010357.523974180 -2.831575 1.224302 -0.215249 -0.124350 -0.053370 0.915012 -0.380055
1784010357.623881102 -2.836278 1.189116 -0.215972 -0.121867 -0.053720 0.917306 -0.375250
1784010357.723773003 -2.833906 1.186413 -0.216116 -0.124739 -0.053053 0.917785 -0.373224
1784010357.823974133 -2.833030 1.187175 -0.216222 -0.123749 -0.053210 0.917617 -0.373944
1784010357.923739195 -2.832483 1.188528 -0.216362 -0.123332 -0.053467 0.917639 -0.373992
1784010358.023828983 -2.829466 1.192825 -0.216510 -0.123332 -0.053865 0.917429 -0.374449
1784010358.123960018 -2.825526 1.201916 -0.216225 -0.123523 -0.052708 0.919272 -0.370005
1784010358.223633051 -2.814136 1.214227 -0.216103 -0.124191 -0.053453 0.919831 -0.368279
1784010358.323970079 -2.784051 1.245660 -0.215038 -0.124735 -0.052458 0.920553 -0.366431
1784010358.423876047 -2.738276 1.289823 -0.214660 -0.125044 -0.053581 0.920628 -0.365974
1784010358.523639202 -2.684461 1.340369 -0.214052 -0.125018 -0.053532 0.920258 -0.366920
1784010358.623950005 -2.624869 1.388641 -0.213945 -0.124639 -0.056118 0.916328 -0.376377
1784010358.723988056 -2.571348 1.430699 -0.213003 -0.123848 -0.056831 0.910441 -0.390551
1784010358.824006081 -2.537604 1.460172 -0.211872 -0.124678 -0.056964 0.906898 -0.398430
1784010358.923859119 -2.517851 1.482203 -0.212163 -0.124494 -0.056914 0.906784 -0.398755
1784010359.023756027 -2.513945 1.486900 -0.214373 -0.125996 -0.057079 0.906567 -0.398752
1784010359.123644114 -2.530395 1.466107 -0.214283 -0.124243 -0.056272 0.905314 -0.402248
1784010359.223899126 -2.558772 1.423597 -0.213746 -0.123685 -0.058492 0.900903 -0.411892
1784010359.323958158 -2.591245 1.365226 -0.213915 -0.121883 -0.061530 0.892318 -0.430264
1784010359.423794031 -2.622687 1.295350 -0.213898 -0.119972 -0.064478 0.879415 -0.456156
1784010359.523566008 -2.650086 1.218231 -0.214951 -0.118044 -0.066976 0.863151 -0.486364
1784010359.623821020 -2.668900 1.134371 -0.215577 0.115766 0.070997 -0.841954 0.522179
1784010359.724039078 -2.677953 1.046872 -0.216288 0.111197 0.077541 -0.817327 0.560000
1784010359.823852062 -2.678885 0.957908 -0.216909 0.108855 0.082414 -0.789650 0.598173
1784010359.923627138 -2.671155 0.869665 -0.218026 0.104815 0.087831 -0.760296 0.635019
1784010360.023638010 -2.652981 0.782199 -0.219284 0.102028 0.093239 -0.726347 0.673288
1784010360.123550177 -2.623429 0.698456 -0.220395 0.097119 0.098920 -0.688106 0.712245
1784010360.223623991 -2.585245 0.621675 -0.221566 0.092795 0.103242 -0.649706 0.747403
1784010360.323657990 -2.536002 0.549896 -0.222050 0.088059 0.106972 -0.605225 0.783904
1784010360.423640013 -2.480599 0.484414 -0.222264 0.081718 0.109729 -0.562416 0.815457
1784010360.523514032 -2.415431 0.424566 -0.223008 0.076060 0.113782 -0.512263 0.847853
1784010360.623537064 -2.345834 0.371985 -0.223702 0.069095 0.117664 -0.465037 0.874712
1784010360.723685026 -2.269300 0.327726 -0.224136 0.062989 0.121191 -0.412659 0.900588
1784010360.823544025 -2.190187 0.292800 -0.224308 0.056097 0.124607 -0.362024 0.922098
1784010360.923551083 -2.107658 0.266988 -0.223723 0.049563 0.125612 -0.310658 0.940881
1784010361.023634195 -2.024672 0.239598 -0.223862 0.043541 0.127517 -0.274051 0.952229
1784010361.123540163 -1.946010 0.203622 -0.223433 0.041651 0.128016 -0.259096 0.956424
1784010361.223841190 -1.867867 0.168073 -0.224643 0.040867 0.127820 -0.247870 0.959454
1784010361.323688030 -1.788590 0.134268 -0.225191 0.039024 0.128768 -0.236132 0.962360
1784010361.423532009 -1.708475 0.101910 -0.225840 0.038042 0.130300 -0.223946 0.965103
1784010361.523586988 -1.626359 0.073087 -0.226071 0.037719 0.130161 -0.208846 0.968514
1784010361.623800993 -1.541646 0.050229 -0.226746 0.034905 0.132243 -0.188668 0.972470
1784010361.723627090 -1.456111 0.032575 -0.226434 0.031225 0.131915 -0.165484 0.976851
1784010361.823470116 -1.370413 0.016297 -0.226783 0.027977 0.132365 -0.146077 0.979979
1784010361.923681974 -1.284080 0.001977 -0.227181 0.024479 0.133440 -0.128611 0.982372
1784010362.023710012 -1.198285 -0.009223 -0.227161 0.022822 0.131635 -0.112494 0.984630
1784010362.123906136 -1.111932 -0.017693 -0.227593 0.020579 0.131779 -0.095875 0.986417
1784010362.223589182 -1.025748 -0.022944 -0.228231 0.017358 0.131738 -0.078356 0.988030
1784010362.323681116 -0.939191 -0.025354 -0.229561 0.014599 0.132014 -0.061336 0.989241
1784010362.423611164 -0.853573 -0.024912 -0.230797 0.011559 0.132336 -0.044364 0.990144
1784010362.523778200 -0.768293 -0.021936 -0.231907 0.009530 0.133155 -0.027459 0.990669
1784010362.623691082 -0.684796 -0.015867 -0.232728 0.006500 0.132840 -0.010146 0.991064
1784010362.723596096 -0.602367 -0.007030 -0.233414 0.004690 0.133380 0.006414 0.991033
1784010362.823748112 -0.521456 0.004346 -0.233477 0.002069 0.132083 0.021867 0.990995
1784010362.923715115 -0.441289 0.015359 -0.233517 0.000371 0.131687 0.032747 0.990750
1784010363.023362160 -0.362024 0.024371 -0.233975 -0.001024 0.131472 0.038414 0.990575
1784010363.123430967 -0.282835 0.033959 -0.233902 -0.001554 0.131610 0.042897 0.990372
1784010363.223623991 -0.204562 0.043799 -0.233951 -0.002048 0.131156 0.047036 0.990243
1784010363.323457003 -0.126781 0.054482 -0.234323 -0.003333 0.132039 0.051294 0.989911
1784010363.423479080 -0.048948 0.066177 -0.234496 -0.004511 0.131647 0.056133 0.989696
1784010363.523320198 0.028700 0.078674 -0.234354 -0.005342 0.131193 0.060172 0.989515
1784010363.623578072 0.106158 0.091626 -0.234183 -0.005339 0.130271 0.064049 0.989393
1784010363.723417997 0.183727 0.103392 -0.233473 -0.006798 0.129330 0.064661 0.989468
1784010363.823626995 0.262839 0.104113 -0.233238 -0.005511 0.128787 0.048159 0.990487
1784010363.923711061 0.342404 0.095367 -0.233210 -0.001944 0.129322 0.021800 0.991361
1784010364.023569107 0.420867 0.081177 -0.233398 0.002157 0.129464 -0.005706 0.991565
1784010364.123713017 0.500340 0.074951 -0.232939 0.004211 0.129486 -0.012684 0.991491
1784010364.223745108 0.579709 0.073316 -0.232461 0.002774 0.128959 -0.012374 0.991569
1784010364.323414087 0.659769 0.071219 -0.232242 0.004329 0.129168 -0.012349 0.991536
1784010364.423580170 0.739658 0.069448 -0.231406 0.004367 0.128041 -0.012380 0.991682
1784010364.523615122 0.819602 0.067501 -0.230229 0.004927 0.128507 -0.011913 0.991625
1784010364.623599052 0.899472 0.066216 -0.229449 0.003007 0.128809 -0.011281 0.991601
1784010364.723659992 0.979531 0.064908 -0.228836 0.002733 0.128879 -0.009789 0.991608
1784010364.823391199 1.060262 0.064405 -0.228014 0.002398 0.128743 -0.007548 0.991646
1784010364.923465967 1.140567 0.064444 -0.227442 0.002162 0.128367 -0.005164 0.991711
1784010365.023604155 1.221901 0.065236 -0.227770 0.001096 0.128713 -0.003412 0.991675
1784010365.123241186 1.303996 0.066182 -0.226625 0.000795 0.127654 -0.001558 0.991817
1784010365.223555088 1.387573 0.067297 -0.225761 0.001280 0.128120 -0.000399 0.991758
1784010365.323578119 1.472482 0.068808 -0.224044 0.001015 0.127117 0.001252 0.991886
1784010365.423619032 1.559026 0.070694 -0.223713 0.000855 0.126544 0.002576 0.991957
1784010365.523360014 1.647394 0.072565 -0.222430 0.001651 0.126611 0.003738 0.991944
1784010365.623504162 1.738160 0.074842 -0.221332 0.001555 0.126929 0.005475 0.991895
1784010365.723467112 1.829866 0.077413 -0.220203 0.000958 0.126251 0.007526 0.991969
1784010365.823645115 1.923965 0.080312 -0.218893 0.000995 0.126874 0.009465 0.991873
1784010365.923197031 2.017321 0.083414 -0.217418 0.000670 0.127004 0.010717 0.991844
1784010366.023292065 2.111525 0.087245 -0.216823 0.000594 0.128587 0.013391 0.991608
1784010366.123208046 2.203747 0.091269 -0.216323 -0.000789 0.129543 0.015832 0.991447
1784010366.223386049 2.296189 0.095462 -0.215847 -0.000942 0.129098 0.017471 0.991478
1784010366.323213100 2.387413 0.100471 -0.215869 -0.001219 0.129519 0.018855 0.991397
1784010366.423273087 2.478447 0.105852 -0.216036 -0.001338 0.129402 0.021510 0.991358
1784010366.523413181 2.569921 0.111698 -0.216666 -0.001934 0.130592 0.023210 0.991163
1784010366.623255014 2.661571 0.117663 -0.216998 -0.001832 0.130675 0.025000 0.991108
1784010366.723574162 2.754032 0.123890 -0.217490 -0.002299 0.131616 0.026292 0.990949
1784010366.823508978 2.846057 0.130074 -0.217416 -0.002955 0.131727 0.028721 0.990865
1784010366.923195124 2.938294 0.136167 -0.218075 -0.003403 0.132172 0.029623 0.990778
1784010367.023154020 3.031021 0.139096 -0.217386 -0.003940 0.131192 0.025342 0.991025
1784010367.123407125 3.124191 0.136405 -0.217834 -0.002163 0.130561 0.014484 0.991332
1784010367.223357201 3.216626 0.129580 -0.217919 -0.002162 0.130570 -0.000172 0.991437
1784010367.323197126 3.307020 0.121885 -0.218183 0.000110 0.129737 -0.012018 0.991476
1784010367.423246145 3.396347 0.112832 -0.218979 0.000985 0.131263 -0.023427 0.991070
1784010367.523085117 3.484645 0.101506 -0.219800 0.001794 0.132148 -0.034798 0.990617
1784010367.623471022 3.573064 0.086533 -0.220738 0.003625 0.134010 -0.049954 0.989714
1784010367.723374128 3.660592 0.067406 -0.221338 0.006028 0.134050 -0.067461 0.988657
1784010367.823101997 3.749260 0.045998 -0.221920 0.009391 0.134359 -0.085179 0.987220
1784010367.923163176 3.838137 0.023947 -0.222321 0.010694 0.133565 -0.096587 0.986264
1784010368.023133993 3.927388 0.006527 -0.222873 0.011529 0.134038 -0.096574 0.986192
1784010368.123080015 4.016046 -0.009121 -0.222954 0.010755 0.133461 -0.095975 0.986337
1784010368.223529100 4.104518 -0.025150 -0.223325 0.010917 0.133074 -0.094464 0.986534
1784010368.323050976 4.191521 -0.040605 -0.223544 0.009084 0.133507 -0.092944 0.986638
1784010368.423171043 4.278528 -0.055990 -0.223914 0.010230 0.133033 -0.090945 0.986877
1784010368.523365021 4.365245 -0.069890 -0.223860 0.010130 0.133659 -0.089389 0.986936
1784010368.623027086 4.451453 -0.082585 -0.223001 0.008511 0.132668 -0.086978 0.987300
1784010368.723203182 4.540539 -0.096765 -0.223498 0.007489 0.133615 -0.085805 0.987283
1784010368.823050976 4.631791 -0.111739 -0.223626 0.007450 0.132548 -0.084571 0.987534
1784010368.923127174 4.725490 -0.126372 -0.223965 0.007413 0.133006 -0.082891 0.987615
1784010369.023073196 4.820177 -0.141064 -0.223981 0.005969 0.132049 -0.080865 0.987921
1784010369.123053074 4.916381 -0.155697 -0.224599 0.006368 0.132396 -0.078083 0.988096
1784010369.223318100 5.013581 -0.169996 -0.225101 0.006000 0.132041 -0.076134 0.988298
1784010369.323326111 5.111807 -0.184374 -0.226094 0.005767 0.133370 -0.074483 0.988247
1784010369.423233032 5.211038 -0.196597 -0.226438 0.005653 0.133863 -0.071150 0.988426
1784010369.523015022 5.311120 -0.206675 -0.226421 0.004433 0.134186 -0.065082 0.988807
1784010369.623269081 5.412605 -0.214657 -0.226197 0.004626 0.133669 -0.055760 0.989445
1784010369.723316193 5.515014 -0.220223 -0.227195 0.002293 0.134458 -0.047065 0.989798
1784010369.823224068 5.617566 -0.223979 -0.227122 0.001013 0.133141 -0.037751 0.990377
1784010369.922971010 5.720743 -0.227144 -0.227384 -0.000092 0.134493 -0.030119 0.990457
1784010370.023223162 5.824016 -0.230581 -0.227865 -0.002123 0.133513 -0.025788 0.990709
1784010370.122961998 5.926558 -0.233256 -0.229194 -0.001566 0.134081 -0.021254 0.990741
1784010370.223287106 6.029159 -0.234571 -0.230326 -0.003223 0.133570 -0.017113 0.990886
1784010370.322940111 6.130900 -0.235303 -0.230997 -0.004662 0.132777 -0.012272 0.991059
1784010370.422933102 6.232954 -0.235346 -0.231486 -0.005165 0.132878 -0.008793 0.991080
1784010370.522983074 6.334405 -0.234624 -0.231368 -0.006409 0.132048 -0.004897 0.991210
1784010370.623011112 6.435425 -0.233131 -0.230976 -0.007485 0.130808 -0.000528 0.991379
1784010370.722911119 6.536315 -0.230614 -0.231479 -0.008981 0.130202 0.002545 0.991444
1784010370.823042154 6.637308 -0.227570 -0.231164 -0.009390 0.130541 0.006256 0.991379
1784010370.923045158 6.738246 -0.223693 -0.231546 -0.009533 0.132380 0.010069 0.991102
1784010371.022922039 6.838977 -0.218798 -0.232071 -0.011483 0.133454 0.013010 0.990903
1784010371.123329163 6.940204 -0.213315 -0.232314 -0.011743 0.133533 0.016572 0.990836
1784010371.223040104 7.041481 -0.206884 -0.232995 -0.012426 0.134273 0.019619 0.990672
1784010371.323358059 7.143430 -0.199750 -0.233491 -0.013642 0.134428 0.023195 0.990558
1784010371.422883034 7.245025 -0.192070 -0.234010 -0.013166 0.135100 0.026247 0.990397
1784010371.522911072 7.347860 -0.183776 -0.234520 -0.013417 0.134798 0.029147 0.990353
1784010371.623013973 7.451788 -0.174349 -0.234461 -0.015000 0.133634 0.033271 0.990359
1784010371.723165035 7.556521 -0.164420 -0.235565 -0.014827 0.133663 0.036023 0.990261
1784010371.823131084 7.660872 -0.154277 -0.236011 -0.014538 0.133186 0.039007 0.990216
1784010371.923010111 7.764916 -0.143572 -0.236183 -0.014289 0.132433 0.041901 0.990203
1784010372.023130178 7.869458 -0.132147 -0.237752 -0.014212 0.132988 0.043627 0.990055
1784010372.123044014 7.974191 -0.120638 -0.238222 -0.013317 0.133902 0.045476 0.989861
1784010372.222958088 8.079394 -0.108894 -0.238701 -0.012903 0.133595 0.048466 0.989766
1784010372.323075056 8.185215 -0.096332 -0.239705 -0.014442 0.133753 0.051462 0.989572
1784010372.422919989 8.290568 -0.083565 -0.240028 -0.013989 0.133140 0.054649 0.989491
1784010372.523226023 8.395780 -0.069760 -0.240350 -0.014122 0.133179 0.058415 0.989268
1784010372.623069048 8.499449 -0.054732 -0.240676 -0.015837 0.131885 0.061493 0.989229
1784010372.722803116 8.602216 -0.039068 -0.240776 -0.016272 0.130859 0.064701 0.989154
1784010372.823024035 8.705763 -0.022580 -0.241179 -0.016577 0.131494 0.067391 0.988885
1784010372.923218012 8.809962 -0.005392 -0.241474 -0.017060 0.130719 0.070294 0.988777
1784010373.022909164 8.914034 0.012618 -0.240916 -0.017696 0.130231 0.073316 0.988611
1784010373.122756004 9.018719 0.031338 -0.241047 -0.018471 0.128988 0.076234 0.988539
1784010373.222943068 9.124129 0.050757 -0.241408 -0.018600 0.129105 0.080100 0.988216
1784010373.322784185 9.227378 0.070891 -0.240688 -0.019012 0.128606 0.082707 0.988058
1784010373.422888041 9.328865 0.091082 -0.240645 -0.019299 0.129270 0.085497 0.987728
1784010373.522806168 9.430163 0.104992 -0.240309 -0.018087 0.128342 0.077825 0.988506
1784010373.622900009 9.533012 0.108279 -0.241125 -0.014791 0.130610 0.056608 0.989706
1784010373.723095179 9.634970 0.101863 -0.240782 -0.010056 0.130930 0.026768 0.990979
1784010373.822964191 9.735425 0.097149 -0.240093 -0.006802 0.130797 0.012007 0.991313
1784010373.922761202 9.835689 0.100812 -0.240017 -0.007296 0.130883 0.012420 0.991293
1784010374.023092985 9.936838 0.105054 -0.239286 -0.007040 0.129716 0.014096 0.991426
1784010374.122716188 10.037702 0.109598 -0.239225 -0.005978 0.129854 0.015772 0.991390
1784010374.222968102 10.139723 0.114549 -0.239466 -0.006602 0.129110 0.017566 0.991453
1784010374.322874069 10.242506 0.120055 -0.239044 -0.006451 0.128253 0.018201 0.991553
1784010374.423093081 10.346111 0.125618 -0.239360 -0.005859 0.130285 0.019663 0.991264
1784010374.522881031 10.448874 0.131400 -0.239406 -0.006261 0.130321 0.021647 0.991216
1784010374.622812033 10.551943 0.137727 -0.239339 -0.005242 0.131200 0.023562 0.991062
1784010374.722866058 10.654916 0.144680 -0.239257 -0.005071 0.130563 0.024701 0.991119
1784010374.822944164 10.757182 0.155552 -0.239035 -0.006416 0.130669 0.032445 0.990874
1784010374.922775984 10.857571 0.177230 -0.239659 -0.008295 0.131558 0.053744 0.989816
1784010375.022819042 10.954212 0.210683 -0.239466 -0.012702 0.131465 0.087481 0.987372
1784010375.122642994 11.045731 0.255104 -0.238962 -0.018055 0.129978 0.131273 0.982623
1784010375.222772121 11.130689 0.311268 -0.238930 -0.025476 0.128945 0.179248 0.974984
1784010375.322686195 11.209196 0.376377 -0.239512 -0.031881 0.127859 0.227503 0.964820
1784010375.422996044 11.280339 0.449951 -0.239547 -0.038887 0.126087 0.278130 0.951438
1784010375.522732019 11.342720 0.530124 -0.240183 -0.044742 0.125836 0.326633 0.935668
1784010375.622925997 11.396797 0.618661 -0.241738 -0.052671 0.124411 0.374221 0.917445
1784010375.723000050 11.442054 0.713270 -0.241668 -0.059548 0.122345 0.424552 0.895121
1784010375.822993040 11.475868 0.806850 -0.243072 -0.064111 0.121764 0.468383 0.872743
1784010375.922707081 11.497977 0.901916 -0.243996 -0.070123 0.117986 0.512392 0.847713
1784010376.022814035 11.514739 0.998516 -0.244665 -0.075392 0.113908 0.547331 0.825694
1784010376.122939110 11.532656 1.095184 -0.245653 -0.077125 0.111737 0.571069 0.809597
1784010376.222983122 11.552587 1.192050 -0.247619 -0.078826 0.111425 0.586516 0.798355
1784010376.322679043 11.569488 1.287276 -0.249174 -0.082197 0.109449 0.600189 0.788060
1784010376.422569990 11.582352 1.380844 -0.250330 -0.084706 0.109189 0.615524 0.775907
1784010376.522807121 11.586731 1.473545 -0.251286 -0.086878 0.106080 0.635493 0.759834
1784010376.622887135 11.584971 1.566301 -0.251669 -0.089254 0.103100 0.656662 0.741755
1784010376.722856045 11.578302 1.658576 -0.252007 -0.091901 0.098939 0.675752 0.724654
1784010376.822794199 11.571358 1.752626 -0.252417 -0.092642 0.095766 0.689892 0.711544
1784010376.922547102 11.564199 1.847271 -0.252452 -0.093526 0.094614 0.700249 0.701393
1784010377.022840977 11.558638 1.942205 -0.252168 -0.093571 0.093356 0.705684 0.696089
1784010377.122601986 11.554004 2.035121 -0.253546 -0.093397 0.093903 0.708313 0.693363
1784010377.222527027 11.548822 2.129460 -0.253064 -0.092843 0.093932 0.710240 0.691459
1784010377.322690010 11.543017 2.230292 -0.253412 -0.093626 0.095741 0.712283 0.688999
1784010377.422711134 11.536785 2.329320 -0.254015 -0.094833 0.095395 0.714822 0.686248
1784010377.522456169 11.529968 2.428317 -0.254339 -0.095223 0.095631 0.717614 0.683240
1784010377.622845173 11.522294 2.527700 -0.254979 -0.095816 0.095484 0.720374 0.680267
1784010377.722921133 11.513629 2.628227 -0.255032 -0.096689 0.094403 0.723974 0.676462
1784010377.822609186 11.503668 2.727652 -0.256550 -0.097462 0.093896 0.726231 0.673998
1784010377.922806025 11.492540 2.827383 -0.257548 -0.099080 0.093683 0.729232 0.670543
1784010378.022705078 11.480883 2.924610 -0.259386 -0.101389 0.093498 0.732655 0.666479
1784010378.122580051 11.468604 3.022479 -0.261671 -0.104459 0.094257 0.735318 0.662957
1784010378.222627163 11.455974 3.122929 -0.262892 -0.105567 0.093439 0.737507 0.660461
1784010378.322545052 11.446096 3.224183 -0.264394 -0.105751 0.091995 0.737768 0.660342
1784010378.422618151 11.454819 3.327588 -0.265852 -0.102695 0.093796 0.712447 0.687805
1784010378.522514105 11.480319 3.427473 -0.266681 -0.095642 0.098998 0.679131 0.720995
1784010378.622827053 11.501336 3.523737 -0.267873 -0.092427 0.102635 0.663464 0.735349
1784010378.722553015 11.513342 3.616320 -0.268176 -0.091298 0.101719 0.660788 0.738022
1784010378.822746038 11.522443 3.709363 -0.268279 -0.090990 0.102347 0.662072 0.736822
1784010378.922434092 11.531586 3.802210 -0.268748 -0.091400 0.101446 0.663201 0.735880
1784010379.022979021 11.540699 3.897414 -0.269701 -0.091432 0.100185 0.665064 0.734366
1784010379.122492075 11.548723 3.995412 -0.271996 -0.093603 0.100433 0.665887 0.733312
1784010379.222681999 11.556405 4.096752 -0.272975 -0.094785 0.099429 0.667145 0.732152
1784010379.322763205 11.563432 4.200655 -0.274253 -0.095524 0.099120 0.670122 0.729375
1784010379.422569990 11.569054 4.305478 -0.275385 -0.097300 0.095532 0.672707 0.727235
1784010379.522376060 11.572727 4.413263 -0.275676 -0.096520 0.093044 0.677622 0.723087
1784010379.622748137 11.575375 4.517575 -0.276430 -0.097215 0.091884 0.681371 0.719612
1784010379.722463131 11.576652 4.616746 -0.276879 -0.097016 0.088343 0.685210 0.716429
1784010379.822731018 11.577442 4.712552 -0.277570 -0.097658 0.088506 0.687970 0.713671
1784010379.922439098 11.578281 4.803809 -0.278445 -0.096439 0.088938 0.690352 0.711480
1784010380.022521019 11.578049 4.895320 -0.278052 -0.096318 0.089314 0.692906 0.708962
1784010380.122479200 11.571482 4.983414 -0.277740 -0.096433 0.089547 0.701413 0.700501
1784010380.222635031 11.553440 5.064602 -0.277516 -0.096285 0.086902 0.720697 0.681008
1784010380.322426081 11.525178 5.142821 -0.278577 -0.099114 0.084866 0.744854 0.654344
1784010380.422507048 11.486496 5.221407 -0.277435 -0.101890 0.079878 0.773078 0.620957
1784010380.522304058 11.441216 5.291316 -0.277518 -0.106702 0.075466 0.799659 0.586058
1784010380.622596025 11.392914 5.352402 -0.277092 -0.110101 0.071882 0.824055 0.551038
1784010380.722329140 11.342836 5.405373 -0.276953 -0.112962 0.068446 0.845960 0.516630
1784010380.822571993 11.288391 5.449491 -0.276983 -0.116106 0.063738 0.867775 0.478982
1784010380.922646999 11.226601 5.489326 -0.277052 -0.119012 0.058828 0.889748 0.436719
1784010381.022418022 11.161163 5.522850 -0.277751 -0.122841 0.051934 0.909140 0.394561
1784010381.122251987 11.094313 5.551675 -0.278451 -0.126096 0.046932 0.925205 0.354814
1784010381.222386122 11.019368 5.581072 -0.279471 -0.127670 0.041424 0.939327 0.315672
1784010381.322324991 10.941960 5.610904 -0.280805 -0.130750 0.036952 0.949405 0.283142
1784010381.422628164 10.867898 5.642394 -0.281793 -0.132336 0.034960 0.955256 0.262205
1784010381.522431135 10.793626 5.673244 -0.283418 -0.133424 0.030961 0.959292 0.246977
1784010381.622503996 10.717373 5.703556 -0.284193 -0.134217 0.030346 0.963248 0.230691
1784010381.722378016 10.635130 5.734540 -0.284545 -0.134082 0.027121 0.966429 0.217487
1784010381.822427034 10.551282 5.765161 -0.285044 -0.134556 0.025501 0.969359 0.203929
1784010381.922324181 10.466304 5.793146 -0.285855 -0.135469 0.022764 0.971800 0.191663
1784010382.022392988 10.381095 5.819410 -0.286275 -0.135003 0.021774 0.974284 0.179086
1784010382.122280121 10.296878 5.842414 -0.286667 -0.134381 0.019924 0.976648 0.166445
1784010382.222570181 10.212738 5.863598 -0.287328 -0.134060 0.018625 0.978638 0.154754
1784010382.322417021 10.127435 5.882276 -0.288298 -0.134780 0.015762 0.980375 0.143006
1784010382.422616005 10.041590 5.899520 -0.289127 -0.134897 0.015080 0.982032 0.131105
1784010382.522251129 9.956253 5.914506 -0.289884 -0.136250 0.013237 0.983406 0.119055
1784010382.622596025 9.870748 5.923838 -0.290631 -0.136536 0.012384 0.985462 0.100341
1784010382.722304106 9.777580 5.920825 -0.292766 -0.138918 0.009274 0.988032 0.066401
1784010382.822477102 9.693216 5.900689 -0.293899 -0.138388 0.002830 0.990186 0.019289
1784010382.922387123 9.624009 5.879943 -0.295426 -0.139159 -0.001440 0.990144 -0.015749
1784010383.022397041 9.560990 5.865914 -0.296364 -0.138861 -0.003750 0.989712 -0.034259
1784010383.122485161 9.500274 5.858466 -0.297183 -0.137970 -0.003599 0.989646 -0.039396
1784010383.222414970 9.439560 5.851680 -0.297898 -0.137534 -0.003543 0.989624 -0.041425
1784010383.322237015 9.374016 5.844480 -0.297887 -0.136754 -0.002740 0.989641 -0.043602
1784010383.422211170 9.301398 5.836190 -0.298496 -0.136768 -0.001683 0.989543 -0.045785
1784010383.522449017 9.223653 5.826884 -0.298795 -0.136666 -0.002024 0.989413 -0.048778
1784010383.622447968 9.135872 5.816213 -0.300117 -0.137801 -0.003334 0.989149 -0.050825
1784010383.722114086 9.040907 5.801130 -0.301332 -0.138987 -0.005581 0.988483 -0.059601
1784010383.822476149 8.940522 5.780581 -0.304025 -0.141690 -0.007865 0.987135 -0.073664
1784010383.922193050 8.838696 5.749932 -0.307021 -0.143684 -0.011942 0.984697 -0.097896
1784010384.022477150 8.738312 5.705247 -0.309458 -0.143126 -0.017893 0.980234 -0.135413
1784010384.122226000 8.642080 5.651747 -0.311088 -0.141706 -0.024726 0.974372 -0.172936
1784010384.222257137 8.547477 5.600573 -0.312411 -0.137742 -0.027953 0.970618 -0.195309
1784010384.322316170 8.454301 5.552218 -0.313510 -0.135529 -0.031331 0.968635 -0.205903
1784010384.422464132 8.363197 5.506563 -0.314406 -0.133071 -0.031193 0.967515 -0.212685
1784010384.522495985 8.275071 5.458869 -0.315107 -0.132266 -0.032976 0.965641 -0.221259
1784010384.622349977 8.191280 5.405341 -0.315514 -0.129667 -0.036391 0.962236 -0.236569
1784010384.722136974 8.112845 5.342341 -0.316087 -0.129645 -0.040439 0.954826 -0.264318
1784010384.822293043 8.039379 5.272304 -0.316940 -0.127551 -0.044294 0.945649 -0.295833
1784010384.922314167 7.971085 5.197249 -0.317476 -0.125671 -0.049452 0.935265 -0.327170
1784010385.022091150 7.906173 5.117183 -0.318591 -0.123639 -0.055198 0.924465 -0.356413
1784010385.122152090 7.840521 5.036223 -0.319550 -0.121390 -0.056503 0.915258 -0.379966
1784010385.222311974 7.774255 4.954783 -0.320346 -0.120101 -0.057975 0.909538 -0.393644
1784010385.322005033 7.704179 4.874679 -0.320751 -0.121226 -0.057478 0.907737 -0.397509
1784010385.422512054 7.632185 4.792257 -0.320373 -0.121542 -0.056161 0.905908 -0.401752
1784010385.522017002 7.561477 4.708721 -0.320944 -0.120671 -0.055232 0.904506 -0.405286
1784010385.622152090 7.491232 4.624279 -0.321193 -0.120194 -0.054210 0.903820 -0.407092
1784010385.722249985 7.420010 4.539222 -0.320988 -0.121169 -0.053956 0.901851 -0.411184
1784010385.822398186 7.349071 4.454026 -0.321224 -0.121679 -0.055210 0.899999 -0.414906
1784010385.922439098 7.279571 4.369554 -0.321365 -0.120526 -0.056260 0.898717 -0.417872
1784010386.022229195 7.211233 4.285107 -0.321308 -0.120192 -0.056638 0.897251 -0.421054
1784010386.122070074 7.142702 4.200474 -0.321466 -0.120584 -0.057791 0.896381 -0.422635
1784010386.222315073 7.072499 4.116768 -0.322134 -0.121134 -0.059388 0.897089 -0.420751
1784010386.322116137 7.002106 4.036170 -0.322490 -0.122266 -0.058747 0.898926 -0.416571
1784010386.422122002 6.930610 3.957204 -0.323660 -0.123511 -0.058677 0.900786 -0.412174
1784010386.522049189 6.857604 3.880740 -0.324268 -0.122058 -0.057046 0.904004 -0.405740
1784010386.622313976 6.783250 3.807237 -0.324240 -0.122568 -0.055226 0.908738 -0.395123
1784010386.722002029 6.703971 3.739762 -0.325181 -0.124389 -0.051837 0.916092 -0.377645
1784010386.822256088 6.618922 3.678224 -0.325809 -0.126079 -0.048584 0.925405 -0.354074
1784010386.922352076 6.528856 3.623511 -0.326220 -0.128044 -0.045355 0.936471 -0.323372
1784010387.022175074 6.434420 3.579841 -0.326846 -0.130787 -0.040694 0.947547 -0.288780
1784010387.122117043 6.336276 3.545590 -0.326976 -0.130911 -0.036550 0.958943 -0.248908
1784010387.222133160 6.234914 3.521215 -0.327514 -0.132010 -0.031011 0.968732 -0.207774
1784010387.322166204 6.131304 3.505951 -0.328250 -0.132599 -0.025346 0.976911 -0.165589
1784010387.421929121 6.026433 3.500602 -0.328937 -0.133390 -0.021815 0.983328 -0.121642
1784010387.522199154 5.919745 3.505059 -0.329150 -0.133401 -0.014669 0.988022 -0.076163
1784010387.622318029 5.813663 3.519448 -0.329464 -0.131992 -0.009283 0.990754 -0.029963
1784010387.722115993 5.709244 3.543814 -0.329470 -0.134100 -0.003938 0.990818 0.016793
1784010387.822198153 5.607831 3.578205 -0.329170 -0.133376 0.002489 0.989098 0.062367
1784010387.922008038 5.511189 3.621394 -0.329367 -0.132685 0.008506 0.985122 0.108893
1784010388.022212029 5.418950 3.671567 -0.329100 -0.131337 0.014291 0.979266 0.153570
1784010388.122029066 5.332147 3.726796 -0.328865 -0.129653 0.021425 0.971703 0.196275
1784010388.222074032 5.247994 3.781311 -0.328141 -0.129288 0.026183 0.966412 0.220558
1784010388.322159052 5.161438 3.825394 -0.329065 -0.128390 0.024233 0.966277 0.221896
1784010388.422158003 5.076799 3.864185 -0.328871 -0.128790 0.025148 0.966505 0.220564
1784010388.522083998 4.993824 3.902460 -0.328199 -0.127231 0.025516 0.967007 0.219225
1784010388.622262001 4.912441 3.940523 -0.327587 -0.127882 0.023857 0.967233 0.218029
1784010388.722037077 4.833028 3.977733 -0.326516 -0.127051 0.023741 0.967261 0.218405
1784010388.822071075 4.752428 4.015036 -0.326137 -0.128076 0.024083 0.967473 0.216822
1784010388.922048092 4.669972 4.052484 -0.325059 -0.126345 0.024211 0.968131 0.214881
1784010389.022222996 4.584797 4.090457 -0.324938 -0.127685 0.023047 0.968154 0.214108
1784010389.122088194 4.497191 4.129929 -0.324044 -0.126492 0.024161 0.968509 0.213089
1784010389.222156048 4.407191 4.170033 -0.322630 -0.127391 0.024417 0.968589 0.212158
1784010389.322058201 4.318484 4.210245 -0.322171 -0.126413 0.024202 0.968903 0.211332
1784010389.422127008 4.228139 4.250815 -0.321234 -0.125760 0.024552 0.969289 0.209907
1784010389.522058010 4.135079 4.292489 -0.321368 -0.125957 0.025467 0.969370 0.209306
1784010389.621951103 4.040212 4.334477 -0.320865 -0.125997 0.025109 0.969838 0.207142
1784010389.721938133 3.944572 4.376028 -0.320090 -0.126167 0.023866 0.970215 0.205413
1784010389.821824074 3.850350 4.417300 -0.319162 -0.126471 0.024859 0.970549 0.203523
1784010389.922375202 3.756563 4.457348 -0.318229 -0.125094 0.024047 0.971180 0.201449
1784010390.021931171 3.663524 4.496139 -0.317708 -0.126349 0.022644 0.971296 0.200266
1784010390.122137070 3.571580 4.534818 -0.316175 -0.125490 0.022964 0.971695 0.198829
1784010390.221810102 3.478738 4.572494 -0.314196 -0.125716 0.022658 0.972037 0.197045
1784010390.321789026 3.383029 4.611085 -0.313014 -0.125448 0.020925 0.972375 0.195736
1784010390.421962976 3.288933 4.648663 -0.314032 -0.124412 0.021364 0.972961 0.193422
1784010390.522020102 3.192190 4.685506 -0.315850 -0.126838 0.020207 0.973141 0.191050
1784010390.622071028 3.089432 4.726161 -0.314675 -0.129422 0.019036 0.973154 0.189362
1784010390.722155094 2.985879 4.766120 -0.314564 -0.130959 0.017973 0.973530 0.186459
1784010390.822036982 2.883722 4.804495 -0.313954 -0.131916 0.016485 0.974051 0.183170
1784010390.922096014 2.782832 4.841923 -0.313509 -0.130521 0.014827 0.974807 0.180268
1784010391.022030115 2.682672 4.877986 -0.313382 -0.129246 0.013953 0.975476 0.177618
1784010391.121847153 2.585336 4.912414 -0.313167 -0.129251 0.013786 0.975814 0.175761
1784010391.222074032 2.489590 4.946503 -0.313532 -0.130283 0.014800 0.975714 0.175472
1784010391.321685076 2.396667 4.979051 -0.313531 -0.131405 0.015986 0.975640 0.174937
1784010391.421974182 2.306534 5.010549 -0.314303 -0.131706 0.017234 0.975614 0.174741
1784010391.521800041 2.218132 5.041347 -0.314106 -0.130626 0.018920 0.976000 0.173214
1784010391.622024059 2.128537 5.071470 -0.313778 -0.131193 0.017448 0.976146 0.172112
1784010391.722005129 2.040123 5.101595 -0.313527 -0.129597 0.018618 0.976625 0.170474
1784010391.821877003 1.951464 5.130490 -0.312665 -0.129026 0.017486 0.977021 0.168750
1784010391.921626091 1.862214 5.159537 -0.312113 -0.128847 0.016618 0.977252 0.167633
1784010392.021908998 1.775996 5.187200 -0.311752 -0.129328 0.016087 0.977652 0.164960
1784010392.121889114 1.685662 5.217440 -0.311283 -0.129004 0.017942 0.977794 0.164180
1784010392.221634150 1.584625 5.249051 -0.311226 -0.128531 0.017442 0.978498 0.160369
1784010392.321981192 1.482210 5.280503 -0.310629 -0.128696 0.014351 0.978779 0.158820
1784010392.422058105 1.378828 5.312932 -0.309547 -0.128117 0.015663 0.979209 0.156494
1784010392.522063017 1.274022 5.345247 -0.308193 -0.126291 0.015620 0.979868 0.153835
1784010392.621918201 1.165995 5.377639 -0.307193 -0.127621 0.013033 0.979990 0.152191
1784010392.721777201 1.061260 5.409119 -0.306481 -0.129206 0.014286 0.980185 0.149464
1784010392.821670055 0.958868 5.439113 -0.306470 -0.131717 0.014084 0.980285 0.146608
1784010392.921589136 0.855007 5.467969 -0.307184 -0.134454 0.012138 0.980504 0.142780
1784010393.021820068 0.750666 5.492876 -0.307815 -0.136448 0.012649 0.981510 0.133640
1784010393.121824026 0.647405 5.511773 -0.308139 -0.136650 0.010977 0.983352 0.119268
1784010393.222104073 0.543275 5.524426 -0.308633 -0.134815 0.007251 0.985596 0.101847
1784010393.321602106 0.439226 5.533551 -0.308917 -0.134875 0.004921 0.987269 0.084175
1784010393.421606064 0.334907 5.541208 -0.309471 -0.134515 0.003494 0.988463 0.069524
1784010393.521691084 0.234231 5.548646 -0.310206 -0.135245 0.001961 0.988935 0.060937
1784010393.621590137 0.137023 5.556281 -0.310883 -0.135454 0.001442 0.989196 0.056042
1784010393.721650124 0.037388 5.563849 -0.311107 -0.134892 0.001048 0.989476 0.052345
1784010393.821717978 -0.064933 5.571885 -0.311593 -0.134811 0.001406 0.989656 0.049042
1784010393.921617031 -0.169155 5.580087 -0.312784 -0.135760 0.000851 0.989648 0.046543
1784010394.021802187 -0.274730 5.588110 -0.313189 -0.134882 0.000870 0.989848 0.044804
1784010394.121507168 -0.380872 5.595964 -0.313733 -0.134169 0.001472 0.990054 0.042307
1784010394.221971989 -0.488400 5.602752 -0.314629 -0.134497 0.000117 0.990115 0.039781
1784010394.321686983 -0.591568 5.607121 -0.314999 -0.132489 -0.000214 0.990595 0.034167
1784010394.421627998 -0.695238 5.608889 -0.315464 -0.132839 -0.000692 0.990784 0.026457
1784010394.521763086 -0.798927 5.608711 -0.315447 -0.131572 -0.002840 0.991098 0.020119
1784010394.621739149 -0.900710 5.607837 -0.315322 -0.131422 -0.003389 0.991243 0.012428
1784010394.721451044 -1.000216 5.604966 -0.315477 -0.131290 -0.003993 0.991329 0.003634
1784010394.821746111 -1.100387 5.598239 -0.315434 -0.132060 -0.006689 0.991187 -0.007992
1784010394.921519041 -1.201185 5.588966 -0.316584 -0.134833 -0.007518 0.990655 -0.019118
1784010395.021836042 -1.302038 5.576210 -0.317129 -0.135983 -0.009734 0.990162 -0.031513
1784010395.121443033 -1.402293 5.559759 -0.317676 -0.135962 -0.012216 0.989546 -0.046513
1784010395.221647978 -1.501653 5.538552 -0.318581 -0.137348 -0.015625 0.988385 -0.063145
1784010395.321494102 -1.599245 5.512330 -0.319179 -0.135218 -0.017909 0.987260 -0.081931
1784010395.421880007 -1.694701 5.479727 -0.320907 -0.134285 -0.021148 0.985263 -0.103810
1784010395.521389008 -1.789954 5.441018 -0.322479 -0.133590 -0.024699 0.982503 -0.127404
1784010395.621729136 -1.887476 5.394578 -0.323300 -0.133677 -0.027470 0.978582 -0.154118
1784010395.721819162 -1.981076 5.337937 -0.324393 -0.132682 -0.030723 0.972176 -0.190590
1784010395.821429968 -2.066309 5.267718 -0.325317 -0.131615 -0.034974 0.961497 -0.238698
1784010395.921364069 -2.138986 5.185550 -0.326287 -0.130087 -0.042083 0.945548 -0.295372
1784010396.021468163 -2.196219 5.095035 -0.326779 -0.126328 -0.049771 0.924752 -0.355525
1784010396.121515036 -2.237853 4.997699 -0.328138 -0.125300 -0.058399 0.896832 -0.420216
1784010396.221603155 -2.261956 4.901988 -0.329407 -0.120472 -0.067211 0.867109 -0.478636
1784010396.321727037 -2.274444 4.810239 -0.330112 0.117228 0.074924 -0.836814 0.529515
1784010396.421419144 -2.271883 4.715041 -0.331374 0.114211 0.082476 -0.800317 0.582791
1784010396.521835089 -2.257375 4.619333 -0.332885 0.110337 0.088711 -0.759160 0.635320
1784010396.621731997 -2.228664 4.523682 -0.333831 0.103277 0.095897 -0.716761 0.682929
1784010396.721383095 -2.189118 4.432827 -0.334874 0.098763 0.101559 -0.670172 0.728561
1784010396.821779013 -2.136674 4.347955 -0.334815 0.091256 0.106358 -0.619357 0.772500
1784010396.921432972 -2.077304 4.270201 -0.335338 0.084831 0.110645 -0.569225 0.810274
1784010397.021344185 -2.004223 4.198854 -0.336265 0.077796 0.116118 -0.512817 0.847044
1784010397.121487141 -1.930091 4.128840 -0.336761 0.071659 0.119074 -0.476520 0.868110
1784010397.221842051 -1.867532 4.045019 -0.337564 0.068951 0.119850 -0.469021 0.872296
1784010397.321582079 -1.806203 3.956647 -0.338662 0.068549 0.120618 -0.464102 0.874850
1784010397.421595097 -1.742298 3.867647 -0.340303 0.067914 0.120209 -0.459654 0.877300
1784010397.521669149 -1.675962 3.779752 -0.341351 0.065893 0.120395 -0.454769 0.879971
1784010397.621687174 -1.598929 3.700481 -0.341947 0.062929 0.123261 -0.424095 0.894980
1784010397.721724033 -1.506159 3.639401 -0.342115 0.054326 0.126650 -0.377212 0.915816
1784010397.821526051 -1.419544 3.576710 -0.341831 0.051648 0.126161 -0.355434 0.924707
1784010397.921850204 -1.337356 3.512726 -0.342195 0.049448 0.125240 -0.346323 0.928402
1784010398.021603107 -1.258566 3.449517 -0.342450 0.049106 0.125551 -0.342004 0.929978
1784010398.121613026 -1.181565 3.388852 -0.342637 0.048288 0.125265 -0.336050 0.932227
1784010398.221523046 -1.107277 3.331090 -0.343194 0.049595 0.124399 -0.337490 0.931754
1784010398.321530104 -1.031020 3.273865 -0.343674 0.048320 0.125919 -0.333608 0.933014
1784010398.421590090 -0.956150 3.211215 -0.344747 0.048620 0.126635 -0.336919 0.931711
1784010398.521239996 -0.887498 3.142349 -0.345768 0.050610 0.125963 -0.351722 0.926209
1784010398.621323109 -0.826680 3.065897 -0.346234 0.052417 0.124893 -0.377324 0.916123
1784010398.721292019 -0.779157 2.978035 -0.347413 0.057524 0.123626 -0.418844 0.897762
1784010398.821573973 -0.747539 2.881535 -0.348021 0.062297 0.120420 -0.470484 0.871930
1784010398.921277046 -0.728438 2.780921 -0.349419 0.069335 0.116817 -0.520744 0.842836
1784010399.021398067 -0.719891 2.679990 -0.350064 0.074216 0.113429 -0.568660 0.811327
1784010399.121325016 -0.724099 2.579649 -0.350765 0.080040 0.109051 -0.613531 0.777998
1784010399.221538067 -0.738320 2.483211 -0.351535 0.084693 0.105750 -0.655559 0.742891
1784010399.321218014 -0.763753 2.388805 -0.352581 0.090238 0.100686 -0.695663 0.705530
1784010399.421707153 -0.799656 2.298832 -0.353703 0.095118 0.095283 -0.734846 0.664736
1784010399.521242142 -0.845864 2.212864 -0.353931 0.099186 0.089001 -0.771505 0.622110
1784010399.621337175 -0.899950 2.131936 -0.353866 0.101877 0.084888 -0.804866 0.578451
1784010399.721158028 -0.965162 2.058181 -0.354000 0.107120 0.077067 -0.836678 0.531559
1784010399.821328163 -1.035777 1.991834 -0.353695 -0.109344 -0.068929 0.864528 -0.485679
1784010399.921430111 -1.115813 1.933425 -0.354215 -0.114781 -0.062724 0.891252 -0.434236
1784010400.021413088 -1.200232 1.885534 -0.353330 -0.117676 -0.055197 0.914790 -0.382447
1784010400.121364117 -1.290347 1.847431 -0.352838 -0.120735 -0.046126 0.935328 -0.329329
1784010400.221349001 -1.383092 1.818618 -0.352690 -0.123635 -0.040593 0.952357 -0.275831
1784010400.321452141 -1.479433 1.799314 -0.351955 -0.126801 -0.030318 0.965691 -0.224595
1784010400.421096087 -1.570671 1.764531 -0.351115 -0.126377 -0.026918 0.968842 -0.211304
1784010400.521131039 -1.660742 1.718409 -0.351592 -0.128517 -0.027314 0.967363 -0.216672
1784010400.621524096 -1.748364 1.666687 -0.350896 -0.126743 -0.028012 0.964629 -0.229441
1784010400.721500158 -1.833249 1.610253 -0.349734 -0.126983 -0.030862 0.960471 -0.245800
1784010400.821217060 -1.915319 1.549899 -0.349506 -0.126201 -0.031985 0.955563 -0.264479
1784010400.921278000 -1.991011 1.480256 -0.348796 -0.125616 -0.035825 0.947200 -0.292831
1784010401.021165133 -2.058323 1.402233 -0.348419 -0.123491 -0.041394 0.935418 -0.328679
1784010401.121105194 -2.115588 1.316409 -0.347637 -0.122371 -0.046018 0.918454 -0.373296
1784010401.221481085 -2.161057 1.223742 -0.347883 -0.120303 -0.052921 0.898195 -0.419490
1784010401.321408033 -2.194485 1.127644 -0.346513 -0.114619 -0.059845 0.875024 -0.466491
1784010401.421446085 -2.216960 1.030341 -0.345736 0.112824 0.065957 -0.848255 0.513209
1784010401.521490097 -2.226212 0.932581 -0.345777 0.107449 0.073524 -0.818227 0.559958
1784010401.621393204 -2.226170 0.836237 -0.346238 0.102715 0.079740 -0.788467 0.601174
1784010401.721104145 -2.213409 0.740110 -0.346964 0.098722 0.085377 -0.752254 0.645816
1784010401.821439028 -2.190597 0.647371 -0.347477 0.094509 0.091413 -0.715512 0.686115
1784010401.921363115 -2.157225 0.557607 -0.347067 0.087869 0.097552 -0.675635 0.725452
1784010402.021217108 -2.114064 0.472846 -0.347340 0.081950 0.101316 -0.633993 0.762281
1784010402.121061087 -2.059680 0.393428 -0.346863 0.075561 0.106341 -0.588293 0.798056
1784010402.221175194 -1.998177 0.321249 -0.347102 0.071180 0.111209 -0.542252 0.829776
1784010402.321125984 -1.926258 0.258405 -0.347753 0.063621 0.115697 -0.489946 0.861696
1784010402.421266079 -1.848116 0.204844 -0.347894 0.056090 0.121040 -0.439037 0.888510
1784010402.521215200 -1.762235 0.161379 -0.347814 0.049440 0.125254 -0.381297 0.914593
1784010402.621469975 -1.673900 0.127612 -0.348892 0.043934 0.129695 -0.326341 0.935281
1784010402.721044064 -1.580613 0.106217 -0.350030 0.034403 0.131750 -0.267933 0.953766
1784010402.821261168 -1.486457 0.095128 -0.351439 0.028074 0.134168 -0.213683 0.967239
1784010402.921108007 -1.394909 0.081461 -0.351774 0.022325 0.134824 -0.178739 0.974359
1784010403.021187067 -1.305775 0.053233 -0.352623 0.022727 0.136010 -0.172264 0.975351
1784010403.120963097 -1.216018 0.024835 -0.353941 0.021822 0.134265 -0.167605 0.976425
1784010403.221294165 -1.124978 -0.002950 -0.354879 0.019959 0.134507 -0.163193 0.977178
1784010403.321053982 -1.035190 -0.029877 -0.356703 0.019722 0.134829 -0.158277 0.977947
1784010403.421310186 -0.946122 -0.053672 -0.358299 0.018649 0.134016 -0.150887 0.979247
1784010403.521291971 -0.855588 -0.065846 -0.360195 0.015849 0.136069 -0.127832 0.982290
1784010403.621173143 -0.764870 -0.066871 -0.361590 0.011058 0.137168 -0.093884 0.986027
1784010403.721014023 -0.675865 -0.064034 -0.363323 0.006938 0.138843 -0.064515 0.988186
1784010403.821314096 -0.589125 -0.061060 -0.364759 0.004640 0.138534 -0.041462 0.989478
1784010403.920981169 -0.504171 -0.055678 -0.366313 -0.000801 0.138170 -0.022945 0.990142
1784010404.021212101 -0.421138 -0.048498 -0.368352 -0.002130 0.137675 -0.005623 0.990459
1784010404.121235132 -0.339213 -0.042466 -0.370006 -0.004094 0.136749 0.003782 0.990590
1784010404.221254110 -0.254197 -0.039086 -0.372219 -0.004236 0.136207 0.009032 0.990630
1784010404.321183205 -0.169562 -0.039158 -0.373804 -0.005318 0.136331 0.004882 0.990637
1784010404.421128988 -0.084625 -0.046289 -0.375616 -0.003590 0.135851 -0.008208 0.990689
1784010404.521063089 -0.001714 -0.067150 -0.376619 0.000769 0.135258 -0.040091 0.989999
1784010404.621227980 0.078348 -0.085651 -0.377919 0.005371 0.135330 -0.056086 0.989197
1784010404.721264124 0.154631 -0.093482 -0.378733 0.004380 0.135092 -0.056700 0.989200
1784010404.821056128 0.226738 -0.101185 -0.380180 0.005003 0.134428 -0.056439 0.989302
1784010404.920854092 0.298145 -0.108708 -0.380619 0.005025 0.133900 -0.056985 0.989342
1784010405.020895004 0.374344 -0.116673 -0.381579 0.005954 0.133968 -0.055887 0.989391
1784010405.121075153 0.453695 -0.125091 -0.383181 0.006062 0.133697 -0.055823 0.989430
1784010405.220981121 0.536080 -0.133921 -0.383802 0.006093 0.133408 -0.055209 0.989503
1784010405.320932150 0.624314 -0.143243 -0.385387 0.006277 0.134426 -0.054468 0.989406
1784010405.421174049 0.715444 -0.152706 -0.386210 0.006267 0.132731 -0.052504 0.989741
1784010405.521136999 0.808811 -0.161899 -0.387025 0.004573 0.133235 -0.051570 0.989731
1784010405.620966196 0.903296 -0.170950 -0.387120 0.005694 0.132001 -0.048730 0.990035
1784010405.720813036 0.997276 -0.178537 -0.386895 0.004894 0.131780 -0.047094 0.990148
1784010405.821093082 1.089327 -0.186155 -0.388113 0.004172 0.130708 -0.047039 0.990296
1784010405.921130180 1.180857 -0.193633 -0.388707 0.003888 0.130319 -0.045495 0.990420
1784010406.021217108 1.273082 -0.201013 -0.389052 0.003414 0.130975 -0.043382 0.990430
1784010406.120795012 1.369441 -0.207505 -0.389481 0.002908 0.130302 -0.039754 0.990673
1784010406.221080065 1.469796 -0.213485 -0.389962 0.001248 0.131217 -0.037708 0.990635
1784010406.320777178 1.569728 -0.218710 -0.390454 0.001923 0.131091 -0.034527 0.990767
1784010406.421033144 1.671925 -0.219754 -0.390559 0.000816 0.130917 -0.026342 0.991043
1784010406.520845175 1.775176 -0.213138 -0.391326 -0.002190 0.130645 -0.009723 0.991379
1784010406.621020079 1.878886 -0.199630 -0.391792 -0.003958 0.130837 0.014304 0.991293
1784010406.720816135 1.981598 -0.181974 -0.391921 -0.006553 0.130692 0.036176 0.990741
1784010406.821057081 2.086611 -0.167669 -0.392146 -0.008370 0.130730 0.041839 0.990499
1784010406.920741081 2.192929 -0.156600 -0.393754 -0.007351 0.130815 0.044136 0.990397
1784010407.020815134 2.299622 -0.144668 -0.394955 -0.005942 0.133699 0.046857 0.989896
1784010407.121209145 2.406989 -0.132107 -0.396044 -0.005734 0.132552 0.048756 0.989960
1784010407.221026182 2.516640 -0.118066 -0.397567 -0.005771 0.131353 0.051465 0.989982
1784010407.320854187 2.629643 -0.103486 -0.398664 -0.005025 0.132381 0.054546 0.989684
1784010407.421029091 2.747604 -0.087916 -0.398923 -0.007945 0.132134 0.057757 0.989516
1784010407.521162033 2.868446 -0.074481 -0.399402 -0.007617 0.133137 0.056248 0.989471
1784010407.620789051 2.987783 -0.064884 -0.398965 -0.007478 0.131092 0.050177 0.990071
1784010407.721232176 3.108518 -0.058684 -0.398398 -0.007852 0.129378 0.039429 0.990780
1784010407.821068048 3.229440 -0.053556 -0.398435 -0.005571 0.129821 0.032005 0.991005
1784010407.921200991 3.350170 -0.045782 -0.398231 -0.005375 0.131160 0.032362 0.990818
1784010408.021032095 3.470534 -0.036059 -0.398934 -0.006999 0.135477 0.032996 0.990206
1784010408.120913982 3.592717 -0.026573 -0.399447 -0.007392 0.135967 0.034687 0.990078
1784010408.220776081 3.716298 -0.016192 -0.401199 -0.006875 0.137905 0.036910 0.989734
1784010408.321040154 3.842087 -0.005145 -0.403513 -0.007250 0.137436 0.039201 0.989708
1784010408.420978069 3.968789 0.006306 -0.405369 -0.007795 0.136109 0.040130 0.989850
1784010408.520832062 4.095228 0.018909 -0.407441 -0.007858 0.136436 0.042391 0.989710
1784010408.620848179 4.223407 0.032587 -0.409230 -0.008144 0.135354 0.044837 0.989749
1784010408.720733166 4.356049 0.047208 -0.410579 -0.008262 0.136488 0.047569 0.989464
1784010408.820939064 4.486293 0.062801 -0.411425 -0.009531 0.135628 0.050187 0.989442
1784010408.920992136 4.615209 0.078738 -0.412127 -0.010244 0.133343 0.053056 0.989596
1784010409.020796061 4.744615 0.095573 -0.413355 -0.011224 0.134543 0.055422 0.989293
1784010409.120581150 4.876021 0.113557 -0.414013 -0.010662 0.134946 0.058885 0.989044
1784010409.221071005 5.009868 0.132189 -0.414196 -0.011134 0.133735 0.062205 0.989000
1784010409.321039200 5.142709 0.151638 -0.415481 -0.011392 0.136539 0.065325 0.988413
1784010409.420750141 5.273215 0.171872 -0.416455 -0.012142 0.136650 0.067642 0.988233
1784010409.520925045 5.403862 0.193350 -0.417225 -0.014509 0.134966 0.069963 0.988271
1784010409.620846987 5.535265 0.215245 -0.418840 -0.013975 0.136573 0.073312 0.987815
1784010409.720716000 5.669135 0.238486 -0.420570 -0.014389 0.135082 0.076676 0.987758
1784010409.820683002 5.807018 0.263235 -0.422296 -0.015323 0.134648 0.079203 0.987604
1784010409.920974970 5.947394 0.289265 -0.423788 -0.015254 0.136069 0.082310 0.987156
1784010410.020755053 6.089927 0.316694 -0.425177 -0.016504 0.137023 0.084365 0.986831
1784010410.120895147 6.232823 0.344381 -0.427004 -0.018004 0.135429 0.088240 0.986686
1784010410.220839024 6.373249 0.368001 -0.428753 -0.019307 0.133694 0.084655 0.987211
1784010410.320621967 6.513161 0.382375 -0.429637 -0.016521 0.133836 0.070318 0.988368
1784010410.420816183 6.649657 0.387352 -0.430135 -0.013241 0.131634 0.047927 0.990051
1784010410.520714045 6.784942 0.385107 -0.431506 -0.009459 0.132075 0.024269 0.990897
1784010410.620589018 6.924074 0.387304 -0.432419 -0.007106 0.135122 0.017667 0.990646
1784010410.720583200 7.064775 0.394616 -0.433395 -0.008038 0.136400 0.018354 0.990451
1784010410.820846081 7.202427 0.401946 -0.434773 -0.007089 0.134728 0.019778 0.990660
1784010410.920727015 7.343387 0.410999 -0.436828 -0.007098 0.135290 0.022028 0.990536
1784010411.020757198 7.487453 0.420257 -0.437305 -0.007007 0.135505 0.024995 0.990436
1784010411.120908022 7.633299 0.431270 -0.438008 -0.008596 0.133266 0.029331 0.990609
1784010411.221009970 7.780528 0.443723 -0.438857 -0.010477 0.132302 0.033418 0.990591
1784010411.320562124 7.929202 0.457514 -0.438929 -0.011409 0.131625 0.038293 0.990494
1784010411.420957088 8.079952 0.472721 -0.439688 -0.012562 0.133689 0.040920 0.990098
1784010411.520786047 8.228389 0.487169 -0.440003 -0.011986 0.132948 0.042152 0.990154
1784010411.620587111 8.377674 0.497387 -0.440554 -0.012016 0.132167 0.036115 0.990496
1784010411.720682144 8.524231 0.497187 -0.440741 -0.008818 0.132196 0.018846 0.991005
1784010411.820638180 8.667674 0.490304 -0.441258 -0.005373 0.131500 -0.000409 0.991302
1784010411.920457125 8.813580 0.484077 -0.440541 -0.002571 0.130905 -0.010045 0.991341
1784010412.020560980 8.961920 0.482269 -0.439872 -0.001558 0.128558 -0.010789 0.991642
1784010412.120844126 9.101697 0.480848 -0.439607 -0.002212 0.128917 -0.010561 0.991597
1784010412.220859051 9.237134 0.479539 -0.438909 -0.003249 0.129248 -0.008885 0.991567
1784010412.320665121 9.376328 0.479163 -0.439486 -0.004360 0.130786 -0.007250 0.991374
1784010412.420720100 9.515307 0.479624 -0.439993 -0.004248 0.132051 -0.004149 0.991225
1784010412.520493984 9.654709 0.481765 -0.440619 -0.006227 0.131559 -0.001087 0.991288
1784010412.620789051 9.795795 0.484655 -0.441060 -0.005915 0.131169 0.001436 0.991341
1784010412.720810175 9.940872 0.488495 -0.440803 -0.006265 0.130114 0.004623 0.991468
1784010412.820465088 10.084704 0.492517 -0.440996 -0.008226 0.129467 0.007101 0.991524
1784010412.920433044 10.228567 0.496671 -0.440989 -0.008294 0.129439 0.010429 0.991498
1784010413.020728111 10.376367 0.503544 -0.440797 -0.009766 0.129839 0.014408 0.991382
1784010413.120779991 10.517024 0.510252 -0.440123 -0.008129 0.129552 0.016713 0.991398
1784010413.220520973 10.653263 0.517478 -0.439924 -0.006946 0.129678 0.019136 0.991347
1784010413.320458174 10.794277 0.526227 -0.439127 -0.006479 0.130456 0.023246 0.991160
1784010413.420803070 10.939332 0.535208 -0.438769 -0.005743 0.130494 0.026359 0.991082
1784010413.520639181 11.083150 0.546346 -0.438834 -0.006780 0.130584 0.029812 0.990966
1784010413.620586157 11.226951 0.561384 -0.438905 -0.008120 0.131124 0.038994 0.990565
1784010413.720390081 11.366460 0.582172 -0.439062 -0.011307 0.131499 0.052858 0.989841
1784010413.820652008 11.498090 0.615042 -0.440005 -0.014494 0.133432 0.080813 0.987651
1784010413.920327187 11.614583 0.661145 -0.441730 -0.019027 0.135858 0.120547 0.983183
1784010414.020727158 11.707659 0.713344 -0.443054 -0.023968 0.136299 0.163388 0.976807
1784010414.120410204 11.775010 0.765380 -0.443409 -0.029685 0.134087 0.203448 0.969406
1784010414.220769167 11.826063 0.811834 -0.444188 -0.033349 0.133325 0.235297 0.962158
1784010414.320394993 11.867733 0.856171 -0.444763 -0.038260 0.132575 0.265339 0.954230
1784010414.420323133 11.902122 0.899326 -0.445354 -0.041435 0.131017 0.294412 0.945748
1784010414.520982027 11.931743 0.943525 -0.446242 -0.045500 0.130216 0.324125 0.935904
1784010414.620690107 11.957683 0.988803 -0.446576 -0.049595 0.129435 0.352298 0.925566
1784010414.720475197 11.983335 1.042297 -0.447159 -0.052384 0.129058 0.384956 0.912364
1784010414.820733070 12.005492 1.105559 -0.447609 -0.056756 0.127466 0.424631 0.894550
1784010414.920421124 12.024418 1.181072 -0.448188 -0.061971 0.126525 0.469570 0.871582
1784010415.020706177 12.035367 1.271771 -0.448837 -0.069870 0.119375 0.520805 0.842395
1784010415.120414019 12.036430 1.370275 -0.450298 -0.075819 0.114203 0.574035 0.807275
1784010415.220637083 12.022795 1.476209 -0.450392 -0.082455 0.105595 0.631318 0.763865
1784010415.320470095 11.993945 1.588763 -0.450205 -0.090046 0.098476 0.687690 0.713636
1784010415.420588017 11.942484 1.709524 -0.451602 -0.099083 0.090448 0.746718 0.651470
1784010415.520282030 11.880306 1.830510 -0.453130 -0.108844 0.085351 0.785309 0.603455
1784010415.620602131 11.849612 1.932736 -0.455120 -0.109349 0.086569 0.785811 0.602537
1784010415.720512152 11.836263 1.989387 -0.455888 -0.108687 0.086553 0.785082 0.603608
1784010415.820399046 11.827726 2.023005 -0.455914 -0.109284 0.085673 0.785196 0.603477
1784010415.920228004 11.822108 2.046370 -0.456262 -0.108533 0.085907 0.785486 0.603201
1784010416.020254135 11.817992 2.062731 -0.456435 -0.108650 0.086446 0.785721 0.602798
1784010416.120365143 11.815528 2.072777 -0.456579 -0.108684 0.086617 0.785754 0.602724
1784010416.220539093 11.814369 2.077499 -0.456615 -0.108823 0.086643 0.785969 0.602415
1784010416.320545197 11.814836 2.076236 -0.456620 -0.108886 0.086662 0.785761 0.602672
1784010416.420519114 11.815805 2.072335 -0.456405 -0.108935 0.086739 0.785745 0.602673
1784010416.520347118 11.816281 2.069177 -0.456332 -0.108853 0.086795 0.785807 0.602599
1784010416.620491982 11.816615 2.067185 -0.456387 -0.108658 0.086738 0.785706 0.602774
1784010416.720185041 11.816870 2.066359 -0.456427 -0.108623 0.086677 0.785652 0.602859
1784010416.820525169 11.816732 2.066491 -0.456317 -0.108651 0.086574 0.785712 0.602791
1784010416.920346975 11.816560 2.067099 -0.456214 -0.108723 0.086564 0.785722 0.602766
1784010417.020176172 11.816587 2.067531 -0.456253 -0.108768 0.086625 0.785670 0.602816
1784010417.120357990 11.816568 2.067573 -0.456207 -0.108762 0.086602 0.785741 0.602729
1784010417.220580101 11.816454 2.067296 -0.456184 -0.108715 0.086635 0.785740 0.602734
1784010417.320327044 11.816498 2.066896 -0.456273 -0.108674 0.086645 0.785548 0.602990
1784010417.420612097 11.816554 2.066514 -0.456327 -0.108677 0.086601 0.785478 0.603087
1784010417.520328045 11.816469 2.066201 -0.456263 -0.108524 0.086575 0.785536 0.603043
1784010417.620228052 11.816479 2.065979 -0.456224 -0.108723 0.086556 0.785634 0.602882
1784010417.720386028 11.816684 2.065708 -0.456281 -0.108472 0.086621 0.785469 0.603132
1784010417.820479155 11.816734 2.065514 -0.456232 -0.108645 0.086590 0.785566 0.602980
1784010417.920422077 11.816645 2.065441 -0.456280 -0.108622 0.086616 0.785694 0.602814
1784010418.020313025 11.816642 2.065417 -0.456419 -0.108542 0.086590 0.785566 0.602999
1784010418.120237112 11.816678 2.065384 -0.456443 -0.108555 0.086421 0.785572 0.603012
1784010418.219992161 11.816609 2.065301 -0.456328 -0.108437 0.086494 0.785642 0.602932
1784010418.320362091 11.816542 2.065179 -0.456236 -0.108694 0.086516 0.785653 0.602869
1784010418.420272112 11.816329 2.064994 -0.456169 -0.108596 0.086501 0.785561 0.603008
1784010418.520477057 11.815764 2.064787 -0.455946 -0.108616 0.086355 0.785831 0.602674
1784010418.620344162 11.815489 2.064722 -0.455836 -0.108638 0.086670 0.785725 0.602763
1784010418.720165968 11.815323 2.064747 -0.455685 -0.108736 0.086631 0.785636 0.602866
1784010418.820229053 11.815225 2.064802 -0.455654 -0.108598 0.086747 0.785572 0.602958
1784010418.920345068 11.815141 2.064964 -0.455570 -0.108664 0.086713 0.785713 0.602767
1784010419.020415068 11.815143 2.065153 -0.455528 -0.108653 0.086708 0.785604 0.602912
1784010419.120414019 11.815175 2.065304 -0.455610 -0.108699 0.086673 0.785552 0.602977
1784010419.221117020 11.815188 2.065381 -0.455546 -0.108572 0.086715 0.785372 0.603228
1784010419.320188999 11.815299 2.065513 -0.455594 -0.108661 0.086728 0.785553 0.602973
1784010419.420481205 11.815439 2.065584 -0.455726 -0.108644 0.086562 0.785462 0.603120
1784010419.520048141 11.815452 2.065418 -0.455653 -0.108436 0.086665 0.785336 0.603306
1784010419.620367050 11.815447 2.065138 -0.455553 -0.108544 0.086874 0.785444 0.603116
1784010419.720257044 11.815618 2.064863 -0.455596 -0.108768 0.086654 0.785622 0.602876
1784010419.820427179 11.815628 2.064672 -0.455507 -0.108617 0.086677 0.785404 0.603184
1784010419.920897007 11.815577 2.064627 -0.455464 -0.108608 0.086869 0.785456 0.603089
1784010420.019983053 11.815699 2.064649 -0.455511 -0.108582 0.086916 0.785400 0.603160
1784010420.120195150 11.815846 2.064609 -0.455516 -0.108656 0.086767 0.785479 0.603066
1784010420.220126152 11.815966 2.064551 -0.455340 -0.108776 0.086916 0.785364 0.603172
1784010420.320458174 11.816060 2.064632 -0.455339 -0.108820 0.086910 0.785464 0.603035
1784010420.420109034 11.816085 2.064788 -0.455546 -0.108824 0.086744 0.785504 0.603006
1784010420.520029068 11.816099 2.064937 -0.455609 -0.108634 0.086574 0.785466 0.603114
1784010420.620053053 11.816174 2.065191 -0.455566 -0.108668 0.086714 0.785588 0.602929
1784010420.720023155 11.816269 2.065435 -0.455593 -0.108849 0.086685 0.785756 0.602682
1784010420.819987059 11.816388 2.065525 -0.455646 -0.108750 0.086675 0.785725 0.602741
1784010420.920125008 11.816461 2.065568 -0.455621 -0.108721 0.086600 0.785649 0.602857
1784010421.020040989 11.816504 2.065762 -0.455639 -0.108552 0.086627 0.785615 0.602927
1784010421.120628119 11.816525 2.066071 -0.455789 -0.108660 0.086630 0.785626 0.602893
1784010421.220305204 11.816604 2.066249 -0.455907 -0.108547 0.086466 0.785644 0.602914
1784010421.319939137 11.816668 2.066420 -0.455753 -0.108526 0.086582 0.785764 0.602744
1784010421.419963121 11.816674 2.066597 -0.455596 -0.108630 0.086881 0.785695 0.602773
1784010421.520126104 11.816792 2.066679 -0.455693 -0.108838 0.086734 0.785720 0.602724
1784010421.620030165 11.816976 2.066693 -0.455815 -0.108742 0.086465 0.785765 0.602721
1784010421.719840050 11.817033 2.066760 -0.455677 -0.108647 0.086656 0.785682 0.602818
1784010421.820101023 11.817044 2.066865 -0.455884 -0.108848 0.086624 0.785734 0.602719
1784010421.919941187 11.817124 2.067094 -0.456150 -0.108535 0.086331 0.785639 0.602941
1784010422.020138025 11.817066 2.067818 -0.456140 -0.108413 0.086354 0.785800 0.602751
1784010422.119884014 11.817027 2.069192 -0.456124 -0.108646 0.086517 0.785926 0.602521
