1784010275.528866053 -0.001050 -0.002139 0.001869 -0.006532 0.134514 0.000030 0.990890
1784010275.628638029 0.000150 -0.001854 0.002687 -0.006221 0.134731 0.000008 0.990863
1784010275.728852987 0.000897 -0.001766 0.002930 -0.005876 0.135188 -0.000313 0.990802
1784010275.828629017 0.001263 -0.001815 0.002776 -0.006124 0.135101 -0.000296 0.990813
1784010275.928783178 0.001279 -0.001924 0.002688 -0.006587 0.134624 0.000150 0.990875
1784010276.028779030 0.000987 -0.001910 0.003225 -0.006146 0.135084 0.000237 0.990815
1784010276.128978968 0.000459 -0.002008 0.003225 -0.006062 0.135351 0.000034 0.990779
1784010276.228931189 -0.000206 -0.002163 0.002685 -0.006719 0.134919 0.000245 0.990834
1784010276.328714132 -0.000943 -0.002092 0.002908 -0.006229 0.134869 0.000139 0.990844
1784010276.428992033 -0.001744 -0.001995 0.003077 -0.005983 0.135093 -0.000116 0.990815
1784010276.528704166 -0.002583 -0.001865 0.002771 -0.006170 0.134997 -0.000022 0.990827
1784010276.628806114 -0.003414 -0.001822 0.002509 -0.006410 0.134530 -0.000069 0.990889
1784010276.728909969 -0.004246 -0.001799 0.002908 -0.006114 0.134855 -0.000149 0.990846
1784010276.828636169 -0.005041 -0.001859 0.002817 -0.006003 0.135027 -0.000341 0.990824
1784010276.928515196 -0.005713 -0.001985 0.002302 -0.006600 0.134495 0.000012 0.990892
1784010277.028612137 -0.006212 -0.001847 0.002526 -0.006159 0.134665 -0.000283 0.990872
1784010277.128470182 -0.006498 -0.001708 0.002681 -0.006034 0.134928 -0.000386 0.990837
1784010277.228764057 -0.006580 -0.001687 0.002422 -0.006251 0.134814 -0.000270 0.990851
1784010277.328617096 -0.006484 -0.001696 0.002364 -0.006495 0.134531 -0.000057 0.990888
1784010277.428769112 -0.006274 -0.001618 0.002709 -0.006119 0.134819 -0.000208 0.990851
1784010277.528820992 -0.005979 -0.001660 0.002529 -0.006055 0.134845 -0.000337 0.990848
1784010277.628869057 -0.005605 -0.001725 0.002320 -0.006642 0.134511 -0.000122 0.990890
1784010277.728702068 -0.001873 -0.001667 0.002668 -0.006218 0.135014 -0.000340 0.990824
1784010277.828708172 0.002649 -0.001588 0.002692 -0.006422 0.134804 -0.000574 0.990851
1784010277.928712130 0.003775 -0.001452 0.002402 -0.006771 0.133960 -0.000267 0.990964
1784010278.028623104 0.014274 -0.001107 0.002393 -0.006637 0.134349 -0.000527 0.990912
1784010278.128646135 0.026586 -0.000953 0.002452 -0.006751 0.133296 -0.000894 0.991053
1784010278.228777170 0.042908 -0.001384 0.003598 -0.007628 0.132172 -0.000572 0.991197
1784010278.328560114 0.070098 -0.003037 0.006709 -0.005739 0.134174 -0.001129 0.990940
1784010278.428748131 0.107358 -0.002214 0.004398 -0.005986 0.132831 -0.001583 0.991119
1784010278.528503180 0.149370 -0.001862 0.002458 -0.006625 0.132436 -0.003127 0.991165
1784010278.628733158 0.195557 -0.001604 0.001570 -0.006914 0.133555 -0.002866 0.991013
1784010278.728666067 0.240487 -0.001364 0.001110 -0.006790 0.132541 -0.002468 0.991151
1784010278.828592062 0.283272 -0.001247 0.000919 -0.006423 0.132090 -0.002346 0.991214
1784010278.928632975 0.322736 -0.000963 0.000943 -0.006707 0.133182 -0.003042 0.991064
1784010279.028795004 0.348491 -0.000825 0.001249 -0.006420 0.132703 -0.002932 0.991131
1784010279.128479004 0.367653 -0.000798 0.001554 -0.006350 0.131876 -0.003384 0.991240
1784010279.228711128 0.392463 -0.001190 0.002350 -0.006239 0.132336 -0.003785 0.991178
1784010279.328716993 0.420686 -0.001814 0.002787 -0.005597 0.132429 -0.004514 0.991166
1784010279.428533077 0.454099 -0.002824 0.003422 -0.006984 0.132631 -0.004740 0.991129
1784010279.528510094 0.485236 -0.004544 0.004498 -0.007906 0.132190 -0.004819 0.991181
1784010279.628655195 0.511367 -0.004760 0.000715 -0.007313 0.131927 -0.004666 0.991221
1784010279.728701115 0.536224 -0.004393 0.000181 -0.006738 0.132445 -0.005071 0.991154
1784010279.828546047 0.560032 -0.004347 0.000801 -0.006763 0.131848 -0.005898 0.991229
1784010279.928807974 0.584081 -0.004732 0.001507 -0.006700 0.132646 -0.006397 0.991120
1784010280.028542995 0.599231 -0.005414 0.001810 -0.005940 0.132751 -0.007177 0.991106
1784010280.128379107 0.607828 -0.005904 0.002239 -0.005453 0.132350 -0.007537 0.991159
1784010280.228754044 0.616563 -0.006341 0.002682 -0.005030 0.131548 -0.008853 0.991258
1784010280.328311205 0.628786 -0.006855 0.002218 -0.005466 0.132476 -0.010110 0.991120
1784010280.428630114 0.647280 -0.007317 0.002095 -0.005469 0.132191 -0.010338 0.991155
1784010280.528704166 0.670963 -0.008224 0.002324 -0.005948 0.130717 -0.010420 0.991347
1784010280.628710032 0.700347 -0.009015 0.002402 -0.004872 0.131676 -0.011088 0.991219
1784010280.728305101 0.728411 -0.009824 0.003515 -0.004396 0.132406 -0.011767 0.991116
1784010280.828662157 0.763290 -0.009914 0.004509 -0.004899 0.131098 -0.013296 0.991268
1784010280.928382158 0.799451 -0.011180 0.002588 -0.004325 0.131475 -0.013417 0.991219
1784010281.028573036 0.835730 -0.013167 0.002635 -0.003511 0.131095 -0.013868 0.991267
1784010281.128368139 0.870134 -0.014665 0.002471 -0.004065 0.131441 -0.014053 0.991216
1784010281.228445053 0.902822 -0.016157 0.002560 -0.004127 0.131784 -0.013483 0.991178
1784010281.328446150 0.934970 -0.017388 0.002439 -0.003606 0.130472 -0.014042 0.991346
1784010281.428341150 0.974447 -0.018954 0.001805 -0.002764 0.130232 -0.015052 0.991366
1784010281.528457165 1.017429 -0.020608 0.001621 -0.003111 0.130466 -0.015958 0.991319
1784010281.628415108 1.057784 -0.022732 0.001371 -0.002311 0.130381 -0.017424 0.991308
1784010281.728528976 1.096454 -0.024702 0.001356 -0.003062 0.129836 -0.018459 0.991359
1784010281.828588009 1.135333 -0.026781 0.001638 -0.003037 0.129065 -0.018810 0.991453
1784010281.928439140 1.174228 -0.029051 0.001828 -0.002714 0.129198 -0.018741 0.991438
1784010282.028426170 1.212570 -0.031205 0.002160 -0.002354 0.128507 -0.019514 0.991514
1784010282.128587008 1.250461 -0.033085 0.002566 -0.003512 0.128569 -0.019538 0.991502
1784010282.228387117 1.288027 -0.035237 0.002422 -0.003170 0.128244 -0.019933 0.991537
1784010282.328548193 1.325972 -0.037562 0.003122 -0.002493 0.128125 -0.020109 0.991551
1784010282.428538084 1.364302 -0.039837 0.003468 -0.003512 0.128586 -0.020502 0.991480
1784010282.528259993 1.402825 -0.042261 0.003681 -0.003892 0.129099 -0.020795 0.991406
1784010282.628442049 1.441930 -0.044652 0.004223 -0.003343 0.128841 -0.021108 0.991435
1784010282.728198051 1.480669 -0.047015 0.004874 -0.003170 0.129341 -0.022178 0.991347
1784010282.828463078 1.519278 -0.049604 0.005545 -0.003367 0.129479 -0.022358 0.991324
1784010282.928342104 1.558225 -0.052520 0.006198 -0.002477 0.129546 -0.022895 0.991306
1784010283.028619051 1.597700 -0.055176 0.006520 -0.003174 0.130157 -0.024030 0.991197
1784010283.128478050 1.637387 -0.058179 0.007158 -0.003708 0.130572 -0.024369 0.991132
1784010283.228402138 1.678158 -0.061360 0.007613 -0.002801 0.129926 -0.024840 0.991209
1784010283.328158140 1.719439 -0.064450 0.008283 -0.002288 0.129603 -0.025714 0.991230
1784010283.428317070 1.761446 -0.067352 0.008799 -0.002739 0.129603 -0.026472 0.991209
1784010283.528254986 1.804845 -0.070859 0.009087 -0.001061 0.129029 -0.027354 0.991263
1784010283.628415108 1.849445 -0.074045 0.009493 -0.001618 0.129395 -0.028634 0.991178
1784010283.728212118 1.894295 -0.077556 0.010110 -0.001518 0.129155 -0.029234 0.991192
1784010283.828294992 1.939982 -0.081448 0.010431 -0.000399 0.128909 -0.029916 0.991205
1784010283.928313017 1.986192 -0.085454 0.010919 0.000235 0.128570 -0.031040 0.991215
1784010284.028411150 2.032713 -0.089814 0.011793 -0.000111 0.128959 -0.031825 0.991139
1784010284.128290176 2.080792 -0.095221 0.012132 0.001196 0.129313 -0.032833 0.991059
1784010284.228338003 2.130792 -0.100395 0.012396 0.000423 0.130293 -0.033614 0.990905
1784010284.328318119 2.182564 -0.104464 0.012264 0.000743 0.130310 -0.034523 0.990872
1784010284.428392172 2.236002 -0.108663 0.011776 0.001666 0.130811 -0.035567 0.990768
1784010284.528045177 2.290159 -0.112938 0.011480 0.002793 0.131161 -0.036836 0.990673
1784010284.628257990 2.345563 -0.117242 0.011668 0.002563 0.131390 -0.038040 0.990597
1784010284.728407145 2.401423 -0.122282 0.011481 0.003892 0.131611 -0.039316 0.990514
1784010284.828437090 2.457641 -0.127009 0.011262 0.002873 0.131818 -0.040257 0.990452
1784010284.928174973 2.513336 -0.132015 0.011109 0.002640 0.131987 -0.041041 0.990398
1784010285.028023005 2.569074 -0.137030 0.010730 0.003149 0.131917 -0.041411 0.990390
1784010285.128160000 2.624213 -0.142019 0.010422 0.003525 0.131868 -0.042573 0.990346
1784010285.228441000 2.678525 -0.147002 0.010422 0.002857 0.132288 -0.043069 0.990271
1784010285.328305006 2.732746 -0.152324 0.010061 0.003354 0.132352 -0.043604 0.990238
1784010285.428309202 2.787390 -0.157589 0.010091 0.002183 0.132336 -0.044338 0.990210
1784010285.528094053 2.841754 -0.162923 0.010350 0.001325 0.132126 -0.044191 0.990246
1784010285.628165007 2.896018 -0.168379 0.010590 0.001317 0.131376 -0.044396 0.990337
1784010285.728051186 2.949954 -0.173691 0.011099 0.001037 0.130439 -0.044800 0.990443
1784010285.828132153 3.003142 -0.178945 0.011774 0.000346 0.130343 -0.045388 0.990430
1784010285.928052187 3.056030 -0.184554 0.012293 0.000277 0.129305 -0.045849 0.990544
1784010286.028231144 3.109620 -0.190541 0.013145 -0.000485 0.129147 -0.046947 0.990513
1784010286.127992153 3.163669 -0.196709 0.014127 -0.000096 0.129093 -0.048932 0.990424
1784010286.228296041 3.217959 -0.203338 0.014981 -0.000055 0.129634 -0.049978 0.990302
1784010286.328217983 3.271898 -0.210676 0.015743 0.000482 0.130069 -0.052891 0.990093
1784010286.428263187 3.325407 -0.219006 0.015749 0.000462 0.131308 -0.056747 0.989716
1784010286.528037071 3.378601 -0.227949 0.015422 0.000844 0.132022 -0.061029 0.989366
1784010286.628189087 3.431917 -0.237999 0.014935 0.001419 0.133627 -0.065583 0.988858
1784010286.728269100 3.485626 -0.248606 0.014318 0.002288 0.134768 -0.071157 0.988316
1784010286.828173161 3.539674 -0.259345 0.014066 0.002864 0.135429 -0.075680 0.987888
1784010286.928173065 3.594750 -0.268605 0.013400 0.004082 0.135896 -0.076373 0.987767
1784010287.028272152 3.649710 -0.275472 0.013130 0.003224 0.136949 -0.073121 0.987870
1784010287.128173113 3.704382 -0.280259 0.012846 0.002605 0.136598 -0.068336 0.988263
1784010287.228154182 3.759011 -0.284495 0.012149 0.001767 0.136803 -0.063388 0.988567
1784010287.327882051 3.814001 -0.287631 0.011430 0.000715 0.136741 -0.057210 0.988953
1784010287.428039074 3.869683 -0.289547 0.010960 -0.000183 0.136647 -0.050422 0.989336
1784010287.528154135 3.925945 -0.290806 0.010525 -0.000085 0.136146 -0.043978 0.989712
1784010287.628174067 3.982195 -0.291415 0.010204 -0.001756 0.136081 -0.037632 0.989981
1784010287.727946043 4.038695 -0.291554 0.009795 -0.002218 0.136218 -0.030830 0.990197
1784010287.828183174 4.095805 -0.291144 0.009513 -0.004305 0.136533 -0.024039 0.990334
1784010287.927873135 4.152623 -0.289717 0.009226 -0.006129 0.136528 -0.017034 0.990471
1784010288.028182030 4.209637 -0.287447 0.008600 -0.006806 0.136078 -0.009371 0.990630
1784010288.127879143 4.266161 -0.284317 0.008382 -0.007437 0.135791 -0.002252 0.990707
1784010288.228245020 4.321934 -0.280238 0.008289 -0.008656 0.136238 0.004166 0.990630
1784010288.328119040 4.376586 -0.275828 0.007632 -0.008854 0.135716 0.010567 0.990652
1784010288.427976131 4.430259 -0.271651 0.007304 -0.010938 0.136596 0.014569 0.990459
1784010288.528383970 4.484025 -0.268333 0.007229 -0.011132 0.136249 0.016603 0.990473
1784010288.628133059 4.537575 -0.265670 0.006886 -0.011130 0.136470 0.018282 0.990413
1784010288.727881193 4.591198 -0.263152 0.007132 -0.011311 0.135993 0.018939 0.990464
1784010288.828081131 4.644626 -0.260469 0.007404 -0.012107 0.136186 0.018839 0.990430
1784010288.927812099 4.698235 -0.257991 0.007078 -0.011608 0.135941 0.018983 0.990467
1784010289.028156996 4.752654 -0.255535 0.006767 -0.012376 0.135650 0.019412 0.990489
1784010289.127891064 4.807544 -0.252877 0.006357 -0.012923 0.135562 0.020454 0.990473
1784010289.228074074 4.864701 -0.249943 0.005516 -0.012879 0.134633 0.021464 0.990579
1784010289.328001976 4.922908 -0.246927 0.004768 -0.012536 0.134917 0.021948 0.990534
1784010289.428086996 4.981904 -0.243582 0.004253 -0.012959 0.135559 0.022398 0.990431
1784010289.527901173 5.041567 -0.240688 0.003682 -0.012190 0.135918 0.022279 0.990395
1784010289.628092051 5.101822 -0.237923 0.003072 -0.012938 0.136708 0.020604 0.990313
1784010289.727869987 5.161862 -0.235290 0.002446 -0.012938 0.137905 0.020446 0.990150
1784010289.828073025 5.222685 -0.232976 0.001962 -0.011677 0.137717 0.019633 0.990208
1784010289.927797079 5.283424 -0.230690 0.001300 -0.011805 0.137777 0.018344 0.990223
1784010290.027990103 5.345206 -0.228821 0.000337 -0.010972 0.137322 0.017601 0.990309
1784010290.127695084 5.407349 -0.227163 0.000077 -0.010408 0.137134 0.017094 0.990350
1784010290.228077173 5.470136 -0.225594 -0.000283 -0.010767 0.136603 0.016672 0.990427
1784010290.327838182 5.533093 -0.224140 -0.001137 -0.010228 0.136171 0.016228 0.990500
1784010290.427750111 5.596065 -0.222344 -0.001488 -0.009736 0.136018 0.015502 0.990537
1784010290.527894020 5.659334 -0.220379 -0.002124 -0.009986 0.136056 0.015144 0.990535
1784010290.627882004 5.722912 -0.218802 -0.002603 -0.009338 0.135941 0.014210 0.990571
1784010290.728023052 5.786458 -0.216764 -0.002990 -0.010020 0.136330 0.013933 0.990515
1784010290.828124046 5.849863 -0.214676 -0.003601 -0.010339 0.136388 0.014223 0.990499
1784010290.927709103 5.913148 -0.212150 -0.003729 -0.009822 0.135747 0.013741 0.990600
1784010291.027935028 5.975441 -0.209633 -0.003896 -0.010498 0.136283 0.013273 0.990525
1784010291.127734184 6.036995 -0.208162 -0.005058 -0.010267 0.136020 0.013411 0.990562
1784010291.228099108 6.097028 -0.206847 -0.006043 -0.011329 0.136333 0.013129 0.990511
1784010291.327884197 6.155818 -0.205371 -0.006745 -0.011750 0.136120 0.013530 0.990530
1784010291.427832127 6.215097 -0.203844 -0.007527 -0.011430 0.135700 0.013714 0.990589
1784010291.527929068 6.274333 -0.202224 -0.008091 -0.012077 0.135179 0.013514 0.990655
1784010291.627876043 6.333736 -0.200562 -0.008848 -0.012128 0.134476 0.013277 0.990754
1784010291.727922201 6.393639 -0.198952 -0.008872 -0.011957 0.133819 0.013391 0.990843
1784010291.827907085 6.453827 -0.197149 -0.009057 -0.013070 0.133749 0.013559 0.990836
1784010291.928008080 6.514448 -0.195631 -0.009795 -0.013354 0.133480 0.013870 0.990865
1784010292.027665138 6.575222 -0.193909 -0.010065 -0.012964 0.132445 0.013388 0.991015
1784010292.127952099 6.636514 -0.192214 -0.010200 -0.013859 0.133194 0.013304 0.990904
1784010292.227653980 6.697885 -0.191062 -0.010751 -0.013360 0.132888 0.013041 0.990955
1784010292.327733040 6.759633 -0.189659 -0.011457 -0.014270 0.134277 0.012138 0.990767
1784010292.427781105 6.821099 -0.188274 -0.011610 -0.014953 0.134735 0.012180 0.990694
1784010292.527728081 6.882810 -0.186972 -0.012240 -0.014252 0.135708 0.011625 0.990578
1784010292.627923012 6.944211 -0.185571 -0.012504 -0.014143 0.135946 0.010805 0.990556
1784010292.727595091 7.004923 -0.184131 -0.012893 -0.013895 0.136168 0.010290 0.990535
1784010292.827758074 7.066643 -0.182761 -0.012987 -0.012812 0.136826 0.010074 0.990461
1784010292.927735090 7.128331 -0.181117 -0.013274 -0.013575 0.136903 0.009630 0.990445
1784010293.027832031 7.189882 -0.179809 -0.014187 -0.013484 0.137284 0.009339 0.990396
1784010293.127859116 7.251111 -0.178274 -0.014685 -0.012648 0.136695 0.008437 0.990497
1784010293.227632999 7.311486 -0.176496 -0.014813 -0.012944 0.137227 0.007817 0.990424
1784010293.327783108 7.372001 -0.175318 -0.015379 -0.011554 0.136954 0.007301 0.990483
1784010293.427836180 7.432437 -0.174252 -0.016392 -0.012569 0.136687 0.006532 0.990513
1784010293.527750969 7.492837 -0.173358 -0.017037 -0.013051 0.136318 0.006442 0.990558
1784010293.627798080 7.553363 -0.172536 -0.017559 -0.011945 0.135380 0.006188 0.990702
1784010293.727799177 7.613586 -0.171610 -0.017959 -0.012421 0.134926 0.005635 0.990762
1784010293.827980995 7.674048 -0.170912 -0.018577 -0.011700 0.134794 0.004952 0.990792
1784010293.927793980 7.734938 -0.170438 -0.018961 -0.011347 0.135007 0.004363 0.990770
1784010294.027878046 7.796392 -0.169933 -0.019544 -0.011756 0.135023 0.003736 0.990766
1784010294.127761126 7.858319 -0.169677 -0.020180 -0.010792 0.135200 0.003329 0.990754
1784010294.227910042 7.920475 -0.169453 -0.020430 -0.010175 0.135626 0.002279 0.990705
1784010294.327529192 7.981715 -0.169130 -0.020607 -0.010555 0.135995 0.001269 0.990652
1784010294.427700996 8.043764 -0.169439 -0.020571 -0.009727 0.135741 0.000922 0.990696
1784010294.527839184 8.105917 -0.169508 -0.020764 -0.010564 0.136461 -0.000093 0.990589
1784010294.627851009 8.168156 -0.169904 -0.021159 -0.010690 0.136030 -0.000398 0.990647
1784010294.727848053 8.230507 -0.170447 -0.021263 -0.010016 0.135158 -0.000971 0.990773
1784010294.827797174 8.292451 -0.170945 -0.021386 -0.010509 0.135382 -0.001830 0.990736
1784010294.927512169 8.354263 -0.171620 -0.021794 -0.009658 0.134782 -0.002219 0.990826
1784010295.027493000 8.415637 -0.172341 -0.021912 -0.010394 0.134634 -0.003176 0.990836
1784010295.127789021 8.476467 -0.173083 -0.021931 -0.010611 0.134337 -0.003475 0.990873
1784010295.227651119 8.537020 -0.173885 -0.022106 -0.010079 0.133649 -0.003680 0.990971
1784010295.327432156 8.597127 -0.174616 -0.021816 -0.009337 0.133821 -0.004982 0.990949
1784010295.427764177 8.657056 -0.175166 -0.021463 -0.009787 0.132970 -0.005943 0.991054
1784010295.527651072 8.716955 -0.176182 -0.021313 -0.008682 0.132675 -0.006395 0.991101
1784010295.627559185 8.776999 -0.176345 -0.021346 -0.009519 0.133172 -0.007005 0.991022
1784010295.727555990 8.837090 -0.176661 -0.021329 -0.009819 0.132636 -0.006535 0.991095
1784010295.827509165 8.897708 -0.176855 -0.021165 -0.008621 0.131876 -0.007178 0.991203
1784010295.927355051 8.958628 -0.176938 -0.021100 -0.009256 0.131775 -0.006451 0.991215
1784010296.027529001 9.020009 -0.177187 -0.021314 -0.008507 0.131377 -0.006275 0.991276
1784010296.127501011 9.081752 -0.177550 -0.021288 -0.009439 0.131210 -0.006142 0.991291
1784010296.227509022 9.144133 -0.177718 -0.021221 -0.009876 0.130579 -0.005524 0.991373
1784010296.327512026 9.206687 -0.177871 -0.021309 -0.009358 0.130467 -0.004960 0.991396
1784010296.427608013 9.269136 -0.178113 -0.021050 -0.009089 0.131041 -0.004848 0.991323
1784010296.527667046 9.331338 -0.177964 -0.020911 -0.009313 0.131115 -0.004292 0.991314
1784010296.627721071 9.393991 -0.177953 -0.020994 -0.008954 0.132103 -0.003197 0.991190
1784010296.727519035 9.456581 -0.177235 -0.021199 -0.009970 0.133568 -0.002176 0.990987
1784010296.827582121 9.519163 -0.176525 -0.021520 -0.010065 0.134061 -0.000701 0.990922
1784010296.927601099 9.581586 -0.175717 -0.021830 -0.009675 0.134278 0.000408 0.990896
1784010297.027734995 9.643481 -0.174496 -0.021845 -0.010065 0.135051 0.001885 0.990786
1784010297.127655983 9.705211 -0.173333 -0.021824 -0.009346 0.134409 0.003624 0.990875
1784010297.227741003 9.767298 -0.171749 -0.021859 -0.010521 0.134502 0.005139 0.990844
1784010297.327654123 9.828681 -0.169688 -0.022055 -0.011174 0.134250 0.007274 0.990858
1784010297.427636147 9.888924 -0.167099 -0.022479 -0.010661 0.132569 0.009321 0.991073
1784010297.527757168 9.948102 -0.164319 -0.022514 -0.011270 0.132696 0.010709 0.991035
1784010297.627508163 10.006408 -0.160981 -0.023014 -0.010956 0.132424 0.013025 0.991047
1784010297.727670193 10.064930 -0.157591 -0.022993 -0.012005 0.132973 0.015156 0.990931
1784010297.827632189 10.123460 -0.153706 -0.023196 -0.012687 0.132941 0.018447 0.990871
1784010297.927380085 10.182633 -0.149377 -0.024038 -0.013126 0.132981 0.021734 0.990793
1784010298.027662992 10.242621 -0.144370 -0.024483 -0.013152 0.133096 0.025023 0.990700
1784010298.127506971 10.302115 -0.138491 -0.024849 -0.014556 0.133966 0.028978 0.990455
1784010298.227558136 10.361803 -0.131950 -0.025576 -0.014622 0.133433 0.033319 0.990390
1784010298.327502012 10.421018 -0.124760 -0.026368 -0.016520 0.133637 0.037191 0.990194
1784010298.427695036 10.478966 -0.117343 -0.026931 -0.017229 0.134346 0.041697 0.989907
1784010298.527543068 10.534523 -0.110212 -0.027467 -0.017322 0.133505 0.045830 0.989836
1784010298.627582073 10.587645 -0.103448 -0.027832 -0.018087 0.133302 0.049913 0.989653
1784010298.727334976 10.640392 -0.095045 -0.028198 -0.018879 0.133768 0.054427 0.989337
1784010298.827226162 10.695338 -0.085439 -0.028626 -0.019671 0.134198 0.059007 0.989001
1784010298.927249193 10.752208 -0.074636 -0.029234 -0.021173 0.134304 0.063624 0.988669
1784010299.027508020 10.810180 -0.062605 -0.030078 -0.021645 0.135201 0.070182 0.988092
1784010299.127434969 10.868477 -0.049107 -0.030659 -0.022248 0.135171 0.077283 0.987553
1784010299.227353096 10.926368 -0.034402 -0.031305 -0.023379 0.135098 0.084793 0.986920
1784010299.327681065 10.984363 -0.017646 -0.032571 -0.023623 0.134782 0.094078 0.986116
1784010299.427396059 11.042142 0.000427 -0.033680 -0.023669 0.135046 0.103338 0.985152
1784010299.527237177 11.099763 0.020221 -0.034566 -0.024676 0.135475 0.114340 0.983852
1784010299.627456188 11.156533 0.042346 -0.035658 -0.025931 0.135160 0.126575 0.982364
1784010299.727270126 11.211640 0.065634 -0.036090 -0.028122 0.134156 0.137854 0.980922
1784010299.827444077 11.266069 0.090002 -0.037107 -0.028257 0.134386 0.149899 0.979118
1784010299.927201033 11.319400 0.116631 -0.038013 -0.029430 0.134055 0.162298 0.977150
1784010300.027297974 11.371598 0.144766 -0.038898 -0.031132 0.132684 0.175297 0.975037
1784010300.127305031 11.423059 0.174247 -0.040181 -0.032245 0.134136 0.190056 0.972032
1784010300.227334976 11.473168 0.206047 -0.041333 -0.034909 0.133915 0.205523 0.968818
1784010300.327180147 11.521772 0.239571 -0.042795 -0.035752 0.134172 0.222275 0.965046
1784010300.427170038 11.569305 0.275518 -0.044257 -0.037797 0.135265 0.239958 0.960570
1784010300.527145147 11.614765 0.314051 -0.045654 -0.040333 0.134869 0.258852 0.955604
1784010300.627251148 11.659113 0.354847 -0.047583 -0.041999 0.136131 0.278637 0.949771
1784010300.727138042 11.700937 0.397504 -0.048845 -0.044168 0.136136 0.298246 0.943698
1784010300.827184200 11.738379 0.441605 -0.050261 -0.047165 0.135585 0.319530 0.936639
1784010300.927103996 11.772673 0.485921 -0.051196 -0.049815 0.134068 0.339751 0.929577
1784010301.027160168 11.804271 0.530951 -0.052432 -0.052399 0.132953 0.360145 0.921886
1784010301.127178192 11.834072 0.577203 -0.053889 -0.053940 0.131814 0.380981 0.913548
1784010301.227231979 11.861583 0.625156 -0.055196 -0.056720 0.130614 0.402050 0.904477
1784010301.327095985 11.886683 0.674941 -0.056435 -0.060224 0.129861 0.423831 0.894358
1784010301.427062035 11.909149 0.726208 -0.058053 -0.062924 0.127733 0.445205 0.884035
1784010301.527296066 11.929158 0.778105 -0.059262 -0.065370 0.125477 0.465690 0.873565
1784010301.627060175 11.946711 0.830292 -0.060736 -0.067480 0.123969 0.486322 0.862305
1784010301.727339983 11.961762 0.883781 -0.062048 -0.069929 0.122620 0.506283 0.850736
1784010301.827198029 11.974020 0.937974 -0.063259 -0.073046 0.120403 0.525884 0.838816
1784010301.927241087 11.983938 0.993228 -0.065166 -0.075962 0.119112 0.546132 0.825701
1784010302.027144194 11.991720 1.048366 -0.066643 -0.078456 0.118766 0.565292 0.812517
1784010302.127353191 11.995841 1.103373 -0.067735 -0.081255 0.116925 0.584554 0.798763
1784010302.227298975 11.997463 1.158662 -0.068829 -0.083251 0.115539 0.603326 0.784677
1784010302.327090979 11.997013 1.212654 -0.069790 -0.085716 0.114272 0.620349 0.771208
1784010302.427363157 11.993414 1.266770 -0.070584 -0.088164 0.111116 0.638216 0.756677
1784010302.527301073 11.987776 1.321766 -0.071238 -0.089919 0.108162 0.656651 0.740962
1784010302.627153158 11.979980 1.376572 -0.072052 -0.092786 0.105127 0.673373 0.725884
1784010302.727210045 11.969896 1.431006 -0.073034 -0.094652 0.102491 0.690047 0.710191
1784010302.827062130 11.958780 1.486038 -0.073282 -0.096108 0.099468 0.704497 0.696099
1784010302.927230120 11.949223 1.541146 -0.073522 -0.097773 0.096563 0.713964 0.686565
1784010303.027137041 11.942671 1.597343 -0.074399 -0.099068 0.096385 0.718958 0.681171
1784010303.127271175 11.937647 1.654918 -0.075047 -0.098297 0.095858 0.721269 0.678911
1784010303.227174044 11.933267 1.712833 -0.075956 -0.099375 0.094972 0.722075 0.678021
1784010303.327071190 11.929096 1.770922 -0.077386 -0.100384 0.095903 0.722527 0.677260
1784010303.427119970 11.924705 1.828882 -0.078502 -0.100495 0.095838 0.722591 0.677184
1784010303.526950121 11.920350 1.886716 -0.079933 -0.101675 0.097018 0.722097 0.677367
1784010303.627333164 11.915993 1.945665 -0.081364 -0.101719 0.097418 0.721881 0.677533
1784010303.727156162 11.911688 2.004668 -0.082403 -0.102627 0.097385 0.721554 0.677749
1784010303.827039003 11.908005 2.063871 -0.083422 -0.102601 0.098382 0.721941 0.677196
1784010303.927038193 11.904303 2.123209 -0.084486 -0.102207 0.098417 0.722118 0.677063
1784010304.027194977 11.900512 2.182019 -0.085065 -0.101100 0.097282 0.722551 0.676931
1784010304.127065182 11.896694 2.240003 -0.086082 -0.100981 0.097696 0.723138 0.676262
1784010304.227127075 11.892640 2.297960 -0.086800 -0.100157 0.095896 0.723762 0.675974
1784010304.326941013 11.888357 2.355237 -0.087438 -0.101016 0.094240 0.723811 0.676027
1784010304.427191019 11.884319 2.412078 -0.088229 -0.101246 0.094464 0.724802 0.674899
1784010304.527106047 11.880045 2.468622 -0.089028 -0.100506 0.094249 0.725255 0.674552
1784010304.627235174 11.875661 2.525209 -0.089783 -0.101014 0.093949 0.725238 0.674537
1784010304.727060080 11.871418 2.581808 -0.090943 -0.101533 0.095024 0.725607 0.673911
1784010304.827042103 11.866989 2.638903 -0.091714 -0.101577 0.094958 0.725594 0.673927
1784010304.927365065 11.862477 2.696465 -0.093040 -0.103492 0.094844 0.724960 0.674334
1784010305.027135134 11.858657 2.754361 -0.094523 -0.104656 0.096498 0.724940 0.673942
1784010305.126872063 11.854396 2.812238 -0.095559 -0.104216 0.097129 0.724920 0.673940
1784010305.226962090 11.849914 2.869861 -0.096751 -0.105036 0.097045 0.724445 0.674336
1784010305.327135086 11.845701 2.928084 -0.098600 -0.104800 0.097758 0.724223 0.674508
1784010305.427083969 11.841546 2.986795 -0.099863 -0.104967 0.098261 0.724105 0.674535
1784010305.527330160 11.836996 3.045906 -0.101793 -0.106115 0.098157 0.724144 0.674330
1784010305.626996994 11.832697 3.105362 -0.103900 -0.106749 0.098689 0.724264 0.674023
1784010305.726860046 11.828152 3.165444 -0.105526 -0.106210 0.098055 0.724549 0.673895
1784010305.827205181 11.823319 3.225487 -0.107246 -0.107707 0.099000 0.724919 0.673120
1784010305.926833153 11.818647 3.286142 -0.109418 -0.107326 0.098193 0.725229 0.672966
1784010306.026973009 11.814097 3.346999 -0.111261 -0.107669 0.097047 0.725242 0.673063
1784010306.126864195 11.809274 3.407577 -0.113734 -0.108320 0.097494 0.725916 0.672166
1784010306.227179050 11.803952 3.468653 -0.115697 -0.107722 0.097304 0.726317 0.671857
1784010306.326987028 11.798515 3.529166 -0.117075 -0.107494 0.096067 0.726463 0.671914
1784010306.427014112 11.793368 3.589655 -0.118839 -0.107257 0.095680 0.726592 0.671867
1784010306.526746035 11.788194 3.649771 -0.119824 -0.106528 0.095531 0.726672 0.671918
1784010306.627081156 11.782840 3.709744 -0.120913 -0.106153 0.094557 0.727076 0.671678
1784010306.726953030 11.777654 3.769616 -0.122520 -0.106034 0.093980 0.727308 0.671527
1784010306.826836109 11.771981 3.829211 -0.123666 -0.105444 0.092730 0.727999 0.671044
1784010306.927067995 11.765583 3.888326 -0.124823 -0.105491 0.092518 0.729386 0.669558
1784010307.027080059 11.758785 3.947601 -0.126440 -0.106087 0.091583 0.730870 0.667972
1784010307.127084017 11.751523 4.007290 -0.127743 -0.107596 0.091164 0.732487 0.666014
1784010307.226993084 11.742536 4.066665 -0.129055 -0.108088 0.091742 0.736427 0.661495
1784010307.326732159 11.730964 4.125556 -0.130755 -0.108668 0.090436 0.741702 0.655660
1784010307.427075148 11.717728 4.184802 -0.131733 -0.109989 0.088758 0.747313 0.649267
1784010307.526725054 11.703424 4.243430 -0.133390 -0.110726 0.087506 0.753517 0.642102
1784010307.626929998 11.687620 4.301882 -0.135002 -0.111522 0.084947 0.759804 0.634858
1784010307.726986170 11.670513 4.359741 -0.136874 -0.113133 0.082923 0.766899 0.626251
1784010307.826879025 11.652300 4.417633 -0.139217 -0.113786 0.081509 0.775455 0.615694
1784010307.927080154 11.631812 4.474136 -0.141054 -0.114354 0.078133 0.783876 0.605274
1784010308.026965141 11.609034 4.529198 -0.142190 -0.114251 0.077831 0.791241 0.595674
1784010308.127079010 11.583572 4.583813 -0.143060 -0.115399 0.076184 0.799726 0.584223
1784010308.227108002 11.554157 4.635783 -0.143821 -0.116023 0.074275 0.810154 0.569800
1784010308.326850176 11.524356 4.685064 -0.145021 -0.117156 0.073884 0.819947 0.555430
1784010308.426779032 11.495014 4.730600 -0.145806 -0.117686 0.070871 0.829058 0.542025
1784010308.526996136 11.466284 4.772440 -0.146137 -0.117912 0.070500 0.834978 0.532858
1784010308.626891136 11.435307 4.815581 -0.146299 -0.117158 0.069461 0.842785 0.520732
1784010308.726814985 11.401897 4.859920 -0.146271 -0.117347 0.066539 0.850320 0.508682
1784010308.826884031 11.366836 4.904316 -0.146818 -0.117132 0.065254 0.858247 0.495414
1784010308.927021980 11.329633 4.947968 -0.147783 -0.116997 0.063240 0.866099 0.481856
1784010309.026722193 11.291135 4.990344 -0.148554 -0.117852 0.060915 0.873493 0.468413
1784010309.126927137 11.250868 5.032666 -0.149520 -0.117842 0.059716 0.880961 0.454373
1784010309.226982117 11.209404 5.074200 -0.149286 -0.118909 0.057973 0.887803 0.440800
1784010309.326699018 11.166926 5.114062 -0.149164 -0.120694 0.056332 0.894432 0.426909
1784010309.426926136 11.122363 5.152389 -0.149487 -0.121918 0.055283 0.901060 0.412518
1784010309.526517153 11.076023 5.187717 -0.149680 -0.123752 0.051952 0.908484 0.395781
1784010309.626964092 11.027869 5.221759 -0.150252 -0.125057 0.050191 0.915859 0.378212
1784010309.726829052 10.978124 5.253730 -0.150525 -0.125839 0.048017 0.923040 0.360356
1784010309.826810122 10.927588 5.283630 -0.150494 -0.125826 0.045391 0.929834 0.342806
1784010309.926752090 10.875838 5.311903 -0.150996 -0.127119 0.044151 0.935956 0.325389
1784010310.026936054 10.822834 5.338165 -0.151151 -0.127837 0.042246 0.941757 0.308167
1784010310.126670122 10.769333 5.362204 -0.152133 -0.129046 0.040190 0.947270 0.290537
1784010310.226941109 10.714996 5.384072 -0.152881 -0.130061 0.037652 0.952398 0.273139
1784010310.326546192 10.661194 5.403334 -0.153453 -0.130771 0.034828 0.957010 0.256548
1784010310.426830053 10.606969 5.420776 -0.154484 -0.131761 0.033905 0.961248 0.239773
1784010310.526762009 10.552234 5.435793 -0.155250 -0.132727 0.031491 0.965259 0.222861
1784010310.626867056 10.497136 5.449239 -0.155734 -0.133876 0.029281 0.968961 0.205755
1784010310.726933002 10.441681 5.462001 -0.156333 -0.134686 0.027076 0.972088 0.190188
1784010310.827013016 10.386086 5.474354 -0.156543 -0.134977 0.024315 0.974801 0.175936
1784010310.927235126 10.330213 5.485091 -0.156891 -0.134855 0.022223 0.977367 0.161473
1784010311.026491165 10.274435 5.494656 -0.157326 -0.134305 0.020224 0.979590 0.148178
1784010311.126753092 10.218409 5.505087 -0.157538 -0.133740 0.017418 0.981118 0.138631
1784010311.226751089 10.162637 5.517502 -0.158144 -0.133495 0.016441 0.981882 0.133480
1784010311.326774120 10.106937 5.531989 -0.158717 -0.133387 0.015614 0.982094 0.132118
1784010311.426824093 10.051206 5.546546 -0.159111 -0.133982 0.014170 0.982099 0.131642
1784010311.526736975 9.995318 5.561221 -0.159400 -0.134177 0.014664 0.982321 0.129717
1784010311.626590967 9.939878 5.575610 -0.159291 -0.134205 0.015074 0.982414 0.128939
1784010311.726680040 9.884870 5.589602 -0.159010 -0.134281 0.014487 0.982435 0.128765
1784010311.826600075 9.830283 5.604095 -0.159110 -0.133805 0.015296 0.982572 0.128120
1784010311.926644087 9.775703 5.618575 -0.159449 -0.133720 0.015463 0.982610 0.127898
1784010312.026714087 9.721500 5.633081 -0.159863 -0.132408 0.014781 0.982839 0.127578
1784010312.126582146 9.667093 5.647654 -0.160156 -0.131786 0.016402 0.982949 0.127181
1784010312.226808071 9.612426 5.662247 -0.160242 -0.130913 0.017545 0.983026 0.127333
1784010312.326544046 9.557762 5.676815 -0.160347 -0.131044 0.017791 0.982924 0.127954
1784010312.426622152 9.502377 5.691971 -0.160520 -0.131095 0.019886 0.982840 0.128233
1784010312.526407003 9.446645 5.707174 -0.160966 -0.132372 0.020895 0.982600 0.128605
1784010312.626684189 9.390898 5.722462 -0.161083 -0.132416 0.020831 0.982470 0.129554
1784010312.726642132 9.334456 5.738274 -0.161646 -0.132567 0.021814 0.982313 0.130429
1784010312.826733112 9.278336 5.753818 -0.162367 -0.134171 0.022585 0.981933 0.131514
1784010312.926648140 9.222180 5.769500 -0.163099 -0.135181 0.022107 0.981757 0.131873
1784010313.026679993 9.165844 5.785815 -0.163809 -0.135734 0.022446 0.981693 0.131722
1784010313.126610994 9.109281 5.801281 -0.164796 -0.137446 0.021641 0.981599 0.130780
1784010313.226557970 9.052465 5.813199 -0.165795 -0.138504 0.020332 0.982386 0.123782
1784010313.326604128 8.994830 5.819501 -0.167131 -0.138849 0.018584 0.983934 0.110678
1784010313.426519156 8.936987 5.823349 -0.168010 -0.139744 0.014701 0.985368 0.096465
1784010313.526579142 8.878712 5.824826 -0.169349 -0.139871 0.012151 0.986819 0.080475
1784010313.626677990 8.820453 5.823907 -0.170431 -0.139847 0.009462 0.988040 0.064262
1784010313.726493120 8.762896 5.820544 -0.171433 -0.139802 0.005767 0.989013 0.047708
1784010313.826357126 8.705879 5.814998 -0.172697 -0.139273 0.002825 0.989783 0.030406
1784010313.926392078 8.649563 5.807934 -0.173509 -0.138005 -0.000523 0.990320 0.014838
1784010314.026426077 8.594848 5.801301 -0.174502 -0.136869 -0.002278 0.990581 0.003195
1784010314.126281977 8.540305 5.794418 -0.174975 -0.135429 -0.003587 0.990752 -0.007556
1784010314.226479053 8.485426 5.787111 -0.174833 -0.134110 -0.004863 0.990809 -0.017000
1784010314.326529026 8.430697 5.778841 -0.175020 -0.133177 -0.006007 0.990715 -0.026694
1784010314.426544189 8.375855 5.769530 -0.175164 -0.132519 -0.007222 0.990488 -0.036341
1784010314.526390076 8.322143 5.759245 -0.174561 -0.130559 -0.008909 0.990364 -0.045329
1784010314.626327991 8.269623 5.748509 -0.174397 -0.130617 -0.008895 0.989896 -0.054460
1784010314.726509094 8.216946 5.736325 -0.174076 -0.129542 -0.010540 0.989489 -0.063401
1784010314.826696157 8.164213 5.723129 -0.173445 -0.129015 -0.012191 0.988903 -0.072651
1784010314.926439047 8.111575 5.709112 -0.173564 -0.129613 -0.013324 0.988048 -0.082367
1784010315.026491165 8.058659 5.693873 -0.173236 -0.129221 -0.014846 0.987242 -0.091839
1784010315.126320124 8.006685 5.677231 -0.172523 -0.128220 -0.017202 0.986382 -0.101556
1784010315.226360083 7.955194 5.659830 -0.172059 -0.128235 -0.017656 0.985283 -0.111633
1784010315.326266050 7.904201 5.641189 -0.171530 -0.128169 -0.019682 0.984123 -0.121194
1784010315.426307201 7.853460 5.621015 -0.170883 -0.128044 -0.021668 0.982856 -0.130876
1784010315.526350975 7.801807 5.599775 -0.170604 -0.128453 -0.022207 0.981325 -0.141446
1784010315.626363993 7.749972 5.576827 -0.170297 -0.128838 -0.023603 0.979605 -0.152374
1784010315.726339102 7.700069 5.551888 -0.170065 -0.128709 -0.025630 0.977704 -0.163927
1784010315.826503038 7.651646 5.526176 -0.170380 -0.128956 -0.026356 0.975600 -0.175730
1784010315.926254034 7.604358 5.499209 -0.170761 -0.129005 -0.028182 0.973392 -0.187274
1784010316.026483059 7.557334 5.470454 -0.170947 -0.128846 -0.029150 0.970955 -0.199489
1784010316.126317978 7.510744 5.440873 -0.171195 -0.129081 -0.029861 0.968206 -0.212187
1784010316.226152182 7.464770 5.409470 -0.171605 -0.128763 -0.032354 0.965028 -0.226042
1784010316.326457024 7.419150 5.375895 -0.172242 -0.128561 -0.034484 0.961223 -0.241525
1784010316.426370144 7.374199 5.340252 -0.172389 -0.127729 -0.036037 0.957078 -0.257661
1784010316.526270151 7.330662 5.302835 -0.172528 -0.127997 -0.039256 0.952405 -0.273861
1784010316.626288176 7.288909 5.263422 -0.173244 -0.128017 -0.041109 0.947065 -0.291531
1784010316.726528168 7.249060 5.221876 -0.173392 -0.127962 -0.043416 0.941186 -0.309694
1784010316.826230049 7.211851 5.178842 -0.173878 -0.128078 -0.046956 0.934672 -0.328298
1784010316.926248074 7.176113 5.134432 -0.173920 -0.127272 -0.049006 0.927699 -0.347526
1784010317.026534081 7.142447 5.088685 -0.173523 -0.124916 -0.051775 0.920493 -0.366618
1784010317.126207113 7.111472 5.042551 -0.173342 -0.123348 -0.053354 0.913148 -0.384837
1784010317.226358175 7.082331 4.994651 -0.173383 -0.121270 -0.055545 0.905270 -0.403353
1784010317.326495171 7.055430 4.945487 -0.172865 -0.118645 -0.056876 0.897126 -0.421728
1784010317.426448107 7.030316 4.895282 -0.172693 -0.117300 -0.058834 0.888478 -0.439757
1784010317.526204109 7.006878 4.844446 -0.172509 -0.115092 -0.061903 0.879596 -0.457419
1784010317.626173973 6.985357 4.793220 -0.171733 -0.113172 -0.063324 0.871801 -0.472382
1784010317.726224184 6.965407 4.741331 -0.171424 -0.112264 -0.064823 0.862726 -0.488773
1784010317.826374054 6.947308 4.688495 -0.171496 0.110099 0.066896 -0.854281 0.503594
1784010317.926323175 6.931275 4.635153 -0.171767 0.109946 0.068812 -0.845560 0.517884
1784010318.026437044 6.916670 4.580736 -0.172079 0.108969 0.070592 -0.835371 0.534133
1784010318.126099110 6.904354 4.525715 -0.172452 0.108059 0.073585 -0.825543 0.548988
1784010318.226294994 6.893955 4.470072 -0.172991 0.107819 0.075326 -0.815215 0.564026
1784010318.326050997 6.885359 4.414555 -0.173289 0.106860 0.076724 -0.804908 0.578634
1784010318.426182032 6.878714 4.360269 -0.173307 0.106080 0.079455 -0.795077 0.591850
1784010318.526404142 6.874011 4.308592 -0.173405 0.104943 0.080949 -0.784153 0.606250
1784010318.626372099 6.871141 4.259033 -0.173128 0.105023 0.081482 -0.778058 0.613968
1784010318.726227045 6.870346 4.208043 -0.173203 0.103213 0.084508 -0.767904 0.626521
1784010318.826481104 6.870756 4.154442 -0.173057 0.102707 0.086215 -0.756094 0.640578
1784010318.926067114 6.873031 4.099630 -0.172539 0.101109 0.088155 -0.744581 0.653915
1784010319.026350021 6.875948 4.044074 -0.172373 0.100388 0.089871 -0.734059 0.665584
1784010319.126024008 6.878262 3.988375 -0.172327 0.098560 0.091008 -0.725985 0.674499
1784010319.226212025 6.880666 3.931548 -0.172562 0.098025 0.092216 -0.718973 0.681884
1784010319.326229095 6.883945 3.874966 -0.173291 0.097292 0.093289 -0.712441 0.688665
1784010319.426277161 6.887601 3.818841 -0.173610 0.096176 0.093896 -0.706231 0.695106
1784010319.526282072 6.890750 3.763344 -0.173760 0.094797 0.094934 -0.702023 0.699403
1784010319.626433134 6.891443 3.708221 -0.174037 0.094891 0.094491 -0.701302 0.700173
1784010319.725965023 6.892297 3.653308 -0.174216 0.093539 0.094673 -0.700577 0.701056
1784010319.826167107 6.892037 3.597693 -0.174631 0.093050 0.095067 -0.701163 0.700481
1784010319.926064968 6.890506 3.541853 -0.175701 0.093970 0.095561 -0.702083 0.699370
1784010320.026030064 6.887650 3.485465 -0.176263 0.094638 0.096137 -0.704336 0.696931
1784010320.126012087 6.881902 3.430004 -0.176607 0.095109 0.095525 -0.710049 0.691129
1784010320.226034164 6.872044 3.375892 -0.177047 0.097393 0.093986 -0.719565 0.681108
1784010320.326011181 6.856944 3.322114 -0.177660 0.099819 0.092909 -0.733199 0.666201
1784010320.426287174 6.836466 3.269326 -0.178117 0.102204 0.090588 -0.750206 0.646946
1784010320.526317120 6.811139 3.217741 -0.178727 0.104681 0.088738 -0.768566 0.624879
1784010320.626089096 6.780599 3.167693 -0.179784 0.107397 0.086114 -0.788089 0.599972
1784010320.726190090 6.745102 3.120818 -0.180153 0.110623 0.081749 -0.808844 0.571709
1784010320.826207161 6.706534 3.077458 -0.180471 0.112397 0.078218 -0.828787 0.542550
1784010320.926228046 6.665350 3.038038 -0.181098 0.116571 0.073796 -0.847590 0.512402
1784010321.025922060 6.624238 3.002228 -0.181353 -0.118758 -0.071184 0.864294 -0.483555
1784010321.126254082 6.583574 2.971091 -0.181477 -0.119860 -0.068252 0.878828 -0.456767
1784010321.226128101 6.539620 2.943028 -0.181331 -0.120829 -0.063806 0.894502 -0.425669
1784010321.325873137 6.492146 2.916163 -0.181553 -0.123362 -0.059214 0.908597 -0.394623
1784010321.426004171 6.446457 2.892013 -0.181740 -0.124472 -0.055607 0.919941 -0.367591
1784010321.526023149 6.397000 2.872860 -0.181356 -0.125126 -0.050351 0.932220 -0.335819
1784010321.626119137 6.342672 2.856200 -0.181332 -0.126933 -0.045920 0.943565 -0.302430
1784010321.725875139 6.288660 2.842508 -0.181699 -0.127569 -0.041633 0.953193 -0.270953
1784010321.826120138 6.233801 2.833506 -0.181930 -0.127522 -0.037062 0.962235 -0.237631
1784010321.926298141 6.177212 2.828767 -0.181801 -0.128537 -0.033516 0.970075 -0.203247
1784010322.026120186 6.118599 2.828448 -0.181239 -0.129274 -0.028150 0.977016 -0.167138
1784010322.126247168 6.057827 2.831535 -0.180871 -0.131315 -0.023444 0.982346 -0.131158
1784010322.226059198 6.000241 2.837823 -0.180218 -0.131352 -0.019762 0.986253 -0.098288
1784010322.325896025 5.941021 2.851035 -0.179201 -0.130746 -0.013957 0.989598 -0.058366
1784010322.426156998 5.879829 2.868565 -0.178754 -0.132549 -0.007903 0.990943 -0.020006
1784010322.526166201 5.822773 2.888954 -0.178008 -0.131749 -0.002830 0.991157 0.015532
1784010322.626151085 5.766267 2.917035 -0.177546 -0.132161 0.002216 0.989594 0.056853
1784010322.725790977 5.709175 2.949851 -0.177265 -0.131812 0.007985 0.986530 0.096539
1784010322.826148987 5.652535 2.987946 -0.177182 -0.131494 0.014435 0.981555 0.138027
1784010322.925846100 5.598539 3.031169 -0.177084 -0.130350 0.019123 0.974891 0.179527
1784010323.026045084 5.546259 3.082343 -0.176907 -0.129648 0.027275 0.965574 0.223863
1784010323.126125097 5.493526 3.136026 -0.177016 -0.128121 0.033331 0.956362 0.260474
1784010323.225963116 5.432698 3.183757 -0.176268 -0.126165 0.035575 0.951986 0.276657
1784010323.325831175 5.364822 3.229615 -0.176243 -0.126174 0.037091 0.950825 0.280422
1784010323.426191092 5.295106 3.276997 -0.176005 -0.125589 0.038099 0.949699 0.284337
1784010323.525669098 5.223461 3.326059 -0.176258 -0.125692 0.038533 0.948930 0.286790
1784010323.625915051 5.153558 3.374617 -0.175873 -0.125237 0.038420 0.947924 0.290310
1784010323.725768089 5.090963 3.419116 -0.176189 -0.126083 0.039556 0.946929 0.293026
1784010323.826122999 5.026173 3.465130 -0.175960 -0.127042 0.039037 0.946215 0.294981
1784010323.925758123 4.958695 3.513959 -0.176246 -0.128168 0.038580 0.945704 0.296189
1784010324.025753021 4.894742 3.560902 -0.175302 -0.127374 0.038328 0.945300 0.297849
1784010324.126055002 4.833846 3.606142 -0.174922 -0.126873 0.038378 0.944700 0.299955
1784010324.226088047 4.774040 3.649714 -0.174679 -0.125872 0.038253 0.944290 0.301677
1784010324.325991154 4.714502 3.693425 -0.175101 -0.125847 0.038339 0.943395 0.304463
1784010324.426014185 4.651869 3.740105 -0.175131 -0.124902 0.037661 0.942740 0.306958
1784010324.525763035 4.588665 3.788079 -0.174924 -0.124626 0.039352 0.942096 0.308829
1784010324.625653028 4.526625 3.835398 -0.174720 -0.123705 0.038735 0.941545 0.310949
1784010324.725924015 4.467699 3.880612 -0.174385 -0.124508 0.038721 0.940958 0.312406
1784010324.825905085 4.412702 3.923270 -0.173888 -0.123813 0.038136 0.940613 0.313789
1784010324.925640106 4.359745 3.964314 -0.173165 -0.122975 0.037845 0.940364 0.314897
1784010325.025767088 4.306527 4.005910 -0.172991 -0.122990 0.038552 0.939858 0.316312
1784010325.125617027 4.253036 4.048072 -0.172269 -0.122582 0.038833 0.939304 0.318078
1784010325.225974083 4.199141 4.090510 -0.171976 -0.123353 0.038831 0.938874 0.319047
1784010325.325977087 4.144821 4.132799 -0.171790 -0.122749 0.038684 0.938716 0.319763
1784010325.426035166 4.093194 4.171964 -0.171131 -0.122824 0.038642 0.938357 0.320791
1784010325.525679111 4.044155 4.207671 -0.170538 -0.122790 0.038773 0.939036 0.318796
1784010325.625827074 3.986198 4.247786 -0.170280 -0.123813 0.038954 0.940547 0.313885
1784010325.725979090 3.928042 4.285437 -0.170098 -0.124366 0.037993 0.942857 0.306773
1784010325.825754166 3.870302 4.320315 -0.170072 -0.124390 0.036521 0.945732 0.297965
1784010325.925804138 3.811271 4.354031 -0.169572 -0.123874 0.034848 0.948835 0.288364
1784010326.026005030 3.752298 4.386483 -0.169555 -0.124261 0.034230 0.951437 0.279563
1784010326.125768185 3.692869 4.416517 -0.168945 -0.124083 0.032693 0.954204 0.270239
1784010326.225870132 3.633580 4.443510 -0.168830 -0.124825 0.031495 0.957617 0.257674
1784010326.325962067 3.574165 4.466368 -0.168399 -0.125339 0.028683 0.961373 0.243372
1784010326.425789118 3.515388 4.486298 -0.167603 -0.125704 0.027002 0.964994 0.228595
1784010326.525527000 3.458814 4.504762 -0.167308 -0.126114 0.025289 0.967765 0.216533
1784010326.625567198 3.401442 4.522848 -0.167200 -0.125957 0.022578 0.970259 0.205482
1784010326.725596189 3.343940 4.540154 -0.166818 -0.126242 0.021969 0.972480 0.194586
1784010326.825621128 3.287790 4.555135 -0.166308 -0.127771 0.020162 0.974560 0.183031
1784010326.925575018 3.231680 4.568774 -0.165832 -0.128722 0.017507 0.976556 0.171649
1784010327.025645018 3.175324 4.583690 -0.165850 -0.129636 0.017410 0.977806 0.163669
1784010327.125524998 3.119052 4.601019 -0.166247 -0.131344 0.015839 0.977965 0.161500
1784010327.225857019 3.060891 4.619938 -0.166854 -0.132810 0.016473 0.977926 0.160471
1784010327.325790167 3.003514 4.638700 -0.167540 -0.134159 0.015527 0.977963 0.159215
1784010327.425927162 2.949060 4.656437 -0.168023 -0.134861 0.013575 0.977986 0.158654
1784010327.525856018 2.893961 4.674289 -0.167996 -0.134627 0.014148 0.978227 0.157312
1784010327.625713110 2.837202 4.692664 -0.168014 -0.134914 0.014681 0.978263 0.156791
1784010327.725673199 2.782130 4.710268 -0.167662 -0.134141 0.013201 0.978336 0.157134
1784010327.825613976 2.725033 4.728685 -0.167668 -0.132231 0.013439 0.978652 0.156763
1784010327.925789118 2.663920 4.748606 -0.167884 -0.131757 0.012356 0.978707 0.156906
1784010328.025722027 2.602120 4.768280 -0.167621 -0.131020 0.012091 0.978703 0.157570
1784010328.125539064 2.540832 4.788281 -0.167438 -0.130905 0.014013 0.978567 0.158351
1784010328.225654125 2.479924 4.807327 -0.167065 -0.131332 0.013594 0.978332 0.159477
1784010328.325447083 2.419633 4.826061 -0.166621 -0.131589 0.015049 0.978168 0.160141
1784010328.425719023 2.356991 4.847557 -0.167249 -0.133030 0.015993 0.977858 0.160754
1784010328.525496006 2.293440 4.869593 -0.168203 -0.133000 0.016276 0.977467 0.163110
1784010328.625841141 2.232020 4.889851 -0.168342 -0.132402 0.016469 0.977367 0.164172
1784010328.725910187 2.174183 4.909490 -0.168615 -0.132003 0.016431 0.977219 0.165373
1784010328.825791121 2.118868 4.928684 -0.169154 -0.131923 0.017032 0.976994 0.166701
1784010328.925696135 2.063972 4.947861 -0.169447 -0.131825 0.017703 0.976853 0.167532
1784010329.025876045 2.009223 4.967129 -0.169287 -0.131135 0.016586 0.976792 0.168538
1784010329.125581026 1.953607 4.986660 -0.169378 -0.130118 0.017033 0.976841 0.169001
1784010329.225573063 1.898483 5.006091 -0.169691 -0.130497 0.018219 0.976632 0.169792
1784010329.325680971 1.843153 5.025270 -0.169626 -0.129436 0.017036 0.976687 0.170407
1784010329.425822020 1.785811 5.045780 -0.169757 -0.129711 0.018724 0.976499 0.171099
1784010329.525465012 1.727395 5.066599 -0.169798 -0.130167 0.019034 0.976375 0.171424
1784010329.625658035 1.667739 5.087663 -0.169870 -0.130252 0.018166 0.976158 0.172683
1784010329.725476027 1.607295 5.109693 -0.169861 -0.130135 0.020225 0.975931 0.173824
1784010329.825612068 1.545434 5.132439 -0.170155 -0.129533 0.019581 0.975740 0.175410
1784010329.925641060 1.483117 5.156124 -0.170079 -0.129215 0.020438 0.975524 0.176746
1784010330.025384188 1.420216 5.179768 -0.170318 -0.128721 0.020134 0.975502 0.177260
1784010330.125375032 1.356270 5.201762 -0.170097 -0.127691 0.017957 0.975990 0.175543
1784010330.225522041 1.291121 5.221386 -0.169807 -0.127650 0.018282 0.977124 0.169117
1784010330.325698137 1.225008 5.237731 -0.169487 -0.127889 0.015491 0.978758 0.159490
1784010330.425322056 1.158987 5.253409 -0.169184 -0.128294 0.014629 0.980206 0.150074
1784010330.525612116 1.092828 5.269786 -0.169457 -0.130249 0.013384 0.980948 0.143515
1784010330.625643969 1.026735 5.285519 -0.170048 -0.131694 0.011123 0.981673 0.137296
1784010330.725466967 0.960361 5.301348 -0.170144 -0.133905 0.011301 0.982131 0.131763
1784010330.825345039 0.894102 5.315840 -0.170471 -0.135952 0.009014 0.982503 0.126978
1784010330.925363064 0.828070 5.329291 -0.171437 -0.137058 0.009399 0.983040 0.121483
1784010331.025691032 0.761989 5.342921 -0.172519 -0.138008 0.007844 0.983350 0.117959
1784010331.125568151 0.696184 5.356252 -0.173457 -0.138112 0.007493 0.983774 0.114274
1784010331.225507975 0.630195 5.369532 -0.173943 -0.137647 0.007988 0.984189 0.111182
1784010331.325260162 0.564555 5.382788 -0.174321 -0.136454 0.006184 0.984608 0.109041
1784010331.425585985 0.498618 5.397422 -0.174495 -0.135437 0.006459 0.984786 0.108677
1784010331.525667191 0.432458 5.412393 -0.174775 -0.135424 0.005468 0.984770 0.108892
1784010331.625581026 0.366274 5.427387 -0.175205 -0.135111 0.005597 0.984782 0.109169
1784010331.725517035 0.300722 5.442440 -0.175237 -0.134952 0.006859 0.984737 0.109695
1784010331.825294971 0.235497 5.457369 -0.175272 -0.134732 0.005659 0.984679 0.110558
1784010331.925246000 0.170445 5.472822 -0.174965 -0.134453 0.006075 0.984640 0.111217
1784010332.025696039 0.104803 5.488608 -0.174985 -0.135059 0.005112 0.984485 0.111903
1784010332.125205994 0.040098 5.504291 -0.175348 -0.134933 0.005640 0.984424 0.112565
1784010332.225480080 -0.024990 5.520086 -0.175288 -0.134916 0.006940 0.984333 0.113305
1784010332.325370073 -0.089200 5.535408 -0.175318 -0.134811 0.006654 0.984192 0.114661
1784010332.425472021 -0.153167 5.551102 -0.175429 -0.134282 0.007584 0.984140 0.115664
1784010332.525534153 -0.216927 5.566792 -0.175692 -0.134844 0.007227 0.983896 0.117103
1784010332.625502110 -0.280663 5.582985 -0.176245 -0.134206 0.007990 0.983827 0.118361
1784010332.725502014 -0.344346 5.599518 -0.176312 -0.133615 0.009403 0.983688 0.120067
1784010332.825500011 -0.407820 5.616003 -0.176125 -0.133216 0.008479 0.983590 0.121375
1784010332.925686121 -0.472354 5.632758 -0.175963 -0.132216 0.009435 0.983586 0.122429
1784010333.025572062 -0.536850 5.649024 -0.176247 -0.132668 0.008474 0.983418 0.123356
1784010333.125267029 -0.601001 5.665429 -0.176916 -0.131797 0.008925 0.983472 0.123823
1784010333.225327969 -0.665225 5.682009 -0.177196 -0.131526 0.009967 0.983412 0.124507
1784010333.325328112 -0.729350 5.698352 -0.177073 -0.131542 0.009203 0.983316 0.125309
1784010333.425453186 -0.793363 5.714951 -0.176676 -0.131061 0.009804 0.983375 0.125304
1784010333.525371075 -0.857236 5.730285 -0.176358 -0.130857 0.008638 0.983562 0.124126
1784010333.625120163 -0.921335 5.744202 -0.176908 -0.130382 0.007842 0.983957 0.121519
1784010333.725403070 -0.985790 5.756861 -0.177284 -0.129577 0.007657 0.984593 0.117162
1784010333.825132132 -1.050053 5.766199 -0.177293 -0.131049 0.005373 0.985398 0.108572
1784010333.925428152 -1.115360 5.772238 -0.177118 -0.131755 0.004160 0.986714 0.094972
1784010334.025351048 -1.180088 5.774290 -0.177209 -0.134135 0.001186 0.987841 0.078597
1784010334.125351191 -1.243614 5.771576 -0.177990 -0.135052 -0.001235 0.989111 0.058474
1784010334.225434065 -1.306176 5.763974 -0.178417 -0.135307 -0.004062 0.990131 0.036292
1784010334.325093985 -1.367748 5.752284 -0.179310 -0.135792 -0.007565 0.990636 0.012020
1784010334.425386190 -1.429685 5.736663 -0.179754 -0.135287 -0.011013 0.990649 -0.013811
1784010334.525339127 -1.491693 5.720987 -0.180098 -0.135402 -0.015058 0.990102 -0.033724
1784010334.625303984 -1.554560 5.707302 -0.181031 -0.135451 -0.016993 0.989487 -0.047752
1784010334.725394011 -1.616741 5.694327 -0.181406 -0.134323 -0.018712 0.989135 -0.056734
1784010334.825333118 -1.677173 5.681319 -0.181848 -0.135400 -0.018930 0.988475 -0.065009
1784010334.925371170 -1.737104 5.666418 -0.182201 -0.134932 -0.020640 0.987808 -0.074844
1784010335.025303125 -1.796973 5.648843 -0.182359 -0.134751 -0.022793 0.986782 -0.087083
1784010335.125121117 -1.856818 5.628152 -0.183369 -0.136358 -0.024513 0.984978 -0.103076
1784010335.225092173 -1.914056 5.603550 -0.184359 -0.135641 -0.028165 0.982855 -0.121675
1784010335.325190067 -1.967554 5.575368 -0.185514 -0.136315 -0.030075 0.979733 -0.143653
1784010335.425454140 -2.018880 5.544696 -0.186769 -0.135763 -0.032953 0.976317 -0.165187
1784010335.525429010 -2.069349 5.512804 -0.187881 -0.135638 -0.035786 0.972938 -0.183611
1784010335.625272989 -2.121075 5.481268 -0.188984 -0.135836 -0.037175 0.969936 -0.198471
1784010335.725181103 -2.172873 5.450493 -0.190117 -0.135572 -0.038491 0.967805 -0.208546
1784010335.825260162 -2.223932 5.419125 -0.191440 -0.134974 -0.039028 0.965868 -0.217618
1784010335.925388098 -2.274306 5.386867 -0.192180 -0.134526 -0.038682 0.964013 -0.226023
1784010336.025226116 -2.323975 5.353492 -0.192974 -0.133602 -0.040141 0.962068 -0.234445
1784010336.125315189 -2.374788 5.318290 -0.193943 -0.133300 -0.039686 0.959787 -0.243855
1784010336.225045204 -2.424741 5.280382 -0.194998 -0.132911 -0.041230 0.956297 -0.257158
1784010336.325088024 -2.469896 5.237867 -0.196406 -0.131186 -0.043903 0.950789 -0.277243
1784010336.424970150 -2.510311 5.191716 -0.197829 -0.129781 -0.046771 0.943423 -0.301534
1784010336.525171041 -2.546987 5.142943 -0.198614 -0.129387 -0.049643 0.934028 -0.329221
1784010336.625156164 -2.578475 5.091238 -0.200130 -0.128440 -0.052666 0.922769 -0.359481
1784010336.725171089 -2.604519 5.036440 -0.200993 -0.126254 -0.056726 0.909100 -0.392911
1784010336.825302124 -2.624379 4.983683 -0.201954 -0.125413 -0.061662 0.895862 -0.421782
1784010336.925115108 -2.637324 4.942252 -0.202482 -0.124099 -0.063831 0.886137 -0.441913
1784010337.025177002 -2.645464 4.912662 -0.203303 -0.122863 -0.066168 0.880072 -0.453871
1784010337.125145197 -2.649563 4.896949 -0.203397 -0.121657 -0.065941 0.879368 -0.455591
1784010337.225323200 -2.650007 4.893309 -0.203447 -0.121493 -0.066712 0.877913 -0.458321
1784010337.325225115 -2.645109 4.900805 -0.203860 -0.122988 -0.066908 0.877784 -0.458141
1784010337.425170183 -2.641832 4.908210 -0.203502 -0.123189 -0.067064 0.878639 -0.456421
1784010337.525161028 -2.641422 4.908800 -0.203357 -0.123156 -0.067250 0.878605 -0.456469
1784010337.625231028 -2.642124 4.907095 -0.203604 -0.123141 -0.067397 0.878575 -0.456508
1784010337.725270987 -2.642154 4.907073 -0.204414 -0.123527 -0.068536 0.878319 -0.456727
1784010337.825288057 -2.634533 4.920644 -0.204007 -0.123408 -0.067319 0.878457 -0.456675
1784010337.925008059 -2.619770 4.945110 -0.202670 -0.124154 -0.067032 0.880134 -0.453273
1784010338.025307178 -2.599936 4.978135 -0.202102 -0.123822 -0.066220 0.882393 -0.449071
1784010338.125126123 -2.577799 5.011927 -0.203527 -0.123124 -0.064575 0.883879 -0.446574
1784010338.224975109 -2.550814 5.052249 -0.204815 -0.125823 -0.065805 0.884891 -0.443628
1784010338.324839115 -2.522980 5.093373 -0.202014 -0.124346 -0.064168 0.886510 -0.441045
1784010338.425374031 -2.496226 5.131482 -0.200020 -0.123366 -0.064817 0.887898 -0.438426
1784010338.525082111 -2.471417 5.166753 -0.198881 -0.123962 -0.064744 0.889070 -0.435885
1784010338.625132084 -2.447855 5.200026 -0.197466 -0.124749 -0.064559 0.890165 -0.433447
1784010338.725264072 -2.424429 5.232938 -0.195686 -0.127541 -0.064741 0.890798 -0.431301
1784010338.825188160 -2.395572 5.273053 -0.194323 -0.125629 -0.063792 0.892616 -0.428235
1784010338.924799204 -2.366200 5.313041 -0.193736 -0.126345 -0.063637 0.893677 -0.425828
1784010339.025045156 -2.336992 5.352124 -0.192630 -0.127005 -0.064133 0.894727 -0.423343
1784010339.125065088 -2.311452 5.385960 -0.191245 -0.126914 -0.064466 0.895665 -0.421333
1784010339.225082159 -2.293850 5.409262 -0.190786 -0.127232 -0.065273 0.896319 -0.419718
1784010339.324957132 -2.281393 5.425691 -0.190485 -0.127787 -0.064844 0.896839 -0.418505
1784010339.425176144 -2.273126 5.436334 -0.189305 -0.127806 -0.064621 0.896985 -0.418220
1784010339.525274992 -2.282684 5.424808 -0.189279 -0.127021 -0.064293 0.896915 -0.418659
1784010339.625008106 -2.306659 5.392729 -0.190579 -0.127093 -0.063913 0.895652 -0.421391
1784010339.724765062 -2.337490 5.346820 -0.192671 -0.126447 -0.063963 0.892278 -0.428673
1784010339.825256109 -2.369140 5.290865 -0.194128 -0.124800 -0.064811 0.885913 -0.442021
1784010339.924797058 -2.399212 5.230139 -0.195781 -0.124207 -0.066972 0.877260 -0.458806
1784010340.024880171 -2.427332 5.165619 -0.197440 -0.121981 -0.069190 0.867483 -0.477292
1784010340.124715090 -2.451593 5.098761 -0.198608 -0.120230 -0.070968 0.856384 -0.497106
1784010340.225177050 -2.471429 5.030046 -0.200048 0.119166 0.073634 -0.843187 0.519051
1784010340.325119972 -2.485525 4.960617 -0.201219 0.117536 0.077435 -0.827801 0.543079
1784010340.425044060 -2.495254 4.890965 -0.202616 0.116511 0.080251 -0.811218 0.567371
1784010340.524816990 -2.499364 4.821342 -0.203901 0.113197 0.083902 -0.793147 0.592507
1784010340.625179052 -2.497012 4.751094 -0.205711 0.112050 0.086922 -0.772324 0.619197
1784010340.724802017 -2.489314 4.680517 -0.207094 0.109604 0.091498 -0.750057 0.645778
1784010340.824834108 -2.475983 4.609327 -0.208611 0.106767 0.095607 -0.725672 0.672948
1784010340.924883127 -2.457110 4.539491 -0.209371 0.103223 0.099600 -0.699726 0.699863
1784010341.024742126 -2.433122 4.471977 -0.210763 0.100966 0.102866 -0.671789 0.726584
1784010341.124927044 -2.403879 4.406963 -0.211531 0.096037 0.105363 -0.644059 0.751574
1784010341.224840164 -2.370854 4.344369 -0.212145 0.092879 0.107346 -0.616017 0.774838
1784010341.324944973 -2.334239 4.286733 -0.212654 0.087776 0.110241 -0.588768 0.795924
1784010341.424681187 -2.292839 4.231945 -0.213379 0.085220 0.112290 -0.558524 0.817423
1784010341.524718046 -2.249189 4.180968 -0.214229 0.081375 0.114653 -0.530700 0.835817
1784010341.624736071 -2.200504 4.134347 -0.215159 0.077474 0.117338 -0.499639 0.854746
1784010341.724699020 -2.149609 4.089912 -0.215354 0.073558 0.118920 -0.470864 0.871054
1784010341.825004101 -2.101440 4.042934 -0.216357 0.070633 0.121035 -0.452314 0.880780
1784010341.925091982 -2.058859 3.988919 -0.216929 0.070936 0.121138 -0.448236 0.882824
1784010342.024916172 -2.015889 3.933944 -0.217716 0.070477 0.121835 -0.444317 0.884744
1784010342.125022173 -1.972348 3.878709 -0.218727 0.069302 0.121720 -0.440931 0.886545
1784010342.224874973 -1.928903 3.823824 -0.218935 0.068347 0.121274 -0.438488 0.887890
1784010342.324766159 -1.885159 3.769411 -0.219727 0.068196 0.121485 -0.435300 0.889441
1784010342.424968004 -1.841154 3.715295 -0.219825 0.067079 0.121917 -0.431835 0.891154
1784010342.525004148 -1.796591 3.662563 -0.220268 0.065607 0.123655 -0.426617 0.893534
1784010342.625029087 -1.750459 3.611908 -0.220485 0.063788 0.124314 -0.419161 0.897096
1784010342.724964142 -1.703838 3.562925 -0.221118 0.062501 0.124989 -0.412172 0.900326
1784010342.825073004 -1.658262 3.513337 -0.222511 0.062724 0.125023 -0.408449 0.902000
1784010342.924728155 -1.612879 3.464736 -0.223436 0.061649 0.124184 -0.405284 0.903616
1784010343.024913073 -1.567241 3.416390 -0.224922 0.061663 0.124555 -0.402109 0.904982
1784010343.124633074 -1.521333 3.368394 -0.225857 0.061182 0.124222 -0.399087 0.906397
1784010343.224711180 -1.475066 3.320370 -0.226234 0.060892 0.124079 -0.396821 0.907430
1784010343.325003147 -1.428356 3.272200 -0.227136 0.061109 0.123816 -0.394316 0.908543
1784010343.424641132 -1.383284 3.223180 -0.227700 0.061271 0.123517 -0.395492 0.908061
1784010343.524620056 -1.339944 3.172940 -0.229050 0.061731 0.124129 -0.398871 0.906467
1784010343.624715090 -1.298767 3.121193 -0.229719 0.062112 0.122723 -0.404919 0.903948
1784010343.724853992 -1.260483 3.067638 -0.230378 0.063408 0.122597 -0.414693 0.899433
1784010343.824879169 -1.225433 3.012309 -0.231575 0.065646 0.121868 -0.426322 0.893917
1784010343.924863100 -1.192857 2.955754 -0.232772 0.067325 0.120672 -0.440536 0.887036
1784010344.024906158 -1.162367 2.898501 -0.234291 0.068740 0.120056 -0.454459 0.879959
1784010344.124728203 -1.134387 2.840812 -0.235259 0.069785 0.118414 -0.469188 0.872336
1784010344.224586010 -1.109058 2.782771 -0.236103 0.071811 0.117356 -0.484276 0.864030
1784010344.324611187 -1.086212 2.723592 -0.237399 0.074055 0.114913 -0.499052 0.855721
1784010344.424570084 -1.066232 2.661298 -0.238702 0.076440 0.113796 -0.516023 0.845534
1784010344.524795055 -1.049445 2.596812 -0.239524 0.077486 0.112795 -0.534943 0.833732
1784010344.624785185 -1.036493 2.531220 -0.240166 0.081065 0.110205 -0.554997 0.820525
1784010344.724645138 -1.027358 2.465401 -0.240855 0.083078 0.108044 -0.575569 0.806316
1784010344.824781179 -1.022030 2.398835 -0.241067 0.085699 0.106822 -0.596843 0.790584
1784010344.924540997 -1.020638 2.332460 -0.241659 0.089688 0.105451 -0.617012 0.774682
1784010345.024882078 -1.022964 2.265711 -0.242154 0.091936 0.104681 -0.637706 0.757575
1784010345.124436140 -1.030058 2.199806 -0.242719 0.094507 0.101527 -0.659417 0.738871
1784010345.224845171 -1.041480 2.134462 -0.243823 0.096513 0.099166 -0.680923 0.719162
1784010345.324741125 -1.057963 2.070088 -0.245403 0.099530 0.096511 -0.702903 0.697644
1784010345.424766064 -1.079654 2.006486 -0.247143 0.101750 0.095223 -0.725345 0.674133
1784010345.524752140 -1.105565 1.944798 -0.248810 0.104207 0.092105 -0.747823 0.649167
1784010345.624747992 -1.135201 1.886791 -0.249984 0.107492 0.088945 -0.769133 0.623673
1784010345.724733114 -1.168406 1.832099 -0.251220 0.109500 0.085582 -0.789560 0.597730
1784010345.824715137 -1.205938 1.780162 -0.252589 0.111977 0.082698 -0.810564 0.568866
1784010345.924513102 -1.245338 1.731734 -0.253321 0.113614 0.079363 -0.828732 0.542215
1784010346.024500132 -1.290102 1.686753 -0.253320 0.115124 0.074856 -0.848596 0.510910
1784010346.124572039 -1.340101 1.643262 -0.253937 -0.119019 -0.069654 0.866992 -0.478860
1784010346.224405050 -1.390695 1.604231 -0.254076 -0.120865 -0.065076 0.883889 -0.447098
1784010346.324398994 -1.445571 1.569832 -0.254177 -0.123409 -0.060781 0.900418 -0.412703
1784010346.424678087 -1.502756 1.538439 -0.254605 -0.125284 -0.056913 0.914565 -0.380310
1784010346.524799109 -1.560720 1.511499 -0.254329 -0.126691 -0.051361 0.927877 -0.346923
1784010346.624641180 -1.622722 1.489434 -0.254228 -0.127969 -0.047527 0.940770 -0.310348
1784010346.724522114 -1.688157 1.471599 -0.254122 -0.130502 -0.041424 0.952369 -0.272482
1784010346.824618101 -1.754309 1.458458 -0.253916 -0.132624 -0.037732 0.961390 -0.238151
1784010346.924475193 -1.819365 1.450666 -0.253583 -0.132788 -0.032632 0.969890 -0.201534
1784010347.024306059 -1.887515 1.448682 -0.253881 -0.135201 -0.026737 0.977019 -0.162601
1784010347.124611139 -1.955525 1.449305 -0.254596 -0.135396 -0.021922 0.982467 -0.126276
1784010347.224554062 -2.023657 1.457486 -0.255230 -0.136303 -0.017159 0.986806 -0.085677
1784010347.324613094 -2.092583 1.469736 -0.256738 -0.136820 -0.012122 0.989307 -0.049035
1784010347.424626112 -2.159496 1.485766 -0.257576 -0.136119 -0.006726 0.990577 -0.013586
1784010347.524571180 -2.227438 1.505104 -0.258512 -0.135130 -0.002720 0.990646 0.018815
1784010347.624387980 -2.296305 1.526740 -0.259334 -0.134493 0.001518 0.989673 0.049563
1784010347.724608183 -2.363394 1.551274 -0.259957 -0.134019 0.004646 0.988006 0.076556
1784010347.824484110 -2.428954 1.578811 -0.260181 -0.132526 0.008881 0.985586 0.104773
1784010347.924437046 -2.493781 1.609436 -0.260175 -0.131266 0.013396 0.982482 0.131603
1784010348.024399996 -2.553428 1.641494 -0.259587 -0.130928 0.017108 0.978051 0.161185
1784010348.124600172 -2.606560 1.676793 -0.259570 -0.129501 0.019432 0.974804 0.180582
1784010348.224471092 -2.660312 1.715257 -0.259212 -0.130508 0.021620 0.970034 0.203798
1784010348.324371099 -2.714202 1.756196 -0.258833 -0.130002 0.024685 0.964778 0.227363
1784010348.424602032 -2.771490 1.795131 -0.259149 -0.130126 0.026794 0.961731 0.239630
1784010348.524446011 -2.831253 1.830892 -0.258794 -0.131042 0.027134 0.960456 0.244165
1784010348.624459982 -2.875727 1.859198 -0.259077 -0.134910 0.026718 0.961846 0.236512
1784010348.724591970 -2.854685 1.854089 -0.258659 -0.132169 0.024248 0.966268 0.219704
1784010348.824669123 -2.844164 1.849198 -0.258372 -0.133260 0.024431 0.966190 0.219368
1784010348.924631119 -2.838533 1.846018 -0.257772 -0.132546 0.024587 0.966383 0.218929
1784010349.024557114 -2.837412 1.845518 -0.257664 -0.132486 0.024729 0.966363 0.219038
1784010349.124598026 -2.839921 1.846692 -0.257840 -0.132690 0.024554 0.966356 0.218967
1784010349.224537134 -2.841975 1.847659 -0.258120 -0.132426 0.024296 0.966405 0.218938
1784010349.324174166 -2.843130 1.847922 -0.258486 -0.132001 0.024191 0.966466 0.218939
1784010349.424606085 -2.841507 1.846476 -0.258780 -0.131127 0.024119 0.966620 0.218792
1784010349.524345160 -2.830241 1.840713 -0.258293 -0.131656 0.023542 0.966465 0.219223
1784010349.624565125 -2.811687 1.831655 -0.255189 -0.131666 0.025366 0.966346 0.219536
1784010349.724482059 -2.786467 1.820248 -0.254790 -0.132482 0.024965 0.966075 0.220282
1784010349.824518204 -2.755197 1.806001 -0.256525 -0.128719 0.023865 0.966401 0.221205
1784010349.924143076 -2.713038 1.787131 -0.257698 -0.127466 0.024062 0.965889 0.224126
1784010350.024515152 -2.672080 1.768098 -0.258476 -0.127145 0.024127 0.965387 0.226453
1784010350.124148130 -2.641459 1.753714 -0.258964 -0.127623 0.025185 0.964960 0.227884
1784010350.224379063 -2.620168 1.743300 -0.258887 -0.128096 0.025431 0.964611 0.229063
1784010350.324253082 -2.605062 1.735863 -0.258931 -0.128382 0.025730 0.964279 0.230266
1784010350.424480200 -2.595716 1.731199 -0.258819 -0.128530 0.026072 0.964156 0.230661
1784010350.524232149 -2.592880 1.729622 -0.258717 -0.128411 0.026619 0.964109 0.230857
1784010350.624387980 -2.593876 1.729894 -0.258563 -0.128602 0.026704 0.964070 0.230905
1784010350.724436998 -2.596035 1.730813 -0.258596 -0.128535 0.026617 0.964149 0.230625
1784010350.824133158 -2.598562 1.732010 -0.258875 -0.128084 0.026352 0.964202 0.230684
1784010350.924487114 -2.601073 1.733279 -0.259286 -0.128910 0.025856 0.964160 0.230456
1784010351.024404049 -2.603046 1.734296 -0.259737 -0.128438 0.025517 0.964212 0.230537
1784010351.124147177 -2.604125 1.734810 -0.260055 -0.127955 0.025341 0.964277 0.230553
1784010351.224148989 -2.604242 1.734878 -0.259887 -0.128301 0.025136 0.964246 0.230515
1784010351.324279070 -2.603960 1.734707 -0.259501 -0.128680 0.025611 0.964191 0.230480
1784010351.424288988 -2.603651 1.734644 -0.259188 -0.128774 0.025928 0.964173 0.230468
1784010351.524152994 -2.603788 1.734807 -0.259076 -0.128032 0.025875 0.964282 0.230430
1784010351.624387980 -2.604201 1.735178 -0.259373 -0.128584 0.026222 0.964243 0.230249
1784010351.724243164 -2.593418 1.730330 -0.259451 -0.129842 0.026938 0.963906 0.230871
1784010351.824347973 -2.571460 1.719967 -0.258325 -0.128849 0.027292 0.963742 0.232067
1784010351.924005985 -2.540522 1.705127 -0.257265 -0.129254 0.027671 0.963292 0.233661
1784010352.024023056 -2.501298 1.686509 -0.257593 -0.129185 0.027877 0.962919 0.235203
1784010352.124161005 -2.462023 1.667570 -0.257890 -0.128880 0.027650 0.962595 0.236722
1784010352.224106073 -2.430242 1.652124 -0.257522 -0.128645 0.027403 0.962320 0.237991
1784010352.324130058 -2.408647 1.641641 -0.257847 -0.128483 0.027161 0.962169 0.238714
1784010352.424206972 -2.393297 1.634207 -0.258372 -0.128248 0.026968 0.962023 0.239451
1784010352.524340153 -2.383141 1.629601 -0.258333 -0.127970 0.026678 0.961923 0.240032
1784010352.624167204 -2.398163 1.637540 -0.257921 -0.127792 0.027681 0.962202 0.238892
1784010352.724507093 -2.442265 1.654630 -0.258848 -0.127639 0.026988 0.964162 0.231021
1784010352.824110031 -2.503511 1.667994 -0.259074 -0.128187 0.024226 0.969420 0.207860
1784010352.924134970 -2.573910 1.673864 -0.259525 -0.130619 0.020215 0.976009 0.173021
1784010353.023983002 -2.648599 1.671430 -0.259806 -0.131302 0.013802 0.982568 0.130877
1784010353.124034166 -2.724689 1.659938 -0.259022 -0.132550 0.008364 0.987598 0.083732
1784010353.224267006 -2.799967 1.639634 -0.257415 -0.131939 0.001104 0.990647 0.034785
1784010353.324203014 -2.864693 1.619682 -0.255562 -0.133358 -0.003922 0.991056 -0.002902
1784010353.424056053 -2.849747 1.620692 -0.257801 -0.132532 -0.004923 0.991166 0.001289
1784010353.524355173 -2.828097 1.623303 -0.257244 -0.132142 -0.004400 0.991207 0.005294
1784010353.624245167 -2.811913 1.625134 -0.255989 -0.131902 -0.003874 0.991229 0.007265
1784010353.724341154 -2.800788 1.625707 -0.254743 -0.131105 -0.003793 0.991329 0.008020
1784010353.824221134 -2.792250 1.626124 -0.253552 -0.130841 -0.003190 0.991361 0.008561
1784010353.924292088 -2.765241 1.624969 -0.253317 -0.130893 -0.003544 0.991369 0.006553
1784010354.024193048 -2.724688 1.620779 -0.253324 -0.131444 -0.005564 0.991308 0.000476
1784010354.124232054 -2.681986 1.614971 -0.253275 -0.132663 -0.007488 0.991086 -0.009674
1784010354.224071980 -2.640087 1.609483 -0.253507 -0.132835 -0.008689 0.990876 -0.021080
1784010354.323935986 -2.608615 1.606095 -0.254194 -0.133209 -0.009118 0.990582 -0.030315
1784010354.424261093 -2.585705 1.603792 -0.254448 -0.132715 -0.009748 0.990429 -0.036643
1784010354.524229050 -2.569886 1.602838 -0.255433 -0.132457 -0.009766 0.990330 -0.040070
1784010354.624142170 -2.561989 1.602087 -0.257607 -0.130896 -0.009136 0.990520 -0.040647
1784010354.724038124 -2.580275 1.600995 -0.256295 -0.130955 -0.010005 0.990500 -0.040744
1784010354.824191093 -2.618999 1.595972 -0.254559 -0.132587 -0.010443 0.990067 -0.045593
1784010354.924163103 -2.669754 1.582324 -0.254018 -0.131738 -0.012265 0.989382 -0.060147
1784010355.024294138 -2.726124 1.561000 -0.253973 -0.131869 -0.014642 0.987660 -0.083207
1784010355.123855114 -2.783638 1.534952 -0.253889 -0.131722 -0.017609 0.985292 -0.107418
1784010355.224277020 -2.841350 1.503752 -0.254221 -0.131610 -0.021384 0.981877 -0.134682
1784010355.324033022 -2.847827 1.490202 -0.254201 -0.128273 -0.020281 0.985030 -0.113359
1784010355.423974037 -2.852125 1.488476 -0.255246 -0.131525 -0.018008 0.984602 -0.113738
1784010355.523985147 -2.853098 1.485331 -0.256040 -0.131324 -0.019580 0.984540 -0.114242
1784010355.624176025 -2.847151 1.489107 -0.256344 -0.131131 -0.018561 0.984931 -0.111229
1784010355.724285126 -2.842891 1.491714 -0.256355 -0.131268 -0.018343 0.985073 -0.109834
1784010355.824257135 -2.824702 1.498924 -0.255659 -0.131642 -0.018252 0.985233 -0.107954
1784010355.924159050 -2.783237 1.505567 -0.255883 -0.132970 -0.019248 0.984501 -0.112726
1784010356.023934126 -2.730188 1.510233 -0.257413 -0.131960 -0.020463 0.983317 -0.123510
1784010356.124097109 -2.673030 1.513725 -0.258229 -0.132224 -0.023718 0.980914 -0.140581
1784010356.224045038 -2.616637 1.519752 -0.258213 -0.132960 -0.025799 0.978019 -0.158543
1784010356.324269056 -2.552892 1.530108 -0.257890 -0.132629 -0.029188 0.975165 -0.174960
1784010356.423930168 -2.488484 1.552130 -0.257602 -0.132867 -0.028006 0.974826 -0.176853
1784010356.523770094 -2.446430 1.569955 -0.256301 -0.131485 -0.027419 0.975090 -0.176522
1784010356.624121189 -2.449461 1.568403 -0.256472 -0.131767 -0.027485 0.974838 -0.177690
1784010356.724129200 -2.478116 1.554602 -0.256755 -0.132195 -0.027739 0.973764 -0.183135
1784010356.823917150 -2.519814 1.530071 -0.256931 -0.131400 -0.029984 0.971355 -0.195717
1784010356.923772097 -2.566436 1.497607 -0.257552 -0.131728 -0.030925 0.967373 -0.214198
1784010357.023766041 -2.615046 1.458886 -0.258329 -0.130462 -0.034543 0.962368 -0.235868
1784010357.123861074 -2.662349 1.414733 -0.258811 -0.129455 -0.038546 0.955551 -0.262065
1784010357.224179029 -2.705765 1.367545 -0.259120 -0.127760 -0.040710 0.948008 -0.288618
1784010357.323950052 -2.745593 1.317406 -0.259854 -0.126538 -0.045615 0.938707 -0.317390
1784010357.423977137 -2.782727 1.264145 -0.260791 -0.125065 -0.048524 0.928119 -0.347275
1784010357.523974180 -2.814299 1.208848 -0.260776 -0.124350 -0.053370 0.915012 -0.380055
1784010357.623881102 -2.819429 1.173474 -0.261595 -0.121867 -0.053720 0.917306 -0.375250
1784010357.723773003 -2.816881 1.170757 -0.261668 -0.124739 -0.053053 0.917785 -0.373224
1784010357.823974133 -2.816063 1.171518 -0.261796 -0.123749 -0.053210 0.917617 -0.373944
1784010357.923739195 -2.815556 1.172881 -0.261954 -0.123332 -0.053467 0.917639 -0.373992
1784010358.023828983 -2.812531 1.177225 -0.262116 -0.123332 -0.053865 0.917429 -0.374449
1784010358.123960018 -2.808732 1.186101 -0.261809 -0.123523 -0.052708 0.919272 -0.370005
1784010358.223633051 -2.797382 1.198456 -0.261716 -0.124191 -0.053453 0.919831 -0.368279
1784010358.323970079 -2.767302 1.229769 -0.260612 -0.124735 -0.052458 0.920553 -0.366431
1784010358.423876047 -2.721552 1.274032 -0.260277 -0.125044 -0.053581 0.920628 -0.365974
1784010358.523639202 -2.667697 1.324597 -0.259661 -0.125018 -0.053532 0.920258 -0.366920
1784010358.623950005 -2.607806 1.373339 -0.259604 -0.124639 -0.056118 0.916328 -0.376377
1784010358.723988056 -2.553773 1.415831 -0.258610 -0.123848 -0.056831 0.910441 -0.390551
1784010358.824006081 -2.519633 1.445577 -0.257413 -0.124678 -0.056964 0.906898 -0.398430
1784010358.923859119 -2.499881 1.467606 -0.257704 -0.124494 -0.056914 0.906784 -0.398755
1784010359.023756027 -2.495854 1.472373 -0.259888 -0.125996 -0.057079 0.906567 -0.398752
1784010359.123644114 -2.512280 1.451549 -0.259779 -0.124243 -0.056272 0.905314 -0.402248
1784010359.223899126 -2.540375 1.409510 -0.259277 -0.123685 -0.058492 0.900903 -0.411892
1784010359.323958158 -2.572351 1.351926 -0.259480 -0.121883 -0.061530 0.892318 -0.430264
1784010359.423794031 -2.603032 1.283124 -0.259441 -0.119972 -0.064478 0.879415 -0.456156
1784010359.523566008 -2.629536 1.207274 -0.260423 -0.118044 -0.066976 0.863151 -0.486364
1784010359.623821020 -2.647416 1.125134 -0.260998 0.115766 0.070997 -0.841954 0.522179
1784010359.724039078 -2.655873 1.039677 -0.261793 0.111197 0.077541 -0.817327 0.560000
1784010359.823852062 -2.656097 0.952895 -0.262358 0.108855 0.082414 -0.789650 0.598173
1784010359.923627138 -2.648014 0.866864 -0.263486 0.104815 0.087831 -0.760296 0.635019
1784010360.023638010 -2.629556 0.781918 -0.264684 0.102028 0.093239 -0.726347 0.673288
1784010360.123550177 -2.600105 0.700791 -0.265788 0.097119 0.098920 -0.688106 0.712245
1784010360.223623991 -2.562189 0.626469 -0.266903 0.092795 0.103242 -0.649706 0.747403
1784010360.323657990 -2.513471 0.557336 -0.267294 0.088059 0.106972 -0.605225 0.783904
1784010360.423640013 -2.458883 0.494092 -0.267483 0.081718 0.109729 -0.562416 0.815457
1784010360.523514032 -2.394929 0.436832 -0.268166 0.076060 0.113782 -0.512263 0.847853
1784010360.623537064 -2.326817 0.386370 -0.268884 0.069095 0.117664 -0.465037 0.874712
1784010360.723685026 -2.252040 0.344309 -0.269270 0.062989 0.121191 -0.412659 0.900588
1784010360.823544025 -2.174884 0.311193 -0.269446 0.056097 0.124607 -0.362024 0.922098
1784010360.923551083 -2.094293 0.286933 -0.268818 0.049563 0.125612 -0.310658 0.940881
1784010361.023634195 -2.012929 0.260425 -0.269010 0.043541 0.127517 -0.274051 0.952229
1784010361.123540163 -1.934908 0.224812 -0.268574 0.041651 0.128016 -0.259096 0.956424
1784010361.223841190 -1.857185 0.189562 -0.269745 0.040867 0.127820 -0.247870 0.959454
1784010361.323688030 -1.778484 0.155998 -0.270310 0.039024 0.128768 -0.236132 0.962360
1784010361.423532009 -1.698999 0.123965 -0.270937 0.038042 0.130300 -0.223946 0.965103
1784010361.523586988 -1.617470 0.095559 -0.271082 0.037719 0.130161 -0.208846 0.968514
1784010361.623800993 -1.533820 0.073067 -0.271770 0.034905 0.132243 -0.188668 0.972470
1784010361.723627090 -1.449290 0.055696 -0.271477 0.031225 0.131915 -0.165484 0.976851
1784010361.823470116 -1.364513 0.039614 -0.271855 0.027977 0.132365 -0.146077 0.979979
1784010361.923681974 -1.279088 0.025397 -0.272309 0.024479 0.133440 -0.128611 0.982372
1784010362.023710012 -1.193855 0.014372 -0.272257 0.022822 0.131635 -0.112494 0.984630
1784010362.123906136 -1.108281 0.006035 -0.272689 0.020579 0.131779 -0.095875 0.986417
1784010362.223589182 -1.022917 0.000817 -0.273369 0.017358 0.131738 -0.078356 0.988030
1784010362.323681116 -0.937186 -0.001553 -0.274721 0.014599 0.132014 -0.061336 0.989241
1784010362.423611164 -0.852401 -0.001124 -0.275995 0.011559 0.132336 -0.044364 0.990144
1784010362.523778200 -0.767990 0.001900 -0.277093 0.009530 0.133155 -0.027459 0.990669
1784010362.623691082 -0.685289 0.007902 -0.277947 0.006500 0.132840 -0.010146 0.991064
1784010362.723596096 -0.603693 0.016746 -0.278613 0.004690 0.133380 0.006414 0.991033
1784010362.823748112 -0.523401 0.028023 -0.278706 0.002069 0.132083 0.021867 0.990995
1784010362.923715115 -0.443717 0.038966 -0.278759 0.000371 0.131687 0.032747 0.990750
1784010363.023362160 -0.364704 0.047891 -0.279248 -0.001024 0.131472 0.038414 0.990575
1784010363.123430967 -0.285740 0.057460 -0.279171 -0.001554 0.131610 0.042897 0.990372
1784010363.223623991 -0.207623 0.067282 -0.279219 -0.002048 0.131156 0.047036 0.990243
1784010363.323457003 -0.130127 0.077868 -0.279621 -0.003333 0.132039 0.051294 0.989911
1784010363.423479080 -0.052489 0.089482 -0.279821 -0.004511 0.131647 0.056133 0.989696
1784010363.523320198 0.025009 0.101925 -0.279694 -0.005342 0.131193 0.060172 0.989515
1784010363.623578072 0.102367 0.114900 -0.279504 -0.005339 0.130271 0.064049 0.989393
1784010363.723417997 0.179993 0.126542 -0.278862 -0.006798 0.129330 0.064661 0.989468
1784010363.823626995 0.259936 0.127298 -0.278670 -0.005511 0.128787 0.048159 0.990487
1784010363.923711061 0.340698 0.118686 -0.278634 -0.001944 0.129322 0.021800 0.991361
1784010364.023569107 0.420448 0.104601 -0.278798 0.002157 0.129464 -0.005706 0.991565
1784010364.123713017 0.500255 0.098481 -0.278285 0.004211 0.129486 -0.012684 0.991491
1784010364.223745108 0.579648 0.096720 -0.277873 0.002774 0.128959 -0.012374 0.991569
1784010364.323414087 0.659698 0.094764 -0.277581 0.004329 0.129168 -0.012349 0.991536
1784010364.423580170 0.739693 0.092994 -0.276745 0.004367 0.128041 -0.012380 0.991682
1784010364.523615122 0.819576 0.091103 -0.275538 0.004927 0.128507 -0.011913 0.991625
1784010364.623599052 0.899375 0.089654 -0.274844 0.003007 0.128809 -0.011281 0.991601
1784010364.723659992 0.979357 0.088338 -0.274234 0.002733 0.128879 -0.009789 0.991608
1784010364.823391199 1.059995 0.087830 -0.273415 0.002398 0.128743 -0.007548 0.991646
1784010364.923465967 1.140223 0.087873 -0.272839 0.002162 0.128367 -0.005164 0.991711
1784010365.023604155 1.221438 0.088589 -0.273206 0.001096 0.128713 -0.003412 0.991675
1784010365.123241186 1.303543 0.089527 -0.272065 0.000795 0.127654 -0.001558 0.991817
1784010365.223555088 1.387026 0.090699 -0.271171 0.001280 0.128120 -0.000399 0.991758
1784010365.323578119 1.471949 0.092203 -0.269458 0.001015 0.127117 0.001252 0.991886
1784010365.423619032 1.558483 0.094088 -0.269127 0.000855 0.126544 0.002576 0.991957
1784010365.523360014 1.646795 0.096043 -0.267800 0.001651 0.126611 0.003738 0.991944
1784010365.623504162 1.737451 0.098329 -0.266695 0.001555 0.126929 0.005475 0.991895
1784010365.723467112 1.829121 0.100867 -0.265583 0.000958 0.126251 0.007526 0.991969
1784010365.823645115 1.923072 0.103788 -0.264259 0.000995 0.126874 0.009465 0.991873
1784010365.923197031 2.016356 0.106873 -0.262791 0.000670 0.127004 0.010717 0.991844
1784010366.023292065 2.110290 0.110720 -0.262182 0.000594 0.128587 0.013391 0.991608
1784010366.123208046 2.202305 0.114640 -0.261729 -0.000789 0.129543 0.015832 0.991447
1784010366.223386049 2.294710 0.118834 -0.261251 -0.000942 0.129098 0.017471 0.991478
1784010366.323213100 2.385829 0.123830 -0.261277 -0.001219 0.129519 0.018855 0.991397
1784010366.423273087 2.476750 0.129223 -0.261433 -0.001338 0.129402 0.021510 0.991358
1784010366.523413181 2.568033 0.135027 -0.262078 -0.001934 0.130592 0.023210 0.991163
1784010366.623255014 2.659592 0.141015 -0.262394 -0.001832 0.130675 0.025000 0.991108
1784010366.723574162 2.751905 0.147208 -0.262897 -0.002299 0.131616 0.026292 0.990949
1784010366.823508978 2.843803 0.153350 -0.262838 -0.002955 0.131727 0.028721 0.990865
1784010366.923195124 2.935956 0.159408 -0.263510 -0.003403 0.132172 0.029623 0.990778
1784010367.023154020 3.028970 0.162259 -0.262875 -0.003940 0.131192 0.025342 0.991025
1784010367.123407125 3.122711 0.159638 -0.263309 -0.002163 0.130561 0.014484 0.991332
1784010367.223357201 3.215823 0.152673 -0.263483 -0.002162 0.130570 -0.000172 0.991437
1784010367.323197126 3.306852 0.145053 -0.263716 0.000110 0.129737 -0.012018 0.991476
1784010367.423246145 3.396566 0.135946 -0.264539 0.000985 0.131263 -0.023427 0.991070
1784010367.523085117 3.485305 0.124549 -0.265392 0.001794 0.132148 -0.034798 0.990617
1784010367.623471022 3.574252 0.109536 -0.266339 0.003625 0.134010 -0.049954 0.989714
1784010367.723374128 3.662583 0.090357 -0.266937 0.006028 0.134050 -0.067461 0.988657
1784010367.823101997 3.752046 0.068952 -0.267476 0.009391 0.134359 -0.085179 0.987220
1784010367.923163176 3.841510 0.046802 -0.267887 0.010694 0.133565 -0.096587 0.986264
1784010368.023133993 3.930730 0.029461 -0.268402 0.011529 0.134038 -0.096574 0.986192
1784010368.123080015 4.019403 0.013750 -0.268513 0.010755 0.133461 -0.095975 0.986337
1784010368.223529100 4.107847 -0.002239 -0.268866 0.010917 0.133074 -0.094464 0.986534
1784010368.323050976 4.194718 -0.017826 -0.269161 0.009084 0.133507 -0.092944 0.986638
1784010368.423171043 4.281698 -0.033076 -0.269466 0.010230 0.133033 -0.090945 0.986877
1784010368.523365021 4.368289 -0.046952 -0.269407 0.010130 0.133659 -0.089389 0.986936
1784010368.623027086 4.454460 -0.059755 -0.268606 0.008511 0.132668 -0.086978 0.987300
1784010368.723203182 4.543393 -0.073998 -0.269143 0.007489 0.133615 -0.085805 0.987283
1784010368.823050976 4.634689 -0.088962 -0.269264 0.007450 0.132548 -0.084571 0.987534
1784010368.923127174 4.728272 -0.103565 -0.269595 0.007413 0.133006 -0.082891 0.987615
1784010369.023073196 4.822939 -0.118358 -0.269662 0.005969 0.132049 -0.080865 0.987921
1784010369.123053074 4.918995 -0.132905 -0.270246 0.006368 0.132396 -0.078083 0.988096
1784010369.223318100 5.016137 -0.147206 -0.270752 0.006000 0.132041 -0.076134 0.988298
1784010369.323326111 5.114165 -0.161567 -0.271748 0.005767 0.133370 -0.074483 0.988247
1784010369.423233032 5.213204 -0.173742 -0.272078 0.005653 0.133863 -0.071150 0.988426
1784010369.523015022 5.312973 -0.183829 -0.272078 0.004433 0.134186 -0.065082 0.988807
1784010369.623269081 5.414094 -0.191652 -0.271788 0.004626 0.133669 -0.055760 0.989445
1784010369.723316193 5.516018 -0.197296 -0.272839 0.002293 0.134458 -0.047065 0.989798
1784010369.823224068 5.618261 -0.201043 -0.272766 0.001013 0.133141 -0.037751 0.990377
1784010369.922971010 5.720959 -0.204204 -0.273032 -0.000092 0.134493 -0.030119 0.990457
1784010370.023223162 5.824110 -0.207772 -0.273579 -0.002123 0.133513 -0.025788 0.990709
1784010370.122961998 5.926399 -0.210340 -0.274854 -0.001566 0.134081 -0.021254 0.990741
1784010370.223287106 6.028847 -0.211758 -0.276036 -0.003223 0.133570 -0.017113 0.990886
1784010370.322940111 6.130430 -0.212566 -0.276744 -0.004662 0.132777 -0.012272 0.991059
1784010370.422933102 6.232313 -0.212616 -0.277234 -0.005165 0.132878 -0.008793 0.991080
1784010370.522983074 6.333656 -0.211966 -0.277150 -0.006409 0.132048 -0.004897 0.991210
1784010370.623011112 6.434584 -0.210526 -0.276783 -0.007485 0.130808 -0.000528 0.991379
1784010370.722911119 6.535382 -0.208113 -0.277336 -0.008981 0.130202 0.002545 0.991444
1784010370.823042154 6.636172 -0.205070 -0.277016 -0.009390 0.130541 0.006256 0.991379
1784010370.923045158 6.736766 -0.201172 -0.277378 -0.009533 0.132380 0.010069 0.991102
1784010371.022922039 6.837254 -0.196430 -0.277970 -0.011483 0.133454 0.013010 0.990903
1784010371.123329163 6.938310 -0.190940 -0.278203 -0.011743 0.133533 0.016572 0.990836
1784010371.223040104 7.039377 -0.184547 -0.278893 -0.012426 0.134273 0.019619 0.990672
1784010371.323358059 7.141143 -0.177496 -0.279421 -0.013642 0.134428 0.023195 0.990558
1784010371.422883034 7.242538 -0.169751 -0.279897 -0.013166 0.135100 0.026247 0.990397
1784010371.522911072 7.345268 -0.161458 -0.280403 -0.013417 0.134798 0.029147 0.990353
1784010371.623013973 7.449108 -0.152143 -0.280393 -0.015000 0.133634 0.033271 0.990359
1784010371.723165035 7.553713 -0.142180 -0.281473 -0.014827 0.133663 0.036023 0.990261
1784010371.823131084 7.657971 -0.131989 -0.281890 -0.014538 0.133186 0.039007 0.990216
1784010371.923010111 7.761953 -0.121240 -0.282036 -0.014289 0.132433 0.041901 0.990203
1784010372.023130178 7.866364 -0.109800 -0.283589 -0.014212 0.132988 0.043627 0.990055
1784010372.123044014 7.970929 -0.098202 -0.284004 -0.013317 0.133902 0.045476 0.989861
1784010372.222958088 8.076023 -0.086402 -0.284447 -0.012903 0.133595 0.048466 0.989766
1784010372.323075056 8.181688 -0.073966 -0.285502 -0.014442 0.133753 0.051462 0.989572
1784010372.422919989 8.286949 -0.061138 -0.285787 -0.013989 0.133140 0.054649 0.989491
1784010372.523226023 8.391983 -0.047327 -0.286092 -0.014122 0.133179 0.058415 0.989268
1784010372.623069048 8.495626 -0.032435 -0.286483 -0.015837 0.131885 0.061493 0.989229
1784010372.722803116 8.598338 -0.016792 -0.286587 -0.016272 0.130859 0.064701 0.989154
1784010372.823024035 8.701702 -0.000324 -0.286985 -0.016577 0.131494 0.067391 0.988885
1784010372.923218012 8.805837 0.016835 -0.287289 -0.017060 0.130719 0.070294 0.988777
1784010373.022909164 8.909812 0.034800 -0.286743 -0.017696 0.130231 0.073316 0.988611
1784010373.122756004 9.014476 0.053468 -0.286898 -0.018471 0.128988 0.076234 0.988539
1784010373.222943068 9.119696 0.072886 -0.287241 -0.018600 0.129105 0.080100 0.988216
1784010373.322784185 9.222869 0.092993 -0.286527 -0.019012 0.128606 0.082707 0.988058
1784010373.422888041 9.324166 0.113160 -0.286476 -0.019299 0.129270 0.085497 0.987728
1784010373.522806168 9.425905 0.127167 -0.286136 -0.018087 0.128342 0.077825 0.988506
1784010373.622900009 9.529534 0.130656 -0.286920 -0.014791 0.130610 0.056608 0.989706
1784010373.723095179 9.632855 0.124481 -0.286542 -0.010056 0.130930 0.026768 0.990979
1784010373.822964191 9.734016 0.119938 -0.285795 -0.006802 0.130797 0.012007 0.991313
1784010373.922761202 9.834250 0.123560 -0.285738 -0.007296 0.130883 0.012420 0.991293
1784010374.023092985 9.935431 0.127842 -0.284989 -0.007040 0.129716 0.014096 0.991426
1784010374.122716188 10.036210 0.132498 -0.284869 -0.005978 0.129854 0.015772 0.991390
1784010374.222968102 10.138214 0.137409 -0.285129 -0.006602 0.129110 0.017566 0.991453
1784010374.322874069 10.241047 0.142936 -0.284699 -0.006451 0.128253 0.018201 0.991553
1784010374.423093081 10.344400 0.148562 -0.284974 -0.005859 0.130285 0.019663 0.991264
1784010374.522881031 10.447066 0.154324 -0.285026 -0.006261 0.130321 0.021647 0.991216
1784010374.622812033 10.549969 0.160757 -0.284899 -0.005242 0.131200 0.023562 0.991062
1784010374.722866058 10.652949 0.167736 -0.284804 -0.005071 0.130563 0.024701 0.991119
1784010374.822944164 10.754840 0.178544 -0.284596 -0.006416 0.130669 0.032445 0.990874
1784010374.922775984 10.854147 0.200180 -0.285174 -0.008295 0.131558 0.053744 0.989816
1784010375.022819042 10.949206 0.233351 -0.284975 -0.012702 0.131465 0.087481 0.987372
1784010375.122642994 11.038802 0.277291 -0.284456 -0.018055 0.129978 0.131273 0.982623
1784010375.222772121 11.121633 0.332572 -0.284472 -0.025476 0.128945 0.179248 0.974984
1784010375.322686195 11.198038 0.396667 -0.285051 -0.031881 0.127859 0.227503 0.964820
1784010375.422996044 11.267101 0.468922 -0.285098 -0.038887 0.126087 0.278130 0.951438
1784010375.522732019 11.327427 0.547630 -0.285676 -0.044742 0.125836 0.326633 0.935668
1784010375.622925997 11.379745 0.634335 -0.287275 -0.052671 0.124411 0.374221 0.917445
1784010375.723000050 11.423285 0.726913 -0.287183 -0.059548 0.122345 0.424552 0.895121
1784010375.822993040 11.455584 0.818582 -0.288469 -0.064111 0.121764 0.468383 0.872743
1784010375.922707081 11.476622 0.911541 -0.289397 -0.070123 0.117986 0.512392 0.847713
1784010376.022814035 11.492755 1.006346 -0.290111 -0.075392 0.113908 0.547331 0.825694
1784010376.122939110 11.510173 1.101848 -0.291042 -0.077125 0.111737 0.571069 0.809597
1784010376.222983122 11.529756 1.197815 -0.292957 -0.078826 0.111425 0.586516 0.798355
1784010376.322679043 11.546591 1.292167 -0.294581 -0.082197 0.109449 0.600189 0.788060
1784010376.422569990 11.559203 1.384726 -0.295706 -0.084706 0.109189 0.615524 0.775907
1784010376.522807121 11.563437 1.476319 -0.296669 -0.086878 0.106080 0.635493 0.759834
1784010376.622887135 11.561557 1.567832 -0.297050 -0.089254 0.103100 0.656662 0.741755
1784010376.722856045 11.554961 1.658999 -0.297449 -0.091901 0.098939 0.675752 0.724654
1784010376.822794199 11.548034 1.752304 -0.297869 -0.092642 0.095766 0.689892 0.711544
1784010376.922547102 11.540848 1.846289 -0.297881 -0.093526 0.094614 0.700249 0.701393
1784010377.022840977 11.535295 1.940945 -0.297594 -0.093571 0.093356 0.705684 0.696089
1784010377.122601986 11.530580 2.033663 -0.298924 -0.093397 0.093903 0.708313 0.693363
1784010377.222527027 11.525336 2.127912 -0.298407 -0.092843 0.093932 0.710240 0.691459
1784010377.322690010 11.519440 2.228432 -0.298697 -0.093626 0.095741 0.712283 0.688999
1784010377.422711134 11.513278 2.327223 -0.299325 -0.094833 0.095395 0.714822 0.686248
1784010377.522456169 11.506439 2.425988 -0.299627 -0.095223 0.095631 0.717614 0.683240
1784010377.622845173 11.498783 2.525148 -0.300264 -0.095816 0.095484 0.720374 0.680267
1784010377.722921133 11.490206 2.625439 -0.300348 -0.096689 0.094403 0.723974 0.676462
1784010377.822609186 11.480306 2.724687 -0.301886 -0.097462 0.093896 0.726231 0.673998
1784010377.922806025 11.469271 2.824108 -0.302911 -0.099080 0.093683 0.729232 0.670543
1784010378.022705078 11.457751 2.920945 -0.304790 -0.101389 0.093498 0.732655 0.666479
1784010378.122580051 11.445611 3.018357 -0.307106 -0.104459 0.094257 0.735318 0.662957
1784010378.222627163 11.433092 3.118630 -0.308367 -0.105567 0.093439 0.737507 0.660461
1784010378.322545052 11.423314 3.219952 -0.309924 -0.105751 0.091995 0.737768 0.660342
1784010378.422618151 11.431948 3.325183 -0.311472 -0.102695 0.093796 0.712447 0.687805
1784010378.522514105 11.457141 3.427400 -0.312209 -0.095642 0.098998 0.679131 0.720995
1784010378.622827053 11.478004 3.524644 -0.313313 -0.092427 0.102635 0.663464 0.735349
1784010378.722553015 11.490059 3.617531 -0.313634 -0.091298 0.101719 0.660788 0.738022
1784010378.822746038 11.499073 3.710481 -0.313695 -0.090990 0.102347 0.662072 0.736822
1784010378.922434092 11.508280 3.803285 -0.314198 -0.091400 0.101446 0.663201 0.735880
1784010379.022979021 11.517445 3.898451 -0.315178 -0.091432 0.100185 0.665064 0.734366
1784010379.122492075 11.525565 3.996218 -0.317527 -0.093603 0.100433 0.665887 0.733312
1784010379.222681999 11.533360 4.097454 -0.318565 -0.094785 0.099429 0.667145 0.732152
1784010379.322763205 11.540397 4.201138 -0.319851 -0.095524 0.099120 0.670122 0.729375
1784010379.422569990 11.546322 4.305892 -0.321135 -0.097300 0.095532 0.672707 0.727235
1784010379.522376060 11.550028 4.413591 -0.321443 -0.096520 0.093044 0.677622 0.723087
1784010379.622748137 11.552730 4.517693 -0.322225 -0.097215 0.091884 0.681371 0.719612
1784010379.722463131 11.554167 4.616864 -0.322753 -0.097016 0.088343 0.685210 0.716429
1784010379.822731018 11.554940 4.712440 -0.323435 -0.097658 0.088506 0.687970 0.713671
1784010379.922439098 11.555635 4.803611 -0.324239 -0.096439 0.088938 0.690352 0.711480
1784010380.022521019 11.555330 4.894946 -0.323809 -0.096318 0.089314 0.692906 0.708962
1784010380.122479200 11.548627 4.982471 -0.323420 -0.096433 0.089547 0.701413 0.700501
1784010380.222635031 11.530496 5.062568 -0.323117 -0.096285 0.086902 0.720697 0.681008
1784010380.322426081 11.502334 5.139048 -0.324117 -0.099114 0.084866 0.744854 0.654344
1784010380.422507048 11.464041 5.215725 -0.322971 -0.101890 0.079878 0.773078 0.620957
1784010380.522304058 11.419444 5.283580 -0.323083 -0.106702 0.075466 0.799659 0.586058
1784010380.622596025 11.371851 5.342731 -0.322621 -0.110101 0.071882 0.824055 0.551038
1784010380.722329140 11.322583 5.393920 -0.322435 -0.112962 0.068446 0.845960 0.516630
1784010380.822571993 11.269226 5.436271 -0.322458 -0.116106 0.063738 0.867775 0.478982
1784010380.922646999 11.208759 5.474271 -0.322494 -0.119012 0.058828 0.889748 0.436719
1784010381.022418022 11.144960 5.506245 -0.323268 -0.122841 0.051934 0.909140 0.394561
1784010381.122251987 11.079691 5.533664 -0.323968 -0.126096 0.046932 0.925205 0.354814
1784010381.222386122 11.006289 5.561921 -0.324992 -0.127670 0.041424 0.939327 0.315672
1784010381.322324991 10.930384 5.590857 -0.326348 -0.130750 0.036952 0.949405 0.283142
1784010381.422628164 10.857259 5.621763 -0.327304 -0.132336 0.034960 0.955256 0.262205
1784010381.522431135 10.783750 5.652433 -0.329018 -0.133424 0.030961 0.959292 0.246977
1784010381.622503996 10.708190 5.682276 -0.329721 -0.134217 0.030346 0.963248 0.230691
1784010381.722378016 10.626520 5.713145 -0.330132 -0.134082 0.027121 0.966429 0.217487
1784010381.822427034 10.543278 5.743509 -0.330619 -0.134556 0.025501 0.969359 0.203929
1784010381.922324181 10.458928 5.771378 -0.331482 -0.135469 0.022764 0.971800 0.191663
1784010382.022392988 10.374200 5.797405 -0.331863 -0.135003 0.021774 0.974284 0.179086
1784010382.122280121 10.290476 5.820260 -0.332254 -0.134381 0.019924 0.976648 0.166445
1784010382.222570181 10.206812 5.841278 -0.332899 -0.134060 0.018625 0.978638 0.154754
1784010382.322417021 10.122116 5.859924 -0.333928 -0.134780 0.015762 0.980375 0.143006
1784010382.422616005 10.036792 5.876961 -0.334714 -0.134897 0.015080 0.982032 0.131105
1784010382.522251129 9.952120 5.891841 -0.335482 -0.136250 0.013237 0.983406 0.119055
1784010382.622596025 9.867458 5.900877 -0.336149 -0.136536 0.012384 0.985462 0.100341
1784010382.722304106 9.776043 5.897537 -0.338211 -0.138918 0.009274 0.988032 0.066401
1784010382.822477102 9.693824 5.877345 -0.339338 -0.138388 0.002830 0.990186 0.019289
1784010382.922387123 9.626333 5.856645 -0.340833 -0.139159 -0.001440 0.990144 -0.015749
1784010383.022397041 9.564159 5.842692 -0.341759 -0.138861 -0.003750 0.989712 -0.034259
1784010383.122485161 9.503602 5.835196 -0.342542 -0.137970 -0.003599 0.989646 -0.039396
1784010383.222414970 9.442943 5.828391 -0.343243 -0.137534 -0.003543 0.989624 -0.041425
1784010383.322237015 9.377428 5.821104 -0.343185 -0.136754 -0.002740 0.989641 -0.043602
1784010383.422211170 9.304912 5.812706 -0.343731 -0.136768 -0.001683 0.989543 -0.045785
1784010383.522449017 9.227300 5.803414 -0.344026 -0.136666 -0.002024 0.989413 -0.048778
1784010383.622447968 9.139723 5.792857 -0.345390 -0.137801 -0.003334 0.989149 -0.050825
1784010383.722114086 9.045284 5.777946 -0.346646 -0.138987 -0.005581 0.988483 -0.059601
1784010383.822476149 8.945813 5.757578 -0.349334 -0.141690 -0.007865 0.987135 -0.073664
1784010383.922193050 8.845313 5.727291 -0.352337 -0.143684 -0.011942 0.984697 -0.097896
1784010384.022477150 8.746634 5.683220 -0.354796 -0.143126 -0.017893 0.980234 -0.135413
1784010384.122226000 8.651998 5.630537 -0.356495 -0.141706 -0.024726 0.974372 -0.172936
1784010384.222257137 8.558058 5.579778 -0.357860 -0.137742 -0.027953 0.970618 -0.195309
1784010384.322316170 8.465140 5.531794 -0.359066 -0.135529 -0.031331 0.968635 -0.205903
1784010384.422464132 8.374136 5.486150 -0.359943 -0.133071 -0.031193 0.967515 -0.212685
1784010384.522495985 8.286315 5.438698 -0.360677 -0.132266 -0.032976 0.965641 -0.221259
1784010384.622349977 8.202954 5.385612 -0.361171 -0.129667 -0.036391 0.962236 -0.236569
1784010384.722136974 8.125731 5.323376 -0.361740 -0.129645 -0.040439 0.954826 -0.264318
1784010384.822293043 8.053444 5.254178 -0.362587 -0.127551 -0.044294 0.945649 -0.295833
1784010384.922314167 7.986274 5.180173 -0.363168 -0.125671 -0.049452 0.935265 -0.327170
1784010385.022091150 7.922319 5.101244 -0.364365 -0.123639 -0.055198 0.924465 -0.356413
1784010385.122152090 7.857449 5.020940 -0.365265 -0.121390 -0.056503 0.915258 -0.379966
1784010385.222311974 7.791608 4.939969 -0.366056 -0.120101 -0.057975 0.909538 -0.393644
1784010385.322005033 7.721805 4.859974 -0.366392 -0.121226 -0.057478 0.907737 -0.397509
1784010385.422512054 7.650056 4.777574 -0.365926 -0.121542 -0.056161 0.905908 -0.401752
1784010385.522017002 7.579453 4.694030 -0.366453 -0.120671 -0.055232 0.904506 -0.405286
1784010385.622152090 7.509276 4.609535 -0.366658 -0.120194 -0.054210 0.903820 -0.407092
1784010385.722249985 7.438315 4.524619 -0.366394 -0.121169 -0.053956 0.901851 -0.411184
1784010385.822398186 7.367533 4.439669 -0.366645 -0.121679 -0.055210 0.899999 -0.414906
1784010385.922439098 7.298024 4.355338 -0.366834 -0.120526 -0.056260 0.898717 -0.417872
1784010386.022229195 7.229777 4.271012 -0.366777 -0.120192 -0.056638 0.897251 -0.421054
1784010386.122070074 7.161305 4.186546 -0.366963 -0.120584 -0.057791 0.896381 -0.422635
1784010386.222315073 7.091017 4.102941 -0.367696 -0.121134 -0.059388 0.897089 -0.420751
1784010386.322116137 7.020569 4.022198 -0.368030 -0.122266 -0.058747 0.898926 -0.416571
1784010386.422122002 6.948999 3.943135 -0.369201 -0.123511 -0.058677 0.900786 -0.412174
1784010386.522049189 6.875658 3.866274 -0.369819 -0.122058 -0.057046 0.904004 -0.405740
1784010386.622313976 6.800959 3.792312 -0.369778 -0.122568 -0.055226 0.908738 -0.395123
1784010386.722002029 6.721191 3.724106 -0.370660 -0.124389 -0.051837 0.916092 -0.377645
1784010386.822256088 6.635355 3.661717 -0.371278 -0.126079 -0.048584 0.925405 -0.354074
1784010386.922352076 6.544180 3.606055 -0.371722 -0.128044 -0.045355 0.936471 -0.323372
1784010387.022175074 6.448523 3.561345 -0.372333 -0.130787 -0.040694 0.947547 -0.288780
1784010387.122117043 6.348632 3.526071 -0.372543 -0.130911 -0.036550 0.958943 -0.248908
1784010387.222133160 6.245529 3.500714 -0.373088 -0.132010 -0.031011 0.968732 -0.207774
1784010387.322166204 6.140046 3.484606 -0.373834 -0.132599 -0.025346 0.976911 -0.165589
1784010387.421929121 6.033197 3.478780 -0.374633 -0.133390 -0.021815 0.983328 -0.121642
1784010387.522199154 5.924392 3.482612 -0.374807 -0.133401 -0.014669 0.988022 -0.076163
1784010387.622318029 5.816020 3.496739 -0.375166 -0.131992 -0.009283 0.990754 -0.029963
1784010387.722115993 5.709626 3.521061 -0.375210 -0.134100 -0.003938 0.990818 0.016793
1784010387.822198153 5.606046 3.555495 -0.374898 -0.133376 0.002489 0.989098 0.062367
1784010387.922008038 5.507240 3.598980 -0.375106 -0.132685 0.008506 0.985122 0.108893
1784010388.022212029 5.412911 3.649638 -0.374846 -0.131337 0.014291 0.979266 0.153570
1784010388.122029066 5.324097 3.705374 -0.374541 -0.129653 0.021425 0.971703 0.196275
1784010388.222074032 5.238861 3.760184 -0.373751 -0.129288 0.026183 0.966412 0.220558
1784010388.322159052 5.152224 3.804493 -0.374763 -0.128390 0.024233 0.966277 0.221896
1784010388.422158003 5.067648 3.843157 -0.374523 -0.128790 0.025148 0.966505 0.220564
1784010388.522083998 4.984574 3.881392 -0.373813 -0.127231 0.025516 0.967007 0.219225
1784010388.622262001 4.903337 3.919549 -0.373274 -0.127882 0.023857 0.967233 0.218029
1784010388.722037077 4.823838 3.956798 -0.372202 -0.127051 0.023741 0.967261 0.218405
1784010388.822071075 4.743382 3.994003 -0.371808 -0.128076 0.024083 0.967473 0.216822
1784010388.922048092 4.660841 4.031418 -0.370697 -0.126345 0.024211 0.968131 0.214881
1784010389.022222996 4.575844 4.069441 -0.370635 -0.127685 0.023047 0.968154 0.214108
1784010389.122088194 4.488142 4.108811 -0.369675 -0.126492 0.024161 0.968509 0.213089
1784010389.222156048 4.398252 4.148848 -0.368251 -0.127391 0.024417 0.968589 0.212158
1784010389.322058201 4.309494 4.189074 -0.367789 -0.126413 0.024202 0.968903 0.211332
1784010389.422127008 4.219137 4.229584 -0.366821 -0.125760 0.024552 0.969289 0.209907
1784010389.522058010 4.126095 4.271158 -0.366912 -0.125957 0.025467 0.969370 0.209306
1784010389.621951103 4.031324 4.313113 -0.366412 -0.125997 0.025109 0.969838 0.207142
1784010389.721938133 3.935796 4.354718 -0.365685 -0.126167 0.023866 0.970215 0.205413
1784010389.821824074 3.841650 4.395844 -0.364703 -0.126471 0.024859 0.970549 0.203523
1784010389.922375202 3.747840 4.435929 -0.363783 -0.125094 0.024047 0.971180 0.201449
1784010390.021931171 3.654992 4.474784 -0.363328 -0.126349 0.022644 0.971296 0.200266
1784010390.122137070 3.563019 4.513411 -0.361765 -0.125490 0.022964 0.971695 0.198829
1784010390.221810102 3.470274 4.551059 -0.359791 -0.125716 0.022658 0.972037 0.197045
1784010390.321789026 3.374633 4.589768 -0.358676 -0.125448 0.020925 0.972375 0.195736
1784010390.421962976 3.280524 4.627261 -0.359653 -0.124412 0.021364 0.972961 0.193422
1784010390.522020102 3.184118 4.664095 -0.361528 -0.126838 0.020207 0.973141 0.191050
1784010390.622071028 3.081686 4.704761 -0.360414 -0.129422 0.019036 0.973154 0.189362
1784010390.722155094 2.978410 4.744707 -0.360343 -0.130959 0.017973 0.973530 0.186459
1784010390.822036982 2.876503 4.783109 -0.359786 -0.131916 0.016485 0.974051 0.183170
1784010390.922096014 2.775637 4.820629 -0.359387 -0.130521 0.014827 0.974807 0.180268
1784010391.022030115 2.675485 4.856720 -0.359274 -0.129246 0.013953 0.975476 0.177618
1784010391.121847153 2.578226 4.891114 -0.359056 -0.129251 0.013786 0.975814 0.175761
1784010391.222074032 2.482564 4.925090 -0.359381 -0.130283 0.014800 0.975714 0.175472
1784010391.321685076 2.389738 4.957503 -0.359331 -0.131405 0.015986 0.975640 0.174937
1784010391.421974182 2.299614 4.988882 -0.360049 -0.131706 0.017234 0.975614 0.174741
1784010391.521800041 2.211138 5.019510 -0.359759 -0.130626 0.018920 0.976000 0.173214
1784010391.622024059 2.121671 5.049725 -0.359495 -0.131193 0.017448 0.976146 0.172112
1784010391.722005129 2.033152 5.079731 -0.359171 -0.129597 0.018618 0.976625 0.170474
1784010391.821877003 1.944535 5.108689 -0.358346 -0.129026 0.017486 0.977021 0.168750
1784010391.921626091 1.855332 5.137787 -0.357825 -0.128847 0.016618 0.977252 0.167633
1784010392.021908998 1.769276 5.165421 -0.357475 -0.129328 0.016087 0.977652 0.164960
1784010392.121889114 1.678906 5.195485 -0.356915 -0.129004 0.017942 0.977794 0.164180
1784010392.221634150 1.577991 5.227052 -0.356855 -0.128531 0.017442 0.978498 0.160369
1784010392.321981192 1.475716 5.258734 -0.356389 -0.128696 0.014351 0.978779 0.158820
1784010392.422058105 1.372350 5.290998 -0.355230 -0.128117 0.015663 0.979209 0.156494
1784010392.522063017 1.267488 5.323279 -0.353851 -0.126291 0.015620 0.979868 0.153835
1784010392.621918201 1.159699 5.355839 -0.352966 -0.127621 0.013033 0.979990 0.152191
1784010392.721777201 1.055195 5.387121 -0.352190 -0.129206 0.014286 0.980185 0.149464
1784010392.821670055 0.953153 5.417033 -0.352184 -0.131717 0.014084 0.980285 0.146608
1784010392.921589136 0.849736 5.445935 -0.352974 -0.134454 0.012138 0.980504 0.142780
1784010393.021820068 0.745947 5.470569 -0.353532 -0.136448 0.012649 0.981510 0.133640
1784010393.121824026 0.643337 5.489307 -0.353842 -0.136650 0.010977 0.983352 0.119268
1784010393.222104073 0.539842 5.501966 -0.354390 -0.134815 0.007251 0.985596 0.101847
1784010393.321602106 0.436594 5.510975 -0.354671 -0.134875 0.004921 0.987269 0.084175
1784010393.421606064 0.332900 5.518515 -0.355198 -0.134515 0.003494 0.988463 0.069524
1784010393.521691084 0.232688 5.525950 -0.355950 -0.135245 0.001961 0.988935 0.060937
1784010393.621590137 0.135720 5.533557 -0.356621 -0.135454 0.001442 0.989196 0.056042
1784010393.721650124 0.036203 5.541109 -0.356839 -0.134892 0.001048 0.989476 0.052345
1784010393.821717978 -0.065983 5.549065 -0.357289 -0.134811 0.001406 0.989656 0.049042
1784010393.921617031 -0.170001 5.557277 -0.358490 -0.135760 0.000851 0.989648 0.046543
1784010394.021802187 -0.275579 5.565277 -0.358883 -0.134882 0.000870 0.989848 0.044804
1784010394.121507168 -0.381681 5.573045 -0.359385 -0.134169 0.001472 0.990054 0.042307
1784010394.221971989 -0.489052 5.579920 -0.360327 -0.134497 0.000117 0.990115 0.039781
1784010394.321686983 -0.592150 5.584250 -0.360678 -0.132489 -0.000214 0.990595 0.034167
1784010394.421627998 -0.695436 5.585961 -0.361118 -0.132839 -0.000692 0.990784 0.026457
1784010394.521763086 -0.798937 5.585902 -0.361160 -0.131572 -0.002840 0.991098 0.020119
1784010394.621739149 -0.900380 5.584988 -0.361014 -0.131422 -0.003389 0.991243 0.012428
1784010394.721451044 -0.999494 5.582075 -0.361144 -0.131290 -0.003993 0.991329 0.003634
1784010394.821746111 -1.099046 5.575477 -0.361152 -0.132060 -0.006689 0.991187 -0.007992
1784010394.921519041 -1.199074 5.566186 -0.362264 -0.134833 -0.007518 0.990655 -0.019118
1784010395.021836042 -1.299240 5.553542 -0.362827 -0.135983 -0.009734 0.990162 -0.031513
1784010395.121443033 -1.398796 5.537226 -0.363393 -0.135962 -0.012216 0.989546 -0.046513
1784010395.221647978 -1.497251 5.516261 -0.364339 -0.137348 -0.015625 0.988385 -0.063145
1784010395.321494102 -1.594165 5.490179 -0.364934 -0.135218 -0.017909 0.987260 -0.081931
1784010395.421880007 -1.688689 5.457841 -0.366676 -0.134285 -0.021148 0.985263 -0.103810
1784010395.521389008 -1.782916 5.419475 -0.368265 -0.133590 -0.024699 0.982503 -0.127404
1784010395.621729136 -1.879195 5.373383 -0.369040 -0.133677 -0.027470 0.978582 -0.154118
1784010395.721819162 -1.971203 5.317263 -0.370057 -0.132682 -0.030723 0.972176 -0.190590
1784010395.821429968 -2.054339 5.247931 -0.370871 -0.131615 -0.034974 0.961497 -0.238698
1784010395.921364069 -2.124673 5.167284 -0.371801 -0.130087 -0.042083 0.945548 -0.295372
1784010396.021468163 -2.179733 5.078678 -0.372283 -0.126328 -0.049771 0.924752 -0.355525
1784010396.121515036 -2.218977 4.983930 -0.373571 -0.125300 -0.058399 0.896832 -0.420216
1784010396.221603155 -2.241509 4.890858 -0.374883 -0.120472 -0.067211 0.867109 -0.478636
1784010396.321727037 -2.252768 4.801726 -0.375584 0.117228 0.074924 -0.836814 0.529515
1784010396.421419144 -2.249135 4.709533 -0.376785 0.114211 0.082476 -0.800317 0.582791
1784010396.521835089 -2.233887 4.616944 -0.378191 0.110337 0.088711 -0.759160 0.635320
1784010396.621731997 -2.205154 4.524283 -0.379184 0.103277 0.095897 -0.716761 0.682929
1784010396.721383095 -2.165704 4.436577 -0.380125 0.098763 0.101559 -0.670172 0.728561
1784010396.821779013 -2.113886 4.354709 -0.380038 0.091256 0.106358 -0.619357 0.772500
1784010396.921432972 -2.055431 4.279746 -0.380510 0.084831 0.110645 -0.569225 0.810274
1784010397.021344185 -1.983810 4.211324 -0.381407 0.077796 0.116118 -0.512817 0.847044
1784010397.121487141 -1.910840 4.142897 -0.381948 0.071659 0.119074 -0.476520 0.868110
1784010397.221842051 -1.848617 4.059289 -0.382825 0.068951 0.119850 -0.469021 0.872296
1784010397.321582079 -1.787468 3.971166 -0.383919 0.068549 0.120618 -0.464102 0.874850
1784010397.421595097 -1.723652 3.882322 -0.385547 0.067914 0.120209 -0.459654 0.877300
1784010397.521669149 -1.657525 3.794525 -0.386648 0.065893 0.120395 -0.454769 0.879971
1784010397.621687174 -1.581558 3.716611 -0.387203 0.062929 0.123261 -0.424095 0.894980
1784010397.721724033 -1.490657 3.657083 -0.387470 0.054326 0.126650 -0.377212 0.915816
1784010397.821526051 -1.404735 3.595075 -0.387146 0.051648 0.126161 -0.355434 0.924707
1784010397.921850204 -1.322824 3.531256 -0.387532 0.049448 0.125240 -0.346323 0.928402
1784010398.021603107 -1.244205 3.468203 -0.387777 0.049106 0.125551 -0.342004 0.929978
1784010398.121613026 -1.167393 3.407701 -0.387957 0.048288 0.125265 -0.336050 0.932227
1784010398.221523046 -1.092939 3.349960 -0.388453 0.049595 0.124399 -0.337490 0.931754
1784010398.321530104 -1.016979 3.292833 -0.388985 0.048320 0.125919 -0.333608 0.933014
1784010398.421590090 -0.942057 3.230099 -0.390077 0.048620 0.126635 -0.336919 0.931711
1784010398.521239996 -0.872822 3.160776 -0.391101 0.050610 0.125963 -0.351722 0.926209
1784010398.621323109 -0.811100 3.083362 -0.391646 0.052417 0.124893 -0.377324 0.916123
1784010398.721292019 -0.762173 2.994009 -0.392870 0.057524 0.123626 -0.418844 0.897762
1784010398.821573973 -0.728949 2.895265 -0.393583 0.062297 0.120420 -0.470484 0.871930
1784010398.921277046 -0.708385 2.792403 -0.394982 0.069335 0.116817 -0.520744 0.842836
1784010399.021398067 -0.698802 2.689000 -0.395716 0.074216 0.113429 -0.568660 0.811327
1784010399.121325016 -0.702155 2.586196 -0.396433 0.080040 0.109051 -0.613531 0.777998
1784010399.221538067 -0.715952 2.487301 -0.397283 0.084693 0.105750 -0.655559 0.742891
1784010399.321218014 -0.741067 2.390374 -0.398329 0.090238 0.100686 -0.695663 0.705530
1784010399.421707153 -0.776982 2.297758 -0.399471 0.095118 0.095283 -0.734846 0.664736
1784010399.521242142 -0.823498 2.209109 -0.399710 0.099186 0.089001 -0.771505 0.622110
1784010399.621337175 -0.878368 2.125744 -0.399756 0.101877 0.084888 -0.804866 0.578451
1784010399.721158028 -0.944299 2.049440 -0.399807 0.107120 0.077067 -0.836678 0.531559
1784010399.821328163 -1.016027 1.980626 -0.399459 -0.109344 -0.068929 0.864528 -0.485679
1784010399.921430111 -1.097389 1.920077 -0.399957 -0.114781 -0.062724 0.891252 -0.434236
1784010400.021413088 -1.183474 1.870071 -0.399048 -0.117676 -0.055197 0.914790 -0.382447
1784010400.121364117 -1.275409 1.829954 -0.398461 -0.120735 -0.046126 0.935328 -0.329329
1784010400.221349001 -1.370210 1.799701 -0.398364 -0.123635 -0.040593 0.952357 -0.275831
1784010400.321452141 -1.468484 1.778826 -0.397456 -0.126801 -0.030318 0.965691 -0.224595
1784010400.421096087 -1.560341 1.743583 -0.396552 -0.126377 -0.026918 0.968842 -0.211304
1784010400.521131039 -1.649971 1.697595 -0.396988 -0.128517 -0.027314 0.967363 -0.216672
1784010400.621524096 -1.737157 1.646045 -0.396264 -0.126743 -0.028012 0.964629 -0.229441
1784010400.721500158 -1.821293 1.590083 -0.395124 -0.126983 -0.030862 0.960471 -0.245800
1784010400.821217060 -1.902575 1.530086 -0.394839 -0.126201 -0.031985 0.955563 -0.264479
1784010400.921278000 -1.977074 1.461257 -0.394126 -0.125616 -0.035825 0.947200 -0.292831
1784010401.021165133 -2.043059 1.384402 -0.393796 -0.123491 -0.041394 0.935418 -0.328679
1784010401.121105194 -2.098558 1.300050 -0.392940 -0.122371 -0.046018 0.918454 -0.373296
1784010401.221481085 -2.142444 1.209277 -0.393208 -0.120303 -0.052921 0.898195 -0.419490
1784010401.321408033 -2.174689 1.115167 -0.391927 -0.114619 -0.059845 0.875024 -0.466491
1784010401.421446085 -2.195803 1.020155 -0.391108 0.112824 0.065957 -0.848255 0.513209
1784010401.521490097 -2.204225 0.924860 -0.391241 0.107449 0.073524 -0.818227 0.559958
1784010401.621393204 -2.203610 0.830827 -0.391755 0.102715 0.079740 -0.788467 0.601174
1784010401.721104145 -2.190309 0.737378 -0.392449 0.098722 0.085377 -0.752254 0.645816
1784010401.821439028 -2.167342 0.647281 -0.392966 0.094509 0.091413 -0.715512 0.686115
1784010401.921363115 -2.134254 0.560121 -0.392629 0.087869 0.097552 -0.675635 0.725452
1784010402.021217108 -2.091465 0.477832 -0.392886 0.081950 0.101316 -0.633993 0.762281
1784010402.121061087 -2.037865 0.401020 -0.392431 0.075561 0.106341 -0.588293 0.798056
1784010402.221175194 -1.977327 0.331415 -0.392620 0.071180 0.111209 -0.542252 0.829776
1784010402.321125984 -1.906872 0.271038 -0.393301 0.063621 0.115697 -0.489946 0.861696
1784010402.421266079 -1.830509 0.219663 -0.393505 0.056090 0.121040 -0.439037 0.888510
1784010402.521215200 -1.746691 0.178451 -0.393387 0.049440 0.125254 -0.381297 0.914593
1784010402.621469975 -1.660569 0.146622 -0.394399 0.043934 0.129695 -0.326341 0.935281
1784010402.721044064 -1.569735 0.126596 -0.395597 0.034403 0.131750 -0.267933 0.953766
1784010402.821261168 -1.477977 0.116716 -0.396958 0.028074 0.134168 -0.213683 0.967239
1784010402.921108007 -1.387999 0.103520 -0.397333 0.022325 0.134824 -0.178739 0.974359
1784010403.021187067 -1.299225 0.075511 -0.398129 0.022727 0.136010 -0.172264 0.975351
1784010403.120963097 -1.209519 0.047125 -0.399448 0.021822 0.134265 -0.167605 0.976425
1784010403.221294165 -1.118719 0.019289 -0.400444 0.019959 0.134507 -0.163193 0.977178
1784010403.321053982 -1.029166 -0.007534 -0.402250 0.019722 0.134829 -0.158277 0.977947
1784010403.421310186 -0.940351 -0.031259 -0.403844 0.018649 0.134016 -0.150887 0.979247
1784010403.521291971 -0.851020 -0.043135 -0.405729 0.015849 0.136069 -0.127832 0.982290
1784010403.621173143 -0.761938 -0.043902 -0.407129 0.011058 0.137168 -0.093884 0.986027
1784010403.721014023 -0.674434 -0.040926 -0.408864 0.006938 0.138843 -0.064515 0.988186
1784010403.821314096 -0.588723 -0.037827 -0.410257 0.004640 0.138534 -0.041462 0.989478
1784010403.920981169 -0.504624 -0.032705 -0.411942 -0.000801 0.138170 -0.022945 0.990142
1784010404.021212101 -0.422343 -0.025456 -0.413933 -0.002130 0.137675 -0.005623 0.990459
1784010404.121235132 -0.340777 -0.019511 -0.415619 -0.004094 0.136749 0.003782 0.990590
1784010404.221254110 -0.255953 -0.016095 -0.417808 -0.004236 0.136207 0.009032 0.990630
1784010404.321183205 -0.171145 -0.016303 -0.419468 -0.005318 0.136331 0.004882 0.990637
1784010404.421128988 -0.085555 -0.023408 -0.421285 -0.003590 0.135851 -0.008208 0.990689
1784010404.521063089 -0.001111 -0.044261 -0.422289 0.000769 0.135258 -0.040091 0.989999
1784010404.621227980 0.079708 -0.062575 -0.423478 0.005371 0.135330 -0.056086 0.989197
1784010404.721264124 0.156029 -0.070505 -0.424341 0.004380 0.135092 -0.056700 0.989200
1784010404.821056128 0.228193 -0.078152 -0.425758 0.005003 0.134428 -0.056439 0.989302
1784010404.920854092 0.299673 -0.085684 -0.426200 0.005025 0.133900 -0.056985 0.989342
1784010405.020895004 0.375827 -0.093549 -0.427110 0.005954 0.133968 -0.055887 0.989391
1784010405.121075153 0.455201 -0.101957 -0.428706 0.006062 0.133697 -0.055823 0.989430
1784010405.220981121 0.537586 -0.110777 -0.429322 0.006093 0.133408 -0.055209 0.989503
1784010405.320932150 0.625695 -0.120066 -0.430894 0.006277 0.134426 -0.054468 0.989406
1784010405.421174049 0.716892 -0.129509 -0.431705 0.006267 0.132731 -0.052504 0.989741
1784010405.521136999 0.810152 -0.138838 -0.432592 0.004573 0.133235 -0.051570 0.989731
1784010405.620966196 0.904635 -0.147752 -0.432617 0.005694 0.132001 -0.048730 0.990035
1784010405.720813036 0.998554 -0.155388 -0.432420 0.004894 0.131780 -0.047094 0.990148
1784010405.821093082 1.090693 -0.163075 -0.433669 0.004172 0.130708 -0.047039 0.990296
1784010405.921130180 1.182187 -0.170557 -0.434267 0.003888 0.130319 -0.045495 0.990420
1784010406.021217108 1.274252 -0.177947 -0.434622 0.003414 0.130975 -0.043382 0.990430
1784010406.120795012 1.370505 -0.184436 -0.435052 0.002908 0.130302 -0.039754 0.990673
1784010406.221080065 1.470668 -0.190533 -0.435596 0.001248 0.131217 -0.037708 0.990635
1784010406.320777178 1.570474 -0.195655 -0.436038 0.001923 0.131091 -0.034527 0.990767
1784010406.421033144 1.672307 -0.196693 -0.436144 0.000816 0.130917 -0.026342 0.991043
1784010406.520845175 1.774804 -0.190150 -0.436949 -0.002190 0.130645 -0.009723 0.991379
1784010406.621020079 1.877381 -0.176561 -0.437350 -0.003958 0.130837 0.014304 0.991293
1784010406.720816135 1.979079 -0.158968 -0.437466 -0.006553 0.130692 0.036176 0.990741
1784010406.821057081 2.083820 -0.144791 -0.437740 -0.008370 0.130730 0.041839 0.990499
1784010406.920741081 2.190025 -0.133615 -0.439286 -0.007351 0.130815 0.044136 0.990397
1784010407.020815134 2.296329 -0.121550 -0.440395 -0.005942 0.133699 0.046857 0.989896
1784010407.121209145 2.403712 -0.108955 -0.441468 -0.005734 0.132552 0.048756 0.989960
1784010407.221026182 2.513346 -0.094897 -0.442980 -0.005771 0.131353 0.051465 0.989982
1784010407.320854187 2.626110 -0.080239 -0.444019 -0.005025 0.132381 0.054546 0.989684
1784010407.421029091 2.743939 -0.064917 -0.444394 -0.007945 0.132134 0.057757 0.989516
1784010407.521162033 2.864760 -0.051465 -0.444863 -0.007617 0.133137 0.056248 0.989471
1784010407.620789051 2.984570 -0.041877 -0.444466 -0.007478 0.131092 0.050177 0.990071
1784010407.721232176 3.105965 -0.035768 -0.443988 -0.007852 0.129378 0.039429 0.990780
1784010407.821068048 3.227199 -0.030487 -0.443963 -0.005571 0.129821 0.032005 0.991005
1784010407.921200991 3.347790 -0.022697 -0.443744 -0.005375 0.131160 0.032362 0.990818
1784010408.021032095 3.467723 -0.013130 -0.444501 -0.006999 0.135477 0.032996 0.990206
1784010408.120913982 3.589781 -0.003670 -0.445019 -0.007392 0.135967 0.034687 0.990078
1784010408.220776081 3.713082 0.006766 -0.446725 -0.006875 0.137905 0.036910 0.989734
1784010408.321040154 3.838807 0.017794 -0.449043 -0.007250 0.137436 0.039201 0.989708
1784010408.420978069 3.965585 0.029205 -0.450925 -0.007795 0.136109 0.040130 0.989850
1784010408.520832062 4.091889 0.041815 -0.452984 -0.007858 0.136436 0.042391 0.989710
1784010408.620848179 4.220052 0.055486 -0.454776 -0.008144 0.135354 0.044837 0.989749
1784010408.720733166 4.352462 0.070106 -0.456108 -0.008262 0.136488 0.047569 0.989464
1784010408.820939064 4.482660 0.085601 -0.456999 -0.009531 0.135628 0.050187 0.989442
1784010408.920992136 4.611651 0.101498 -0.457726 -0.010244 0.133343 0.053056 0.989596
1784010409.020796061 4.740835 0.118249 -0.458978 -0.011224 0.134543 0.055422 0.989293
1784010409.120581150 4.872042 0.136298 -0.459587 -0.010662 0.134946 0.058885 0.989044
1784010409.221071005 5.005845 0.154908 -0.459777 -0.011134 0.133735 0.062205 0.989000
1784010409.321039200 5.138282 0.174328 -0.461039 -0.011392 0.136539 0.065325 0.988413
1784010409.420750141 5.268669 0.194501 -0.462032 -0.012142 0.136650 0.067642 0.988233
1784010409.520925045 5.399361 0.215782 -0.462904 -0.014509 0.134966 0.069963 0.988271
1784010409.620846987 5.530460 0.237725 -0.464464 -0.013975 0.136573 0.073312 0.987815
1784010409.720716000 5.664309 0.260948 -0.466200 -0.014389 0.135082 0.076676 0.987758
1784010409.820683002 5.802114 0.285621 -0.467956 -0.015323 0.134648 0.079203 0.987604
1784010409.920974970 5.942215 0.311654 -0.469416 -0.015254 0.136069 0.082310 0.987156
1784010410.020755053 6.084565 0.338964 -0.470841 -0.016504 0.137023 0.084365 0.986831
1784010410.120895147 6.227428 0.366533 -0.472722 -0.018004 0.135429 0.088240 0.986686
1784010410.220839024 6.368183 0.390041 -0.474563 -0.019307 0.133694 0.084655 0.987211
1784010410.320621967 6.508748 0.404631 -0.475410 -0.016521 0.133836 0.070318 0.988368
1784010410.420816183 6.646490 0.409819 -0.475908 -0.013241 0.131634 0.047927 0.990051
1784010410.520714045 6.782839 0.407757 -0.477250 -0.009459 0.132075 0.024269 0.990897
1784010410.620589018 6.922004 0.410109 -0.478088 -0.007106 0.135122 0.017667 0.990646
1784010410.720583200 7.062552 0.417339 -0.479098 -0.008038 0.136400 0.018354 0.990451
1784010410.820846081 7.200297 0.424770 -0.480429 -0.007089 0.134728 0.019778 0.990660
1784010410.920727015 7.341101 0.433840 -0.482468 -0.007098 0.135290 0.022028 0.990536
1784010411.020757198 7.485011 0.443128 -0.482922 -0.007007 0.135505 0.024995 0.990436
1784010411.120908022 7.630856 0.454035 -0.483679 -0.008596 0.133266 0.029331 0.990609
1784010411.221009970 7.777979 0.466348 -0.484592 -0.010477 0.132302 0.033418 0.990591
1784010411.320562124 7.926486 0.480089 -0.484678 -0.011409 0.131625 0.038293 0.990494
1784010411.420957088 8.076922 0.495200 -0.485465 -0.012562 0.133689 0.040920 0.990098
1784010411.520786047 8.225371 0.509711 -0.485750 -0.011986 0.132948 0.042152 0.990154
1784010411.620587111 8.375007 0.519890 -0.486341 -0.012016 0.132167 0.036115 0.990496
1784010411.720682144 8.522369 0.519851 -0.486489 -0.008818 0.132196 0.018846 0.991005
1784010411.820638180 8.666777 0.513103 -0.486968 -0.005373 0.131500 -0.000409 0.991302
1784010411.920457125 8.813196 0.507026 -0.486183 -0.002571 0.130905 -0.010045 0.991341
1784010412.020560980 8.961793 0.505300 -0.485474 -0.001558 0.128558 -0.010789 0.991642
1784010412.120844126 9.101521 0.503823 -0.485238 -0.002212 0.128917 -0.010561 0.991597
1784010412.220859051 9.236844 0.502439 -0.484577 -0.003249 0.129248 -0.008885 0.991567
1784010412.320665121 9.375815 0.501981 -0.485192 -0.004360 0.130786 -0.007250 0.991374
1784010412.420720100 9.514537 0.502486 -0.485674 -0.004248 0.132051 -0.004149 0.991225
1784010412.520493984 9.653832 0.504480 -0.486371 -0.006227 0.131559 -0.001087 0.991288
1784010412.620789051 9.794841 0.507424 -0.486784 -0.005915 0.131169 0.001436 0.991341
1784010412.720810175 9.939867 0.511264 -0.486526 -0.006265 0.130114 0.004623 0.991468
1784010412.820465088 10.083634 0.515132 -0.486793 -0.008226 0.129467 0.007101 0.991524
1784010412.920433044 10.227348 0.519312 -0.486770 -0.008294 0.129439 0.010429 0.991498
1784010413.020728111 10.374921 0.526087 -0.486620 -0.009766 0.129839 0.014408 0.991382
1784010413.120779991 10.515507 0.532965 -0.485859 -0.008129 0.129552 0.016713 0.991398
1784010413.220520973 10.651627 0.540320 -0.485592 -0.006946 0.129678 0.019136 0.991347
1784010413.320458174 10.792381 0.549144 -0.484747 -0.006479 0.130456 0.023246 0.991160
1784010413.420803070 10.937292 0.558216 -0.484337 -0.005743 0.130494 0.026359 0.991082
1784010413.520639181 11.080937 0.569287 -0.484428 -0.006780 0.130584 0.029812 0.990966
1784010413.620586157 11.224257 0.584265 -0.484503 -0.008120 0.131124 0.038994 0.990565
1784010413.720390081 11.363079 0.604843 -0.484720 -0.011307 0.131499 0.052858 0.989841
1784010413.820652008 11.493221 0.637517 -0.485625 -0.014494 0.133432 0.080813 0.987651
1784010413.920327187 11.607632 0.683196 -0.487287 -0.019027 0.135858 0.120547 0.983183
1784010414.020727158 11.698674 0.734773 -0.488552 -0.023968 0.136299 0.163388 0.976807
1784010414.120410204 11.764395 0.786006 -0.488927 -0.029685 0.134087 0.203448 0.969406
1784010414.220769167 11.814074 0.831777 -0.489669 -0.033349 0.133325 0.235297 0.962158
1784010414.320394993 11.854501 0.875247 -0.490271 -0.038260 0.132575 0.265339 0.954230
1784010414.420323133 11.887758 0.917644 -0.490831 -0.041435 0.131017 0.294412 0.945748
1784010414.520982027 11.916200 0.960887 -0.491706 -0.045500 0.130216 0.324125 0.935904
1784010414.620690107 11.941067 1.005156 -0.492035 -0.049595 0.129435 0.352298 0.925566
1784010414.720475197 11.965423 1.057533 -0.492513 -0.052384 0.129058 0.384956 0.912364
1784010414.820733070 11.986202 1.119241 -0.492893 -0.056756 0.127466 0.424631 0.894550
1784010414.920421124 12.003623 1.192735 -0.493372 -0.061971 0.126525 0.469570 0.871582
1784010415.020706177 12.013599 1.280988 -0.494127 -0.069870 0.119375 0.520805 0.842395
1784010415.120414019 12.013610 1.376767 -0.495543 -0.075819 0.114203 0.574035 0.807275
1784010415.220637083 11.999389 1.479595 -0.495676 -0.082455 0.105595 0.631318 0.763865
1784010415.320470095 11.970318 1.588602 -0.495501 -0.090046 0.098476 0.687690 0.713636
1784010415.420588017 11.919289 1.705234 -0.496918 -0.099083 0.090448 0.746718 0.651470
1784010415.520282030 11.858069 1.823033 -0.498512 -0.108844 0.085351 0.785309 0.603455
1784010415.620602131 11.827346 1.925098 -0.500462 -0.109349 0.086569 0.785811 0.602537
1784010415.720512152 11.813946 1.981850 -0.501222 -0.108687 0.086553 0.785082 0.603608
1784010415.820399046 11.805503 2.015483 -0.501297 -0.109284 0.085673 0.785196 0.603477
1784010415.920228004 11.799817 2.038860 -0.501613 -0.108533 0.085907 0.785486 0.603201
1784010416.020254135 11.795682 2.055155 -0.501765 -0.108650 0.086446 0.785721 0.602798
1784010416.120365143 11.793211 2.065184 -0.501903 -0.108684 0.086617 0.785754 0.602724
1784010416.220539093 11.792061 2.069878 -0.501939 -0.108823 0.086643 0.785969 0.602415
1784010416.320545197 11.792531 2.068626 -0.501947 -0.108886 0.086662 0.785761 0.602672
1784010416.420519114 11.793499 2.064717 -0.501731 -0.108935 0.086739 0.785745 0.602673
1784010416.520347118 11.793966 2.061556 -0.501652 -0.108853 0.086795 0.785807 0.602599
1784010416.620491982 11.794289 2.059588 -0.501707 -0.108658 0.086738 0.785706 0.602774
1784010416.720185041 11.794545 2.058774 -0.501749 -0.108623 0.086677 0.785652 0.602859
1784010416.820525169 11.794415 2.058906 -0.501642 -0.108651 0.086574 0.785712 0.602791
1784010416.920346975 11.794248 2.059509 -0.501542 -0.108723 0.086564 0.785722 0.602766
1784010417.020176172 11.794275 2.059938 -0.501579 -0.108768 0.086625 0.785670 0.602816
1784010417.120357990 11.794257 2.059977 -0.501533 -0.108762 0.086602 0.785741 0.602729
1784010417.220580101 11.794138 2.059700 -0.501509 -0.108715 0.086635 0.785740 0.602734
1784010417.320327044 11.794177 2.059317 -0.501597 -0.108674 0.086645 0.785548 0.602990
1784010417.420612097 11.794236 2.058944 -0.501654 -0.108677 0.086601 0.785478 0.603087
1784010417.520328045 11.794141 2.058639 -0.501587 -0.108524 0.086575 0.785536 0.603043
1784010417.620228052 11.794167 2.058397 -0.501553 -0.108723 0.086556 0.785634 0.602882
1784010417.720386028 11.794350 2.058151 -0.501603 -0.108472 0.086621 0.785469 0.603132
1784010417.820479155 11.794414 2.057940 -0.501558 -0.108645 0.086590 0.785566 0.602980
1784010417.920422077 11.794322 2.057857 -0.501603 -0.108622 0.086616 0.785694 0.602814
1784010418.020313025 11.794315 2.057850 -0.501742 -0.108542 0.086590 0.785566 0.602999
1784010418.120237112 11.794361 2.057828 -0.501774 -0.108555 0.086421 0.785572 0.603012
1784010418.219992161 11.794279 2.057743 -0.501652 -0.108437 0.086494 0.785642 0.602932
1784010418.320362091 11.794230 2.057600 -0.501565 -0.108694 0.086516 0.785653 0.602869
1784010418.420272112 11.794011 2.057430 -0.501497 -0.108596 0.086501 0.785561 0.603008
1784010418.520477057 11.793457 2.057212 -0.501278 -0.108616 0.086355 0.785831 0.602674
1784010418.620344162 11.793165 2.057130 -0.501157 -0.108638 0.086670 0.785725 0.602763
1784010418.720165968 11.793008 2.057159 -0.501011 -0.108736 0.086631 0.785636 0.602866
1784010418.820229053 11.792893 2.057219 -0.500973 -0.108598 0.086747 0.785572 0.602958
1784010418.920345068 11.792816 2.057369 -0.500890 -0.108664 0.086713 0.785713 0.602767
1784010419.020415068 11.792817 2.057567 -0.500849 -0.108653 0.086708 0.785604 0.602912
1784010419.120414019 11.792855 2.057722 -0.500934 -0.108699 0.086673 0.785552 0.602977
1784010419.221117020 11.792855 2.057818 -0.500867 -0.108572 0.086715 0.785372 0.603228
1784010419.320188999 11.792973 2.057929 -0.500916 -0.108661 0.086728 0.785553 0.602973
1784010419.420481205 11.793120 2.058020 -0.501055 -0.108644 0.086562 0.785462 0.603120
1784010419.520048141 11.793112 2.057870 -0.500974 -0.108436 0.086665 0.785336 0.603306
1784010419.620367050 11.793103 2.057560 -0.500866 -0.108544 0.086874 0.785444 0.603116
1784010419.720257044 11.793304 2.057272 -0.500922 -0.108768 0.086654 0.785622 0.602876
1784010419.820427179 11.793300 2.057106 -0.500831 -0.108617 0.086677 0.785404 0.603184
1784010419.920897007 11.793239 2.057043 -0.500779 -0.108608 0.086869 0.785456 0.603089
1784010420.019983053 11.793355 2.057069 -0.500824 -0.108582 0.086916 0.785400 0.603160
1784010420.120195150 11.793517 2.057028 -0.500837 -0.108656 0.086767 0.785479 0.603066
1784010420.220126152 11.793636 2.056960 -0.500658 -0.108776 0.086916 0.785364 0.603172
1784010420.320458174 11.793735 2.057031 -0.500658 -0.108820 0.086910 0.785464 0.603035
1784010420.420109034 11.793769 2.057195 -0.500872 -0.108824 0.086744 0.785504 0.603006
1784010420.520029068 11.793779 2.057372 -0.500936 -0.108634 0.086574 0.785466 0.603114
1784010420.620053053 11.793850 2.057605 -0.500887 -0.108668 0.086714 0.785588 0.602929
1784010420.720023155 11.793960 2.057826 -0.500918 -0.108849 0.086685 0.785756 0.602682
1784010420.819987059 11.794072 2.057926 -0.500970 -0.108750 0.086675 0.785725 0.602741
1784010420.920125008 11.794146 2.057982 -0.500947 -0.108721 0.086600 0.785649 0.602857
1784010421.020040989 11.794175 2.058188 -0.500961 -0.108552 0.086627 0.785615 0.602927
1784010421.120628119 11.794205 2.058489 -0.501113 -0.108660 0.086630 0.785626 0.602893
1784010421.220305204 11.794284 2.058684 -0.501235 -0.108547 0.086466 0.785644 0.602914
1784010421.319939137 11.794341 2.058839 -0.501075 -0.108526 0.086582 0.785764 0.602744
1784010421.419963121 11.794338 2.058993 -0.500909 -0.108630 0.086881 0.785695 0.602773
1784010421.520126104 11.794479 2.059070 -0.501017 -0.108838 0.086734 0.785720 0.602724
1784010421.620030165 11.794671 2.059107 -0.501146 -0.108742 0.086465 0.785765 0.602721
1784010421.719840050 11.794710 2.059172 -0.500999 -0.108647 0.086656 0.785682 0.602818
1784010421.820101023 11.794738 2.059262 -0.501212 -0.108848 0.086624 0.785734 0.602719
1784010421.919941187 11.794811 2.059540 -0.501483 -0.108535 0.086331 0.785639 0.602941
1784010422.020138025 11.794743 2.060258 -0.501468 -0.108413 0.086354 0.785800 0.602751
1784010422.119884014 11.794713 2.061595 -0.501449 -0.108646 0.086517 0.785926 0.602521
