1784010275.528866053 0.000152 -0.024837 0.047622 -0.006532 0.134515 0.000030 0.990890
1784010275.628638029 0.001455 -0.024501 0.048543 -0.006810 0.134880 -0.000066 0.990839
1784010275.728852987 0.002275 -0.024367 0.049148 -0.007071 0.135221 -0.000170 0.990790
1784010275.828629017 0.002686 -0.024365 0.049512 -0.007251 0.135534 -0.000268 0.990746
1784010275.928783178 0.002767 -0.024417 0.049746 -0.007424 0.135834 -0.000368 0.990704
1784010276.028779030 0.002568 -0.024505 0.049905 -0.007565 0.136138 -0.000455 0.990661
1784010276.128978968 0.002132 -0.024618 0.049973 -0.007656 0.136420 -0.000530 0.990621
1784010276.228931189 0.001526 -0.024724 0.049963 -0.007706 0.136666 -0.000648 0.990587
1784010276.328714132 0.000822 -0.024799 0.049956 -0.007708 0.136882 -0.000740 0.990557
1784010276.428992033 0.000051 -0.024824 0.049934 -0.007699 0.137092 -0.000802 0.990528
1784010276.528704166 -0.000754 -0.024837 0.049873 -0.007679 0.137280 -0.000879 0.990502
1784010276.628806114 -0.001534 -0.024846 0.049815 -0.007664 0.137457 -0.000949 0.990478
1784010276.728909969 -0.002281 -0.024869 0.049791 -0.007673 0.137618 -0.001038 0.990455
1784010276.828636169 -0.002979 -0.024904 0.049741 -0.007674 0.137747 -0.001104 0.990437
1784010276.928515196 -0.003569 -0.024941 0.049672 -0.007699 0.137865 -0.001172 0.990420
1784010277.028612137 -0.004007 -0.024933 0.049636 -0.007709 0.137941 -0.001273 0.990410
1784010277.128470182 -0.004264 -0.024917 0.049622 -0.007714 0.137983 -0.001363 0.990404
1784010277.228764057 -0.004344 -0.024903 0.049610 -0.007648 0.137954 -0.001434 0.990408
1784010277.328617096 -0.004256 -0.024884 0.049630 -0.007659 0.137908 -0.001518 0.990414
1784010277.428769112 -0.004031 -0.024866 0.049716 -0.007643 0.137837 -0.001603 0.990424
1784010277.528820992 -0.003684 -0.024846 0.049841 -0.007646 0.137735 -0.001668 0.990438
1784010277.628869057 -0.003244 -0.024800 0.050060 -0.007616 0.137578 -0.001748 0.990460
1784010277.728702068 0.000525 -0.024802 0.050226 -0.007508 0.137146 -0.001965 0.990520
1784010277.828708172 0.005079 -0.024811 0.050091 -0.007425 0.137292 -0.002109 0.990501
1784010277.928712130 0.006106 -0.024777 0.050018 -0.007238 0.136942 -0.002132 0.990550
1784010278.028623104 0.016460 -0.024793 0.050624 -0.007302 0.136664 -0.002166 0.990588
1784010278.128646135 0.028561 -0.025094 0.051583 -0.007264 0.136390 -0.002240 0.990626
1784010278.228777170 0.044730 -0.025849 0.053426 -0.006813 0.135668 -0.002403 0.990728
1784010278.328560114 0.072047 -0.027724 0.056267 -0.003815 0.136276 -0.002932 0.990659
1784010278.428748131 0.109251 -0.026463 0.053577 -0.004482 0.134502 -0.003272 0.990898
1784010278.528503180 0.151256 -0.025639 0.051279 -0.005486 0.134543 -0.004593 0.990882
1784010278.628733158 0.197487 -0.025122 0.050069 -0.006038 0.134987 -0.004558 0.990818
1784010278.728666067 0.242442 -0.024768 0.048926 -0.005944 0.135255 -0.004212 0.990784
1784010278.828592062 0.285226 -0.024564 0.048428 -0.005949 0.134634 -0.004472 0.990867
1784010278.928632975 0.324930 -0.024324 0.048402 -0.006357 0.135824 -0.004771 0.990701
1784010279.028795004 0.350814 -0.024320 0.048877 -0.006185 0.135551 -0.004790 0.990740
1784010279.128479004 0.370087 -0.024593 0.049241 -0.005797 0.135139 -0.005120 0.990796
1784010279.228711128 0.395140 -0.025464 0.049889 -0.005426 0.135672 -0.005509 0.990724
1784010279.328716993 0.423477 -0.026675 0.050376 -0.005170 0.134773 -0.006345 0.990843
1784010279.428533077 0.456999 -0.028202 0.050445 -0.005791 0.135583 -0.006879 0.990725
1784010279.528510094 0.488086 -0.029976 0.050242 -0.005782 0.136377 -0.006656 0.990618
1784010279.628655195 0.514086 -0.029844 0.045919 -0.005450 0.136723 -0.006380 0.990574
1784010279.728701115 0.538904 -0.029160 0.045323 -0.005151 0.137390 -0.006609 0.990482
1784010279.828546047 0.562593 -0.028779 0.046147 -0.005740 0.136711 -0.007546 0.990566
1784010279.928807974 0.586706 -0.028884 0.047252 -0.006161 0.137222 -0.007982 0.990489
1784010280.028542995 0.601849 -0.029347 0.047930 -0.006059 0.136847 -0.008729 0.990535
1784010280.128379107 0.610373 -0.029821 0.048629 -0.006023 0.136195 -0.009222 0.990621
1784010280.228754044 0.618977 -0.030355 0.049423 -0.006122 0.135439 -0.009877 0.990717
1784010280.328311205 0.631173 -0.030914 0.049486 -0.007084 0.136153 -0.010797 0.990604
1784010280.428630114 0.649517 -0.031540 0.049932 -0.007219 0.135709 -0.011109 0.990660
1784010280.528704166 0.673014 -0.032449 0.050717 -0.007930 0.134793 -0.011315 0.990777
1784010280.628710032 0.702449 -0.033210 0.051430 -0.007554 0.135296 -0.011603 0.990708
1784010280.728305101 0.730604 -0.033873 0.052900 -0.007276 0.135108 -0.012463 0.990726
1784010280.828662157 0.765393 -0.033852 0.053543 -0.007488 0.132838 -0.013783 0.991014
1784010280.928382158 0.801666 -0.035349 0.050895 -0.006822 0.132625 -0.013682 0.991048
1784010281.028573036 0.837994 -0.037580 0.050357 -0.006200 0.132085 -0.013962 0.991121
1784010281.128368139 0.872441 -0.039197 0.049647 -0.006597 0.132743 -0.014433 0.991023
1784010281.228445053 0.905189 -0.040781 0.049345 -0.006413 0.133185 -0.014164 0.990969
1784010281.328446150 0.937248 -0.042199 0.049279 -0.005857 0.132196 -0.014020 0.991107
1784010281.428341150 0.976709 -0.043949 0.048609 -0.004674 0.132329 -0.015261 0.991077
1784010281.528457165 1.019732 -0.045657 0.048402 -0.005094 0.132585 -0.016295 0.991025
1784010281.628415108 1.060124 -0.047842 0.047969 -0.004419 0.132616 -0.017235 0.991008
1784010281.728528976 1.098726 -0.049637 0.047877 -0.005068 0.131855 -0.018369 0.991086
1784010281.828588009 1.137615 -0.051623 0.048011 -0.004911 0.131425 -0.018585 0.991140
1784010281.928439140 1.176538 -0.053771 0.047993 -0.004310 0.131386 -0.018744 0.991145
1784010282.028426170 1.214827 -0.055731 0.048157 -0.003946 0.130307 -0.019135 0.991281
1784010282.128587008 1.252816 -0.057312 0.048581 -0.004535 0.129934 -0.019527 0.991320
1784010282.228387117 1.290458 -0.059371 0.048389 -0.003672 0.129409 -0.019799 0.991387
1784010282.328548193 1.328378 -0.061734 0.049051 -0.002542 0.128755 -0.019816 0.991475
1784010282.428538084 1.366705 -0.063891 0.049507 -0.004126 0.129963 -0.020360 0.991301
1784010282.528259993 1.405115 -0.066363 0.049739 -0.005089 0.131171 -0.020462 0.991135
1784010282.628442049 1.444035 -0.068886 0.050173 -0.005140 0.131630 -0.020873 0.991066
1784010282.728198051 1.482696 -0.071256 0.050708 -0.005598 0.132480 -0.021622 0.990934
1784010282.828463078 1.521308 -0.073763 0.051242 -0.005859 0.133154 -0.022066 0.990832
1784010282.928342104 1.560336 -0.076681 0.051783 -0.005086 0.133765 -0.022681 0.990740
1784010283.028619051 1.600018 -0.079184 0.052079 -0.006020 0.134777 -0.023587 0.990577
1784010283.128478050 1.639892 -0.082049 0.052613 -0.006490 0.135426 -0.023918 0.990477
1784010283.228402138 1.680675 -0.085189 0.052978 -0.005632 0.135276 -0.024517 0.990489
1784010283.328158140 1.721947 -0.088240 0.053551 -0.005045 0.135479 -0.025480 0.990440
1784010283.428317070 1.763903 -0.091064 0.053937 -0.005320 0.135575 -0.026171 0.990407
1784010283.528254986 1.807087 -0.094572 0.054067 -0.003855 0.135181 -0.027101 0.990443
1784010283.628415108 1.851515 -0.097658 0.054324 -0.004245 0.135740 -0.028323 0.990331
1784010283.728212118 1.896217 -0.101181 0.054908 -0.004223 0.135506 -0.028964 0.990344
1784010283.828294992 1.941794 -0.105158 0.055181 -0.003121 0.135268 -0.029870 0.990354
1784010283.928313017 1.987923 -0.109155 0.055536 -0.002336 0.135281 -0.031164 0.990314
1784010284.028411150 2.034573 -0.113123 0.056161 -0.002636 0.135429 -0.032253 0.990258
1784010284.128290176 2.082858 -0.117909 0.056154 -0.001342 0.135470 -0.033458 0.990215
1784010284.228338003 2.133159 -0.122286 0.056195 -0.001792 0.136145 -0.034771 0.990077
1784010284.328318119 2.184981 -0.126701 0.056201 -0.001474 0.136461 -0.035557 0.990006
1784010284.428392172 2.238326 -0.131240 0.055808 -0.000517 0.136773 -0.036238 0.989939
1784010284.528045177 2.292384 -0.135661 0.055507 0.000486 0.136624 -0.037448 0.989915
1784010284.628257990 2.347273 -0.140000 0.055592 0.000698 0.136675 -0.038501 0.989867
1784010284.728407145 2.403113 -0.145027 0.055233 0.002120 0.136171 -0.039574 0.989892
1784010284.828437090 2.459075 -0.149566 0.054985 0.001835 0.135715 -0.040672 0.989911
1784010284.928174973 2.514745 -0.154281 0.054740 0.001981 0.134795 -0.041384 0.990007
1784010285.028023005 2.570594 -0.159156 0.054208 0.002435 0.133747 -0.041849 0.990129
1784010285.128160000 2.625656 -0.164102 0.053882 0.003121 0.132353 -0.042696 0.990278
1784010285.228441000 2.680329 -0.168969 0.054017 0.002364 0.133593 -0.043256 0.990089
1784010285.328305006 2.734855 -0.174282 0.053821 0.002465 0.134018 -0.043557 0.990018
1784010285.428309202 2.789764 -0.179443 0.054009 0.001322 0.134216 -0.043876 0.989979
1784010285.528094053 2.844444 -0.184701 0.054409 0.000626 0.134426 -0.043904 0.989950
1784010285.628165007 2.899015 -0.190065 0.054741 0.000086 0.133806 -0.043914 0.990034
1784010285.728051186 2.953120 -0.195422 0.055316 0.000052 0.132626 -0.044370 0.990173
1784010285.828132153 3.006899 -0.200609 0.056171 -0.000733 0.132353 -0.044909 0.990185
1784010285.928052187 3.060455 -0.206146 0.056951 -0.001124 0.131323 -0.045263 0.990305
1784010286.028231144 3.114465 -0.212180 0.057918 -0.001149 0.130693 -0.046249 0.990343
1784010286.127992153 3.168956 -0.218364 0.058913 -0.001362 0.130904 -0.047821 0.990240
1784010286.228296041 3.223569 -0.225056 0.059783 -0.001671 0.130707 -0.049399 0.990188
1784010286.328217983 3.277829 -0.232398 0.060394 -0.001048 0.130598 -0.051962 0.990072
1784010286.428263187 3.331850 -0.240345 0.060714 -0.000932 0.131800 -0.055546 0.989718
1784010286.528037071 3.385584 -0.248971 0.060876 -0.000946 0.132913 -0.059436 0.989344
1784010286.628189087 3.439765 -0.258875 0.060778 0.000361 0.134026 -0.063815 0.988921
1784010286.728269100 3.494088 -0.269310 0.060433 0.001078 0.136099 -0.068938 0.988293
1784010286.828173161 3.548662 -0.280036 0.060438 0.001047 0.136777 -0.073633 0.987861
1784010286.928173065 3.604479 -0.289678 0.059945 0.002294 0.137303 -0.075277 0.987662
1784010287.028272152 3.660356 -0.296748 0.059854 0.002511 0.138440 -0.073083 0.987667
1784010287.128173113 3.716024 -0.301556 0.059923 0.001440 0.138873 -0.068164 0.987960
1784010287.228154182 3.771619 -0.305925 0.059562 0.001753 0.138776 -0.063001 0.988316
1784010287.327882051 3.827624 -0.308919 0.058949 0.000725 0.139513 -0.057285 0.988562
1784010287.428039074 3.884246 -0.310646 0.058540 -0.000989 0.139009 -0.050423 0.989006
1784010287.528154135 3.941426 -0.311989 0.058106 -0.001171 0.138116 -0.043712 0.989450
1784010287.628174067 3.998708 -0.312505 0.057838 -0.002279 0.137840 -0.037425 0.989745
1784010287.727946043 4.056082 -0.312421 0.057572 -0.003265 0.137629 -0.030744 0.990001
1784010287.828183174 4.114049 -0.311826 0.057478 -0.004047 0.137010 -0.023971 0.990271
1784010287.927873135 4.171507 -0.310195 0.057348 -0.005696 0.136556 -0.017234 0.990466
1784010288.028182030 4.229035 -0.307851 0.056907 -0.007016 0.135971 -0.009721 0.990640
1784010288.127879143 4.285816 -0.304796 0.056666 -0.007444 0.134944 -0.002885 0.990821
1784010288.228245020 4.341819 -0.300828 0.056554 -0.008844 0.134799 0.003754 0.990826
1784010288.328119040 4.396735 -0.296645 0.055900 -0.008883 0.134976 0.010526 0.990753
1784010288.427976131 4.450643 -0.292363 0.055652 -0.009634 0.135023 0.015546 0.990674
1784010288.528383970 4.504588 -0.288767 0.055603 -0.011096 0.135282 0.018870 0.990565
1784010288.628133059 4.558463 -0.286041 0.055384 -0.011226 0.135543 0.020389 0.990498
1784010288.727881193 4.612201 -0.283449 0.055610 -0.011326 0.135474 0.020663 0.990501
1784010288.828081131 4.665731 -0.280655 0.055903 -0.012317 0.135852 0.020661 0.990437
1784010288.927812099 4.719448 -0.278181 0.055557 -0.012134 0.136023 0.021078 0.990407
1784010289.028156996 4.773745 -0.275669 0.055591 -0.012480 0.136122 0.021364 0.990383
1784010289.127891064 4.828277 -0.272954 0.055511 -0.013062 0.136255 0.022209 0.990339
1784010289.228074074 4.884733 -0.270031 0.054869 -0.013155 0.135814 0.023316 0.990373
1784010289.328001976 4.942292 -0.267042 0.054302 -0.012635 0.136059 0.023596 0.990339
1784010289.428086996 5.000810 -0.263710 0.053932 -0.012922 0.136772 0.023898 0.990230
1784010289.527901173 5.060089 -0.260815 0.053411 -0.012314 0.137204 0.023591 0.990185
1784010289.628092051 5.120105 -0.257928 0.052819 -0.012938 0.138165 0.022129 0.990077
1784010289.727869987 5.180131 -0.255379 0.052088 -0.012727 0.139322 0.021692 0.989928
1784010289.828073025 5.240695 -0.253194 0.051512 -0.011347 0.139233 0.020769 0.989977
1784010289.927797079 5.301020 -0.250874 0.051063 -0.011504 0.139253 0.019371 0.990001
1784010290.027990103 5.362326 -0.249032 0.050161 -0.010527 0.138900 0.018579 0.990076
1784010290.127695084 5.424058 -0.247305 0.049943 -0.009930 0.138363 0.017635 0.990175
1784010290.228077173 5.486509 -0.245496 0.049658 -0.010062 0.137318 0.017193 0.990327
1784010290.327838182 5.549064 -0.243924 0.048876 -0.009326 0.136444 0.016601 0.990465
1784010290.427750111 5.611632 -0.242191 0.048652 -0.008626 0.135312 0.015598 0.990643
1784010290.527894020 5.674349 -0.240255 0.048206 -0.008658 0.134381 0.014984 0.990779
1784010290.627882004 5.737346 -0.238606 0.047991 -0.008422 0.134969 0.014479 0.990708
1784010290.728023052 5.800043 -0.236454 0.047897 -0.009212 0.135989 0.014231 0.990565
1784010290.828124046 5.862534 -0.234504 0.047453 -0.009591 0.136265 0.014353 0.990522
1784010290.927709103 5.924552 -0.232378 0.047287 -0.009348 0.136014 0.014145 0.990562
1784010291.027935028 5.986021 -0.230265 0.046992 -0.010100 0.136799 0.014019 0.990448
1784010291.127734184 6.047061 -0.228634 0.046039 -0.009843 0.136524 0.014105 0.990487
1784010291.228099108 6.107167 -0.227005 0.045490 -0.010795 0.137330 0.013671 0.990372
1784010291.327884197 6.166131 -0.225544 0.045291 -0.011369 0.137440 0.014193 0.990343
1784010291.427832127 6.225240 -0.224064 0.044880 -0.011048 0.137403 0.014340 0.990350
1784010291.527929068 6.284194 -0.222361 0.044759 -0.011585 0.137229 0.013906 0.990374
1784010291.627876043 6.343170 -0.220697 0.044431 -0.011782 0.136739 0.013905 0.990439
1784010291.727922201 6.402726 -0.219176 0.044645 -0.011519 0.136256 0.013822 0.990510
1784010291.827907085 6.462374 -0.217362 0.044668 -0.012497 0.135989 0.013648 0.990537
1784010291.928008080 6.522447 -0.215883 0.044295 -0.012646 0.135573 0.013906 0.990589
1784010292.027665138 6.582503 -0.214290 0.044223 -0.012438 0.134523 0.013671 0.990738
1784010292.127952099 6.643067 -0.212527 0.044418 -0.013043 0.134763 0.013346 0.990702
1784010292.227653980 6.703674 -0.211273 0.044195 -0.012502 0.134453 0.012799 0.990758
1784010292.327733040 6.764907 -0.209663 0.043808 -0.013232 0.135500 0.012070 0.990615
1784010292.427781105 6.825901 -0.208234 0.043858 -0.013903 0.135715 0.011963 0.990578
1784010292.527728081 6.887188 -0.206969 0.043500 -0.013456 0.136029 0.011564 0.990546
1784010292.627923012 6.948098 -0.205561 0.043489 -0.013424 0.136173 0.010796 0.990535
1784010292.727595091 7.008326 -0.204204 0.043184 -0.013059 0.136144 0.010374 0.990549
1784010292.827758074 7.069605 -0.202942 0.043196 -0.012163 0.136302 0.009967 0.990542
1784010292.927735090 7.130919 -0.201156 0.043121 -0.012840 0.136258 0.009476 0.990545
1784010293.027832031 7.192239 -0.199805 0.042477 -0.012704 0.136361 0.009141 0.990536
1784010293.127859116 7.253284 -0.198365 0.042100 -0.011931 0.135589 0.008447 0.990657
1784010293.227632999 7.313655 -0.196697 0.042024 -0.012099 0.135696 0.007937 0.990645
1784010293.327783108 7.374207 -0.195680 0.041501 -0.011398 0.136051 0.007450 0.990608
1784010293.427836180 7.434755 -0.194344 0.040678 -0.012534 0.136796 0.006607 0.990498
1784010293.527750969 7.495162 -0.193322 0.040278 -0.013055 0.136672 0.006648 0.990508
1784010293.627798080 7.555674 -0.192611 0.039943 -0.012262 0.136163 0.006233 0.990591
1784010293.727799177 7.616078 -0.191678 0.039623 -0.012687 0.136383 0.005353 0.990560
1784010293.827980995 7.676799 -0.191036 0.039038 -0.012141 0.136568 0.004836 0.990544
1784010293.927793980 7.737955 -0.190570 0.038723 -0.011787 0.136902 0.004100 0.990506
1784010294.027878046 7.799612 -0.190039 0.038244 -0.012008 0.137179 0.003582 0.990467
1784010294.127761126 7.861741 -0.189868 0.037576 -0.011149 0.137492 0.002969 0.990436
1784010294.227910042 7.924053 -0.189725 0.037307 -0.010293 0.137795 0.001924 0.990405
1784010294.327529192 7.985302 -0.189333 0.037087 -0.010749 0.137700 0.001069 0.990415
1784010294.427700996 8.047303 -0.189660 0.036970 -0.009653 0.137300 0.000196 0.990482
1784010294.527839184 8.109435 -0.189596 0.036807 -0.010374 0.137308 -0.000755 0.990474
1784010294.627851009 8.171475 -0.190014 0.036529 -0.010426 0.136472 -0.001065 0.990589
1784010294.727848053 8.233544 -0.190592 0.036443 -0.009785 0.135374 -0.001754 0.990745
1784010294.827797174 8.295431 -0.190894 0.036436 -0.009907 0.135096 -0.002551 0.990780
1784010294.927512169 8.357269 -0.191449 0.036213 -0.009160 0.134367 -0.003049 0.990885
1784010295.027493000 8.418826 -0.191912 0.036167 -0.009348 0.133764 -0.003834 0.990962
1784010295.127789021 8.479996 -0.192381 0.036149 -0.009275 0.133121 -0.004137 0.991048
1784010295.227651119 8.540924 -0.193088 0.035912 -0.008307 0.132601 -0.004662 0.991124
1784010295.327432156 8.601355 -0.193882 0.036056 -0.006990 0.132042 -0.005693 0.991203
1784010295.427764177 8.661520 -0.194351 0.036482 -0.008331 0.132070 -0.006677 0.991183
1784010295.527651072 8.721438 -0.195568 0.036531 -0.007367 0.132439 -0.007422 0.991136
1784010295.627559185 8.781382 -0.195841 0.036532 -0.008413 0.133385 -0.007635 0.990999
1784010295.727555990 8.841270 -0.196248 0.036556 -0.009115 0.133339 -0.007037 0.991004
1784010295.827509165 8.901596 -0.196778 0.036579 -0.008183 0.132727 -0.006690 0.991096
1784010295.927355051 8.962190 -0.197022 0.036711 -0.008477 0.132781 -0.006607 0.991087
1784010296.027529001 9.023244 -0.197497 0.036600 -0.007917 0.132239 -0.006053 0.991168
1784010296.127501011 9.084780 -0.197886 0.036789 -0.008322 0.131542 -0.005807 0.991259
1784010296.227509022 9.147038 -0.197999 0.037114 -0.009218 0.130879 -0.005131 0.991342
1784010296.327512026 9.209595 -0.198187 0.037091 -0.008851 0.130975 -0.004356 0.991337
1784010296.427608013 9.272117 -0.198349 0.037361 -0.008354 0.131149 -0.003980 0.991320
1784010296.527667046 9.334327 -0.198046 0.037673 -0.009215 0.131563 -0.003308 0.991259
1784010296.627721071 9.396904 -0.198153 0.037692 -0.008115 0.132040 -0.002228 0.991209
1784010296.727519035 9.459541 -0.197400 0.037503 -0.009117 0.133519 -0.001229 0.991004
1784010296.827582121 9.522159 -0.196755 0.037225 -0.009628 0.134293 0.000317 0.990895
1784010296.927601099 9.584600 -0.196055 0.037036 -0.008855 0.134422 0.001453 0.990884
1784010297.027734995 9.646716 -0.194775 0.037193 -0.009334 0.135242 0.002754 0.990765
1784010297.127655983 9.708707 -0.193613 0.037231 -0.008579 0.135228 0.004393 0.990768
1784010297.227741003 9.770974 -0.191834 0.037308 -0.009331 0.135168 0.005775 0.990762
1784010297.327654123 9.832320 -0.189640 0.037285 -0.010184 0.134534 0.008128 0.990823
1784010297.427636147 9.892554 -0.187029 0.036757 -0.009625 0.133499 0.010484 0.990947
1784010297.527757168 9.952027 -0.184023 0.036677 -0.009468 0.132593 0.012086 0.991052
1784010297.627508163 10.010856 -0.180509 0.036255 -0.009629 0.131845 0.014392 0.991119
1784010297.727670193 10.070065 -0.177125 0.036090 -0.008640 0.131435 0.016831 0.991144
1784010297.827632189 10.129209 -0.172976 0.035744 -0.009026 0.131104 0.019565 0.991134
1784010297.927380085 10.188466 -0.168396 0.035148 -0.010666 0.131738 0.023066 0.990959
1784010298.027662992 10.248120 -0.163421 0.034865 -0.011503 0.131528 0.026258 0.990898
1784010298.127506971 10.307107 -0.157677 0.034782 -0.013175 0.131993 0.029513 0.990724
1784010298.227558136 10.366097 -0.151507 0.034298 -0.013849 0.131909 0.033615 0.990595
1784010298.327502012 10.424555 -0.144734 0.033850 -0.015429 0.131966 0.037312 0.990432
1784010298.427695036 10.482139 -0.137678 0.033631 -0.016659 0.132054 0.041893 0.990217
1784010298.527543068 10.538590 -0.130293 0.033195 -0.017324 0.132649 0.046372 0.989926
1784010298.627582073 10.594152 -0.122452 0.033072 -0.018126 0.133399 0.050421 0.989613
1784010298.727334976 10.649277 -0.113793 0.032663 -0.018969 0.134829 0.055184 0.989149
1784010298.827226162 10.705496 -0.104071 0.032374 -0.019807 0.135695 0.060242 0.988719
1784010298.927249193 10.762728 -0.093164 0.032015 -0.021369 0.136381 0.065125 0.988282
1784010299.027508020 10.820780 -0.081080 0.031313 -0.021891 0.137220 0.071896 0.987685
1784010299.127434969 10.878951 -0.067543 0.030895 -0.022066 0.136801 0.078724 0.987219
1784010299.227353096 10.936954 -0.052588 0.030588 -0.022991 0.136310 0.085863 0.986670
1784010299.327681065 10.995443 -0.035633 0.029694 -0.023020 0.135437 0.095244 0.985929
1784010299.427396059 11.053855 -0.017322 0.029027 -0.022686 0.135117 0.104584 0.985033
1784010299.527237177 11.111928 0.003021 0.028319 -0.023110 0.134610 0.115411 0.983883
1784010299.627456188 11.169190 0.025775 0.027472 -0.023641 0.133148 0.127761 0.982543
1784010299.727270126 11.224791 0.049779 0.027373 -0.024643 0.131223 0.139254 0.981214
1784010299.827444077 11.280029 0.074668 0.026731 -0.025755 0.131815 0.151015 0.979365
1784010299.927201033 11.334101 0.101510 0.026324 -0.027982 0.131713 0.163488 0.977313
1784010300.027297974 11.387005 0.129963 0.025996 -0.030284 0.130803 0.176836 0.975040
1784010300.127305031 11.439541 0.160089 0.025049 -0.031569 0.132153 0.191474 0.972048
1784010300.227334976 11.490381 0.192773 0.024459 -0.034450 0.131900 0.206903 0.968817
1784010300.327180147 11.539659 0.227088 0.023567 -0.035546 0.132125 0.223686 0.965010
1784010300.427170038 11.587821 0.264143 0.022781 -0.037814 0.133031 0.241365 0.960529
1784010300.527145147 11.633719 0.303786 0.021900 -0.040585 0.132258 0.260048 0.955634
1784010300.627251148 11.678758 0.345522 0.020464 -0.042376 0.133074 0.279633 0.949895
1784010300.727138042 11.721288 0.389015 0.019704 -0.044774 0.132760 0.299412 0.943781
1784010300.827184200 11.759679 0.434113 0.018725 -0.047666 0.131828 0.320525 0.936810
1784010300.927103996 11.794886 0.479537 0.018338 -0.050312 0.130134 0.340926 0.929679
1784010301.027160168 11.827428 0.525887 0.017692 -0.053073 0.128988 0.361377 0.921929
1784010301.127178192 11.858196 0.573617 0.016890 -0.054851 0.127794 0.382208 0.913552
1784010301.227231979 11.886554 0.623286 0.016133 -0.057763 0.126449 0.403345 0.904426
1784010301.327095985 11.912095 0.674342 0.015415 -0.061237 0.125081 0.424975 0.894428
1784010301.427062035 11.934983 0.726645 0.014358 -0.064063 0.122796 0.446254 0.884123
1784010301.527296066 11.955347 0.779738 0.013868 -0.066616 0.120207 0.466623 0.873713
1784010301.627060175 11.973247 0.833298 0.012870 -0.068792 0.118571 0.486962 0.862599
1784010301.727339983 11.988675 0.888199 0.012026 -0.071375 0.116838 0.506833 0.851102
1784010301.827198029 12.001217 0.943785 0.011358 -0.074524 0.114270 0.526518 0.839147
1784010301.927241087 12.011360 1.000521 0.010051 -0.077472 0.112901 0.546463 0.826214
1784010302.027144194 12.019325 1.057162 0.009019 -0.080047 0.112477 0.565503 0.813110
1784010302.127353191 12.023568 1.113697 0.008378 -0.082501 0.110663 0.584928 0.799253
1784010302.227298975 12.025353 1.170491 0.007708 -0.084418 0.109560 0.603620 0.785184
1784010302.327090979 12.024902 1.225824 0.007325 -0.086475 0.108563 0.620607 0.771740
1784010302.427363157 12.021060 1.281067 0.007057 -0.088530 0.106146 0.638722 0.756921
1784010302.527301073 12.015290 1.337064 0.006739 -0.089428 0.104256 0.657027 0.741248
1784010302.627153158 12.007232 1.392887 0.006440 -0.092908 0.099303 0.673598 0.726480
1784010302.727210045 11.997215 1.448464 0.005928 -0.095548 0.094935 0.690288 0.710888
1784010302.827062130 11.986271 1.504514 0.005889 -0.097355 0.090558 0.704691 0.696945
1784010302.927230120 11.976756 1.560373 0.005913 -0.099505 0.086953 0.714143 0.687413
1784010303.027137041 11.970314 1.617096 0.005413 -0.100982 0.086363 0.719017 0.682172
1784010303.127271175 11.965487 1.674731 0.005035 -0.100550 0.085933 0.721262 0.679916
1784010303.227174044 11.961029 1.732639 0.004471 -0.101579 0.085149 0.721990 0.679088
1784010303.327071190 11.956937 1.790942 0.003327 -0.102625 0.086234 0.722422 0.678335
1784010303.427119970 11.952557 1.849028 0.002606 -0.102977 0.086461 0.722373 0.678305
1784010303.526950121 11.948239 1.907086 0.001462 -0.103968 0.087964 0.722032 0.678324
1784010303.627333164 11.944025 1.966039 0.000302 -0.104166 0.088594 0.721838 0.678417
1784010303.727156162 11.939866 2.025025 -0.000499 -0.104845 0.088876 0.721485 0.678652
1784010303.827039003 11.935863 2.084158 -0.001343 -0.104964 0.089754 0.721887 0.678090
1784010303.927038193 11.931931 2.143157 -0.002090 -0.104335 0.089234 0.722369 0.677742
1784010304.027194977 11.927983 2.201490 -0.002253 -0.103045 0.087976 0.722710 0.677740
1784010304.127065182 11.924064 2.259315 -0.002900 -0.102932 0.088411 0.723239 0.677136
1784010304.227127075 11.919864 2.316914 -0.003194 -0.102053 0.086598 0.723827 0.676875
1784010304.326941013 11.915315 2.373959 -0.003368 -0.102867 0.085016 0.723955 0.676816
1784010304.427191019 11.911115 2.430909 -0.003896 -0.102701 0.085411 0.724933 0.675744
1784010304.527106047 11.906623 2.487477 -0.004399 -0.102342 0.085364 0.725572 0.675119
1784010304.627235174 11.901920 2.544065 -0.004862 -0.102696 0.085410 0.725685 0.674937
1784010304.727060080 11.897446 2.600821 -0.005749 -0.102905 0.087208 0.725971 0.674367
1784010304.827042103 11.892792 2.657884 -0.006137 -0.102828 0.087689 0.725991 0.674295
1784010304.927365065 11.887930 2.715332 -0.006929 -0.104346 0.088679 0.725564 0.674392
1784010305.027135134 11.884021 2.773010 -0.007959 -0.104460 0.091512 0.725787 0.673756
1784010305.126872063 11.879600 2.830506 -0.008609 -0.104888 0.090780 0.725677 0.673907
1784010305.226962090 11.875106 2.887757 -0.009417 -0.105721 0.089937 0.725170 0.674435
1784010305.327135086 11.871088 2.945682 -0.010762 -0.105925 0.090294 0.725059 0.674475
1784010305.427083969 11.866901 3.004312 -0.011561 -0.106446 0.090284 0.724829 0.674642
1784010305.527330160 11.862256 3.063494 -0.013014 -0.107723 0.089484 0.724762 0.674617
1784010305.626996994 11.858043 3.122783 -0.014592 -0.108404 0.089980 0.725078 0.674102
1784010305.726860046 11.853545 3.182350 -0.015613 -0.108264 0.090079 0.725293 0.673880
1784010305.827205181 11.848670 3.242168 -0.016860 -0.108979 0.089859 0.725417 0.673661
1784010305.926833153 11.843919 3.302568 -0.018298 -0.108925 0.089833 0.725738 0.673328
1784010306.026973009 11.839080 3.362998 -0.019145 -0.109086 0.089404 0.725704 0.673395
1784010306.126864195 11.833987 3.423326 -0.020707 -0.109392 0.089410 0.726342 0.672656
1784010306.227179050 11.828537 3.484196 -0.022057 -0.109263 0.089016 0.726792 0.672243
1784010306.326987028 11.822904 3.544112 -0.022814 -0.109144 0.087896 0.726797 0.672405
1784010306.427014112 11.817558 3.604097 -0.024148 -0.108609 0.088007 0.727051 0.672203
1784010306.526746035 11.812022 3.663931 -0.024810 -0.108039 0.087718 0.727163 0.672211
1784010306.627081156 11.806265 3.723484 -0.025433 -0.107663 0.086836 0.727333 0.672202
1784010306.726953030 11.800757 3.782847 -0.026602 -0.107338 0.087136 0.727745 0.671769
1784010306.826836109 11.794740 3.842003 -0.027294 -0.106133 0.086799 0.728375 0.671321
1784010306.927067995 11.787969 3.901026 -0.027966 -0.105991 0.086775 0.729443 0.670186
1784010307.027080059 11.780970 3.960250 -0.029170 -0.105557 0.087752 0.731111 0.668307
1784010307.127084017 11.773583 4.019700 -0.029975 -0.107469 0.086540 0.732466 0.666674
1784010307.226993084 11.764948 4.079050 -0.030994 -0.109125 0.085834 0.735766 0.662852
1784010307.326732159 11.753861 4.137877 -0.032466 -0.110239 0.084207 0.740784 0.657263
1784010307.427075148 11.741124 4.196849 -0.033371 -0.111213 0.082125 0.746134 0.651284
1784010307.526725054 11.727351 4.255311 -0.034896 -0.112358 0.081498 0.751973 0.644415
1784010307.626929998 11.711719 4.313468 -0.035910 -0.113222 0.078590 0.758153 0.637345
1784010307.726986170 11.694547 4.370910 -0.037030 -0.113944 0.075089 0.764914 0.629512
1784010307.826879025 11.676064 4.428237 -0.038725 -0.114498 0.074351 0.772566 0.620084
1784010307.927080154 11.654880 4.484397 -0.039825 -0.114775 0.072149 0.780770 0.609934
1784010308.026965141 11.632375 4.539056 -0.040861 -0.114548 0.070516 0.788663 0.599930
1784010308.127079010 11.607768 4.592772 -0.041740 -0.114660 0.069183 0.796730 0.589312
1784010308.227108002 11.579385 4.643699 -0.042530 -0.115737 0.067304 0.806562 0.575789
1784010308.326850176 11.550191 4.692842 -0.043751 -0.116300 0.067428 0.816448 0.561551
1784010308.426779032 11.519744 4.740218 -0.044607 -0.117167 0.067248 0.826039 0.547183
1784010308.526996136 11.488517 4.785923 -0.045027 -0.118145 0.067213 0.834846 0.533439
1784010308.626891136 11.456313 4.831061 -0.045371 -0.119154 0.065310 0.843006 0.520459
1784010308.726814985 11.422448 4.875700 -0.045509 -0.120439 0.061812 0.850547 0.508178
1784010308.826884031 11.387145 4.920263 -0.046190 -0.120602 0.059754 0.858398 0.495012
1784010308.927021980 11.349747 4.964534 -0.047186 -0.120930 0.057538 0.866042 0.481702
1784010309.026722193 11.310885 5.007934 -0.047746 -0.121929 0.054890 0.873433 0.468226
1784010309.126927137 11.270196 5.051445 -0.048617 -0.121787 0.053571 0.880871 0.454273
1784010309.226982117 11.227902 5.093601 -0.048950 -0.122647 0.051216 0.887637 0.440948
1784010309.326699018 11.184557 5.134161 -0.049323 -0.123737 0.048933 0.894246 0.427340
1784010309.426926136 11.139092 5.173595 -0.049950 -0.124887 0.047376 0.900991 0.412763
1784010309.526517153 11.091547 5.210114 -0.050392 -0.126406 0.043725 0.908251 0.396472
1784010309.626964092 11.042304 5.245432 -0.051227 -0.127372 0.041766 0.915714 0.378813
1784010309.726829052 10.991444 5.278539 -0.051679 -0.127907 0.039356 0.922894 0.361051
1784010309.826810122 10.939747 5.309451 -0.051886 -0.127780 0.036752 0.929563 0.343851
1784010309.926752090 10.886708 5.338694 -0.052712 -0.128894 0.035481 0.935727 0.326410
1784010310.026936054 10.832375 5.365810 -0.053185 -0.129483 0.033563 0.941538 0.309215
1784010310.126670122 10.777388 5.390558 -0.054488 -0.130677 0.031962 0.946929 0.291937
1784010310.226941109 10.721484 5.413049 -0.055541 -0.131405 0.029990 0.952060 0.274618
1784010310.326546192 10.666166 5.432778 -0.056307 -0.131869 0.028032 0.956725 0.257880
1784010310.426830053 10.610619 5.450931 -0.057549 -0.132586 0.028495 0.961103 0.240604
1784010310.526762009 10.554919 5.466906 -0.058628 -0.132966 0.028201 0.965195 0.223435
1784010310.626867056 10.499054 5.480936 -0.059297 -0.134444 0.023916 0.968885 0.206431
1784010310.726933002 10.443167 5.494373 -0.059977 -0.135628 0.020162 0.971993 0.190861
1784010310.827013016 10.387399 5.507150 -0.060326 -0.136339 0.016640 0.974619 0.176782
1784010310.927235126 10.331509 5.518363 -0.060913 -0.136070 0.013989 0.977189 0.162451
1784010311.026491165 10.275812 5.528304 -0.061400 -0.135434 0.011616 0.979391 0.149386
1784010311.126753092 10.220052 5.538986 -0.061675 -0.134894 0.008964 0.980857 0.140154
1784010311.226751089 10.164745 5.551591 -0.062467 -0.134628 0.008084 0.981602 0.135157
1784010311.326774120 10.109546 5.566099 -0.063207 -0.134474 0.007431 0.981794 0.133946
1784010311.426824093 10.054108 5.580679 -0.063546 -0.134865 0.006532 0.981879 0.132976
1784010311.526736975 9.998644 5.595632 -0.064037 -0.135057 0.007149 0.982025 0.131667
1784010311.626590967 9.943581 5.610117 -0.064344 -0.135080 0.007585 0.982105 0.131015
1784010311.726680040 9.888969 5.624221 -0.064455 -0.135250 0.006877 0.982125 0.130730
1784010311.826600075 9.834720 5.638881 -0.064813 -0.134974 0.007865 0.982208 0.130334
1784010311.926644087 9.780315 5.653387 -0.065193 -0.134958 0.008061 0.982235 0.130135
1784010312.026714087 9.726180 5.667751 -0.065339 -0.134191 0.007592 0.982354 0.130061
1784010312.126582146 9.671912 5.682596 -0.065715 -0.133945 0.009192 0.982424 0.129681
1784010312.226808071 9.617542 5.697333 -0.065960 -0.133264 0.010519 0.982483 0.129835
1784010312.326544046 9.563241 5.711732 -0.066138 -0.133313 0.010730 0.982428 0.130181
1784010312.426622152 9.508493 5.727048 -0.066496 -0.133298 0.013119 0.982375 0.130383
1784010312.526407003 9.453271 5.742235 -0.067233 -0.134405 0.014273 0.982141 0.130881
1784010312.626684189 9.398054 5.757428 -0.067700 -0.134162 0.014529 0.982063 0.131687
1784010312.726642132 9.341950 5.773237 -0.068494 -0.134194 0.016207 0.981922 0.132507
1784010312.826733112 9.285978 5.788782 -0.069290 -0.135704 0.017361 0.981581 0.133345
1784010312.926648140 9.229696 5.804064 -0.070146 -0.136352 0.017651 0.981468 0.133482
1784010313.026679993 9.173189 5.820008 -0.071156 -0.136488 0.019054 0.981453 0.133258
1784010313.126610994 9.116395 5.835257 -0.072343 -0.137596 0.019518 0.981488 0.131786
1784010313.226557970 9.059035 5.847221 -0.073616 -0.139414 0.016969 0.982193 0.124790
1784010313.326604128 9.000733 5.853865 -0.074747 -0.140279 0.013758 0.983759 0.111137
1784010313.426519156 8.942295 5.857855 -0.075813 -0.141398 0.009164 0.985174 0.096720
1784010313.526579142 8.883638 5.859734 -0.077317 -0.141639 0.006195 0.986587 0.080908
1784010313.626677990 8.824959 5.859179 -0.078517 -0.141676 0.003045 0.987783 0.064831
1784010313.726493120 8.766905 5.856032 -0.079466 -0.141582 -0.000850 0.988758 0.048086
1784010313.826357126 8.709201 5.850614 -0.080709 -0.140798 -0.003920 0.989549 0.030864
1784010313.926392078 8.652036 5.843617 -0.081343 -0.139446 -0.007180 0.990085 0.015326
1784010314.026426077 8.596589 5.837218 -0.082283 -0.138652 -0.008712 0.990297 0.003402
1784010314.126281977 8.541847 5.830588 -0.083049 -0.136641 -0.010300 0.990544 -0.006783
1784010314.226479053 8.486807 5.823436 -0.083125 -0.135184 -0.011590 0.990621 -0.016164
1784010314.326529026 8.431708 5.815254 -0.083737 -0.134468 -0.012577 0.990498 -0.025952
1784010314.426544189 8.376534 5.806012 -0.084163 -0.133423 -0.013896 0.990325 -0.035525
1784010314.526390076 8.322218 5.795684 -0.083829 -0.131779 -0.015300 0.990153 -0.044684
1784010314.626327991 8.268560 5.784843 -0.083875 -0.131714 -0.015490 0.989697 -0.053965
1784010314.726509094 8.214945 5.772479 -0.083783 -0.130785 -0.017222 0.989244 -0.063206
1784010314.826696157 8.161647 5.759183 -0.083281 -0.130503 -0.018961 0.988645 -0.072049
1784010314.926439047 8.108743 5.745088 -0.083560 -0.130494 -0.019936 0.987874 -0.081719
1784010315.026491165 8.055628 5.729641 -0.083375 -0.130223 -0.021257 0.987035 -0.091388
1784010315.126320124 8.003291 5.712723 -0.082909 -0.129273 -0.023539 0.986180 -0.100911
1784010315.226360083 7.951109 5.695195 -0.082712 -0.129164 -0.023857 0.985124 -0.110804
1784010315.326266050 7.899244 5.676141 -0.082510 -0.128834 -0.025451 0.983984 -0.120539
1784010315.426307201 7.847714 5.655426 -0.082239 -0.128435 -0.027289 0.982725 -0.130426
1784010315.526350975 7.795954 5.634044 -0.082321 -0.128664 -0.026714 0.981227 -0.141160
1784010315.626363993 7.744529 5.611005 -0.082489 -0.128912 -0.026976 0.979560 -0.152038
1784010315.726339102 7.694404 5.585926 -0.082672 -0.128809 -0.028240 0.977627 -0.163877
1784010315.826503038 7.644710 5.560028 -0.083012 -0.128806 -0.030082 0.975548 -0.175530
1784010315.926254034 7.595989 5.532934 -0.083450 -0.129465 -0.032332 0.973210 -0.187233
1784010316.026483059 7.548075 5.504210 -0.083762 -0.128497 -0.034614 0.970855 -0.199325
1784010316.126317978 7.500297 5.474542 -0.084281 -0.128958 -0.035236 0.968039 -0.212198
1784010316.226152182 7.453349 5.442529 -0.084873 -0.128962 -0.038292 0.964770 -0.226102
1784010316.326457024 7.407249 5.408414 -0.085696 -0.128543 -0.041159 0.960972 -0.241485
1784010316.426370144 7.362254 5.372528 -0.086081 -0.126984 -0.043004 0.956916 -0.257561
1784010316.526270151 7.318341 5.334821 -0.086273 -0.126810 -0.045833 0.952337 -0.273629
1784010316.626288176 7.275782 5.295167 -0.087196 -0.126489 -0.047713 0.947033 -0.291295
1784010316.726528168 7.235081 5.253125 -0.087821 -0.126058 -0.050081 0.941072 -0.309815
1784010316.826230049 7.196963 5.209383 -0.088613 -0.125573 -0.053794 0.934545 -0.328578
1784010316.926248074 7.160486 5.164291 -0.089120 -0.124923 -0.056091 0.927510 -0.347812
1784010317.026534081 7.126472 5.117689 -0.089089 -0.122608 -0.058510 0.920337 -0.366776
1784010317.126207113 7.095035 5.070630 -0.089164 -0.121105 -0.060266 0.912851 -0.385233
1784010317.226358175 7.065425 5.021900 -0.089470 -0.119267 -0.062001 0.905086 -0.403423
1784010317.326495171 7.038079 4.971904 -0.089334 -0.116692 -0.063546 0.896913 -0.421772
1784010317.426448107 7.012704 4.920868 -0.089539 -0.115520 -0.064808 0.888113 -0.440126
1784010317.526204109 6.989282 4.869213 -0.089671 -0.113790 -0.066214 0.879404 -0.457511
1784010317.626173973 6.967560 4.817049 -0.089355 -0.112185 -0.068080 0.871170 -0.473119
1784010317.726224184 6.947019 4.764467 -0.089596 -0.112000 -0.067702 0.862471 -0.488894
1784010317.826374054 6.928510 4.710985 -0.089779 0.109261 0.070087 -0.854303 0.503305
1784010317.926323175 6.911986 4.656953 -0.090079 0.106455 0.073077 -0.845777 0.517676
1784010318.026437044 6.896709 4.602120 -0.090534 0.105095 0.074103 -0.836526 0.532624
1784010318.126099110 6.883861 4.546652 -0.091144 0.103609 0.076906 -0.826791 0.547510
1784010318.226294994 6.872996 4.491150 -0.091963 0.102021 0.079462 -0.817081 0.561833
1784010318.326050997 6.863912 4.436183 -0.092522 0.101194 0.080800 -0.807273 0.575797
1784010318.426182032 6.856924 4.381834 -0.092710 0.100154 0.083227 -0.797605 0.588956
1784010318.526404142 6.851765 4.328305 -0.093277 0.100069 0.085673 -0.787368 0.602243
1784010318.626372099 6.848360 4.274868 -0.093476 0.099935 0.087779 -0.776821 0.615514
1784010318.726227045 6.847373 4.221194 -0.093823 0.098732 0.091549 -0.765985 0.628600
1784010318.826481104 6.847682 4.166429 -0.094279 0.098498 0.093677 -0.754315 0.642286
1784010318.926067114 6.850125 4.111078 -0.094298 0.096735 0.095383 -0.743073 0.655276
1784010319.026350021 6.853274 4.055205 -0.094558 0.095562 0.096947 -0.732709 0.666789
1784010319.126024008 6.855896 3.999530 -0.095030 0.094064 0.098092 -0.724729 0.675498
1784010319.226212025 6.858412 3.943078 -0.095470 0.093081 0.098659 -0.718011 0.682688
1784010319.326229095 6.861811 3.886740 -0.096393 0.092300 0.099236 -0.711691 0.689296
1784010319.426277161 6.865768 3.830502 -0.097025 0.091534 0.099373 -0.705681 0.695529
1784010319.526282072 6.869413 3.774655 -0.097390 0.090628 0.099887 -0.701833 0.699456
1784010319.626433134 6.870320 3.719278 -0.097991 0.091650 0.098816 -0.701226 0.700084
1784010319.725965023 6.871452 3.664269 -0.098399 0.091574 0.098182 -0.700678 0.700732
1784010319.826167107 6.871237 3.608494 -0.098928 0.093186 0.097988 -0.701179 0.700044
1784010319.926064968 6.869664 3.552681 -0.099926 0.092195 0.099630 -0.702639 0.698478
1784010320.026030064 6.866570 3.496722 -0.100557 0.091379 0.100823 -0.705280 0.695748
1784010320.126012087 6.860281 3.441833 -0.100749 0.091132 0.100897 -0.711353 0.689559
1784010320.226034164 6.849402 3.388137 -0.101091 0.093130 0.099915 -0.721213 0.679114
1784010320.326011181 6.833539 3.335228 -0.101587 0.095184 0.099082 -0.735182 0.663799
1784010320.426287174 6.812375 3.283794 -0.101931 0.097557 0.097037 -0.752261 0.644337
1784010320.526317120 6.786862 3.233795 -0.102478 0.100329 0.095383 -0.770578 0.622130
1784010320.626089096 6.756438 3.185616 -0.103445 0.103197 0.092659 -0.789982 0.597238
1784010320.726190090 6.721093 3.140577 -0.103727 0.106663 0.088532 -0.810624 0.568923
1784010320.826207161 6.682990 3.098828 -0.103945 0.108994 0.085103 -0.830528 0.539538
1784010320.926228046 6.642125 3.060886 -0.104382 0.113389 0.080730 -0.849154 0.509474
1784010321.025922060 6.601576 3.026467 -0.104644 -0.115820 -0.078061 0.865553 -0.480948
1784010321.126254082 6.561191 2.996446 -0.104753 -0.117412 -0.074924 0.880157 -0.453789
1784010321.226128101 6.517569 2.969949 -0.104483 -0.118881 -0.070490 0.895603 -0.422839
1784010321.325873137 6.470426 2.944757 -0.104637 -0.121954 -0.065607 0.909527 -0.391897
1784010321.426004171 6.425234 2.922156 -0.104519 -0.123337 -0.061681 0.920852 -0.364711
1784010321.526023149 6.376730 2.904920 -0.103882 -0.124716 -0.056433 0.933027 -0.332749
1784010321.626119137 6.323515 2.889771 -0.103655 -0.126961 -0.051932 0.944204 -0.299439
1784010321.725875139 6.270673 2.877108 -0.103901 -0.128060 -0.047671 0.953684 -0.267983
1784010321.826120138 6.217212 2.869067 -0.104002 -0.128543 -0.042929 0.962611 -0.234549
1784010321.926298141 6.161964 2.864984 -0.103788 -0.129779 -0.038996 0.970399 -0.199905
1784010322.026120186 6.104754 2.865408 -0.103397 -0.130315 -0.033411 0.977218 -0.164153
1784010322.126247168 6.045301 2.869173 -0.103095 -0.131980 -0.028720 0.982469 -0.128493
1784010322.226059198 5.988987 2.875927 -0.102460 -0.132058 -0.024843 0.986286 -0.095829
1784010322.325896025 5.931330 2.889576 -0.101532 -0.131283 -0.018818 0.989546 -0.056651
1784010322.426156998 5.871390 2.907458 -0.101168 -0.132770 -0.012289 0.990902 -0.018263
1784010322.526166201 5.815587 2.927866 -0.100439 -0.131757 -0.006198 0.991108 0.017496
1784010322.626151085 5.760502 2.955688 -0.099927 -0.131698 0.000231 0.989552 0.058674
1784010322.725790977 5.704900 2.988031 -0.099507 -0.132887 0.005117 0.986204 0.098578
1784010322.826148987 5.650545 3.025969 -0.098906 -0.133650 0.010739 0.981000 0.140221
1784010322.925846100 5.598788 3.068906 -0.098244 -0.133592 0.015153 0.974098 0.181814
1784010323.026045084 5.548480 3.119961 -0.097602 -0.133619 0.022982 0.964644 0.226010
1784010323.126125097 5.496908 3.173543 -0.097276 -0.132829 0.028980 0.955376 0.262246
1784010323.225963116 5.436506 3.221208 -0.096081 -0.131329 0.031122 0.951133 0.277724
1784010323.325831175 5.368533 3.267180 -0.095556 -0.131499 0.032662 0.949930 0.281555
1784010323.426191092 5.298689 3.314829 -0.094779 -0.131306 0.033871 0.948804 0.285276
1784010323.525669098 5.226882 3.364229 -0.094520 -0.131444 0.034527 0.947896 0.288137
1784010323.625915051 5.156970 3.412690 -0.093571 -0.131020 0.034694 0.946947 0.291414
1784010323.725768089 5.094305 3.456918 -0.093415 -0.131779 0.035396 0.945969 0.294150
1784010323.826122999 5.029390 3.502760 -0.092727 -0.132433 0.035574 0.945239 0.296173
1784010323.925758123 4.961566 3.551483 -0.092631 -0.133016 0.035727 0.944751 0.297448
1784010324.025753021 4.897314 3.597940 -0.091358 -0.131470 0.036014 0.944277 0.299600
1784010324.126055002 4.836066 3.642966 -0.090783 -0.130083 0.037591 0.943785 0.301556
1784010324.226088047 4.776032 3.686757 -0.090098 -0.128328 0.037377 0.943214 0.304108
1784010324.325991154 4.716623 3.730799 -0.090341 -0.127574 0.038276 0.942643 0.306077
1784010324.426014185 4.654985 3.777521 -0.090536 -0.125213 0.038635 0.942210 0.308334
1784010324.525763035 4.595250 3.825648 -0.043427 -0.139115 0.061077 0.939206 0.307910
1784010324.625653028 4.532596 3.873117 -0.045858 -0.140014 0.059916 0.938473 0.309959
1784010324.725924015 4.473570 3.918567 -0.048311 -0.141522 0.058653 0.937804 0.311538
1784010324.825905085 4.418849 3.961613 -0.050542 -0.141311 0.057749 0.937438 0.312899
1784010324.925640106 4.366299 4.003091 -0.052362 -0.140994 0.057346 0.937033 0.314326
1784010325.025767088 4.313577 4.045105 -0.054913 -0.140958 0.057542 0.936651 0.315444
1784010325.125617027 4.260640 4.087334 -0.057154 -0.139874 0.057261 0.936295 0.317030
1784010325.225974083 4.207203 4.129710 -0.059638 -0.140692 0.057275 0.935786 0.318165
1784010325.325977087 4.153658 4.171814 -0.062231 -0.140098 0.056583 0.935702 0.318799
1784010325.426035166 4.102718 4.211114 -0.064176 -0.140242 0.056697 0.935533 0.319210
1784010325.525679111 4.053931 4.247314 -0.066171 -0.139950 0.056813 0.936219 0.317302
1784010325.625827074 3.995575 4.288411 -0.069064 -0.140891 0.057530 0.937561 0.312761
1784010325.725979090 3.936761 4.327099 -0.071562 -0.141444 0.056335 0.939773 0.306017
1784010325.825754166 3.878656 4.362458 -0.073900 -0.141247 0.055229 0.942749 0.297024
1784010325.925804138 3.819339 4.396315 -0.075809 -0.140707 0.054043 0.945746 0.287830
1784010326.026005030 3.759909 4.429097 -0.078285 -0.140679 0.054264 0.948511 0.278554
1784010326.125768185 3.699982 4.459676 -0.080190 -0.140287 0.053322 0.951358 0.269061
1784010326.225870132 3.640047 4.487333 -0.082546 -0.140613 0.053498 0.954634 0.256984
1784010326.325962067 3.580141 4.510705 -0.084401 -0.139495 0.052196 0.958749 0.242110
1784010326.425789118 3.521345 4.531147 -0.085781 -0.137496 0.050657 0.962676 0.227559
1784010326.525527000 3.464835 4.549950 -0.087448 -0.138492 0.048754 0.965520 0.214973
1784010326.625567198 3.407568 4.568367 -0.089183 -0.139077 0.045640 0.967932 0.204164
1784010326.725596189 3.350159 4.586599 -0.090586 -0.139629 0.044804 0.970149 0.193151
1784010326.825621128 3.293954 4.602582 -0.091435 -0.140417 0.042400 0.972321 0.181872
1784010326.925575018 3.237640 4.616919 -0.092136 -0.141875 0.039569 0.974229 0.170833
1784010327.025645018 3.181262 4.632173 -0.093460 -0.142756 0.039216 0.975686 0.161615
1784010327.125524998 3.125219 4.649405 -0.095196 -0.144519 0.038753 0.976051 0.157913
1784010327.225857019 3.067353 4.668520 -0.097079 -0.145770 0.037661 0.976054 0.157005
1784010327.325790167 3.010129 4.687824 -0.099281 -0.147190 0.037634 0.975983 0.156130
1784010327.425927162 2.955747 4.705916 -0.101363 -0.148537 0.036411 0.975943 0.155392
1784010327.525856018 2.900958 4.723934 -0.103157 -0.148329 0.035772 0.976151 0.154430
1784010327.625713110 2.844904 4.742483 -0.105113 -0.147555 0.036312 0.976294 0.154142
1784010327.725673199 2.790990 4.759944 -0.106652 -0.146171 0.034966 0.976507 0.154418
1784010327.825613976 2.735366 4.778286 -0.108554 -0.145303 0.034985 0.976665 0.154237
1784010327.925789118 2.675620 4.797925 -0.110490 -0.144005 0.034352 0.976844 0.154462
1784010328.025722027 2.614617 4.817265 -0.111931 -0.143202 0.032523 0.976865 0.155468
1784010328.125539064 2.553379 4.837520 -0.113691 -0.143290 0.034296 0.976692 0.156089
1784010328.225654125 2.491397 4.857670 -0.115355 -0.144005 0.034573 0.976391 0.157250
1784010328.325447083 2.429462 4.878171 -0.117148 -0.145933 0.036025 0.975877 0.158333
1784010328.425719023 2.366734 4.899238 -0.119381 -0.147469 0.037033 0.975469 0.159192
1784010328.525496006 2.304302 4.920102 -0.121663 -0.147488 0.036391 0.975162 0.161191
1784010328.625841141 2.243538 4.941201 -0.123899 -0.147151 0.038635 0.974860 0.162792
1784010328.725910187 2.185931 4.960804 -0.125949 -0.145737 0.038904 0.974784 0.164450
1784010328.825791121 2.130920 4.979961 -0.127790 -0.144786 0.040386 0.974688 0.165499
1784010328.925696135 2.076483 4.999253 -0.129889 -0.143034 0.041937 0.974735 0.166357
1784010329.025876045 2.022070 5.018549 -0.131442 -0.143450 0.039958 0.974556 0.167527
1784010329.125581026 1.967195 5.038436 -0.133397 -0.143205 0.039566 0.974490 0.168217
1784010329.225573063 1.912544 5.058312 -0.135191 -0.143946 0.039959 0.974249 0.168882
1784010329.325680971 1.857885 5.077718 -0.136638 -0.143684 0.038532 0.974207 0.169679
1784010329.425822020 1.800931 5.098623 -0.138428 -0.144398 0.039712 0.973937 0.170349
1784010329.525465012 1.742779 5.119683 -0.140212 -0.145001 0.039672 0.973815 0.170547
1784010329.625658035 1.683174 5.141094 -0.141944 -0.145318 0.038383 0.973641 0.171559
1784010329.725476027 1.622629 5.163793 -0.143845 -0.145736 0.039952 0.973339 0.172558
1784010329.825612068 1.560712 5.186681 -0.145702 -0.145418 0.039353 0.973129 0.174141
1784010329.925641060 1.498299 5.210626 -0.147533 -0.145198 0.040335 0.972874 0.175519
1784010330.025384188 1.435360 5.234496 -0.149486 -0.144971 0.039952 0.972826 0.176061
1784010330.125375032 1.371339 5.256498 -0.151077 -0.143939 0.037938 0.973390 0.174226
1784010330.225522041 1.305990 5.276498 -0.152624 -0.143544 0.038176 0.974571 0.167778
1784010330.325698137 1.239559 5.293160 -0.154010 -0.143014 0.035922 0.976322 0.158276
1784010330.425322056 1.173271 5.309223 -0.155489 -0.142862 0.035093 0.977815 0.149121
1784010330.525612116 1.106848 5.325797 -0.157581 -0.144140 0.034095 0.978642 0.142553
1784010330.625643969 1.040583 5.341427 -0.159883 -0.144640 0.032477 0.979474 0.136582
1784010330.725466967 0.973979 5.357095 -0.161915 -0.145624 0.033152 0.980074 0.130954
1784010330.825345039 0.907294 5.371382 -0.164037 -0.146452 0.032016 0.980672 0.125736
1784010330.925363064 0.840469 5.385425 -0.166360 -0.147199 0.032851 0.981182 0.120565
1784010331.025691032 0.773701 5.399371 -0.168815 -0.147323 0.032674 0.981619 0.116846
1784010331.125568151 0.707603 5.412998 -0.171463 -0.146617 0.033559 0.982118 0.113230
1784010331.225507975 0.641615 5.426645 -0.173558 -0.146700 0.033146 0.982454 0.110295
1784010331.325260162 0.576256 5.440227 -0.175397 -0.146182 0.030954 0.982776 0.108740
1784010331.425585985 0.510735 5.455181 -0.177332 -0.145589 0.030660 0.982895 0.108540
1784010331.525667191 0.444934 5.470395 -0.179429 -0.146016 0.029553 0.982817 0.108984
1784010331.625581026 0.379102 5.485798 -0.181723 -0.145987 0.029731 0.982787 0.109244
1784010331.725517035 0.313788 5.501273 -0.183619 -0.145767 0.030633 0.982729 0.109808
1784010331.825294971 0.248656 5.516395 -0.185568 -0.145715 0.029479 0.982703 0.110418
1784010331.925246000 0.183610 5.532106 -0.187241 -0.145558 0.029900 0.982637 0.111097
1784010332.025696039 0.117856 5.547888 -0.188879 -0.146213 0.029031 0.982483 0.111828
1784010332.125205994 0.053242 5.563647 -0.191004 -0.146228 0.029575 0.982406 0.112346
1784010332.225480080 -0.011545 5.579706 -0.192807 -0.146395 0.030994 0.982226 0.113316
1784010332.325370073 -0.075552 5.595084 -0.194487 -0.146411 0.030561 0.982113 0.114384
1784010332.425472021 -0.139562 5.611037 -0.196329 -0.146129 0.031548 0.982012 0.115340
1784010332.525534153 -0.203817 5.626892 -0.198177 -0.146815 0.031133 0.981775 0.116594
1784010332.625502110 -0.268155 5.643227 -0.200423 -0.146403 0.032209 0.981663 0.117760
1784010332.725502014 -0.332349 5.659782 -0.202230 -0.145663 0.033397 0.981533 0.119414
1784010332.825500011 -0.396453 5.675937 -0.203840 -0.144876 0.032997 0.981495 0.120786
1784010332.925686121 -0.460942 5.692776 -0.205423 -0.143215 0.034314 0.981580 0.121711
1784010333.025572062 -0.525314 5.709018 -0.207184 -0.141807 0.033639 0.981707 0.122521
1784010333.125267029 -0.589360 5.725773 -0.209540 -0.139408 0.034893 0.981975 0.122776
1784010333.225327969 -0.653541 5.742879 -0.211283 -0.140920 0.035127 0.981659 0.123502
1784010333.325328112 -0.717434 5.759622 -0.212565 -0.141981 0.033701 0.981470 0.124187
1784010333.425453186 -0.781036 5.776723 -0.213721 -0.142153 0.033939 0.981414 0.124368
1784010333.525371075 -0.844606 5.792446 -0.214780 -0.142381 0.032447 0.981556 0.123381
1784010333.625120163 -0.908550 5.806881 -0.216473 -0.142290 0.031378 0.981949 0.120607
1784010333.725403070 -0.973022 5.820166 -0.217948 -0.142213 0.030925 0.982497 0.116272
1784010333.825132132 -1.037827 5.829682 -0.219219 -0.142852 0.028678 0.983487 0.107356
1784010333.925428152 -1.103637 5.836028 -0.220340 -0.142992 0.027390 0.984884 0.093849
1784010334.025351048 -1.169350 5.838406 -0.221276 -0.144448 0.024484 0.986162 0.077587
1784010334.125351191 -1.234150 5.836050 -0.222669 -0.144575 0.022222 0.987579 0.057369
1784010334.225434065 -1.298207 5.828728 -0.223227 -0.144084 0.019493 0.988758 0.034888
1784010334.325093985 -1.361308 5.817411 -0.224063 -0.143402 0.016228 0.989468 0.011216
1784010334.425386190 -1.424737 5.802111 -0.224328 -0.141866 0.013052 0.989697 -0.014249
1784010334.525339127 -1.487520 5.786544 -0.224264 -0.140909 0.009305 0.989393 -0.034064
1784010334.625303984 -1.550478 5.773083 -0.224900 -0.140159 0.007841 0.988940 -0.047875
1784010334.725394011 -1.613158 5.760195 -0.225042 -0.138852 0.006200 0.988652 -0.057008
1784010334.825333118 -1.675026 5.747253 -0.225410 -0.139224 0.006236 0.988073 -0.065495
1784010334.925371170 -1.736342 5.732164 -0.225680 -0.137921 0.005091 0.987549 -0.075486
1784010335.025303125 -1.797063 5.714389 -0.225701 -0.136690 0.003717 0.986699 -0.087900
1784010335.125121117 -1.857358 5.693916 -0.226363 -0.136476 0.003016 0.985212 -0.103553
1784010335.225092173 -1.915219 5.669334 -0.226563 -0.135589 -0.001693 0.983282 -0.121530
1784010335.325190067 -1.969830 5.641141 -0.226777 -0.135575 -0.004779 0.980328 -0.143367
1784010335.425454140 -2.022541 5.610294 -0.226860 -0.135176 -0.008294 0.976925 -0.165156
1784010335.525429010 -2.073897 5.578294 -0.226656 -0.133666 -0.012061 0.973749 -0.183851
1784010335.625272989 -2.126218 5.546912 -0.226644 -0.133529 -0.013445 0.970757 -0.199048
1784010335.725181103 -2.178625 5.516171 -0.226875 -0.133147 -0.015091 0.968597 -0.209439
1784010335.825260162 -2.230463 5.484807 -0.227268 -0.132697 -0.015995 0.966622 -0.218581
1784010335.925388098 -2.281708 5.452798 -0.227194 -0.132169 -0.015701 0.964690 -0.227285
1784010336.025226116 -2.332039 5.419666 -0.227099 -0.130462 -0.016640 0.962922 -0.235551
1784010336.125315189 -2.383226 5.384979 -0.227253 -0.130205 -0.015831 0.960670 -0.244764
1784010336.225045204 -2.433142 5.347505 -0.227167 -0.129436 -0.016793 0.957722 -0.256386
1784010336.325088024 -2.479136 5.304881 -0.226718 -0.127069 -0.019294 0.952554 -0.275904
1784010336.424970150 -2.520867 5.258309 -0.225983 -0.124767 -0.022339 0.945493 -0.299964
1784010336.525171041 -2.558877 5.209090 -0.224609 -0.122989 -0.024954 0.936840 -0.326469
1784010336.625156164 -2.592011 5.156742 -0.223612 -0.120778 -0.028032 0.926090 -0.356349
1784010336.725171089 -2.619903 5.101029 -0.221664 -0.118013 -0.032307 0.912952 -0.389292
1784010336.825302124 -2.641396 5.047157 -0.219865 -0.115722 -0.037357 0.899974 -0.418641
1784010336.925115108 -2.655433 5.004663 -0.218234 -0.113921 -0.040360 0.889765 -0.440126
1784010337.025177002 -2.664217 4.974013 -0.217451 -0.112592 -0.042981 0.883260 -0.453131
1784010337.125145197 -2.668570 4.957674 -0.216749 -0.112742 -0.043576 0.881616 -0.456227
1784010337.225323200 -2.669178 4.953498 -0.216649 -0.112411 -0.043808 0.880603 -0.458238
1784010337.325225115 -2.664298 4.960545 -0.217605 -0.112578 -0.045633 0.880125 -0.458938
1784010337.425170183 -2.661110 4.968026 -0.218148 -0.113269 -0.045526 0.880708 -0.457658
1784010337.525161028 -2.660782 4.968660 -0.218535 -0.113295 -0.045726 0.880689 -0.457668
1784010337.625231028 -2.661672 4.966931 -0.219052 -0.113006 -0.045916 0.880582 -0.457926
1784010337.725270987 -2.661931 4.966822 -0.220022 -0.113012 -0.045731 0.880701 -0.457714
1784010337.825288057 -2.654313 4.980473 -0.220304 -0.113848 -0.046009 0.881210 -0.456497
1784010337.925008059 -2.639098 5.005692 -0.220306 -0.113362 -0.045155 0.882431 -0.454342
1784010338.025307178 -2.618651 5.039448 -0.221657 -0.113218 -0.044397 0.884778 -0.449865
1784010338.125126123 -2.596039 5.073593 -0.224737 -0.112204 -0.043526 0.886286 -0.447228
1784010338.224975109 -2.568968 5.113717 -0.227428 -0.113193 -0.042534 0.887504 -0.444651
1784010338.324839115 -2.541133 5.154756 -0.225187 -0.111442 -0.041005 0.889136 -0.441969
1784010338.425374031 -2.514424 5.192627 -0.223615 -0.110868 -0.041902 0.890463 -0.439350
1784010338.525082111 -2.489796 5.227775 -0.222954 -0.111886 -0.041840 0.891497 -0.436994
1784010338.625132084 -2.466239 5.261013 -0.222055 -0.112808 -0.041673 0.892477 -0.434766
1784010338.725264072 -2.442892 5.293897 -0.221170 -0.115656 -0.041926 0.893112 -0.432685
1784010338.825188160 -2.413901 5.334159 -0.221211 -0.114147 -0.041042 0.894727 -0.429825
1784010338.924799204 -2.384503 5.373873 -0.222031 -0.115187 -0.041145 0.895695 -0.427517
1784010339.025045156 -2.355225 5.412635 -0.222430 -0.115938 -0.041789 0.896664 -0.425213
1784010339.125065088 -2.329716 5.446227 -0.222337 -0.115989 -0.042046 0.897597 -0.423201
1784010339.225082159 -2.312176 5.469177 -0.222424 -0.116596 -0.042795 0.898222 -0.421629
1784010339.324957132 -2.299870 5.485555 -0.222463 -0.117110 -0.042483 0.898646 -0.420612
1784010339.425176144 -2.291797 5.496421 -0.221685 -0.117071 -0.042005 0.898939 -0.420047
1784010339.525274992 -2.301374 5.485135 -0.221151 -0.116587 -0.041704 0.898899 -0.420296
1784010339.625008106 -2.325377 5.453271 -0.220992 -0.116473 -0.041374 0.897766 -0.422774
1784010339.724765062 -2.356456 5.407399 -0.220980 -0.115234 -0.041423 0.894514 -0.429941
1784010339.825256109 -2.388680 5.351202 -0.219873 -0.113435 -0.042456 0.888169 -0.443268
1784010339.924797058 -2.419374 5.289929 -0.218707 -0.112084 -0.044677 0.879788 -0.459799
1784010340.024880171 -2.448068 5.224953 -0.217462 -0.108944 -0.046743 0.870294 -0.478053
1784010340.124715090 -2.473055 5.157637 -0.215543 -0.106565 -0.048472 0.859398 -0.497724
1784010340.225177050 -2.493635 5.088213 -0.213713 0.104925 0.051149 -0.846422 0.519563
1784010340.325119972 -2.508236 5.017724 -0.211520 0.102779 0.054924 -0.831253 0.543542
1784010340.425044060 -2.518385 4.946725 -0.209542 0.101438 0.057860 -0.814605 0.568139
1784010340.524816990 -2.522794 4.875628 -0.207386 0.098632 0.061235 -0.796573 0.593291
1784010340.625179052 -2.521214 4.803656 -0.205773 0.098164 0.063842 -0.775447 0.620460
1784010340.724802017 -2.514098 4.731328 -0.203255 0.092422 0.069549 -0.753743 0.646910
1784010340.824834108 -2.501547 4.658132 -0.200764 0.087132 0.074507 -0.729739 0.674046
1784010340.924883127 -2.483303 4.586009 -0.197441 0.081201 0.079554 -0.704053 0.700990
1784010341.024742126 -2.459836 4.516045 -0.194830 0.076565 0.083690 -0.676685 0.727483
1784010341.124927044 -2.430796 4.449237 -0.191748 0.069898 0.086927 -0.649051 0.752523
1784010341.224840164 -2.397971 4.385076 -0.188744 0.065306 0.089704 -0.621535 0.775488
1784010341.324944973 -2.361147 4.325983 -0.185729 0.058731 0.093293 -0.594512 0.796494
1784010341.424681187 -2.319479 4.269199 -0.183108 0.054841 0.096100 -0.564645 0.817883
1784010341.524718046 -2.275202 4.216076 -0.180560 0.050159 0.099320 -0.536863 0.836300
1784010341.624736071 -2.225763 4.167010 -0.178376 0.045325 0.102979 -0.506020 0.855152
1784010341.724699020 -2.174208 4.120349 -0.175707 0.040639 0.105531 -0.477512 0.871317
1784010341.825004101 -2.125549 4.071705 -0.173644 0.037801 0.107805 -0.459877 0.880603
1784010341.925091982 -2.082980 4.017173 -0.170889 0.038228 0.108284 -0.455850 0.882618
1784010342.024916172 -2.040046 3.962063 -0.168344 0.037776 0.108811 -0.452240 0.884428
1784010342.125022173 -1.996694 3.906876 -0.165890 0.036645 0.108521 -0.449167 0.886075
1784010342.224874973 -1.953630 3.852225 -0.162820 0.035781 0.107823 -0.446580 0.887502
1784010342.324766159 -1.910135 3.797795 -0.160504 0.035696 0.107671 -0.443432 0.889101
1784010342.424968004 -1.866071 3.743725 -0.157583 0.034931 0.107631 -0.440232 0.890725
1784010342.525004148 -1.821105 3.691074 -0.155233 0.034498 0.108872 -0.434927 0.893194
1784010342.625029087 -1.774478 3.640575 -0.152753 0.033969 0.109173 -0.427204 0.896897
1784010342.724964142 -1.727494 3.591397 -0.150201 0.034146 0.110050 -0.420138 0.900115
1784010342.825073004 -1.681810 3.541420 -0.148284 0.036509 0.110342 -0.415871 0.901966
1784010342.924728155 -1.636540 3.492273 -0.145975 0.038629 0.109888 -0.412177 0.903627
1784010343.024913073 -1.590947 3.443169 -0.144209 0.035354 0.110783 -0.409114 0.905043
1784010343.124633074 -1.545371 3.394133 -0.142140 0.032716 0.110624 -0.406264 0.906445
1784010343.224711180 -1.499718 3.345249 -0.139516 0.031145 0.110629 -0.404018 0.907503
1784010343.325003147 -1.453895 3.296516 -0.137498 0.030551 0.110525 -0.401500 0.908652
1784010343.424641132 -1.409801 3.247297 -0.135078 0.029619 0.110220 -0.402592 0.908237
1784010343.524620056 -1.367201 3.196692 -0.133285 0.030186 0.110850 -0.405788 0.906718
1784010343.624715090 -1.326793 3.144853 -0.130960 0.030516 0.109461 -0.411989 0.904075
1784010343.724853992 -1.289321 3.091414 -0.128601 0.031854 0.109229 -0.421824 0.899510
1784010343.824879169 -1.255331 3.036359 -0.126713 0.034553 0.108058 -0.433878 0.893800
1784010343.924863100 -1.223958 2.980407 -0.124586 0.036723 0.106776 -0.447414 0.887170
1784010344.024906158 -1.194626 2.923743 -0.122725 0.038714 0.105967 -0.461095 0.880150
1784010344.124728203 -1.167630 2.866573 -0.120448 0.040596 0.104114 -0.475415 0.872636
1784010344.224586010 -1.142851 2.808411 -0.118027 0.043245 0.102860 -0.489985 0.864560
1784010344.324611187 -1.120396 2.749126 -0.115922 0.046349 0.100536 -0.504730 0.856149
1784010344.424570084 -1.100909 2.687684 -0.113782 0.049829 0.099229 -0.521540 0.845971
1784010344.524795055 -1.084860 2.624960 -0.111055 0.051932 0.097301 -0.539904 0.834469
1784010344.624785185 -1.072937 2.561197 -0.108329 0.056610 0.093703 -0.559472 0.821588
1784010344.724645138 -1.064582 2.497241 -0.105712 0.060743 0.090341 -0.579806 0.807449
1784010344.824781179 -1.059976 2.432468 -0.102779 0.065641 0.087257 -0.600176 0.792380
1784010344.924540997 -1.059195 2.367606 -0.100046 0.068662 0.085884 -0.620927 0.776118
1784010345.024882078 -1.062056 2.302473 -0.097150 0.070485 0.084372 -0.642098 0.758699
1784010345.124436140 -1.069585 2.238667 -0.093729 0.073276 0.081523 -0.663695 0.739928
1784010345.224845171 -1.081261 2.175179 -0.090755 0.076145 0.078597 -0.685290 0.720002
1784010345.324741125 -1.097837 2.112544 -0.088311 0.080465 0.075374 -0.707098 0.698467
1784010345.424766064 -1.119016 2.050908 -0.086089 0.084163 0.073402 -0.729502 0.674800
1784010345.524752140 -1.144570 1.991416 -0.084166 0.088191 0.069294 -0.750936 0.650781
1784010345.624747992 -1.174016 1.935452 -0.082063 0.092781 0.064867 -0.771807 0.625698
1784010345.724733114 -1.206911 1.882718 -0.080208 0.096419 0.060273 -0.791938 0.599920
1784010345.824715137 -1.243951 1.832637 -0.078684 0.100094 0.057641 -0.812548 0.571336
1784010345.924513102 -1.283110 1.786119 -0.077418 0.103105 0.054758 -0.830802 0.544187
1784010346.024500132 -1.327255 1.743320 -0.075588 0.105644 0.050556 -0.850567 0.512659
1784010346.124572039 -1.376423 1.701752 -0.074410 -0.110239 -0.045244 0.868777 -0.480652
1784010346.224405050 -1.425669 1.664356 -0.073081 -0.112599 -0.040444 0.885018 -0.449921
1784010346.324398994 -1.479065 1.631383 -0.071955 -0.115299 -0.035475 0.901276 -0.416112
1784010346.424678087 -1.535653 1.601114 -0.071235 -0.118718 -0.029741 0.915742 -0.382673
1784010346.524799109 -1.592845 1.575522 -0.070142 -0.120745 -0.022943 0.928900 -0.349341
1784010346.624641180 -1.653154 1.554710 -0.069563 -0.124408 -0.020466 0.941098 -0.313748
1784010346.724522114 -1.716267 1.538193 -0.069296 -0.127281 -0.016039 0.951884 -0.278315
1784010346.824618101 -1.780671 1.526013 -0.069117 -0.130730 -0.012847 0.961042 -0.243195
1784010346.924475193 -1.843898 1.518975 -0.069264 -0.131960 -0.009667 0.969068 -0.208328
1784010347.024306059 -1.910858 1.517894 -0.070115 -0.134931 -0.004025 0.976278 -0.169289
1784010347.124611139 -1.977122 1.519034 -0.071516 -0.136253 -0.000762 0.981502 -0.134492
1784010347.224554062 -2.043268 1.527638 -0.073062 -0.138394 0.003928 0.985801 -0.095018
1784010347.324613094 -2.110798 1.540077 -0.075550 -0.140666 0.008480 0.988330 -0.057837
1784010347.424626112 -2.175911 1.556252 -0.077323 -0.141310 0.013641 0.989624 -0.022147
1784010347.524571180 -2.241086 1.575412 -0.079326 -0.141823 0.017852 0.989669 0.011035
1784010347.624387980 -2.306874 1.596542 -0.081578 -0.141757 0.022398 0.988815 0.040591
1784010347.724608183 -2.372096 1.620278 -0.083886 -0.141879 0.026104 0.987208 0.067895
1784010347.824484110 -2.435308 1.646826 -0.085962 -0.141321 0.029495 0.984889 0.095669
1784010347.924437046 -2.496888 1.676767 -0.088259 -0.141283 0.035030 0.981715 0.122668
1784010348.024399996 -2.555154 1.708630 -0.090182 -0.140495 0.038876 0.978030 0.149022
1784010348.124600172 -2.611396 1.744899 -0.093012 -0.141304 0.044590 0.973164 0.176056
1784010348.224471092 -2.664754 1.783645 -0.095594 -0.140459 0.049321 0.968245 0.200851
1784010348.324371099 -2.717243 1.824207 -0.097808 -0.142401 0.051301 0.962649 0.224495
1784010348.424602032 -2.773102 1.862936 -0.100685 -0.143633 0.052549 0.959394 0.237005
1784010348.524446011 -2.831252 1.898612 -0.102705 -0.143486 0.052458 0.958260 0.241655
1784010348.624459982 -2.875299 1.927117 -0.104864 -0.146462 0.051517 0.959559 0.234821
1784010348.724591970 -2.854264 1.922254 -0.103979 -0.142752 0.048628 0.964182 0.218198
1784010348.824669123 -2.843636 1.917645 -0.103440 -0.143343 0.048188 0.964216 0.217758
1784010348.924631119 -2.837968 1.914734 -0.102784 -0.142973 0.047527 0.964356 0.217524
1784010349.024557114 -2.836797 1.914451 -0.102624 -0.142700 0.047258 0.964357 0.217760
1784010349.124598026 -2.839327 1.915707 -0.102645 -0.142343 0.047034 0.964427 0.217730
1784010349.224537134 -2.841319 1.916572 -0.102562 -0.141851 0.046752 0.964510 0.217746
1784010349.324174166 -2.842153 1.916732 -0.102273 -0.141305 0.046566 0.964594 0.217766
1784010349.424606085 -2.839787 1.915110 -0.101441 -0.140495 0.046510 0.964724 0.217726
1784010349.524345160 -2.828020 1.909131 -0.099383 -0.141002 0.046488 0.964560 0.218134
1784010349.624565125 -2.809377 1.900324 -0.094885 -0.141554 0.047873 0.964303 0.218610
1784010349.724482059 -2.784599 1.889119 -0.093520 -0.141724 0.047199 0.964110 0.219497
1784010349.824518204 -2.754005 1.874955 -0.094807 -0.140014 0.046524 0.964179 0.220431
1784010349.924143076 -2.712403 1.856107 -0.095400 -0.140160 0.046537 0.963540 0.223117
1784010350.024515152 -2.671973 1.837089 -0.095409 -0.140649 0.046315 0.962930 0.225475
1784010350.124148130 -2.642032 1.822914 -0.095548 -0.141706 0.047100 0.962400 0.226908
1784010350.224379063 -2.621092 1.812626 -0.095349 -0.143027 0.047247 0.961924 0.228063
1784010350.324253082 -2.606199 1.805353 -0.095162 -0.143972 0.047794 0.961523 0.229043
1784010350.424480200 -2.597103 1.800838 -0.094904 -0.144458 0.048273 0.961316 0.229507
1784010350.524232149 -2.594344 1.799321 -0.094959 -0.144768 0.048493 0.961234 0.229610
1784010350.624387980 -2.595241 1.799593 -0.095137 -0.145016 0.048572 0.961195 0.229597
1784010350.724436998 -2.597377 1.800515 -0.095411 -0.145156 0.048521 0.961211 0.229454
1784010350.824133158 -2.599951 1.801719 -0.095764 -0.145240 0.048435 0.961234 0.229321
1784010350.924487114 -2.602473 1.802929 -0.096164 -0.145328 0.048316 0.961260 0.229181
1784010351.024404049 -2.604476 1.803917 -0.096525 -0.145331 0.048340 0.961291 0.229046
1784010351.124147177 -2.605607 1.804499 -0.096773 -0.145342 0.048358 0.961307 0.228966
1784010351.224148989 -2.605900 1.804697 -0.096915 -0.145337 0.048426 0.961315 0.228923
1784010351.324279070 -2.605837 1.804756 -0.097002 -0.145356 0.048469 0.961307 0.228935
1784010351.424288988 -2.605902 1.804932 -0.097141 -0.145340 0.048526 0.961310 0.228920
1784010351.524152994 -2.606299 1.805324 -0.097450 -0.145223 0.048596 0.961332 0.228888
1784010351.624387980 -2.606595 1.805836 -0.098100 -0.145502 0.049102 0.961276 0.228838
1784010351.724243164 -2.595627 1.800898 -0.097723 -0.145891 0.049652 0.961066 0.229352
1784010351.824347973 -2.573514 1.790225 -0.095404 -0.144451 0.049624 0.960959 0.230712
1784010351.924005985 -2.542760 1.775110 -0.092796 -0.144307 0.049935 0.960606 0.232203
1784010352.024023056 -2.503789 1.756097 -0.091373 -0.143393 0.050385 0.960391 0.233559
1784010352.124161005 -2.465082 1.736746 -0.089814 -0.142846 0.050487 0.960111 0.235018
1784010352.224106073 -2.433930 1.721096 -0.087848 -0.142246 0.050744 0.959916 0.236120
1784010352.324130058 -2.412787 1.710445 -0.087143 -0.141495 0.051564 0.959759 0.237028
1784010352.424206972 -2.397958 1.702939 -0.086870 -0.140757 0.052792 0.959640 0.237678
1784010352.524340153 -2.388366 1.698528 -0.086374 -0.139169 0.054316 0.959701 0.238024
1784010352.624167204 -2.404087 1.706828 -0.086522 -0.140335 0.053619 0.959871 0.236809
1784010352.724507093 -2.448575 1.724353 -0.089015 -0.140913 0.051659 0.961899 0.228527
1784010352.824110031 -2.510239 1.738482 -0.090817 -0.141214 0.048107 0.967271 0.205259
1784010352.924134970 -2.581778 1.745279 -0.092326 -0.142403 0.042944 0.974112 0.170244
1784010353.023983002 -2.658189 1.743606 -0.092965 -0.141332 0.036142 0.980978 0.128064
1784010353.124034166 -2.736171 1.732779 -0.092053 -0.139480 0.030217 0.986446 0.080971
1784010353.224267006 -2.812867 1.712706 -0.089894 -0.137132 0.022537 0.989774 0.032175
1784010353.324203014 -2.877992 1.692907 -0.087742 -0.136955 0.017481 0.990417 -0.003425
1784010353.424056053 -2.862393 1.693696 -0.090380 -0.135574 0.017312 0.990615 0.001415
1784010353.524355173 -2.841614 1.696383 -0.090226 -0.135918 0.017646 0.990550 0.004971
1784010353.624245167 -2.826477 1.698425 -0.089171 -0.135839 0.018109 0.990544 0.006578
1784010353.724341154 -2.816097 1.699171 -0.087911 -0.135854 0.018148 0.990538 0.006983
1784010353.824221134 -2.807857 1.699764 -0.086582 -0.136749 0.019146 0.990395 0.007075
1784010353.924292088 -2.781246 1.698580 -0.085869 -0.137588 0.018641 0.990303 0.004636
1784010354.024193048 -2.741485 1.694280 -0.085164 -0.138242 0.016712 0.990255 -0.001982
1784010354.124232054 -2.699720 1.688284 -0.084433 -0.138640 0.014450 0.990158 -0.012541
1784010354.224071980 -2.658632 1.682433 -0.084149 -0.138049 0.013220 0.990043 -0.024152
1784010354.323935986 -2.627916 1.678510 -0.084823 -0.138213 0.012431 0.989755 -0.033574
1784010354.424261093 -2.605276 1.675552 -0.085495 -0.137368 0.011443 0.989638 -0.040192
1784010354.524229050 -2.589360 1.673951 -0.087140 -0.137023 0.010990 0.989545 -0.043640
1784010354.624142170 -2.581397 1.672843 -0.089568 -0.136709 0.011244 0.989548 -0.044495
1784010354.724038124 -2.599969 1.671907 -0.087907 -0.137611 0.010877 0.989406 -0.044957
1784010354.824191093 -2.639444 1.667321 -0.085690 -0.138889 0.010884 0.988978 -0.050148
1784010354.924163103 -2.691045 1.654032 -0.084287 -0.137015 0.009488 0.988401 -0.064810
1784010355.024294138 -2.748332 1.633055 -0.082916 -0.135282 0.007715 0.986905 -0.087513
1784010355.123855114 -2.807050 1.607150 -0.081135 -0.133417 0.005202 0.984686 -0.112099
1784010355.224277020 -2.866201 1.575738 -0.079649 -0.131294 0.002102 0.981430 -0.139829
1784010355.324033022 -2.872337 1.562456 -0.078470 -0.129192 0.003112 0.984351 -0.119806
1784010355.423974037 -2.877364 1.560963 -0.079369 -0.131995 0.006282 0.983878 -0.120508
1784010355.523985147 -2.878381 1.557926 -0.079857 -0.131656 0.005220 0.983791 -0.121634
1784010355.624176025 -2.872058 1.562352 -0.080240 -0.131833 0.006782 0.984092 -0.118897
1784010355.724285126 -2.867504 1.565662 -0.080286 -0.132167 0.007663 0.984168 -0.117845
1784010355.824257135 -2.849333 1.573280 -0.079636 -0.133022 0.008406 0.984255 -0.116091
1784010355.924159050 -2.808639 1.579330 -0.079709 -0.134599 0.005997 0.983554 -0.120289
1784010356.023934126 -2.756532 1.582946 -0.080969 -0.134524 0.004336 0.982266 -0.130529
1784010356.124097109 -2.700561 1.585032 -0.081213 -0.134590 0.000509 0.979955 -0.146879
1784010356.224045038 -2.645892 1.589609 -0.080665 -0.135117 -0.002078 0.977025 -0.164808
1784010356.324269056 -2.584963 1.598288 -0.079790 -0.134557 -0.005647 0.974009 -0.182122
1784010356.423930168 -2.522399 1.619447 -0.079725 -0.134820 -0.005381 0.973183 -0.186304
1784010356.523770094 -2.478417 1.637568 -0.078962 -0.131770 -0.005169 0.973799 -0.185269
1784010356.624121189 -2.479824 1.636189 -0.079227 -0.131895 -0.005560 0.973631 -0.186051
1784010356.724129200 -2.507375 1.622623 -0.079062 -0.130524 -0.005617 0.972995 -0.190298
1784010356.823917150 -2.549398 1.597955 -0.078219 -0.128766 -0.006884 0.970971 -0.201461
1784010356.923772097 -2.597178 1.565189 -0.077500 -0.127585 -0.007487 0.967250 -0.219301
1784010357.023766041 -2.646802 1.526191 -0.076650 -0.125774 -0.010190 0.962483 -0.240217
1784010357.123861074 -2.694916 1.481842 -0.075342 -0.123221 -0.013415 0.956424 -0.264366
1784010357.224179029 -2.740033 1.434395 -0.073656 -0.121221 -0.014825 0.948921 -0.290920
1784010357.323950052 -2.780499 1.383850 -0.072057 -0.118231 -0.018186 0.940211 -0.318896
1784010357.423977137 -2.818565 1.330228 -0.070318 -0.116511 -0.019605 0.929728 -0.348778
1784010357.523974180 -2.852069 1.273961 -0.067169 -0.113446 -0.025826 0.918031 -0.379054
1784010357.623881102 -2.859398 1.237882 -0.065947 -0.112479 -0.031153 0.915111 -0.385940
1784010357.723773003 -2.856987 1.234798 -0.066170 -0.114853 -0.030291 0.917589 -0.379370
1784010357.823974133 -2.856138 1.235614 -0.066447 -0.114668 -0.031153 0.917661 -0.379182
1784010357.923739195 -2.855288 1.237454 -0.066676 -0.114173 -0.031790 0.917987 -0.378488
1784010358.023828983 -2.851948 1.242412 -0.067176 -0.114722 -0.032731 0.917929 -0.378382
1784010358.123960018 -2.847625 1.252156 -0.067413 -0.115085 -0.031664 0.919907 -0.373530
1784010358.223633051 -2.835826 1.264912 -0.067951 -0.115745 -0.032088 0.920650 -0.371452
1784010358.323970079 -2.805039 1.296593 -0.068444 -0.116191 -0.030871 0.921530 -0.369227
1784010358.423876047 -2.758335 1.340688 -0.070106 -0.116380 -0.031264 0.921683 -0.368752
1784010358.523639202 -2.703812 1.390886 -0.071732 -0.116376 -0.030584 0.921263 -0.369858
1784010358.623950005 -2.643669 1.438753 -0.073680 -0.116334 -0.031893 0.917383 -0.379286
1784010358.723988056 -2.589807 1.480534 -0.074641 -0.115391 -0.030953 0.911715 -0.393068
1784010358.824006081 -2.555791 1.510071 -0.075423 -0.116047 -0.029016 0.908478 -0.400448
1784010358.923859119 -2.535842 1.532048 -0.077017 -0.115643 -0.031204 0.908347 -0.400697
1784010359.023756027 -2.532186 1.536581 -0.079060 -0.117006 -0.033063 0.908034 -0.400862
1784010359.123644114 -2.548878 1.515829 -0.077229 -0.114843 -0.033160 0.906721 -0.404437
1784010359.223899126 -2.577710 1.473388 -0.073877 -0.113385 -0.036158 0.902356 -0.414233
1784010359.323958158 -2.610664 1.415038 -0.070471 -0.110752 -0.039772 0.893901 -0.432543
1784010359.423794031 -2.642335 1.345184 -0.066439 -0.107681 -0.043233 0.881084 -0.458505
1784010359.523566008 -2.669927 1.268082 -0.063130 -0.104527 -0.046111 0.865029 -0.488542
1784010359.623821020 -2.688978 1.184382 -0.059116 0.100380 0.050508 -0.844119 0.524248
1784010359.724039078 -2.698368 1.097084 -0.055236 0.094228 0.057489 -0.819689 0.562073
1784010359.823852062 -2.699532 1.008437 -0.051198 0.089981 0.062762 -0.792484 0.599944
1784010359.923627138 -2.691989 0.920305 -0.047478 0.084993 0.068258 -0.763400 0.636661
1784010360.023638010 -2.673933 0.832800 -0.043815 0.081152 0.074165 -0.729819 0.674743
1784010360.123550177 -2.644392 0.748940 -0.040119 0.074985 0.080303 -0.692016 0.713472
1784010360.223623991 -2.606209 0.671822 -0.036663 0.069729 0.084848 -0.653714 0.748730
1784010360.323657990 -2.557225 0.599667 -0.032778 0.064390 0.088891 -0.609497 0.785153
1784010360.423640013 -2.502136 0.533823 -0.028963 0.058090 0.091758 -0.566535 0.816850
1784010360.523514032 -2.437390 0.473543 -0.025874 0.052928 0.095747 -0.516712 0.849141
1784010360.623537064 -2.368069 0.420789 -0.022636 0.042087 0.101253 -0.469816 0.875928
1784010360.723685026 -2.291673 0.376163 -0.019458 0.032909 0.106695 -0.417958 0.901579
1784010360.823544025 -2.212366 0.340609 -0.016556 0.023812 0.111588 -0.367706 0.922916
1784010360.923551083 -2.129868 0.313735 -0.013418 0.015324 0.114909 -0.316712 0.941411
1784010361.023634195 -2.047082 0.285196 -0.010935 0.008596 0.118007 -0.280951 0.952401
1784010361.123540163 -1.968536 0.248478 -0.007603 0.006540 0.119310 -0.266105 0.956509
1784010361.223841190 -1.890548 0.212416 -0.006477 0.005636 0.119836 -0.254776 0.959530
1784010361.323688030 -1.811469 0.178473 -0.004966 0.003975 0.121086 -0.242968 0.962439
1784010361.423532009 -1.731566 0.146073 -0.003630 0.003318 0.122837 -0.230649 0.965247
1784010361.523586988 -1.649549 0.117268 -0.001946 0.003579 0.122660 -0.215152 0.968840
1784010361.623800993 -1.564810 0.094344 -0.001049 0.002021 0.124554 -0.194863 0.972888
1784010361.723627090 -1.479157 0.076774 0.000373 0.000192 0.123989 -0.171718 0.977312
1784010361.823470116 -1.393348 0.060275 0.001425 -0.000103 0.124345 -0.152167 0.980502
1784010361.923681974 -1.307014 0.045635 0.002705 -0.005323 0.124730 -0.135328 0.982904
1784010362.023710012 -1.221333 0.033721 0.003915 -0.010628 0.123423 -0.120037 0.985010
1784010362.123906136 -1.135113 0.024337 0.004495 -0.014477 0.123483 -0.103449 0.986834
1784010362.223589182 -1.048906 0.018324 0.004990 -0.018781 0.123696 -0.086306 0.988381
1784010362.323681116 -0.962170 0.015132 0.004710 -0.021791 0.124849 -0.069437 0.989503
1784010362.423611164 -0.876294 0.014963 0.004229 -0.024935 0.125725 -0.052411 0.990366
1784010362.523778200 -0.790710 0.017647 0.003856 -0.027414 0.126883 -0.035119 0.990917
1784010362.623691082 -0.706943 0.023382 0.003321 -0.030195 0.127478 -0.017879 0.991220
1784010362.723596096 -0.624207 0.032058 0.002717 -0.031966 0.128456 -0.001478 0.991199
1784010362.823748112 -0.542963 0.043427 0.002434 -0.034467 0.127564 0.014146 0.991130
1784010362.923715115 -0.462491 0.054377 0.001966 -0.035792 0.127780 0.025128 0.990838
1784010363.023362160 -0.382822 0.063421 0.001475 -0.036543 0.128122 0.030667 0.990610
1784010363.123430967 -0.303166 0.073181 0.001318 -0.036335 0.128580 0.035648 0.990392
1784010363.223623991 -0.224305 0.083395 0.001155 -0.035700 0.128658 0.040259 0.990228
1784010363.323457003 -0.146044 0.094357 0.000672 -0.035060 0.129425 0.045118 0.989942
1784010363.423479080 -0.067834 0.105790 0.000183 -0.034618 0.130296 0.049797 0.989618
1784010363.523320198 0.010174 0.117979 0.000355 -0.037206 0.129630 0.053638 0.989411
1784010363.623578072 0.088039 0.130361 0.000720 -0.038455 0.128592 0.057578 0.989278
1784010363.723417997 0.165883 0.141394 0.001331 -0.040754 0.127585 0.057608 0.989314
1784010363.823626995 0.245183 0.141314 0.001829 -0.039962 0.127009 0.040869 0.990253
1784010363.923711061 0.324907 0.131989 0.002827 -0.036463 0.127047 0.014424 0.991121
1784010364.023569107 0.403507 0.117408 0.004047 -0.032291 0.126607 -0.012744 0.991345
1784010364.123713017 0.482925 0.110867 0.005352 -0.030334 0.126620 -0.019678 0.991292
1784010364.223745108 0.562562 0.108935 0.006551 -0.031747 0.125986 -0.019218 0.991338
1784010364.323414087 0.642824 0.106550 0.007337 -0.030197 0.126504 -0.019047 0.991323
1784010364.423580170 0.723122 0.104602 0.008589 -0.030100 0.125423 -0.019233 0.991460
1784010364.523615122 0.803398 0.102629 0.010172 -0.029132 0.125452 -0.018434 0.991501
1784010364.623599052 0.883761 0.101401 0.011384 -0.030771 0.125568 -0.017859 0.991447
1784010364.723659992 0.964489 0.100218 0.012444 -0.029837 0.125591 -0.016173 0.991501
1784010364.823391199 1.045033 0.099679 0.013350 -0.029462 0.126155 -0.014297 0.991470
1784010364.923465967 1.126338 0.099563 0.014276 -0.028485 0.125738 -0.011450 0.991588
1784010365.023604155 1.208372 0.099999 0.014198 -0.027903 0.126333 -0.009515 0.991550
1784010365.123241186 1.290559 0.100744 0.015590 -0.029187 0.127129 -0.007895 0.991425
1784010365.223555088 1.374107 0.101568 0.016750 -0.030274 0.128099 -0.006815 0.991276
1784010365.323578119 1.458313 0.102580 0.018374 -0.031162 0.127425 -0.005191 0.991345
1784010365.423619032 1.544703 0.103989 0.018752 -0.031977 0.127917 -0.004126 0.991261
1784010365.523360014 1.632591 0.105596 0.020437 -0.031883 0.126611 -0.002706 0.991436
1784010365.623504162 1.722773 0.107460 0.021603 -0.031573 0.126932 -0.001032 0.991408
1784010365.723467112 1.813906 0.109799 0.022840 -0.032149 0.125556 0.001135 0.991565
1784010365.823645115 1.906558 0.112523 0.023602 -0.031427 0.125999 0.003039 0.991528
1784010365.923197031 1.999066 0.115529 0.025102 -0.031121 0.125404 0.005035 0.991605
1784010366.023292065 2.092673 0.119007 0.025927 -0.030501 0.125663 0.007668 0.991574
1784010366.123208046 2.186068 0.122474 0.026663 -0.030266 0.126314 0.010154 0.991477
1784010366.223386049 2.279315 0.125689 0.026732 -0.028928 0.126124 0.012159 0.991518
1784010366.323213100 2.372077 0.129395 0.047093 -0.020963 0.130923 0.014472 0.991065
1784010366.423273087 2.463397 0.135299 0.047411 -0.022340 0.132212 0.016606 0.990830
1784010366.523413181 2.554726 0.141006 0.046962 -0.024329 0.133633 0.018288 0.990563
1784010366.623255014 2.645789 0.146433 0.046579 -0.025344 0.134060 0.019731 0.990453
1784010366.723574162 2.737725 0.151722 0.046061 -0.026103 0.135997 0.020934 0.990144
1784010366.823508978 2.829106 0.156963 0.046082 -0.026847 0.135635 0.022926 0.990130
1784010366.923195124 2.920658 0.162436 0.045054 -0.028246 0.135951 0.024148 0.990018
1784010367.023154020 3.012710 0.165212 0.045737 -0.028334 0.134771 0.021780 0.990232
1784010367.123407125 3.105181 0.162588 0.045965 -0.028229 0.134036 0.012144 0.990500
1784010367.223357201 3.196906 0.155292 0.046373 -0.027047 0.133304 -0.001255 0.990705
1784010367.323197126 3.286918 0.146850 0.046566 -0.025156 0.133813 -0.013168 0.990600
1784010367.423246145 3.375688 0.137053 0.046437 -0.024538 0.133774 -0.025169 0.990388
1784010367.523085117 3.463506 0.125450 0.046049 -0.022341 0.135013 -0.035729 0.989947
1784010367.623471022 3.551160 0.111145 0.045696 -0.022606 0.136082 -0.049476 0.989203
1784010367.723374128 3.637877 0.092409 0.045825 -0.018618 0.136424 -0.065329 0.988319
1784010367.823101997 3.725574 0.071001 0.046387 -0.016341 0.135467 -0.082630 0.987195
1784010367.923163176 3.813514 0.047759 0.046986 -0.012756 0.135020 -0.097295 0.985972
1784010368.023133993 3.901699 0.029530 0.047389 -0.011093 0.134453 -0.100801 0.985717
1784010368.123080015 3.989317 0.013365 0.048002 -0.009106 0.133264 -0.099999 0.985981
1784010368.223529100 4.076791 -0.002699 0.048427 -0.010326 0.133568 -0.099216 0.986007
1784010368.323050976 4.162611 -0.018229 0.049124 -0.012835 0.132840 -0.097901 0.986207
1784010368.423171043 4.248869 -0.033614 0.049623 -0.013262 0.134272 -0.096041 0.986190
1784010368.523365021 4.334868 -0.048362 0.050349 -0.014620 0.134297 -0.094290 0.986337
1784010368.623027086 4.420990 -0.063182 0.051501 -0.013869 0.135262 -0.092097 0.986423
1784010368.723203182 4.510049 -0.077652 0.051564 -0.015384 0.136878 -0.090728 0.986304
1784010368.823050976 4.601154 -0.092723 0.051936 -0.015233 0.136279 -0.089495 0.986502
1784010368.923127174 4.694390 -0.107981 0.052320 -0.015783 0.137385 -0.087850 0.986488
1784010369.023073196 4.788387 -0.123061 0.053193 -0.017161 0.136886 -0.085594 0.986733
1784010369.123053074 4.883842 -0.137942 0.053432 -0.016513 0.137685 -0.082845 0.986867
1784010369.223318100 4.980371 -0.152374 0.053656 -0.016894 0.137278 -0.080750 0.987091
1784010369.323326111 5.078071 -0.166946 0.053256 -0.016646 0.138162 -0.079071 0.987108
1784010369.423233032 5.176917 -0.179374 0.053426 -0.016421 0.137730 -0.075194 0.987475
1784010369.523015022 5.276544 -0.189758 0.053820 -0.016729 0.136470 -0.069170 0.988085
1784010369.623269081 5.377337 -0.198083 0.054333 -0.015677 0.133872 -0.059809 0.989068
1784010369.723316193 5.478934 -0.204120 0.053742 -0.018830 0.135589 -0.051366 0.989254
1784010369.823224068 5.580406 -0.208320 0.054160 -0.020524 0.135357 -0.042332 0.989679
1784010369.922971010 5.682358 -0.211756 0.054105 -0.021772 0.137327 -0.034886 0.989672
1784010370.023223162 5.784574 -0.215395 0.053637 -0.024039 0.137076 -0.030433 0.989801
1784010370.122961998 5.886457 -0.218528 0.052405 -0.023874 0.137590 -0.025989 0.989860
1784010370.223287106 5.988631 -0.220406 0.051380 -0.025620 0.137209 -0.021800 0.989971
1784010370.322940111 6.090051 -0.221558 0.050762 -0.027111 0.136819 -0.017260 0.990075
1784010370.422933102 6.191849 -0.221816 0.050072 -0.027499 0.137179 -0.013414 0.990074
1784010370.522983074 6.292999 -0.221302 0.049956 -0.028764 0.136101 -0.009855 0.990228
1784010370.623011112 6.393811 -0.219980 0.050156 -0.029795 0.135101 -0.005741 0.990367
1784010370.722911119 6.494544 -0.217661 0.049454 -0.031154 0.134584 -0.002289 0.990410
1784010370.823042154 6.595426 -0.214780 0.049564 -0.031394 0.134882 0.001327 0.990363
1784010370.923045158 6.696290 -0.211069 0.049039 -0.031333 0.136483 0.005151 0.990133
1784010371.022922039 6.796958 -0.206244 0.048250 -0.033207 0.137315 0.008288 0.989936
1784010371.123329163 6.898153 -0.200821 0.047773 -0.032991 0.136964 0.011687 0.989958
1784010371.223040104 6.999371 -0.194642 0.046773 -0.033123 0.137045 0.014756 0.989901
1784010371.323358059 7.101249 -0.187992 0.045972 -0.033587 0.136300 0.018434 0.989926
1784010371.422883034 7.202792 -0.180885 0.045221 -0.033498 0.137893 0.021353 0.989650
1784010371.522911072 7.305325 -0.173200 0.044352 -0.034050 0.138050 0.024204 0.989544
1784010371.623013973 7.408802 -0.164520 0.044023 -0.035526 0.137037 0.027878 0.989536
1784010371.723165035 7.513040 -0.155336 0.042765 -0.035566 0.137335 0.030754 0.989408
1784010371.823131084 7.616913 -0.145759 0.042182 -0.035331 0.136995 0.033528 0.989374
1784010371.923010111 7.720653 -0.135711 0.041900 -0.034930 0.136473 0.036253 0.989364
1784010372.023130178 7.825033 -0.125060 0.040227 -0.034921 0.137356 0.038090 0.989173
1784010372.123044014 7.929574 -0.114220 0.039525 -0.034157 0.138184 0.039951 0.989011
1784010372.222958088 8.034681 -0.102881 0.038762 -0.034046 0.138313 0.042714 0.988881
1784010372.323075056 8.140504 -0.090752 0.037424 -0.035240 0.138968 0.045334 0.988631
1784010372.422919989 8.245936 -0.078310 0.036700 -0.034827 0.138283 0.048489 0.988592
1784010372.523226023 8.351311 -0.064753 0.035940 -0.034992 0.138191 0.052016 0.988420
1784010372.623069048 8.455204 -0.049975 0.035080 -0.036493 0.137552 0.055003 0.988293
1784010372.722803116 8.557993 -0.034685 0.034474 -0.036762 0.136701 0.057999 0.988229
1784010372.823024035 8.661465 -0.018724 0.033553 -0.036992 0.137032 0.060836 0.988004
1784010372.923218012 8.765461 -0.001963 0.032726 -0.037456 0.135959 0.064202 0.987922
1784010373.022909164 8.869256 0.015752 0.032642 -0.037804 0.134784 0.067348 0.987861
1784010373.122756004 8.973693 0.034099 0.031949 -0.037936 0.133063 0.070557 0.987865
1784010373.222943068 9.078866 0.052986 0.030830 -0.037359 0.132205 0.074455 0.987716
1784010373.322784185 9.182012 0.072559 0.030621 -0.038586 0.132133 0.077157 0.987471
1784010373.422888041 9.283460 0.092016 0.029682 -0.039496 0.133078 0.079412 0.987129
1784010373.522806168 9.384695 0.105114 0.029136 -0.039232 0.132793 0.071380 0.987791
1784010373.622900009 9.487281 0.107498 0.027610 -0.036332 0.135045 0.049393 0.988940
1784010373.723095179 9.589084 0.100523 0.027492 -0.032329 0.135346 0.020852 0.990051
1784010373.822964191 9.689866 0.095424 0.027846 -0.029580 0.135449 0.006185 0.990323
1784010373.922761202 9.790716 0.098701 0.027503 -0.030607 0.135515 0.006997 0.990278
1784010374.023092985 9.892494 0.102610 0.027981 -0.030576 0.134145 0.008565 0.990453
1784010374.122716188 9.994168 0.106930 0.027782 -0.029741 0.134788 0.010196 0.990376
1784010374.222968102 10.096837 0.111823 0.027227 -0.030181 0.134207 0.011553 0.990426
1784010374.322874069 10.199690 0.117147 0.026895 -0.028836 0.133588 0.013011 0.990532
1784010374.423093081 10.303166 0.122663 0.026079 -0.027831 0.133735 0.013998 0.990527
1784010374.522881031 10.406184 0.128248 0.025554 -0.026545 0.132187 0.016003 0.990740
1784010374.622812033 10.509842 0.134511 0.025162 -0.027330 0.134831 0.018330 0.990322
1784010374.722866058 10.613146 0.141051 0.024688 -0.027831 0.134889 0.020706 0.990253
1784010374.822944164 10.715675 0.151377 0.024214 -0.030011 0.135483 0.028532 0.989914
1784010374.922775984 10.816120 0.172289 0.022578 -0.032257 0.136516 0.049929 0.988853
1784010375.022819042 10.912724 0.204917 0.021293 -0.035981 0.136734 0.083449 0.986431
1784010375.122642994 11.004434 0.249155 0.019944 -0.040945 0.135892 0.125884 0.981840
1784010375.222772121 11.089949 0.305322 0.017500 -0.047248 0.134880 0.174512 0.974228
1784010375.322686195 11.169278 0.370389 0.013944 -0.053123 0.134687 0.224036 0.963766
1784010375.422996044 11.241154 0.443470 0.010420 -0.058493 0.133251 0.273999 0.950656
1784010375.522732019 11.304521 0.523611 0.006145 -0.064918 0.133793 0.322774 0.934720
1784010375.622925997 11.359295 0.611845 0.000622 -0.073935 0.132752 0.370408 0.916356
1784010375.723000050 11.404815 0.705262 -0.003748 -0.079973 0.130515 0.417647 0.895623
1784010375.822993040 11.439220 0.797805 -0.009656 -0.084658 0.130659 0.461128 0.873569
1784010375.922707081 11.461959 0.891666 -0.014855 -0.089908 0.128333 0.505086 0.848726
1784010376.022814035 11.478603 0.986811 -0.019661 -0.095380 0.122787 0.540244 0.827020
1784010376.122939110 11.496447 1.082171 -0.024884 -0.096640 0.121428 0.566301 0.809456
1784010376.222983122 11.516212 1.177876 -0.031042 -0.098728 0.120346 0.582314 0.797922
1784010376.322679043 11.533376 1.272370 -0.037093 -0.101610 0.119781 0.596051 0.787433
1784010376.422569990 11.546454 1.365296 -0.042230 -0.104363 0.119701 0.609868 0.776429
1784010376.522807121 11.551403 1.457552 -0.047327 -0.106575 0.118138 0.628431 0.761419
1784010376.622887135 11.550163 1.549901 -0.052329 -0.107245 0.115777 0.649252 0.744020
1784010376.722856045 11.543675 1.642080 -0.056932 -0.109750 0.112218 0.669181 0.726332
1784010376.822794199 11.537027 1.736029 -0.061662 -0.110219 0.110317 0.683781 0.712829
1784010376.922547102 11.529964 1.830595 -0.065885 -0.110019 0.108810 0.695006 0.702156
1784010377.022840977 11.524781 1.925810 -0.069911 -0.108843 0.108309 0.701676 0.695754
1784010377.122601986 11.520880 2.019357 -0.074929 -0.110620 0.107696 0.703499 0.693725
1784010377.222527027 11.516912 2.114690 -0.078557 -0.109407 0.106394 0.704859 0.692736
1784010377.322690010 11.512148 2.216771 -0.083758 -0.110256 0.106560 0.705849 0.691568
1784010377.422711134 11.507194 2.317134 -0.089115 -0.110478 0.106510 0.707738 0.689606
1784010377.522456169 11.501431 2.417495 -0.093980 -0.111166 0.106848 0.709366 0.687768
1784010377.622845173 11.494925 2.518312 -0.098880 -0.111216 0.106747 0.711351 0.685723
1784010377.722921133 11.487454 2.620147 -0.103599 -0.110910 0.105600 0.713818 0.683382
1784010377.822609186 11.478862 2.720820 -0.109928 -0.111810 0.104772 0.715586 0.681512
1784010377.922806025 11.469432 2.821544 -0.115544 -0.112075 0.104362 0.717636 0.679372
1784010378.022705078 11.459260 2.920228 -0.121814 -0.114212 0.104718 0.719619 0.676859
1784010378.122580051 11.448321 3.020559 -0.128342 -0.117286 0.105670 0.721601 0.674069
1784010378.222627163 11.436420 3.124214 -0.134549 -0.118879 0.105573 0.723843 0.671396
1784010378.322545052 11.426666 3.226923 -0.140529 -0.119169 0.105102 0.722883 0.672453
1784010378.422618151 11.433578 3.329395 -0.146703 -0.116641 0.107168 0.704217 0.692090
1784010378.522514105 11.457321 3.427072 -0.151913 -0.111581 0.112772 0.671942 0.723413
1784010378.622827053 11.479414 3.521341 -0.157282 -0.109967 0.114597 0.652659 0.740818
1784010378.722553015 11.493969 3.613801 -0.161735 -0.108755 0.115066 0.647562 0.745383
1784010378.822746038 11.503413 3.706936 -0.166082 -0.109938 0.116087 0.649027 0.743775
1784010378.922434092 11.512022 3.798694 -0.170747 -0.110772 0.115401 0.651374 0.741704
1784010379.022979021 11.520382 3.891693 -0.175713 -0.111326 0.114932 0.654247 0.739160
1784010379.122492075 11.527793 3.986508 -0.181574 -0.113357 0.115395 0.657037 0.736299
1784010379.222681999 11.534946 4.084337 -0.186246 -0.113670 0.114241 0.660159 0.733634
1784010379.322763205 11.541527 4.184940 -0.191434 -0.113026 0.113505 0.664718 0.729721
1784010379.422569990 11.546863 4.287164 -0.196681 -0.112826 0.109139 0.669139 0.726369
1784010379.522376060 11.550479 4.393469 -0.201567 -0.112846 0.106784 0.673829 0.722370
1784010379.622748137 11.553370 4.497253 -0.206798 -0.113891 0.105461 0.677490 0.718967
1784010379.722463131 11.555086 4.596560 -0.211676 -0.114315 0.102145 0.681057 0.716003
1784010379.822731018 11.556258 4.692755 -0.216789 -0.114844 0.102117 0.683523 0.713568
1784010379.922439098 11.557255 4.784378 -0.221829 -0.114011 0.102602 0.685789 0.711455
1784010380.022521019 11.557114 4.875463 -0.226264 -0.113488 0.102463 0.688623 0.708816
1784010380.122479200 11.550393 4.963089 -0.230687 -0.112894 0.102234 0.697602 0.700110
1784010380.222635031 11.532160 5.044346 -0.234370 -0.112112 0.099590 0.717069 0.680679
1784010380.322426081 11.503753 5.122853 -0.238650 -0.113527 0.097555 0.741340 0.654225
1784010380.422507048 11.465250 5.202031 -0.240590 -0.115099 0.093348 0.769658 0.621019
1784010380.522304058 11.420394 5.272537 -0.243352 -0.118208 0.090287 0.796286 0.586348
1784010380.622596025 11.372392 5.334335 -0.245521 -0.119957 0.088381 0.820985 0.551166
1784010380.722329140 11.322426 5.387917 -0.247457 -0.122599 0.083862 0.842953 0.517076
1784010380.822571993 11.268040 5.432738 -0.249098 -0.125368 0.078289 0.865225 0.479102
1784010380.922646999 11.206351 5.473200 -0.250721 -0.127652 0.073017 0.887367 0.436981
1784010381.022418022 11.140972 5.507356 -0.252491 -0.130535 0.065974 0.906987 0.394946
1784010381.122251987 11.074090 5.536729 -0.254292 -0.133444 0.060826 0.923183 0.355284
1784010381.222386122 10.999226 5.566599 -0.256611 -0.134549 0.055195 0.937379 0.316499
1784010381.322324991 10.922030 5.596766 -0.259089 -0.136216 0.050580 0.947577 0.284577
1784010381.422628164 10.848117 5.628474 -0.261205 -0.137495 0.048656 0.953447 0.263945
1784010381.522431135 10.774031 5.659534 -0.263851 -0.138715 0.045109 0.957473 0.248936
1784010381.622503996 10.697978 5.690134 -0.265528 -0.138716 0.044470 0.961573 0.232718
1784010381.722378016 10.615834 5.721492 -0.266984 -0.138114 0.041889 0.964847 0.219637
1784010381.822427034 10.532040 5.752555 -0.268602 -0.137941 0.041131 0.967863 0.206208
1784010381.922324181 10.447052 5.780927 -0.270381 -0.137983 0.038065 0.970471 0.194158
1784010382.022392988 10.361897 5.807619 -0.271703 -0.136906 0.037609 0.973048 0.181713
1784010382.122280121 10.277840 5.831080 -0.272723 -0.135848 0.035991 0.975494 0.169297
1784010382.222570181 10.193977 5.852685 -0.274093 -0.135306 0.034911 0.977603 0.157369
1784010382.322417021 10.109017 5.871745 -0.275717 -0.135359 0.032319 0.979503 0.145628
1784010382.422616005 10.023344 5.889439 -0.277241 -0.135246 0.032017 0.981263 0.133441
1784010382.522251129 9.938090 5.904768 -0.278673 -0.136603 0.030937 0.982736 0.120882
1784010382.622596025 9.852492 5.914140 -0.279758 -0.136807 0.030260 0.984938 0.101318
1784010382.722304106 9.759037 5.911254 -0.281524 -0.138105 0.027824 0.987766 0.066861
1784010382.822477102 9.673953 5.891327 -0.281346 -0.136213 0.020126 0.990269 0.020186
1784010382.922387123 9.603853 5.871115 -0.281519 -0.135715 0.014741 0.990530 -0.014661
1784010383.022397041 9.539924 5.857644 -0.281503 -0.135284 0.012076 0.990196 -0.032615
1784010383.122485161 9.478547 5.850438 -0.281920 -0.134598 0.011771 0.990108 -0.037817
1784010383.222414970 9.417478 5.843875 -0.282358 -0.134318 0.011807 0.990052 -0.040200
1784010383.322237015 9.351762 5.836946 -0.282139 -0.133493 0.012371 0.990048 -0.042805
1784010383.422211170 9.278960 5.828929 -0.282768 -0.133446 0.013336 0.989929 -0.045330
1784010383.522449017 9.200854 5.819806 -0.283101 -0.133453 0.012788 0.989785 -0.048503
1784010383.622447968 9.112603 5.809292 -0.284285 -0.134179 0.011628 0.989569 -0.051131
1784010383.722114086 9.017278 5.794446 -0.285133 -0.135216 0.009814 0.988950 -0.059979
1784010383.822476149 8.916627 5.773831 -0.286914 -0.137351 0.007178 0.987672 -0.074743
1784010383.922193050 8.814710 5.742946 -0.288284 -0.138573 0.002992 0.985258 -0.100279
1784010384.022477150 8.714695 5.698465 -0.288308 -0.137153 -0.002755 0.981093 -0.136520
1784010384.122226000 8.618825 5.645394 -0.287598 -0.135062 -0.008658 0.975456 -0.173692
1784010384.222257137 8.524194 5.594519 -0.286898 -0.131298 -0.011341 0.971646 -0.196307
1784010384.322316170 8.430444 5.546287 -0.285965 -0.129826 -0.013722 0.969467 -0.207584
1784010384.422464132 8.338650 5.500548 -0.284999 -0.126371 -0.014656 0.968464 -0.214225
1784010384.522495985 8.249930 5.452992 -0.283983 -0.124641 -0.016982 0.966751 -0.222640
1784010384.622349977 8.165860 5.399961 -0.282426 -0.121483 -0.020787 0.963499 -0.237654
1784010384.722136974 8.087656 5.337915 -0.280780 -0.120136 -0.024675 0.956642 -0.264187
1784010384.822293043 8.014153 5.268292 -0.279044 -0.117049 -0.029091 0.947688 -0.295536
1784010384.922314167 7.945499 5.193094 -0.276803 -0.114320 -0.034281 0.937379 -0.327225
1784010385.022091150 7.880499 5.112863 -0.274528 -0.112076 -0.040185 0.926566 -0.356792
1784010385.122152090 7.815545 5.032095 -0.272171 -0.110225 -0.041220 0.917739 -0.379351
1784010385.222311974 7.749610 4.950207 -0.270093 -0.110947 -0.042387 0.911377 -0.394064
1784010385.322005033 7.679628 4.869510 -0.267486 -0.112305 -0.040817 0.909374 -0.398448
1784010385.422512054 7.607697 4.786927 -0.263830 -0.111030 -0.040816 0.908192 -0.401490
1784010385.522017002 7.535655 4.703758 -0.260786 -0.110147 -0.040492 0.907167 -0.404073
1784010385.622152090 7.463007 4.619442 -0.257303 -0.108576 -0.039915 0.906272 -0.406558
1784010385.722249985 7.390757 4.534529 -0.253826 -0.108123 -0.039573 0.904854 -0.409858
1784010385.822398186 7.319546 4.449410 -0.250729 -0.108596 -0.040490 0.903265 -0.413135
1784010385.922439098 7.249498 4.364709 -0.247147 -0.107545 -0.040929 0.901900 -0.416335
1784010386.022229195 7.180588 4.279766 -0.243524 -0.107231 -0.041617 0.900427 -0.419525
1784010386.122070074 7.111475 4.194828 -0.240498 -0.108371 -0.041614 0.899193 -0.421872
1784010386.222315073 7.040953 4.111087 -0.237832 -0.110346 -0.042108 0.899531 -0.420588
1784010386.322116137 6.969960 4.030305 -0.234547 -0.112733 -0.041867 0.900965 -0.416894
1784010386.422122002 6.898080 3.951563 -0.231943 -0.112688 -0.041314 0.903478 -0.411487
1784010386.522049189 6.824654 3.875774 -0.228964 -0.112131 -0.040164 0.906885 -0.404194
1784010386.622313976 6.749830 3.802596 -0.225663 -0.110646 -0.039674 0.911625 -0.393856
1784010386.722002029 6.669963 3.735227 -0.223869 -0.113130 -0.036659 0.918559 -0.376970
1784010386.822256088 6.584685 3.674111 -0.222120 -0.115030 -0.032966 0.927569 -0.353974
1784010386.922352076 6.494867 3.620223 -0.220433 -0.118037 -0.028980 0.937624 -0.325711
1784010387.022175074 6.400566 3.576797 -0.219382 -0.120775 -0.024190 0.948723 -0.291125
1784010387.122117043 6.302132 3.542750 -0.218224 -0.123549 -0.019890 0.959517 -0.252324
1784010387.222133160 6.200459 3.518894 -0.217516 -0.126589 -0.013582 0.969226 -0.210692
1784010387.322166204 6.096517 3.504084 -0.217077 -0.128637 -0.008177 0.977382 -0.167661
1784010387.421929121 5.991331 3.499230 -0.217331 -0.131273 -0.002077 0.983669 -0.123121
1784010387.522199154 5.884753 3.504224 -0.217505 -0.132761 0.004508 0.988122 -0.077261
1784010387.622318029 5.778606 3.519329 -0.218238 -0.135110 0.008953 0.990222 -0.033542
1784010387.722115993 5.674304 3.544086 -0.219001 -0.135064 0.012618 0.990703 0.010286
1784010387.822198153 5.572366 3.578080 -0.219902 -0.135895 0.017016 0.989082 0.054396
1784010387.922008038 5.475007 3.620689 -0.221502 -0.137434 0.023249 0.985382 0.097952
1784010388.022212029 5.382412 3.670104 -0.223069 -0.136493 0.026493 0.980007 0.142316
1784010388.122029066 5.295781 3.725571 -0.225443 -0.135931 0.033226 0.972889 0.184134
1784010388.222074032 5.212930 3.781636 -0.227331 -0.135125 0.040194 0.966297 0.215396
1784010388.322159052 5.127302 3.827323 -0.228857 -0.134336 0.041516 0.964747 0.222473
1784010388.422158003 5.042870 3.866616 -0.230076 -0.133368 0.042440 0.965374 0.220147
1784010388.522083998 4.959772 3.905160 -0.231362 -0.133720 0.041770 0.965420 0.219858
1784010388.622262001 4.877658 3.943850 -0.232508 -0.135243 0.042109 0.965518 0.218427
1784010388.722037077 4.796151 3.981390 -0.232901 -0.136815 0.041103 0.965563 0.217440
1784010388.822071075 4.714297 4.019349 -0.233992 -0.138716 0.041804 0.965557 0.216125
1784010388.922048092 4.631411 4.057242 -0.234550 -0.138266 0.041924 0.966051 0.214175
1784010389.022222996 4.546568 4.095298 -0.235914 -0.139737 0.041028 0.966059 0.213354
1784010389.122088194 4.459835 4.134835 -0.236467 -0.138380 0.042080 0.966481 0.212121
1784010389.222156048 4.370915 4.174962 -0.236441 -0.138422 0.042193 0.966676 0.211181
1784010389.322058201 4.283036 4.214923 -0.236863 -0.136781 0.042304 0.967039 0.210562
1784010389.422127008 4.193577 4.255351 -0.237108 -0.135450 0.042592 0.967425 0.209592
1784010389.522058010 4.101336 4.296917 -0.238363 -0.134359 0.043211 0.967731 0.208752
1784010389.621951103 4.006979 4.338922 -0.239212 -0.133514 0.042789 0.968291 0.206775
1784010389.721938133 3.911611 4.380637 -0.239768 -0.132344 0.041526 0.968844 0.205190
1784010389.821824074 3.817554 4.422010 -0.240379 -0.131013 0.042476 0.969397 0.203224
1784010389.922375202 3.723906 4.462311 -0.240950 -0.130513 0.041644 0.969886 0.201381
1784010390.021931171 3.631289 4.501347 -0.241874 -0.131959 0.039901 0.969947 0.200494
1784010390.122137070 3.539832 4.540097 -0.242146 -0.131599 0.040108 0.970221 0.199361
1784010390.221810102 3.447773 4.577848 -0.242251 -0.131324 0.039274 0.970714 0.197298
1784010390.321789026 3.352995 4.616236 -0.243532 -0.130560 0.037734 0.971103 0.196189
1784010390.421962976 3.259676 4.653263 -0.246361 -0.129903 0.037789 0.971652 0.193882
1784010390.522020102 3.163730 4.690278 -0.249193 -0.132953 0.036451 0.971817 0.191225
1784010390.622071028 3.061614 4.731776 -0.248643 -0.135546 0.035521 0.971880 0.189246
1784010390.722155094 2.958165 4.772556 -0.249033 -0.137213 0.034889 0.972229 0.186351
1784010390.822036982 2.855815 4.811581 -0.249097 -0.138312 0.033670 0.972718 0.183183
1784010390.922096014 2.754767 4.849405 -0.249452 -0.137020 0.032306 0.973434 0.180577
1784010391.022030115 2.654538 4.885861 -0.250069 -0.135676 0.031793 0.974120 0.177967
1784010391.121847153 2.557272 4.920609 -0.250808 -0.135607 0.031911 0.974427 0.176307
1784010391.222074032 2.461672 4.954925 -0.252166 -0.135771 0.032926 0.974504 0.175565
1784010391.321685076 2.368974 4.987726 -0.253217 -0.135603 0.034088 0.974590 0.174996
1784010391.421974182 2.278959 5.019597 -0.254928 -0.137308 0.035841 0.974318 0.174830
1784010391.521800041 2.190816 5.050662 -0.255875 -0.137213 0.037510 0.974577 0.173106
1784010391.622024059 2.101743 5.081136 -0.256816 -0.137765 0.036352 0.974740 0.171995
1784010391.722005129 2.013933 5.111578 -0.257806 -0.135978 0.037707 0.975212 0.170440
1784010391.821877003 1.925905 5.140952 -0.258025 -0.135663 0.036661 0.975617 0.168590
1784010391.921626091 1.837102 5.170602 -0.258483 -0.135302 0.035732 0.976018 0.166747
1784010392.021908998 1.750614 5.199019 -0.258798 -0.135722 0.035474 0.976331 0.164619
1784010392.121889114 1.659616 5.230029 -0.258988 -0.136005 0.037221 0.976417 0.163485
1784010392.221634150 1.558111 5.262213 -0.259827 -0.135652 0.036486 0.977131 0.159629
1784010392.321981192 1.455455 5.294344 -0.260287 -0.135926 0.033851 0.977441 0.158071
1784010392.422058105 1.352110 5.327246 -0.260269 -0.134884 0.034797 0.977872 0.156083
1784010392.522063017 1.247491 5.360018 -0.260272 -0.132733 0.034650 0.978569 0.153570
1784010392.621918201 1.139786 5.392936 -0.260758 -0.133589 0.032173 0.978785 0.151982
1784010392.721777201 1.035350 5.424765 -0.261411 -0.134719 0.033161 0.979027 0.149190
1784010392.821670055 0.933196 5.455015 -0.262831 -0.136764 0.032855 0.979208 0.146175
1784010392.921589136 0.829495 5.484355 -0.264839 -0.138710 0.031158 0.979491 0.142777
1784010393.021820068 0.724945 5.509955 -0.266260 -0.140019 0.031518 0.980623 0.133344
1784010393.121824026 0.623073 5.529038 -0.257450 -0.144610 0.040587 0.981827 0.116000
1784010393.222104073 0.518748 5.541430 -0.259311 -0.142708 0.036371 0.984192 0.098371
1784010393.321602106 0.414659 5.550558 -0.260841 -0.142524 0.033419 0.985915 0.080883
1784010393.421606064 0.310231 5.558510 -0.262587 -0.142245 0.031707 0.987088 0.066469
1784010393.521691084 0.209276 5.566431 -0.264555 -0.143150 0.030079 0.987561 0.057669
1784010393.621590137 0.111559 5.574464 -0.266490 -0.143665 0.029554 0.987787 0.052579
1784010393.721650124 0.011429 5.582367 -0.268035 -0.143460 0.028584 0.988039 0.048794
1784010393.821717978 -0.090907 5.590516 -0.270053 -0.143061 0.029115 0.988256 0.045121
1784010393.921617031 -0.195022 5.598589 -0.272657 -0.143600 0.028884 0.988286 0.042843
1784010394.021802187 -0.300710 5.606471 -0.274283 -0.142574 0.029084 0.988507 0.040995
1784010394.121507168 -0.406863 5.614099 -0.276092 -0.141366 0.029836 0.988751 0.038685
1784010394.221971989 -0.514143 5.620668 -0.278448 -0.140194 0.029155 0.989049 0.035736
1784010394.321686983 -0.617234 5.625104 -0.280084 -0.137106 0.029926 0.989642 0.030246
1784010394.421627998 -0.720821 5.627003 -0.281317 -0.137540 0.028294 0.989843 0.022214
1784010394.521763086 -0.824249 5.626991 -0.282140 -0.136261 0.025051 0.990243 0.014968
1784010394.621739149 -0.926134 5.625807 -0.282989 -0.135897 0.023862 0.990408 0.007424
1784010394.721451044 -1.026269 5.622500 -0.283972 -0.135078 0.022496 0.990578 -0.001618
1784010394.821746111 -1.127092 5.615423 -0.284609 -0.135221 0.019544 0.990533 -0.013296
1784010394.921519041 -1.228023 5.605547 -0.286200 -0.137402 0.017578 0.990045 -0.024943
1784010395.021836042 -1.329078 5.592260 -0.287121 -0.138189 0.015086 0.989569 -0.037797
1784010395.121443033 -1.429713 5.575160 -0.287878 -0.136791 0.012465 0.989091 -0.053215
1784010395.221647978 -1.529355 5.552979 -0.288687 -0.136374 0.008734 0.988124 -0.070261
1784010395.321494102 -1.626809 5.525599 -0.289174 -0.133651 0.005822 0.986967 -0.089439
1784010395.421880007 -1.721794 5.492310 -0.290489 -0.133200 0.002958 0.984794 -0.111490
1784010395.521389008 -1.817151 5.453032 -0.290673 -0.131675 -0.000465 0.981954 -0.135749
1784010395.621729136 -1.915384 5.406227 -0.289084 -0.130824 -0.002554 0.977991 -0.162520
1784010395.721819162 -2.009427 5.349629 -0.286937 -0.128909 -0.004180 0.971715 -0.197826
1784010395.821429968 -2.094478 5.279861 -0.283946 -0.125769 -0.006503 0.961292 -0.245066
1784010395.921364069 -2.166982 5.198516 -0.280534 -0.122271 -0.011642 0.946283 -0.299103
1784010396.021468163 -2.224579 5.108594 -0.275865 -0.115240 -0.021195 0.926481 -0.357635
1784010396.121515036 -2.266542 5.011071 -0.271487 -0.111269 -0.031748 0.899463 -0.421400
1784010396.221603155 -2.290723 4.914627 -0.267134 -0.103486 -0.042680 0.869348 -0.481356
1784010396.321727037 -2.302894 4.822356 -0.262578 0.097916 0.052088 -0.839818 0.531418
1784010396.421419144 -2.300069 4.727168 -0.258493 0.092784 0.061637 -0.803329 0.585025
1784010396.521835089 -2.285578 4.632159 -0.254625 0.086669 0.068599 -0.765006 0.634467
1784010396.621731997 -2.257207 4.536794 -0.250271 0.078339 0.076802 -0.722819 0.682273
1784010396.721383095 -2.218275 4.446435 -0.246062 0.071930 0.083057 -0.678576 0.726266
1784010396.821779013 -2.166883 4.361579 -0.240728 0.064005 0.087873 -0.628094 0.770506
1784010396.921432972 -2.108482 4.283725 -0.236116 0.055548 0.092273 -0.580322 0.807234
1784010397.021344185 -2.035931 4.212426 -0.232217 0.046384 0.098585 -0.523096 0.845281
1784010397.121487141 -1.960995 4.143360 -0.228264 0.037430 0.103616 -0.478811 0.870978
1784010397.221842051 -1.896926 4.060304 -0.223472 0.034837 0.105262 -0.466228 0.877689
1784010397.321582079 -1.834467 3.972988 -0.218580 0.034643 0.104870 -0.459859 0.881097
1784010397.421595097 -1.769389 3.884710 -0.214186 0.034881 0.106966 -0.454539 0.883593
1784010397.521669149 -1.703305 3.796940 -0.209594 0.035645 0.107250 -0.449272 0.886218
1784010397.621687174 -1.628141 3.717391 -0.205233 0.036293 0.108713 -0.426395 0.897247
1784010397.721724033 -1.537278 3.656475 -0.201371 0.025168 0.110835 -0.382153 0.917083
1784010397.821526051 -1.451595 3.594618 -0.196996 0.017768 0.110026 -0.358041 0.927030
1784010397.921850204 -1.370240 3.530667 -0.192978 0.015397 0.110795 -0.346095 0.931507
1784010398.021603107 -1.292787 3.467557 -0.188615 0.012446 0.108905 -0.342217 0.933205
1784010398.121613026 -1.215236 3.405468 -0.184337 0.011437 0.110263 -0.338780 0.934312
1784010398.221523046 -1.137768 3.344625 -0.180625 0.012487 0.112329 -0.334265 0.935678
1784010398.321530104 -1.059924 3.285177 -0.176937 0.011965 0.115597 -0.330701 0.936553
1784010398.421590090 -0.985326 3.221624 -0.173738 0.013657 0.117296 -0.336157 0.934374
1784010398.521239996 -0.917560 3.152296 -0.170069 0.016539 0.116416 -0.351871 0.928634
1784010398.621323109 -0.857709 3.075467 -0.165532 0.019848 0.114868 -0.378498 0.918232
1784010398.721292019 -0.811171 2.987625 -0.161044 0.026256 0.112284 -0.421096 0.899656
1784010398.821573973 -0.780381 2.891689 -0.155560 0.033173 0.106759 -0.473259 0.873801
1784010398.921277046 -0.761828 2.792245 -0.150785 0.042292 0.100552 -0.523281 0.845149
1784010399.021398067 -0.753445 2.692655 -0.145518 0.049494 0.094939 -0.570904 0.814006
1784010399.121325016 -0.757697 2.593302 -0.140552 0.058442 0.088311 -0.616223 0.780420
1784010399.221538067 -0.771876 2.497406 -0.135727 0.063419 0.084544 -0.658378 0.745231
1784010399.321218014 -0.797462 2.403371 -0.131186 0.070023 0.078816 -0.698706 0.707597
1784010399.421707153 -0.833482 2.313713 -0.126771 0.076209 0.072899 -0.737986 0.666524
1784010399.521242142 -0.879821 2.228161 -0.121876 0.082046 0.065301 -0.773861 0.624614
1784010399.621337175 -0.933942 2.147670 -0.116869 0.086723 0.060259 -0.807058 0.580952
1784010399.721158028 -0.999034 2.074416 -0.112609 0.093924 0.051412 -0.838361 0.534496
1784010399.821328163 -1.069360 2.008567 -0.108419 -0.098438 -0.042540 0.865942 -0.488512
1784010399.921430111 -1.149224 1.950598 -0.105791 -0.105659 -0.034238 0.892124 -0.437925
1784010400.021413088 -1.233601 1.903079 -0.102285 -0.111777 -0.027973 0.915705 -0.384978
1784010400.121364117 -1.323585 1.865508 -0.100007 -0.117626 -0.019925 0.935927 -0.331372
1784010400.221349001 -1.416044 1.837312 -0.098668 -0.122517 -0.014133 0.952814 -0.277373
1784010400.321452141 -1.511973 1.818481 -0.097242 -0.126735 -0.003897 0.965677 -0.226696
1784010400.421096087 -1.602926 1.784353 -0.094814 -0.125748 0.000383 0.968668 -0.214174
1784010400.521131039 -1.692719 1.738968 -0.093069 -0.125938 0.001752 0.967452 -0.219482
1784010400.621524096 -1.780269 1.687652 -0.089807 -0.124506 -0.001618 0.964751 -0.231843
1784010400.721500158 -1.865189 1.631987 -0.086045 -0.124674 -0.006352 0.960705 -0.247917
1784010400.821217060 -1.947542 1.572458 -0.083125 -0.123526 -0.008785 0.955901 -0.266304
1784010400.921278000 -2.023572 1.503615 -0.079276 -0.121867 -0.013417 0.947669 -0.294774
1784010401.021165133 -2.091059 1.426217 -0.074928 -0.118394 -0.019490 0.936020 -0.330863
1784010401.121105194 -2.148379 1.340861 -0.070088 -0.115897 -0.024347 0.919409 -0.375048
1784010401.221481085 -2.194210 1.248574 -0.065053 -0.112122 -0.031576 0.899356 -0.421415
1784010401.321408033 -2.227861 1.153031 -0.058731 -0.105121 -0.038387 0.876522 -0.468172
1784010401.421446085 -2.250294 1.056091 -0.053100 0.101319 0.044341 -0.850259 0.514615
1784010401.521490097 -2.259569 0.958377 -0.047456 0.094183 0.051380 -0.820651 0.561269
1784010401.621393204 -2.259514 0.861885 -0.041874 0.088040 0.057043 -0.791114 0.602606
1784010401.721104145 -2.246952 0.765567 -0.036268 0.082835 0.061814 -0.755420 0.647037
1784010401.821439028 -2.224844 0.672650 -0.030438 0.076998 0.066530 -0.719005 0.687515
1784010401.921363115 -2.192175 0.582705 -0.023822 0.068078 0.075035 -0.679653 0.726503
1784010402.021217108 -2.149745 0.497838 -0.018317 0.060420 0.080768 -0.637946 0.763447
1784010402.121061087 -2.095731 0.418393 -0.012750 0.052186 0.087523 -0.592506 0.799095
1784010402.221175194 -2.034248 0.345853 -0.008433 0.046125 0.093980 -0.546621 0.830810
1784010402.321125984 -1.962142 0.282432 -0.004868 0.036929 0.100254 -0.494418 0.862633
1784010402.421266079 -1.883686 0.228473 -0.001642 0.027687 0.106781 -0.443407 0.889506
1784010402.521215200 -1.797474 0.184889 0.001244 0.019825 0.112089 -0.385737 0.915560
1784010402.621469975 -1.708926 0.151270 0.002868 0.013625 0.117474 -0.330249 0.936456
1784010402.721044064 -1.615718 0.129953 0.003994 0.004355 0.120313 -0.272599 0.954566
1784010402.821261168 -1.521740 0.117881 0.004429 -0.001901 0.123623 -0.218208 0.968039
1784010402.921108007 -1.430375 0.103093 0.005908 -0.006143 0.124731 -0.183816 0.974995
1784010403.021187067 -1.341403 0.074220 0.007815 -0.007498 0.125730 -0.177413 0.976043
1784010403.120963097 -1.251581 0.045299 0.009669 -0.009628 0.124835 -0.172585 0.977005
1784010403.221294165 -1.160716 0.017017 0.011661 -0.012098 0.125277 -0.168171 0.977690
1784010403.321053982 -1.071080 -0.010378 0.012317 -0.012454 0.126255 -0.163308 0.978384
1784010403.421310186 -0.982143 -0.034520 0.013114 -0.014118 0.125673 -0.155187 0.979757
1784010403.521291971 -0.891652 -0.047022 0.012834 -0.017595 0.128126 -0.131838 0.982799
1784010403.621173143 -0.800949 -0.048313 0.012065 -0.022989 0.129555 -0.098497 0.986400
1784010403.721014023 -0.711833 -0.045512 0.011040 -0.027457 0.131467 -0.069200 0.988521
1784010403.821314096 -0.624893 -0.042304 0.010488 -0.029993 0.131508 -0.046333 0.989777
1784010403.920981169 -0.539743 -0.036896 0.009982 -0.034655 0.131308 -0.028630 0.990322
1784010404.021212101 -0.456587 -0.029828 0.009061 -0.036395 0.131692 -0.011234 0.990559
1784010404.121235132 -0.374586 -0.023801 0.008536 -0.038015 0.131214 -0.001416 0.990624
1784010404.221254110 -0.289844 -0.020070 0.007990 -0.037339 0.130995 0.003715 0.990673
1784010404.321183205 -0.205467 -0.019991 0.008244 -0.037335 0.131089 -0.000294 0.990667
1784010404.421128988 -0.120814 -0.027139 0.008250 -0.034004 0.131150 -0.012906 0.990695
1784010404.521063089 -0.038212 -0.048147 0.010011 -0.030804 0.129693 -0.044219 0.990089
1784010404.621227980 0.041314 -0.066838 0.011350 -0.026938 0.128697 -0.060865 0.989448
1784010404.721264124 0.117532 -0.075264 0.012054 -0.028429 0.128345 -0.061663 0.989402
1784010404.821056128 0.189363 -0.083253 0.012717 -0.028849 0.127656 -0.061517 0.989488
1784010404.920854092 0.260928 -0.091273 0.013594 -0.028774 0.127521 -0.061714 0.989496
1784010405.020895004 0.337161 -0.099577 0.014291 -0.028578 0.127465 -0.060850 0.989562
1784010405.121075153 0.416489 -0.108247 0.014616 -0.028725 0.127541 -0.060795 0.989551
1784010405.220981121 0.498920 -0.117296 0.015694 -0.028809 0.127756 -0.059976 0.989571
1784010405.320932150 0.587276 -0.126911 0.016323 -0.028535 0.128439 -0.059196 0.989538
1784010405.421174049 0.678610 -0.136471 0.017459 -0.028730 0.127204 -0.057244 0.989806
1784010405.521136999 0.772129 -0.145648 0.018452 -0.030260 0.127209 -0.056228 0.989818
1784010405.620966196 0.866921 -0.155000 0.019487 -0.028886 0.126793 -0.053620 0.990058
1784010405.720813036 0.961199 -0.163052 0.021307 -0.029818 0.127030 -0.051980 0.990087
1784010405.821093082 1.053487 -0.170963 0.022423 -0.030082 0.126565 -0.051345 0.990172
1784010405.921130180 1.145154 -0.178177 0.024031 -0.030778 0.126463 -0.050200 0.990222
1784010406.021217108 1.237484 -0.185370 0.025645 -0.030121 0.127224 -0.048254 0.990242
1784010406.120795012 1.333831 -0.191637 0.027191 -0.029575 0.125825 -0.044517 0.990612
1784010406.221080065 1.434011 -0.197344 0.028624 -0.030342 0.126455 -0.042312 0.990605
1784010406.320777178 1.533587 -0.202440 0.029982 -0.030730 0.127230 -0.039380 0.990615
1784010406.421033144 1.635051 -0.203836 0.031229 -0.032680 0.127681 -0.032714 0.990737
1784010406.520845175 1.737141 -0.198011 0.031336 -0.035251 0.127215 -0.018049 0.991084
1784010406.621020079 1.839342 -0.185069 0.031430 -0.037536 0.126448 0.003628 0.991256
1784010406.720816135 1.940688 -0.167013 0.031424 -0.040630 0.126860 0.025689 0.990755
1784010406.821057081 2.044807 -0.151638 0.031233 -0.041494 0.127603 0.036555 0.990282
1784010406.920741081 2.150677 -0.140064 0.030108 -0.041432 0.128777 0.038881 0.990045
1784010407.020815134 2.256885 -0.128024 0.029456 -0.041491 0.129206 0.041147 0.989895
1784010407.121209145 2.363789 -0.115762 0.028637 -0.039831 0.129502 0.044221 0.989792
1784010407.221026182 2.472820 -0.102081 0.027402 -0.039756 0.131215 0.046622 0.989459
1784010407.320854187 2.584805 -0.087695 0.026979 -0.039567 0.129957 0.049502 0.989492
1784010407.421029091 2.701749 -0.072488 0.026767 -0.039623 0.130561 0.053860 0.989183
1784010407.521162033 2.821456 -0.058828 0.026607 -0.041237 0.131128 0.053748 0.989048
1784010407.620789051 2.939571 -0.048812 0.027911 -0.042357 0.129237 0.048705 0.989511
1784010407.721232176 3.059066 -0.042777 0.029394 -0.042515 0.127458 0.039471 0.990146
1784010407.821068048 3.178491 -0.038401 0.030410 -0.041357 0.125550 0.031018 0.990739
1784010407.921200991 3.297609 -0.031603 0.031313 -0.040024 0.127570 0.028648 0.990608
1784010408.021032095 3.416025 -0.022587 0.031045 -0.041577 0.128401 0.028348 0.990445
1784010408.120913982 3.536583 -0.013805 0.030357 -0.040071 0.132261 0.029551 0.989964
1784010408.220776081 3.658601 -0.004140 0.029460 -0.040061 0.132161 0.031408 0.989920
1784010408.321040154 3.783212 0.006475 0.028225 -0.041282 0.133146 0.033075 0.989684
1784010408.420978069 3.909108 0.017738 0.027358 -0.041057 0.132765 0.034928 0.989681
1784010408.520832062 4.035043 0.030021 0.025812 -0.040605 0.133933 0.037363 0.989453
1784010408.620848179 4.163249 0.043354 0.024489 -0.040528 0.133817 0.039782 0.989377
1784010408.720733166 4.296679 0.057544 0.023502 -0.041301 0.135099 0.042095 0.989076
1784010408.820939064 4.428338 0.072790 0.022875 -0.043159 0.134658 0.044678 0.988943
1784010408.920992136 4.558976 0.088480 0.022336 -0.044169 0.132699 0.047385 0.989037
1784010409.020796061 4.690227 0.104997 0.021255 -0.045351 0.134023 0.049968 0.988678
1784010409.120581150 4.823426 0.122877 0.020640 -0.045061 0.134687 0.053558 0.988413
1784010409.221071005 4.958987 0.141677 0.020277 -0.045482 0.133739 0.056915 0.988335
1784010409.321039200 5.093317 0.161194 0.018748 -0.046066 0.135438 0.059692 0.987913
1784010409.420750141 5.225296 0.181301 0.017854 -0.046081 0.135932 0.062220 0.987688
1784010409.520925045 5.357156 0.202688 0.016731 -0.047971 0.134269 0.064843 0.987657
1784010409.620846987 5.489264 0.224385 0.014765 -0.046551 0.135389 0.068170 0.987348
1784010409.720716000 5.623403 0.247392 0.012555 -0.047855 0.134270 0.071709 0.987188
1784010409.820683002 5.761352 0.271763 0.010020 -0.049208 0.133818 0.074259 0.986994
1784010409.920974970 5.901681 0.297294 0.007672 -0.049455 0.134846 0.077395 0.986601
1784010410.020755053 6.044177 0.324233 0.005475 -0.050999 0.135162 0.079883 0.986280
1784010410.120895147 6.187305 0.351931 0.003306 -0.052451 0.134109 0.083286 0.986066
1784010410.220839024 6.327872 0.375431 0.001572 -0.053599 0.132440 0.079366 0.986554
1784010410.320621967 6.467880 0.389732 0.001105 -0.050464 0.132137 0.064469 0.987845
1784010410.420816183 6.604535 0.394726 0.001175 -0.047210 0.129475 0.042451 0.989548
1784010410.520714045 6.739932 0.392561 0.000775 -0.043373 0.129226 0.019124 0.990482
1784010410.620589018 6.879178 0.394867 0.000513 -0.041284 0.132503 0.012704 0.990241
1784010410.720583200 7.020049 0.402232 -0.000220 -0.042253 0.134214 0.013627 0.989957
1784010410.820846081 7.157971 0.409412 -0.001237 -0.041016 0.133530 0.014777 0.990085
1784010410.920727015 7.299162 0.418108 -0.002888 -0.041012 0.134344 0.017081 0.989938
1784010411.020757198 7.443335 0.426965 -0.002620 -0.041017 0.134575 0.020104 0.989850
1784010411.120908022 7.589171 0.437592 -0.002540 -0.042386 0.132778 0.024511 0.989936
1784010411.221009970 7.736258 0.449675 -0.002798 -0.044053 0.132065 0.028629 0.989848
1784010411.320562124 7.884573 0.463300 -0.002649 -0.044576 0.131112 0.033270 0.989806
1784010411.420957088 8.035050 0.478431 -0.003129 -0.045276 0.132332 0.035994 0.989516
1784010411.520786047 8.183425 0.492796 -0.002999 -0.044457 0.131633 0.036491 0.989629
1784010411.620587111 8.332853 0.502869 -0.003018 -0.044448 0.130753 0.029872 0.989968
1784010411.720682144 8.479604 0.502516 -0.002059 -0.041462 0.130502 0.012479 0.990502
1784010411.820638180 8.623414 0.495518 -0.001126 -0.038520 0.129306 -0.006160 0.990837
1784010411.920457125 8.769853 0.489098 0.000982 -0.036079 0.128115 -0.015401 0.990983
1784010412.020560980 8.918690 0.486969 0.002898 -0.035899 0.125722 -0.015371 0.991297
1784010412.120844126 9.058641 0.485507 0.004358 -0.035868 0.125543 -0.015566 0.991317
1784010412.220859051 9.194073 0.484329 0.006292 -0.036349 0.126080 -0.014366 0.991250
1784010412.320665121 9.332838 0.484019 0.006994 -0.037550 0.127912 -0.012661 0.990994
1784010412.420720100 9.471191 0.484344 0.007477 -0.037292 0.129717 -0.009309 0.990806
1784010412.520493984 9.610004 0.486212 0.007643 -0.039248 0.129209 -0.006089 0.990822
1784010412.620789051 9.750385 0.488618 0.007972 -0.039070 0.128710 -0.003331 0.990907
1784010412.720810175 9.894788 0.492081 0.008857 -0.039616 0.128171 0.000374 0.990960
1784010412.820465088 10.038426 0.496501 0.009394 -0.041440 0.127867 0.003047 0.990920
1784010412.920433044 10.182284 0.501147 0.010196 -0.041712 0.128186 0.006308 0.990853
1784010413.020728111 10.330138 0.508149 0.010790 -0.043028 0.128565 0.009707 0.990720
1784010413.120779991 10.471101 0.514673 0.011325 -0.041358 0.128958 0.012429 0.990709
1784010413.220520973 10.607771 0.521636 0.011421 -0.040515 0.129786 0.014892 0.990602
1784010413.320458174 10.748908 0.530191 0.012085 -0.039742 0.130018 0.019122 0.990530
1784010413.420803070 10.893437 0.539090 0.012420 -0.039189 0.129543 0.022079 0.990553
1784010413.520639181 11.036144 0.549775 0.012318 -0.040278 0.129962 0.026122 0.990356
1784010413.620586157 11.179341 0.564477 0.012025 -0.041670 0.130884 0.035598 0.989882
1784010413.720390081 11.319086 0.585149 0.011284 -0.045017 0.131834 0.050219 0.988975
1784010413.820652008 11.451214 0.618056 0.008873 -0.048705 0.134312 0.078954 0.986587
1784010413.920327187 11.567474 0.664162 0.004769 -0.053765 0.137317 0.119155 0.981863
1784010414.020727158 11.660021 0.716152 0.000761 -0.059162 0.138703 0.161487 0.975286
1784010414.120410204 11.727507 0.767962 -0.002519 -0.065213 0.137612 0.201339 0.967612
1784010414.220769167 11.778987 0.814361 -0.006278 -0.068944 0.137817 0.234410 0.959846
1784010414.320394993 11.820669 0.858816 -0.009715 -0.073771 0.137805 0.264271 0.951698
1784010414.420323133 11.855014 0.902378 -0.013101 -0.077395 0.137599 0.293592 0.942804
1784010414.520982027 11.884584 0.946999 -0.016849 -0.081562 0.138215 0.322428 0.932890
1784010414.620690107 11.910794 0.992820 -0.019957 -0.085257 0.138225 0.350688 0.922303
1784010414.720475197 11.936525 1.046575 -0.024028 -0.087683 0.139148 0.383254 0.908882
1784010414.820733070 11.958316 1.109536 -0.029151 -0.091071 0.139315 0.421838 0.891263
1784010414.920421124 11.976981 1.184258 -0.035442 -0.094263 0.138653 0.466047 0.868729
1784010415.020706177 11.988662 1.274157 -0.042738 -0.100021 0.134875 0.516103 0.839906
1784010415.120414019 11.990028 1.370229 -0.041088 -0.095069 0.124812 0.570654 0.806063
1784010415.220637083 11.976518 1.475211 -0.045482 -0.099997 0.115820 0.625082 0.765414
1784010415.320470095 11.948795 1.587012 -0.049819 -0.106230 0.107652 0.680477 0.716992
1784010415.420588017 11.898292 1.707509 -0.056356 -0.114244 0.099950 0.739370 0.655965
1784010415.520282030 11.835417 1.828677 -0.062765 -0.124267 0.092447 0.782695 0.602826
1784010415.620602131 11.803599 1.931485 -0.068622 -0.126109 0.093930 0.785660 0.598342
1784010415.720512152 11.789712 1.988644 -0.071855 -0.126334 0.094000 0.784612 0.599656
1784010415.820399046 11.781131 2.022600 -0.073476 -0.127779 0.092690 0.784418 0.599808
1784010415.920228004 11.775687 2.046048 -0.074805 -0.127671 0.092950 0.784584 0.599574
1784010416.020254135 11.771891 2.062348 -0.075738 -0.128135 0.093708 0.784637 0.599287
1784010416.120365143 11.769817 2.072343 -0.076683 -0.128304 0.094041 0.784684 0.599138
1784010416.220539093 11.768905 2.077063 -0.077184 -0.128328 0.094115 0.784749 0.599036
1784010416.320545197 11.769415 2.075964 -0.077272 -0.128256 0.094270 0.784757 0.599016
1784010416.420519114 11.770490 2.072177 -0.077101 -0.128159 0.094397 0.784685 0.599111
1784010416.520347118 11.771305 2.068946 -0.076925 -0.127949 0.094509 0.784630 0.599211
1784010416.620491982 11.771795 2.066749 -0.076781 -0.127727 0.094513 0.784583 0.599318
1784010416.720185041 11.771965 2.065770 -0.076679 -0.127531 0.094478 0.784574 0.599377
1784010416.820525169 11.771873 2.065796 -0.076616 -0.127402 0.094394 0.784572 0.599420
1784010416.920346975 11.771684 2.066316 -0.076590 -0.127314 0.094315 0.784581 0.599440
1784010417.020176172 11.771533 2.066777 -0.076569 -0.127240 0.094289 0.784580 0.599462
1784010417.120357990 11.771446 2.066895 -0.076543 -0.127225 0.094266 0.784573 0.599477
1784010417.220580101 11.771450 2.066645 -0.076479 -0.127165 0.094323 0.784542 0.599521
1784010417.320327044 11.771505 2.066219 -0.076417 -0.127154 0.094311 0.784524 0.599549
1784010417.420612097 11.771554 2.065849 -0.076367 -0.127148 0.094313 0.784515 0.599562
1784010417.520328045 11.771570 2.065610 -0.076295 -0.127154 0.094330 0.784503 0.599574
1784010417.620228052 11.771571 2.065450 -0.076238 -0.127218 0.094320 0.784481 0.599591
1784010417.720386028 11.771591 2.065280 -0.076190 -0.127286 0.094311 0.784459 0.599606
1784010417.820479155 11.771621 2.065080 -0.076167 -0.127305 0.094312 0.784464 0.599596
1784010417.920422077 11.771629 2.064928 -0.076163 -0.127314 0.094287 0.784446 0.599621
1784010418.020313025 11.771604 2.064832 -0.076144 -0.127268 0.094303 0.784422 0.599659
1784010418.120237112 11.771553 2.064764 -0.076087 -0.127280 0.094271 0.784388 0.599707
1784010418.219992161 11.771466 2.064686 -0.076015 -0.127278 0.094282 0.784386 0.599708
1784010418.320362091 11.771313 2.064569 -0.075924 -0.127308 0.094275 0.784375 0.599718
1784010418.420272112 11.771113 2.064458 -0.075808 -0.127300 0.094339 0.784346 0.599746
1784010418.520477057 11.770871 2.064360 -0.075682 -0.127256 0.094406 0.784339 0.599755
1784010418.620344162 11.770639 2.064325 -0.075553 -0.127180 0.094493 0.784323 0.599778
1784010418.720165968 11.770465 2.064343 -0.075431 -0.127170 0.094486 0.784308 0.599801
1784010418.820229053 11.770337 2.064390 -0.075347 -0.127084 0.094490 0.784297 0.599834
1784010418.920345068 11.770248 2.064477 -0.075263 -0.127046 0.094448 0.784288 0.599859
1784010419.020415068 11.770213 2.064587 -0.075214 -0.127008 0.094390 0.784270 0.599900
1784010419.120414019 11.770219 2.064697 -0.075174 -0.126973 0.094339 0.784256 0.599933
1784010419.221117020 11.770254 2.064790 -0.075159 -0.126964 0.094288 0.784241 0.599964
1784010419.320188999 11.770315 2.064836 -0.075137 -0.126943 0.094267 0.784220 0.599998
1784010419.420481205 11.770383 2.064823 -0.075126 -0.126970 0.094241 0.784208 0.600013
1784010419.520048141 11.770448 2.064730 -0.075080 -0.126987 0.094278 0.784179 0.600041
1784010419.620367050 11.770514 2.064581 -0.075019 -0.127042 0.094317 0.784152 0.600058
1784010419.720257044 11.770579 2.064434 -0.074967 -0.127115 0.094364 0.784119 0.600079
1784010419.820427179 11.770634 2.064299 -0.074914 -0.127142 0.094416 0.784107 0.600081
1784010419.920897007 11.770690 2.064198 -0.074892 -0.127169 0.094437 0.784109 0.600069
1784010420.019983053 11.770767 2.064137 -0.074867 -0.127155 0.094451 0.784101 0.600081
1784010420.120195150 11.770850 2.064109 -0.074839 -0.127205 0.094459 0.784068 0.600112
1784010420.220126152 11.770946 2.064124 -0.074818 -0.127205 0.094473 0.784048 0.600135
1784010420.320458174 11.771035 2.064193 -0.074827 -0.127187 0.094462 0.784025 0.600171
1784010420.420109034 11.771106 2.064307 -0.074858 -0.127161 0.094447 0.784020 0.600185
1784010420.520029068 11.771178 2.064440 -0.074876 -0.127142 0.094418 0.783993 0.600230
1784010420.620053053 11.771257 2.064604 -0.074909 -0.127113 0.094386 0.783982 0.600255
1784010420.720023155 11.771345 2.064783 -0.074927 -0.127104 0.094355 0.783977 0.600268
1784010420.819987059 11.771431 2.064939 -0.074961 -0.127125 0.094359 0.783980 0.600260
1784010420.920125008 11.771494 2.065084 -0.074992 -0.127129 0.094368 0.783954 0.600291
1784010421.020040989 11.771532 2.065242 -0.075042 -0.127124 0.094379 0.783944 0.600303
1784010421.120628119 11.771568 2.065406 -0.075094 -0.127129 0.094384 0.783915 0.600340
1784010421.220305204 11.771640 2.065550 -0.075114 -0.127130 0.094425 0.783896 0.600358
1784010421.319939137 11.771710 2.065660 -0.075104 -0.127177 0.094473 0.783868 0.600376
1784010421.419963121 11.771790 2.065755 -0.075109 -0.127220 0.094583 0.783835 0.600394
1784010421.520126104 11.771886 2.065829 -0.075141 -0.127322 0.094732 0.783802 0.600391
1784010421.620030165 11.771979 2.065913 -0.075216 -0.127480 0.094893 0.783766 0.600380
1784010421.719840050 11.772051 2.066054 -0.075320 -0.127681 0.095089 0.783732 0.600349
1784010421.820101023 11.772122 2.066319 -0.075518 -0.127876 0.095385 0.783668 0.600345
1784010421.919941187 11.772182 2.066829 -0.075775 -0.128085 0.095642 0.783612 0.600333
1784010422.020138025 11.772245 2.067675 -0.076132 -0.128258 0.095915 0.783559 0.600322
1784010422.119884014 11.772318 2.068944 -0.076643 -0.128480 0.096090 0.783520 0.600297
