1784010275.528866053 -0.001050 -0.002139 0.001868 -0.006532 0.134515 0.000030 0.990890
1784010275.628638029 0.000222 -0.001829 0.002778 -0.006810 0.134880 -0.000066 0.990839
1784010275.728852987 0.001014 -0.001720 0.003371 -0.007071 0.135221 -0.000170 0.990790
1784010275.828629017 0.001400 -0.001736 0.003727 -0.007251 0.135534 -0.000268 0.990746
1784010275.928783178 0.001456 -0.001804 0.003954 -0.007424 0.135834 -0.000368 0.990704
1784010276.028779030 0.001232 -0.001906 0.004106 -0.007565 0.136138 -0.000455 0.990661
1784010276.128978968 0.000773 -0.002028 0.004171 -0.007656 0.136420 -0.000530 0.990621
1784010276.228931189 0.000149 -0.002140 0.004158 -0.007706 0.136666 -0.000648 0.990587
1784010276.328714132 -0.000571 -0.002216 0.004151 -0.007708 0.136882 -0.000740 0.990557
1784010276.428992033 -0.001357 -0.002241 0.004130 -0.007699 0.137092 -0.000802 0.990528
1784010276.528704166 -0.002176 -0.002252 0.004070 -0.007679 0.137280 -0.000879 0.990502
1784010276.628806114 -0.002970 -0.002261 0.004013 -0.007664 0.137457 -0.000949 0.990478
1784010276.728909969 -0.003727 -0.002285 0.003988 -0.007673 0.137618 -0.001038 0.990455
1784010276.828636169 -0.004434 -0.002322 0.003938 -0.007674 0.137747 -0.001104 0.990437
1784010276.928515196 -0.005032 -0.002361 0.003868 -0.007699 0.137865 -0.001172 0.990420
1784010277.028612137 -0.005473 -0.002355 0.003832 -0.007709 0.137941 -0.001273 0.990410
1784010277.128470182 -0.005730 -0.002340 0.003817 -0.007714 0.137983 -0.001363 0.990404
1784010277.228764057 -0.005803 -0.002321 0.003807 -0.007648 0.137954 -0.001434 0.990408
1784010277.328617096 -0.005707 -0.002304 0.003826 -0.007659 0.137908 -0.001518 0.990414
1784010277.428769112 -0.005472 -0.002286 0.003911 -0.007643 0.137837 -0.001603 0.990424
1784010277.528820992 -0.005112 -0.002266 0.004036 -0.007646 0.137735 -0.001668 0.990438
1784010277.628869057 -0.004654 -0.002219 0.004255 -0.007616 0.137578 -0.001748 0.990460
1784010277.728702068 -0.000834 -0.002213 0.004424 -0.007508 0.137146 -0.001965 0.990520
1784010277.828708172 0.003713 -0.002215 0.004292 -0.007425 0.137292 -0.002109 0.990501
1784010277.928712130 0.004775 -0.002164 0.004226 -0.007238 0.136942 -0.002132 0.990550
1784010278.028623104 0.015155 -0.002187 0.004828 -0.007302 0.136664 -0.002166 0.990588
1784010278.128646135 0.027285 -0.002485 0.005788 -0.007264 0.136390 -0.002240 0.990626
1784010278.228777170 0.043531 -0.003201 0.007648 -0.006813 0.135668 -0.002403 0.990728
1784010278.328560114 0.070836 -0.004809 0.010623 -0.003815 0.136276 -0.002932 0.990659
1784010278.428748131 0.108214 -0.003612 0.007896 -0.004482 0.134502 -0.003272 0.990898
1784010278.528503180 0.150269 -0.002893 0.005545 -0.005486 0.134543 -0.004593 0.990882
1784010278.628733158 0.196453 -0.002425 0.004311 -0.006038 0.134987 -0.004558 0.990818
1784010278.728666067 0.241369 -0.002059 0.003175 -0.005944 0.135255 -0.004212 0.990784
1784010278.828592062 0.284222 -0.001858 0.002674 -0.005949 0.134634 -0.004472 0.990867
1784010278.928632975 0.323828 -0.001658 0.002630 -0.006357 0.135824 -0.004771 0.990701
1784010279.028795004 0.349739 -0.001639 0.003112 -0.006185 0.135551 -0.004790 0.990740
1784010279.128479004 0.369066 -0.001881 0.003490 -0.005797 0.135139 -0.005120 0.990796
1784010279.228711128 0.394091 -0.002721 0.004154 -0.005426 0.135672 -0.005509 0.990724
1784010279.328716993 0.422550 -0.003918 0.004645 -0.005170 0.134773 -0.006345 0.990843
1784010279.428533077 0.456018 -0.005507 0.004685 -0.005791 0.135583 -0.006879 0.990725
1784010279.528510094 0.487022 -0.007277 0.004485 -0.005782 0.136377 -0.006656 0.990618
1784010279.628655195 0.512980 -0.007112 0.000180 -0.005450 0.136723 -0.006380 0.990574
1784010279.728701115 0.537749 -0.006403 -0.000402 -0.005151 0.137390 -0.006609 0.990482
1784010279.828546047 0.561539 -0.006085 0.000387 -0.005740 0.136711 -0.007546 0.990566
1784010279.928807974 0.585621 -0.006233 0.001473 -0.006161 0.137222 -0.007982 0.990489
1784010280.028542995 0.600833 -0.006695 0.002150 -0.006059 0.136847 -0.008729 0.990535
1784010280.128379107 0.609440 -0.007171 0.002846 -0.006023 0.136195 -0.009222 0.990621
1784010280.228754044 0.618143 -0.007722 0.003630 -0.006122 0.135439 -0.009877 0.990717
1784010280.328311205 0.630308 -0.008378 0.003646 -0.007084 0.136153 -0.010797 0.990604
1784010280.428630114 0.648706 -0.009020 0.004082 -0.007219 0.135709 -0.011109 0.990660
1784010280.528704166 0.672291 -0.009997 0.004832 -0.007930 0.134793 -0.011315 0.990777
1784010280.628710032 0.701696 -0.010726 0.005561 -0.007554 0.135296 -0.011603 0.990708
1784010280.728305101 0.729909 -0.011373 0.007039 -0.007276 0.135108 -0.012463 0.990726
1784010280.828662157 0.764965 -0.011389 0.007660 -0.007488 0.132838 -0.013783 0.991014
1784010280.928382158 0.801258 -0.012824 0.005042 -0.006822 0.132625 -0.013682 0.991048
1784010281.028573036 0.837653 -0.015003 0.004529 -0.006200 0.132085 -0.013962 0.991121
1784010281.128368139 0.872057 -0.016660 0.003800 -0.006597 0.132743 -0.014433 0.991023
1784010281.228445053 0.904755 -0.018225 0.003508 -0.006413 0.133185 -0.014164 0.990969
1784010281.328446150 0.936902 -0.019591 0.003467 -0.005857 0.132196 -0.014020 0.991107
1784010281.428341150 0.976416 -0.021248 0.002842 -0.004674 0.132329 -0.015261 0.991077
1784010281.528457165 1.019459 -0.023006 0.002611 -0.005094 0.132585 -0.016295 0.991025
1784010281.628415108 1.059895 -0.025140 0.002203 -0.004419 0.132616 -0.017235 0.991008
1784010281.728528976 1.098614 -0.027009 0.002073 -0.005068 0.131855 -0.018369 0.991086
1784010281.828588009 1.137553 -0.028984 0.002213 -0.004911 0.131425 -0.018585 0.991140
1784010281.928439140 1.176492 -0.031079 0.002221 -0.004310 0.131386 -0.018744 0.991145
1784010282.028426170 1.214900 -0.033012 0.002398 -0.003946 0.130307 -0.019135 0.991281
1784010282.128587008 1.252937 -0.034652 0.002793 -0.004535 0.129934 -0.019527 0.991320
1784010282.228387117 1.290646 -0.036637 0.002639 -0.003672 0.129409 -0.019799 0.991387
1784010282.328548193 1.328636 -0.038899 0.003351 -0.002542 0.128755 -0.019816 0.991475
1784010282.428538084 1.366864 -0.041204 0.003733 -0.004126 0.129963 -0.020360 0.991301
1784010282.528259993 1.405160 -0.043763 0.003921 -0.005089 0.131171 -0.020462 0.991135
1784010282.628442049 1.444056 -0.046294 0.004352 -0.005140 0.131630 -0.020873 0.991066
1784010282.728198051 1.482668 -0.048713 0.004862 -0.005598 0.132480 -0.021622 0.990934
1784010282.828463078 1.521237 -0.051248 0.005382 -0.005859 0.133154 -0.022066 0.990832
1784010282.928342104 1.560242 -0.054102 0.005955 -0.005086 0.133765 -0.022681 0.990740
1784010283.028619051 1.599864 -0.056699 0.006205 -0.006020 0.134777 -0.023587 0.990577
1784010283.128478050 1.639689 -0.059609 0.006717 -0.006490 0.135426 -0.023918 0.990477
1784010283.228402138 1.680519 -0.062679 0.007117 -0.005632 0.135276 -0.024517 0.990489
1784010283.328158140 1.721821 -0.065688 0.007710 -0.005045 0.135479 -0.025480 0.990440
1784010283.428317070 1.763797 -0.068545 0.008080 -0.005320 0.135575 -0.026171 0.990407
1784010283.528254986 1.807072 -0.071933 0.008269 -0.003855 0.135181 -0.027101 0.990443
1784010283.628415108 1.851499 -0.075068 0.008501 -0.004245 0.135740 -0.028323 0.990331
1784010283.728212118 1.896251 -0.078597 0.009082 -0.004223 0.135506 -0.028964 0.990344
1784010283.828294992 1.941901 -0.082486 0.009399 -0.003121 0.135268 -0.029870 0.990354
1784010283.928313017 1.988094 -0.086429 0.009781 -0.002336 0.135281 -0.031164 0.990314
1784010284.028411150 2.034777 -0.090437 0.010386 -0.002636 0.135429 -0.032253 0.990258
1784010284.128290176 2.083124 -0.095121 0.010430 -0.001342 0.135470 -0.033458 0.990215
1784010284.228338003 2.133417 -0.099554 0.010443 -0.001792 0.136145 -0.034771 0.990077
1784010284.328318119 2.185249 -0.103950 0.010460 -0.001474 0.136461 -0.035557 0.990006
1784010284.428392172 2.238604 -0.108410 0.010105 -0.000517 0.136773 -0.036238 0.989939
1784010284.528045177 2.292740 -0.112757 0.009843 0.000486 0.136624 -0.037448 0.989915
1784010284.628257990 2.347674 -0.117090 0.009931 0.000698 0.136675 -0.038501 0.989867
1784010284.728407145 2.403622 -0.122005 0.009629 0.002120 0.136171 -0.039574 0.989892
1784010284.828437090 2.459672 -0.126586 0.009361 0.001835 0.135715 -0.040672 0.989911
1784010284.928174973 2.515460 -0.131301 0.009117 0.001981 0.134795 -0.041384 0.990007
1784010285.028023005 2.571431 -0.136146 0.008603 0.002435 0.133747 -0.041849 0.990129
1784010285.128160000 2.626666 -0.141047 0.008303 0.003121 0.132353 -0.042696 0.990278
1784010285.228441000 2.681243 -0.145986 0.008400 0.002364 0.133593 -0.043256 0.990089
1784010285.328305006 2.735744 -0.151292 0.008207 0.002465 0.134018 -0.043557 0.990018
1784010285.428309202 2.790638 -0.156559 0.008341 0.001322 0.134216 -0.043876 0.989979
1784010285.528094053 2.845292 -0.161880 0.008709 0.000626 0.134426 -0.043904 0.989950
1784010285.628165007 2.899916 -0.167296 0.009017 0.000086 0.133806 -0.043914 0.990034
1784010285.728051186 2.954149 -0.172666 0.009588 0.000052 0.132626 -0.044370 0.990173
1784010285.828132153 3.007969 -0.177933 0.010404 -0.000733 0.132353 -0.044909 0.990185
1784010285.928052187 3.061631 -0.183515 0.011164 -0.001124 0.131323 -0.045263 0.990305
1784010286.028231144 3.115743 -0.189567 0.012124 -0.001149 0.130693 -0.046249 0.990343
1784010286.127992153 3.170282 -0.195793 0.013100 -0.001362 0.130904 -0.047821 0.990240
1784010286.228296041 3.224980 -0.202537 0.013947 -0.001671 0.130707 -0.049399 0.990188
1784010286.328217983 3.279370 -0.209861 0.014571 -0.001048 0.130598 -0.051962 0.990072
1784010286.428263187 3.333440 -0.217847 0.014874 -0.000932 0.131800 -0.055546 0.989718
1784010286.528037071 3.387243 -0.226528 0.015011 -0.000946 0.132913 -0.059436 0.989344
1784010286.628189087 3.441529 -0.236375 0.014945 0.000361 0.134026 -0.063815 0.988921
1784010286.728269100 3.495894 -0.246815 0.014599 0.001078 0.136099 -0.068938 0.988293
1784010286.828173161 3.550610 -0.257616 0.014574 0.001047 0.136777 -0.073633 0.987861
1784010286.928173065 3.606466 -0.267168 0.014126 0.002294 0.137303 -0.075277 0.987662
1784010287.028272152 3.662146 -0.274175 0.014057 0.002511 0.138440 -0.073083 0.987667
1784010287.128173113 3.717546 -0.278999 0.014110 0.001440 0.138873 -0.068164 0.987960
1784010287.228154182 3.772926 -0.283260 0.013796 0.001753 0.138776 -0.063001 0.988316
1784010287.327882051 3.828600 -0.286257 0.013173 0.000725 0.139513 -0.057285 0.988562
1784010287.428039074 3.884946 -0.288043 0.012730 -0.000989 0.139009 -0.050423 0.989006
1784010287.528154135 3.941908 -0.289312 0.012328 -0.001171 0.138116 -0.043712 0.989450
1784010287.628174067 3.998925 -0.289846 0.012050 -0.002279 0.137840 -0.037425 0.989745
1784010287.727946043 4.056009 -0.289767 0.011782 -0.003265 0.137629 -0.030744 0.990001
1784010287.828183174 4.113722 -0.289162 0.011693 -0.004047 0.137010 -0.023971 0.990271
1784010287.927873135 4.170905 -0.287603 0.011530 -0.005696 0.136556 -0.017234 0.990466
1784010288.028182030 4.228139 -0.285298 0.011075 -0.007016 0.135971 -0.009721 0.990640
1784010288.127879143 4.284702 -0.282210 0.010855 -0.007444 0.134944 -0.002885 0.990821
1784010288.228245020 4.340408 -0.278304 0.010720 -0.008844 0.134799 0.003754 0.990826
1784010288.328119040 4.394998 -0.274062 0.010107 -0.008883 0.134976 0.010526 0.990753
1784010288.427976131 4.448668 -0.269805 0.009856 -0.009634 0.135023 0.015546 0.990674
1784010288.528383970 4.502431 -0.266316 0.009763 -0.011096 0.135282 0.018870 0.990565
1784010288.628133059 4.556211 -0.263591 0.009548 -0.011226 0.135543 0.020389 0.990498
1784010288.727881193 4.609943 -0.261006 0.009772 -0.011326 0.135474 0.020663 0.990501
1784010288.828081131 4.663434 -0.258302 0.010021 -0.012317 0.135852 0.020661 0.990437
1784010288.927812099 4.717117 -0.255809 0.009687 -0.012134 0.136023 0.021078 0.990407
1784010289.028156996 4.771390 -0.253327 0.009708 -0.012480 0.136122 0.021364 0.990383
1784010289.127891064 4.825869 -0.250658 0.009608 -0.013062 0.136255 0.022209 0.990339
1784010289.228074074 4.882314 -0.247734 0.008967 -0.013155 0.135814 0.023316 0.990373
1784010289.328001976 4.939840 -0.244697 0.008426 -0.012635 0.136059 0.023596 0.990339
1784010289.428086996 4.998278 -0.241390 0.008047 -0.012922 0.136772 0.023898 0.990230
1784010289.527901173 5.057533 -0.238442 0.007553 -0.012314 0.137204 0.023591 0.990185
1784010289.628092051 5.117525 -0.235626 0.006929 -0.012938 0.138165 0.022129 0.990077
1784010289.727869987 5.177465 -0.233064 0.006209 -0.012727 0.139322 0.021692 0.989928
1784010289.828073025 5.238086 -0.230759 0.005688 -0.011347 0.139233 0.020769 0.989977
1784010289.927797079 5.298472 -0.228464 0.005223 -0.011504 0.139253 0.019371 0.990001
1784010290.027990103 5.359851 -0.226539 0.004358 -0.010527 0.138900 0.018579 0.990076
1784010290.127695084 5.421679 -0.224763 0.004158 -0.009930 0.138363 0.017635 0.990175
1784010290.228077173 5.484245 -0.222968 0.003861 -0.010062 0.137318 0.017193 0.990327
1784010290.327838182 5.546912 -0.221332 0.003105 -0.009326 0.136444 0.016601 0.990465
1784010290.427750111 5.609633 -0.219542 0.002903 -0.008626 0.135312 0.015598 0.990643
1784010290.527894020 5.672464 -0.217613 0.002448 -0.008658 0.134381 0.014984 0.990779
1784010290.627882004 5.735432 -0.215947 0.002242 -0.008422 0.134969 0.014479 0.990708
1784010290.728023052 5.798042 -0.213871 0.002115 -0.009212 0.135989 0.014231 0.990565
1784010290.828124046 5.860499 -0.211955 0.001656 -0.009591 0.136265 0.014353 0.990522
1784010290.927709103 5.922551 -0.209808 0.001499 -0.009348 0.136014 0.014145 0.990562
1784010291.027935028 5.983950 -0.207766 0.001171 -0.010100 0.136799 0.014019 0.990448
1784010291.127734184 6.045013 -0.206110 0.000230 -0.009843 0.136524 0.014105 0.990487
1784010291.228099108 6.105060 -0.204573 -0.000361 -0.010795 0.137330 0.013671 0.990372
1784010291.327884197 6.163988 -0.203160 -0.000583 -0.011369 0.137440 0.014193 0.990343
1784010291.427832127 6.223094 -0.201650 -0.000979 -0.011048 0.137403 0.014340 0.990350
1784010291.527929068 6.282082 -0.199999 -0.001126 -0.011585 0.137229 0.013906 0.990374
1784010291.627876043 6.341102 -0.198353 -0.001465 -0.011782 0.136739 0.013905 0.990439
1784010291.727922201 6.400708 -0.196808 -0.001242 -0.011519 0.136256 0.013822 0.990510
1784010291.827907085 6.460383 -0.195084 -0.001264 -0.012497 0.135989 0.013648 0.990537
1784010291.928008080 6.520482 -0.193615 -0.001643 -0.012646 0.135573 0.013906 0.990589
1784010292.027665138 6.580646 -0.192005 -0.001711 -0.012438 0.134523 0.013671 0.990738
1784010292.127952099 6.641200 -0.190299 -0.001544 -0.013043 0.134763 0.013346 0.990702
1784010292.227653980 6.701863 -0.189001 -0.001747 -0.012502 0.134453 0.012799 0.990758
1784010292.327733040 6.763029 -0.187465 -0.002167 -0.013232 0.135500 0.012070 0.990615
1784010292.427781105 6.824004 -0.186099 -0.002147 -0.013903 0.135715 0.011963 0.990578
1784010292.527728081 6.885283 -0.184797 -0.002487 -0.013456 0.136029 0.011564 0.990546
1784010292.627923012 6.946215 -0.183393 -0.002500 -0.013424 0.136173 0.010796 0.990535
1784010292.727595091 7.006467 -0.182006 -0.002792 -0.013059 0.136144 0.010374 0.990549
1784010292.827758074 7.067754 -0.180666 -0.002742 -0.012163 0.136302 0.009967 0.990542
1784010292.927735090 7.129091 -0.178946 -0.002850 -0.012840 0.136258 0.009476 0.990545
1784010293.027832031 7.190417 -0.177585 -0.003490 -0.012704 0.136361 0.009141 0.990536
1784010293.127859116 7.251569 -0.176080 -0.003839 -0.011931 0.135589 0.008447 0.990657
1784010293.227632999 7.311953 -0.174433 -0.003926 -0.012099 0.135696 0.007937 0.990645
1784010293.327783108 7.372498 -0.173356 -0.004420 -0.011398 0.136051 0.007450 0.990608
1784010293.427836180 7.433009 -0.172133 -0.005296 -0.012534 0.136796 0.006607 0.990498
1784010293.527750969 7.493422 -0.171158 -0.005719 -0.013055 0.136672 0.006648 0.990508
1784010293.627798080 7.554005 -0.170378 -0.006023 -0.012262 0.136163 0.006233 0.990591
1784010293.727799177 7.614426 -0.169492 -0.006366 -0.012687 0.136383 0.005353 0.990560
1784010293.827980995 7.675156 -0.168805 -0.006930 -0.012141 0.136568 0.004836 0.990544
1784010293.927793980 7.736317 -0.168313 -0.007233 -0.011787 0.136902 0.004100 0.990506
1784010294.027878046 7.797970 -0.167808 -0.007724 -0.012008 0.137179 0.003582 0.990467
1784010294.127761126 7.860103 -0.167563 -0.008357 -0.011149 0.137492 0.002969 0.990436
1784010294.227910042 7.922440 -0.167352 -0.008593 -0.010293 0.137795 0.001924 0.990405
1784010294.327529192 7.983733 -0.167010 -0.008839 -0.010749 0.137700 0.001069 0.990415
1784010294.427700996 8.045818 -0.167245 -0.008914 -0.009653 0.137300 0.000196 0.990482
1784010294.527839184 8.107988 -0.167256 -0.009115 -0.010374 0.137308 -0.000755 0.990474
1784010294.627851009 8.170118 -0.167682 -0.009400 -0.010426 0.136472 -0.001065 0.990589
1784010294.727848053 8.232323 -0.168208 -0.009465 -0.009785 0.135374 -0.001754 0.990745
1784010294.827797174 8.294272 -0.168530 -0.009482 -0.009907 0.135096 -0.002551 0.990780
1784010294.927512169 8.356204 -0.169022 -0.009677 -0.009160 0.134367 -0.003049 0.990885
1784010295.027493000 8.417850 -0.169510 -0.009737 -0.009348 0.133764 -0.003834 0.990962
1784010295.127789021 8.479094 -0.169976 -0.009755 -0.009275 0.133121 -0.004137 0.991048
1784010295.227651119 8.540100 -0.170600 -0.009953 -0.008307 0.132601 -0.004662 0.991124
1784010295.327432156 8.600638 -0.171285 -0.009757 -0.006990 0.132042 -0.005693 0.991203
1784010295.427764177 8.660836 -0.171887 -0.009397 -0.008331 0.132070 -0.006677 0.991183
1784010295.527651072 8.720760 -0.173024 -0.009309 -0.007367 0.132439 -0.007422 0.991136
1784010295.627559185 8.780620 -0.173394 -0.009354 -0.008413 0.133385 -0.007635 0.990999
1784010295.727555990 8.840480 -0.173859 -0.009358 -0.009115 0.133339 -0.007037 0.991004
1784010295.827509165 8.900854 -0.174300 -0.009293 -0.008183 0.132727 -0.006690 0.991096
1784010295.927355051 8.961437 -0.174570 -0.009173 -0.008477 0.132781 -0.006607 0.991087
1784010296.027529001 9.022519 -0.174988 -0.009257 -0.007917 0.132239 -0.006053 0.991168
1784010296.127501011 9.084106 -0.175412 -0.009085 -0.008322 0.131542 -0.005807 0.991259
1784010296.227509022 9.146388 -0.175600 -0.008797 -0.009218 0.130879 -0.005131 0.991342
1784010296.327512026 9.208904 -0.175746 -0.008800 -0.008851 0.130975 -0.004356 0.991337
1784010296.427608013 9.271396 -0.175859 -0.008504 -0.008354 0.131149 -0.003980 0.991320
1784010296.527667046 9.333532 -0.175627 -0.008226 -0.009215 0.131563 -0.003308 0.991259
1784010296.627721071 9.396023 -0.175622 -0.008152 -0.008115 0.132040 -0.002228 0.991209
1784010296.727519035 9.458472 -0.174950 -0.008376 -0.009117 0.133519 -0.001229 0.991004
1784010296.827582121 9.520945 -0.174337 -0.008665 -0.009628 0.134293 0.000317 0.990895
1784010296.927601099 9.583328 -0.173555 -0.008813 -0.008855 0.134422 0.001453 0.990884
1784010297.027734995 9.645306 -0.172307 -0.008667 -0.009334 0.135242 0.002754 0.990765
1784010297.127655983 9.707229 -0.171060 -0.008586 -0.008579 0.135228 0.004393 0.990768
1784010297.227741003 9.769433 -0.169336 -0.008534 -0.009331 0.135168 0.005775 0.990762
1784010297.327654123 9.830726 -0.167198 -0.008582 -0.010184 0.134534 0.008128 0.990823
1784010297.427636147 9.890951 -0.164513 -0.009074 -0.009625 0.133499 0.010484 0.990947
1784010297.527757168 9.950436 -0.161478 -0.009140 -0.009468 0.132593 0.012086 0.991052
1784010297.627508163 10.009227 -0.157956 -0.009557 -0.009629 0.131845 0.014392 0.991119
1784010297.727670193 10.068366 -0.154461 -0.009664 -0.008640 0.131435 0.016831 0.991144
1784010297.827632189 10.127414 -0.150323 -0.010012 -0.009026 0.131104 0.019565 0.991134
1784010297.927380085 10.186444 -0.145865 -0.010659 -0.010666 0.131738 0.023066 0.990959
1784010298.027662992 10.245968 -0.140940 -0.010960 -0.011503 0.131528 0.026258 0.990898
1784010298.127506971 10.304757 -0.135326 -0.011098 -0.013175 0.131993 0.029513 0.990724
1784010298.227558136 10.363565 -0.129188 -0.011588 -0.013849 0.131909 0.033615 0.990595
1784010298.327502012 10.421843 -0.122534 -0.012083 -0.015429 0.131966 0.037312 0.990432
1784010298.427695036 10.479205 -0.115562 -0.012328 -0.016659 0.132054 0.041893 0.990217
1784010298.527543068 10.535394 -0.108214 -0.012765 -0.017324 0.132649 0.046372 0.989926
1784010298.627582073 10.590700 -0.100427 -0.012895 -0.018126 0.133399 0.050421 0.989613
1784010298.727334976 10.645473 -0.091829 -0.013306 -0.018969 0.134829 0.055184 0.989149
1784010298.827226162 10.701378 -0.082167 -0.013596 -0.019807 0.135695 0.060242 0.988719
1784010298.927249193 10.758322 -0.071388 -0.013989 -0.021369 0.136381 0.065125 0.988282
1784010299.027508020 10.815984 -0.059335 -0.014668 -0.021891 0.137220 0.071896 0.987685
1784010299.127434969 10.873878 -0.045793 -0.015053 -0.022066 0.136801 0.078724 0.987219
1784010299.227353096 10.931597 -0.030905 -0.015360 -0.022991 0.136310 0.085863 0.986670
1784010299.327681065 10.989731 -0.013934 -0.016203 -0.023020 0.135437 0.095244 0.985929
1784010299.427396059 11.047737 0.004414 -0.016800 -0.022686 0.135117 0.104584 0.985033
1784010299.527237177 11.105351 0.024718 -0.017463 -0.023110 0.134610 0.115411 0.983883
1784010299.627456188 11.162170 0.047421 -0.018268 -0.023641 0.133148 0.127761 0.982543
1784010299.727270126 11.217411 0.071327 -0.018358 -0.024643 0.131223 0.139254 0.981214
1784010299.827444077 11.272049 0.096062 -0.018970 -0.025755 0.131815 0.151015 0.979365
1784010299.927201033 11.325562 0.122639 -0.019399 -0.027982 0.131713 0.163488 0.977313
1784010300.027297974 11.377944 0.150814 -0.019755 -0.030284 0.130803 0.176836 0.975040
1784010300.127305031 11.429685 0.180687 -0.020652 -0.031569 0.132153 0.191474 0.972048
1784010300.227334976 11.479861 0.212970 -0.021273 -0.034450 0.131900 0.206903 0.968817
1784010300.327180147 11.528352 0.247000 -0.022102 -0.035546 0.132125 0.223686 0.965010
1784010300.427170038 11.575646 0.283604 -0.022859 -0.037814 0.133031 0.241365 0.960529
1784010300.527145147 11.620799 0.322741 -0.023748 -0.040585 0.132258 0.260048 0.955634
1784010300.627251148 11.664904 0.363970 -0.025118 -0.042376 0.133074 0.279633 0.949895
1784010300.727138042 11.706615 0.406886 -0.025852 -0.044774 0.132760 0.299412 0.943781
1784010300.827184200 11.744207 0.451311 -0.026826 -0.047666 0.131828 0.320525 0.936810
1784010300.927103996 11.778725 0.496081 -0.027215 -0.050312 0.130134 0.340926 0.929679
1784010301.027160168 11.810550 0.541711 -0.027858 -0.053073 0.128988 0.361377 0.921929
1784010301.127178192 11.840580 0.588758 -0.028612 -0.054851 0.127794 0.382208 0.913552
1784010301.227231979 11.868255 0.637597 -0.029368 -0.057763 0.126449 0.403345 0.904426
1784010301.327095985 11.893139 0.687715 -0.030102 -0.061237 0.125081 0.424975 0.894428
1784010301.427062035 11.915468 0.739141 -0.031172 -0.064063 0.122796 0.446254 0.884123
1784010301.527296066 11.935350 0.791386 -0.031679 -0.066616 0.120207 0.466623 0.873713
1784010301.627060175 11.952706 0.844053 -0.032653 -0.068792 0.118571 0.486962 0.862599
1784010301.727339983 11.967660 0.898008 -0.033494 -0.071375 0.116838 0.506833 0.851102
1784010301.827198029 11.979855 0.952609 -0.034203 -0.074524 0.114270 0.526518 0.839147
1784010301.927241087 11.989577 1.008270 -0.035506 -0.077472 0.112901 0.546463 0.826214
1784010302.027144194 11.997098 1.063820 -0.036496 -0.080047 0.112477 0.565503 0.813110
1784010302.127353191 12.001023 1.119287 -0.037125 -0.082501 0.110663 0.584928 0.799253
1784010302.227298975 12.002471 1.175016 -0.037745 -0.084418 0.109560 0.603620 0.785184
1784010302.327090979 12.001766 1.229322 -0.038089 -0.086475 0.108563 0.620607 0.771740
1784010302.427363157 11.997779 1.283523 -0.038352 -0.088530 0.106146 0.638722 0.756921
1784010302.527301073 11.991800 1.338490 -0.038606 -0.089428 0.104256 0.657027 0.741248
1784010302.627153158 11.983966 1.393345 -0.039040 -0.092908 0.099303 0.673598 0.726480
1784010302.727210045 11.974119 1.447954 -0.039638 -0.095548 0.094935 0.690288 0.710888
1784010302.827062130 11.963363 1.503224 -0.039757 -0.097355 0.090558 0.704691 0.696945
1784010302.927230120 11.954096 1.558540 -0.039838 -0.099505 0.086953 0.714143 0.687413
1784010303.027137041 11.947731 1.614871 -0.040359 -0.100982 0.086363 0.719017 0.682172
1784010303.127271175 11.942879 1.672415 -0.040720 -0.100550 0.085933 0.721262 0.679916
1784010303.227174044 11.938530 1.730252 -0.041334 -0.101579 0.085149 0.721990 0.679088
1784010303.327071190 11.934434 1.788378 -0.042466 -0.102625 0.086234 0.722422 0.678335
1784010303.427119970 11.930063 1.846427 -0.043190 -0.102977 0.086461 0.722373 0.678305
1784010303.526950121 11.925719 1.904335 -0.044312 -0.103968 0.087964 0.722032 0.678324
1784010303.627333164 11.921480 1.963244 -0.045458 -0.104166 0.088594 0.721838 0.678417
1784010303.727156162 11.917351 2.022187 -0.046270 -0.104845 0.088876 0.721485 0.678652
1784010303.827039003 11.913297 2.081225 -0.047084 -0.104964 0.089754 0.721887 0.678090
1784010303.927038193 11.909352 2.140272 -0.047827 -0.104335 0.089234 0.722369 0.677742
1784010304.027194977 11.905394 2.198759 -0.047995 -0.103045 0.087976 0.722710 0.677740
1784010304.127065182 11.901436 2.256528 -0.048618 -0.102932 0.088411 0.723239 0.677136
1784010304.227127075 11.897286 2.314272 -0.048945 -0.102053 0.086598 0.723827 0.676875
1784010304.326941013 11.892889 2.371356 -0.049197 -0.102867 0.085016 0.723955 0.676816
1784010304.427191019 11.888643 2.428225 -0.049698 -0.102701 0.085411 0.724933 0.675744
1784010304.527106047 11.884124 2.484779 -0.050187 -0.102342 0.085364 0.725572 0.675119
1784010304.627235174 11.879440 2.541331 -0.050657 -0.102696 0.085410 0.725685 0.674937
1784010304.727060080 11.874864 2.597932 -0.051484 -0.102905 0.087208 0.725971 0.674367
1784010304.827042103 11.870175 2.654967 -0.051853 -0.102828 0.087689 0.725991 0.674295
1784010304.927365065 11.865356 2.712268 -0.052657 -0.104346 0.088679 0.725564 0.674392
1784010305.027135134 11.861275 2.769731 -0.053586 -0.104460 0.091512 0.725787 0.673756
1784010305.126872063 11.856929 2.827253 -0.054276 -0.104888 0.090780 0.725677 0.673907
1784010305.226962090 11.852547 2.884535 -0.055142 -0.105721 0.089937 0.725170 0.674435
1784010305.327135086 11.848521 2.942428 -0.056480 -0.105925 0.090294 0.725059 0.674475
1784010305.427083969 11.844372 3.001037 -0.057296 -0.106446 0.090284 0.724829 0.674642
1784010305.527330160 11.839862 3.060185 -0.058813 -0.107723 0.089484 0.724762 0.674617
1784010305.626996994 11.835661 3.119370 -0.060389 -0.108404 0.089980 0.725078 0.674102
1784010305.726860046 11.831146 3.178926 -0.061401 -0.108264 0.090079 0.725293 0.673880
1784010305.827205181 11.826331 3.238698 -0.062673 -0.108979 0.089859 0.725417 0.673661
1784010305.926833153 11.821575 3.299083 -0.064109 -0.108925 0.089833 0.725738 0.673328
1784010306.026973009 11.816774 3.359532 -0.064975 -0.109086 0.089404 0.725704 0.673395
1784010306.126864195 11.811695 3.419794 -0.066540 -0.109392 0.089410 0.726342 0.672656
1784010306.227179050 11.806257 3.480670 -0.067896 -0.109263 0.089016 0.726792 0.672243
1784010306.326987028 11.800687 3.540669 -0.068690 -0.109144 0.087896 0.726797 0.672405
1784010306.427014112 11.795296 3.600669 -0.070003 -0.108609 0.088007 0.727051 0.672203
1784010306.526746035 11.789739 3.660556 -0.070658 -0.108039 0.087718 0.727163 0.672211
1784010306.627081156 11.784010 3.720184 -0.071301 -0.107663 0.086836 0.727333 0.672202
1784010306.726953030 11.778459 3.779522 -0.072447 -0.107338 0.087136 0.727745 0.671769
1784010306.826836109 11.772377 3.838745 -0.073112 -0.106133 0.086799 0.728375 0.671321
1784010306.927067995 11.765589 3.897707 -0.073771 -0.105991 0.086775 0.729443 0.670186
1784010307.027080059 11.758486 3.956782 -0.074913 -0.105557 0.087752 0.731111 0.668307
1784010307.127084017 11.751291 4.016084 -0.075800 -0.107469 0.086540 0.732466 0.666674
1784010307.226993084 11.742787 4.075137 -0.076859 -0.109125 0.085834 0.735766 0.662852
1784010307.326732159 11.731842 4.133650 -0.078372 -0.110239 0.084207 0.740784 0.657263
1784010307.427075148 11.719269 4.192323 -0.079326 -0.111213 0.082125 0.746134 0.651284
1784010307.526725054 11.705587 4.250336 -0.080848 -0.112358 0.081498 0.751973 0.644415
1784010307.626929998 11.690171 4.308196 -0.081930 -0.113222 0.078590 0.758153 0.637345
1784010307.726986170 11.673243 4.365349 -0.083130 -0.113944 0.075089 0.764914 0.629512
1784010307.826879025 11.654838 4.422133 -0.084793 -0.114498 0.074351 0.772566 0.620084
1784010307.927080154 11.633811 4.477825 -0.085899 -0.114775 0.072149 0.780770 0.609934
1784010308.026965141 11.611405 4.532022 -0.086914 -0.114548 0.070516 0.788663 0.599930
1784010308.127079010 11.586922 4.585210 -0.087764 -0.114660 0.069183 0.796730 0.589312
1784010308.227108002 11.558796 4.635438 -0.088550 -0.115737 0.067304 0.806562 0.575789
1784010308.326850176 11.529742 4.683746 -0.089676 -0.116300 0.067428 0.816448 0.561551
1784010308.426779032 11.499505 4.730297 -0.090455 -0.117167 0.067248 0.826039 0.547183
1784010308.526996136 11.468510 4.775208 -0.090798 -0.118145 0.067213 0.834846 0.533439
1784010308.626891136 11.436650 4.819738 -0.091143 -0.119154 0.065310 0.843006 0.520459
1784010308.726814985 11.403236 4.863922 -0.091358 -0.120439 0.061812 0.850547 0.508178
1784010308.826884031 11.368253 4.907949 -0.092031 -0.120602 0.059754 0.858398 0.495012
1784010308.927021980 11.331213 4.951694 -0.093029 -0.120930 0.057538 0.866042 0.481702
1784010309.026722193 11.292803 4.994578 -0.093623 -0.121929 0.054890 0.873433 0.468226
1784010309.126927137 11.252438 5.037515 -0.094450 -0.121787 0.053571 0.880871 0.454273
1784010309.226982117 11.210600 5.079179 -0.094805 -0.122647 0.051216 0.887637 0.440948
1784010309.326699018 11.167748 5.119236 -0.095200 -0.123737 0.048933 0.894246 0.427340
1784010309.426926136 11.122788 5.158081 -0.095814 -0.124887 0.047376 0.900991 0.412763
1784010309.526517153 11.075927 5.194109 -0.096325 -0.126406 0.043725 0.908251 0.396472
1784010309.626964092 11.027308 5.228789 -0.097142 -0.127372 0.041766 0.915714 0.378813
1784010309.726829052 10.977079 5.261333 -0.097588 -0.127907 0.039356 0.922894 0.361051
1784010309.826810122 10.925966 5.291768 -0.097793 -0.127780 0.036752 0.929563 0.343851
1784010309.926752090 10.873598 5.320402 -0.098576 -0.128894 0.035481 0.935727 0.326410
1784010310.026936054 10.819926 5.347014 -0.099030 -0.129483 0.033563 0.941538 0.309215
1784010310.126670122 10.765663 5.371239 -0.100306 -0.130677 0.031962 0.946929 0.291937
1784010310.226941109 10.710474 5.393275 -0.101343 -0.131405 0.029990 0.952060 0.274618
1784010310.326546192 10.655841 5.412601 -0.102092 -0.131869 0.028032 0.956725 0.257880
1784010310.426830053 10.600972 5.430148 -0.103210 -0.132586 0.028495 0.961103 0.240604
1784010310.526762009 10.545955 5.445617 -0.104196 -0.132966 0.028201 0.965195 0.223435
1784010310.626867056 10.490981 5.459494 -0.104959 -0.134444 0.023916 0.968885 0.206431
1784010310.726933002 10.435898 5.472806 -0.105716 -0.135628 0.020162 0.971993 0.190861
1784010310.827013016 10.380830 5.485512 -0.106137 -0.136339 0.016640 0.974619 0.176782
1784010310.927235126 10.325547 5.496606 -0.106750 -0.136070 0.013989 0.977189 0.162451
1784010311.026491165 10.270370 5.506454 -0.107258 -0.135434 0.011616 0.979391 0.149386
1784010311.126753092 10.214990 5.517169 -0.107592 -0.134894 0.008964 0.980857 0.140154
1784010311.226751089 10.159880 5.529743 -0.108392 -0.134628 0.008084 0.981602 0.135157
1784010311.326774120 10.104728 5.544285 -0.109152 -0.134474 0.007431 0.981794 0.133946
1784010311.426824093 10.049383 5.558920 -0.109527 -0.134865 0.006532 0.981879 0.132976
1784010311.526736975 9.993979 5.573786 -0.109983 -0.135057 0.007149 0.982025 0.131667
1784010311.626590967 9.938938 5.588218 -0.110266 -0.135080 0.007585 0.982105 0.131015
1784010311.726680040 9.884365 5.602377 -0.110408 -0.135250 0.006877 0.982125 0.130730
1784010311.826600075 9.830089 5.616944 -0.110719 -0.134974 0.007865 0.982208 0.130334
1784010311.926644087 9.775688 5.631429 -0.111089 -0.134958 0.008061 0.982235 0.130135
1784010312.026714087 9.721495 5.645842 -0.111253 -0.134191 0.007592 0.982354 0.130061
1784010312.126582146 9.667192 5.660539 -0.111554 -0.133945 0.009192 0.982424 0.129681
1784010312.226808071 9.612729 5.675170 -0.111738 -0.133264 0.010519 0.982483 0.129835
1784010312.326544046 9.558414 5.689557 -0.111909 -0.133313 0.010730 0.982428 0.130181
1784010312.426622152 9.503614 5.704666 -0.112161 -0.133298 0.013119 0.982375 0.130383
1784010312.526407003 9.448452 5.719748 -0.112852 -0.134405 0.014273 0.982141 0.130881
1784010312.626684189 9.393174 5.734940 -0.113312 -0.134162 0.014529 0.982063 0.131687
1784010312.726642132 9.337009 5.750618 -0.114035 -0.134194 0.016207 0.981922 0.132507
1784010312.826733112 9.281118 5.766062 -0.114789 -0.135704 0.017361 0.981581 0.133345
1784010312.926648140 9.224884 5.781313 -0.115635 -0.136352 0.017651 0.981468 0.133482
1784010313.026679993 9.168373 5.797127 -0.116580 -0.136488 0.019054 0.981453 0.133258
1784010313.126610994 9.111733 5.812290 -0.117738 -0.137596 0.019518 0.981488 0.131786
1784010313.226557970 9.054882 5.824308 -0.119088 -0.139414 0.016969 0.982193 0.124790
1784010313.326604128 8.997297 5.830952 -0.120279 -0.140279 0.013758 0.983759 0.111137
1784010313.426519156 8.939656 5.835069 -0.121462 -0.141398 0.009164 0.985174 0.096720
1784010313.526579142 8.881751 5.836937 -0.122998 -0.141639 0.006195 0.986587 0.080908
1784010313.626677990 8.823822 5.836408 -0.124236 -0.141676 0.003045 0.987783 0.064831
1784010313.726493120 8.766544 5.833372 -0.125253 -0.141582 -0.000850 0.988758 0.048086
1784010313.826357126 8.709566 5.828012 -0.126524 -0.140798 -0.003920 0.989549 0.030864
1784010313.926392078 8.653001 5.821135 -0.127208 -0.139446 -0.007180 0.990085 0.015326
1784010314.026426077 8.598030 5.814753 -0.128144 -0.138652 -0.008712 0.990297 0.003402
1784010314.126281977 8.543574 5.808171 -0.128924 -0.136641 -0.010300 0.990544 -0.006783
1784010314.226479053 8.488833 5.801053 -0.129004 -0.135184 -0.011590 0.990621 -0.016164
1784010314.326529026 8.434121 5.792882 -0.129602 -0.134468 -0.012577 0.990498 -0.025952
1784010314.426544189 8.379294 5.783689 -0.130033 -0.133423 -0.013896 0.990325 -0.035525
1784010314.526390076 8.325252 5.773426 -0.129713 -0.131779 -0.015300 0.990153 -0.044684
1784010314.626327991 8.272018 5.762549 -0.129712 -0.131714 -0.015490 0.989697 -0.053965
1784010314.726509094 8.218747 5.750296 -0.129646 -0.130785 -0.017222 0.989244 -0.063206
1784010314.826696157 8.165833 5.737123 -0.129170 -0.130503 -0.018961 0.988645 -0.072049
1784010314.926439047 8.113378 5.723088 -0.129435 -0.130494 -0.019936 0.987874 -0.081719
1784010315.026491165 8.060686 5.707739 -0.129252 -0.130223 -0.021257 0.987035 -0.091388
1784010315.126320124 8.008699 5.691010 -0.128837 -0.129273 -0.023539 0.986180 -0.100911
1784010315.226360083 7.956969 5.673506 -0.128595 -0.129164 -0.023857 0.985124 -0.110804
1784010315.326266050 7.905522 5.654601 -0.128407 -0.128834 -0.025451 0.983984 -0.120539
1784010315.426307201 7.854407 5.634065 -0.128161 -0.128435 -0.027289 0.982725 -0.130426
1784010315.526350975 7.803176 5.612660 -0.128153 -0.128664 -0.026714 0.981227 -0.141160
1784010315.626363993 7.752283 5.589687 -0.128265 -0.128912 -0.026976 0.979560 -0.152038
1784010315.726339102 7.702696 5.564779 -0.128432 -0.128809 -0.028240 0.977627 -0.163877
1784010315.826503038 7.653532 5.539118 -0.128782 -0.128806 -0.030082 0.975548 -0.175530
1784010315.926254034 7.605396 5.512325 -0.129241 -0.129465 -0.032332 0.973210 -0.187233
1784010316.026483059 7.557933 5.483893 -0.129588 -0.128497 -0.034614 0.970855 -0.199325
1784010316.126317978 7.510789 5.454412 -0.130049 -0.128958 -0.035236 0.968039 -0.212198
1784010316.226152182 7.464445 5.422831 -0.130687 -0.128962 -0.038292 0.964770 -0.226102
1784010316.326457024 7.418974 5.389160 -0.131541 -0.128543 -0.041159 0.960972 -0.241485
1784010316.426370144 7.374547 5.353629 -0.131925 -0.126984 -0.043004 0.956916 -0.257561
1784010316.526270151 7.331301 5.316425 -0.132139 -0.126810 -0.045833 0.952337 -0.273629
1784010316.626288176 7.289476 5.277238 -0.133032 -0.126489 -0.047713 0.947033 -0.291295
1784010316.726528168 7.249516 5.235753 -0.133644 -0.126058 -0.050081 0.941072 -0.309815
1784010316.826230049 7.212098 5.192727 -0.134476 -0.125573 -0.053794 0.934545 -0.328578
1784010316.926248074 7.176346 5.148264 -0.134963 -0.124923 -0.056091 0.927510 -0.347812
1784010317.026534081 7.142883 5.102275 -0.134948 -0.122608 -0.058510 0.920337 -0.366776
1784010317.126207113 7.112049 5.055817 -0.135002 -0.121105 -0.060266 0.912851 -0.385233
1784010317.226358175 7.082989 5.007697 -0.135294 -0.119267 -0.062001 0.905086 -0.403423
1784010317.326495171 7.056129 4.958302 -0.135151 -0.116692 -0.063546 0.896913 -0.421772
1784010317.426448107 7.031352 4.907928 -0.135309 -0.115520 -0.064808 0.888113 -0.440126
1784010317.526204109 7.008420 4.856924 -0.135417 -0.113790 -0.066214 0.879404 -0.457511
1784010317.626173973 6.987097 4.805419 -0.135104 -0.112185 -0.068080 0.871170 -0.473119
1784010317.726224184 6.967151 4.753398 -0.135228 -0.112000 -0.067702 0.862471 -0.488894
1784010317.826374054 6.948855 4.700568 -0.135469 0.109261 0.070087 -0.854303 0.503305
1784010317.926323175 6.932495 4.647250 -0.135853 0.106455 0.073077 -0.845777 0.517676
1784010318.026437044 6.917585 4.593079 -0.136278 0.105095 0.074103 -0.836526 0.532624
1784010318.126099110 6.904992 4.538433 -0.136925 0.103609 0.076906 -0.826791 0.547510
1784010318.226294994 6.894347 4.483723 -0.137778 0.102021 0.079462 -0.817081 0.561833
1784010318.326050997 6.885566 4.429491 -0.138307 0.101194 0.080800 -0.807273 0.575797
1784010318.426182032 6.878769 4.375935 -0.138514 0.100154 0.083227 -0.797605 0.588956
1784010318.526404142 6.873851 4.323278 -0.139069 0.100069 0.085673 -0.787368 0.602243
1784010318.626372099 6.870678 4.270702 -0.139242 0.099935 0.087779 -0.776821 0.615514
1784010318.726227045 6.869725 4.217971 -0.139649 0.098732 0.091549 -0.765985 0.628600
1784010318.826481104 6.870215 4.164125 -0.140072 0.098498 0.093677 -0.754315 0.642286
1784010318.926067114 6.872715 4.109551 -0.140095 0.096735 0.095383 -0.743073 0.655276
1784010319.026350021 6.875920 4.054409 -0.140346 0.095562 0.096947 -0.732709 0.666789
1784010319.126024008 6.878531 3.999255 -0.140829 0.094064 0.098092 -0.724729 0.675498
1784010319.226212025 6.881071 3.943227 -0.141258 0.093081 0.098659 -0.718011 0.682688
1784010319.326229095 6.884489 3.887295 -0.142169 0.092300 0.099236 -0.711691 0.689296
1784010319.426277161 6.888482 3.831413 -0.142777 0.091534 0.099373 -0.705681 0.695529
1784010319.526282072 6.892093 3.775797 -0.143154 0.090628 0.099887 -0.701833 0.699456
1784010319.626433134 6.893143 3.720448 -0.143683 0.091650 0.098816 -0.701226 0.700084
1784010319.725965023 6.894319 3.665429 -0.144069 0.091574 0.098182 -0.700678 0.700732
1784010319.826167107 6.894212 3.609699 -0.144543 0.093186 0.097988 -0.701179 0.700044
1784010319.926064968 6.892448 3.553843 -0.145638 0.092195 0.099630 -0.702639 0.698478
1784010320.026030064 6.889186 3.497746 -0.146355 0.091379 0.100823 -0.705280 0.695748
1784010320.126012087 6.882782 3.442455 -0.146611 0.091132 0.100897 -0.711353 0.689559
1784010320.226034164 6.871926 3.388163 -0.146946 0.093130 0.099915 -0.721213 0.679114
1784010320.326011181 6.855975 3.334394 -0.147478 0.095184 0.099082 -0.735182 0.663799
1784010320.426287174 6.834695 3.281814 -0.147842 0.097557 0.097037 -0.752261 0.644337
1784010320.526317120 6.808960 3.230614 -0.148429 0.100329 0.095383 -0.770578 0.622130
1784010320.626089096 6.778252 3.181069 -0.149417 0.103197 0.092659 -0.789982 0.597238
1784010320.726190090 6.742571 3.134477 -0.149678 0.106663 0.088532 -0.810624 0.568923
1784010320.826207161 6.703896 3.091206 -0.149932 0.108994 0.085103 -0.830528 0.539538
1784010320.926228046 6.662563 3.051821 -0.150318 0.113389 0.080730 -0.849154 0.509474
1784010321.025922060 6.621305 3.016153 -0.150626 -0.115820 -0.078061 0.865553 -0.480948
1784010321.126254082 6.580158 2.984937 -0.150773 -0.117412 -0.074924 0.880157 -0.453789
1784010321.226128101 6.535608 2.957078 -0.150515 -0.118881 -0.070490 0.895603 -0.422839
1784010321.325873137 6.487627 2.930639 -0.150624 -0.121954 -0.065607 0.909527 -0.391897
1784010321.426004171 6.441530 2.906999 -0.150505 -0.123337 -0.061681 0.920852 -0.364711
1784010321.526023149 6.391909 2.888568 -0.149841 -0.124716 -0.056433 0.933027 -0.332749
1784010321.626119137 6.337525 2.872390 -0.149607 -0.126961 -0.051932 0.944204 -0.299439
1784010321.725875139 6.283452 2.858821 -0.149861 -0.128060 -0.047671 0.953684 -0.267983
1784010321.826120138 6.228590 2.849886 -0.149966 -0.128543 -0.042929 0.962611 -0.234549
1784010321.926298141 6.171910 2.845098 -0.149784 -0.129779 -0.038996 0.970399 -0.199905
1784010322.026120186 6.113148 2.844760 -0.149366 -0.130315 -0.033411 0.977218 -0.164153
1784010322.126247168 6.052220 2.847983 -0.149063 -0.131980 -0.028720 0.982469 -0.128493
1784010322.226059198 5.994411 2.854365 -0.148456 -0.132058 -0.024843 0.986286 -0.095829
1784010322.325896025 5.934875 2.867573 -0.147503 -0.131283 -0.018818 0.989546 -0.056651
1784010322.426156998 5.873293 2.885117 -0.147073 -0.132770 -0.012289 0.990902 -0.018263
1784010322.526166201 5.815738 2.905330 -0.146288 -0.131757 -0.006198 0.991108 0.017496
1784010322.626151085 5.758752 2.933133 -0.145733 -0.131698 0.000231 0.989552 0.058674
1784010322.725790977 5.701462 2.965717 -0.145336 -0.132887 0.005117 0.986204 0.098578
1784010322.826148987 5.645333 3.004012 -0.144739 -0.133650 0.010739 0.981000 0.140221
1784010322.925846100 5.591803 3.047573 -0.144136 -0.133592 0.015153 0.974098 0.181814
1784010323.026045084 5.539614 3.099183 -0.143423 -0.133619 0.022982 0.964644 0.226010
1784010323.126125097 5.486486 3.153406 -0.143057 -0.132829 0.028980 0.955376 0.262246
1784010323.225963116 5.425348 3.201446 -0.141852 -0.131329 0.031122 0.951133 0.277724
1784010323.325831175 5.357211 3.247417 -0.141286 -0.131499 0.032662 0.949930 0.281555
1784010323.426191092 5.287184 3.295100 -0.140478 -0.131306 0.033871 0.948804 0.285276
1784010323.525669098 5.215272 3.344541 -0.140210 -0.131444 0.034527 0.947896 0.288137
1784010323.625915051 5.145206 3.393115 -0.139270 -0.131020 0.034694 0.946947 0.291414
1784010323.725768089 5.082493 3.437361 -0.139110 -0.131779 0.035396 0.945969 0.294150
1784010323.826122999 5.017563 3.483242 -0.138434 -0.132433 0.035574 0.945239 0.296173
1784010323.925758123 4.949742 3.531981 -0.138347 -0.133016 0.035727 0.944751 0.297448
1784010324.025753021 4.885273 3.578534 -0.137058 -0.131470 0.036014 0.944277 0.299600
1784010324.126055002 4.823787 3.623539 -0.136410 -0.130083 0.037591 0.943785 0.301556
1784010324.226088047 4.763522 3.667490 -0.135730 -0.128328 0.037377 0.943214 0.304108
1784010324.325991154 4.703953 3.711551 -0.135937 -0.127574 0.038276 0.942643 0.306077
1784010324.426014185 4.642023 3.758395 -0.136101 -0.125213 0.038635 0.942210 0.308334
1784010324.525763035 4.582765 3.804281 -0.088121 -0.139115 0.061077 0.939206 0.307910
1784010324.625653028 4.520156 3.851893 -0.090633 -0.140014 0.059916 0.938473 0.309959
1784010324.725924015 4.461249 3.897459 -0.093173 -0.141522 0.058653 0.937804 0.311538
1784010324.825905085 4.406494 3.940634 -0.095455 -0.141311 0.057749 0.937438 0.312899
1784010324.925640106 4.353881 3.982206 -0.097302 -0.140994 0.057346 0.937033 0.314326
1784010325.025767088 4.301111 4.024247 -0.099852 -0.140958 0.057542 0.936651 0.315444
1784010325.125617027 4.248037 4.066588 -0.102107 -0.139874 0.057261 0.936295 0.317030
1784010325.225974083 4.194631 4.108981 -0.104608 -0.140692 0.057275 0.935786 0.318165
1784010325.325977087 4.141038 4.151183 -0.107231 -0.140098 0.056583 0.935702 0.318799
1784010325.426035166 4.090092 4.190485 -0.109176 -0.140242 0.056697 0.935533 0.319210
1784010325.525679111 4.041340 4.226613 -0.111148 -0.139950 0.056813 0.936219 0.317302
1784010325.625827074 3.983195 4.267457 -0.113982 -0.140891 0.057530 0.937561 0.312761
1784010325.725979090 3.924703 4.305979 -0.116490 -0.141444 0.056335 0.939773 0.306017
1784010325.825754166 3.866932 4.341112 -0.118810 -0.141247 0.055229 0.942749 0.297024
1784010325.925804138 3.807933 4.374758 -0.120699 -0.140707 0.054043 0.945746 0.287830
1784010326.026005030 3.748829 4.407204 -0.123094 -0.140679 0.054264 0.948511 0.278554
1784010326.125768185 3.689247 4.437551 -0.124969 -0.140287 0.053322 0.951358 0.269061
1784010326.225870132 3.629789 4.464789 -0.127229 -0.140613 0.053498 0.954634 0.256984
1784010326.325962067 3.570394 4.487823 -0.129026 -0.139495 0.052196 0.958749 0.242110
1784010326.425789118 3.512035 4.507991 -0.130358 -0.137496 0.050657 0.962676 0.227559
1784010326.525527000 3.456165 4.526560 -0.132032 -0.138492 0.048754 0.965520 0.214973
1784010326.625567198 3.399466 4.544920 -0.133844 -0.139077 0.045640 0.967932 0.204164
1784010326.725596189 3.342578 4.562910 -0.135211 -0.139629 0.044804 0.970149 0.193151
1784010326.825621128 3.286968 4.578785 -0.136100 -0.140417 0.042400 0.972321 0.181872
1784010326.925575018 3.231311 4.593059 -0.136865 -0.141875 0.039569 0.974229 0.170833
1784010327.025645018 3.175410 4.608105 -0.138142 -0.142756 0.039216 0.975686 0.161615
1784010327.125524998 3.119694 4.625262 -0.139880 -0.144519 0.038753 0.976051 0.157913
1784010327.225857019 3.062002 4.644431 -0.141813 -0.145770 0.037661 0.976054 0.157005
1784010327.325790167 3.004944 4.663697 -0.144014 -0.147190 0.037634 0.975983 0.156130
1784010327.425927162 2.950740 4.681857 -0.146152 -0.148537 0.036411 0.975943 0.155392
1784010327.525856018 2.895987 4.699911 -0.147970 -0.148329 0.035772 0.976151 0.154430
1784010327.625713110 2.839864 4.718419 -0.149896 -0.147555 0.036312 0.976294 0.154142
1784010327.725673199 2.785841 4.736022 -0.151498 -0.146171 0.034966 0.976507 0.154418
1784010327.825613976 2.730146 4.754371 -0.153396 -0.145303 0.034985 0.976665 0.154237
1784010327.925789118 2.670287 4.774088 -0.155361 -0.144005 0.034352 0.976844 0.154462
1784010328.025722027 2.609206 4.793620 -0.156894 -0.143202 0.032523 0.976865 0.155468
1784010328.125539064 2.547914 4.813736 -0.158574 -0.143290 0.034296 0.976692 0.156089
1784010328.225654125 2.485941 4.833879 -0.160235 -0.144005 0.034573 0.976391 0.157250
1784010328.325447083 2.424103 4.854251 -0.161972 -0.145933 0.036025 0.975877 0.158333
1784010328.425719023 2.361455 4.875229 -0.164167 -0.147469 0.037033 0.975469 0.159192
1784010328.525496006 2.298954 4.896195 -0.166494 -0.147488 0.036391 0.975162 0.161191
1784010328.625841141 2.238044 4.917144 -0.168633 -0.147151 0.038635 0.974860 0.162792
1784010328.725910187 2.180233 4.936785 -0.170678 -0.145737 0.038904 0.974784 0.164450
1784010328.825791121 2.125060 4.955855 -0.172451 -0.144786 0.040386 0.974688 0.165499
1784010328.925696135 2.070396 4.975063 -0.174473 -0.143034 0.041937 0.974735 0.166357
1784010329.025876045 2.016013 4.994550 -0.176134 -0.143450 0.039958 0.974556 0.167527
1784010329.125581026 1.961096 5.014491 -0.178112 -0.143205 0.039566 0.974490 0.168217
1784010329.225573063 1.906474 5.034338 -0.179894 -0.143946 0.039959 0.974249 0.168882
1784010329.325680971 1.851789 5.053890 -0.181415 -0.143684 0.038532 0.974207 0.169679
1784010329.425822020 1.794845 5.074698 -0.183156 -0.144398 0.039712 0.973937 0.170349
1784010329.525465012 1.736740 5.095758 -0.184946 -0.145001 0.039672 0.973815 0.170547
1784010329.625658035 1.677150 5.117299 -0.186749 -0.145318 0.038383 0.973641 0.171559
1784010329.725476027 1.616566 5.139881 -0.188583 -0.145736 0.039952 0.973339 0.172558
1784010329.825612068 1.554567 5.162864 -0.190479 -0.145418 0.039353 0.973129 0.174141
1784010329.925641060 1.492054 5.186763 -0.192271 -0.145198 0.040335 0.972874 0.175519
1784010330.025384188 1.429080 5.210683 -0.194246 -0.144971 0.039952 0.972826 0.176061
1784010330.125375032 1.365088 5.232828 -0.195917 -0.143939 0.037938 0.973390 0.174226
1784010330.225522041 1.299970 5.252656 -0.197404 -0.143544 0.038176 0.974571 0.167778
1784010330.325698137 1.233942 5.269291 -0.198829 -0.143014 0.035922 0.976322 0.158276
1784010330.425322056 1.168048 5.285216 -0.200282 -0.142862 0.035093 0.977815 0.149121
1784010330.525612116 1.102043 5.301711 -0.202378 -0.144140 0.034095 0.978642 0.142553
1784010330.625643969 1.036113 5.317344 -0.204716 -0.144640 0.032477 0.979474 0.136582
1784010330.725466967 0.969830 5.332822 -0.206677 -0.145624 0.033152 0.980074 0.130954
1784010330.825345039 0.903470 5.347090 -0.208817 -0.146452 0.032016 0.980672 0.125736
1784010330.925363064 0.836925 5.360949 -0.211062 -0.147199 0.032851 0.981182 0.120565
1784010331.025691032 0.770336 5.374835 -0.213499 -0.147323 0.032674 0.981619 0.116846
1784010331.125568151 0.704320 5.388322 -0.216077 -0.146617 0.033559 0.982118 0.113230
1784010331.225507975 0.638477 5.401948 -0.218170 -0.146700 0.033146 0.982454 0.110295
1784010331.325260162 0.573177 5.415697 -0.220105 -0.146182 0.030954 0.982776 0.108740
1784010331.425585985 0.507617 5.430679 -0.222053 -0.145589 0.030660 0.982895 0.108540
1784010331.525667191 0.441853 5.445993 -0.224207 -0.146016 0.029553 0.982817 0.108984
1784010331.625581026 0.376003 5.461386 -0.226494 -0.145987 0.029731 0.982787 0.109244
1784010331.725517035 0.310630 5.476795 -0.228351 -0.145767 0.030633 0.982729 0.109808
1784010331.825294971 0.245485 5.492030 -0.230360 -0.145715 0.029479 0.982703 0.110418
1784010331.925246000 0.180388 5.507719 -0.232017 -0.145558 0.029900 0.982637 0.111097
1784010332.025696039 0.114676 5.523584 -0.233703 -0.146213 0.029031 0.982483 0.111828
1784010332.125205994 0.050030 5.539306 -0.235805 -0.146228 0.029575 0.982406 0.112346
1784010332.225480080 -0.014809 5.555258 -0.237547 -0.146395 0.030994 0.982226 0.113316
1784010332.325370073 -0.078854 5.570694 -0.239255 -0.146411 0.030561 0.982113 0.114384
1784010332.425472021 -0.142949 5.586582 -0.241056 -0.146129 0.031548 0.982012 0.115340
1784010332.525534153 -0.207190 5.602490 -0.242934 -0.146815 0.031133 0.981775 0.116594
1784010332.625502110 -0.271636 5.618759 -0.245136 -0.146403 0.032209 0.981663 0.117760
1784010332.725502014 -0.335990 5.635252 -0.246895 -0.145663 0.033397 0.981533 0.119414
1784010332.825500011 -0.400220 5.651478 -0.248535 -0.144876 0.032997 0.981495 0.120786
1784010332.925686121 -0.464923 5.668240 -0.250057 -0.143215 0.034314 0.981580 0.121711
1784010333.025572062 -0.529446 5.684575 -0.251855 -0.141807 0.033639 0.981707 0.122521
1784010333.125267029 -0.593742 5.701254 -0.254145 -0.139408 0.034893 0.981975 0.122776
1784010333.225327969 -0.657822 5.718337 -0.255885 -0.140920 0.035127 0.981659 0.123502
1784010333.325328112 -0.721624 5.735205 -0.257244 -0.141981 0.033701 0.981470 0.124187
1784010333.425453186 -0.785223 5.752287 -0.258390 -0.142153 0.033939 0.981414 0.124368
1784010333.525371075 -0.848703 5.768116 -0.259515 -0.142381 0.032447 0.981556 0.123381
1784010333.625120163 -0.912514 5.782588 -0.261241 -0.142290 0.031378 0.981949 0.120607
1784010333.725403070 -0.976793 5.795826 -0.262707 -0.142213 0.030925 0.982497 0.116272
1784010333.825132132 -1.041108 5.805358 -0.264025 -0.142852 0.028678 0.983487 0.107356
1784010333.925428152 -1.106281 5.811566 -0.265113 -0.142992 0.027390 0.984884 0.093849
1784010334.025351048 -1.171085 5.813910 -0.266075 -0.144448 0.024484 0.986162 0.077587
1784010334.125351191 -1.234920 5.811443 -0.267434 -0.144575 0.022222 0.987579 0.057369
1784010334.225434065 -1.297951 5.804065 -0.267967 -0.144084 0.019493 0.988758 0.034888
1784010334.325093985 -1.359974 5.792773 -0.268798 -0.143402 0.016228 0.989468 0.011216
1784010334.425386190 -1.422314 5.777526 -0.269046 -0.141866 0.013052 0.989697 -0.014249
1784010334.525339127 -1.484219 5.762153 -0.269032 -0.140909 0.009305 0.989393 -0.034064
1784010334.625303984 -1.546577 5.748745 -0.269649 -0.140159 0.007841 0.988940 -0.047875
1784010334.725394011 -1.608932 5.735957 -0.269815 -0.138852 0.006200 0.988652 -0.057008
1784010334.825333118 -1.670357 5.722983 -0.270121 -0.139224 0.006236 0.988073 -0.065495
1784010334.925371170 -1.731305 5.707960 -0.270388 -0.137921 0.005091 0.987549 -0.075486
1784010335.025303125 -1.791535 5.690277 -0.270401 -0.136690 0.003717 0.986699 -0.087900
1784010335.125121117 -1.851088 5.669858 -0.270993 -0.136476 0.003016 0.985212 -0.103553
1784010335.225092173 -1.908166 5.645709 -0.271308 -0.135589 -0.001693 0.983282 -0.121530
1784010335.325190067 -1.961730 5.617861 -0.271525 -0.135575 -0.004779 0.980328 -0.143367
1784010335.425454140 -2.013439 5.587437 -0.271634 -0.135176 -0.008294 0.976925 -0.165156
1784010335.525429010 -2.064057 5.555887 -0.271501 -0.133666 -0.012061 0.973749 -0.183851
1784010335.625272989 -2.115668 5.524761 -0.271455 -0.133529 -0.013445 0.970757 -0.199048
1784010335.725181103 -2.167626 5.494266 -0.271699 -0.133147 -0.015091 0.968597 -0.209439
1784010335.825260162 -2.219075 5.463076 -0.272080 -0.132697 -0.015995 0.966622 -0.218581
1784010335.925388098 -2.269942 5.431135 -0.271941 -0.132169 -0.015701 0.964690 -0.227285
1784010336.025226116 -2.320039 5.398156 -0.271858 -0.130462 -0.016640 0.962922 -0.235551
1784010336.125315189 -2.370791 5.363518 -0.271916 -0.130205 -0.015831 0.960670 -0.244764
1784010336.225045204 -2.420230 5.326283 -0.271809 -0.129436 -0.016793 0.957722 -0.256386
1784010336.325088024 -2.465539 5.284141 -0.271384 -0.127069 -0.019294 0.952554 -0.275904
1784010336.424970150 -2.506387 5.238221 -0.270668 -0.124767 -0.022339 0.945493 -0.299964
1784010336.525171041 -2.543362 5.189738 -0.269273 -0.122989 -0.024954 0.936840 -0.326469
1784010336.625156164 -2.575379 5.138306 -0.268260 -0.120778 -0.028032 0.926090 -0.356349
1784010336.725171089 -2.602133 5.083768 -0.266344 -0.118013 -0.032307 0.912952 -0.389292
1784010336.825302124 -2.622684 5.031143 -0.264625 -0.115722 -0.037357 0.899974 -0.418641
1784010336.925115108 -2.636053 4.989550 -0.263024 -0.113921 -0.040360 0.889765 -0.440126
1784010337.025177002 -2.644496 4.959526 -0.262298 -0.112592 -0.042981 0.883260 -0.453131
1784010337.125145197 -2.648730 4.943356 -0.261597 -0.112742 -0.043576 0.881616 -0.456227
1784010337.225323200 -2.649291 4.939258 -0.261501 -0.112411 -0.043808 0.880603 -0.458238
1784010337.325225115 -2.644436 4.946492 -0.262528 -0.112578 -0.045633 0.880125 -0.458938
1784010337.425170183 -2.641241 4.953947 -0.263059 -0.113269 -0.045526 0.880708 -0.457658
1784010337.525161028 -2.640917 4.954599 -0.263454 -0.113295 -0.045726 0.880689 -0.457668
1784010337.625231028 -2.641828 4.952884 -0.263984 -0.113006 -0.045916 0.880582 -0.457926
1784010337.725270987 -2.642088 4.952752 -0.264948 -0.113012 -0.045731 0.880701 -0.457714
1784010337.825288057 -2.634462 4.966418 -0.265230 -0.113848 -0.046009 0.881210 -0.456497
1784010337.925008059 -2.619343 4.991466 -0.265221 -0.113362 -0.045155 0.882431 -0.454342
1784010338.025307178 -2.599065 5.024991 -0.266573 -0.113218 -0.044397 0.884778 -0.449865
1784010338.125126123 -2.576614 5.058927 -0.269654 -0.112204 -0.043526 0.886286 -0.447228
1784010338.224975109 -2.549534 5.098917 -0.272298 -0.113193 -0.042534 0.887504 -0.444651
1784010338.324839115 -2.521901 5.139661 -0.270046 -0.111442 -0.041005 0.889136 -0.441969
1784010338.425374031 -2.495381 5.177496 -0.268541 -0.110868 -0.041902 0.890463 -0.439350
1784010338.525082111 -2.470767 5.212599 -0.267871 -0.111886 -0.041840 0.891497 -0.436994
1784010338.625132084 -2.447222 5.245785 -0.266960 -0.112808 -0.041673 0.892477 -0.434766
1784010338.725264072 -2.423739 5.278735 -0.266040 -0.115656 -0.041926 0.893112 -0.432685
1784010338.825188160 -2.394963 5.318765 -0.266092 -0.114147 -0.041042 0.894727 -0.429825
1784010338.924799204 -2.365581 5.358452 -0.266911 -0.115187 -0.041145 0.895695 -0.427517
1784010339.025045156 -2.336361 5.397223 -0.267337 -0.115938 -0.041789 0.896664 -0.425213
1784010339.125065088 -2.310942 5.430774 -0.267267 -0.115989 -0.042046 0.897597 -0.423201
1784010339.225082159 -2.293443 5.453761 -0.267384 -0.116596 -0.042795 0.898222 -0.421629
1784010339.324957132 -2.281128 5.470099 -0.267406 -0.117110 -0.042483 0.898646 -0.420612
1784010339.425176144 -2.273067 5.480904 -0.266612 -0.117071 -0.042005 0.898939 -0.420047
1784010339.525274992 -2.282663 5.469581 -0.266073 -0.116587 -0.041704 0.898899 -0.420296
1784010339.625008106 -2.306559 5.437764 -0.265886 -0.116473 -0.041374 0.897766 -0.422774
1784010339.724765062 -2.337437 5.392084 -0.265854 -0.115234 -0.041423 0.894514 -0.429941
1784010339.825256109 -2.369282 5.336357 -0.264743 -0.113435 -0.042456 0.888169 -0.443268
1784010339.924797058 -2.399481 5.275806 -0.263594 -0.112084 -0.044677 0.879788 -0.459799
1784010340.024880171 -2.427768 5.211554 -0.262388 -0.108944 -0.046743 0.870294 -0.478053
1784010340.124715090 -2.452238 5.145055 -0.260469 -0.106565 -0.048472 0.859398 -0.497724
1784010340.225177050 -2.472228 5.076693 -0.258647 0.104925 0.051149 -0.846422 0.519563
1784010340.325119972 -2.486291 5.007478 -0.256502 0.102779 0.054924 -0.831253 0.543542
1784010340.425044060 -2.495836 4.937817 -0.254511 0.101438 0.057860 -0.814605 0.568139
1784010340.524816990 -2.499814 4.868112 -0.252391 0.098632 0.061235 -0.796573 0.593291
1784010340.625179052 -2.497608 4.797784 -0.250698 0.098164 0.063842 -0.775447 0.620460
1784010340.724802017 -2.490515 4.727072 -0.248373 0.092422 0.069549 -0.753743 0.646910
1784010340.824834108 -2.477992 4.655565 -0.246025 0.087132 0.074507 -0.729739 0.674046
1784010340.924883127 -2.459934 4.585152 -0.242863 0.081201 0.079554 -0.704053 0.700990
1784010341.024742126 -2.436636 4.516956 -0.240337 0.076565 0.083690 -0.676685 0.727483
1784010341.124927044 -2.407965 4.451685 -0.237385 0.069898 0.086927 -0.649051 0.752523
1784010341.224840164 -2.375479 4.389087 -0.234439 0.065306 0.089704 -0.621535 0.775488
1784010341.324944973 -2.339278 4.331374 -0.231585 0.058731 0.093293 -0.594512 0.796494
1784010341.424681187 -2.298143 4.276200 -0.228997 0.054841 0.096100 -0.564645 0.817883
1784010341.524718046 -2.254567 4.224462 -0.226537 0.050159 0.099320 -0.536863 0.836300
1784010341.624736071 -2.206003 4.176878 -0.224443 0.045325 0.102979 -0.506020 0.855152
1784010341.724699020 -2.155290 4.131453 -0.221846 0.040639 0.105531 -0.477512 0.871317
1784010341.825004101 -2.107247 4.083570 -0.219842 0.037801 0.107805 -0.459877 0.880603
1784010341.925091982 -2.064771 4.029288 -0.217059 0.038228 0.108284 -0.455850 0.882618
1784010342.024916172 -2.021969 3.974341 -0.214522 0.037776 0.108811 -0.452240 0.884428
1784010342.125022173 -1.978700 3.919204 -0.212088 0.036645 0.108521 -0.449167 0.886075
1784010342.224874973 -1.935667 3.864582 -0.209022 0.035781 0.107823 -0.446580 0.887502
1784010342.324766159 -1.892223 3.810291 -0.206688 0.035696 0.107671 -0.443432 0.889101
1784010342.424968004 -1.848252 3.756313 -0.203778 0.034931 0.107631 -0.440232 0.890725
1784010342.525004148 -1.803514 3.703931 -0.201442 0.034498 0.108872 -0.434927 0.893194
1784010342.625029087 -1.757095 3.653766 -0.198946 0.033969 0.109173 -0.427204 0.896897
1784010342.724964142 -1.710329 3.604966 -0.196367 0.034146 0.110050 -0.420138 0.900115
1784010342.825073004 -1.664665 3.555383 -0.194340 0.036509 0.110342 -0.415871 0.901966
1784010342.924728155 -1.619354 3.506556 -0.191916 0.038629 0.109888 -0.412177 0.903627
1784010343.024913073 -1.574041 3.457367 -0.190281 0.035354 0.110783 -0.409114 0.905043
1784010343.124633074 -1.528624 3.408246 -0.188296 0.032716 0.110624 -0.406264 0.906445
1784010343.224711180 -1.483088 3.359338 -0.185721 0.031145 0.110629 -0.404018 0.907503
1784010343.325003147 -1.437339 3.310668 -0.183711 0.030551 0.110525 -0.401500 0.908652
1784010343.424641132 -1.393231 3.261313 -0.181327 0.029619 0.110220 -0.402592 0.908237
1784010343.524620056 -1.350588 3.210633 -0.179541 0.030186 0.110850 -0.405788 0.906718
1784010343.624715090 -1.309909 3.158486 -0.177209 0.030516 0.109461 -0.411989 0.904075
1784010343.724853992 -1.272146 3.104692 -0.174848 0.031854 0.109229 -0.421824 0.899510
1784010343.824879169 -1.237691 3.049238 -0.172897 0.034553 0.108058 -0.433878 0.893800
1784010343.924863100 -1.205850 2.992754 -0.170735 0.036723 0.106776 -0.447414 0.887170
1784010344.024906158 -1.176111 2.935540 -0.168855 0.038714 0.105967 -0.461095 0.880150
1784010344.124728203 -1.148634 2.877718 -0.166545 0.040596 0.104114 -0.475415 0.872636
1784010344.224586010 -1.123403 2.818956 -0.164077 0.043245 0.102860 -0.489985 0.864560
1784010344.324611187 -1.100409 2.759024 -0.161884 0.046349 0.100536 -0.504730 0.856149
1784010344.424570084 -1.080442 2.696876 -0.159679 0.049829 0.099229 -0.521540 0.845971
1784010344.524795055 -1.063951 2.633206 -0.156933 0.051932 0.097301 -0.539904 0.834469
1784010344.624785185 -1.051357 2.568492 -0.154057 0.056610 0.093703 -0.559472 0.821588
1784010344.724645138 -1.042423 2.503471 -0.151322 0.060743 0.090341 -0.579806 0.807449
1784010344.824781179 -1.037274 2.437653 -0.148251 0.065641 0.087257 -0.600176 0.792380
1784010344.924540997 -1.036237 2.371653 -0.145505 0.068662 0.085884 -0.620927 0.776118
1784010345.024882078 -1.038970 2.305239 -0.142640 0.070485 0.084372 -0.642098 0.758699
1784010345.124436140 -1.046300 2.240075 -0.139180 0.073276 0.081523 -0.663695 0.739928
1784010345.224845171 -1.057856 2.175191 -0.136166 0.076145 0.078597 -0.685290 0.720002
1784010345.324741125 -1.074299 2.111173 -0.133633 0.080465 0.075374 -0.707098 0.698467
1784010345.424766064 -1.095578 2.048122 -0.131398 0.084163 0.073402 -0.729502 0.674800
1784010345.524752140 -1.121168 1.987116 -0.129375 0.088191 0.069294 -0.750936 0.650781
1784010345.624747992 -1.150702 1.929642 -0.127148 0.092781 0.064867 -0.771807 0.625698
1784010345.724733114 -1.183841 1.875353 -0.125192 0.096419 0.060273 -0.791938 0.599920
1784010345.824715137 -1.221386 1.823800 -0.123658 0.100094 0.057641 -0.812548 0.571336
1784010345.924513102 -1.261109 1.775906 -0.122381 0.103105 0.054758 -0.830802 0.544187
1784010346.024500132 -1.306025 1.731489 -0.120525 0.105644 0.050556 -0.850567 0.512659
1784010346.124572039 -1.355858 1.688385 -0.119225 -0.110239 -0.045244 0.868777 -0.480652
1784010346.224405050 -1.405989 1.649540 -0.117838 -0.112599 -0.040444 0.885018 -0.449921
1784010346.324398994 -1.460437 1.615111 -0.116657 -0.115299 -0.035475 0.901276 -0.416112
1784010346.424678087 -1.518045 1.583466 -0.115828 -0.118718 -0.029741 0.915742 -0.382673
1784010346.524799109 -1.576406 1.556465 -0.114601 -0.120745 -0.022943 0.928900 -0.349341
1784010346.624641180 -1.638011 1.534729 -0.114077 -0.124408 -0.020466 0.941098 -0.313748
1784010346.724522114 -1.702474 1.517212 -0.113789 -0.127281 -0.016039 0.951884 -0.278315
1784010346.824618101 -1.768218 1.504276 -0.113641 -0.130730 -0.012847 0.961042 -0.243195
1784010346.924475193 -1.832991 1.496550 -0.113853 -0.131960 -0.009667 0.969068 -0.208328
1784010347.024306059 -1.901540 1.494677 -0.114659 -0.134931 -0.004025 0.976278 -0.169289
1784010347.124611139 -1.969371 1.495368 -0.116123 -0.136253 -0.000762 0.981502 -0.134492
1784010347.224554062 -2.037239 1.503515 -0.117690 -0.138394 0.003928 0.985801 -0.095018
1784010347.324613094 -2.106371 1.515641 -0.120196 -0.140666 0.008480 0.988330 -0.057837
1784010347.424626112 -2.173163 1.531554 -0.121960 -0.141310 0.013641 0.989624 -0.022147
1784010347.524571180 -2.239900 1.550630 -0.123985 -0.141823 0.017852 0.989669 0.011035
1784010347.624387980 -2.307124 1.571703 -0.126221 -0.141757 0.022398 0.988815 0.040591
1784010347.724608183 -2.373643 1.595504 -0.128538 -0.141879 0.026104 0.987208 0.067895
1784010347.824484110 -2.438218 1.622227 -0.130644 -0.141321 0.029495 0.984889 0.095669
1784010347.924437046 -2.501098 1.652212 -0.132860 -0.141283 0.035030 0.981715 0.122668
1784010348.024399996 -2.560661 1.684329 -0.134782 -0.140495 0.038876 0.978030 0.149022
1784010348.124600172 -2.618107 1.720752 -0.137530 -0.141304 0.044590 0.973164 0.176056
1784010348.224471092 -2.672687 1.759770 -0.140058 -0.140459 0.049321 0.968245 0.200851
1784010348.324371099 -2.726015 1.800803 -0.142364 -0.142401 0.051301 0.962649 0.224495
1784010348.424602032 -2.782294 1.839775 -0.145284 -0.143633 0.052549 0.959394 0.237005
1784010348.524446011 -2.840637 1.875603 -0.147343 -0.143486 0.052458 0.958260 0.241655
1784010348.624459982 -2.884127 1.903913 -0.149515 -0.146462 0.051517 0.959559 0.234821
1784010348.724591970 -2.862682 1.898881 -0.148621 -0.142752 0.048628 0.964182 0.218198
1784010348.824669123 -2.851972 1.894285 -0.148103 -0.143343 0.048188 0.964216 0.217758
1784010348.924631119 -2.846311 1.891431 -0.147476 -0.142973 0.047527 0.964356 0.217524
1784010349.024557114 -2.845166 1.891182 -0.147329 -0.142700 0.047258 0.964357 0.217760
1784010349.124598026 -2.847722 1.892463 -0.147358 -0.142343 0.047034 0.964427 0.217730
1784010349.224537134 -2.849750 1.893363 -0.147286 -0.141851 0.046752 0.964510 0.217746
1784010349.324174166 -2.850629 1.893550 -0.147003 -0.141305 0.046566 0.964594 0.217766
1784010349.424606085 -2.848332 1.891947 -0.146168 -0.140495 0.046510 0.964724 0.217726
1784010349.524345160 -2.836536 1.885972 -0.144117 -0.141002 0.046488 0.964560 0.218134
1784010349.624565125 -2.817899 1.877051 -0.139559 -0.141554 0.047873 0.964303 0.218610
1784010349.724482059 -2.793123 1.865925 -0.138234 -0.141724 0.047199 0.964110 0.219497
1784010349.824518204 -2.762701 1.851879 -0.139550 -0.140014 0.046524 0.964179 0.220431
1784010349.924143076 -2.721193 1.833107 -0.140163 -0.140160 0.046537 0.963540 0.223117
1784010350.024515152 -2.680807 1.814167 -0.140203 -0.140649 0.046315 0.962930 0.225475
1784010350.124148130 -2.650849 1.799946 -0.140322 -0.141706 0.047100 0.962400 0.226908
1784010350.224379063 -2.629842 1.789652 -0.140133 -0.143027 0.047247 0.961924 0.228063
1784010350.324253082 -2.614918 1.782342 -0.139933 -0.143972 0.047794 0.961523 0.229043
1784010350.424480200 -2.605810 1.777791 -0.139658 -0.144458 0.048273 0.961316 0.229507
1784010350.524232149 -2.603034 1.776252 -0.139705 -0.144768 0.048493 0.961234 0.229610
1784010350.624387980 -2.603911 1.776510 -0.139881 -0.145016 0.048572 0.961195 0.229597
1784010350.724436998 -2.606027 1.777429 -0.140158 -0.145156 0.048521 0.961211 0.229454
1784010350.824133158 -2.608586 1.778635 -0.140514 -0.145240 0.048435 0.961234 0.229321
1784010350.924487114 -2.611091 1.779849 -0.140919 -0.145328 0.048316 0.961260 0.229181
1784010351.024404049 -2.613089 1.780831 -0.141278 -0.145331 0.048340 0.961291 0.229046
1784010351.124147177 -2.614217 1.781409 -0.141525 -0.145342 0.048358 0.961307 0.228966
1784010351.224148989 -2.614510 1.781600 -0.141664 -0.145337 0.048426 0.961315 0.228923
1784010351.324279070 -2.614447 1.781655 -0.141748 -0.145356 0.048469 0.961307 0.228935
1784010351.424288988 -2.614515 1.781826 -0.141884 -0.145340 0.048526 0.961310 0.228920
1784010351.524152994 -2.614923 1.782214 -0.142189 -0.145223 0.048596 0.961332 0.228888
1784010351.624387980 -2.615206 1.782676 -0.142816 -0.145502 0.049102 0.961276 0.228838
1784010351.724243164 -2.604239 1.777700 -0.142419 -0.145891 0.049652 0.961066 0.229352
1784010351.824347973 -2.582306 1.767100 -0.140102 -0.144451 0.049624 0.960959 0.230712
1784010351.924005985 -2.551632 1.752007 -0.137490 -0.144307 0.049935 0.960606 0.232203
1784010352.024023056 -2.512807 1.733017 -0.136049 -0.143393 0.050385 0.960391 0.233559
1784010352.124161005 -2.474209 1.713713 -0.134493 -0.142846 0.050487 0.960111 0.235018
1784010352.224106073 -2.443160 1.698089 -0.132518 -0.142246 0.050744 0.959916 0.236120
1784010352.324130058 -2.422142 1.687414 -0.131775 -0.141495 0.051564 0.959759 0.237028
1784010352.424206972 -2.407438 1.679842 -0.131442 -0.140757 0.052792 0.959640 0.237678
1784010352.524340153 -2.398041 1.675351 -0.130862 -0.139169 0.054316 0.959701 0.238024
1784010352.624167204 -2.413593 1.683646 -0.131044 -0.140335 0.053619 0.959871 0.236809
1784010352.724507093 -2.457649 1.701069 -0.133574 -0.140913 0.051659 0.961899 0.228527
1784010352.824110031 -2.518257 1.714817 -0.135378 -0.141214 0.048107 0.967271 0.205259
1784010352.924134970 -2.588109 1.721108 -0.136887 -0.142403 0.042944 0.974112 0.170244
1784010353.023983002 -2.662653 1.719067 -0.137551 -0.141332 0.036142 0.980978 0.128064
1784010353.124034166 -2.738591 1.707874 -0.136594 -0.139480 0.030217 0.986446 0.080971
1784010353.224267006 -2.813145 1.687763 -0.134478 -0.137132 0.022537 0.989774 0.032175
1784010353.324203014 -2.876559 1.668018 -0.132335 -0.136955 0.017481 0.990417 -0.003425
1784010353.424056053 -2.861315 1.668869 -0.135017 -0.135574 0.017312 0.990615 0.001415
1784010353.524355173 -2.840676 1.671562 -0.134870 -0.135918 0.017646 0.990550 0.004971
1784010353.624245167 -2.825626 1.673580 -0.133803 -0.135839 0.018109 0.990544 0.006578
1784010353.724341154 -2.815264 1.674326 -0.132543 -0.135854 0.018148 0.990538 0.006983
1784010353.824221134 -2.806954 1.674832 -0.131163 -0.136749 0.019146 0.990395 0.007075
1784010353.924292088 -2.780147 1.673666 -0.130458 -0.137588 0.018641 0.990303 0.004636
1784010354.024193048 -2.739998 1.669473 -0.129801 -0.138242 0.016712 0.990255 -0.001982
1784010354.124232054 -2.697680 1.663585 -0.129107 -0.138640 0.014450 0.990158 -0.012541
1784010354.224071980 -2.656083 1.657751 -0.128807 -0.138049 0.013220 0.990043 -0.024152
1784010354.323935986 -2.624895 1.653834 -0.129455 -0.138213 0.012431 0.989755 -0.033574
1784010354.424261093 -2.602009 1.650922 -0.130134 -0.137368 0.011443 0.989638 -0.040192
1784010354.524229050 -2.585957 1.649340 -0.131780 -0.137023 0.010990 0.989545 -0.043640
1784010354.624142170 -2.577981 1.648203 -0.134191 -0.136709 0.011244 0.989548 -0.044495
1784010354.724038124 -2.596449 1.647302 -0.132540 -0.137611 0.010877 0.989406 -0.044957
1784010354.824191093 -2.635556 1.642694 -0.130281 -0.138889 0.010884 0.988978 -0.050148
1784010354.924163103 -2.686612 1.629460 -0.128858 -0.137015 0.009488 0.988401 -0.064810
1784010355.024294138 -2.742946 1.608574 -0.127432 -0.135282 0.007715 0.986905 -0.087513
1784010355.123855114 -2.800629 1.582871 -0.125625 -0.133417 0.005202 0.984686 -0.112099
1784010355.224277020 -2.858616 1.551772 -0.124125 -0.131294 0.002102 0.981430 -0.139829
1784010355.324033022 -2.865925 1.538327 -0.123042 -0.129192 0.003112 0.984351 -0.119806
1784010355.423974037 -2.870651 1.536583 -0.123760 -0.131995 0.006282 0.983878 -0.120508
1784010355.523985147 -2.871647 1.533639 -0.124296 -0.131656 0.005220 0.983791 -0.121634
1784010355.624176025 -2.865437 1.537923 -0.124617 -0.131833 0.006782 0.984092 -0.118897
1784010355.724285126 -2.860901 1.541157 -0.124625 -0.132167 0.007663 0.984168 -0.117845
1784010355.824257135 -2.842738 1.548716 -0.123943 -0.133022 0.008406 0.984255 -0.116091
1784010355.924159050 -2.801703 1.555003 -0.124095 -0.134599 0.005997 0.983554 -0.120289
1784010356.023934126 -2.749104 1.558791 -0.125368 -0.134524 0.004336 0.982266 -0.130529
1784010356.124097109 -2.692341 1.561279 -0.125690 -0.134590 0.000509 0.979955 -0.146879
1784010356.224045038 -2.636760 1.566193 -0.125143 -0.135117 -0.002078 0.977025 -0.164808
1784010356.324269056 -2.575063 1.575306 -0.124330 -0.134557 -0.005647 0.974009 -0.182122
1784010356.423930168 -2.512267 1.596480 -0.124221 -0.134820 -0.005381 0.973183 -0.186304
1784010356.523770094 -2.468606 1.614523 -0.123489 -0.131770 -0.005169 0.973799 -0.185269
1784010356.624121189 -2.469968 1.613187 -0.123767 -0.131895 -0.005560 0.973631 -0.186051
1784010356.724129200 -2.497433 1.599638 -0.123591 -0.130524 -0.005617 0.972995 -0.190298
1784010356.823917150 -2.539078 1.575152 -0.122756 -0.128766 -0.006884 0.970971 -0.201461
1784010356.923772097 -2.586093 1.542604 -0.121964 -0.127585 -0.007487 0.967250 -0.219301
1784010357.023766041 -2.634890 1.504067 -0.121132 -0.125774 -0.010190 0.962483 -0.240217
1784010357.123861074 -2.682104 1.460296 -0.119857 -0.123221 -0.013415 0.956424 -0.264366
1784010357.224179029 -2.726136 1.413377 -0.118098 -0.121221 -0.014825 0.948921 -0.290920
1784010357.323950052 -2.765591 1.363599 -0.116528 -0.118231 -0.018186 0.940211 -0.318896
1784010357.423977137 -2.802424 1.310732 -0.114696 -0.116511 -0.019605 0.929728 -0.348778
1784010357.523974180 -2.834953 1.255690 -0.111702 -0.113446 -0.025826 0.918031 -0.379054
1784010357.623881102 -2.842207 1.220229 -0.110700 -0.112479 -0.031153 0.915111 -0.385940
1784010357.723773003 -2.839868 1.216970 -0.110881 -0.114853 -0.030291 0.917589 -0.379370
1784010357.823974133 -2.839068 1.217849 -0.111203 -0.114668 -0.031153 0.917661 -0.379182
1784010357.923739195 -2.838309 1.219708 -0.111474 -0.114173 -0.031790 0.917987 -0.378488
1784010358.023828983 -2.834956 1.224763 -0.112007 -0.114722 -0.032731 0.917929 -0.378382
1784010358.123960018 -2.830790 1.234296 -0.112220 -0.115085 -0.031664 0.919907 -0.373530
1784010358.223633051 -2.819042 1.247056 -0.112778 -0.115745 -0.032088 0.920650 -0.371452
1784010358.323970079 -2.788284 1.278587 -0.113221 -0.116191 -0.030871 0.921530 -0.369227
1784010358.423876047 -2.741597 1.322710 -0.114902 -0.116380 -0.031264 0.921683 -0.368752
1784010358.523639202 -2.687005 1.372878 -0.116489 -0.116376 -0.030584 0.921263 -0.369858
1784010358.623950005 -2.626476 1.421113 -0.118437 -0.116334 -0.031893 0.917383 -0.379286
1784010358.723988056 -2.572046 1.463172 -0.119285 -0.115391 -0.030953 0.911715 -0.393068
1784010358.824006081 -2.537586 1.492787 -0.119918 -0.116047 -0.029016 0.908478 -0.400448
1784010358.923859119 -2.517728 1.514944 -0.121619 -0.115643 -0.031204 0.908347 -0.400697
1784010359.023756027 -2.514009 1.519692 -0.123718 -0.117006 -0.033063 0.908034 -0.400862
1784010359.123644114 -2.530725 1.498977 -0.121911 -0.114843 -0.033160 0.906721 -0.404437
1784010359.223899126 -2.559344 1.457042 -0.118660 -0.113385 -0.036158 0.902356 -0.414233
1784010359.323958158 -2.591845 1.399491 -0.115350 -0.110752 -0.039772 0.893901 -0.432543
1784010359.423794031 -2.622798 1.330706 -0.111368 -0.107681 -0.043233 0.881084 -0.458505
1784010359.523566008 -2.649536 1.254843 -0.108062 -0.104527 -0.046111 0.865029 -0.488542
1784010359.623821020 -2.667720 1.172794 -0.104103 0.100380 0.050508 -0.844119 0.524248
1784010359.724039078 -2.676545 1.087478 -0.100419 0.094228 0.057489 -0.819689 0.562073
1784010359.823852062 -2.677056 1.000913 -0.096456 0.089981 0.062762 -0.792484 0.599944
1784010359.923627138 -2.669112 0.914921 -0.092840 0.084993 0.068258 -0.763400 0.636661
1784010360.023638010 -2.650743 0.829879 -0.089244 0.081152 0.074165 -0.729819 0.674743
1784010360.123550177 -2.621267 0.748556 -0.085673 0.074985 0.080303 -0.692016 0.713472
1784010360.223623991 -2.583278 0.673843 -0.082271 0.069729 0.084848 -0.653714 0.748730
1784010360.323657990 -2.534710 0.604299 -0.078402 0.064390 0.088891 -0.609497 0.785153
1784010360.423640013 -2.480288 0.540716 -0.074626 0.058090 0.091758 -0.566535 0.816850
1784010360.523514032 -2.416553 0.483056 -0.071539 0.052928 0.095747 -0.516712 0.849141
1784010360.623537064 -2.348865 0.432205 -0.068579 0.042087 0.101253 -0.469816 0.875928
1784010360.723685026 -2.274325 0.389606 -0.065592 0.032909 0.106695 -0.417958 0.901579
1784010360.823544025 -2.196998 0.355727 -0.062874 0.023812 0.111588 -0.367706 0.922916
1784010360.923551083 -2.116513 0.330306 -0.059862 0.015324 0.114909 -0.316712 0.941411
1784010361.023634195 -2.035318 0.302589 -0.057509 0.008596 0.118007 -0.280951 0.952401
1784010361.123540163 -1.957431 0.266239 -0.054199 0.006540 0.119310 -0.266105 0.956509
1784010361.223841190 -1.879893 0.230489 -0.053058 0.005636 0.119836 -0.254776 0.959530
1784010361.323688030 -1.801374 0.196813 -0.051568 0.003975 0.121086 -0.242968 0.962439
1784010361.423532009 -1.722074 0.164778 -0.050213 0.003318 0.122837 -0.230649 0.965247
1784010361.523586988 -1.640587 0.136460 -0.048437 0.003579 0.122660 -0.215152 0.968840
1784010361.623800993 -1.556802 0.114015 -0.047513 0.002021 0.124554 -0.194863 0.972888
1784010361.723627090 -1.472015 0.096894 -0.046040 0.000192 0.123989 -0.171718 0.977312
1784010361.823470116 -1.387008 0.080865 -0.044899 -0.000103 0.124345 -0.152167 0.980502
1784010361.923681974 -1.301476 0.066158 -0.043751 -0.005323 0.124730 -0.135328 0.982904
1784010362.023710012 -1.216379 0.054088 -0.042675 -0.010628 0.123423 -0.120037 0.985010
1784010362.123906136 -1.130896 0.044700 -0.042169 -0.014477 0.123483 -0.103449 0.986834
1784010362.223589182 -1.045473 0.038627 -0.041765 -0.018781 0.123696 -0.086306 0.988381
1784010362.323681116 -0.959580 0.035466 -0.042086 -0.021791 0.124849 -0.069437 0.989503
1784010362.423611164 -0.874533 0.035287 -0.042609 -0.024935 0.125725 -0.052411 0.990366
1784010362.523778200 -0.789812 0.037999 -0.042995 -0.027414 0.126883 -0.035119 0.990917
1784010362.623691082 -0.706859 0.043700 -0.043553 -0.030195 0.127478 -0.017879 0.991220
1784010362.723596096 -0.624932 0.052399 -0.044141 -0.031966 0.128456 -0.001478 0.991199
1784010362.823748112 -0.544297 0.063691 -0.044445 -0.034467 0.127564 0.014146 0.991130
1784010362.923715115 -0.464330 0.074612 -0.044908 -0.035792 0.127780 0.025128 0.990838
1784010363.023362160 -0.384938 0.083629 -0.045398 -0.036543 0.128122 0.030667 0.990610
1784010363.123430967 -0.305543 0.093444 -0.045519 -0.036335 0.128580 0.035648 0.990392
1784010363.223623991 -0.226890 0.103750 -0.045632 -0.035700 0.128658 0.040259 0.990228
1784010363.323457003 -0.148915 0.114800 -0.046059 -0.035060 0.129425 0.045118 0.989942
1784010363.423479080 -0.070994 0.126298 -0.046501 -0.034618 0.130296 0.049797 0.989618
1784010363.523320198 0.006903 0.138270 -0.046416 -0.037206 0.129630 0.053638 0.989411
1784010363.623578072 0.084689 0.150562 -0.046085 -0.038455 0.128592 0.057578 0.989278
1784010363.723417997 0.162624 0.161385 -0.045570 -0.040754 0.127585 0.057608 0.989314
1784010363.823626995 0.242716 0.161280 -0.045131 -0.039962 0.127009 0.040869 0.990253
1784010363.923711061 0.323601 0.152069 -0.044132 -0.036463 0.127047 0.014424 0.991121
1784010364.023569107 0.403438 0.137592 -0.042885 -0.032291 0.126607 -0.012744 0.991345
1784010364.123713017 0.483165 0.131149 -0.041537 -0.030334 0.126620 -0.019678 0.991292
1784010364.223745108 0.562831 0.129090 -0.040392 -0.031747 0.125986 -0.019218 0.991338
1784010364.323414087 0.643049 0.126853 -0.039543 -0.030197 0.126504 -0.019047 0.991323
1784010364.423580170 0.723456 0.124910 -0.038288 -0.030100 0.125423 -0.019233 0.991460
1784010364.523615122 0.803702 0.123037 -0.036662 -0.029132 0.125452 -0.018434 0.991501
1784010364.623599052 0.884018 0.121663 -0.035513 -0.030771 0.125568 -0.017859 0.991447
1784010364.723659992 0.964678 0.120588 -0.034407 -0.029837 0.125591 -0.016173 0.991501
1784010364.823391199 1.045092 0.120107 -0.033476 -0.029462 0.126155 -0.014297 0.991470
1784010364.923465967 1.126319 0.120115 -0.032496 -0.028485 0.125738 -0.011450 0.991588
1784010365.023604155 1.208217 0.120628 -0.032540 -0.027903 0.126333 -0.009515 0.991550
1784010365.123241186 1.290252 0.121273 -0.031191 -0.029187 0.127129 -0.007895 0.991425
1784010365.223555088 1.373656 0.122008 -0.030069 -0.030274 0.128099 -0.006815 0.991276
1784010365.323578119 1.457849 0.122955 -0.028473 -0.031162 0.127425 -0.005191 0.991345
1784010365.423619032 1.544142 0.124300 -0.028122 -0.031977 0.127917 -0.004126 0.991261
1784010365.523360014 1.632091 0.125932 -0.026427 -0.031883 0.126611 -0.002706 0.991436
1784010365.623504162 1.722173 0.127842 -0.025239 -0.031573 0.126932 -0.001032 0.991408
1784010365.723467112 1.813336 0.130152 -0.024016 -0.032149 0.125556 0.001135 0.991565
1784010365.823645115 1.905869 0.132962 -0.023214 -0.031427 0.125999 0.003039 0.991528
1784010365.923197031 1.998346 0.136018 -0.021692 -0.031121 0.125404 0.005035 0.991605
1784010366.023292065 2.091817 0.139580 -0.020827 -0.030501 0.125663 0.007668 0.991574
1784010366.123208046 2.185044 0.143093 -0.020068 -0.030266 0.126314 0.010154 0.991477
1784010366.223386049 2.278227 0.146452 -0.019934 -0.028928 0.126124 0.012159 0.991518
1784010366.323213100 2.370477 0.150910 0.000783 -0.020963 0.130923 0.014472 0.991065
1784010366.423273087 2.461576 0.156703 0.001059 -0.022340 0.132212 0.016606 0.990830
1784010366.523413181 2.552690 0.162238 0.000540 -0.024329 0.133633 0.018288 0.990563
1784010366.623255014 2.643644 0.167582 0.000124 -0.025344 0.134060 0.019731 0.990453
1784010366.723574162 2.735344 0.172806 -0.000413 -0.026103 0.135997 0.020934 0.990144
1784010366.823508978 2.826667 0.177995 -0.000412 -0.026847 0.135635 0.022926 0.990130
1784010366.923195124 2.918130 0.183346 -0.001490 -0.028246 0.135951 0.024148 0.990018
1784010367.023154020 3.010396 0.186098 -0.000829 -0.028334 0.134771 0.021780 0.990232
1784010367.123407125 3.103362 0.183404 -0.000654 -0.028229 0.134036 0.012144 0.990500
1784010367.223357201 3.195749 0.176092 -0.000276 -0.027047 0.133304 -0.001255 0.990705
1784010367.323197126 3.286245 0.167698 -0.000070 -0.025156 0.133813 -0.013168 0.990600
1784010367.423246145 3.375543 0.157818 -0.000241 -0.024538 0.133774 -0.025169 0.990388
1784010367.523085117 3.463719 0.146287 -0.000596 -0.022341 0.135013 -0.035729 0.989947
1784010367.623471022 3.551858 0.131774 -0.001037 -0.022606 0.136082 -0.049476 0.989203
1784010367.723374128 3.639258 0.113171 -0.000834 -0.018618 0.136424 -0.065329 0.988319
1784010367.823101997 3.727796 0.091682 -0.000276 -0.016341 0.135467 -0.082630 0.987195
1784010367.923163176 3.816437 0.068502 0.000390 -0.012756 0.135020 -0.097295 0.985972
1784010368.023133993 3.904843 0.050353 0.000843 -0.011093 0.134453 -0.100801 0.985717
1784010368.123080015 3.992568 0.034373 0.001547 -0.009106 0.133264 -0.099999 0.985981
1784010368.223529100 4.079963 0.018216 0.001924 -0.010326 0.133568 -0.099216 0.986007
1784010368.323050976 4.165759 0.002476 0.002526 -0.012835 0.132840 -0.097901 0.986207
1784010368.423171043 4.251801 -0.012901 0.003015 -0.013262 0.134272 -0.096041 0.986190
1784010368.523365021 4.337706 -0.027740 0.003694 -0.014620 0.134297 -0.094290 0.986337
1784010368.623027086 4.423658 -0.042444 0.004887 -0.013869 0.135262 -0.092097 0.986423
1784010368.723203182 4.512490 -0.057014 0.004894 -0.015384 0.136878 -0.090728 0.986304
1784010368.823050976 4.603602 -0.072055 0.005279 -0.015233 0.136279 -0.089495 0.986502
1784010368.923127174 4.696659 -0.087325 0.005649 -0.015783 0.137385 -0.087850 0.986488
1784010369.023073196 4.790590 -0.102497 0.006478 -0.017161 0.136886 -0.085594 0.986733
1784010369.123053074 4.885866 -0.117264 0.006759 -0.016513 0.137685 -0.082845 0.986867
1784010369.223318100 4.982340 -0.131699 0.006979 -0.016894 0.137278 -0.080750 0.987091
1784010369.323326111 5.079892 -0.146214 0.006599 -0.016646 0.138162 -0.079071 0.987108
1784010369.423233032 5.178618 -0.158560 0.006801 -0.016421 0.137730 -0.075194 0.987475
1784010369.523015022 5.278106 -0.168884 0.007218 -0.016729 0.136470 -0.069170 0.988085
1784010369.623269081 5.378755 -0.176980 0.007829 -0.015677 0.133872 -0.059809 0.989068
1784010369.723316193 5.479799 -0.183173 0.007154 -0.018830 0.135589 -0.051366 0.989254
1784010369.823224068 5.580888 -0.187403 0.007553 -0.020524 0.135357 -0.042332 0.989679
1784010369.922971010 5.682326 -0.190849 0.007491 -0.021772 0.137327 -0.034886 0.989672
1784010370.023223162 5.784353 -0.194642 0.006954 -0.024039 0.137076 -0.030433 0.989801
1784010370.122961998 5.885998 -0.197704 0.005756 -0.023874 0.137590 -0.025989 0.989860
1784010370.223287106 5.988013 -0.199694 0.004682 -0.025620 0.137209 -0.021800 0.989971
1784010370.322940111 6.089261 -0.200934 0.004029 -0.027111 0.136819 -0.017260 0.990075
1784010370.422933102 6.190857 -0.201185 0.003346 -0.027499 0.137179 -0.013414 0.990074
1784010370.522983074 6.291944 -0.200751 0.003195 -0.028764 0.136101 -0.009855 0.990228
1784010370.623011112 6.392665 -0.199482 0.003375 -0.029795 0.135101 -0.005741 0.990367
1784010370.722911119 6.493287 -0.197254 0.002635 -0.031154 0.134584 -0.002289 0.990410
1784010370.823042154 6.593984 -0.194360 0.002757 -0.031394 0.134882 0.001327 0.990363
1784010370.923045158 6.694533 -0.190607 0.002260 -0.031333 0.136483 0.005151 0.990133
1784010371.022922039 6.794977 -0.185930 0.001416 -0.033207 0.137315 0.008288 0.989936
1784010371.123329163 6.896057 -0.180456 0.000966 -0.032991 0.136964 0.011687 0.989958
1784010371.223040104 6.997133 -0.174264 -0.000021 -0.033123 0.137045 0.014756 0.989901
1784010371.323358059 7.098919 -0.167625 -0.000823 -0.033587 0.136300 0.018434 0.989926
1784010371.422883034 7.200185 -0.160490 -0.001547 -0.033498 0.137893 0.021353 0.989650
1784010371.522911072 7.302577 -0.152836 -0.002422 -0.034050 0.138050 0.024204 0.989544
1784010371.623013973 7.405981 -0.144265 -0.002793 -0.035526 0.137037 0.027878 0.989536
1784010371.723165035 7.510066 -0.135065 -0.004035 -0.035566 0.137335 0.030754 0.989408
1784010371.823131084 7.613850 -0.125446 -0.004594 -0.035331 0.136995 0.033528 0.989374
1784010371.923010111 7.717519 -0.115340 -0.004847 -0.034930 0.136473 0.036253 0.989364
1784010372.023130178 7.821736 -0.104681 -0.006504 -0.034921 0.137356 0.038090 0.989173
1784010372.123044014 7.926119 -0.093761 -0.007160 -0.034157 0.138184 0.039951 0.989011
1784010372.222958088 8.031092 -0.082396 -0.007901 -0.034046 0.138313 0.042714 0.988881
1784010372.323075056 8.136736 -0.070368 -0.009269 -0.035240 0.138968 0.045334 0.988631
1784010372.422919989 8.242093 -0.057867 -0.009962 -0.034827 0.138283 0.048489 0.988592
1784010372.523226023 8.347319 -0.044308 -0.010708 -0.034992 0.138191 0.052016 0.988420
1784010372.623069048 8.451137 -0.029653 -0.011615 -0.036493 0.137552 0.055003 0.988293
1784010372.722803116 8.553872 -0.014369 -0.012219 -0.036762 0.136701 0.057999 0.988229
1784010372.823024035 8.657187 0.001580 -0.013131 -0.036992 0.137032 0.060836 0.988004
1784010372.923218012 8.761132 0.018318 -0.013964 -0.037456 0.135959 0.064202 0.987922
1784010373.022909164 8.864896 0.036020 -0.014051 -0.037804 0.134784 0.067348 0.987861
1784010373.122756004 8.969349 0.054377 -0.014740 -0.037936 0.133063 0.070557 0.987865
1784010373.222943068 9.074427 0.073338 -0.015819 -0.037359 0.132205 0.074455 0.987716
1784010373.322784185 9.177459 0.092804 -0.016063 -0.038586 0.132133 0.077157 0.987471
1784010373.422888041 9.278721 0.112175 -0.017020 -0.039496 0.133078 0.079412 0.987129
1784010373.522806168 9.380341 0.125275 -0.017603 -0.039232 0.132793 0.071380 0.987791
1784010373.622900009 9.483696 0.127821 -0.019124 -0.036332 0.135045 0.049393 0.988940
1784010373.723095179 9.586741 0.121029 -0.019242 -0.032329 0.135346 0.020852 0.990051
1784010373.822964191 9.688170 0.116060 -0.018859 -0.029580 0.135449 0.006185 0.990323
1784010373.922761202 9.788973 0.119248 -0.019239 -0.030607 0.135515 0.006997 0.990278
1784010374.023092985 9.890809 0.123175 -0.018754 -0.030576 0.134145 0.008565 0.990453
1784010374.122716188 9.992356 0.127587 -0.018908 -0.029741 0.134788 0.010196 0.990376
1784010374.222968102 10.095017 0.132452 -0.019475 -0.030181 0.134207 0.011553 0.990426
1784010374.322874069 10.197870 0.137916 -0.019746 -0.028836 0.133588 0.013011 0.990532
1784010374.423093081 10.301294 0.143533 -0.020514 -0.027831 0.133735 0.013998 0.990527
1784010374.522881031 10.404374 0.149258 -0.020979 -0.026545 0.132187 0.016003 0.990740
1784010374.622812033 10.507679 0.155462 -0.021382 -0.027330 0.134831 0.018330 0.990322
1784010374.722866058 10.610871 0.161975 -0.021863 -0.027831 0.134889 0.020706 0.990253
1784010374.822944164 10.712990 0.172156 -0.022380 -0.030011 0.135483 0.028532 0.989914
1784010374.922775984 10.812381 0.192987 -0.023979 -0.032257 0.136516 0.049929 0.988853
1784010375.022819042 10.907459 0.225386 -0.025218 -0.035981 0.136734 0.083449 0.986431
1784010375.122642994 10.997344 0.269169 -0.026523 -0.040945 0.135892 0.125884 0.981840
1784010375.222772121 11.080796 0.324551 -0.028937 -0.047248 0.134880 0.174512 0.974228
1784010375.322686195 11.157980 0.388622 -0.032423 -0.053123 0.134687 0.224036 0.963766
1784010375.422996044 11.227852 0.460534 -0.035860 -0.058493 0.133251 0.273999 0.950656
1784010375.522732019 11.289191 0.539133 -0.040050 -0.064918 0.133793 0.322774 0.934720
1784010375.622925997 11.342303 0.625424 -0.045605 -0.073935 0.132752 0.370408 0.916356
1784010375.723000050 11.386326 0.716998 -0.049904 -0.079973 0.130515 0.417647 0.895623
1784010375.822993040 11.419260 0.807633 -0.055645 -0.084658 0.130659 0.461128 0.873569
1784010375.922707081 11.440875 0.899420 -0.060739 -0.089908 0.128333 0.505086 0.848726
1784010376.022814035 11.457079 0.992841 -0.065600 -0.095380 0.122787 0.540244 0.827020
1784010376.122939110 11.474325 1.086944 -0.070686 -0.096640 0.121428 0.566301 0.809456
1784010376.222983122 11.493837 1.181743 -0.076806 -0.098728 0.120346 0.582314 0.797922
1784010376.322679043 11.510837 1.275328 -0.082845 -0.101610 0.119781 0.596051 0.787433
1784010376.422569990 11.523733 1.367304 -0.087943 -0.104363 0.119701 0.609868 0.776429
1784010376.522807121 11.528505 1.458456 -0.092987 -0.106575 0.118138 0.628431 0.761419
1784010376.622887135 11.527058 1.549700 -0.097893 -0.107245 0.115777 0.649252 0.744020
1784010376.722856045 11.520621 1.640712 -0.102502 -0.109750 0.112218 0.669181 0.726332
1784010376.822794199 11.513914 1.733841 -0.107170 -0.110219 0.110317 0.683781 0.712829
1784010376.922547102 11.506794 1.827804 -0.111331 -0.110019 0.108810 0.695006 0.702156
1784010377.022840977 11.501491 1.922707 -0.115276 -0.108843 0.108309 0.701676 0.695754
1784010377.122601986 11.497724 2.016042 -0.120347 -0.110620 0.107696 0.703499 0.693725
1784010377.222527027 11.493748 2.111461 -0.123977 -0.109407 0.106394 0.704859 0.692736
1784010377.322690010 11.489017 2.213403 -0.129185 -0.110256 0.106560 0.705849 0.691568
1784010377.422711134 11.484062 2.313628 -0.134530 -0.110478 0.106510 0.707738 0.689606
1784010377.522456169 11.478305 2.413808 -0.139384 -0.111166 0.106848 0.709366 0.687768
1784010377.622845173 11.471790 2.514495 -0.144270 -0.111216 0.106747 0.711351 0.685723
1784010377.722921133 11.464350 2.616265 -0.148998 -0.110910 0.105600 0.713818 0.683382
1784010377.822609186 11.455853 2.716808 -0.155365 -0.111810 0.104772 0.715586 0.681512
1784010377.922806025 11.446449 2.817401 -0.160982 -0.112075 0.104362 0.717636 0.679372
1784010378.022705078 11.436379 2.915771 -0.167274 -0.114212 0.104718 0.719619 0.676859
1784010378.122580051 11.425569 3.015677 -0.173823 -0.117286 0.105670 0.721601 0.674069
1784010378.222627163 11.413764 3.119070 -0.180049 -0.118879 0.105573 0.723843 0.671396
1784010378.322545052 11.404066 3.221854 -0.186065 -0.119169 0.105102 0.722883 0.672453
1784010378.422618151 11.410834 3.325616 -0.192293 -0.116641 0.107168 0.704217 0.692090
1784010378.522514105 11.434297 3.425359 -0.197487 -0.111581 0.112772 0.671942 0.723413
1784010378.622827053 11.456487 3.520798 -0.202934 -0.109967 0.114597 0.652659 0.740818
1784010378.722553015 11.471032 3.613623 -0.207384 -0.108755 0.115066 0.647562 0.745383
1784010378.822746038 11.480447 3.706517 -0.211715 -0.109938 0.116087 0.649027 0.743775
1784010378.922434092 11.489110 3.798114 -0.216405 -0.110772 0.115401 0.651374 0.741704
1784010379.022979021 11.497483 3.890929 -0.221375 -0.111326 0.114932 0.654247 0.739160
1784010379.122492075 11.504934 3.985391 -0.227249 -0.113357 0.115395 0.657037 0.736299
1784010379.222681999 11.512133 4.083081 -0.231940 -0.113670 0.114241 0.660159 0.733634
1784010379.322763205 11.518652 4.183508 -0.237092 -0.113026 0.113505 0.664718 0.729721
1784010379.422569990 11.524204 4.285751 -0.242448 -0.112826 0.109139 0.669139 0.726369
1784010379.522376060 11.527908 4.391918 -0.247373 -0.112846 0.106784 0.673829 0.722370
1784010379.622748137 11.530897 4.495481 -0.252644 -0.113891 0.105461 0.677490 0.718967
1784010379.722463131 11.532810 4.594746 -0.257616 -0.114315 0.102145 0.681057 0.716003
1784010379.822731018 11.533982 4.690751 -0.262721 -0.114844 0.102117 0.683523 0.713568
1784010379.922439098 11.534863 4.782266 -0.267700 -0.114011 0.102602 0.685789 0.711455
1784010380.022521019 11.534660 4.873223 -0.272098 -0.113488 0.102463 0.688623 0.708816
1784010380.122479200 11.527803 4.960340 -0.276427 -0.112894 0.102234 0.697602 0.700110
1784010380.222635031 11.509486 5.040557 -0.279994 -0.112112 0.099590 0.717069 0.680679
1784010380.322426081 11.481140 5.117434 -0.284139 -0.113527 0.097555 0.741340 0.654225
1784010380.422507048 11.442963 5.194743 -0.285979 -0.115099 0.093348 0.769658 0.621019
1784010380.522304058 11.398654 5.263218 -0.288635 -0.118208 0.090287 0.796286 0.586348
1784010380.622596025 11.351212 5.323044 -0.290620 -0.119957 0.088381 0.820985 0.551166
1784010380.722329140 11.302150 5.374939 -0.292518 -0.122599 0.083862 0.842953 0.517076
1784010380.822571993 11.248932 5.418052 -0.294144 -0.125368 0.078289 0.865225 0.479102
1784010380.922646999 11.188594 5.456739 -0.295707 -0.127652 0.073017 0.887367 0.436981
1784010381.022418022 11.124840 5.489396 -0.297516 -0.130535 0.065974 0.906987 0.394946
1784010381.122251987 11.059566 5.517390 -0.299293 -0.133444 0.060826 0.923183 0.355284
1784010381.222386122 10.986251 5.546157 -0.301597 -0.134549 0.055195 0.937379 0.316499
1784010381.322324991 10.910457 5.575499 -0.304076 -0.136216 0.050580 0.947577 0.284577
1784010381.422628164 10.837466 5.606633 -0.306144 -0.137495 0.048656 0.953447 0.263945
1784010381.522431135 10.764152 5.637473 -0.308859 -0.138715 0.045109 0.957473 0.248936
1784010381.622503996 10.688739 5.667624 -0.310449 -0.138716 0.044470 0.961573 0.232718
1784010381.722378016 10.607121 5.698822 -0.311931 -0.138114 0.041889 0.964847 0.219637
1784010381.822427034 10.523866 5.729567 -0.313488 -0.137941 0.041131 0.967863 0.206208
1784010381.922324181 10.439443 5.757867 -0.315329 -0.137983 0.038065 0.970471 0.194158
1784010382.022392988 10.354712 5.784285 -0.316580 -0.136906 0.037609 0.973048 0.181713
1784010382.122280121 10.271112 5.807584 -0.317585 -0.135848 0.035991 0.975494 0.169297
1784010382.222570181 10.187726 5.828995 -0.318923 -0.135306 0.034911 0.977603 0.157369
1784010382.322417021 10.103323 5.848001 -0.320592 -0.135359 0.032319 0.979503 0.145628
1784010382.422616005 10.018171 5.865447 -0.322048 -0.135246 0.032017 0.981263 0.133441
1784010382.522251129 9.933608 5.880584 -0.323451 -0.136603 0.030937 0.982736 0.120882
1784010382.622596025 9.848908 5.889622 -0.324435 -0.136807 0.030260 0.984938 0.101318
1784010382.722304106 9.757173 5.886337 -0.326084 -0.138105 0.027824 0.987766 0.066861
1784010382.822477102 9.674178 5.866454 -0.325969 -0.136213 0.020126 0.990269 0.020186
1784010382.922387123 9.605727 5.846369 -0.326174 -0.135715 0.014741 0.990530 -0.014661
1784010383.022397041 9.542633 5.832998 -0.326171 -0.135284 0.012076 0.990196 -0.032615
1784010383.122485161 9.481446 5.825783 -0.326571 -0.134598 0.011771 0.990108 -0.037817
1784010383.222414970 9.420466 5.819201 -0.326993 -0.134318 0.011807 0.990052 -0.040200
1784010383.322237015 9.354800 5.812204 -0.326733 -0.133493 0.012371 0.990048 -0.042805
1784010383.422211170 9.282115 5.804086 -0.327297 -0.133446 0.013336 0.989929 -0.045330
1784010383.522449017 9.204164 5.794994 -0.327636 -0.133453 0.012788 0.989785 -0.048503
1784010383.622447968 9.116109 5.784573 -0.328856 -0.134179 0.011628 0.989569 -0.051131
1784010383.722114086 9.021312 5.769853 -0.329731 -0.135216 0.009814 0.988950 -0.059979
1784010383.822476149 8.921575 5.749439 -0.331530 -0.137351 0.007178 0.987672 -0.074743
1784010383.922193050 8.821011 5.718908 -0.332921 -0.138573 0.002992 0.985258 -0.100279
1784010384.022477150 8.722615 5.674996 -0.332990 -0.137153 -0.002755 0.981093 -0.136520
1784010384.122226000 8.628329 5.622626 -0.332334 -0.135062 -0.008658 0.975456 -0.173692
1784010384.222257137 8.534436 5.572113 -0.331654 -0.131298 -0.011341 0.971646 -0.196307
1784010384.322316170 8.441075 5.524176 -0.330777 -0.129826 -0.013722 0.969467 -0.207584
1784010384.422464132 8.349283 5.478524 -0.329853 -0.126371 -0.014656 0.968464 -0.214225
1784010384.522495985 8.260785 5.431233 -0.328913 -0.124641 -0.016982 0.966751 -0.222640
1784010384.622349977 8.177103 5.378655 -0.327477 -0.121483 -0.020787 0.963499 -0.237654
1784010384.722136974 8.099986 5.317293 -0.325866 -0.120136 -0.024675 0.956642 -0.264187
1784010384.822293043 8.027610 5.248509 -0.324182 -0.117049 -0.029091 0.947688 -0.295536
1784010384.922314167 7.960079 5.174321 -0.322025 -0.114320 -0.034281 0.937379 -0.327225
1784010385.022091150 7.896082 5.095218 -0.319869 -0.112076 -0.040185 0.926566 -0.356792
1784010385.122152090 7.831952 5.015056 -0.317453 -0.110225 -0.041220 0.917739 -0.379351
1784010385.222311974 7.766693 4.933703 -0.315323 -0.110947 -0.042387 0.911377 -0.394064
1784010385.322005033 7.697066 4.853046 -0.312596 -0.112305 -0.040817 0.909374 -0.398448
1784010385.422512054 7.625162 4.770505 -0.308944 -0.111030 -0.040816 0.908192 -0.401490
1784010385.522017002 7.553169 4.687353 -0.305887 -0.110147 -0.040492 0.907167 -0.404073
1784010385.622152090 7.480518 4.603002 -0.302392 -0.108576 -0.039915 0.906272 -0.406558
1784010385.722249985 7.408386 4.518142 -0.298889 -0.108123 -0.039573 0.904854 -0.409858
1784010385.822398186 7.337327 4.433220 -0.295803 -0.108596 -0.040490 0.903265 -0.413135
1784010385.922439098 7.267316 4.348615 -0.292242 -0.107545 -0.040929 0.901900 -0.416335
1784010386.022229195 7.198495 4.263819 -0.288634 -0.107231 -0.041617 0.900427 -0.419525
1784010386.122070074 7.129579 4.178998 -0.285573 -0.108371 -0.041614 0.899193 -0.421872
1784010386.222315073 7.059148 4.095336 -0.282897 -0.110346 -0.042108 0.899531 -0.420588
1784010386.322116137 6.988202 4.014508 -0.279577 -0.112733 -0.041867 0.900965 -0.416894
1784010386.422122002 6.916102 3.935548 -0.276985 -0.112688 -0.041314 0.903478 -0.411487
1784010386.522049189 6.842350 3.859417 -0.274012 -0.112131 -0.040164 0.906885 -0.404194
1784010386.622313976 6.766963 3.785840 -0.270782 -0.110646 -0.039674 0.911625 -0.393856
1784010386.722002029 6.686644 3.717827 -0.268913 -0.113130 -0.036659 0.918559 -0.376970
1784010386.822256088 6.600588 3.655859 -0.267108 -0.115030 -0.032966 0.927569 -0.353974
1784010386.922352076 6.509825 3.601060 -0.265367 -0.118037 -0.028980 0.937624 -0.325711
1784010387.022175074 6.414242 3.556597 -0.264270 -0.120775 -0.024190 0.948723 -0.291125
1784010387.122117043 6.314278 3.521607 -0.263118 -0.123549 -0.019890 0.959517 -0.252324
1784010387.222133160 6.210954 3.496741 -0.262339 -0.126589 -0.013582 0.969226 -0.210692
1784010387.322166204 6.105154 3.481133 -0.261895 -0.128637 -0.008177 0.977382 -0.167661
1784010387.421929121 5.998069 3.475594 -0.262118 -0.131273 -0.002077 0.983669 -0.123121
1784010387.522199154 5.889407 3.480032 -0.262261 -0.132761 0.004508 0.988122 -0.077261
1784010387.622318029 5.781355 3.494955 -0.263052 -0.135110 0.008953 0.990222 -0.033542
1784010387.722115993 5.674949 3.519770 -0.263926 -0.135064 0.012618 0.990703 0.010286
1784010387.822198153 5.571002 3.553936 -0.264904 -0.135895 0.017016 0.989082 0.054396
1784010387.922008038 5.471738 3.596715 -0.266497 -0.137434 0.023249 0.985382 0.097952
1784010388.022212029 5.377073 3.646774 -0.268205 -0.136493 0.026493 0.980007 0.142316
1784010388.122029066 5.288509 3.702693 -0.270539 -0.135931 0.033226 0.972889 0.184134
1784010388.222074032 5.204162 3.759046 -0.272307 -0.135125 0.040194 0.966297 0.215396
1784010388.322159052 5.118152 3.804846 -0.273814 -0.134336 0.041516 0.964747 0.222473
1784010388.422158003 5.033701 3.844013 -0.274965 -0.133368 0.042440 0.965374 0.220147
1784010388.522083998 4.950662 3.882597 -0.276283 -0.133720 0.041770 0.965420 0.219858
1784010388.622262001 4.868732 3.921185 -0.277415 -0.135243 0.042109 0.965518 0.218427
1784010388.722037077 4.787430 3.958750 -0.277860 -0.136815 0.041103 0.965563 0.217440
1784010388.822071075 4.705778 3.996572 -0.278922 -0.138716 0.041804 0.965557 0.216125
1784010388.922048092 4.622927 4.034408 -0.279457 -0.138266 0.041924 0.966051 0.214175
1784010389.022222996 4.538271 4.072487 -0.280867 -0.139737 0.041028 0.966059 0.213354
1784010389.122088194 4.451439 4.111926 -0.281353 -0.138380 0.042080 0.966481 0.212121
1784010389.222156048 4.362557 4.152016 -0.281315 -0.138422 0.042193 0.966676 0.211181
1784010389.322058201 4.274555 4.191983 -0.281717 -0.136781 0.042304 0.967039 0.210562
1784010389.422127008 4.185008 4.232385 -0.281931 -0.135450 0.042592 0.967425 0.209592
1784010389.522058010 4.092688 4.273895 -0.283143 -0.134359 0.043211 0.967731 0.208752
1784010389.621951103 3.998347 4.315896 -0.283993 -0.133514 0.042789 0.968291 0.206775
1784010389.721938133 3.902969 4.357695 -0.284590 -0.132344 0.041526 0.968844 0.205190
1784010389.821824074 3.808849 4.398957 -0.285132 -0.131013 0.042476 0.969397 0.203224
1784010389.922375202 3.715252 4.439285 -0.285726 -0.130513 0.041644 0.969886 0.201381
1784010390.021931171 3.622841 4.478416 -0.286738 -0.131959 0.039901 0.969947 0.200494
1784010390.122137070 3.531393 4.517124 -0.286990 -0.131599 0.040108 0.970221 0.199361
1784010390.221810102 3.439413 4.554893 -0.287119 -0.131324 0.039274 0.970714 0.197298
1784010390.321789026 3.344648 4.593394 -0.288460 -0.130560 0.037734 0.971103 0.196189
1784010390.421962976 3.251361 4.630364 -0.291267 -0.129903 0.037789 0.971652 0.193882
1784010390.522020102 3.155828 4.667366 -0.294166 -0.132953 0.036451 0.971817 0.191225
1784010390.622071028 3.054046 4.708843 -0.293663 -0.135546 0.035521 0.971880 0.189246
1784010390.722155094 2.950879 4.749572 -0.294073 -0.137213 0.034889 0.972229 0.186351
1784010390.822036982 2.848785 4.788599 -0.294179 -0.138312 0.033670 0.972718 0.183183
1784010390.922096014 2.747758 4.826494 -0.294574 -0.137020 0.032306 0.973434 0.180577
1784010391.022030115 2.647527 4.862949 -0.295190 -0.135676 0.031793 0.974120 0.177967
1784010391.121847153 2.550320 4.897645 -0.295911 -0.135607 0.031911 0.974427 0.176307
1784010391.222074032 2.454743 4.931853 -0.297218 -0.135771 0.032926 0.974504 0.175565
1784010391.321685076 2.362028 4.964542 -0.298208 -0.135603 0.034088 0.974590 0.174996
1784010391.421974182 2.272135 4.996230 -0.299843 -0.137308 0.035841 0.974318 0.174830
1784010391.521800041 2.184018 5.027110 -0.300698 -0.137213 0.037510 0.974577 0.173106
1784010391.622024059 2.095067 5.057646 -0.301690 -0.137765 0.036352 0.974740 0.171995
1784010391.722005129 2.007132 5.087962 -0.302595 -0.135978 0.037707 0.975212 0.170440
1784010391.821877003 1.919176 5.117383 -0.302850 -0.135663 0.036661 0.975617 0.168590
1784010391.921626091 1.830437 5.147072 -0.303337 -0.135302 0.035732 0.976018 0.166747
1784010392.021908998 1.744082 5.175452 -0.303653 -0.135722 0.035474 0.976331 0.164619
1784010392.121889114 1.653121 5.206280 -0.303752 -0.136005 0.037221 0.976417 0.163485
1784010392.221634150 1.551763 5.238438 -0.304598 -0.135652 0.036486 0.977131 0.159629
1784010392.321981192 1.449251 5.270753 -0.305176 -0.135926 0.033851 0.977441 0.158071
1784010392.422058105 1.345877 5.303542 -0.305093 -0.134884 0.034797 0.977872 0.156083
1784010392.522063017 1.241175 5.336297 -0.305076 -0.132733 0.034650 0.978569 0.153570
1784010392.621918201 1.133664 5.369378 -0.305675 -0.133589 0.032173 0.978785 0.151982
1784010392.721777201 1.029429 5.401040 -0.306267 -0.134719 0.033161 0.979027 0.149190
1784010392.821670055 0.927594 5.431218 -0.307690 -0.136764 0.032855 0.979208 0.146175
1784010392.921589136 0.824248 5.460601 -0.309764 -0.138710 0.031158 0.979491 0.142777
1784010393.021820068 0.720216 5.485944 -0.311106 -0.140019 0.031518 0.980623 0.133344
1784010393.121824026 0.619363 5.503832 -0.301732 -0.144610 0.040587 0.981827 0.116000
1784010393.222104073 0.515735 5.516270 -0.303672 -0.142708 0.036371 0.984192 0.098371
1784010393.321602106 0.412474 5.525350 -0.305223 -0.142524 0.033419 0.985915 0.080883
1784010393.421606064 0.308711 5.533221 -0.306951 -0.142245 0.031707 0.987088 0.066469
1784010393.521691084 0.208268 5.541147 -0.308937 -0.143150 0.030079 0.987561 0.057669
1784010393.621590137 0.110842 5.549150 -0.310860 -0.143665 0.029554 0.987787 0.052579
1784010393.721650124 0.010882 5.557087 -0.312427 -0.143460 0.028584 0.988039 0.048794
1784010393.821717978 -0.091323 5.565141 -0.314392 -0.143061 0.029115 0.988256 0.045121
1784010393.921617031 -0.195280 5.573201 -0.316990 -0.143600 0.028884 0.988286 0.042843
1784010394.021802187 -0.300976 5.581047 -0.318595 -0.142574 0.029084 0.988507 0.040995
1784010394.121507168 -0.407136 5.588583 -0.320351 -0.141366 0.029836 0.988751 0.038685
1784010394.221971989 -0.514376 5.595179 -0.322722 -0.140194 0.029155 0.989049 0.035736
1784010394.321686983 -0.617493 5.599487 -0.324285 -0.137106 0.029926 0.989642 0.030246
1784010394.421627998 -0.720642 5.601431 -0.325544 -0.137540 0.028294 0.989843 0.022214
1784010394.521763086 -0.823812 5.601623 -0.326483 -0.136261 0.025051 0.990243 0.014968
1784010394.621739149 -0.925359 5.600462 -0.327341 -0.135897 0.023862 0.990408 0.007424
1784010394.721451044 -1.025124 5.597184 -0.328332 -0.135078 0.022496 0.990578 -0.001618
1784010394.821746111 -1.125354 5.590261 -0.329037 -0.135221 0.019544 0.990533 -0.013296
1784010394.921519041 -1.225514 5.580470 -0.330640 -0.137402 0.017578 0.990045 -0.024943
1784010395.021836042 -1.325865 5.567322 -0.331593 -0.138189 0.015086 0.989569 -0.037797
1784010395.121443033 -1.425870 5.550368 -0.332382 -0.136791 0.012465 0.989091 -0.053215
1784010395.221647978 -1.524714 5.528453 -0.333262 -0.136374 0.008734 0.988124 -0.070261
1784010395.321494102 -1.621479 5.501272 -0.333781 -0.133651 0.005822 0.986967 -0.089439
1784010395.421880007 -1.715431 5.468229 -0.335094 -0.133200 0.002958 0.984794 -0.111490
1784010395.521389008 -1.809749 5.429287 -0.335298 -0.131675 -0.000465 0.981954 -0.135749
1784010395.621729136 -1.906754 5.382775 -0.333643 -0.130824 -0.002554 0.977991 -0.162520
1784010395.721819162 -1.999241 5.326554 -0.331365 -0.128909 -0.004180 0.971715 -0.197826
1784010395.821429968 -2.082270 5.257477 -0.328217 -0.125769 -0.006503 0.961292 -0.245066
1784010395.921364069 -2.152533 5.177403 -0.324755 -0.122271 -0.011642 0.946283 -0.299103
1784010396.021468163 -2.208173 5.089417 -0.320284 -0.115240 -0.021195 0.926481 -0.357635
1784010396.121515036 -2.247892 4.994496 -0.316067 -0.111269 -0.031748 0.899463 -0.421400
1784010396.221603155 -2.270566 4.900775 -0.311988 -0.103486 -0.042680 0.869348 -0.481356
1784010396.321727037 -2.281631 4.811092 -0.307645 0.097916 0.052088 -0.839818 0.531418
1784010396.421419144 -2.277797 4.718943 -0.303729 0.092784 0.061637 -0.803329 0.585025
1784010396.521835089 -2.262662 4.626774 -0.299966 0.086669 0.068599 -0.765006 0.634467
1784010396.621731997 -2.234207 4.534360 -0.295824 0.078339 0.076802 -0.722819 0.682273
1784010396.721383095 -2.195338 4.446908 -0.291709 0.071930 0.083057 -0.678576 0.726266
1784010396.821779013 -2.144355 4.365001 -0.286453 0.064005 0.087873 -0.628094 0.770506
1784010396.921432972 -2.086747 4.289673 -0.281966 0.055548 0.092273 -0.580322 0.807234
1784010397.021344185 -2.015568 4.221253 -0.278232 0.046384 0.098585 -0.523096 0.845281
1784010397.121487141 -1.942050 4.154071 -0.274485 0.037430 0.103616 -0.478811 0.870978
1784010397.221842051 -1.878439 4.071519 -0.269759 0.034837 0.105262 -0.466228 0.877689
1784010397.321582079 -1.816066 3.984487 -0.264831 0.034643 0.104870 -0.459859 0.881097
1784010397.421595097 -1.751246 3.896576 -0.260446 0.034881 0.106966 -0.454539 0.883593
1784010397.521669149 -1.685248 3.809132 -0.255804 0.035645 0.107250 -0.449272 0.886218
1784010397.621687174 -1.610638 3.730784 -0.251322 0.036293 0.108713 -0.426395 0.897247
1784010397.721724033 -1.521427 3.671058 -0.247697 0.025168 0.110835 -0.382153 0.917083
1784010397.821526051 -1.436569 3.609592 -0.243471 0.017768 0.110026 -0.358041 0.927030
1784010397.921850204 -1.355685 3.545961 -0.239500 0.015397 0.110795 -0.346095 0.931507
1784010398.021603107 -1.278278 3.482702 -0.235199 0.012446 0.108905 -0.342217 0.933205
1784010398.121613026 -1.200975 3.420709 -0.230967 0.011437 0.110263 -0.338780 0.934312
1784010398.221523046 -1.123776 3.360197 -0.227227 0.012487 0.112329 -0.334265 0.935678
1784010398.321530104 -1.046336 3.300945 -0.223593 0.011965 0.115597 -0.330701 0.936553
1784010398.421590090 -0.971675 3.237372 -0.220382 0.013657 0.117296 -0.336157 0.934374
1784010398.521239996 -0.903297 3.167630 -0.216668 0.016539 0.116416 -0.351871 0.928634
1784010398.621323109 -0.842500 3.089915 -0.212115 0.019848 0.114868 -0.378498 0.918232
1784010398.721292019 -0.794503 3.000610 -0.207559 0.026256 0.112284 -0.421096 0.899656
1784010398.821573973 -0.761978 2.902491 -0.201978 0.033173 0.106759 -0.473259 0.873801
1784010398.921277046 -0.741823 2.800858 -0.196997 0.042292 0.100552 -0.523281 0.845149
1784010399.021398067 -0.732274 2.698867 -0.191596 0.049494 0.094939 -0.570904 0.814006
1784010399.121325016 -0.735485 2.597105 -0.186402 0.058442 0.088311 -0.616223 0.780420
1784010399.221538067 -0.749341 2.498724 -0.181557 0.063419 0.084544 -0.658378 0.745231
1784010399.321218014 -0.774656 2.402169 -0.176886 0.070023 0.078816 -0.698706 0.707597
1784010399.421707153 -0.810734 2.309894 -0.172356 0.076209 0.072899 -0.737986 0.666524
1784010399.521242142 -0.857322 2.221707 -0.167287 0.082046 0.065301 -0.773861 0.624614
1784010399.621337175 -0.912182 2.138808 -0.162233 0.086723 0.060259 -0.807058 0.580952
1784010399.721158028 -0.977934 2.063038 -0.157723 0.093924 0.051412 -0.838361 0.534496
1784010399.821328163 -1.049310 1.994757 -0.153333 -0.098438 -0.042540 0.865942 -0.488512
1784010399.921430111 -1.130398 1.934558 -0.150493 -0.105659 -0.034238 0.892124 -0.437925
1784010400.021413088 -1.216417 1.885100 -0.146911 -0.111777 -0.027973 0.915705 -0.384978
1784010400.121364117 -1.308178 1.845665 -0.144492 -0.117626 -0.019925 0.935927 -0.331372
1784010400.221349001 -1.402675 1.816025 -0.143145 -0.122517 -0.014133 0.952814 -0.277373
1784010400.321452141 -1.500547 1.795648 -0.141492 -0.126735 -0.003897 0.965677 -0.226696
1784010400.421096087 -1.592151 1.760978 -0.138945 -0.125748 0.000383 0.968668 -0.214174
1784010400.521131039 -1.681645 1.715535 -0.137095 -0.125938 0.001752 0.967452 -0.219482
1784010400.621524096 -1.768752 1.664634 -0.133938 -0.124506 -0.001618 0.964751 -0.231843
1784010400.721500158 -1.852934 1.609605 -0.130304 -0.124674 -0.006352 0.960705 -0.247917
1784010400.821217060 -1.934525 1.550542 -0.127400 -0.123526 -0.008785 0.955901 -0.266304
1784010400.921278000 -2.009404 1.482563 -0.123616 -0.121867 -0.013417 0.947669 -0.294774
1784010401.021165133 -2.075599 1.406348 -0.119382 -0.118394 -0.019490 0.936020 -0.330863
1784010401.121105194 -2.131199 1.322437 -0.114534 -0.115897 -0.024347 0.919409 -0.375048
1784010401.221481085 -2.175484 1.232018 -0.109608 -0.112122 -0.031576 0.899356 -0.421415
1784010401.321408033 -2.207948 1.138392 -0.103443 -0.105121 -0.038387 0.876522 -0.468172
1784010401.421446085 -2.229064 1.043629 -0.097865 0.101319 0.044341 -0.850259 0.514615
1784010401.521490097 -2.237488 0.948242 -0.092397 0.094183 0.051380 -0.820651 0.561269
1784010401.621393204 -2.236802 0.853947 -0.086942 0.088040 0.057043 -0.791114 0.602606
1784010401.721104145 -2.223592 0.760165 -0.081381 0.082835 0.061814 -0.755420 0.647037
1784010401.821439028 -2.201201 0.669713 -0.075631 0.076998 0.066530 -0.719005 0.687515
1784010401.921363115 -2.168951 0.582376 -0.069325 0.068078 0.075035 -0.679653 0.726503
1784010402.021217108 -2.126968 0.500011 -0.063995 0.060420 0.080768 -0.637946 0.763447
1784010402.121061087 -2.073799 0.423143 -0.058646 0.052186 0.087523 -0.592506 0.799095
1784010402.221175194 -2.013325 0.353145 -0.054466 0.046125 0.093980 -0.546621 0.830810
1784010402.321125984 -1.942722 0.292155 -0.051110 0.036929 0.100254 -0.494418 0.862633
1784010402.421266079 -1.866051 0.240308 -0.048106 0.027687 0.106781 -0.443407 0.889506
1784010402.521215200 -1.781851 0.198926 -0.045327 0.019825 0.112089 -0.385737 0.915560
1784010402.621469975 -1.695459 0.167252 -0.043750 0.013625 0.117474 -0.330249 0.936456
1784010402.721044064 -1.604556 0.147328 -0.042734 0.004355 0.120313 -0.272599 0.954566
1784010402.821261168 -1.512892 0.136518 -0.042308 -0.001901 0.123623 -0.218208 0.968039
1784010402.921108007 -1.422979 0.122343 -0.040833 -0.006143 0.124731 -0.183816 0.974995
1784010403.021187067 -1.334367 0.093534 -0.038956 -0.007498 0.125730 -0.177413 0.976043
1784010403.120963097 -1.244689 0.064532 -0.037156 -0.009628 0.124835 -0.172585 0.977005
1784010403.221294165 -1.154083 0.036148 -0.035244 -0.012098 0.125277 -0.168171 0.977690
1784010403.321053982 -1.064727 0.008857 -0.034583 -0.012454 0.126255 -0.163308 0.978384
1784010403.421310186 -0.976079 -0.015245 -0.033808 -0.014118 0.125673 -0.155187 0.979757
1784010403.521291971 -0.886782 -0.027492 -0.034121 -0.017595 0.128126 -0.131838 0.982799
1784010403.621173143 -0.797621 -0.028577 -0.034939 -0.022989 0.129555 -0.098497 0.986400
1784010403.721014023 -0.709935 -0.025657 -0.035993 -0.027457 0.131467 -0.069200 0.988521
1784010403.821314096 -0.623977 -0.022334 -0.036526 -0.029993 0.131508 -0.046333 0.989777
1784010403.920981169 -0.539594 -0.017120 -0.037123 -0.034655 0.131308 -0.028630 0.990322
1784010404.021212101 -0.457223 -0.010006 -0.038021 -0.036395 0.131692 -0.011234 0.990559
1784010404.121235132 -0.375606 -0.004025 -0.038559 -0.038015 0.131214 -0.001416 0.990624
1784010404.221254110 -0.291060 -0.000179 -0.039051 -0.037339 0.130995 0.003715 0.990673
1784010404.321183205 -0.206520 -0.000140 -0.038818 -0.037335 0.131089 -0.000294 0.990667
1784010404.421128988 -0.121312 -0.007114 -0.038747 -0.034004 0.131150 -0.012906 0.990695
1784010404.521063089 -0.037222 -0.028229 -0.037024 -0.030804 0.129693 -0.044219 0.990089
1784010404.621227980 0.043131 -0.046816 -0.035616 -0.026938 0.128697 -0.060865 0.989448
1784010404.721264124 0.119398 -0.055395 -0.034975 -0.028429 0.128345 -0.061663 0.989402
1784010404.821056128 0.191283 -0.063424 -0.034327 -0.028849 0.127656 -0.061517 0.989488
1784010404.920854092 0.262869 -0.071441 -0.033448 -0.028774 0.127521 -0.061714 0.989496
1784010405.020895004 0.339073 -0.079713 -0.032738 -0.028578 0.127465 -0.060850 0.989562
1784010405.121075153 0.418390 -0.088396 -0.032419 -0.028725 0.127541 -0.060795 0.989551
1784010405.220981121 0.500767 -0.097438 -0.031341 -0.028809 0.127756 -0.059976 0.989571
1784010405.320932150 0.589030 -0.107012 -0.030697 -0.028535 0.128439 -0.059196 0.989538
1784010405.421174049 0.680396 -0.116566 -0.029558 -0.028730 0.127204 -0.057244 0.989806
1784010405.521136999 0.773856 -0.125869 -0.028620 -0.030260 0.127209 -0.056228 0.989818
1784010405.620966196 0.868593 -0.135055 -0.027518 -0.028886 0.126793 -0.053620 0.990058
1784010405.720813036 0.962771 -0.143168 -0.025726 -0.029818 0.127030 -0.051980 0.990087
1784010405.821093082 1.055072 -0.151095 -0.024617 -0.030082 0.126565 -0.051345 0.990172
1784010405.921130180 1.146694 -0.158357 -0.023030 -0.030778 0.126463 -0.050200 0.990222
1784010406.021217108 1.238879 -0.165457 -0.021381 -0.030121 0.127224 -0.048254 0.990242
1784010406.120795012 1.335206 -0.171623 -0.019793 -0.029575 0.125825 -0.044517 0.990612
1784010406.221080065 1.435227 -0.177367 -0.018380 -0.030342 0.126455 -0.042312 0.990605
1784010406.320777178 1.534604 -0.182455 -0.017024 -0.030730 0.127230 -0.039380 0.990615
1784010406.421033144 1.635728 -0.183939 -0.015821 -0.032680 0.127681 -0.032714 0.990737
1784010406.520845175 1.737220 -0.178166 -0.015740 -0.035251 0.127215 -0.018049 0.991084
1784010406.621020079 1.838553 -0.165195 -0.015627 -0.037536 0.126448 0.003628 0.991256
1784010406.720816135 1.938895 -0.147224 -0.015642 -0.040630 0.126860 0.025689 0.990755
1784010406.821057081 2.042470 -0.131848 -0.015808 -0.041494 0.127603 0.036555 0.990282
1784010406.920741081 2.148129 -0.120256 -0.016915 -0.041432 0.128777 0.038881 0.990045
1784010407.020815134 2.254198 -0.108208 -0.017555 -0.041491 0.129206 0.041147 0.989895
1784010407.121209145 2.360943 -0.095772 -0.018291 -0.039831 0.129502 0.044221 0.989792
1784010407.221026182 2.469709 -0.082077 -0.019504 -0.039756 0.131215 0.046622 0.989459
1784010407.320854187 2.581684 -0.067650 -0.019908 -0.039567 0.129957 0.049502 0.989492
1784010407.421029091 2.698380 -0.052427 -0.020097 -0.039623 0.130561 0.053860 0.989183
1784010407.521162033 2.818037 -0.038922 -0.020320 -0.041237 0.131128 0.053748 0.989048
1784010407.620789051 2.936550 -0.029030 -0.019094 -0.042357 0.129237 0.048705 0.989511
1784010407.721232176 3.056613 -0.023061 -0.017673 -0.042515 0.127458 0.039471 0.990146
1784010407.821068048 3.176587 -0.018633 -0.016660 -0.041357 0.125550 0.031018 0.990739
1784010407.921200991 3.295624 -0.011735 -0.015712 -0.040024 0.127570 0.028648 0.990608
1784010408.021032095 3.413970 -0.002870 -0.016040 -0.041577 0.128401 0.028348 0.990445
1784010408.120913982 3.534121 0.006051 -0.016650 -0.040071 0.132261 0.029551 0.989964
1784010408.220776081 3.656067 0.015731 -0.017537 -0.040061 0.132161 0.031408 0.989920
1784010408.321040154 3.780510 0.026240 -0.018807 -0.041282 0.133146 0.033075 0.989684
1784010408.420978069 3.906362 0.037539 -0.019657 -0.041057 0.132765 0.034928 0.989681
1784010408.520832062 4.032083 0.049877 -0.021166 -0.040605 0.133933 0.037363 0.989453
1784010408.620848179 4.160194 0.063233 -0.022473 -0.040528 0.133817 0.039782 0.989377
1784010408.720733166 4.293402 0.077359 -0.023473 -0.041301 0.135099 0.042095 0.989076
1784010408.820939064 4.424986 0.092447 -0.024161 -0.043159 0.134658 0.044678 0.988943
1784010408.920992136 4.555687 0.108067 -0.024734 -0.044169 0.132699 0.047385 0.989037
1784010409.020796061 4.686700 0.124481 -0.025840 -0.045351 0.134023 0.049968 0.988678
1784010409.120581150 4.819681 0.142403 -0.026421 -0.045061 0.134687 0.053558 0.988413
1784010409.221071005 4.955183 0.161186 -0.026787 -0.045482 0.133739 0.056915 0.988335
1784010409.321039200 5.089234 0.180650 -0.028313 -0.046066 0.135438 0.059692 0.987913
1784010409.420750141 5.221056 0.200763 -0.029191 -0.046081 0.135932 0.062220 0.987688
1784010409.520925045 5.352957 0.221994 -0.030383 -0.047971 0.134269 0.064843 0.987657
1784010409.620846987 5.484814 0.243830 -0.032268 -0.046551 0.135389 0.068170 0.987348
1784010409.720716000 5.618903 0.266734 -0.034515 -0.047855 0.134270 0.071709 0.987188
1784010409.820683002 5.756784 0.290989 -0.037092 -0.049208 0.133818 0.074259 0.986994
1784010409.920974970 5.896880 0.316497 -0.039425 -0.049455 0.134846 0.077395 0.986601
1784010410.020755053 6.039240 0.343295 -0.041666 -0.050999 0.135162 0.079883 0.986280
1784010410.120895147 6.182320 0.370872 -0.043878 -0.052451 0.134109 0.083286 0.986066
1784010410.220839024 6.323216 0.394266 -0.045688 -0.053599 0.132440 0.079366 0.986554
1784010410.320621967 6.463897 0.408813 -0.046118 -0.050464 0.132137 0.064469 0.987845
1784010410.420816183 6.601757 0.414010 -0.046052 -0.047210 0.129475 0.042451 0.989548
1784010410.520714045 6.738192 0.412031 -0.046426 -0.043373 0.129226 0.019124 0.990482
1784010410.620589018 6.877415 0.414471 -0.046631 -0.041284 0.132503 0.012704 0.990241
1784010410.720583200 7.018083 0.421749 -0.047392 -0.042253 0.134214 0.013627 0.989957
1784010410.820846081 7.156025 0.429058 -0.048357 -0.041016 0.133530 0.014777 0.990085
1784010410.920727015 7.297041 0.437772 -0.049992 -0.041012 0.134344 0.017081 0.989938
1784010411.020757198 7.441062 0.446652 -0.049707 -0.041017 0.134575 0.020104 0.989850
1784010411.120908022 7.586871 0.457191 -0.049664 -0.042386 0.132778 0.024511 0.989936
1784010411.221009970 7.733842 0.469151 -0.049966 -0.044053 0.132065 0.028629 0.989848
1784010411.320562124 7.882044 0.482764 -0.049817 -0.044576 0.131112 0.033270 0.989806
1784010411.420957088 8.032287 0.497843 -0.050304 -0.045276 0.132332 0.035994 0.989516
1784010411.520786047 8.180708 0.512291 -0.050143 -0.044457 0.131633 0.036491 0.989629
1784010411.620587111 8.330505 0.522320 -0.050200 -0.044448 0.130753 0.029872 0.989968
1784010411.720682144 8.478037 0.522104 -0.049216 -0.041462 0.130502 0.012479 0.990502
1784010411.820638180 8.622771 0.515195 -0.048268 -0.038520 0.129306 -0.006160 0.990837
1784010411.920457125 8.769730 0.508898 -0.046113 -0.036079 0.128115 -0.015401 0.990983
1784010412.020560980 8.918791 0.506783 -0.044191 -0.035899 0.125722 -0.015371 0.991297
1784010412.120844126 9.058767 0.505322 -0.042731 -0.035868 0.125543 -0.015566 0.991317
1784010412.220859051 9.194095 0.504114 -0.040810 -0.036349 0.126080 -0.014366 0.991250
1784010412.320665121 9.332608 0.503713 -0.040145 -0.037550 0.127912 -0.012661 0.990994
1784010412.420720100 9.470652 0.504102 -0.039633 -0.037292 0.129717 -0.009309 0.990806
1784010412.520493984 9.609363 0.505822 -0.039527 -0.039248 0.129209 -0.006089 0.990822
1784010412.620789051 9.749674 0.508275 -0.039177 -0.039070 0.128710 -0.003331 0.990907
1784010412.720810175 9.893966 0.511726 -0.038296 -0.039616 0.128171 0.000374 0.990960
1784010412.820465088 10.037509 0.516003 -0.037817 -0.041440 0.127867 0.003047 0.990920
1784010412.920433044 10.181197 0.520656 -0.037008 -0.041712 0.128186 0.006308 0.990853
1784010413.020728111 10.328864 0.527567 -0.036447 -0.043028 0.128565 0.009707 0.990720
1784010413.120779991 10.469681 0.534273 -0.035833 -0.041358 0.128958 0.012429 0.990709
1784010413.220520973 10.606172 0.541337 -0.035689 -0.040515 0.129786 0.014892 0.990602
1784010413.320458174 10.747108 0.550001 -0.034972 -0.039742 0.130018 0.019122 0.990530
1784010413.420803070 10.891555 0.558977 -0.034601 -0.039189 0.129543 0.022079 0.990553
1784010413.520639181 11.034044 0.569593 -0.034724 -0.040278 0.129962 0.026122 0.990356
1784010413.620586157 11.176739 0.584232 -0.035017 -0.041670 0.130884 0.035598 0.989882
1784010413.720390081 11.315753 0.604676 -0.035807 -0.045017 0.131834 0.050219 0.988975
1784010413.820652008 11.446394 0.637339 -0.038190 -0.048705 0.134312 0.078954 0.986587
1784010413.920327187 11.560622 0.682966 -0.042236 -0.053765 0.137317 0.119155 0.981863
1784010414.020727158 11.651212 0.734281 -0.046183 -0.059162 0.138703 0.161487 0.975286
1784010414.120410204 11.717115 0.785241 -0.049460 -0.065213 0.137612 0.201339 0.967612
1784010414.220769167 11.767191 0.830921 -0.053146 -0.068944 0.137817 0.234410 0.959846
1784010414.320394993 11.807673 0.874500 -0.056567 -0.073771 0.137805 0.264271 0.951698
1784010414.420323133 11.840870 0.917226 -0.059893 -0.077395 0.137599 0.293592 0.942804
1784010414.520982027 11.869283 0.960859 -0.063580 -0.081562 0.138215 0.322428 0.932890
1784010414.620690107 11.894442 1.005683 -0.066617 -0.085257 0.138225 0.350688 0.922303
1784010414.720475197 11.918879 1.058322 -0.070510 -0.087683 0.139148 0.383254 0.908882
1784010414.820733070 11.939304 1.119795 -0.075446 -0.091071 0.139315 0.421838 0.891263
1784010414.920421124 11.956560 1.192709 -0.081502 -0.094263 0.138653 0.466047 0.868729
1784010415.020706177 11.967141 1.280258 -0.088669 -0.100021 0.134875 0.516103 0.839906
1784010415.120414019 11.967452 1.374742 -0.086695 -0.095069 0.124812 0.570654 0.806063
1784010415.220637083 11.953495 1.476965 -0.091055 -0.099997 0.115820 0.625082 0.765414
1784010415.320470095 11.925662 1.585505 -0.095344 -0.106230 0.107652 0.680477 0.716992
1784010415.420588017 11.875590 1.702012 -0.101792 -0.114244 0.099950 0.739370 0.655965
1784010415.520282030 11.813903 1.819845 -0.108253 -0.124267 0.092447 0.782695 0.602826
1784010415.620602131 11.782160 1.922194 -0.114054 -0.126109 0.093930 0.785660 0.598342
1784010415.720512152 11.768278 1.979412 -0.117301 -0.126334 0.094000 0.784612 0.599656
1784010415.820399046 11.759877 2.013380 -0.119008 -0.127779 0.092690 0.784418 0.599808
1784010415.920228004 11.754411 2.036804 -0.120323 -0.127671 0.092950 0.784584 0.599574
1784010416.020254135 11.750608 2.053013 -0.121234 -0.128135 0.093708 0.784637 0.599287
1784010416.120365143 11.748528 2.062968 -0.122168 -0.128304 0.094041 0.784684 0.599138
1784010416.220539093 11.747614 2.067676 -0.122665 -0.128328 0.094115 0.784749 0.599036
1784010416.320545197 11.748110 2.066570 -0.122746 -0.128256 0.094270 0.784757 0.599016
1784010416.420519114 11.749170 2.062786 -0.122568 -0.128159 0.094397 0.784685 0.599111
1784010416.520347118 11.749962 2.059565 -0.122384 -0.127949 0.094509 0.784630 0.599211
1784010416.620491982 11.750436 2.057387 -0.122236 -0.127727 0.094513 0.784583 0.599318
1784010416.720185041 11.750593 2.056424 -0.122131 -0.127531 0.094478 0.784574 0.599377
1784010416.820525169 11.750496 2.056466 -0.122069 -0.127402 0.094394 0.784572 0.599420
1784010416.920346975 11.750304 2.056997 -0.122044 -0.127314 0.094315 0.784581 0.599440
1784010417.020176172 11.750149 2.057464 -0.122023 -0.127240 0.094289 0.784580 0.599462
1784010417.120357990 11.750063 2.057585 -0.121998 -0.127225 0.094266 0.784573 0.599477
1784010417.220580101 11.750059 2.057338 -0.121930 -0.127165 0.094323 0.784542 0.599521
1784010417.320327044 11.750113 2.056915 -0.121869 -0.127154 0.094311 0.784524 0.599549
1784010417.420612097 11.750162 2.056546 -0.121819 -0.127148 0.094313 0.784515 0.599562
1784010417.520328045 11.750178 2.056307 -0.121746 -0.127154 0.094330 0.784503 0.599574
1784010417.620228052 11.750184 2.056145 -0.121691 -0.127218 0.094320 0.784481 0.599591
1784010417.720386028 11.750209 2.055973 -0.121645 -0.127286 0.094311 0.784459 0.599606
1784010417.820479155 11.750241 2.055770 -0.121622 -0.127305 0.094312 0.784464 0.599596
1784010417.920422077 11.750250 2.055622 -0.121620 -0.127314 0.094287 0.784446 0.599621
1784010418.020313025 11.750221 2.055529 -0.121600 -0.127268 0.094303 0.784422 0.599659
1784010418.120237112 11.750172 2.055465 -0.121545 -0.127280 0.094271 0.784388 0.599707
1784010418.219992161 11.750084 2.055386 -0.121472 -0.127278 0.094282 0.784386 0.599708
1784010418.320362091 11.749934 2.055269 -0.121382 -0.127308 0.094275 0.784375 0.599718
1784010418.420272112 11.749730 2.055156 -0.121264 -0.127300 0.094339 0.784346 0.599746
1784010418.520477057 11.749481 2.055056 -0.121134 -0.127256 0.094406 0.784339 0.599755
1784010418.620344162 11.749238 2.055022 -0.121000 -0.127180 0.094493 0.784323 0.599778
1784010418.720165968 11.749064 2.055042 -0.120879 -0.127170 0.094486 0.784308 0.599801
1784010418.820229053 11.748929 2.055095 -0.120793 -0.127084 0.094490 0.784297 0.599834
1784010418.920345068 11.748840 2.055189 -0.120709 -0.127046 0.094448 0.784288 0.599859
1784010419.020415068 11.748805 2.055307 -0.120662 -0.127008 0.094390 0.784270 0.599900
1784010419.120414019 11.748811 2.055424 -0.120624 -0.126973 0.094339 0.784256 0.599933
1784010419.221117020 11.748847 2.055522 -0.120611 -0.126964 0.094288 0.784241 0.599964
1784010419.320188999 11.748908 2.055573 -0.120590 -0.126943 0.094267 0.784220 0.599998
1784010419.420481205 11.748980 2.055561 -0.120581 -0.126970 0.094241 0.784208 0.600013
1784010419.520048141 11.749043 2.055467 -0.120534 -0.126987 0.094278 0.784179 0.600041
1784010419.620367050 11.749111 2.055313 -0.120473 -0.127042 0.094317 0.784152 0.600058
1784010419.720257044 11.749179 2.055160 -0.120420 -0.127115 0.094364 0.784119 0.600079
1784010419.820427179 11.749233 2.055021 -0.120366 -0.127142 0.094416 0.784107 0.600081
1784010419.920897007 11.749290 2.054916 -0.120344 -0.127169 0.094437 0.784109 0.600069
1784010420.019983053 11.749365 2.054855 -0.120318 -0.127155 0.094451 0.784101 0.600081
1784010420.120195150 11.749451 2.054826 -0.120291 -0.127205 0.094459 0.784068 0.600112
1784010420.220126152 11.749546 2.054841 -0.120270 -0.127205 0.094473 0.784048 0.600135
1784010420.320458174 11.749634 2.054914 -0.120279 -0.127187 0.094462 0.784025 0.600171
1784010420.420109034 11.749703 2.055031 -0.120310 -0.127161 0.094447 0.784020 0.600185
1784010420.520029068 11.749776 2.055170 -0.120329 -0.127142 0.094418 0.783993 0.600230
1784010420.620053053 11.749854 2.055339 -0.120363 -0.127113 0.094386 0.783982 0.600255
1784010420.720023155 11.749943 2.055521 -0.120383 -0.127104 0.094355 0.783977 0.600268
1784010420.819987059 11.750031 2.055675 -0.120417 -0.127125 0.094359 0.783980 0.600260
1784010420.920125008 11.750093 2.055821 -0.120448 -0.127129 0.094368 0.783954 0.600291
1784010421.020040989 11.750131 2.055979 -0.120497 -0.127124 0.094379 0.783944 0.600303
1784010421.120628119 11.750166 2.056145 -0.120550 -0.127129 0.094384 0.783915 0.600340
1784010421.220305204 11.750236 2.056287 -0.120568 -0.127130 0.094425 0.783896 0.600358
1784010421.319939137 11.750307 2.056393 -0.120557 -0.127177 0.094473 0.783868 0.600376
1784010421.419963121 11.750383 2.056479 -0.120559 -0.127220 0.094583 0.783835 0.600394
1784010421.520126104 11.750478 2.056538 -0.120588 -0.127322 0.094732 0.783802 0.600391
1784010421.620030165 11.750574 2.056602 -0.120660 -0.127480 0.094893 0.783766 0.600380
1784010421.719840050 11.750649 2.056718 -0.120760 -0.127681 0.095089 0.783732 0.600349
1784010421.820101023 11.750717 2.056953 -0.120951 -0.127876 0.095385 0.783668 0.600345
1784010421.919941187 11.750779 2.057434 -0.121202 -0.128085 0.095642 0.783612 0.600333
1784010422.020138025 11.750839 2.058253 -0.121552 -0.128258 0.095915 0.783559 0.600322
1784010422.119884014 11.750918 2.059497 -0.122061 -0.128480 0.096090 0.783520 0.600297
