id: 1
T_world_origin: 
-0.0751218   0.996892 -0.0237305   -1.09558
 -0.972181 -0.0785128  -0.220681    2.04812
 -0.221859 0.00649232   0.975057  -0.131398
         0          0          0          1
T_origin_endpoint_L: 
-0.421482  0.818864 -0.389634  -2.14347
-0.815295 -0.530297 -0.232549   5.52309
-0.397048  0.219651  0.891126 -0.480104
        0         0         0         1
T_origin_endpoint_R: 
-0.033412  -0.95586 -0.291916   1.57059
 0.961933 -0.110022  0.250159   3.51335
-0.271235 -0.272446   0.92315  0.448284
        0         0         0         1
T_lidar_imu: 
       1        0        0    0.011
       0        1        0  0.02329
       0        0        1 -0.04412
       0        0        0        1
imu_bias:   0.00352817  -0.00349404  -0.00152812   0.00756473    -0.005586 -0.000235553
frame_id: 2
num_frames: 418
frame_0
id: 490
stamp: 1784010324.525763035
T_odom_lidar: 
  -0.778186   -0.591702   -0.210513     4.60172
   0.572084   -0.806152    0.151124     3.80723
  -0.259126 -0.00282921    0.965839   -0.129395
          0           0           0           1
T_world_lidar: 
  -0.778185   -0.591701   -0.210516     4.60172
   0.572084   -0.806152    0.151122     3.80723
  -0.259127 -0.00283184    0.965839   -0.129395
          0           0           0           1
v_world_imu: -0.643113  0.482379 0.0047064
frame_1
id: 491
stamp: 1784010324.625653028
T_odom_lidar: 
  -0.776015   -0.595129   -0.208858     4.53981
   0.575962    -0.80362    0.149874     3.85439
  -0.257037 -0.00399016    0.966393   -0.129162
          0           0           0           1
T_world_lidar: 
  -0.775181   -0.594939   -0.212467     4.53885
   0.575755   -0.803748    0.149984     3.85447
  -0.260002 -0.00606417    0.965589   -0.128529
          0           0           0           1
v_world_imu:  -0.60844  0.467555 0.0132726
frame_2
id: 492
stamp: 1784010324.725924015
T_odom_lidar: 
  -0.773801   -0.597563    -0.21012     4.48086
   0.578279   -0.801807    0.150663     3.89957
  -0.258506 -0.00492466    0.965997   -0.128807
          0           0           0           1
T_world_lidar: 
  -0.772411    -0.59737   -0.215709     4.47961
    0.57859   -0.801906     0.14893      3.8997
  -0.261945 -0.00977143    0.965033   -0.127839
          0           0           0           1
v_world_imu: -0.566802   0.44107 0.0102652
frame_3
id: 493
stamp: 1784010324.825905085
T_odom_lidar: 
  -0.772414   -0.599751   -0.208986     4.42595
   0.580864   -0.800164    0.149445     3.94211
  -0.256853 -0.00595906    0.966432   -0.128285
          0           0           0           1
T_world_lidar: 
 -0.770828  -0.599449  -0.215605    4.42469
  0.581153  -0.800328   0.147433    3.94255
 -0.260933 -0.0116542   0.965287  -0.127111
         0          0          0          1
v_world_imu:  -0.534693   0.415581 0.00975893
frame_4
id: 494
stamp: 1784010324.925640106
T_odom_lidar: 
  -0.771434   -0.601544   -0.207447     4.37309
   0.582928   -0.798815    0.148625     3.98306
  -0.255117 -0.00627255     0.96689   -0.127553
          0           0           0           1
T_world_lidar: 
 -0.769216   -0.60174  -0.214979    4.37196
  0.583688  -0.798594   0.146823    3.98382
  -0.26003 -0.0125417   0.965519  -0.126083
         0          0          0          1
v_world_imu: -0.531796  0.415529 0.0023171
frame_5
id: 495
stamp: 1784010325.025767088
T_odom_lidar: 
   -0.76964    -0.60406   -0.206797     4.31994
   0.585095   -0.796921    0.150272     4.02466
  -0.255574 -0.00534004    0.966775   -0.127402
          0           0           0           1
T_world_lidar: 
 -0.767835  -0.603651  -0.214555    4.31904
    0.5855  -0.797152   0.147441    4.02566
 -0.260036 -0.0124111   0.965519  -0.125755
         0          0          0          1
v_world_imu:   -0.526462    0.407555 0.000421974
frame_6
id: 496
stamp: 1784010325.125617027
T_odom_lidar: 
    -0.7676   -0.607065    -0.20558     4.26655
   0.588024   -0.794637    0.150934     4.06677
  -0.254988 -0.00502941    0.966931   -0.126686
          0           0           0           1
T_world_lidar: 
 -0.766419  -0.606206  -0.212407    4.26591
  0.588345  -0.795208   0.146611     4.0677
 -0.257784 -0.0126029    0.96612  -0.125103
         0          0          0          1
v_world_imu: -0.528692  0.420888 0.0104813
frame_7
id: 497
stamp: 1784010325.225974083
T_odom_lidar: 
  -0.765986    -0.60867   -0.206849     4.21262
    0.58951   -0.793403    0.151625     4.10919
  -0.256404 -0.00579674    0.966552   -0.126377
          0           0           0           1
T_world_lidar: 
 -0.764548  -0.608123  -0.213668    4.21227
  0.590131  -0.793731   0.147435     4.1099
 -0.259253 -0.0133704   0.965717   -0.12468
         0          0          0          1
v_world_imu:  -0.532205   0.420988 0.00544292
frame_8
id: 498
stamp: 1784010325.325977087
T_odom_lidar: 
  -0.765369    -0.60983   -0.205713     4.15837
   0.590837    -0.79251    0.151127     4.15143
  -0.255192 -0.00587489    0.966873   -0.126188
          0           0           0           1
T_world_lidar: 
 -0.764057  -0.609012  -0.212888    4.15853
  0.591451   -0.79303    0.14591    4.15183
 -0.257688 -0.0144295   0.966121  -0.124377
         0          0          0          1
v_world_imu:  -0.528734   0.410763 0.00740368
frame_9
id: 499
stamp: 1784010325.426035166
T_odom_lidar: 
  -0.764015   -0.611525   -0.205715     4.10676
    0.59254     -0.7912    0.151322     4.19055
  -0.255298 -0.00628222    0.966842   -0.125519
          0           0           0           1
T_world_lidar: 
  -0.76346  -0.609724  -0.212994    4.10741
  0.592083  -0.792483   0.146315    4.19093
 -0.258006 -0.0144045   0.966036  -0.123606
         0          0          0          1
v_world_imu:  -0.491922   0.372878 0.00663748
frame_10
id: 500
stamp: 1784010325.525679111
T_odom_lidar: 
  -0.766583   -0.608244   -0.205886     4.05767
     0.5892   -0.793731    0.151109     4.22634
  -0.255329 -0.00547061    0.966839   -0.124945
          0           0           0           1
T_world_lidar: 
 -0.766032  -0.606564  -0.212778    4.05846
  0.588915  -0.794919   0.145885    4.22696
  -0.25763 -0.0135556   0.966149  -0.123073
         0          0          0          1
v_world_imu:   -0.519968    0.366411 -0.00373319
frame_11
id: 501
stamp: 1784010325.625827074
T_odom_lidar: 
  -0.772293   -0.600094   -0.208449     3.99947
   0.580801   -0.799917    0.151003     4.26669
  -0.257358 -0.00444925    0.966306   -0.124712
          0           0           0           1
T_world_lidar: 
 -0.771224  -0.599156  -0.214999     3.9999
  0.581033  -0.800546   0.146723    4.26788
 -0.260027 -0.0117653    0.96553  -0.123051
         0          0          0          1
v_world_imu: -0.595485  0.407995 0.0079981
frame_12
id: 502
stamp: 1784010325.725979090
T_odom_lidar: 
  -0.780847   -0.587937   -0.211208     3.94101
   0.569037   -0.808893    0.147949     4.30454
  -0.257829 -0.00465937    0.966179   -0.124526
          0           0           0           1
T_world_lidar: 
 -0.779216  -0.587564  -0.218155    3.94091
      0.57  -0.809077    0.14316    4.30636
  -0.26062 -0.0127957   0.965357   -0.12275
         0          0          0          1
v_world_imu:  -0.57493  0.366015 0.0110203
frame_13
id: 503
stamp: 1784010325.825754166
T_odom_lidar: 
  -0.791487   -0.572677   -0.213516     3.88293
   0.554505   -0.819766    0.143207     4.33963
  -0.257044 -0.00504924    0.966386    -0.12449
          0           0           0           1
T_world_lidar: 
 -0.790096  -0.572039  -0.220272    3.88263
  0.555107  -0.820128   0.138727    4.34152
 -0.260008 -0.0126667   0.965523  -0.122467
         0          0          0          1
v_world_imu:    -0.584007     0.340096 -0.000552605
frame_14
id: 504
stamp: 1784010325.925804138
T_odom_lidar: 
  -0.803003   -0.555853   -0.214974     3.82357
   0.538586   -0.831264    0.137571     4.37354
  -0.255169 -0.00531179    0.966882   -0.123983
          0           0           0           1
T_world_lidar: 
 -0.801066  -0.555979  -0.221769    3.82316
  0.539763  -0.831103   0.133879    4.37515
 -0.258746 -0.0124568   0.965865  -0.121813
         0          0          0          1
v_world_imu:   -0.591635    0.328223 0.000627219
frame_15
id: 505
stamp: 1784010326.026005030
T_odom_lidar: 
  -0.812807    -0.54048   -0.217315     3.76424
   0.523467   -0.841345    0.134613     4.40626
  -0.255592 -0.00434305    0.966775   -0.123988
          0           0           0           1
T_world_lidar: 
  -0.811521   -0.539945   -0.223366     3.76357
   0.523663   -0.841642    0.131966     4.40774
  -0.259249 -0.00987564     0.96576   -0.121778
          0           0           0           1
v_world_imu:  -0.595617   0.306186 0.00151372
frame_16
id: 506
stamp: 1784010326.125768185
T_odom_lidar: 
  -0.823148    -0.52384   -0.219131     3.70446
   0.507614   -0.851804    0.129456     4.43648
  -0.254471 -0.00467246    0.967069    -0.12337
          0           0           0           1
T_world_lidar: 
  -0.822052   -0.523102   -0.224935      3.7035
   0.507391    -0.85222    0.127577     4.43809
   -0.25843 -0.00925456    0.965986   -0.121277
          0           0           0           1
v_world_imu: -0.599166  0.295208 0.0157077
frame_17
id: 507
stamp: 1784010326.225870132
T_odom_lidar: 
 -0.836046  -0.501368  -0.222838    3.64462
  0.485643  -0.865225   0.124648    4.46382
 -0.255299 -0.0040082   0.966854  -0.123271
         0          0          0          1
T_world_lidar: 
  -0.834494   -0.501785   -0.227666     3.64343
   0.485995    -0.86497    0.125044     4.46555
  -0.259669 -0.00629624    0.965677   -0.121374
          0           0           0           1
v_world_imu:   -0.594191     0.24264 0.000975236
frame_18
id: 508
stamp: 1784010326.325962067
T_odom_lidar: 
   -0.85012   -0.475133   -0.227034     3.58456
   0.460753   -0.879894    0.116159     4.48692
  -0.254957 -0.00585793    0.966935   -0.122797
          0           0           0           1
T_world_lidar: 
  -0.849816     -0.4748   -0.228861     3.58341
   0.459872   -0.880081    0.118221     4.48871
  -0.257547 -0.00478056    0.966254   -0.121186
          0           0           0           1
v_world_imu:   -0.592293     0.21362 -0.00371899
frame_19
id: 509
stamp: 1784010326.425789118
T_odom_lidar: 
  -0.863886   -0.447974   -0.230262     3.52517
   0.434397   -0.894031    0.109585     4.50718
  -0.254953 -0.00535659    0.966939   -0.122013
          0           0           0           1
T_world_lidar: 
  -0.864416   -0.447967   -0.228277     3.52452
   0.434103   -0.894043     0.11064     4.50892
  -0.253653 -0.00345692    0.967289   -0.120687
          0           0           0           1
v_world_imu:   -0.572726    0.190735 0.000643284
frame_20
id: 510
stamp: 1784010326.525527000
T_odom_lidar: 
  -0.874417   -0.425484   -0.233146     3.46806
   0.412727   -0.904948    0.103563     4.52587
   -0.25505 -0.00566824    0.966911    -0.12171
          0           0           0           1
T_world_lidar: 
  -0.874924   -0.424493   -0.233053     3.46792
   0.411529   -0.905419    0.104213     4.52751
  -0.255249 -0.00472926    0.966864   -0.120591
          0           0           0           1
v_world_imu:   -0.561395    0.188653 -0.00375564
frame_21
id: 511
stamp: 1784010326.625567198
T_odom_lidar: 
  -0.883824   -0.404429   -0.235143     3.41021
   0.393054   -0.914535   0.0955762     4.54404
    -0.2537 -0.00795154     0.96725   -0.121549
          0           0           0           1
T_world_lidar: 
  -0.883576   -0.403805    -0.23714     3.41056
   0.392408   -0.914805   0.0956433     4.54573
  -0.255558 -0.00854736    0.966756   -0.120571
          0           0           0           1
v_world_imu:  -0.574559   0.178474 0.00322028
frame_22
id: 512
stamp: 1784010326.725596189
T_odom_lidar: 
  -0.892399   -0.384008   -0.236986     3.35224
   0.372915   -0.923307    0.091858     4.56161
  -0.254085 -0.00640165    0.967161   -0.121203
          0           0           0           1
T_world_lidar: 
  -0.891943   -0.383105   -0.240141     3.35307
   0.372132   -0.923671   0.0913742     4.56374
  -0.256817 -0.00786339    0.966428   -0.120227
          0           0           0           1
v_world_imu:   -0.563219    0.169769 0.000288319
frame_23
id: 513
stamp: 1784010326.825621128
T_odom_lidar: 
  -0.900349   -0.361901    -0.24166     3.29546
   0.351597   -0.932187   0.0860709     4.57678
  -0.256422 -0.00747318    0.966536    -0.12067
          0           0           0           1
T_world_lidar: 
 -0.899884  -0.361396  -0.244136    3.29679
  0.351642  -0.932356  0.0840208    4.57948
 -0.257987 -0.0102398   0.966094  -0.119459
         0          0          0          1
v_world_imu:  -0.554659   0.153364 0.00978438
frame_24
id: 514
stamp: 1784010326.925575018
T_odom_lidar: 
  -0.907935   -0.339756   -0.245399     3.23875
   0.330742   -0.940461   0.0783822      4.5905
  -0.257419 -0.00999768    0.966248   -0.120136
          0           0           0           1
T_world_lidar: 
 -0.906788  -0.339912  -0.249389    3.24042
  0.331575  -0.940357  0.0760695    4.59357
 -0.260372 -0.0137123   0.965411  -0.118626
         0          0          0          1
v_world_imu:  -0.557842   0.139023 0.00900521
frame_25
id: 515
stamp: 1784010327.025645018
T_odom_lidar: 
 -0.912814  -0.324587  -0.247819    3.18199
  0.315559  -0.945819   0.076482    4.60562
 -0.259217 -0.0083879   0.965783  -0.120193
         0          0          0          1
T_world_lidar: 
 -0.912365  -0.322343   -0.25236    3.18396
  0.314177   -0.94654  0.0731762     4.6086
 -0.262457 -0.0125224   0.964862  -0.118367
         0          0          0          1
v_world_imu:  -0.560267   0.155836 0.00511391
frame_26
id: 516
stamp: 1784010327.125524998
T_odom_lidar: 
 -0.913333  -0.320044  -0.251783    3.12544
  0.311723  -0.947334   0.073404    4.62289
 -0.262015 -0.0114443   0.964996  -0.120523
         0          0          0          1
T_world_lidar: 
 -0.913735  -0.315235   -0.25635    3.12783
  0.307222  -0.948923  0.0718322    4.62564
   -0.2659 -0.0131208   0.963911  -0.118425
         0          0          0          1
v_world_imu:   -0.557518     0.18374 -0.00370874
frame_27
id: 517
stamp: 1784010327.225857019
T_odom_lidar: 
 -0.913221  -0.318232   -0.25447    3.06712
  0.309482  -0.947956  0.0748422    4.64191
 -0.265044 -0.0104063    0.96418  -0.121156
         0          0          0          1
T_world_lidar: 
 -0.913604  -0.313272  -0.259207    3.06987
  0.305777  -0.949538  0.0698466    4.64455
 -0.268008 -0.0154472   0.963293  -0.118509
         0          0          0          1
v_world_imu:    -0.58471     0.19827 -0.00664528
frame_28
id: 518
stamp: 1784010327.325790167
T_odom_lidar: 
 -0.913304   -0.31558  -0.257461    3.00955
  0.307247  -0.948819  0.0730902    4.66064
 -0.267349 -0.0123506   0.963521  -0.121801
         0          0          0          1
T_world_lidar: 
 -0.913352  -0.311643  -0.262044    3.01255
  0.304086  -0.950069   0.070006    4.66367
 -0.270777 -0.0157439   0.962513  -0.118911
         0          0          0          1
v_world_imu:  -0.560243   0.180868 -0.0102338
frame_29
id: 519
stamp: 1784010327.425927162
T_odom_lidar: 
 -0.913283  -0.313985  -0.259477    2.95497
  0.306662  -0.949289  0.0693448    4.67823
 -0.268092 -0.0162403   0.963256  -0.122196
         0          0          0          1
T_world_lidar: 
 -0.913042  -0.309964  -0.265097    2.95807
  0.303008   -0.95057  0.0678372    4.68159
  -0.27302 -0.0183882   0.961833  -0.119295
         0          0          0          1
v_world_imu:  -0.525749     0.1688 0.00168102
frame_30
id: 520
stamp: 1784010327.525856018
T_odom_lidar: 
 -0.914257  -0.311582   -0.25894    2.89985
  0.303964  -0.950106  0.0700363    4.69616
 -0.267843 -0.0146771   0.963351  -0.122205
         0          0          0          1
T_world_lidar: 
 -0.913747  -0.307955   -0.26501    2.90319
  0.301366  -0.951204  0.0662466    4.69942
  -0.27248 -0.0193325   0.961967   -0.11939
         0          0          0          1
v_world_imu:  -0.577682   0.193679 0.00367332
frame_31
id: 521
stamp: 1784010327.625713110
T_odom_lidar: 
  -0.91443  -0.310727  -0.259359    2.84305
  0.302804  -0.950402  0.0710308     4.7146
 -0.268567 -0.0135823   0.963165  -0.122248
         0          0          0          1
T_world_lidar: 
  -0.91436  -0.307522  -0.263393    2.84704
  0.300677  -0.951372  0.0669746    4.71778
 -0.271181 -0.0179571   0.962361  -0.119601
         0          0          0          1
v_world_imu:   -0.551444     0.18015 -0.00733125
frame_32
id: 522
stamp: 1784010327.725673199
T_odom_lidar: 
 -0.914631     -0.311  -0.258321    2.78804
  0.303917   -0.95027  0.0679868    4.73206
 -0.266618 -0.0163252   0.963664  -0.121832
         0          0          0          1
T_world_lidar: 
 -0.914963  -0.307664  -0.261124    2.79304
  0.301617   -0.95128  0.0639792    4.73504
 -0.268086 -0.0202208   0.963183  -0.119482
         0          0          0          1
v_world_imu:  -0.535645    0.16926 0.00369367
frame_33
id: 523
stamp: 1784010327.825613976
T_odom_lidar: 
  -0.91588  -0.310388  -0.254604     2.7311
   0.30328  -0.950489  0.0677613    4.75048
  -0.26303 -0.0151548   0.964669   -0.12186
         0          0          0          1
T_world_lidar: 
 -0.915555  -0.307299  -0.259472    2.73732
  0.301282  -0.951406   0.063689     4.7532
 -0.266434 -0.0198634   0.963648  -0.119656
         0          0          0          1
v_world_imu:   -0.565904    0.186949 -0.00675787
frame_34
id: 524
stamp: 1784010327.925789118
T_odom_lidar: 
 -0.916041  -0.310386  -0.254026    2.67002
  0.303874  -0.950456  0.0655329    4.77029
 -0.261781 -0.0171611   0.964975  -0.122031
         0          0          0          1
T_world_lidar: 
 -0.916131  -0.307534   -0.25715    2.67748
  0.301912  -0.951311  0.0620991    4.77263
 -0.263728 -0.0207459   0.964374   -0.11974
         0          0          0          1
v_world_imu:  -0.612185   0.200022 0.00766981
frame_35
id: 525
stamp: 1784010328.025722027
T_odom_lidar: 
 -0.916011  -0.311597   -0.25265    2.60831
  0.305261  -0.950051  0.0649559    4.78991
  -0.26027 -0.0176238   0.965375  -0.121755
         0          0          0          1
T_world_lidar: 
 -0.915949  -0.308981  -0.256063    2.61638
  0.304357  -0.950757  0.0585408    4.79173
 -0.261542 -0.0243143   0.964886  -0.119326
         0          0          0          1
v_world_imu:  -0.612757   0.193825 0.00261622
frame_36
id: 526
stamp: 1784010328.125539064
T_odom_lidar: 
 -0.915578  -0.313582   -0.25176     2.5471
  0.306245  -0.949457  0.0688832    4.81006
 -0.260636 -0.0140322   0.965335  -0.121654
         0          0          0          1
T_world_lidar: 
 -0.915525   -0.31061   -0.25561    2.55504
  0.305041  -0.950305  0.0622112    4.81176
 -0.262231 -0.0210156   0.964776  -0.119181
         0          0          0          1
v_world_imu: -0.621151  0.199914 0.0093661
frame_37
id: 527
stamp: 1784010328.225654125
T_odom_lidar: 
 -0.914638  -0.315614  -0.252637    2.48619
  0.308473  -0.948764  0.0684871    4.82905
 -0.261308 -0.0152907   0.965134  -0.121253
         0          0          0          1
T_world_lidar: 
 -0.914416  -0.312914  -0.256765    2.49297
  0.307161   -0.94955  0.0633044    4.83168
  -0.26362 -0.0209817   0.964398  -0.118934
         0          0          0          1
v_world_imu:  -0.621187   0.193865 0.00612942
frame_38
id: 528
stamp: 1784010328.325447083
T_odom_lidar: 
 -0.914078   -0.31725  -0.252613    2.42593
  0.309328  -0.948257   0.071587     4.8479
 -0.262253 -0.0127042   0.964915  -0.120868
         0          0          0          1
T_world_lidar: 
 -0.912681  -0.315399  -0.259878    2.43093
  0.308771  -0.948768  0.0670734    4.85195
 -0.267719 -0.0190264   0.963309    -0.1188
         0          0          0          1
v_world_imu:  -0.624482   0.210533 0.00534465
frame_39
id: 529
stamp: 1784010328.425719023
T_odom_lidar: 
 -0.912922  -0.318645  -0.255026     2.3632
  0.310135  -0.947805  0.0740474    4.86949
  -0.26531 -0.0114928   0.964095  -0.121527
         0          0          0          1
T_world_lidar: 
 -0.911287  -0.317338  -0.262399    2.36809
  0.310079  -0.948146  0.0697877    4.87281
 -0.270939 -0.0177678   0.962433  -0.119065
         0          0          0          1
v_world_imu:   -0.62559   0.213901 0.00359512
frame_40
id: 530
stamp: 1784010328.525496006
T_odom_lidar: 
 -0.911412  -0.323199  -0.254696    2.29976
   0.31454   -0.94626   0.075206    4.89149
 -0.265316 -0.0115685   0.964092   -0.12248
         0          0          0          1
T_world_lidar: 
 -0.910009  -0.320983  -0.262401    2.30555
  0.314063  -0.946884  0.0691044    4.89347
 -0.270644 -0.0195248   0.962481  -0.119393
         0          0          0          1
v_world_imu:   -0.621039    0.206993 9.81079e-05
frame_41
id: 531
stamp: 1784010328.625841141
T_odom_lidar: 
 -0.911035  -0.325273  -0.253403    2.23844
  0.316551  -0.945553  0.0756655    4.91173
 -0.264218 -0.0112811   0.964397  -0.122624
         0          0          0          1
T_world_lidar: 
 -0.909181   -0.32459  -0.260826    2.24468
  0.316458  -0.945729  0.0738298    4.91437
 -0.270636 -0.0154159   0.962558  -0.119688
         0          0          0          1
v_world_imu:  -0.592788   0.199995 0.00348058
frame_42
id: 532
stamp: 1784010328.725910187
T_odom_lidar: 
 -0.910454   -0.32755  -0.252557    2.18068
  0.318874  -0.944763  0.0757735    4.93133
 -0.263427 -0.0115457    0.96461   -0.12289
         0          0          0          1
T_world_lidar: 
   -0.9089  -0.327764  -0.257822    2.18697
  0.319565  -0.944643   0.074344    4.93378
 -0.267917 -0.0148195   0.963328  -0.119918
         0          0          0          1
v_world_imu:  -0.565151   0.187054 0.00193262
frame_43
id: 533
stamp: 1784010328.825791121
T_odom_lidar: 
 -0.909614  -0.330226  -0.252098    2.12544
  0.321239  -0.943841   0.077263    4.95054
 -0.263455 -0.0107042   0.964612  -0.123448
         0          0          0          1
T_world_lidar: 
 -0.908747  -0.330094  -0.255376    2.13186
  0.321156  -0.943874  0.0772083    4.95275
 -0.266529 -0.0118527   0.963754  -0.119999
         0          0          0          1
v_world_imu:    -0.54582    0.192926 0.000244906
frame_44
id: 534
stamp: 1784010328.925696135
T_odom_lidar: 
  -0.909111   -0.331975   -0.251615      2.0706
   0.322641   -0.943239   0.0787562     4.96976
  -0.263478 -0.00958304    0.964618   -0.123766
          0           0           0           1
T_world_lidar: 
   -0.90915   -0.332038   -0.251389     2.07733
   0.322397   -0.943228   0.0798798     4.97186
  -0.263641 -0.00842436    0.964584   -0.120338
          0           0           0           1
v_world_imu:   -0.548075    0.188816 -0.00413143
frame_45
id: 535
stamp: 1784010329.025876045
T_odom_lidar: 
 -0.908797  -0.333604  -0.250592    2.01593
  0.324904  -0.942639  0.0766042    4.98889
 -0.261774 -0.0118008   0.965057  -0.123554
         0          0          0          1
T_world_lidar: 
 -0.908145  -0.333791  -0.252698    2.02282
  0.325161  -0.942561  0.0764754    4.99096
  -0.26371 -0.0127167   0.964518  -0.120133
         0          0          0          1
v_world_imu:   -0.545008    0.187193 -0.00240862
frame_46
id: 536
stamp: 1784010329.125581026
T_odom_lidar: 
 -0.909016  -0.334606  -0.248452    1.96044
  0.325741  -0.942297  0.0772577    5.00843
 -0.259967 -0.0107025   0.965558  -0.123668
         0          0          0          1
T_world_lidar: 
-0.907819 -0.334996 -0.252273   1.96784
 0.326586 -0.942122 0.0758143   5.01066
-0.263069 -0.013563  0.964682 -0.120294
        0         0         0         1
v_world_imu:     -0.5554     0.20002 -0.00168073
frame_47
id: 537
stamp: 1784010329.225573063
T_odom_lidar: 
  -0.908282   -0.336403   -0.248709     1.90534
   0.326893   -0.941678   0.0799009     5.02795
  -0.261083 -0.00872874    0.965277   -0.124028
          0           0           0           1
T_world_lidar: 
-0.906973 -0.336379 -0.253474   1.91309
  0.32771 -0.941634 0.0770178   5.03034
-0.264587 -0.013213  0.964271 -0.120296
        0         0         0         1
v_world_imu:   -0.540851    0.195138 -0.00354829
frame_48
id: 538
stamp: 1784010329.325680971
T_odom_lidar: 
 -0.908415  -0.337279  -0.247031     1.8501
  0.328459  -0.941342  0.0773906      5.047
 -0.258643 -0.0108368   0.965912  -0.123912
         0          0          0          1
T_world_lidar: 
 -0.906578  -0.337531  -0.253356    1.85834
  0.329632  -0.941177  0.0743595    5.04954
 -0.263552 -0.0161017   0.964511  -0.119976
         0          0          0          1
v_world_imu:    -0.557991     0.196808 -0.000991407
frame_49
id: 539
stamp: 1784010329.425822020
T_odom_lidar: 
    -0.9078   -0.339014   -0.246917      1.7928
   0.329299   -0.940749   0.0809548     5.06764
  -0.259732 -0.00781895    0.965649   -0.124113
          0           0           0           1
T_world_lidar: 
  -0.90574  -0.339115  -0.254235    1.80129
  0.330541  -0.940638  0.0770968    5.07024
 -0.265287 -0.0142052   0.964065  -0.119891
         0          0          0          1
v_world_imu:   -0.581778    0.211171 -0.00288999
frame_50
id: 540
stamp: 1784010329.525465012
T_odom_lidar: 
  -0.90734  -0.339704  -0.247658    1.73436
  0.329793  -0.940503  0.0817968    5.08848
  -0.26071 -0.0074585   0.965388  -0.124164
         0          0          0          1
T_world_lidar: 
 -0.905274  -0.339502  -0.255377    1.74303
  0.330908  -0.940493  0.0772822    5.09109
 -0.266418 -0.0145449   0.963748  -0.119774
         0          0          0          1
v_world_imu:   -0.584869    0.215236 -0.00171213
frame_51
id: 541
stamp: 1784010329.625658035
T_odom_lidar: 
   -0.90643   -0.341864    -0.24802     1.67473
     0.3324   -0.939701   0.0804498     5.10944
  -0.260567 -0.00951965    0.965409   -0.124188
          0           0           0           1
T_world_lidar: 
 -0.904409  -0.341109  -0.256298    1.68332
  0.333181  -0.939862  0.0751587    5.11228
 -0.266522 -0.0174194   0.963671  -0.119566
         0          0          0          1
v_world_imu:  -0.597935   0.217911 0.00453909
frame_52
id: 542
stamp: 1784010329.725476027
T_odom_lidar: 
   -0.9057  -0.344545  -0.246974    1.61439
  0.334017  -0.938752   0.084717    5.13162
 -0.261036 -0.0057653   0.965312  -0.124266
         0          0          0          1
T_world_lidar: 
 -0.903503  -0.343405  -0.256427    1.62267
  0.334603  -0.939072  0.0786438    5.13476
  -0.26781 -0.0147466   0.963359  -0.119449
         0          0          0          1
v_world_imu:   -0.61596   0.225568 0.00811631
frame_53
id: 543
stamp: 1784010329.825612068
T_odom_lidar: 
  -0.904906   -0.347381   -0.245911     1.55263
   0.337236   -0.937696   0.0836538     5.15426
   -0.25965 -0.00723124    0.965676   -0.124525
          0           0           0           1
T_world_lidar: 
 -0.902593  -0.346239  -0.255821    1.56064
  0.337772  -0.938007  0.0778015    5.15743
   -0.2669 -0.0161863   0.963588  -0.119258
         0          0          0          1
v_world_imu:  -0.624067   0.226151 0.00893931
frame_54
id: 544
stamp: 1784010329.925641060
T_odom_lidar: 
  -0.904129   -0.350121   -0.244881     1.49041
   0.339558   -0.936687   0.0855512     5.17798
   -0.25933 -0.00580187    0.965771   -0.124481
          0           0           0           1
T_world_lidar: 
 -0.901766   -0.34908  -0.254875    1.49811
  0.340096   -0.93698  0.0800192    5.18114
 -0.266746 -0.0145232   0.963657  -0.118981
         0          0          0          1
v_world_imu:   -0.631162    0.240492 0.000685413
frame_55
id: 545
stamp: 1784010330.025384188
T_odom_lidar: 
  -0.904019   -0.351019   -0.243997     1.42757
   0.340652   -0.936347   0.0849149     5.20157
  -0.258273 -0.00635348    0.966051   -0.124707
          0           0           0           1
T_world_lidar: 
 -0.901513  -0.350003  -0.254506    1.43506
  0.341235  -0.936623  0.0793412    5.20478
 -0.266145 -0.0153191   0.963811  -0.118822
         0          0          0          1
v_world_imu:   -0.634848    0.236423 -0.00327107
frame_56
id: 546
stamp: 1784010330.125375032
T_odom_lidar: 
  -0.905759   -0.347242   -0.242947      1.3636
    0.33807   -0.937725   0.0798822     5.22341
  -0.255556 -0.00977905    0.966745   -0.124405
          0           0           0           1
T_world_lidar: 
-0.903344 -0.346004 -0.253477   1.37093
 0.338382 -0.938052 0.0745376   5.22654
-0.263565 -0.018439  0.964465  -0.11838
        0         0         0         1
v_world_imu:  -0.645541   0.208044 0.00220415
frame_57
id: 547
stamp: 1784010330.225522041
T_odom_lidar: 
  -0.91021  -0.335164  -0.243275    1.29821
  0.325829   -0.94213  0.0789036    5.24323
 -0.255643 -0.0074472   0.966743  -0.124169
         0          0          0          1
T_world_lidar: 
-0.907921 -0.333833 -0.253447   1.30549
  0.32614 -0.942491 0.0730945   5.24628
-0.263273 -0.016295  0.964584 -0.117976
        0         0         0         1
v_world_imu:   -0.652329    0.180872 -0.00152241
frame_58
id: 548
stamp: 1784010330.325698137
T_odom_lidar: 
 -0.916415  -0.316166  -0.245404    1.23162
  0.308241  -0.948646  0.0711173    5.25957
 -0.255287 -0.0104708   0.966809   -0.12378
         0          0          0          1
T_world_lidar: 
 -0.914323  -0.315179  -0.254316    1.23898
  0.308751  -0.948857  0.0659056    5.26268
 -0.262081 -0.0182613   0.964873  -0.117565
         0          0          0          1
v_world_imu:  -0.660315   0.151756 0.00765448
frame_59
id: 549
stamp: 1784010330.425322056
T_odom_lidar: 
  -0.922037   -0.297961   -0.247118     1.16517
   0.290453   -0.954528   0.0671861     5.27541
  -0.255899 -0.00982806    0.966653   -0.123491
          0           0           0           1
T_world_lidar: 
 -0.919958  -0.297462  -0.255331    1.17261
  0.291524   -0.95457   0.061718    5.27849
  -0.26209 -0.0176571   0.964882  -0.117277
         0          0          0          1
v_world_imu: -0.659752  0.161588 0.0016799
frame_60
id: 550
stamp: 1784010330.525612116
T_odom_lidar: 
 -0.924877  -0.285048  -0.251693    1.09854
  0.278075  -0.958449  0.0636433    5.29186
 -0.259376 -0.0111274   0.965712  -0.123737
         0          0          0          1
T_world_lidar: 
 -0.923036  -0.284646  -0.258809     1.1061
  0.279214  -0.958456  0.0583279    5.29483
  -0.26466 -0.0184244   0.964166  -0.117574
         0          0          0          1
v_world_imu:    -0.654399     0.157657 -0.000495918
frame_61
id: 551
stamp: 1784010330.625643969
T_odom_lidar: 
 -0.927613   -0.27249  -0.255507    1.03201
   0.26663  -0.962052  0.0579996    5.30755
 -0.261615 -0.0143248   0.965066  -0.124258
         0          0          0          1
T_world_lidar: 
 -0.926041  -0.272763   -0.26086    1.03975
  0.268208  -0.961867  0.0536306    5.31025
 -0.265541 -0.0203006   0.963886   -0.11813
         0          0          0          1
v_world_imu:   -0.667043    0.158808 1.94018e-05
frame_62
id: 552
stamp: 1784010330.725466967
T_odom_lidar: 
 -0.929416  -0.261844  -0.260045    0.96521
  0.255791  -0.965022  0.0574855    5.32355
 -0.266002 -0.0130893   0.963884  -0.124387
         0          0          0          1
T_world_lidar: 
 -0.928466  -0.262104   -0.26316   0.973062
  0.257178  -0.964874  0.0536436    5.32568
 -0.267976 -0.0178726    0.96326  -0.118411
         0          0          0          1
v_world_imu:   -0.661694    0.147391 -0.00801369
frame_63
id: 553
stamp: 1784010330.825345039
T_odom_lidar: 
 -0.930787  -0.251964  -0.264857   0.898524
  0.247062   -0.96759  0.0522377    5.33796
 -0.269435 -0.0168141   0.962872  -0.124634
         0          0          0          1
T_world_lidar: 
 -0.930638  -0.251752  -0.265581   0.906297
  0.247439  -0.967605  0.0501541    5.33975
 -0.269604 -0.0190398   0.962783  -0.118849
         0          0          0          1
v_world_imu:   -0.663367    0.132962 -0.00840759
frame_64
id: 554
stamp: 1784010330.925363064
T_odom_lidar: 
 -0.932914  -0.241423  -0.267184   0.832167
   0.23627  -0.970307  0.0517791    5.35158
 -0.271751 -0.0148221   0.962253  -0.125648
         0          0          0          1
T_world_lidar: 
 -0.932728  -0.241973  -0.267334    0.83939
  0.237203  -0.970146   0.050509    5.35358
 -0.271575 -0.0163014   0.962279  -0.119499
         0          0          0          1
v_world_imu:    -0.661204     0.134211 -0.000144932
frame_65
id: 555
stamp: 1784010331.025691032
T_odom_lidar: 
 -0.934079  -0.234156  -0.269569   0.765824
  0.229826  -0.972048  0.0479847    5.36515
  -0.27327 -0.0171326   0.961785   -0.12668
         0          0          0          1
T_world_lidar: 
-0.934393 -0.234716 -0.267988  0.772538
 0.230057 -0.971936 0.0491265   5.36731
-0.271998 -0.015749  0.962169 -0.120286
        0         0         0         1
v_world_imu:   -0.65773   0.130184 0.00475963
frame_66
id: 556
stamp: 1784010331.125568151
T_odom_lidar: 
 -0.935733  -0.226909   -0.27003   0.699848
   0.22277  -0.973771  0.0463074    5.37852
 -0.273455 -0.0168232   0.961738  -0.127625
         0          0          0          1
T_world_lidar: 
 -0.936425  -0.227895  -0.266782   0.706355
  0.222793    -0.9736  0.0496629    5.38075
 -0.271057 -0.0129316   0.962477  -0.121292
         0          0          0          1
v_world_imu:   -0.658667    0.135333 -0.00355183
frame_67
id: 557
stamp: 1784010331.225507975
T_odom_lidar: 
 -0.937384  -0.221046  -0.269165   0.633779
  0.216648   -0.97515  0.0463308     5.3919
 -0.272717 -0.0148843   0.961979  -0.128154
         0          0          0          1
T_world_lidar: 
 -0.937666  -0.222082  -0.267325    0.64029
  0.217218  -0.974941  0.0480292    5.39417
 -0.271292 -0.0130324   0.962409  -0.121746
         0          0          0          1
v_world_imu:  -0.651585    0.13451 -0.0029244
frame_68
id: 558
stamp: 1784010331.325260162
T_odom_lidar: 
-0.938981 -0.216414 -0.267358  0.568128
 0.213038 -0.976143 0.0419354   5.40503
-0.270055 -0.017581  0.962684 -0.128467
        0         0         0         1
T_world_lidar: 
 -0.938619  -0.218473  -0.266954   0.574857
  0.214831  -0.975698  0.0431533    5.40752
 -0.269894 -0.0168455   0.962743  -0.121956
         0          0          0          1
v_world_imu:   -0.649501     0.13962 -0.00653513
frame_69
id: 559
stamp: 1784010331.425585985
T_odom_lidar: 
 -0.939692  -0.215797  -0.265349   0.502273
  0.212298  -0.976295  0.0421603    5.41969
 -0.268157 -0.0167154    0.96323  -0.128659
         0          0          0          1
T_world_lidar: 
 -0.939033  -0.217989  -0.265891   0.509257
  0.214523  -0.975799  0.0423808    5.42225
 -0.268695 -0.0172429   0.963071  -0.122191
         0          0          0          1
v_world_imu:   -0.652349    0.144404 -0.00219892
frame_70
id: 560
stamp: 1784010331.525667191
T_odom_lidar: 
 -0.939605  -0.215949  -0.265533   0.436107
  0.212987  -0.976225  0.0402633    5.43456
 -0.267915 -0.0187233   0.963261  -0.128893
         0          0          0          1
T_world_lidar: 
 -0.938604  -0.218583  -0.266915   0.443372
  0.215707  -0.975621  0.0404269    5.43724
 -0.269244 -0.0196305   0.962872  -0.122571
         0          0          0          1
v_world_imu:  -0.655882   0.148791 0.00189627
frame_71
id: 561
stamp: 1784010331.625581026
T_odom_lidar: 
 -0.939654  -0.216529  -0.264887   0.369966
  0.213504  -0.976101  0.0405242    5.44956
 -0.267331 -0.0184756   0.963428  -0.129328
         0          0          0          1
T_world_lidar: 
 -0.938509  -0.219134  -0.266797   0.377453
   0.21616  -0.975503  0.0408445    5.45243
 -0.269211 -0.0193379   0.962887  -0.123137
         0          0          0          1
v_world_imu:   -0.660272    0.154659 -0.00158244
frame_72
id: 562
stamp: 1784010331.725517035
T_odom_lidar: 
  -0.93951  -0.217893   -0.26428   0.304471
  0.214191   -0.97584   0.043115    5.46471
  -0.26729 -0.0160995   0.963482  -0.129413
         0          0          0          1
T_world_lidar: 
 -0.938391  -0.220456  -0.266124   0.312058
  0.216994  -0.975237  0.0427293    5.46767
 -0.268954 -0.0176505   0.962991   -0.12331
         0          0          0          1
v_world_imu:   -0.653435    0.155047 -0.00117015
frame_73
id: 563
stamp: 1784010331.825294971
T_odom_lidar: 
 -0.939248  -0.219254  -0.264085   0.239283
  0.216204   -0.97549  0.0409353    5.47952
 -0.266587 -0.0186478    0.96363   -0.12939
         0          0          0          1
T_world_lidar: 
 -0.938154  -0.221347  -0.266219   0.246845
  0.218511  -0.974989  0.0406196    5.48257
 -0.268552 -0.0200645   0.963056  -0.123556
         0          0          0          1
v_world_imu:   -0.652761    0.156149 -0.00185744
frame_74
id: 564
stamp: 1784010331.925246000
T_odom_lidar: 
 -0.939106  -0.220652  -0.263424   0.174292
  0.217385  -0.975188  0.0418705    5.49499
 -0.266127 -0.0179435   0.963771  -0.129099
         0          0          0          1
T_world_lidar: 
-0.937946 -0.222771 -0.265762   0.18172
 0.219706 -0.974678 0.0416064   5.49804
-0.268301 -0.019365   0.96314 -0.123498
        0         0         0         1
v_world_imu:   -0.658618    0.155436 0.000174607
frame_75
id: 565
stamp: 1784010332.025696039
T_odom_lidar: 
 -0.938474  -0.221715  -0.264782   0.108607
  0.218953  -0.974903  0.0402923    5.51068
 -0.267071 -0.0201617   0.963466  -0.129069
         0          0          0          1
T_world_lidar: 
 -0.937261  -0.223989  -0.267153   0.115887
  0.221379  -0.974357  0.0402574    5.51357
 -0.269319 -0.0214103   0.962813  -0.123391
         0          0          0          1
v_world_imu:   -0.656853    0.153115 -0.00171544
frame_76
id: 566
stamp: 1784010332.125205994
T_odom_lidar: 
-0.938244 -0.223146 -0.264392 0.0439512
 0.220102 -0.974594  0.041481    5.5264
-0.266932 -0.019274  0.963523 -0.129452
        0         0         0         1
T_world_lidar: 
 -0.937026  -0.225138  -0.267013  0.0511864
  0.222228  -0.974112  0.0414788    5.52911
 -0.269439 -0.0204712     0.9628  -0.123789
         0          0          0          1
v_world_imu:  -0.650948   0.158773 0.00014032
frame_77
id: 567
stamp: 1784010332.225480080
T_odom_lidar: 
  -0.93792  -0.224932  -0.264031 -0.0210834
  0.221187  -0.974228  0.0442357    5.54229
 -0.267176 -0.0169107   0.963499  -0.129445
         0          0          0          1
T_world_lidar: 
 -0.936506  -0.227393  -0.266926 -0.0136833
  0.223701  -0.973637  0.0445869    5.54494
 -0.270028 -0.0179557   0.962685  -0.123847
         0          0          0          1
v_world_imu:    -0.645407     0.157011 -0.000467648
frame_78
id: 568
stamp: 1784010332.325370073
T_odom_lidar: 
 -0.937358  -0.227491  -0.263833 -0.0852308
  0.223903  -0.973617  0.0440119    5.55756
 -0.266885 -0.0178183   0.963564  -0.129455
         0          0          0          1
T_world_lidar: 
 -0.936018  -0.229358  -0.266956 -0.0777683
  0.225897  -0.973155  0.0440441    5.56008
 -0.269891 -0.0190783   0.962702  -0.123827
         0          0          0          1
v_world_imu:   -0.647747    0.161178 0.000611602
frame_79
id: 569
stamp: 1784010332.425472021
T_odom_lidar: 
  -0.93718  -0.229696  -0.262551  -0.149092
  0.225623  -0.973129  0.0459901    5.57331
  -0.26606 -0.0161366   0.963821  -0.129603
         0          0          0          1
T_world_lidar: 
-0.935745 -0.231463 -0.266093 -0.141861
 0.227466  -0.97269 0.0461922   5.57581
-0.269518 -0.017303   0.96284 -0.123941
        0         0         0         1
v_world_imu:   -0.646325    0.156546 -0.00403723
frame_80
id: 570
stamp: 1784010332.525534153
T_odom_lidar: 
 -0.936208  -0.232384  -0.263652  -0.212849
  0.228486  -0.972469  0.0458022    5.58895
 -0.267037 -0.0173604    0.96353  -0.129839
         0          0          0          1
T_world_lidar: 
  -0.93479  -0.233812  -0.267392  -0.206198
  0.230016  -0.972104  0.0458995    5.59143
 -0.270665 -0.0185981   0.962494  -0.124063
         0          0          0          1
v_world_imu:  -0.644374   0.152692 -0.0101799
frame_81
id: 571
stamp: 1784010332.625502110
T_odom_lidar: 
-0.935959 -0.235038 -0.262179 -0.276461
 0.230749 -0.971854 0.0474909   5.60518
-0.265962 -0.016048   0.96385 -0.130421
        0         0         0         1
T_world_lidar: 
 -0.934486   -0.23634  -0.266232  -0.270627
  0.231962  -0.971527  0.0482489    5.60756
 -0.270054 -0.0166677   0.962701  -0.124555
         0          0          0          1
v_world_imu:   -0.652609    0.166121 -0.00196399
frame_82
id: 572
stamp: 1784010332.725502014
T_odom_lidar: 
 -0.935462   -0.23873  -0.260613  -0.339994
  0.233705  -0.970991  0.0505843    5.62179
 -0.265129 -0.0135868   0.964117  -0.130542
         0          0          0          1
T_world_lidar: 
 -0.934129  -0.239828  -0.264357  -0.334905
  0.234822  -0.970706  0.0508704    5.62388
 -0.268814 -0.0145575   0.963082    -0.1246
         0          0          0          1
v_world_imu:   -0.640761     0.16459 -0.00143712
frame_83
id: 573
stamp: 1784010332.825500011
T_odom_lidar: 
-0.935043 -0.241026 -0.260002 -0.403392
 0.236507 -0.970392 0.0490175   5.63816
-0.264119 -0.015659  0.964363 -0.130307
        0         0         0         1
T_world_lidar: 
 -0.933916  -0.242362  -0.262798   -0.39909
  0.237595  -0.970062  0.0502747     5.6398
 -0.267115 -0.0154871    0.96354  -0.124472
         0          0          0          1
v_world_imu:   -0.649141     0.17073 -0.00068405
frame_84
id: 574
stamp: 1784010332.925686121
T_odom_lidar: 
 -0.935061  -0.243333  -0.257781  -0.467774
  0.238343  -0.969844  0.0509336    5.65497
 -0.262401 -0.0138142    0.96486  -0.130185
         0          0          0          1
T_world_lidar: 
 -0.934389  -0.244427  -0.259178  -0.463661
  0.239015  -0.969584  0.0527048    5.65639
 -0.264178 -0.0127007    0.96439  -0.124274
         0          0          0          1
v_world_imu:   -0.653302    0.163319 -0.00204222
frame_85
id: 575
stamp: 1784010333.025572062
T_odom_lidar: 
 -0.934365   -0.24487  -0.258845  -0.532289
  0.240373  -0.969423  0.0493984    5.67114
 -0.263026 -0.0160632   0.964655  -0.130419
         0          0          0          1
T_world_lidar: 
 -0.934762   -0.24578  -0.256541  -0.528116
  0.240778  -0.969227  0.0512433     5.6724
 -0.261241 -0.0138691   0.965174  -0.124288
         0          0          0          1
v_world_imu:   -0.645029    0.157811 -0.00816234
frame_86
id: 576
stamp: 1784010333.125267029
T_odom_lidar: 
 -0.934595  -0.245906  -0.257027  -0.596334
    0.2412  -0.969176  0.0501938    5.68756
 -0.261448 -0.0150842     0.9651  -0.131109
         0          0          0          1
T_world_lidar: 
 -0.935924   -0.24649  -0.251572  -0.592255
  0.240932  -0.969085   0.053169    5.68895
   -0.2569 -0.0108496   0.966377  -0.124874
         0          0          0          1
v_world_imu:   -0.644348    0.167614 -0.00777726
frame_87
id: 577
stamp: 1784010333.225327969
T_odom_lidar: 
 -0.934398  -0.247505  -0.256206  -0.660486
  0.242261  -0.968797  0.0523559    5.70422
  -0.26117 -0.0131476   0.965203  -0.131432
         0          0          0          1
T_world_lidar: 
 -0.934767  -0.248014   -0.25436  -0.656522
  0.242264  -0.968695  0.0542124    5.70582
 -0.259843 -0.0109463   0.965589  -0.124828
         0          0          0          1
v_world_imu:  -0.642216   0.169986 0.00360069
frame_88
id: 578
stamp: 1784010333.325328112
T_odom_lidar: 
 -0.933989  -0.248857  -0.256387  -0.724592
  0.244015  -0.968426  0.0510658    5.72048
    -0.261 -0.0148675   0.965224   -0.13127
         0          0          0          1
T_world_lidar: 
-0.933859 -0.249029 -0.256693 -0.720493
  0.24398 -0.968392 0.0518697   5.72231
-0.261497 -0.014189    0.9651 -0.124344
        0         0         0         1
v_world_imu: -0.633941  0.173785 0.0017948
frame_89
id: 579
stamp: 1784010333.425453186
T_odom_lidar: 
 -0.934244  -0.249011  -0.255308  -0.788551
  0.243871  -0.968406   0.052126    5.73712
 -0.260221 -0.0135637   0.965454  -0.130902
         0          0          0          1
T_world_lidar: 
 -0.933678  -0.249444  -0.256948  -0.784172
  0.244262  -0.968291   0.052431    5.73914
 -0.261879 -0.0138089   0.965002  -0.123721
         0          0          0          1
v_world_imu:  -0.641205   0.159306 0.00309079
frame_90
id: 580
stamp: 1784010333.525371075
T_odom_lidar: 
 -0.934938  -0.246433  -0.255268  -0.852475
  0.241911  -0.969036  0.0494769    5.75238
 -0.259556 -0.0154943   0.965604   -0.13054
         0          0          0          1
T_world_lidar: 
 -0.934032  -0.247171  -0.257857  -0.847813
  0.242773   -0.96883  0.0492842     5.7546
 -0.262001 -0.0165676   0.964925   -0.12307
         0          0          0          1
v_world_imu:    -0.634048      0.14565 -0.000146634
frame_91
id: 581
stamp: 1784010333.625120163
T_odom_lidar: 
 -0.936467  -0.241184  -0.254675  -0.916653
  0.237095  -0.970343  0.0471193    5.76627
 -0.258487 -0.0162564   0.965878  -0.131072
         0          0          0          1
T_world_lidar: 
  -0.93541  -0.241522  -0.258214  -0.911832
  0.237706  -0.970229  0.0463908     5.7688
 -0.261731 -0.0179847   0.964973  -0.123112
         0          0          0          1
v_world_imu:   -0.641083    0.141595 -0.00579406
frame_92
id: 582
stamp: 1784010333.725403070
T_odom_lidar: 
 -0.938966  -0.232698  -0.253368   -0.98122
  0.228729  -0.972429  0.0454411      5.779
 -0.256956 -0.0152849   0.966302  -0.131468
         0          0          0          1
T_world_lidar: 
  -0.93747  -0.232989  -0.258585   -0.97637
  0.229436  -0.972316  0.0442788    5.78184
 -0.261743 -0.0178187   0.964973  -0.122988
         0          0          0          1
v_world_imu:  -0.642969   0.117157 0.00313185
frame_93
id: 583
stamp: 1784010333.825132132
T_odom_lidar: 
 -0.942077  -0.215383  -0.257103   -1.04602
  0.212566  -0.976366  0.0390457    5.78832
 -0.259437 -0.0178674   0.965595  -0.131421
         0          0          0          1
T_world_lidar: 
 -0.941034  -0.215094  -0.261131   -1.04122
  0.212761  -0.976384  0.0375243    5.79111
 -0.263035 -0.0202468   0.964574  -0.122843
         0          0          0          1
v_world_imu:   -0.645914   0.0761427 -0.00296306
frame_94
id: 584
stamp: 1784010333.925428152
T_odom_lidar: 
 -0.947242  -0.188517  -0.259219   -1.11199
  0.186325  -0.981926  0.0332347    5.79452
 -0.260799 -0.0168176   0.965247  -0.131271
         0          0          0          1
T_world_lidar: 
 -0.946281  -0.188388  -0.262796   -1.10707
  0.186806    -0.9819  0.0312303    5.79719
 -0.263923 -0.0195393   0.964346  -0.122694
         0          0          0          1
v_world_imu:   -0.647993   0.0411058 -0.00291103
frame_95
id: 585
stamp: 1784010334.025351048
T_odom_lidar: 
 -0.951661  -0.155601  -0.264821   -1.17768
  0.154965  -0.987642  0.0234282    5.79662
 -0.265194 -0.0187424   0.964013  -0.131323
         0          0          0          1
T_world_lidar: 
 -0.950924  -0.155794  -0.267344    -1.1728
  0.155846  -0.987555  0.0211637    5.79931
 -0.267314 -0.0215393   0.963369  -0.122562
         0          0          0          1
v_world_imu:   -0.643106 0.000804507  -0.0029905
frame_96
id: 586
stamp: 1784010334.125351191
T_odom_lidar: 
 -0.956684   -0.11534  -0.267306    -1.2422
  0.116007  -0.993159  0.0133516    5.79402
 -0.267018 -0.0182362   0.963519  -0.132118
         0          0          0          1
T_world_lidar: 
 -0.956143  -0.115393  -0.269211    -1.2376
  0.116774  -0.993098  0.0109348    5.79672
 -0.268615 -0.0209816   0.963019  -0.123138
         0          0          0          1
v_world_imu:  -0.634042 -0.0539196 0.00224163
frame_97
id: 587
stamp: 1784010334.225434065
T_odom_lidar: 
  -0.96075 -0.0707688  -0.268238   -1.30579
 0.0729672  -0.997333 0.00177786    5.78648
 -0.267648 -0.0178645   0.963351  -0.132554
         0          0          0          1
T_world_lidar: 
   -0.960375   -0.0702344    -0.269715     -1.30163
   0.0732045    -0.997316 -0.000956087      5.78913
   -0.268924   -0.0206626      0.96294     -0.12314
           0            0            0            1
v_world_imu:  -0.620812 -0.0957695 0.00296357
frame_98
id: 588
stamp: 1784010334.325093985
T_odom_lidar: 
 -0.962832 -0.0217595  -0.269223   -1.36853
 0.0258686  -0.999597  -0.011724    5.77476
 -0.268859 -0.0182527   0.963006   -0.13344
         0          0          0          1
T_world_lidar: 
 -0.962737 -0.0224653  -0.269505   -1.36469
 0.0273103  -0.999526 -0.0142408    5.77758
 -0.269057 -0.0210704   0.962894  -0.123636
         0          0          0          1
v_world_imu:   -0.621084   -0.136683 -0.00342306
frame_99
id: 589
stamp: 1784010334.425386190
T_odom_lidar: 
 -0.963013  0.0303431   -0.26774   -1.43161
-0.0243835  -0.999376 -0.0255568    5.75908
 -0.268348 -0.0180831   0.963152  -0.133887
         0          0          0          1
T_world_lidar: 
 -0.963208   0.028895  -0.267198   -1.42806
-0.0222661  -0.999365 -0.0278063    5.76201
 -0.267832 -0.0208339    0.96324  -0.123756
         0          0          0          1
v_world_imu:  -0.620031  -0.164366 0.00628464
frame_100
id: 590
stamp: 1784010334.525339127
T_odom_lidar: 
 -0.961058  0.0708577  -0.267109   -1.49456
 -0.062702  -0.997272 -0.0389511    5.74318
  -0.26914  -0.020686   0.962879  -0.134173
         0          0          0          1
T_world_lidar: 
 -0.961651  0.0691377  -0.265418   -1.49077
-0.0604438  -0.997338 -0.0407951    5.74617
 -0.267532 -0.0231878    0.96327  -0.123572
         0          0          0          1
v_world_imu:  -0.617155  -0.152762 -0.0112448
frame_101
id: 591
stamp: 1784010334.625303984
T_odom_lidar: 
 -0.958746  0.0991025  -0.266431   -1.55808
-0.0898956  -0.994862 -0.0465649    5.72941
 -0.269677 -0.0206929   0.962729  -0.135108
         0          0          0          1
T_world_lidar: 
 -0.959678  0.0968483   -0.26389   -1.55367
-0.0873481  -0.995043 -0.0475281    5.73246
 -0.267185 -0.0225614   0.963381  -0.123978
         0          0          0          1
v_world_imu:   -0.622138   -0.134172 -0.00812686
frame_102
id: 592
stamp: 1784010334.725394011
T_odom_lidar: 
 -0.957477   0.117263  -0.263604   -1.62057
 -0.107209  -0.992862 -0.0522584    5.71632
 -0.267851 -0.0217754   0.963214  -0.135456
         0          0          0          1
T_world_lidar: 
 -0.958384   0.115335  -0.261147    -1.6163
 -0.105008  -0.993047 -0.0532085     5.7193
 -0.265468 -0.0235717   0.963831  -0.123865
         0          0          0          1
v_world_imu:    -0.61658   -0.131324 0.000657138
frame_103
id: 593
stamp: 1784010334.825333118
T_odom_lidar: 
 -0.954882   0.133646  -0.265217   -1.68148
 -0.123394  -0.990831 -0.0550272    5.70333
 -0.270139 -0.0198184   0.962617  -0.135944
         0          0          0          1
T_world_lidar: 
 -0.956039   0.132051  -0.261826   -1.67811
 -0.121672  -0.991015 -0.0555389    5.70611
 -0.266807 -0.0212406   0.963516  -0.123992
         0          0          0          1
v_world_imu:   -0.615336   -0.138879 -0.00447725
frame_104
id: 594
stamp: 1784010334.925371170
T_odom_lidar: 
 -0.952383   0.153434  -0.263485   -1.74183
 -0.142294  -0.987945 -0.0609738     5.6883
 -0.269664 -0.0205781   0.962735   -0.13628
         0          0          0          1
T_world_lidar: 
 -0.953828   0.152039  -0.259029   -1.73937
 -0.141105   -0.98815 -0.0604102    5.69076
 -0.265144 -0.0210708   0.963978  -0.124138
         0          0          0          1
v_world_imu:   -0.611505   -0.160861 -0.00706184
frame_105
id: 595
stamp: 1784010335.025303125
T_odom_lidar: 
 -0.948518   0.178006  -0.261969   -1.80224
  -0.16572  -0.983794  -0.068452    5.67056
 -0.269909 -0.0215143   0.962646  -0.136417
         0          0          0          1
T_world_lidar: 
 -0.950316   0.176785  -0.256216   -1.80001
 -0.165167  -0.984031 -0.0663541    5.67272
 -0.263855 -0.0207389   0.964339  -0.124179
         0          0          0          1
v_world_imu:   -0.598539   -0.189437 -0.00764713
frame_106
id: 596
stamp: 1784010335.125121117
T_odom_lidar: 
 -0.941564    0.20974  -0.263566   -1.86297
  -0.19637  -0.977549 -0.0764004    5.64971
 -0.273673 -0.0201794   0.961611  -0.137462
         0          0          0          1
T_world_lidar: 
 -0.944308   0.207574  -0.255334   -1.86023
  -0.19553  -0.978053 -0.0719755    5.65203
 -0.264671 -0.0180414    0.96417  -0.125002
         0          0          0          1
v_world_imu:   -0.587737   -0.222436 -0.00983658
frame_107
id: 597
stamp: 1784010335.225092173
T_odom_lidar: 
 -0.933593   0.246819  -0.259776     -1.921
 -0.231538  -0.968804 -0.0883729    5.62476
 -0.273484 -0.0223564   0.961617  -0.138403
         0          0          0          1
T_world_lidar: 
 -0.936547   0.243706  -0.251966   -1.91799
 -0.229183  -0.969583 -0.0859311    5.62722
 -0.265244  -0.022732   0.963913  -0.125606
         0          0          0          1
v_world_imu:   -0.551957   -0.263308 -0.00139752
frame_108
id: 598
stamp: 1784010335.325190067
T_odom_lidar: 
 -0.921564   0.289684  -0.258464   -1.97557
 -0.273285  -0.956918 -0.0980958    5.59633
 -0.275746 -0.0197672   0.961027   -0.13962
         0          0          0          1
T_world_lidar: 
 -0.924825   0.286588  -0.250131   -1.97248
 -0.270331   -0.95778 -0.0978644    5.59881
 -0.267617 -0.0228891   0.963253  -0.126452
         0          0          0          1
v_world_imu:   -0.522783   -0.292024 -0.00627646
frame_109
id: 599
stamp: 1784010335.425454140
T_odom_lidar: 
 -0.908563   0.331497  -0.254209   -2.02782
 -0.313602  -0.943255  -0.109197     5.5653
 -0.275983 -0.0194922   0.960965  -0.140881
         0          0          0          1
T_world_lidar: 
 -0.911432   0.329056  -0.247009   -2.02507
 -0.310884  -0.944008  -0.110451    5.56776
 -0.269523 -0.0238775   0.962698  -0.127328
         0          0          0          1
v_world_imu:  -0.504312  -0.313503 -0.0183146
frame_110
id: 600
stamp: 1784010335.525429010
T_odom_lidar: 
 -0.895779   0.366992  -0.250794   -2.07911
 -0.347576  -0.930013  -0.119444    5.53302
 -0.277076 -0.0198253   0.960643  -0.141988
         0          0          0          1
T_world_lidar: 
 -0.899029     0.3653  -0.241458   -2.07629
 -0.345265  -0.930512  -0.122226    5.53555
 -0.269329 -0.0265179   0.962683  -0.127995
         0          0          0          1
v_world_imu:   -0.519173    -0.31698 -0.00447894
frame_111
id: 601
stamp: 1784010335.625272989
T_odom_lidar: 
 -0.884316   0.395107  -0.248749   -2.13152
 -0.374908  -0.918455  -0.126034    5.50122
 -0.278262 -0.0181961   0.960333   -0.14313
         0          0          0          1
T_world_lidar: 
 -0.887353   0.394043  -0.239449   -2.12848
 -0.373222  -0.918753  -0.128832    5.50396
  -0.27076 -0.0249519   0.962323   -0.12881
         0          0          0          1
v_world_imu:   -0.51457  -0.311468 -0.0152936
frame_112
id: 602
stamp: 1784010335.725181103
T_odom_lidar: 
-0.876258    0.4141 -0.246361  -2.18375
-0.393227 -0.910054 -0.131049   5.47023
-0.278469 -0.017957  0.960277 -0.144268
        0         0         0         1
T_world_lidar: 
 -0.878988   0.413697  -0.237138   -2.18076
 -0.392019  -0.910062  -0.134565    5.47303
  -0.27148 -0.0253184   0.962111  -0.129833
         0          0          0          1
v_world_imu:   -0.521254   -0.309751 -0.00949671
frame_113
id: 603
stamp: 1784010335.825260162
T_odom_lidar: 
-0.868849  0.430917 -0.243747  -2.23517
-0.409846 -0.902238 -0.134137   5.43873
 -0.27772 -0.016646  0.960518 -0.145619
        0         0         0         1
T_world_lidar: 
 -0.871327   0.430743  -0.235053   -2.23247
 -0.408617  -0.902139  -0.138484    5.44148
 -0.271702 -0.0246177   0.962067  -0.131058
         0          0          0          1
v_world_imu:  -0.504354  -0.313454 -0.0119184
frame_114
id: 604
stamp: 1784010335.925388098
T_odom_lidar: 
 -0.861633   0.446185  -0.241883   -2.28589
  -0.42537  -0.894835  -0.135391    5.40641
 -0.276855 -0.0137675   0.960813  -0.146423
         0          0          0          1
T_world_lidar: 
 -0.863761   0.446605  -0.233368   -2.28359
 -0.424675  -0.894467  -0.139931    5.40927
 -0.271233 -0.0217612   0.962268  -0.131857
         0          0          0          1
v_world_imu:   -0.505615    -0.32294 -0.00728046
frame_115
id: 605
stamp: 1784010336.025226116
T_odom_lidar: 
 -0.854372    0.46183  -0.238247   -2.33584
 -0.440378  -0.886848  -0.139881    5.37282
  -0.27589 -0.0145917   0.961078  -0.147196
         0          0          0          1
T_world_lidar: 
 -0.856903   0.461874  -0.228887   -2.33378
 -0.439702  -0.886674  -0.143081    5.37594
 -0.269033 -0.0219645   0.962881  -0.132705
         0          0          0          1
v_world_imu:  -0.498286  -0.344521 -0.0111974
frame_116
id: 606
stamp: 1784010336.125315189
T_odom_lidar: 
 -0.845532   0.478677  -0.236524   -2.38707
 -0.457517   -0.87792  -0.141192    5.33754
 -0.275234 -0.0111682   0.961312  -0.148242
         0          0          0          1
T_world_lidar: 
 -0.848104   0.478316   -0.22789   -2.38482
 -0.456558  -0.878006  -0.143735    5.34106
 -0.268839 -0.0178572   0.963019  -0.133868
         0          0          0          1
v_world_imu:   -0.507466   -0.358499 -0.00192012
frame_117
id: 607
stamp: 1784010336.225045204
T_odom_lidar: 
 -0.832409   0.502799     -0.233   -2.43757
 -0.480879   -0.86434  -0.147215    5.29931
 -0.275411 -0.0104981   0.961269  -0.149313
         0          0          0          1
T_world_lidar: 
 -0.836754   0.499322  -0.224766   -2.43459
 -0.477141  -0.866256  -0.148112     5.3034
 -0.268661 -0.0166882    0.96309  -0.134949
         0          0          0          1
v_world_imu:  -0.476595  -0.399747 -0.0122732
frame_118
id: 608
stamp: 1784010336.325088024
T_odom_lidar: 
 -0.811853   0.538718  -0.225116   -2.48344
  -0.51568  -0.842418  -0.156225    5.25627
 -0.273803 -0.0107438   0.961726  -0.150713
         0          0          0          1
T_world_lidar: 
 -0.817002   0.534313  -0.216836    -2.4804
 -0.511176  -0.845116  -0.156454    5.26059
 -0.266847 -0.0169819   0.963589  -0.135985
         0          0          0          1
v_world_imu:  -0.429828  -0.446173 -0.0160443
frame_119
id: 609
stamp: 1784010336.424970150
T_odom_lidar: 
  -0.784468    0.581089    -0.21667    -2.52478
  -0.556809   -0.813779   -0.166517     5.20945
  -0.273082 -0.00998309    0.961939   -0.152152
          0           0           0           1
T_world_lidar: 
 -0.790242   0.576457   -0.20788   -2.52193
 -0.552099  -0.816952  -0.166664    5.21384
 -0.265902 -0.0169349   0.963851  -0.136994
         0          0          0          1
v_world_imu:   -0.391377   -0.477587 -0.00990293
frame_120
id: 610
stamp: 1784010336.525171041
T_odom_lidar: 
  -0.749746    0.627849   -0.209015    -2.56258
  -0.602156   -0.778299    -0.17793     5.15984
  -0.274389 -0.00754229    0.961589   -0.152995
          0           0           0           1
T_world_lidar: 
-0.757707  0.621369  -0.19945  -2.55972
 -0.59593 -0.783375 -0.176611   5.16444
-0.265985 -0.014961  0.963861 -0.137553
        0         0         0         1
v_world_imu:  -0.336965  -0.497686 -0.0120594
frame_121
id: 611
stamp: 1784010336.625156164
T_odom_lidar: 
 -0.708553   0.676965  -0.199177   -2.59524
 -0.649907  -0.735999   -0.18954    5.10717
 -0.274906 -0.0048529   0.961459  -0.154573
         0          0          0          1
T_world_lidar: 
 -0.717752   0.670166  -0.188972   -2.59263
 -0.643526  -0.742098  -0.187523    5.11195
 -0.265908 -0.0129867   0.963911  -0.138715
         0          0          0          1
v_world_imu:   -0.293815   -0.533321 -0.00373912
frame_122
id: 612
stamp: 1784010336.725171089
T_odom_lidar: 
  -0.659361    0.728715   -0.184979     -2.6224
  -0.700068   -0.684806   -0.202352     5.05116
  -0.274132 -0.00392502    0.961684   -0.155457
          0           0           0           1
T_world_lidar: 
 -0.669707   0.721587  -0.175514   -2.62027
 -0.693325  -0.692211   -0.20036    5.05608
  -0.26607 -0.0124945   0.963873  -0.139173
         0          0          0          1
v_world_imu:  -0.234306  -0.556922 0.00730166
frame_123
id: 613
stamp: 1784010336.825302124
T_odom_lidar: 
  -0.612743    0.771184    -0.17269    -2.64322
  -0.740251   -0.636596   -0.216276     4.99711
  -0.276722 -0.00468729    0.960939   -0.156404
          0           0           0           1
T_world_lidar: 
 -0.623179   0.765086  -0.162146   -2.64152
 -0.734809  -0.643777  -0.213557    5.00209
 -0.267776 -0.0139378    0.96338  -0.139779
         0          0          0          1
v_world_imu:  -0.161015  -0.481338 -0.0117685
frame_124
id: 614
stamp: 1784010336.925115108
T_odom_lidar: 
  -0.578625    0.799033   -0.163523    -2.65678
  -0.767347   -0.601278   -0.222808     4.95487
  -0.276354 -0.00344393     0.96105    -0.15696
          0           0           0           1
T_world_lidar: 
 -0.586974   0.795153  -0.152295   -2.65536
 -0.763805  -0.606255  -0.221488     4.9595
 -0.268446 -0.0136842   0.963197  -0.140089
         0          0          0          1
v_world_imu:   -0.107757   -0.353059 -0.00539865
frame_125
id: 615
stamp: 1784010337.025177002
T_odom_lidar: 
  -0.557812    0.815138   -0.156193     -2.6652
  -0.782619   -0.579246   -0.227994      4.9247
  -0.276321 -0.00493749    0.961053   -0.157747
          0           0           0           1
T_world_lidar: 
 -0.564273   0.812753  -0.145015   -2.66401
 -0.780462  -0.582413  -0.227318    4.92881
 -0.269212 -0.0150908   0.962963  -0.140723
         0          0          0          1
v_world_imu:  -0.0644417   -0.250026 -0.00690399
frame_126
id: 616
stamp: 1784010337.125145197
T_odom_lidar: 
  -0.555272    0.817309   -0.153878    -2.66928
   -0.78522   -0.576177   -0.226825       4.909
  -0.274047 -0.00512127    0.961703   -0.157833
          0           0           0           1
T_world_lidar: 
  -0.55857   0.816845  -0.144096   -2.66829
 -0.784218  -0.576663  -0.229046    4.91244
  -0.27019 -0.0149352   0.962691  -0.140782
         0          0          0          1
v_world_imu:   -0.0152368   -0.0844037 -0.000654332
frame_127
id: 617
stamp: 1784010337.225323200
T_odom_lidar: 
  -0.550362    0.820942   -0.152169    -2.66979
  -0.788522   -0.570982     -0.2285      4.9052
  -0.274471 -0.00576984    0.961578   -0.157869
          0           0           0           1
T_world_lidar: 
 -0.555024   0.819469  -0.142893   -2.66888
 -0.786814  -0.572928  -0.229515    4.90826
 -0.269948 -0.0149562   0.962759  -0.140883
         0          0          0          1
v_world_imu:  0.0228368   0.015215 -0.0119528
frame_128
id: 618
stamp: 1784010337.325225115
T_odom_lidar: 
  -0.549962    0.820755   -0.154606      -2.665
  -0.787839   -0.571261   -0.230153     4.91262
   -0.27722 -0.00477087    0.960795   -0.158309
          0           0           0           1
T_world_lidar: 
 -0.553693   0.820639  -0.141336   -2.66404
 -0.787078  -0.571171  -0.232965    4.91537
 -0.271907 -0.0177486    0.96216  -0.141554
         0          0          0          1
v_world_imu:   0.0380838    0.123631 -0.00922452
frame_129
id: 619
stamp: 1784010337.425170183
T_odom_lidar: 
  -0.553008    0.818582   -0.155259    -2.66166
  -0.785536   -0.574364   -0.230302     4.92007
  -0.277697 -0.00539748    0.960654   -0.157937
          0           0           0           1
T_world_lidar: 
 -0.555751   0.818975  -0.142901   -2.66089
 -0.785274  -0.573567  -0.233165    4.92288
  -0.27292 -0.0173648    0.96188  -0.141765
         0          0          0          1
v_world_imu:    0.0181874    0.0238272 -0.000803287
frame_130
id: 620
stamp: 1784010337.525161028
T_odom_lidar: 
  -0.552937    0.818676   -0.155015    -2.66125
  -0.785547   -0.574227   -0.230606     4.92064
  -0.277806 -0.00573898     0.96062   -0.157785
          0           0           0           1
T_world_lidar: 
 -0.555723   0.819019  -0.142758   -2.66057
 -0.785216  -0.573494  -0.233538    4.92353
 -0.273143 -0.0176865   0.961811  -0.142125
         0          0          0          1
v_world_imu: -0.00158321   -0.009538 -0.00422663
frame_131
id: 621
stamp: 1784010337.625231028
T_odom_lidar: 
  -0.552873    0.818752   -0.154843    -2.66194
  -0.785555   -0.574116   -0.230857     4.91892
  -0.277912 -0.00599712    0.960588   -0.158026
          0           0           0           1
T_world_lidar: 
 -0.555377   0.819381  -0.142026   -2.66146
  -0.78557   -0.57296  -0.233659    4.92183
 -0.272831 -0.0181974    0.96189  -0.142715
         0          0          0          1
v_world_imu:  -0.0110923  -0.0163003 -0.00805222
frame_132
id: 622
stamp: 1784010337.725270987
T_odom_lidar: 
  -0.552283    0.819236   -0.154387    -2.66197
  -0.785372   -0.573407   -0.233229     4.91878
  -0.279596 -0.00755687    0.960088   -0.158803
          0           0           0           1
T_world_lidar: 
  -0.55576   0.819082  -0.142252   -2.66173
 -0.785357  -0.573396  -0.233305    4.92177
 -0.272663 -0.0179432   0.961942  -0.143686
         0          0          0          1
v_world_imu:  0.0101747  0.0215916 -0.0114571
frame_133
id: 623
stamp: 1784010337.825288057
T_odom_lidar: 
  -0.552437    0.818954   -0.155331    -2.65438
  -0.785723   -0.573833   -0.230989     4.93246
  -0.278303 -0.00555943    0.960477   -0.158439
          0           0           0           1
T_world_lidar: 
 -0.557638   0.817551  -0.143701   -2.65418
 -0.783463  -0.575572  -0.234314    4.93545
 -0.274274 -0.0180779   0.961482  -0.143389
         0          0          0          1
v_world_imu:  0.121489  0.205824 0.0160501
frame_134
id: 624
stamp: 1784010337.925008059
T_odom_lidar: 
  -0.55826   0.814526  -0.157777   -2.63956
 -0.781237  -0.580101  -0.230545    4.95704
 -0.279312 -0.0054432   0.960185  -0.157108
         0          0          0          1
T_world_lidar: 
 -0.561772   0.814646  -0.144099   -2.63906
 -0.781111  -0.579686   -0.23201    4.96071
 -0.272539 -0.0177796   0.961981  -0.142341
         0          0          0          1
v_world_imu:   0.169623   0.293333 0.00336044
frame_135
id: 625
stamp: 1784010338.025307178
T_odom_lidar: 
  -0.566006    0.808914   -0.159045    -2.61957
  -0.776116     -0.5879   -0.228075      4.9903
  -0.277995 -0.00565442    0.960566   -0.156532
          0           0           0           1
T_world_lidar: 
 -0.569942   0.808706  -0.145469   -2.61877
 -0.775594  -0.587934  -0.229756    4.99459
 -0.271331 -0.0181231   0.962315  -0.142285
         0          0          0          1
v_world_imu:   0.215041   0.336831 0.00436002
frame_136
id: 626
stamp: 1784010338.125126123
T_odom_lidar: 
  -0.570825    0.805336   -0.159978    -2.59733
  -0.773533   -0.592804   -0.224121     5.02435
  -0.275328 -0.00418584    0.961341   -0.157987
          0           0           0           1
T_world_lidar: 
 -0.575105   0.805121  -0.145029   -2.59634
 -0.772715  -0.592824  -0.226874    5.02895
 -0.268638 -0.0184102   0.963065  -0.143967
         0          0          0          1
v_world_imu:   0.248427   0.368092 -0.0418536
frame_137
id: 627
stamp: 1784010338.224975109
T_odom_lidar: 
 -0.574725   0.801685  -0.164294   -2.57041
 -0.768566  -0.597727  -0.228097    5.06456
 -0.281065 -0.0048225   0.959677   -0.15927
         0          0          0          1
T_world_lidar: 
-0.579283  0.801546 -0.148172  -2.56947
-0.769345 -0.597702 -0.225523   5.06928
 -0.26933 -0.016646  0.962904 -0.145025
        0         0         0         1
v_world_imu:  0.282658  0.436683 0.0292619
frame_138
id: 628
stamp: 1784010338.324839115
T_odom_lidar: 
  -0.580036    0.797939   -0.163865    -2.54241
  -0.766023   -0.602724   -0.223455     5.10598
  -0.277069 -0.00408752    0.960841   -0.156479
          0           0           0           1
T_world_lidar: 
 -0.584773   0.797765  -0.147011   -2.54177
 -0.766764  -0.602745  -0.220841    5.11029
 -0.264789 -0.0164189   0.964167  -0.141122
         0          0          0          1
v_world_imu:  0.263694  0.386128 0.0389329
frame_139
id: 629
stamp: 1784010338.425374031
T_odom_lidar: 
  -0.585127    0.794547   -0.162238    -2.51545
  -0.762563   -0.607163   -0.223275     5.14416
  -0.275907 -0.00692721    0.961159   -0.154417
          0           0           0           1
T_world_lidar: 
 -0.589657   0.794401  -0.145709   -2.51519
 -0.763155  -0.607084  -0.221458    5.14816
 -0.264384 -0.0193857   0.964223  -0.138029
         0          0          0          1
v_world_imu:  0.257168  0.362765 0.0244422
frame_140
id: 630
stamp: 1784010338.525082111
T_odom_lidar: 
  -0.589276    0.791116   -0.163979     -2.4906
  -0.759013   -0.611625   -0.223189      5.1795
  -0.276863 -0.00705754    0.960884   -0.153277
          0           0           0           1
T_world_lidar: 
 -0.593371   0.791204  -0.148008    -2.4907
 -0.759724  -0.611252  -0.221789    5.18334
 -0.265951 -0.0191578   0.963796  -0.135954
         0          0          0          1
v_world_imu: 0.236642  0.34364 0.014116
frame_141
id: 631
stamp: 1784010338.625132084
T_odom_lidar: 
  -0.593123    0.787786   -0.166128    -2.46701
  -0.755571   -0.615912    -0.22308     5.21284
   -0.27806 -0.00679201     0.96054    -0.15187
          0           0           0           1
T_world_lidar: 
 -0.596875   0.788147  -0.150212   -2.46726
 -0.756508    -0.6152  -0.221867     5.2166
 -0.267274 -0.0187904   0.963437  -0.133722
         0          0          0          1
v_world_imu: 0.224612 0.320557 0.026353
frame_142
id: 632
stamp: 1784010338.725264072
T_odom_lidar: 
 -0.595426   0.784918  -0.171381   -2.44372
  -0.75189  -0.619577  -0.225359     5.2457
 -0.283072 -0.0053254   0.959084  -0.150133
         0          0          0          1
T_world_lidar: 
 -0.599276   0.785314  -0.155406   -2.44403
 -0.752796  -0.618852   -0.22432    5.24951
 -0.272335 -0.0174407   0.962044   -0.13152
         0          0          0          1
v_world_imu:  0.25428 0.356401 0.032602
frame_143
id: 633
stamp: 1784010338.825188160
T_odom_lidar: 
  -0.601664    0.780527   -0.169641    -2.41462
   -0.74847   -0.625091   -0.221482     5.28607
  -0.278914 -0.00628631    0.960296    -0.14874
          0           0           0           1
T_world_lidar: 
 -0.604867   0.781278   -0.15408   -2.41521
 -0.749603  -0.623919  -0.220954    5.28986
  -0.26876 -0.0181491   0.963036   -0.12995
         0          0          0          1
v_world_imu:  0.281075  0.396726 0.0153593
frame_144
id: 634
stamp: 1784010338.924799204
T_odom_lidar: 
  -0.605416    0.777185   -0.171626    -2.38521
  -0.745024   -0.629242   -0.221344     5.32613
   -0.28002 -0.00613978    0.959975   -0.148158
          0           0           0           1
T_world_lidar: 
  -0.60839   0.778101  -0.156269   -2.38598
 -0.746111  -0.627875  -0.221565     5.3297
 -0.270518 -0.0182043   0.962543  -0.129194
         0          0          0          1
v_world_imu: 0.288926 0.398389 0.010774
frame_145
id: 635
stamp: 1784010339.025045156
T_odom_lidar: 
    -0.6093    0.773844   -0.172969    -2.35594
  -0.741264   -0.633335   -0.222296     5.36522
   -0.28157 -0.00722926    0.959513   -0.147031
          0           0           0           1
T_world_lidar: 
 -0.612014   0.775008  -0.157483   -2.35687
 -0.742521  -0.631651  -0.222889    5.36857
 -0.272215 -0.0194767   0.962039  -0.128062
         0          0          0          1
v_world_imu:   0.277519   0.373825 0.00944586
frame_146
id: 636
stamp: 1784010339.125065088
T_odom_lidar: 
 -0.612743   0.771109  -0.173023   -2.33031
 -0.738383  -0.636646  -0.222425     5.3991
 -0.281668 -0.0085326   0.959474  -0.145616
         0          0          0          1
T_world_lidar: 
  -0.61542   0.772254  -0.157742   -2.33149
 -0.739641  -0.634981  -0.223003    5.40224
 -0.272378 -0.0205682    0.96197  -0.126645
         0          0          0          1
v_world_imu:   0.20936  0.275612 0.0112813
frame_147
id: 637
stamp: 1784010339.225082159
T_odom_lidar: 
 -0.615297   0.769013  -0.173289   -2.31264
 -0.735793  -0.639152  -0.223813    5.42237
 -0.282873 -0.0102073   0.959103  -0.145121
         0          0          0          1
T_world_lidar: 
 -0.617829   0.770177  -0.158477   -2.31404
 -0.737048  -0.637453   -0.22453    5.42524
  -0.27395 -0.0219158   0.961494  -0.125829
         0          0          0          1
v_world_imu:   0.145534   0.192917 0.00495633
frame_148
id: 638
stamp: 1784010339.324957132
T_odom_lidar: 
  -0.617049    0.767235   -0.174933    -2.30019
   -0.73409   -0.641298   -0.223268     5.43885
  -0.283484 -0.00935098    0.958932   -0.144841
          0           0           0           1
T_world_lidar: 
 -0.619316   0.768696  -0.159854   -2.30181
 -0.735582   -0.63926  -0.224198    5.44166
 -0.274528 -0.0212631   0.961344  -0.125221
         0          0          0          1
v_world_imu:   0.103134    0.13717 0.00302999
frame_149
id: 639
stamp: 1784010339.425176144
T_odom_lidar: 
  -0.617516    0.766792   -0.175228    -2.29192
  -0.733756   -0.641833   -0.222831     5.44952
  -0.283332 -0.00902667    0.958979   -0.143668
          0           0           0           1
T_world_lidar: 
-0.620282  0.767824 -0.160304  -2.29377
-0.734954 -0.640329 -0.223207   5.45251
-0.274031 -0.020635  0.961499 -0.124013
        0         0         0         1
v_world_imu: 0.0284147 0.0408212 0.0196541
frame_150
id: 640
stamp: 1784010339.525274992
T_odom_lidar: 
  -0.617181    0.767336   -0.174021    -2.30144
  -0.734669   -0.641183   -0.221687     5.43804
  -0.281687 -0.00897342    0.959464    -0.14364
          0           0           0           1
T_world_lidar: 
-0.620071  0.768129 -0.159656  -2.30329
-0.735535 -0.639969 -0.222325   5.44117
-0.272949 -0.020425  0.961812  -0.12391
        0         0         0         1
v_world_imu:   -0.174689   -0.237924 -0.00758186
frame_151
id: 641
stamp: 1784010339.625008106
T_odom_lidar: 
 -0.612554   0.771085  -0.173797   -2.32555
 -0.738594  -0.636689  -0.221598    5.40591
 -0.281526 -0.0073752   0.959525  -0.144976
         0          0          0          1
T_world_lidar: 
 -0.615924    0.77154  -0.159259   -2.32716
 -0.739121  -0.635894  -0.222123    5.40922
 -0.272648 -0.0190994   0.961924   -0.12501
         0          0          0          1
v_world_imu:  -0.284973  -0.390704 -0.0167207
frame_152
id: 642
stamp: 1784010339.724765062
T_odom_lidar: 
  -0.600502    0.781166   -0.170812    -2.35661
  -0.748814   -0.624297   -0.222555     5.35978
   -0.28049 -0.00573777     0.95984   -0.147104
          0           0           0           1
T_world_lidar: 
 -0.604202   0.781483   -0.15564   -2.35805
 -0.749335  -0.623671  -0.222558    5.36326
 -0.270994 -0.0178436   0.962416   -0.12686
         0          0          0          1
v_world_imu:  -0.311342  -0.517994 -0.0157162
frame_153
id: 643
stamp: 1784010339.825256109
T_odom_lidar: 
  -0.578084    0.799361   -0.163828    -2.38863
  -0.767008   -0.600834   -0.225163     5.30336
   -0.27842 -0.00450552    0.960449   -0.148586
          0           0           0           1
T_world_lidar: 
 -0.581643   0.799692  -0.148942   -2.39004
  -0.76747  -0.600177   -0.22534    5.30693
 -0.269595 -0.0167591   0.962828   -0.12812
         0          0          0          1
v_world_imu:   -0.309869   -0.585057 -0.00504424
frame_154
id: 644
stamp: 1784010339.924797058
T_odom_lidar: 
  -0.548139    0.821621   -0.156469    -2.41922
  -0.788347   -0.570024   -0.231478     5.24187
  -0.279378 -0.00353019    0.960175   -0.150263
          0           0           0           1
T_world_lidar: 
 -0.552302     0.8216  -0.141192   -2.42047
 -0.788622  -0.569832  -0.231013    5.24553
 -0.270256 -0.0162421   0.962651  -0.129599
         0          0          0          1
v_world_imu:  -0.295717  -0.626929 -0.0240215
frame_155
id: 645
stamp: 1784010340.024880171
T_odom_lidar: 
  -0.514627    0.844964   -0.145584    -2.44777
  -0.811205   -0.534811   -0.236483     5.17656
   -0.27768 -0.00360191    0.960667   -0.151917
          0           0           0           1
T_world_lidar: 
 -0.519306   0.844648  -0.129965   -2.44888
 -0.811512  -0.535068  -0.234844    5.18044
   -0.2679 -0.0164878   0.963305  -0.131214
         0          0          0          1
v_world_imu:  -0.258909  -0.659869 -0.0249453
frame_156
id: 646
stamp: 1784010340.124715090
T_odom_lidar: 
  -0.476862    0.868492   -0.135368    -2.47255
  -0.834362   -0.495699   -0.241086     5.10885
  -0.276483 -0.00201847    0.961017   -0.153119
          0           0           0           1
T_world_lidar: 
-0.481811  0.868031 -0.119917  -2.47357
  -0.8347 -0.496285 -0.238698     5.113
 -0.26671 -0.014912  0.963661 -0.132326
        0         0         0         1
v_world_imu: -0.227859  -0.67264  -0.01536
frame_157
id: 647
stamp: 1784010340.225177050
T_odom_lidar: 
   -0.432772     0.892863    -0.124518     -2.49296
   -0.857764    -0.450329    -0.247881      5.03903
   -0.277398 -0.000468824     0.960755    -0.154597
           0            0            0            1
T_world_lidar: 
 -0.437975     0.8923  -0.109449   -2.49385
 -0.858145  -0.451247  -0.244873    5.04348
 -0.267888 -0.0133248   0.963358  -0.133698
         0          0          0          1
v_world_imu:  -0.164353  -0.693628 -0.0118446
frame_158
id: 648
stamp: 1784010340.325119972
T_odom_lidar: 
   -0.382502     0.917325    -0.110486     -2.50756
    -0.88092    -0.398139    -0.255864      4.96829
   -0.278699 -0.000539077     0.960378    -0.155769
           0            0            0            1
T_world_lidar: 
 -0.387791   0.916722 -0.0961128   -2.50813
 -0.881437   -0.39931   -0.25223     4.9729
 -0.269604 -0.0130952   0.962882  -0.134847
         0          0          0          1
v_world_imu:  -0.117457  -0.695288 -0.0103804
frame_159
id: 649
stamp: 1784010340.425044060
T_odom_lidar: 
 -0.329031   0.939224 -0.0979676   -2.51783
 -0.901823    -0.3433  -0.262412     4.8973
 -0.280096 0.00200784    0.95997  -0.157228
         0          0          0          1
T_world_lidar: 
 -0.333578   0.938933 -0.0844444   -2.51797
 -0.902661  -0.343954  -0.258647    4.90184
 -0.271897 -0.0100542   0.962274  -0.136301
         0          0          0          1
v_world_imu: -0.0705222  -0.698144 -0.0221203
frame_160
id: 650
stamp: 1784010340.524816990
T_odom_lidar: 
 -0.272243   0.958885 -0.0801389   -2.52224
 -0.920896  -0.283791  -0.267233    4.82629
 -0.278988 0.00104729   0.960294  -0.158488
         0          0          0          1
T_world_lidar: 
  -0.276189    0.958596  -0.0693778    -2.52207
  -0.921669   -0.284631    -0.26365     4.83071
  -0.272481 -0.00887386     0.96212   -0.137664
          0           0           0           1
v_world_imu: 0.00151882  -0.702291 -0.0301241
frame_161
id: 651
stamp: 1784010340.625179052
T_odom_lidar: 
 -0.208079   0.975921 -0.0654342   -2.52034
 -0.936962  -0.218078  -0.273027    4.75443
 -0.280722 0.00449832   0.959778  -0.160382
         0          0          0          1
T_world_lidar: 
  -0.210386    0.975902  -0.0579066    -2.52018
  -0.937869   -0.218196   -0.269799     4.75875
  -0.275932 -0.00245312    0.961174     -0.1397
          0           0           0           1
v_world_imu:  0.0457339  -0.706833 -0.0159592
frame_162
id: 652
stamp: 1784010340.724802017
T_odom_lidar: 
 -0.141916   0.988798  -0.046243   -2.51282
 -0.948684  -0.149198  -0.278817    4.68213
 -0.282593 0.00430143    0.95923  -0.161765
         0          0          0          1
T_world_lidar: 
 -0.145457   0.988773 -0.0342067   -2.51274
 -0.950276  -0.149249  -0.273313    4.68642
  -0.27535 -0.0072496   0.961317   -0.14093
         0          0          0          1
v_world_imu:    0.10134  -0.712714 -0.0208261
frame_163
id: 653
stamp: 1784010340.824834108
T_odom_lidar: 
-0.0714827   0.997096 -0.0262781   -2.49958
 -0.956265 -0.0759995  -0.282457    4.60915
 -0.283634 0.00493802    0.95892  -0.163298
         0          0          0          1
T_world_lidar: 
 -0.0756148     0.99707  -0.0115794    -2.49986
  -0.958442  -0.0758792    -0.27501     4.61326
  -0.275083 -0.00969662    0.961372    -0.14231
          0           0           0           1
v_world_imu:  0.154304 -0.714173 -0.014132
frame_164
id: 654
stamp: 1784010340.924883127
T_odom_lidar: 
 0.000925486     0.999987  -0.00504331     -2.48063
   -0.958863 -0.000544233    -0.283869      4.53753
   -0.283868   0.00509856      0.95885    -0.164063
           0            0            0            1
T_world_lidar: 
-0.00348288    0.999918   0.0123421    -2.48129
  -0.961564 3.98716e-05   -0.274579     4.54114
  -0.274557   -0.012824    0.961485   -0.142886
          0           0           0           1
v_world_imu:  0.218493 -0.694976 -0.021582
frame_165
id: 655
stamp: 1784010341.024742126
T_odom_lidar: 
 0.0762367   0.996994  0.0138262   -2.45657
  -0.95545  0.0770113   -0.28493    4.46812
 -0.285138 0.00851187   0.958449  -0.165538
         0          0          0          1
T_world_lidar: 
  0.070731    0.99694  0.0332888   -2.45751
 -0.958833  0.0771528  -0.273289    4.47125
 -0.275021 -0.0125885   0.961356  -0.144139
         0          0          0          1
v_world_imu:   0.262179  -0.666519 -0.0151756
frame_166
id: 656
stamp: 1784010341.124927044
T_odom_lidar: 
  0.148173   0.988354  0.0346694     -2.427
 -0.947879   0.151929  -0.280078    4.40149
 -0.282083 0.00863744   0.959351  -0.166303
         0          0          0          1
T_world_lidar: 
  0.142917   0.988193  0.0552207   -2.42816
 -0.951657   0.152532  -0.266614    4.40451
 -0.271889 -0.0144474    0.96222  -0.144844
         0          0          0          1
v_world_imu:   0.316757  -0.640909 -0.0135783
frame_167
id: 657
stamp: 1784010341.224840164
T_odom_lidar: 
    0.218  0.974567 0.0519214  -2.39366
-0.934686  0.223793 -0.276187   4.33725
-0.280783 0.0116786    0.9597 -0.166986
        0         0         0         1
T_world_lidar: 
  0.211819   0.974574  0.0730563   -2.39504
 -0.938984   0.223672  -0.261305    4.34043
 -0.271002 -0.0132492   0.962488  -0.145549
         0          0          0          1
v_world_imu:  0.330927 -0.610691 -0.014131
frame_168
id: 658
stamp: 1784010341.324944973
T_odom_lidar: 
    0.2824   0.956582  0.0721268   -2.35644
 -0.917875   0.291296  -0.269539    4.27815
 -0.278846 0.00991425   0.960285   -0.16745
         0          0          0          1
T_world_lidar: 
  0.276185    0.95651  0.0938589   -2.35794
 -0.922617   0.291218  -0.252925    4.28143
 -0.269259 -0.0167416   0.962922  -0.146044
         0          0          0          1
v_world_imu:    0.397594   -0.559848 -0.00839894
frame_169
id: 659
stamp: 1784010341.424681187
T_odom_lidar: 
 0.350884  0.932239 0.0883816  -2.31451
-0.893961  0.361577 -0.264754   4.22168
-0.278771 0.0138883  0.960257 -0.168269
        0         0         0         1
T_world_lidar: 
  0.344253   0.932374   0.110314   -2.31602
 -0.899287   0.361213  -0.246593    4.22479
 -0.269763 -0.0143134    0.96282  -0.146887
         0          0          0          1
v_world_imu:   0.436262  -0.537949 -0.0122395
frame_170
id: 660
stamp: 1784010341.524718046
T_odom_lidar: 
 0.410425  0.905796  0.105286  -2.27015
-0.868476  0.423471 -0.257722   4.16929
 -0.27803  0.014337  0.960465 -0.169129
        0         0         0         1
T_world_lidar: 
  0.404081   0.905825   0.127277    -2.2715
 -0.873901   0.423396  -0.238814    4.17181
 -0.270212 -0.0147268   0.962688  -0.147655
         0          0          0          1
v_world_imu:   0.458326  -0.483919 -0.0186085
frame_171
id: 661
stamp: 1784010341.624736071
T_odom_lidar: 
 0.473185   0.87231   0.12317  -2.22059
-0.835948  0.488717 -0.249694   4.12114
-0.278006 0.0151876  0.960459  -0.17008
        0         0         0         1
T_world_lidar: 
  0.466768   0.872375    0.14522   -2.22184
 -0.841666   0.488609  -0.229913    4.12293
 -0.271527 -0.0149109   0.962315  -0.148658
         0          0          0          1
v_world_imu:   0.504913  -0.462051 -0.0025449
frame_172
id: 662
stamp: 1784010341.724699020
T_odom_lidar: 
  0.52829  0.837791    0.1379  -2.16885
-0.802801  0.545752 -0.240136   4.07544
-0.276443 0.0161555  0.960894 -0.170294
        0         0         0         1
T_world_lidar: 
  0.521635    0.83803    0.16001   -2.17007
 -0.808852   0.545423  -0.219709    4.07643
 -0.271396 -0.0148166   0.962354  -0.149085
         0          0          0          1
v_world_imu:     0.51361   -0.442614 0.000207262
frame_173
id: 663
stamp: 1784010341.825004101
T_odom_lidar: 
 0.561525  0.813877  0.149314  -2.11998
 -0.77968  0.580846 -0.233916   4.02766
-0.277107 0.0149328  0.960723 -0.171269
        0         0         0         1
T_world_lidar: 
  0.553609   0.815243   0.169987   -2.12119
 -0.786868   0.578913  -0.213769    4.02798
 -0.272682 -0.0154128   0.961981  -0.150176
         0          0          0          1
v_world_imu:   0.443971  -0.523196 -0.0134264
frame_174
id: 664
stamp: 1784010341.925091982
T_odom_lidar: 
  0.56882  0.808613  0.150294  -2.07732
-0.774241  0.588105 -0.233845   3.97342
-0.277479  0.016652  0.960587 -0.171883
        0         0         0         1
T_world_lidar: 
  0.560735   0.810107    0.17118   -2.07837
 -0.781388   0.586124  -0.214222    3.97358
 -0.273875 -0.0136357   0.961669  -0.150784
         0          0          0          1
v_world_imu:    0.428476   -0.545375 -0.00417927
frame_175
id: 665
stamp: 1784010342.024916172
T_odom_lidar: 
 0.575477  0.803386  0.152958  -2.03418
 -0.76904  0.595231 -0.232975   3.91826
-0.278214 0.0164405  0.960378 -0.172666
        0         0         0         1
T_world_lidar: 
  0.567034   0.805282   0.173184   -2.03518
 -0.776655   0.592736  -0.213241    3.91861
 -0.274371 -0.0135893   0.961528  -0.151636
         0          0          0          1
v_world_imu:   0.430123  -0.555922 -0.0163844
frame_176
id: 666
stamp: 1784010342.125022173
T_odom_lidar: 
 0.581528  0.798681  0.154705  -1.99052
-0.764939  0.601554 -0.230219   3.86296
-0.276935 0.0155392  0.960763 -0.173654
        0         0         0         1
T_world_lidar: 
  0.572705   0.801024   0.174268   -1.99158
 -0.773016   0.598464  -0.210444    3.86357
 -0.272864 -0.0141893   0.961948  -0.152589
         0          0          0          1
v_world_imu:    0.433476   -0.552479 -0.00702085
frame_177
id: 667
stamp: 1784010342.224874973
T_odom_lidar: 
 0.586041  0.795236  0.155418  -1.94701
-0.762082  0.606114 -0.227723   3.80804
-0.275295 0.0150138  0.961243 -0.173847
        0         0         0         1
T_world_lidar: 
  0.577657   0.797454   0.174297   -1.94826
 -0.770018   0.603214  -0.207857    3.80904
 -0.270895 -0.0141422   0.962505  -0.152896
         0          0          0          1
v_world_imu:    0.437838    -0.54028 -0.00961251
frame_178
id: 668
stamp: 1784010342.324766159
T_odom_lidar: 
 0.591511  0.790916  0.156737  -1.90317
-0.757777  0.611727 -0.227078   3.75348
-0.275479 0.0155472  0.961181 -0.174652
        0         0         0         1
T_world_lidar: 
  0.583313   0.793245   0.174669   -1.90452
 -0.765868   0.608764  -0.207009    3.75477
 -0.270541 -0.0130222    0.96262  -0.153951
         0          0          0          1
v_world_imu:    0.437057   -0.538911 -0.00249827
frame_179
id: 669
stamp: 1784010342.424968004
T_odom_lidar: 
 0.597309  0.786019  0.159359    -1.859
-0.753307  0.618037 -0.224852   3.69927
-0.275228 0.0142598  0.961273 -0.174719
        0         0         0         1
T_world_lidar: 
 0.588977  0.788787  0.175843  -1.86021
-0.761786  0.614525  -0.20504   3.70083
-0.269793 -0.013191  0.962828 -0.154392
        0         0         0         1
v_world_imu:    0.446034    -0.52547 -0.00775063
frame_180
id: 670
stamp: 1784010342.525004148
T_odom_lidar: 
 0.605415  0.778619  0.165002   -1.8141
-0.746168  0.627387  -0.22275   3.64633
-0.276958 0.0117368   0.96081 -0.175103
        0         0         0         1
T_world_lidar: 
  0.597665   0.781433    0.17933     -1.815
 -0.754358   0.623851  -0.204338    3.64834
 -0.271551 -0.0131535   0.962334  -0.155344
         0          0          0          1
v_world_imu:   0.451813  -0.516026 -0.0187112
frame_181
id: 671
stamp: 1784010342.625029087
T_odom_lidar: 
   0.6177  0.767915  0.169568  -1.76766
-0.736196   0.64047 -0.218662   3.59544
-0.276517 0.0102324  0.960954 -0.175285
        0         0         0         1
T_world_lidar: 
  0.610803   0.770664    0.18165   -1.76814
 -0.743753   0.637137  -0.202208    3.59799
 -0.271571 -0.0115934   0.962349  -0.156082
         0          0          0          1
v_world_imu:    0.472048   -0.497454 -0.00714231
frame_182
id: 672
stamp: 1784010342.724964142
T_odom_lidar: 
  0.628985   0.757801   0.173539   -1.72075
 -0.726554   0.652417  -0.215575    3.54621
 -0.276583 0.00950836   0.960943  -0.175901
         0          0          0          1
T_world_lidar: 
   0.622323    0.760766    0.184256    -1.72093
  -0.733545    0.648957   -0.201907     3.54897
  -0.273178 -0.00950889    0.961916   -0.156688
          0           0           0           1
v_world_imu:   0.466023  -0.495698 -0.0137529
frame_183
id: 673
stamp: 1784010342.825073004
T_odom_lidar: 
 0.635078  0.752526  0.174303  -1.67508
-0.721158  0.658471 -0.215285   3.49644
-0.276781 0.0110224   0.96087  -0.17733
        0         0         0         1
T_world_lidar: 
   0.629263    0.755213    0.183524    -1.67503
  -0.726706    0.655467   -0.205577     3.49918
  -0.275548 -0.00400594    0.961279   -0.157949
          0           0           0           1
v_world_imu:    0.462443   -0.498891 -0.00649651
frame_184
id: 674
stamp: 1784010342.924728155
T_odom_lidar: 
 0.640646  0.747755  0.174459  -1.62964
-0.717132  0.663888 -0.212073   3.44781
  -0.2744  0.010754  0.961556 -0.178244
        0         0         0         1
T_world_lidar: 
  0.635542   0.750404   0.181602   -1.62954
 -0.720905   0.660977  -0.208339    3.45019
 -0.276374 0.00149055   0.961049  -0.158769
         0          0          0          1
v_world_imu:   0.458875  -0.489402 -0.0157499
frame_185
id: 675
stamp: 1784010343.024913073
T_odom_lidar: 
 0.645589  0.743164   0.17585  -1.58389
-0.712442  0.669012 -0.211777    3.3993
 -0.27503  0.011438  0.961368 -0.179748
        0         0         0         1
T_world_lidar: 
   0.640178    0.745263    0.186427    -1.58373
  -0.717217    0.666758   -0.202568     3.40127
  -0.275268 -0.00402869    0.961359   -0.160136
          0           0           0           1
v_world_imu:   0.453102  -0.491591 -0.0172156
frame_186
id: 676
stamp: 1784010343.124633074
T_odom_lidar: 
 0.650598  0.738662  0.176355  -1.53791
-0.708262  0.673973 -0.210061   3.35122
-0.274023 0.0117599  0.961651 -0.180689
        0         0         0         1
T_world_lidar: 
   0.644916    0.740571     0.18878    -1.53793
   -0.71389    0.671935   -0.197141     3.35241
  -0.272845 -0.00762862    0.962028   -0.161195
          0           0           0           1
v_world_imu:   0.454846  -0.489552 -0.0174856
frame_187
id: 677
stamp: 1784010343.224711180
T_odom_lidar: 
 0.654275  0.735286   0.17686  -1.49158
-0.705064  0.677651 -0.208985   3.30312
-0.273513 0.0120362  0.961793 -0.181071
        0         0         0         1
T_world_lidar: 
   0.648559    0.736958    0.190429    -1.49205
  -0.711066    0.675869   -0.193872     3.30367
   -0.27158 -0.00966983    0.962367   -0.161694
          0           0           0           1
v_world_imu:  0.456677 -0.484809 -0.015414
frame_188
id: 678
stamp: 1784010343.325003147
T_odom_lidar: 
 0.658368  0.731639  0.176793  -1.44484
-0.701374  0.681561 -0.208685   3.25483
-0.273177 0.0133939   0.96187 -0.182005
        0         0         0         1
T_world_lidar: 
   0.652655    0.733153    0.191122    -1.44601
  -0.707571    0.679993   -0.192229     3.25511
  -0.270895 -0.00977249    0.962559   -0.162793
          0           0           0           1
v_world_imu:   0.458088  -0.484279 -0.0128294
frame_189
id: 679
stamp: 1784010343.424641132
T_odom_lidar: 
  0.65666  0.733398  0.175858  -1.39983
-0.703125  0.679664 -0.208976   3.20587
-0.272787 0.0135763  0.961979 -0.182573
        0         0         0         1
T_world_lidar: 
  0.651061    0.73456   0.191157   -1.40169
 -0.709517   0.678445  -0.190521    3.20604
 -0.269638 -0.0115886   0.962892  -0.163491
         0          0          0          1
v_world_imu:   0.435752  -0.498318 -0.0172982
frame_190
id: 680
stamp: 1784010343.524620056
T_odom_lidar: 
 0.650988  0.738452  0.175793  -1.35655
-0.707801  0.674183 -0.210938   3.15572
-0.274284 0.0128914  0.961562 -0.183909
        0         0         0         1
T_world_lidar: 
  0.645611   0.739313   0.191319   -1.35887
 -0.713874   0.673252  -0.192654    3.15561
 -0.271237 -0.0121981   0.962435  -0.164863
         0          0          0          1
v_world_imu:  0.416506 -0.509861 -0.016722
frame_191
id: 681
stamp: 1784010343.624715090
T_odom_lidar: 
  0.64196  0.747296   0.17157  -1.31566
-0.716806  0.664366 -0.211677   3.10427
-0.272171 0.0129056  0.962162 -0.184575
        0         0         0         1
T_world_lidar: 
 0.636155   0.74841  0.187586  -1.31823
-0.723109  0.663116 -0.193367   3.10391
-0.269109 -0.012634  0.963027 -0.165733
        0         0         0         1
v_world_imu:   0.387609  -0.527941 -0.0216525
frame_192
id: 682
stamp: 1784010343.724853992
T_odom_lidar: 
 0.625999  0.761524  0.167945  -1.27769
 -0.73043  0.648018 -0.215743   3.05106
-0.273125 0.0123826  0.961899 -0.185223
        0         0         0         1
T_world_lidar: 
  0.619907   0.762687   0.184456   -1.28051
 -0.736806   0.646627   -0.19746     3.0506
 -0.269874 -0.0135017   0.962801  -0.166609
         0          0          0          1
v_world_imu:  0.361954 -0.541263 -0.018481
frame_193
id: 683
stamp: 1784010343.824879169
T_odom_lidar: 
 0.606795  0.778194  0.161907  -1.24309
-0.746194   0.62788 -0.221274   2.99613
-0.273853 0.0134536  0.961678 -0.186447
        0         0         0         1
T_world_lidar: 
  0.599855    0.78005   0.178033   -1.24628
 -0.753114   0.625603  -0.203567    2.99568
  -0.27017 -0.0119679   0.962738  -0.167986
         0          0          0          1
v_world_imu:   0.330511  -0.559607 -0.0155453
frame_194
id: 684
stamp: 1784010343.924863100
T_odom_lidar: 
 0.582733  0.797791  0.154763  -1.21102
-0.765294  0.602791  -0.22576   2.94017
-0.273399  0.013119  0.961811 -0.187635
        0         0         0         1
T_world_lidar: 
  0.576634   0.798805   0.171472   -1.21466
 -0.771131   0.601473  -0.208774    2.93984
 -0.269906 -0.0118411   0.962814  -0.169132
         0          0          0          1
v_world_imu:   0.316629  -0.564403 -0.0168129
frame_195
id: 685
stamp: 1784010344.024906158
T_odom_lidar: 
 0.558108  0.816316  0.148809  -1.18095
-0.783305  0.577484 -0.230098   2.88352
-0.273768 0.0118567  0.961723 -0.189124
        0         0         0         1
T_world_lidar: 
  0.552194   0.817077   0.165731   -1.18508
 -0.788666   0.576391  -0.213962    2.88329
 -0.270349 -0.0125577    0.96268  -0.170549
         0          0          0          1
v_world_imu:   0.292059  -0.578787 -0.0141037
frame_196
id: 686
stamp: 1784010344.124728203
T_odom_lidar: 
 0.531681  0.835107   0.14111  -1.15346
-0.802052  0.549985 -0.232869   2.82655
-0.272079 0.0106348  0.962216  -0.19006
        0         0         0         1
T_world_lidar: 
  0.526252   0.835515    0.15803   -1.15783
 -0.806677    0.54932  -0.217993     2.8262
 -0.268945 -0.0127601   0.963071  -0.171543
         0          0          0          1
v_world_imu:    0.269444   -0.588988 -0.00552233
frame_197
id: 687
stamp: 1784010344.224586010
T_odom_lidar: 
 0.503409  0.853713  0.133244   -1.1286
-0.820003   0.52064 -0.237759   2.76918
-0.272351 0.0104295  0.962142   -0.1909
        0         0         0         1
T_world_lidar: 
  0.498711   0.853616   0.150426   -1.13279
  -0.82386   0.520757  -0.223755    2.76811
 -0.269336 -0.0123409   0.962967  -0.172411
         0          0          0          1
v_world_imu:   0.252121  -0.590122 -0.0118509
frame_198
id: 688
stamp: 1784010344.324611187
T_odom_lidar: 
 0.475483  0.871119  0.122751  -1.10632
-0.837079  0.490925 -0.241436   2.71071
-0.270581 0.0120462  0.962622 -0.192232
        0         0         0         1
T_world_lidar: 
   0.47041   0.871218   0.140335   -1.11007
 -0.840621    0.49079   -0.22909     2.7089
 -0.268462 -0.0102027   0.963236  -0.173617
         0          0          0          1
v_world_imu:  0.215379 -0.612387 -0.013673
frame_199
id: 689
stamp: 1784010344.424570084
T_odom_lidar: 
 0.441541  0.890027  0.113547  -1.08681
-0.855233  0.455754 -0.246707   2.64921
-0.271325 0.0118224  0.962415 -0.193531
        0         0         0         1
T_world_lidar: 
   0.436489    0.890134    0.130915    -1.09031
  -0.858308    0.455604   -0.236078     2.64752
  -0.269787 -0.00931951    0.962875   -0.174855
          0           0           0           1
v_world_imu:   0.185623  -0.631786 -0.0172023
frame_200
id: 690
stamp: 1784010344.524795055
T_odom_lidar: 
 0.402227  0.909478   0.10518  -1.07041
-0.874518  0.415664 -0.249882   2.58573
-0.270982 0.0085273  0.962547 -0.194275
        0         0         0         1
T_world_lidar: 
  0.398359   0.909169   0.121336   -1.07397
 -0.876969   0.416289  -0.240062    2.58482
 -0.268768 -0.0107766   0.963145  -0.175522
         0          0          0          1
v_world_imu:    0.152175   -0.640636 -0.00629527
frame_201
id: 691
stamp: 1784010344.624785185
T_odom_lidar: 
 0.359665  0.928646 0.0908704  -1.05807
-0.892911  0.370813 -0.255359   2.52114
-0.270834 0.0107046  0.962567 -0.194968
        0         0         0         1
T_world_lidar: 
   0.356802    0.928183     0.10568    -1.06176
   -0.89494    0.372063   -0.246277     2.52105
   -0.26791 -0.00670545    0.963421   -0.176182
          0           0           0           1
v_world_imu:    0.112561   -0.648946 -0.00716377
frame_202
id: 692
stamp: 1784010344.724645138
T_odom_lidar: 
  0.314093   0.946133  0.0786006   -1.04938
 -0.910229   0.323636  -0.258347    2.45648
 -0.269869 0.00960071   0.962849  -0.195629
         0          0          0          1
T_world_lidar: 
  0.311793   0.945827  0.0905326   -1.05311
 -0.911831   0.324643   -0.25134    2.45709
 -0.267115 -0.0041844   0.963656   -0.17691
         0          0          0          1
v_world_imu:   0.0736318   -0.657664 -0.00868939
frame_203
id: 693
stamp: 1784010344.824781179
T_odom_lidar: 
  0.264735   0.962018  0.0666069   -1.04441
   -0.9254   0.272868  -0.263017    2.39106
 -0.271202 0.00799163   0.962489  -0.195805
         0          0          0          1
T_world_lidar: 
    0.264867     0.961396    0.0745923     -1.04821
   -0.926322     0.275168    -0.257312      2.39227
   -0.267904 -0.000943126     0.963445    -0.177309
           0            0            0            1
v_world_imu:  0.0309334  -0.654511 0.00366976
frame_204
id: 694
stamp: 1784010344.924540997
T_odom_lidar: 
  0.216353   0.974892  0.0527052    -1.0434
 -0.937061   0.222505  -0.269089    2.32571
  -0.27406 0.00883036   0.961672  -0.196421
         0          0          0          1
T_world_lidar: 
   0.214696    0.974637   0.0631614    -1.04713
  -0.938818    0.223772   -0.261813     2.32736
  -0.269306 -0.00308687     0.96305   -0.177857
          0           0           0           1
v_world_imu: -0.00460209   -0.660677   0.0111071
frame_205
id: 695
stamp: 1784010345.024882078
T_odom_lidar: 
  0.164746   0.985469   0.041351    -1.0459
 -0.946973   0.169757  -0.272809    2.26014
 -0.275864 0.00578588   0.961179  -0.196847
         0          0          0          1
T_world_lidar: 
   0.161781    0.985422   0.0526363    -1.04969
  -0.949448    0.169973   -0.263928     2.26215
  -0.269028 -0.00727683    0.963105   -0.178203
          0           0           0           1
v_world_imu: -0.0482731  -0.661503 0.00548067
frame_206
id: 696
stamp: 1784010345.124436140
T_odom_lidar: 
 0.109723  0.993638 0.0253919  -1.05329
-0.955258  0.112475 -0.273555   2.19562
-0.274671 0.0057594  0.961521 -0.197409
        0         0         0         1
T_world_lidar: 
    0.10637    0.993581   0.0385117    -1.05691
  -0.957532    0.112796   -0.265346     2.19822
  -0.267987 -0.00865133    0.963384   -0.177892
          0           0           0           1
v_world_imu:  -0.0915044    -0.65401 0.000962538
frame_207
id: 697
stamp: 1784010345.224845171
T_odom_lidar: 
0.0530187  0.998531 0.0111969  -1.06483
-0.960247  0.054057 -0.273866   2.13168
-0.274069 0.0037683  0.961703 -0.198466
        0         0         0         1
T_world_lidar: 
  0.0490754    0.998508    0.023957    -1.06829
  -0.962438   0.0536881   -0.266141     2.13461
   -0.26703 -0.00999612    0.963636    -0.17795
          0           0           0           1
v_world_imu:    -0.134748    -0.647256 -0.000771512
frame_208
id: 698
stamp: 1784010345.324741125
T_odom_lidar: 
-0.00677438    0.999963  -0.0052593    -1.08141
   -0.96154 -0.00795807   -0.274549     2.06874
  -0.274581  0.00319713    0.961559   -0.200033
          0           0           0           1
T_world_lidar: 
 -0.0106769    0.999921  0.00664193    -1.08459
  -0.963429 -0.00850826   -0.267827     2.07185
  -0.267749 -0.00925861    0.963444   -0.178425
          0           0           0           1
v_world_imu: -0.186466 -0.637202 -0.011855
frame_209
id: 699
stamp: 1784010345.424766064
T_odom_lidar: 
  -0.0703848     0.997335   -0.0192216     -1.10296
   -0.958579    -0.072956    -0.275324      2.00658
   -0.275993 -0.000953251     0.961159    -0.201678
           0            0            0            1
T_world_lidar: 
 -0.0745074    0.997183 -0.00858729    -1.10548
  -0.960135  -0.0740604   -0.269548     2.01008
  -0.269425  -0.0118384    0.962949   -0.179004
          0           0           0           1
v_world_imu:  -0.236261  -0.622165 -0.0209488
frame_210
id: 700
stamp: 1784010345.524752140
T_odom_lidar: 
  -0.135446    0.990121  -0.0362731    -1.12874
  -0.951729   -0.140197   -0.273052     1.94649
   -0.27544 -0.00246158    0.961315    -0.20331
          0           0           0           1
T_world_lidar: 
 -0.13683  0.990223 -0.027126  -1.13077
-0.953383 -0.139076 -0.267802   1.95045
-0.268956 -0.010782  0.963092 -0.179711
        0         0         0         1
v_world_imu:  -0.267597  -0.591918 -0.0043315
frame_211
id: 701
stamp: 1784010345.624747992
T_odom_lidar: 
  -0.198955    0.978497   -0.054406     -1.1582
  -0.940254   -0.206241   -0.270902     1.88999
  -0.276297 -0.00274171    0.961068   -0.204479
          0           0           0           1
T_world_lidar: 
  -0.199269    0.978821  -0.0469238    -1.15996
  -0.942234   -0.204536   -0.265253     1.89431
  -0.269233 -0.00864351    0.963036   -0.180004
          0           0           0           1
v_world_imu:    -0.30817   -0.562382 -0.00280982
frame_212
id: 702
stamp: 1784010345.724733114
T_odom_lidar: 
  -0.261458    0.962629  -0.0706037    -1.19106
  -0.925144    -0.27079   -0.266048     1.83684
  -0.275224 -0.00424164    0.961371   -0.205678
          0           0           0           1
T_world_lidar: 
  -0.261141    0.963089  -0.0653001    -1.19262
  -0.927289    -0.26908   -0.260251      1.8414
  -0.268216 -0.00741018     0.96333   -0.180334
          0           0           0           1
v_world_imu:  -0.354959  -0.524588 -0.0060909
frame_213
id: 703
stamp: 1784010345.824715137
T_odom_lidar: 
  -0.327705    0.940725    -0.08744     -1.2281
  -0.903684   -0.339105   -0.261464     1.78646
  -0.275617 -0.00666517    0.961244   -0.206991
          0           0           0           1
T_world_lidar: 
 -0.326785   0.941559 -0.0817215   -1.22943
 -0.905809    -0.3367  -0.257184    1.79113
  -0.26967   -0.01002   0.962901  -0.180799
         0          0          0          1
v_world_imu:  -0.387381  -0.506295 -0.0141224
frame_214
id: 704
stamp: 1784010345.924513102
T_odom_lidar: 
 -0.386191   0.916735  -0.102247   -1.26695
 -0.880668   -0.39941  -0.254748    1.73948
 -0.274374 -0.0083351   0.961587  -0.207684
         0          0          0          1
T_world_lidar: 
 -0.386257   0.917311 -0.0966716   -1.26838
 -0.881992  -0.397983  -0.252389    1.74442
 -0.269993 -0.0122234   0.962785  -0.181314
         0          0          0          1
v_world_imu:   -0.416457   -0.463247 -0.00566331
frame_215
id: 705
stamp: 1784010346.024500132
T_odom_lidar: 
  -0.451436    0.884347   -0.118897    -1.31098
  -0.849876   -0.466736   -0.244681     1.69618
  -0.271876 -0.00941018    0.962286   -0.207654
          0           0           0           1
T_world_lidar: 
 -0.451964   0.884868  -0.112863   -1.31233
 -0.850797   -0.46563  -0.243586    1.70138
 -0.268093 -0.0140682    0.96329  -0.181005
         0          0          0          1
v_world_imu:  -0.478127  -0.439454 0.00455409
frame_216
id: 706
stamp: 1784010346.124572039
T_odom_lidar: 
  -0.513055    0.846917   -0.139667    -1.36034
  -0.813756   -0.531682   -0.234766     1.65424
  -0.273086 -0.00679284    0.961966   -0.208333
          0           0           0           1
T_world_lidar: 
 -0.513753   0.847552  -0.133089   -1.36131
  -0.81472  -0.530582  -0.233909    1.65958
 -0.268865 -0.0117411   0.963106  -0.181213
         0          0          0          1
v_world_imu:  -0.499124  -0.423257 0.00273373
frame_217
id: 707
stamp: 1784010346.224405050
T_odom_lidar: 
   -0.57099    0.806101   -0.155471    -1.41005
   -0.77464   -0.591736   -0.223117     1.61669
  -0.271853 -0.00696345    0.962314   -0.208466
          0           0           0           1
T_world_lidar: 
 -0.570049   0.808172  -0.147995   -1.41038
 -0.777084   -0.58883  -0.222305    1.62193
 -0.266805 -0.0117205   0.963679  -0.181059
         0          0          0          1
v_world_imu:  -0.518222  -0.358617 0.00276925
frame_218
id: 708
stamp: 1784010346.324398994
T_odom_lidar: 
  -0.628892    0.758212   -0.172071     -1.4639
  -0.728209   -0.651963    -0.21132      1.5837
  -0.272409 -0.00759397    0.962152   -0.208553
          0           0           0           1
T_world_lidar: 
 -0.627576   0.761205   -0.16345   -1.46362
 -0.731942  -0.648405  -0.209362    1.58869
 -0.265349 -0.0117543   0.964081  -0.180825
         0          0          0          1
v_world_imu:  -0.568308  -0.335391 0.00355226
frame_219
id: 709
stamp: 1784010346.424678087
T_odom_lidar: 
  -0.679336    0.709897   -0.185872    -1.52002
  -0.681376    -0.70425   -0.199394     1.55354
  -0.272449 -0.00880717     0.96213   -0.208954
          0           0           0           1
T_world_lidar: 
  -0.679623    0.711166   -0.179876    -1.52007
  -0.684018   -0.702962   -0.194843     1.55816
  -0.265012 -0.00938128    0.964199   -0.180815
          0           0           0           1
v_world_imu: -0.578837 -0.301642 0.0076514
frame_220
id: 710
stamp: 1784010346.524799109
T_odom_lidar: 
  -0.727187    0.656818   -0.199471    -1.57682
   -0.63079   -0.754013   -0.183218     1.52792
  -0.270744 -0.00740984    0.962623   -0.208708
          0           0           0           1
T_world_lidar: 
  -0.727647    0.658072   -0.193574    -1.57714
  -0.633967   -0.752933   -0.176573     1.53228
  -0.261946 -0.00576312    0.965065   -0.180188
          0           0           0           1
v_world_imu:  -0.602918  -0.238632 0.00699287
frame_221
id: 711
stamp: 1784010346.624641180
T_odom_lidar: 
  -0.774616    0.596097   -0.211279    -1.63741
  -0.571769    -0.80285   -0.168854     1.50697
  -0.270278 -0.00999386     0.96273   -0.208547
          0           0           0           1
T_world_lidar: 
  -0.773375    0.599317   -0.206664    -1.63735
  -0.575898   -0.800456    -0.16617     1.51118
  -0.265014 -0.00949414    0.964198   -0.179788
          0           0           0           1
v_world_imu:  -0.625236  -0.205169 0.00395347
frame_222
id: 712
stamp: 1784010346.724522114
T_odom_lidar: 
  -0.817445    0.529819   -0.225997    -1.70148
  -0.508196   -0.848075   -0.150021     1.49032
  -0.271146 -0.00778304    0.962507   -0.208492
          0           0           0           1
T_world_lidar: 
   -0.81418    0.537805   -0.218807    -1.70039
  -0.516272   -0.843011   -0.150986     1.49437
  -0.265658 -0.00996583    0.964016   -0.179444
          0           0           0           1
v_world_imu:  -0.664059  -0.147816 0.00897618
frame_223
id: 713
stamp: 1784010346.824618101
T_odom_lidar: 
  -0.851391     0.46792   -0.237035     -1.7663
  -0.447903   -0.883721   -0.135719     1.47798
  -0.272978 -0.00938101    0.961974   -0.208252
          0           0           0           1
T_world_lidar: 
 -0.849364   0.474806  -0.230521   -1.76474
 -0.454515  -0.880004  -0.137872     1.4819
 -0.268322 -0.0123285    0.96325  -0.178949
         0          0          0          1
v_world_imu:  -0.650032  -0.108517 0.00647527
frame_224
id: 714
stamp: 1784010346.924475193
T_odom_lidar: 
  -0.883503    0.399597   -0.244426    -1.82974
  -0.382265   -0.916639   -0.116822     1.47106
  -0.270732 -0.00977703    0.962605   -0.207907
          0           0           0           1
T_world_lidar: 
 -0.880483   0.410419  -0.237289   -1.82793
 -0.391761  -0.911763  -0.123336    1.47458
  -0.26697 -0.0156344   0.963578   -0.17854
         0          0          0          1
v_world_imu:  -0.666934 -0.0429977 0.00208501
frame_225
id: 715
stamp: 1784010347.024306059
T_odom_lidar: 
  -0.910563    0.324959   -0.255493    -1.89634
  -0.310499   -0.945692  -0.0962131     1.46988
  -0.272883 -0.00827762    0.962012   -0.208243
          0           0           0           1
T_world_lidar: 
 -0.908735   0.335882  -0.247757   -1.89489
 -0.319974  -0.941793  -0.103164    1.47323
 -0.267987 -0.0144728   0.963314  -0.178478
         0          0          0          1
v_world_imu:   -0.696092 -0.00611043 -0.00557415
frame_226
id: 716
stamp: 1784010347.124611139
T_odom_lidar: 
  -0.931444    0.254061   -0.260508    -1.96269
  -0.242188   -0.967148  -0.0772705     1.47109
  -0.271581 -0.00888126    0.962374   -0.208942
          0           0           0           1
T_world_lidar: 
 -0.929458   0.268519  -0.252991   -1.96117
 -0.254352   -0.96312 -0.0877749    1.47413
  -0.26723 -0.0172342   0.963479  -0.178865
         0          0          0          1
v_world_imu:   -0.669075    0.037247 -0.00372983
frame_227
id: 717
stamp: 1784010347.224554062
T_odom_lidar: 
 -0.948162    0.17377  -0.266068   -2.02901
 -0.164415   -0.98473 -0.0572211     1.4797
 -0.271949 -0.0105094   0.962254  -0.209539
         0          0          0          1
T_world_lidar: 
 -0.946764   0.190617  -0.259429   -2.02737
 -0.178928  -0.981497 -0.0681793    1.48249
 -0.267625 -0.0181306   0.963353  -0.179022
         0          0          0          1
v_world_imu:  -0.690936  0.0997127 -0.0219105
frame_228
id: 718
stamp: 1784010347.324613094
T_odom_lidar: 
 -0.957752   0.100337  -0.269525   -2.09628
-0.0937036  -0.994897 -0.0374018    1.49229
 -0.271903 -0.0105661   0.962267  -0.211046
         0          0          0          1
T_world_lidar: 
 -0.957218   0.116343   -0.26495   -2.09497
 -0.107102  -0.993034 -0.0491136    1.49472
 -0.268819 -0.0186357    0.96301  -0.179907
         0          0          0          1
v_world_imu:   -0.680854    0.133457 -0.00878927
frame_229
id: 719
stamp: 1784010347.424626112
T_odom_lidar: 
  -0.962574   0.0287468   -0.269489    -2.16147
 -0.0250846    -0.99954  -0.0170241     1.50857
  -0.269854 -0.00962694    0.962853   -0.211903
          0           0           0           1
T_world_lidar: 
 -0.962866  0.0444185  -0.266301   -2.16017
-0.0380952  -0.998857 -0.0288661    1.51066
 -0.267279 -0.0176494   0.963458  -0.179925
         0          0          0          1
v_world_imu:  -0.662817   0.176096 0.00216779
frame_230
id: 720
stamp: 1784010347.524571180
T_odom_lidar: 
   -0.962772   -0.0365428    -0.267833     -2.22781
   0.0380129    -0.999277 -0.000304015      1.52795
   -0.267629   -0.0104738     0.963465    -0.212816
           0            0            0            1
T_world_lidar: 
 -0.963598 -0.0224735  -0.266409   -2.22544
 0.0263914   -0.99959  -0.011135    1.52959
  -0.26605 -0.0177605   0.963796  -0.180021
         0          0          0          1
v_world_imu:   -0.668929    0.191956 -0.00034964
frame_231
id: 721
stamp: 1784010347.624387980
T_odom_lidar: 
  -0.95891 -0.0985114  -0.266058    -2.2952
 0.0976949  -0.995082  0.0163358    1.54956
 -0.266359 -0.0103279   0.963819   -0.21364
         0          0          0          1
T_world_lidar: 
 -0.960826 -0.0821886  -0.264685   -2.29134
 0.0835298  -0.996486 0.00620444    1.55049
 -0.264265 -0.0161477   0.964315  -0.180258
         0          0          0          1
v_world_imu:  -0.672526   0.222171 0.00320121
frame_232
id: 722
stamp: 1784010347.724608183
T_odom_lidar: 
 -0.952356  -0.152521  -0.264113   -2.36102
   0.15003  -0.988235  0.0297014    1.57395
 -0.265535 -0.0113385   0.964034  -0.214239
         0          0          0          1
T_world_lidar: 
 -0.955064  -0.137053  -0.262809   -2.35668
   0.13629  -0.990442  0.0212192    1.57401
 -0.263206 -0.0155527   0.964614  -0.180427
         0          0          0          1
v_world_imu:   -0.655263    0.252863 0.000337517
frame_233
id: 723
stamp: 1784010347.824484110
T_odom_lidar: 
-0.942919  -0.20888  -0.25937  -2.42516
 0.204172 -0.977887 0.0452756   1.60134
-0.263092 -0.010265  0.964716 -0.214485
        0         0         0         1
T_world_lidar: 
 -0.946512  -0.192424  -0.259012   -2.42002
  0.189745  -0.981189  0.0355555    1.60033
 -0.260981 -0.0154924    0.96522  -0.180253
         0          0          0          1
v_world_imu:  -0.643662   0.292031 -0.0043063
frame_234
id: 724
stamp: 1784010347.924437046
T_odom_lidar: 
    -0.9309   -0.262112   -0.254408    -2.48866
   0.255078   -0.965002   0.0608735     1.63179
   -0.26146 -0.00822665    0.965179   -0.214523
          0           0           0           1
T_world_lidar: 
 -0.934976  -0.246388  -0.255174   -2.48175
  0.240676  -0.969108  0.0538871    1.63006
 -0.260568 -0.0110311   0.965392  -0.180151
         0          0          0          1
v_world_imu:   -0.618488    0.302225 -0.00211531
frame_235
id: 725
stamp: 1784010348.024399996
T_odom_lidar: 
  -0.913754   -0.319774   -0.250594    -2.54699
   0.310815   -0.947453   0.0756725     1.66348
  -0.261624 -0.00874227     0.96513   -0.213924
          0           0           0           1
T_world_lidar: 
  -0.921304   -0.298112   -0.249657    -2.54016
   0.290319   -0.954484   0.0683764     1.66171
  -0.258677 -0.00948475    0.965917   -0.179628
          0           0           0           1
v_world_imu: -0.579166  0.343408 0.0103835
frame_236
id: 726
stamp: 1784010348.124600172
T_odom_lidar: 
  -0.901239   -0.357097   -0.245459    -2.59916
   0.347031   -0.934025   0.0846565     1.69846
  -0.259495 -0.00888602    0.965704   -0.213902
          0           0           0           1
T_world_lidar: 
  -0.903533   -0.350982   -0.245846    -2.59658
   0.340047   -0.936369    0.087067     1.69781
  -0.260762 -0.00493126    0.965391   -0.179816
          0           0           0           1
v_world_imu: -0.559804  0.376194 0.0103883
frame_237
id: 727
stamp: 1784010348.224471092
T_odom_lidar: 
 -0.882868  -0.401025  -0.244382   -2.65204
  0.389739  -0.915998   0.095139     1.7365
 -0.262006 -0.0112497   0.965001  -0.213492
         0          0          0          1
T_world_lidar: 
  -0.885515   -0.398559   -0.238775    -2.65012
   0.385158   -0.917142    0.102492     1.73638
   -0.25984 -0.00120773    0.965651   -0.179675
          0           0           0           1
v_world_imu: -0.532087  0.404798 0.0109457
frame_238
id: 728
stamp: 1784010348.324371099
T_odom_lidar: 
 -0.862811  -0.445128  -0.239621   -2.70492
  0.432292  -0.895393   0.106747      1.777
 -0.262071 -0.0114839    0.96498  -0.213108
         0          0          0          1
T_world_lidar: 
  -0.864552   -0.442728   -0.237785     -2.7028
   0.427993   -0.896648    0.113332     1.77676
  -0.263385 -0.00378909    0.964683   -0.179087
          0           0           0           1
v_world_imu:  -0.548424   0.408376 0.00179481
frame_239
id: 729
stamp: 1784010348.424602032
T_odom_lidar: 
-0.851289 -0.467893 -0.237452   -2.7617
 0.453947 -0.883719  0.113901   1.81574
-0.263134 -0.010828  0.964699  -0.21344
        0         0         0         1
T_world_lidar: 
  -0.852438   -0.465829   -0.237386    -2.75885
   0.450246   -0.884861    0.119582     1.81532
  -0.265759 -0.00494595    0.964027   -0.179204
          0           0           0           1
v_world_imu:   -0.576739    0.368636 -0.00592061
frame_240
id: 730
stamp: 1784010348.524446011
T_odom_lidar: 
 -0.846423  -0.476131  -0.238469   -2.82137
  0.461909  -0.879294   0.116113    1.85141
  -0.26497 -0.0118705   0.964184  -0.213063
         0          0          0          1
T_world_lidar: 
  -0.848103   -0.474201   -0.236337    -2.81716
   0.458663   -0.880395    0.120552     1.85078
  -0.265235 -0.00615848    0.964164   -0.178588
          0           0           0           1
v_world_imu:  -0.605684   0.331986 0.00288253
frame_241
id: 731
stamp: 1784010348.624459982
T_odom_lidar: 
 -0.851723  -0.462184  -0.246888   -2.86649
  0.447766  -0.886697   0.115212    1.88001
 -0.272164 -0.0124195   0.962171  -0.213343
         0          0          0          1
T_world_lidar: 
  -0.852911   -0.461743   -0.243592    -2.86135
   0.446381    -0.88698    0.118366     1.87915
  -0.270716 -0.00777911    0.962628   -0.178674
          0           0           0           1
v_world_imu:   0.185901  0.0318831 0.00619627
frame_242
id: 732
stamp: 1784010348.724591970
T_odom_lidar: 
 -0.868523  -0.430996  -0.244767   -2.84589
  0.418177  -0.902284   0.104937    1.87513
 -0.266076 -0.0112157   0.963887  -0.212945
         0          0          0          1
T_world_lidar: 
  -0.869874   -0.430573    -0.24068    -2.84028
   0.417219   -0.902523    0.106674     1.87435
   -0.26315 -0.00762362    0.964725   -0.178338
          0           0           0           1
v_world_imu:    0.101796   -0.107049 -0.00696766
frame_243
id: 733
stamp: 1784010348.824669123
T_odom_lidar: 
 -0.868239  -0.430414   -0.24679   -2.83548
  0.417391  -0.902561   0.105676    1.87029
 -0.268228 -0.0112564    0.96329  -0.212659
         0          0          0          1
T_world_lidar: 
   -0.86993   -0.429682   -0.242064    -2.82963
     0.4165   -0.902939    0.105968     1.86977
  -0.264101 -0.00863523    0.964456   -0.178185
          0           0           0           1
v_world_imu:  0.0853522 -0.0229314 0.00950176
frame_244
id: 734
stamp: 1784010348.924631119
T_odom_lidar: 
 -0.869003  -0.429657  -0.245415    -2.8298
  0.416622  -0.902931   0.105557    1.86712
 -0.266946 -0.0105152   0.963654  -0.212075
         0          0          0          1
T_world_lidar: 
  -0.870331   -0.429081   -0.241691    -2.82394
   0.416283   -0.903214    0.104464     1.86685
  -0.263122 -0.00969375    0.964714   -0.177758
          0           0           0           1
v_world_imu:   0.0436798 -0.00492589 -0.00104084
frame_245
id: 735
stamp: 1784010349.024557114
T_odom_lidar: 
  -0.86894  -0.429893  -0.245227   -2.82866
  0.416788  -0.902822   0.105833    1.86663
 -0.266893 -0.0102451   0.963672  -0.211972
         0          0          0          1
T_world_lidar: 
 -0.870273  -0.429442  -0.241255   -2.82277
  0.416811  -0.903037   0.103886    1.86657
 -0.262475 -0.0101488   0.964885  -0.177629
         0          0          0          1
v_world_imu:   -0.0207075    0.0135363 -0.000543324
frame_246
id: 736
stamp: 1784010349.124598026
T_odom_lidar: 
 -0.868893  -0.429717  -0.245699    -2.8312
  0.416685  -0.902901   0.105566    1.86779
 -0.267206 -0.0106533   0.963581  -0.212139
         0          0          0          1
T_world_lidar: 
 -0.870493   -0.42932   -0.24068    -2.8253
   0.41684  -0.903093   0.103289    1.86781
   -0.2617 -0.0104128   0.965093  -0.177551
         0          0          0          1
v_world_imu:  -0.024604  0.0123257 0.00119627
frame_247
id: 737
stamp: 1784010349.224537134
T_odom_lidar: 
 -0.869059  -0.429601  -0.245315   -2.83323
  0.416731  -0.902951   0.104947    1.86873
 -0.266593 -0.0110256   0.963746   -0.21241
         0          0          0          1
T_world_lidar: 
 -0.870743  -0.429266  -0.239869    -2.8273
   0.41698  -0.903114    0.10253    1.86866
 -0.260641 -0.0107433   0.965376  -0.177396
         0          0          0          1
v_world_imu: -0.0147948 0.00599053 0.00195685
frame_248
id: 738
stamp: 1784010349.324174166
T_odom_lidar: 
 -0.869283   -0.42958  -0.244555   -2.83435
  0.416807  -0.902961    0.10456    1.86898
 -0.265741 -0.0110401   0.963981  -0.212775
         0          0          0          1
T_world_lidar: 
  -0.87102  -0.429239  -0.238911   -2.82813
  0.417101  -0.903126   0.101935     1.8688
 -0.259521 -0.0108624   0.965676  -0.177087
         0          0          0          1
v_world_imu: -0.00239487 -0.00235638  0.00410347
frame_249
id: 739
stamp: 1784010349.424606085
T_odom_lidar: 
 -0.869871  -0.429303  -0.242946   -2.83266
  0.416653  -0.903096   0.104007    1.86751
 -0.264054 -0.0107514   0.964448  -0.213074
         0          0          0          1
T_world_lidar: 
 -0.871488  -0.429124  -0.237405   -2.82574
  0.417092  -0.903184   0.101459    1.86715
 -0.257959 -0.0105998   0.966098  -0.176371
         0          0          0          1
v_world_imu:  0.0931028 -0.0489403  0.0102301
frame_250
id: 740
stamp: 1784010349.524345160
T_odom_lidar: 
 -0.869217  -0.429941  -0.244159   -2.82144
  0.417543  -0.902774   0.103229     1.8617
 -0.264803 -0.0122182   0.964225  -0.212554
         0          0          0          1
T_world_lidar: 
 -0.870865  -0.429886  -0.238313   -2.81393
  0.417815  -0.902817   0.101746    1.86113
 -0.258892 -0.0109637   0.965844  -0.174787
         0          0          0          1
v_world_imu:   0.158567 -0.0756265  0.0314861
frame_251
id: 741
stamp: 1784010349.624565125
T_odom_lidar: 
  -0.868936   -0.430975   -0.243333    -2.80283
   0.417616   -0.902321    0.106836     1.85279
  -0.265608 -0.00878594    0.964041    -0.20953
          0           0           0           1
T_world_lidar: 
 -0.870162  -0.431105  -0.238676   -2.79518
  0.418264   -0.90226   0.104792     1.8522
 -0.260524 -0.0086434   0.965429  -0.171007
         0          0          0          1
v_world_imu:   0.218248 -0.0897968  0.0386191
frame_252
id: 742
stamp: 1784010349.724482059
T_odom_lidar: 
 -0.867849  -0.432233  -0.244976   -2.77766
  0.419003  -0.901705   0.106603    1.84134
 -0.266973 -0.0101302   0.963651  -0.209101
         0          0          0          1
T_world_lidar: 
 -0.869297  -0.432582  -0.239155   -2.77034
  0.420069  -0.901536   0.103798    1.84106
 -0.260508 -0.0102302   0.965418  -0.170565
         0          0          0          1
v_world_imu:   0.266286  -0.125971 -0.0186355
frame_253
id: 743
stamp: 1784010349.824518204
T_odom_lidar: 
 -0.868999  -0.433689  -0.238231   -2.74605
  0.421402  -0.900998   0.103072     1.8269
 -0.259347 -0.0108214   0.965724  -0.210812
         0          0          0          1
T_world_lidar: 
 -0.869396  -0.434078  -0.236064   -2.73972
  0.422073  -0.900808   0.101976    1.82712
 -0.256914 -0.0109783   0.966372  -0.173005
         0          0          0          1
v_world_imu:   0.384748  -0.183636 -0.0328309
frame_254
id: 744
stamp: 1784010349.924143076
T_odom_lidar: 
 -0.86704 -0.439097 -0.235449  -2.70366
 0.426828 -0.898377   0.10362   1.80793
-0.257021 -0.010654  0.966347 -0.211988
        0         0         0         1
T_world_lidar: 
 -0.866957   -0.43901  -0.235915   -2.69805
  0.426973  -0.898407   0.102762    1.80852
 -0.257061 -0.0116396   0.966325  -0.175145
         0          0          0          1
v_world_imu:  0.419865 -0.191847 -0.010722
frame_255
id: 745
stamp: 1784010350.024515152
T_odom_lidar: 
 -0.865107  -0.443364  -0.234562   -2.66259
  0.431093  -0.896274   0.104169    1.78883
 -0.256416 -0.0110002   0.966504  -0.212757
         0          0          0          1
T_world_lidar: 
 -0.864597   -0.44329  -0.236572   -2.65755
  0.431309  -0.896286   0.103167    1.78972
 -0.257769 -0.0128375   0.966121  -0.176695
         0          0          0          1
v_world_imu:   0.366844  -0.170169 -0.0143466
frame_256
id: 746
stamp: 1784010350.124148130
T_odom_lidar: 
 -0.863562  -0.446226  -0.234824   -2.63193
   0.43337  -0.894869   0.106771     1.7745
  -0.25778 -0.0095618   0.966156  -0.213279
         0          0          0          1
T_world_lidar: 
 -0.862747  -0.446128  -0.237988   -2.62756
  0.433634  -0.894887    0.10554    1.77571
 -0.260057 -0.0121454   0.965517  -0.177979
         0          0          0          1
v_world_imu:    0.247829   -0.119713 -0.00530026
frame_257
id: 747
stamp: 1784010350.224379063
T_odom_lidar: 
  -0.862243   -0.448429   -0.235475    -2.61063
   0.435399   -0.893767    0.107746     1.76408
  -0.258776 -0.00962282    0.965889   -0.213201
          0           0           0           1
T_world_lidar: 
 -0.860989  -0.448315  -0.240233   -2.60658
  0.435611  -0.893785   0.106736    1.76552
 -0.262568 -0.0127497   0.964829    -0.1786
         0          0          0          1
v_world_imu:   0.179449 -0.0862593 -0.0076695
frame_258
id: 748
stamp: 1784010350.324253082
T_odom_lidar: 
  -0.860991   -0.450689   -0.235743     -2.5955
   0.437476   -0.892631    0.108745     1.75664
  -0.259442 -0.00950317    0.965712   -0.213249
          0           0           0           1
T_world_lidar: 
 -0.859587  -0.450262  -0.241609   -2.59166
  0.437173  -0.892811   0.108486    1.75832
 -0.264558 -0.0123717    0.96429  -0.178994
         0          0          0          1
v_world_imu:    0.125782  -0.0599049 -0.00104388
frame_259
id: 749
stamp: 1784010350.424480200
T_odom_lidar: 
  -0.860551   -0.451488   -0.235818    -2.58614
   0.438084   -0.892232    0.109568     1.75199
  -0.259873 -0.00901926    0.965601   -0.213148
          0           0           0           1
T_world_lidar: 
 -0.858899  -0.451239  -0.242231   -2.58254
  0.437845  -0.892325   0.109758    1.75384
 -0.265676 -0.0117883    0.96399  -0.179095
         0          0          0          1
v_world_imu:   0.0573086  -0.0294943 -0.00129165
frame_260
id: 750
stamp: 1784010350.524232149
T_odom_lidar: 
  -0.860431    -0.45198   -0.235315    -2.58327
   0.438307   -0.891993    0.110616     1.75046
  -0.259896 -0.00796242    0.965604   -0.213071
          0           0           0           1
T_world_lidar: 
 -0.858636  -0.451488  -0.242697   -2.57978
  0.437946  -0.892202   0.110353    1.75234
 -0.266358 -0.0115349   0.963805  -0.179266
         0          0          0          1
v_world_imu: 0.000378189 -0.00136167 -0.00222196
frame_261
id: 751
stamp: 1784010350.624387980
T_odom_lidar: 
  -0.860289   -0.452085    -0.23563    -2.58428
   0.438348    -0.89194    0.110878     1.75074
  -0.260294 -0.00790094    0.965497   -0.212918
          0           0           0           1
T_world_lidar: 
 -0.858511  -0.451493  -0.243132   -2.58068
  0.437883  -0.892201   0.110619    1.75261
 -0.266866 -0.0114958   0.963665  -0.179417
         0          0          0          1
v_world_imu:  -0.0162265  0.00653987 -0.00113276
frame_262
id: 752
stamp: 1784010350.724436998
T_odom_lidar: 
 -0.860582  -0.451555  -0.235576   -2.58645
  0.437871  -0.892208   0.110612    1.75166
  -0.26013 -0.0079613   0.965541  -0.212949
         0          0          0          1
T_world_lidar: 
 -0.858564  -0.451224  -0.243444   -2.58282
  0.437628  -0.892335   0.110547    1.75354
 -0.267115 -0.0116262   0.963595  -0.179614
         0          0          0          1
v_world_imu: -0.0245377  0.0111236 -0.0021527
frame_263
id: 753
stamp: 1784010350.824133158
T_odom_lidar: 
  -0.860759   -0.451603   -0.234839    -2.58894
   0.438102   -0.892181    0.109911     1.75282
  -0.259155 -0.00827635      0.9658    -0.21322
          0           0           0           1
T_world_lidar: 
 -0.858638  -0.450965  -0.243663    -2.5854
  0.437406  -0.892464   0.110384    1.75475
 -0.267239 -0.0118001   0.963558  -0.179868
         0          0          0          1
v_world_imu:   -0.026211   0.0124742 -0.00303391
frame_264
id: 754
stamp: 1784010350.924487114
T_odom_lidar: 
  -0.860544   -0.451059   -0.236662    -2.59154
   0.437727   -0.892443    0.109276     1.75407
  -0.260497 -0.00955664    0.965427   -0.213604
          0           0           0           1
T_world_lidar: 
 -0.858716  -0.450684  -0.243907   -2.58794
   0.43718  -0.892602   0.110158    1.75596
 -0.267359 -0.0120368   0.963522  -0.180171
         0          0          0          1
v_world_imu:  -0.0233651   0.0114827 -0.00305977
frame_265
id: 755
stamp: 1784010351.024404049
T_odom_lidar: 
 -0.860713  -0.451127  -0.235918   -2.59348
  0.438018  -0.892404   0.108427    1.75505
 -0.259448 -0.0100118   0.965705  -0.214043
         0          0          0          1
T_world_lidar: 
 -0.858837  -0.450444  -0.243925   -2.58995
  0.436928  -0.892724   0.110169    1.75696
 -0.267383 -0.0119607   0.963516  -0.180453
         0          0          0          1
v_world_imu:  -0.0161047   0.0080862 -0.00227156
frame_266
id: 756
stamp: 1784010351.124147177
T_odom_lidar: 
 -0.860945  -0.451119  -0.235084   -2.59452
  0.438149  -0.892406   0.107872    1.75553
 -0.258454 -0.0101302   0.965971  -0.214357
         0          0          0          1
T_world_lidar: 
 -0.858903  -0.450304  -0.243949   -2.59108
  0.436778  -0.892796   0.110187    1.75755
 -0.267415 -0.0119114   0.963508  -0.180655
         0          0          0          1
v_world_imu: -0.00661972  0.00367416 -0.00154655
frame_267
id: 757
stamp: 1784010351.224148989
T_odom_lidar: 
 -0.860803  -0.450997  -0.235839   -2.59467
  0.438097  -0.892462   0.107626    1.75559
 -0.259016 -0.0106756   0.965814  -0.214178
         0          0          0          1
T_world_lidar: 
 -0.858946  -0.450241  -0.243917   -2.59138
  0.436679  -0.892829   0.110304    1.75775
 -0.267439 -0.0117681   0.963503  -0.180783
         0          0          0          1
v_world_imu: -0.000190398  0.000657677 -0.000860608
frame_268
id: 758
stamp: 1784010351.324279070
T_odom_lidar: 
  -0.860641   -0.451045   -0.236338    -2.59442
   0.437863   -0.892446    0.108704     1.75547
   -0.25995 -0.00992893    0.965571    -0.21381
          0           0           0           1
T_world_lidar: 
 -0.858924  -0.450275  -0.243931   -2.59132
  0.436687  -0.892813   0.110401    1.75781
 -0.267496 -0.0116954   0.963488  -0.180867
         0          0          0          1
v_world_imu:  0.000687867  0.000748344 -0.000867324
frame_269
id: 759
stamp: 1784010351.424288988
T_odom_lidar: 
  -0.860604   -0.451099   -0.236369    -2.59411
   0.437744   -0.892425    0.109355     1.75544
  -0.260272 -0.00935772     0.96549   -0.213509
          0           0           0           1
T_world_lidar: 
 -0.858947   -0.45026  -0.243876   -2.59139
  0.436644  -0.892822   0.110499      1.758
 -0.267491 -0.0115743   0.963491  -0.180996
         0          0          0          1
v_world_imu: -0.00229337  0.00268914 -0.00193778
frame_270
id: 760
stamp: 1784010351.524152994
T_odom_lidar: 
   -0.86102   -0.451025   -0.234994    -2.59418
   0.437773   -0.892465    0.108906     1.75558
  -0.258843 -0.00910422    0.965876   -0.213402
          0           0           0           1
T_world_lidar: 
 -0.859041  -0.450215  -0.243629   -2.59179
  0.436574  -0.892848    0.11057     1.7584
 -0.267304 -0.0113781   0.963545   -0.18128
         0          0          0          1
v_world_imu: -0.00560702  0.00519595 -0.00369318
frame_271
id: 761
stamp: 1784010351.624387980
T_odom_lidar: 
  -0.860904   -0.450774   -0.235897    -2.59464
   0.437287   -0.892596    0.109781       1.756
  -0.260048 -0.00864368    0.965557   -0.213711
          0           0           0           1
T_world_lidar: 
 -0.858935  -0.450255  -0.243929    -2.5921
  0.436316  -0.892838   0.111662    1.75894
 -0.268065 -0.0105196   0.963343  -0.181899
         0          0          0          1
v_world_imu:  0.0571621 -0.0237014 -0.0127607
frame_272
id: 762
stamp: 1784010351.724243164
T_odom_lidar: 
  -0.859679   -0.452071   -0.237872    -2.58393
   0.438081   -0.891946    0.111885     1.75122
  -0.262749 -0.00802142    0.964831   -0.213806
          0           0           0           1
T_world_lidar: 
  -0.858254   -0.451337   -0.244324    -2.58111
   0.437061     -0.8923    0.113039     1.75405
  -0.269029 -0.00976878    0.963082   -0.181929
          0           0           0           1
v_world_imu:   0.154653 -0.0825906 0.00474062
frame_273
id: 763
stamp: 1784010351.824347973
T_odom_lidar: 
  -0.859086   -0.454339   -0.235687    -2.56183
   0.440272     -0.8908    0.112409     1.74083
  -0.261021 -0.00719767    0.965306   -0.212697
          0           0           0           1
T_world_lidar: 
   -0.85781   -0.453754   -0.241389    -2.55892
   0.439642   -0.891077     0.11268     1.74337
  -0.266225 -0.00946711    0.963864   -0.180469
          0           0           0           1
v_world_imu:  0.243821 -0.106914 0.0273397
frame_274
id: 764
stamp: 1784010351.924005985
T_odom_lidar: 
  -0.857392    -0.45732   -0.236087    -2.53086
   0.443013   -0.889274    0.113713     1.72598
  -0.261949 -0.00709262    0.965056    -0.21164
          0           0           0           1
T_world_lidar: 
 -0.856524  -0.456531  -0.240721   -2.52807
  0.442265   -0.88966   0.113606    1.72829
 -0.266025 -0.0091558   0.963923  -0.179069
         0          0          0          1
v_world_imu:  0.374502 -0.189395 0.0111199
frame_275
id: 765
stamp: 1784010352.024023056
T_odom_lidar: 
  -0.855982   -0.460165   -0.235677    -2.49156
    0.44576   -0.887805    0.114456     1.70733
  -0.261904 -0.00708313    0.965068   -0.211968
          0           0           0           1
T_world_lidar: 
  -0.855774   -0.459066   -0.238557    -2.48901
   0.444659   -0.888364      0.1144     1.70941
  -0.264443 -0.00817552    0.964367   -0.179167
          0           0           0           1
v_world_imu:    0.390586   -0.192309 -0.00393949
frame_276
id: 766
stamp: 1784010352.124161005
T_odom_lidar: 
  -0.854705   -0.462861   -0.235028    -2.45221
   0.448607   -0.886397    0.114249     1.68832
  -0.261209 -0.00778609    0.965251   -0.212249
          0           0           0           1
T_world_lidar: 
  -0.854716   -0.461717   -0.237228    -2.45021
   0.447311    -0.88699     0.11472     1.69019
  -0.263387 -0.00806128    0.964657   -0.179142
          0           0           0           1
v_world_imu:   0.370414  -0.185244 0.00557615
frame_277
id: 767
stamp: 1784010352.224106073
T_odom_lidar: 
  -0.853621   -0.465098   -0.234552    -2.42037
   0.450997   -0.885219    0.113974     1.67281
  -0.260639 -0.00849157    0.965399   -0.211864
          0           0           0           1
T_world_lidar: 
  -0.854014   -0.463751   -0.235786    -2.41897
   0.449274   -0.885933    0.115217     1.67461
  -0.262322 -0.00753557    0.964951   -0.178416
          0           0           0           1
v_world_imu:   0.251855  -0.126221 0.00738202
frame_278
id: 768
stamp: 1784010352.324130058
T_odom_lidar: 
  -0.853015   -0.466347   -0.234278    -2.39874
   0.452388   -0.884556    0.113608     1.66228
  -0.260213 -0.00907475    0.965509   -0.212175
          0           0           0           1
T_world_lidar: 
  -0.853573   -0.465555   -0.233821    -2.39777
   0.450735      -0.885    0.116673     1.66403
  -0.261249 -0.00580281    0.965254   -0.178553
          0           0           0           1
v_world_imu:     0.174803   -0.0892362 -0.000331704
frame_279
id: 769
stamp: 1784010352.424206972
T_odom_lidar: 
  -0.852431   -0.467632   -0.233841    -2.38335
   0.453798   -0.883872    0.113305      1.6548
   -0.25967 -0.00953146     0.96565   -0.212689
          0           0           0           1
T_world_lidar: 
  -0.853364   -0.466982   -0.231726    -2.38291
   0.451617   -0.884261    0.118849     1.65659
  -0.260406 -0.00322985    0.965494   -0.178872
          0           0           0           1
v_world_imu:    0.123125  -0.0619692 -0.00732245
frame_280
id: 770
stamp: 1784010352.524340153
T_odom_lidar: 
-0.852016 -0.468613 -0.233388  -2.37315
 0.454957 -0.883346  0.112758   1.65014
-0.259002  -0.01011  0.965824 -0.212637
        0         0         0         1
T_world_lidar: 
 -0.853893  -0.467882  -0.227934    -2.3733
  0.451936  -0.883791   0.121109    1.65221
 -0.258111 0.00040212   0.966115  -0.178737
         0          0          0          1
v_world_imu: 0.0130236  0.002883 0.0260168
frame_281
id: 771
stamp: 1784010352.624167204
T_odom_lidar: 
  -0.853199     -0.4668   -0.232699    -2.38817
    0.45265   -0.884329    0.114326      1.6582
   -0.25915 -0.00778849    0.965806   -0.212278
          0           0           0           1
T_world_lidar: 
  -0.854412   -0.465579   -0.230685    -2.38905
   0.449846   -0.885005    0.120017     1.66043
  -0.260035 -0.00122847    0.965598    -0.17824
          0           0           0           1
v_world_imu:    -0.32821    0.152533 -0.00741487
frame_282
id: 772
stamp: 1784010352.724507093
T_odom_lidar: 
  -0.860675   -0.452374   -0.233659    -2.43257
   0.438595   -0.891802    0.111017     1.67547
  -0.258598 -0.00693235     0.96596   -0.213224
          0           0           0           1
T_world_lidar: 
  -0.861735   -0.450109   -0.234126    -2.43364
   0.435343   -0.892967     0.11439     1.67785
  -0.260555 -0.00335138    0.965453   -0.179206
          0           0           0           1
v_world_imu:  -0.539966   0.171364 -0.0022125
frame_283
id: 773
stamp: 1784010352.824110031
T_odom_lidar: 
  -0.880725   -0.409218   -0.238462    -2.49481
   0.396796   -0.912415    0.100261      1.6893
  -0.258605 -0.00631856    0.965963   -0.213464
          0           0           0           1
T_world_lidar: 
  -0.881559   -0.406498   -0.240025    -2.49538
   0.393627   -0.913638    0.101602     1.69176
  -0.260597 -0.00491261    0.965435   -0.179406
          0           0           0           1
v_world_imu:  -0.665833  0.0980623 0.00754943
frame_284
id: 774
stamp: 1784010352.924134970
T_odom_lidar: 
  -0.906005   -0.343021   -0.247976     -2.5669
   0.332459    -0.93931   0.0846601     1.69582
  -0.261967 -0.00573921     0.96506   -0.213932
          0           0           0           1
T_world_lidar: 
  -0.906912   -0.339631    -0.24932    -2.56696
   0.329491   -0.940531   0.0826813     1.69829
  -0.262575 -0.00716423    0.964885   -0.179539
          0           0           0           1
v_world_imu:   -0.729915   0.0267314 0.000776537
frame_285
id: 775
stamp: 1784010353.023983002
T_odom_lidar: 
  -0.931262   -0.260816   -0.254414    -2.64351
   0.253567   -0.965361   0.0614909     1.69384
  -0.261639 -0.00724687    0.965139   -0.214178
          0           0           0           1
T_world_lidar: 
 -0.932291  -0.257113  -0.254415   -2.64336
  0.250791  -0.966328  0.0575628    1.69629
 -0.260648 -0.0101397   0.965381   -0.17916
         0          0          0          1
v_world_imu:   -0.75807 -0.0701427  0.0105398
frame_286
id: 776
stamp: 1784010353.124034166
T_odom_lidar: 
  -0.950839   -0.167603   -0.260412    -2.72182
   0.163169   -0.985838   0.0387175     1.68281
  -0.263213 -0.00567698    0.964721   -0.213431
          0           0           0           1
T_world_lidar: 
 -0.952566  -0.163712  -0.256545   -2.72128
   0.16076  -0.986455   0.032587    1.68507
 -0.258406 -0.0102011   0.965983  -0.177671
         0          0          0          1
v_world_imu: -0.759125 -0.161648 0.0219335
frame_287
id: 777
stamp: 1784010353.224267006
T_odom_lidar: 
  -0.962764  -0.0692113   -0.261333    -2.79929
  0.0686286   -0.997578   0.0113666     1.66261
  -0.261486 -0.00699156    0.965182   -0.211792
          0           0           0           1
T_world_lidar: 
  -0.96443 -0.0653907  -0.256125   -2.79786
 0.0666548  -0.997769 0.00375223    1.66455
 -0.255798 -0.0134532   0.966637   -0.17542
         0          0          0          1
v_world_imu: -0.690012 -0.236673 0.0314774
frame_288
id: 778
stamp: 1784010353.324203014
T_odom_lidar: 
  -0.964414  0.00679816   -0.264308     -2.8659
-0.00470587   -0.999952 -0.00854846     1.64265
  -0.264353 -0.00700046    0.964401   -0.209942
          0           0           0           1
T_world_lidar: 
  -0.966274  0.00647546   -0.257434    -2.86286
-0.00243734   -0.999869  -0.0160021     1.64436
  -0.257503  -0.0148349    0.966163    -0.17333
          0           0           0           1
v_world_imu: -0.523145 -0.142409 0.0222761
frame_289
id: 779
stamp: 1784010353.424056053
T_odom_lidar: 
  -0.964867 -0.00124999   -0.262735     -2.8507
 0.00386005   -0.999948 -0.00941829     1.64352
   -0.26271  -0.0101016    0.964822   -0.212108
          0           0           0           1
T_world_lidar: 
  -0.967048 -0.00304133   -0.254577    -2.84731
 0.00710233   -0.999862  -0.0150343     1.64536
  -0.254496  -0.0163469    0.966936   -0.176149
          0           0           0           1
v_world_imu:   0.241887  0.0772111 -0.0146963
frame_290
id: 780
stamp: 1784010353.524355173
T_odom_lidar: 
  -0.965021 -0.00933284   -0.262006    -2.82882
  0.0116585   -0.999905  -0.0073234     1.64614
  -0.261913  -0.0101218    0.965038    -0.21155
          0           0           0           1
T_world_lidar: 
 -0.966855 -0.0101927  -0.255124   -2.82654
 0.0140766  -0.999811 -0.0134022    1.64813
 -0.254939 -0.0165493   0.966815   -0.17616
         0          0          0          1
v_world_imu:     0.178614 -0.000529245    0.0101615
frame_291
id: 781
stamp: 1784010353.624245167
T_odom_lidar: 
  -0.965098  -0.0133808   -0.261547    -2.81252
  0.0154246   -0.999864 -0.00576283       1.648
  -0.261434 -0.00959595    0.965174   -0.210306
          0           0           0           1
T_world_lidar: 
 -0.966871 -0.0134912  -0.254907    -2.8114
 0.0171275  -0.999781  -0.012051    1.65019
 -0.254689 -0.0160177    0.96689  -0.175221
         0          0          0          1
v_world_imu:   0.129186 0.00538118 0.00387888
frame_292
id: 782
stamp: 1784010353.724341154
T_odom_lidar: 
  -0.965495  -0.0149061   -0.259996    -2.80129
   0.016895   -0.999843 -0.00541666     1.64857
  -0.259875  -0.0096224    0.965594   -0.209058
          0           0           0           1
T_world_lidar: 
 -0.966856 -0.0143044  -0.254921     -2.801
 0.0179191  -0.999769 -0.0118626    1.65092
 -0.254692 -0.0160374   0.966889  -0.174075
         0          0          0          1
v_world_imu:   0.076701 0.00874505 0.00937476
frame_293
id: 783
stamp: 1784010353.824221134
T_odom_lidar: 
  -0.965615  -0.0161384   -0.259477     -2.7927
  0.0178081   -0.999833 -0.00408523     1.64903
  -0.259367 -0.00856553    0.965741   -0.207891
          0           0           0           1
T_world_lidar: 
  -0.966391  -0.0147633   -0.256653    -2.79275
  0.0178856   -0.999792 -0.00983519     1.65148
  -0.256454   -0.014095    0.966454   -0.172836
          0           0           0           1
v_world_imu:   0.151976 0.00544779 0.00743172
frame_294
id: 784
stamp: 1784010353.924292088
T_odom_lidar: 
  -0.965648  -0.0120644   -0.259573    -2.76579
  0.0139199   -0.999889 -0.00531095     1.64787
   -0.25948 -0.00874173    0.965709   -0.207652
          0           0           0           1
T_world_lidar: 
  -0.965991 -0.00983038   -0.258389    -2.76612
  0.0132465   -0.999846  -0.0114833     1.65039
  -0.258236  -0.0145155    0.965973   -0.172568
          0           0           0           1
v_world_imu:    0.36707 -0.0365806 -0.0052794
frame_295
id: 785
stamp: 1784010354.024193048
T_odom_lidar: 
  -0.965444 0.000518148   -0.260609    -2.72558
 0.00240741   -0.999938  -0.0109065     1.64356
  -0.260598   -0.011157    0.965383   -0.207605
          0           0           0           1
T_world_lidar: 
  -0.965631  0.00375734   -0.259891    -2.72634
0.000716442   -0.999853  -0.0171172     1.64625
  -0.259917  -0.0167151    0.965486   -0.172654
          0           0           0           1
v_world_imu:    0.421246  -0.0479571 -0.00283663
frame_296
id: 786
stamp: 1784010354.124232054
T_odom_lidar: 
 -0.964614  0.0211614  -0.262816   -2.68346
-0.0171878  -0.999701 -0.0174097    1.63768
 -0.263106 -0.0122764   0.964689  -0.207533
         0          0          0          1
T_world_lidar: 
  -0.96503  0.0252541  -0.260919   -2.68455
-0.0195263  -0.999509 -0.0245217    1.64042
  -0.26141 -0.0185694   0.965049  -0.172827
         0          0          0          1
v_world_imu:   0.420872 -0.0615144 0.00336874
frame_297
id: 787
stamp: 1784010354.224071980
T_odom_lidar: 
 -0.963821  0.0440838   -0.26288   -2.64211
-0.0394667   -0.99896 -0.0228207    1.63218
 -0.263613 -0.0116201   0.964559   -0.20778
         0          0          0          1
T_world_lidar: 
 -0.964394  0.0486049  -0.259966   -2.64344
-0.0422015  -0.998654 -0.0301603    1.63475
 -0.261082 -0.0181154   0.965147  -0.173431
         0          0          0          1
v_world_imu:    0.37419 -0.0442975 -0.0108422
frame_298
id: 788
stamp: 1784010354.323935986
T_odom_lidar: 
  -0.962673   0.0624892   -0.263356     -2.6111
 -0.0576306   -0.997996  -0.0261415     1.62882
  -0.264462 -0.00998833    0.964344   -0.208505
          0           0           0           1
T_world_lidar: 
 -0.963143   0.067465  -0.260391   -2.61272
-0.0605935  -0.997572 -0.0343366    1.63101
 -0.262075  -0.017293   0.964892  -0.174744
         0          0          0          1
v_world_imu:   0.264599 -0.0316739 -0.0115956
frame_299
id: 789
stamp: 1784010354.424261093
T_odom_lidar: 
  -0.962088   0.0751715   -0.262175    -2.58844
 -0.0699966   -0.997125  -0.0290359      1.6265
  -0.263604 -0.00958375    0.964583   -0.208767
          0           0           0           1
T_world_lidar: 
 -0.962556  0.0808401  -0.258749   -2.59008
-0.0734632  -0.996571 -0.0380697     1.6282
  -0.26094 -0.0176356   0.965194   -0.17589
         0          0          0          1
v_world_imu:   0.186679 -0.0270388  -0.011755
frame_300
id: 790
stamp: 1784010354.524229050
T_odom_lidar: 
  -0.961699   0.0819533   -0.261569    -2.57276
 -0.0767787   -0.996598  -0.0299592     1.62557
  -0.263134 -0.00872877     0.96472   -0.209772
          0           0           0           1
T_world_lidar: 
  -0.96213  0.0877857  -0.258069   -2.57418
-0.0801751  -0.995982 -0.0398893    1.62676
 -0.260534  -0.017688   0.965303  -0.177843
         0          0          0          1
v_world_imu:    0.121691 -0.00683473  -0.0156485
frame_301
id: 791
stamp: 1784010354.624142170
T_odom_lidar: 
  -0.962428    0.082916   -0.258568    -2.56474
 -0.0781326   -0.996529  -0.0287396     1.62489
  -0.260053 -0.00745724    0.965565   -0.211972
          0           0           0           1
T_world_lidar: 
 -0.962134   0.089425  -0.257489   -2.56625
-0.0819608  -0.995849 -0.0395994    1.62581
 -0.259962 -0.0169959   0.965469  -0.180438
         0          0          0          1
v_world_imu: -0.0507869 -0.0165519 -0.0236526
frame_302
id: 792
stamp: 1784010354.724038124
T_odom_lidar: 
  -0.962381    0.083335   -0.258607    -2.58304
 -0.0780941    -0.99648  -0.0304917     1.62372
  -0.260237 -0.00914898    0.965501   -0.210622
          0           0           0           1
T_world_lidar: 
 -0.961579  0.0903995  -0.259217   -2.58479
-0.0826891  -0.995751 -0.0405193     1.6247
 -0.261778 -0.0175281   0.964969  -0.178558
         0          0          0          1
v_world_imu:  -0.298912 -0.0204571  0.0285193
frame_303
id: 793
stamp: 1784010354.824191093
T_odom_lidar: 
  -0.960684   0.0930494   -0.261587    -2.62214
 -0.0875108   -0.995624  -0.0327692     1.61868
  -0.263492 -0.00858913    0.964623   -0.208901
          0           0           0           1
T_world_lidar: 
 -0.959879   0.100616  -0.261743   -2.62421
-0.0928113  -0.994796 -0.0420457    1.61983
 -0.264611 -0.0160661   0.964221  -0.176006
         0          0          0          1
v_world_imu:  -0.458993 -0.0894514  0.0294987
frame_304
id: 794
stamp: 1784010354.924163103
T_odom_lidar: 
 -0.958055   0.122249  -0.259203    -2.6735
 -0.115786  -0.992464 -0.0401165    1.60494
 -0.262154 -0.0084217   0.964989  -0.208363
         0          0          0          1
T_world_lidar: 
 -0.957371   0.129965  -0.257974   -2.67573
 -0.121469  -0.991401 -0.0486759    1.60624
 -0.262082 -0.0152651   0.964925  -0.174532
         0          0          0          1
v_world_imu:  -0.544525  -0.179452 0.00261049
frame_305
id: 795
stamp: 1784010355.024294138
T_odom_lidar: 
  -0.951374    0.168221   -0.258047    -2.73096
  -0.160498   -0.985725  -0.0508667     1.58348
   -0.26292 -0.00697721    0.964792   -0.208351
          0           0           0           1
T_world_lidar: 
 -0.951166   0.175097  -0.254213   -2.73291
 -0.165687  -0.984463 -0.0581443    1.58496
 -0.260444 -0.0131852   0.965399  -0.173392
         0          0          0          1
v_world_imu:  -0.574057  -0.240041 0.00581875
frame_306
id: 796
stamp: 1784010355.123855114
T_odom_lidar: 
  -0.942221    0.216316   -0.255786     -2.7896
  -0.207038   -0.976302  -0.0629993     1.55719
  -0.263352 -0.00640192    0.964679   -0.208281
          0           0           0           1
T_world_lidar: 
 -0.942107   0.223801  -0.249696   -2.79149
 -0.213122  -0.974559 -0.0693797    1.55872
 -0.258871 -0.0121474   0.965836  -0.172073
         0          0          0          1
v_world_imu:  -0.582369  -0.285552 0.00876846
frame_307
id: 797
stamp: 1784010355.224277020
T_odom_lidar: 
  -0.929079     0.27011    -0.25269    -2.84857
  -0.258853   -0.962807  -0.0774436     1.52561
   -0.26421 -0.00654168    0.964443   -0.208611
          0           0           0           1
T_world_lidar: 
 -0.928985   0.278286  -0.244015   -2.85049
 -0.266082  -0.960429 -0.0823192    1.52699
 -0.257267 -0.0115454   0.966271  -0.171317
         0          0          0          1
v_world_imu: -0.561816 -0.335663 0.0101922
frame_308
id: 798
stamp: 1784010355.324033022
T_odom_lidar: 
 -0.941392   0.228527  -0.248107   -2.85374
 -0.218121  -0.973477 -0.0690371    1.51223
 -0.257304 -0.0108735   0.966269  -0.208486
         0          0          0          1
T_world_lidar: 
 -0.940577   0.239423  -0.240815   -2.85656
 -0.228013  -0.970795 -0.0746075    1.51364
 -0.251645  -0.015265   0.967699   -0.17072
         0          0          0          1
v_world_imu:   0.134242 -0.0360544  -0.071847
frame_309
id: 799
stamp: 1784010355.423974037
T_odom_lidar: 
   -0.93953    0.228711   -0.254903    -2.85836
  -0.219237   -0.973479  -0.0653797     1.51067
  -0.263095 -0.00554207    0.964754   -0.209658
          0           0           0           1
T_world_lidar: 
  -0.938835    0.239938   -0.247021    -2.86159
  -0.229892   -0.970754  -0.0691872     1.51217
  -0.256397 -0.00816729    0.966537   -0.171621
          0           0           0           1
v_world_imu: -0.0815148 -0.0794162  -0.015327
frame_310
id: 800
stamp: 1784010355.523985147
T_odom_lidar: 
  -0.939405    0.230095   -0.254114    -2.85934
   -0.21981   -0.973131  -0.0685611     1.50739
  -0.263062 -0.00854993    0.964741   -0.210383
          0           0           0           1
T_world_lidar: 
 -0.938454   0.242387  -0.246075    -2.8626
  -0.23182  -0.970128 -0.0714965    1.50916
 -0.256054 -0.0100511    0.96661  -0.172247
         0          0          0          1
v_world_imu:   0.0693407   0.0551069 -0.00949559
frame_311
id: 801
stamp: 1784010355.624176025
T_odom_lidar: 
  -0.940865    0.223974   -0.254181    -2.85323
  -0.214238   -0.974567  -0.0657346     1.51126
  -0.262439 -0.00739203     0.96492   -0.210713
          0           0           0           1
T_world_lidar: 
  -0.939698      0.2367   -0.246862     -2.8563
  -0.226928   -0.971553  -0.0677417     1.51363
  -0.255874 -0.00763685     0.96668   -0.172497
          0           0           0           1
v_world_imu:   0.0687131   0.0194216 0.000750013
frame_312
id: 802
stamp: 1784010355.724285126
T_odom_lidar: 
   -0.94141    0.221205   -0.254587    -2.84892
  -0.211573     -0.9752  -0.0649743     1.51389
  -0.262646 -0.00730351    0.964865   -0.210726
          0           0           0           1
T_world_lidar: 
  -0.940034    0.234435   -0.247743    -2.85176
  -0.225092   -0.972113  -0.0658044     1.51696
   -0.25626 -0.00609343    0.966589   -0.172442
          0           0           0           1
v_world_imu:  0.0471001  0.0263905 0.00339476
frame_313
id: 803
stamp: 1784010355.824257135
T_odom_lidar: 
  -0.942033    0.217525   -0.255455    -2.83068
  -0.207914   -0.976026  -0.0643872      1.5211
  -0.263336 -0.00754221    0.964675   -0.210025
          0           0           0           1
T_world_lidar: 
  -0.940437    0.230813   -0.249608    -2.83362
  -0.221798   -0.972986  -0.0640634     1.52462
  -0.257652 -0.00488502    0.966226   -0.171672
          0           0           0           1
v_world_imu:  0.316688  0.118862 0.0160133
frame_314
id: 804
stamp: 1784010355.924159050
T_odom_lidar: 
  -0.939224    0.227077   -0.257479    -2.78955
  -0.216839   -0.973845  -0.0678772     1.52764
  -0.266158 -0.00792049    0.963897   -0.210244
          0           0           0           1
T_world_lidar: 
  -0.937629    0.239473   -0.252002    -2.79295
  -0.229075   -0.970869   -0.070274     1.53085
  -0.261489 -0.00816353    0.965172   -0.172027
          0           0           0           1
v_world_imu:   0.482129  0.0441314 -0.0146413
frame_315
id: 805
stamp: 1784010356.023934126
T_odom_lidar: 
  -0.934663    0.248301   -0.254463    -2.73692
  -0.237499   -0.968653  -0.0728409     1.53219
  -0.264573 -0.00764696    0.964335   -0.211778
          0           0           0           1
T_world_lidar: 
  -0.932454    0.259698   -0.251172    -2.74088
  -0.248395    -0.96565  -0.0762822     1.53477
  -0.262354 -0.00873968    0.964932   -0.173853
          0           0           0           1
v_world_imu:   0.566571  0.0328386 -0.0189804
frame_316
id: 806
stamp: 1784010356.124097109
T_odom_lidar: 
  -0.925508    0.282067   -0.252732    -2.68057
  -0.269523   -0.959349  -0.0837066     1.53534
  -0.266069 -0.00935422    0.963909   -0.212557
          0           0           0           1
T_world_lidar: 
 -0.923234   0.292084   -0.24965   -2.68493
 -0.278702  -0.956319 -0.0881987    1.53713
 -0.264507 -0.0118501   0.964311  -0.174799
         0          0          0          1
v_world_imu:    0.567196   0.0363116 -0.00824877
frame_317
id: 807
stamp: 1784010356.224045038
T_odom_lidar: 
  -0.914372    0.316976   -0.251893    -2.62508
  -0.303256   -0.948397   -0.092623     1.54109
  -0.268254 -0.00830382    0.963312   -0.212568
          0           0           0           1
T_world_lidar: 
 -0.911658   0.326907  -0.249022   -2.63028
 -0.312026  -0.944982 -0.0982255    1.54193
 -0.267432 -0.0118469   0.963504  -0.174809
         0          0          0          1
v_world_imu:    0.537269   0.0599761 -0.00133332
frame_318
id: 808
stamp: 1784010356.324269056
T_odom_lidar: 
 -0.903597   0.348972  -0.248457   -2.56204
 -0.333487  -0.937074  -0.103336    1.55104
 -0.268884 -0.0105172   0.963115  -0.212195
         0          0          0          1
T_world_lidar: 
 -0.899814   0.360511  -0.245695   -2.56938
 -0.343733  -0.932647  -0.109623    1.55084
 -0.268667 -0.0141867   0.963129  -0.174376
         0          0          0          1
v_world_imu:   0.666611   0.148899 0.00856232
frame_319
id: 809
stamp: 1784010356.423930168
T_odom_lidar: 
  -0.902139    0.352244    -0.24914    -2.49776
  -0.337359   -0.935877   -0.101597     1.57316
  -0.268951 -0.00760514    0.963124   -0.211973
          0           0           0           1
T_world_lidar: 
 -0.896564   0.368294  -0.246035    -2.5069
 -0.351603  -0.929627  -0.110314    1.57226
 -0.269348 -0.0123966   0.962963  -0.174148
         0          0          0          1
v_world_imu:    0.588671    0.258014 -0.00531379
frame_320
id: 810
stamp: 1784010356.523770094
T_odom_lidar: 
  -0.903104     0.35146   -0.246739    -2.45557
  -0.337039   -0.936177  -0.0998927     1.59106
    -0.2661 -0.00705284     0.96392   -0.210681
          0           0           0           1
T_world_lidar: 
  -0.89888   0.366407  -0.240335   -2.46299
 -0.350213  -0.930358  -0.108557    1.59053
 -0.263373 -0.0134108   0.964601  -0.173107
         0          0          0          1
v_world_imu:   0.163339  0.0648044 0.00984073
frame_321
id: 811
stamp: 1784010356.624121189
T_odom_lidar: 
 -0.902128   0.353681  -0.247135   -2.45868
 -0.339194  -0.935342  -0.100414    1.58949
 -0.266671 -0.0067594   0.963764   -0.21086
         0          0          0          1
T_world_lidar: 
-0.898233  0.367962 -0.240377  -2.46439
-0.351547 -0.929737 -0.109564   1.58916
-0.263803  -0.01391  0.964476 -0.173421
        0         0         0         1
v_world_imu:  -0.123876 -0.0661243 -0.0172253
frame_322
id: 812
stamp: 1784010356.724129200
T_odom_lidar: 
-0.897972  0.363995 -0.247294  -2.48763
-0.349327 -0.931384 -0.102442   1.57562
-0.267614 -0.005604   0.96351 -0.211171
        0         0         0         1
T_world_lidar: 
 -0.895683   0.375984  -0.237461   -2.49188
 -0.359693   -0.92653  -0.110287    1.57547
 -0.261481 -0.0133695   0.965116  -0.173542
         0          0          0          1
v_world_imu:   -0.358674   -0.196324 -0.00109529
frame_323
id: 813
stamp: 1784010356.823917150
T_odom_lidar: 
  -0.888857    0.388102   -0.243535    -2.52982
  -0.372342   -0.921591   -0.109685     1.55079
  -0.267009 -0.00681583     0.96367   -0.211318
          0           0           0           1
T_world_lidar: 
  -0.88772   0.397157  -0.232851   -2.53379
 -0.380397  -0.917652  -0.114948     1.5506
 -0.259329 -0.0134652   0.965695  -0.173337
         0          0          0          1
v_world_imu:   -0.446119    -0.29948 -0.00261211
frame_324
id: 814
stamp: 1784010356.923772097
T_odom_lidar: 
  -0.873534    0.422566   -0.241612    -2.57733
  -0.406271   -0.906326   -0.116265     1.51805
  -0.268109 -0.00340088    0.963383   -0.212019
          0           0           0           1
T_world_lidar: 
-0.873144  0.430286 -0.229069  -2.58143
-0.413299 -0.902634 -0.120144   1.51761
-0.258462 -0.010229  0.965967 -0.173581
        0         0         0         1
v_world_imu:  -0.484607  -0.354232 -0.0015105
frame_325
id: 815
stamp: 1784010357.023766041
T_odom_lidar: 
  -0.854692    0.462996    -0.23481    -2.62679
   -0.44497   -0.886346   -0.128029     1.47878
    -0.2674 -0.00494197    0.963573    -0.21276
          0           0           0           1
T_world_lidar: 
 -0.854647   0.469021  -0.222706   -2.63088
  -0.45084  -0.883125  -0.129743    1.47839
 -0.257529 -0.0104796   0.966214   -0.17398
         0          0          0          1
v_world_imu: -0.483638 -0.415624 0.0020923
frame_326
id: 816
stamp: 1784010357.123861074
T_odom_lidar: 
  -0.829127    0.510813   -0.227198    -2.67515
  -0.490853   -0.859672   -0.141516     1.43391
  -0.267604 -0.00581385    0.963511   -0.213222
          0           0           0           1
T_world_lidar: 
 -0.831321   0.512925  -0.214042   -2.67879
  -0.49343  -0.858361  -0.140515    1.43381
 -0.255799 -0.0111978   0.966665  -0.174213
         0          0          0          1
v_world_imu:  -0.458235  -0.456464 0.00545328
frame_327
id: 817
stamp: 1784010357.224179029
T_odom_lidar: 
  -0.800754    0.557627   -0.218735    -2.71959
  -0.536822   -0.830085   -0.150935     1.38612
  -0.265734 -0.00344002     0.96404   -0.213583
          0           0           0           1
T_world_lidar: 
  -0.802569    0.559561   -0.206822    -2.72369
  -0.539583   -0.828756   -0.148372     1.38612
  -0.254428 -0.00748136    0.967063   -0.174268
          0           0           0           1
v_world_imu:   -0.414128   -0.485784 -0.00230304
frame_328
id: 818
stamp: 1784010357.323950052
T_odom_lidar: 
  -0.766504    0.607416   -0.208608    -2.76051
  -0.584328   -0.794366   -0.165962     1.33501
  -0.266519 -0.00531509    0.963815   -0.214275
          0           0           0           1
T_world_lidar: 
  -0.769629    0.607646   -0.196055    -2.76393
  -0.586441   -0.794172   -0.159306     1.33537
  -0.252503 -0.00763189    0.967566   -0.174634
          0           0           0           1
v_world_imu:    -0.37271   -0.513406 -0.00235404
frame_329
id: 819
stamp: 1784010357.423977137
T_odom_lidar: 
  -0.727518    0.656761   -0.198448    -2.79878
  -0.632487   -0.754092   -0.176936     1.28086
  -0.265853 -0.00320808    0.964008   -0.215259
          0           0           0           1
T_world_lidar: 
  -0.730293    0.656682   -0.188259    -2.80175
  -0.634988   -0.754163   -0.167418     1.28155
  -0.251918 -0.00272179    0.967745   -0.175048
          0           0           0           1
v_world_imu:  -0.351113  -0.544946 0.00405846
frame_330
id: 820
stamp: 1784010357.523974180
T_odom_lidar: 
  -0.680191    0.708782   -0.186997    -2.83157
  -0.682236    -0.70542   -0.192187      1.2243
  -0.268131 -0.00314787    0.963377   -0.215249
          0           0           0           1
T_world_lidar: 
  -0.687416    0.705129    -0.17393    -2.83498
  -0.680991    -0.70904   -0.183068     1.22504
   -0.25241 -0.00739965    0.967592   -0.174254
          0           0           0           1
v_world_imu:   -0.295618   -0.563147 -0.00301367
frame_331
id: 821
stamp: 1784010357.623881102
T_odom_lidar: 
  -0.688672    0.701531   -0.183262    -2.83628
  -0.675344   -0.712604   -0.190015     1.18912
  -0.263895 -0.00709347    0.964525   -0.215972
          0           0           0           1
T_world_lidar: 
 -0.677313   0.716492  -0.166993   -2.84215
 -0.690068  -0.697417  -0.193429    1.18891
 -0.255054 -0.0157761   0.966798  -0.174745
         0          0          0          1
v_world_imu:  0.0884832 -0.0430425 -0.0132068
frame_332
id: 822
stamp: 1784010357.723773003
T_odom_lidar: 
  -0.690288    0.698314   -0.189367    -2.83391
  -0.671843   -0.715779   -0.190493     1.18641
  -0.268569 -0.00427041    0.963251   -0.216116
          0           0           0           1
T_world_lidar: 
 -0.686384   0.706365  -0.172987   -2.83973
 -0.679837  -0.707701  -0.192305    1.18585
 -0.258261 -0.0143924   0.965968  -0.175158
         0          0          0          1
v_world_imu: -0.0235216 -0.0288582 0.00703324
frame_333
id: 823
stamp: 1784010357.823974133
T_odom_lidar: 
  -0.689705    0.699444   -0.187313    -2.83303
  -0.673105    -0.71467   -0.190202     1.18717
  -0.266903 -0.00510206     0.96371   -0.216222
          0           0           0           1
T_world_lidar: 
 -0.686761   0.706236  -0.172017   -2.83889
 -0.679346  -0.707792  -0.193701    1.18669
 -0.258551 -0.0161674   0.965862  -0.175406
         0          0          0          1
v_world_imu:  0.00958248   0.0167912 -0.00407864
frame_334
id: 824
stamp: 1784010357.923739195
T_odom_lidar: 
  -0.689839    0.699567   -0.186355    -2.83248
  -0.673191   -0.714543   -0.190377     1.18853
   -0.26634 -0.00587659    0.963861   -0.216362
          0           0           0           1
T_world_lidar: 
 -0.688038   0.705303  -0.170739   -2.83805
 -0.678232   -0.70868  -0.194357    1.18854
  -0.25808 -0.0179238   0.965957  -0.175554
         0          0          0          1
v_world_imu:  0.00413477   0.0135385 -0.00291316
frame_335
id: 825
stamp: 1784010358.023828983
T_odom_lidar: 
  -0.689155    0.700346   -0.185957    -2.82947
  -0.673773   -0.713774   -0.191197     1.19282
  -0.266636 -0.00647132    0.963776    -0.21651
          0           0           0           1
T_world_lidar: 
-0.687974  0.705296 -0.171025  -2.83474
-0.677657 -0.708652 -0.196451   1.19353
-0.259754 -0.019257  0.965483 -0.175851
        0         0         0         1
v_world_imu:   0.0631731    0.101358 0.000413837
frame_336
id: 826
stamp: 1784010358.123960018
T_odom_lidar: 
  -0.695677    0.693292   -0.188097    -2.82553
  -0.667249   -0.720636   -0.188313     1.20192
  -0.266106 -0.00549736    0.963928   -0.216225
          0           0           0           1
T_world_lidar: 
 -0.695132   0.697688  -0.173273   -2.83046
  -0.67049  -0.716162  -0.193788     1.2033
 -0.259295 -0.0185307    0.96562   -0.17566
         0          0          0          1
v_world_imu:   0.0646454   0.0428084 -0.00457282
frame_337
id: 827
stamp: 1784010358.223633051
T_odom_lidar: 
  -0.697894    0.690787   -0.189098    -2.81414
  -0.664233   -0.723026    -0.18981     1.21423
  -0.267841 -0.00686192    0.963439   -0.216103
          0           0           0           1
T_world_lidar: 
 -0.697959   0.694558  -0.174477   -2.81872
 -0.667019  -0.719174  -0.194615    1.21612
 -0.260651 -0.0194542   0.965237  -0.175725
         0          0          0          1
v_world_imu:   0.223188   0.250808 0.00141052
frame_338
id: 828
stamp: 1784010358.323970079
T_odom_lidar: 
  -0.700339    0.687725   -0.191205    -2.78405
  -0.661552   -0.725953   -0.187994     1.24566
  -0.268094 -0.00516755    0.963379   -0.215038
          0           0           0           1
T_world_lidar: 
 -0.701061   0.690899  -0.176555   -2.78807
 -0.663844  -0.722738  -0.192253    1.24793
  -0.26043 -0.0175763   0.965333  -0.175065
         0          0          0          1
v_world_imu:   0.394144   0.394736 -0.0019972
frame_339
id: 829
stamp: 1784010358.423876047
T_odom_lidar: 
  -0.700854    0.687252    -0.19102    -2.73828
  -0.660452   -0.726384   -0.190182     1.28982
  -0.269457 -0.00713031    0.962986    -0.21466
          0           0           0           1
T_world_lidar: 
-0.701686  0.690233 -0.176678  -2.74157
-0.662951 -0.723356 -0.193009   1.29227
-0.261022 -0.018303  0.965159 -0.175179
        0         0         0         1
v_world_imu:    0.512603    0.494393 0.000850652
frame_340
id: 830
stamp: 1784010358.523639202
T_odom_lidar: 
  -0.699481    0.688706   -0.190814    -2.68446
  -0.661936   -0.725009    -0.19027     1.34037
  -0.269382 -0.00678403    0.963009   -0.214052
          0           0           0           1
T_world_lidar: 
 -0.700039   0.691819   -0.17701   -2.68727
 -0.664855  -0.721878   -0.19199    1.34274
 -0.260602 -0.0167149   0.965302   -0.17506
         0          0          0          1
v_world_imu:   0.572167   0.509537 0.00435224
frame_341
id: 831
stamp: 1784010358.623950005
T_odom_lidar: 
  -0.685611    0.703758   -0.186177    -2.62487
   -0.67578   -0.710382   -0.196667     1.38864
  -0.270663 -0.00902232    0.962632   -0.213945
          0           0           0           1
T_world_lidar: 
 -0.685888   0.706489  -0.174443   -2.62736
 -0.678866  -0.707538  -0.196293    1.39093
 -0.262104 -0.0162117   0.964903  -0.175462
         0          0          0          1
v_world_imu:    0.605387    0.457101 -0.00565598
frame_342
id: 832
stamp: 1784010358.723988056
T_odom_lidar: 
  -0.664264    0.725223   -0.181121    -2.57135
  -0.697069   -0.688481   -0.200221      1.4307
  -0.269903 -0.00674592    0.962864   -0.213003
          0           0           0           1
T_world_lidar: 
 -0.664911   0.727025  -0.171257   -2.57368
 -0.699996  -0.686525  -0.196696    1.43296
 -0.260575 -0.0109063   0.965392  -0.175094
         0          0          0          1
v_world_imu:    0.453198    0.369217 0.000350003
frame_343
id: 833
stamp: 1784010358.824006081
T_odom_lidar: 
 -0.651417   0.736876  -0.180748    -2.5376
 -0.708467  -0.676017  -0.202671    1.46017
 -0.271532 -0.0039696   0.962421  -0.211872
         0          0          0          1
T_world_lidar: 
  -0.652843    0.737519   -0.172803     -2.5398
   -0.71123   -0.675311   -0.195209     1.46266
  -0.260666 -0.00453794    0.965418   -0.174877
          0           0           0           1
v_world_imu:    0.244136    0.257752 -0.00732727
frame_344
id: 834
stamp: 1784010358.923859119
T_odom_lidar: 
  -0.650991     0.73734   -0.180389    -2.51785
  -0.708998    -0.67551   -0.202502      1.4822
  -0.271167 -0.00393183    0.962524   -0.212163
          0           0           0           1
T_world_lidar: 
  -0.652646    0.738286   -0.170257    -2.51996
  -0.711045   -0.674432   -0.198891     1.48478
  -0.261665 -0.00874516    0.965119   -0.175651
          0           0           0           1
v_world_imu:   0.115078   0.137046 -0.0010654
frame_345
id: 835
stamp: 1784010359.023756027
T_odom_lidar: 
  -0.650244    0.737374   -0.182926    -2.51395
  -0.708607   -0.675478   -0.203974      1.4869
  -0.273968 -0.00301046    0.961734   -0.214373
          0           0           0           1
T_world_lidar: 
 -0.651807    0.73882  -0.171153   -2.51635
 -0.710373  -0.673814  -0.203332    1.48943
 -0.265551 -0.0109506   0.964035  -0.177516
         0          0          0          1
v_world_imu: -0.0812616 -0.0843264  0.0205354
frame_346
id: 836
stamp: 1784010359.123644114
T_odom_lidar: 
   -0.64552    0.742305   -0.179687     -2.5304
  -0.714339    -0.67006   -0.201841     1.46611
  -0.270229 -0.00193508    0.962794   -0.214283
          0           0           0           1
T_world_lidar: 
 -0.646973   0.744091  -0.166598   -2.53293
 -0.716092  -0.667976  -0.202537    1.46853
  -0.26199 -0.0117364   0.964999  -0.176491
         0          0          0          1
v_world_imu: -0.239607 -0.327104 0.0221219
frame_347
id: 837
stamp: 1784010359.223899126
T_odom_lidar: 
  -0.630094    0.756618   -0.174672    -2.55877
   -0.72768   -0.653848    -0.20728      1.4236
  -0.271041 -0.00350118    0.962562   -0.213746
          0           0           0           1
T_world_lidar: 
  -0.63154   0.758696  -0.159804   -2.56154
 -0.729593  -0.651267  -0.208675    1.42584
 -0.262396 -0.0151943   0.964841  -0.174865
         0          0          0          1
v_world_imu: -0.314179 -0.496857 0.0151725
frame_348
id: 838
stamp: 1784010359.323958158
T_odom_lidar: 
  -0.600035    0.782864   -0.164569    -2.59124
  -0.752866   -0.622174   -0.214693     1.36523
  -0.270466 -0.00492528    0.962717   -0.213915
          0           0           0           1
T_world_lidar: 
 -0.601584   0.784849   -0.14869   -2.59421
 -0.754649  -0.619427  -0.216368    1.36724
 -0.261919 -0.0179551   0.964923  -0.173927
         0          0          0          1
v_world_imu:  -0.319083  -0.640148 0.00230501
frame_349
id: 839
stamp: 1784010359.423794031
T_odom_lidar: 
  -0.555056    0.817773   -0.152187    -2.62269
  -0.786831   -0.575528   -0.222857     1.29535
  -0.269834 -0.00395296    0.962899   -0.213898
          0           0           0           1
T_world_lidar: 
 -0.556485    0.81979  -0.135159   -2.62555
 -0.788707  -0.572373  -0.224346    1.29712
 -0.261278 -0.0182439   0.965091  -0.172961
         0          0          0          1
v_world_imu:  -0.297031  -0.727685 0.00408649
frame_350
id: 840
stamp: 1784010359.523566008
T_odom_lidar: 
   -0.499031     0.855423    -0.138631     -2.65009
   -0.823799    -0.517929    -0.230445      1.21823
   -0.268929 -0.000795373      0.96316    -0.214951
           0            0            0            1
T_world_lidar: 
 -0.500739   0.857128  -0.120798   -2.65278
 -0.825489  -0.514852   -0.23129    1.21982
 -0.260438 -0.0160991   0.965356  -0.173142
         0          0          0          1
v_world_imu:  -0.222702  -0.795813 0.00340899
frame_351
id: 841
stamp: 1784010359.623821020
T_odom_lidar: 
 -0.427856   0.895739  -0.120793    -2.6689
 -0.862863  -0.444578  -0.240453    1.13437
 -0.269085 0.00134821   0.963115  -0.215577
         0          0          0          1
T_world_lidar: 
 -0.429913   0.897149  -0.101478   -2.67144
 -0.864632   -0.44146  -0.239843    1.13594
 -0.259974 -0.0153707   0.965493  -0.173074
         0          0          0          1
v_world_imu:   -0.134813    -0.83594 -0.00614008
frame_352
id: 842
stamp: 1784010359.724039078
T_odom_lidar: 
  -0.348071     0.93265  -0.0949231    -2.67795
  -0.898161   -0.360775   -0.251293     1.04687
  -0.268615 -0.00221177    0.963245   -0.216288
          0           0           0           1
T_world_lidar: 
 -0.349947   0.933781 -0.0747717   -2.68042
 -0.900079  -0.357288  -0.249404    1.04851
 -0.259604 -0.0199777   0.965509  -0.173459
         0          0          0          1
v_world_imu: -0.0445669   -0.86419 0.00134492
frame_353
id: 843
stamp: 1784010359.823852062
T_odom_lidar: 
  -0.260678    0.962638  -0.0733197    -2.67888
  -0.926753   -0.270793   -0.260385    0.957908
  -0.270511 7.25186e-05    0.962717   -0.216909
          0           0           0           1
T_world_lidar: 
 -0.263377    0.96328 -0.0522016   -2.68118
 -0.928677   -0.26782  -0.256575   0.959769
 -0.261134 -0.0190975   0.965114  -0.173874
         0          0          0          1
v_world_imu:  0.0397537   -0.86713 -0.0120387
frame_354
id: 844
stamp: 1784010359.923627138
T_odom_lidar: 
   -0.171529     0.984017    -0.047832     -2.67116
   -0.947193    -0.178073    -0.266675     0.869665
    -0.27093 -0.000436281     0.962599    -0.218026
           0            0            0            1
T_world_lidar: 
 -0.174222   0.984316 -0.0277224   -2.67323
 -0.949149  -0.175361  -0.261466   0.871597
 -0.262227 -0.0192404   0.964814  -0.174706
         0          0          0          1
v_world_imu:    0.13324  -0.859886 -0.0155031
frame_355
id: 845
stamp: 1784010360.023638010
T_odom_lidar: 
-0.0725472   0.997107 -0.0226624   -2.65298
 -0.959056 -0.0759796  -0.272836   0.782199
 -0.273768 0.00194107   0.961794  -0.219284
         0          0          0          1
T_world_lidar: 
  -0.075607    0.997132 -0.00322559    -2.65478
  -0.960969  -0.0737275   -0.266652    0.784104
  -0.266125  -0.0170611    0.963788   -0.175715
          0           0           0           1
v_world_imu:     0.24407     -0.8365 -0.00387113
frame_356
id: 846
stamp: 1784010360.123550177
T_odom_lidar: 
 0.0334503   0.999414 0.00725467   -2.62343
 -0.960986  0.0341565   -0.27448   0.698456
 -0.274567 0.00220978   0.961566  -0.220395
         0          0          0          1
T_world_lidar: 
 0.0299968   0.999213  0.0259478   -2.62485
  -0.96306  0.0358421   -0.26689   0.700304
  -0.26761 -0.0169835   0.963378  -0.176672
         0          0          0          1
v_world_imu:    0.347104   -0.786885 -0.00751622
frame_357
id: 847
stamp: 1784010360.223623991
T_odom_lidar: 
  0.134445   0.990346  0.0337488   -2.58524
 -0.952025   0.138541  -0.272864   0.621675
 -0.274906 0.00455559    0.96146  -0.221566
         0          0          0          1
T_world_lidar: 
  0.131542   0.989997  0.0510187   -2.58632
 -0.954254   0.140397  -0.263985    0.62329
 -0.268507 -0.0139597   0.963177  -0.177654
         0          0          0          1
v_world_imu:  0.430304 -0.707996 0.0111997
frame_358
id: 848
stamp: 1784010360.323657990
T_odom_lidar: 
  0.244519   0.967716  0.0611199     -2.536
 -0.930037   0.251896  -0.267543   0.549896
 -0.274302 0.00857557   0.961605   -0.22205
         0          0          0          1
T_world_lidar: 
   0.241751    0.967342   0.0761963      -2.537
  -0.932343    0.253326   -0.257995    0.551261
  -0.268872 -0.00867057    0.963137   -0.178114
          0           0           0           1
v_world_imu:    0.525877   -0.685346 -0.00216152
frame_359
id: 849
stamp: 1784010360.423640013
T_odom_lidar: 
  0.343296   0.935185  0.0870405    -2.4806
 -0.899318   0.354021  -0.256702   0.484414
 -0.270878 0.00984754   0.962563  -0.222264
         0          0          0          1
T_world_lidar: 
   0.341666    0.934577   0.0991499     -2.4816
   -0.90127    0.355728   -0.247327    0.485569
  -0.266416 -0.00485778    0.963846   -0.178413
          0           0           0           1
v_world_imu:      0.5946   -0.587969 -0.00134078
frame_360
id: 850
stamp: 1784010360.523514032
T_odom_lidar: 
  0.44928  0.885956  0.115015  -2.41543
-0.851339  0.463603 -0.245548  0.424566
-0.270866 0.0124033  0.962537 -0.223008
        0         0         0         1
T_world_lidar: 
  0.447889   0.885599   0.122924   -2.41658
  -0.85325   0.464449  -0.237175   0.425513
 -0.267133 0.00134289   0.963659  -0.179298
         0          0          0          1
v_world_imu:   0.671003  -0.551388 -0.0178427
frame_361
id: 851
stamp: 1784010360.623537064
T_odom_lidar: 
 0.539791  0.829807  0.141581  -2.34583
-0.797287  0.557933 -0.230313  0.371985
-0.270108   0.01144  0.962762 -0.223702
        0         0         0         1
T_world_lidar: 
   0.538033    0.828965    0.152767    -2.34701
  -0.800053    0.559274    -0.21709    0.372989
  -0.265399 -0.00541958    0.964124   -0.179719
          0           0           0           1
v_world_imu:  0.717121 -0.459733 -0.014619
frame_362
id: 852
stamp: 1784010360.723685026
T_odom_lidar: 
 0.630051  0.758538    0.1663   -2.2693
-0.728003  0.651491 -0.213475  0.327726
-0.270272 0.0134337   0.96269 -0.224136
        0         0         0         1
T_world_lidar: 
   0.627524    0.757573    0.179715     -2.2704
  -0.731662      0.6527   -0.196603     0.32862
  -0.266241 -0.00811769    0.963872   -0.179894
          0           0           0           1
v_world_imu:    0.759771   -0.396777 0.000174613
frame_363
id: 853
stamp: 1784010360.823544025
T_odom_lidar: 
 0.706824  0.681623  0.189182  -2.19019
-0.653663  0.731584 -0.193675    0.2928
-0.270416 0.0132325  0.962653 -0.224308
        0         0         0         1
T_world_lidar: 
  0.703998   0.680515   0.203188   -2.19092
 -0.658003   0.732648  -0.173952   0.293337
 -0.267243 -0.0112362   0.963564   -0.17993
         0          0          0          1
v_world_imu:   0.792172  -0.284469 0.00487175
frame_364
id: 854
stamp: 1784010360.923551083
T_odom_lidar: 
 0.775426  0.597036  0.205578  -2.10766
-0.572133   0.80207 -0.171311  0.266988
-0.267167 0.0152215   0.96353 -0.223723
        0         0         0         1
T_world_lidar: 
  0.771931   0.595957   0.221264   -2.10827
 -0.577037   0.802922   -0.14948   0.266727
 -0.266741 -0.0122894    0.96369  -0.179338
         0          0          0          1
v_world_imu:  0.817171 -0.214867 0.0153999
frame_365
id: 855
stamp: 1784010361.023634195
T_odom_lidar: 
 0.817271  0.533022  0.218986  -2.02467
-0.510814  0.846001 -0.152814  0.239598
-0.266716 0.0130297  0.963687 -0.223862
        0         0         0         1
T_world_lidar: 
   0.81294   0.533057   0.234474   -2.02535
 -0.517078   0.845943  -0.130427   0.238487
 -0.267877 -0.0152115   0.963333  -0.179489
         0          0          0          1
v_world_imu:   0.783664  -0.339374 0.00738065
frame_366
id: 856
stamp: 1784010361.123540163
T_odom_lidar: 
 0.832962  0.506275  0.223292  -1.94601
-0.484947  0.862269 -0.146008  0.203622
-0.266458 0.0133345  0.963754 -0.223433
        0         0         0         1
T_world_lidar: 
  0.828431    0.50642    0.23925   -1.94662
 -0.491308   0.862155  -0.123712   0.202018
 -0.268921 -0.0150585   0.963044  -0.179142
         0          0          0          1
v_world_imu:    0.772843   -0.361601 -0.00528658
frame_367
id: 857
stamp: 1784010361.223841190
T_odom_lidar: 
 0.844445  0.486088  0.225015  -1.86787
-0.465193   0.87378 -0.141785  0.168073
-0.265533 0.0150542  0.963984 -0.224643
        0         0         0         1
T_world_lidar: 
  0.839886   0.486042   0.241569   -1.86848
 -0.471297   0.873832  -0.119565   0.166311
 -0.269204 -0.0134297   0.962989  -0.180957
         0          0          0          1
v_world_imu:   0.786169  -0.339674 -0.0299875
frame_368
id: 858
stamp: 1784010361.323688030
T_odom_lidar: 
 0.855321  0.464539  0.229412  -1.78859
-0.444439  0.885437 -0.135924  0.134268
-0.266272 0.0142986  0.963792 -0.225191
        0         0         0         1
T_world_lidar: 
  0.850922    0.46435   0.245582   -1.78925
 -0.450305    0.88555  -0.114136   0.132707
 -0.270474 -0.0134659   0.962633  -0.182297
         0          0          0          1
v_world_imu:    0.792745   -0.329559 -0.00368926
frame_369
id: 859
stamp: 1784010361.423532009
T_odom_lidar: 
 0.865741  0.442175  0.234466  -1.70848
-0.422348  0.896802 -0.131788   0.10191
-0.268543 0.0150683   0.96315  -0.22584
        0         0         0         1
T_world_lidar: 
  0.861594   0.441756   0.250016   -1.70921
  -0.42783    0.89706  -0.110657   0.100656
 -0.273163 -0.0116232   0.961898  -0.183746
         0          0          0          1
v_world_imu:     0.80323    -0.30883 -0.00649665
frame_370
id: 860
stamp: 1784010361.523586988
T_odom_lidar: 
 0.878882   0.41436  0.236371  -1.62636
-0.394722  0.909921  -0.12743 0.0730869
-0.267881 0.0186956  0.963271 -0.226071
        0         0         0         1
T_world_lidar: 
   0.875376    0.413459    0.250536    -1.62706
  -0.399338    0.910502   -0.107308   0.0721878
  -0.272481 -0.00611363    0.962142   -0.184698
          0           0           0           1
v_world_imu:     0.819921    -0.260324 -0.000978945
frame_371
id: 861
stamp: 1784010361.623800993
T_odom_lidar: 
 0.893833   0.37618  0.244033  -1.54165
-0.357716  0.926372 -0.117788 0.0502295
-0.270375 0.0179885  0.962587 -0.226746
        0         0         0         1
T_world_lidar: 
    0.89087    0.375305    0.255923    -1.54223
  -0.361753    0.926895   -0.100005   0.0496457
  -0.274746 -0.00348992     0.96151   -0.186177
          0           0           0           1
v_world_imu:   0.843469  -0.193457 -0.0100795
frame_372
id: 862
stamp: 1784010361.723627090
T_odom_lidar: 
 0.910427  0.331545  0.247387  -1.45611
-0.315069   0.94328 -0.104664  0.032575
-0.268057 0.0173451  0.963247 -0.226434
        0         0         0         1
T_world_lidar: 
   0.907957    0.331308     0.25661     -1.4565
  -0.318705    0.943523  -0.0905103   0.0324286
  -0.272104 0.000396553    0.962268   -0.186877
          0           0           0           1
v_world_imu:    0.854531   -0.153415 -0.00856654
frame_373
id: 863
stamp: 1784010361.823470116
T_odom_lidar: 
 0.922282  0.293711  0.251257  -1.37041
-0.278898  0.955758 -0.093504 0.0162965
-0.267604 0.0161619  0.963393 -0.226783
        0         0         0         1
T_world_lidar: 
  0.920276   0.294005   0.258173   -1.37062
 -0.281453   0.955787 -0.0851838  0.0163005
 -0.271802 0.00572931   0.962336  -0.187894
         0          0          0          1
v_world_imu:   0.853584  -0.152437 0.00611379
frame_374
id: 864
stamp: 1784010361.923681974
T_odom_lidar: 
  0.931306    0.25922   0.255878   -1.28408
 -0.246154    0.96572 -0.0824179  0.0019765
 -0.268471  0.0137709   0.963189  -0.227181
         0          0          0          1
T_world_lidar: 
   0.929643    0.260207    0.260875    -1.28422
  -0.250382    0.965553  -0.0708311  0.00202027
  -0.270319 0.000529415    0.962771   -0.188597
          0           0           0           1
v_world_imu:     0.85547   -0.137245 -0.00553057
frame_375
id: 865
stamp: 1784010362.023710012
T_odom_lidar: 
  0.940035   0.227538   0.254088   -1.19828
 -0.215522   0.973649 -0.0745582 -0.0092227
 -0.264358  0.0153257   0.964303  -0.227161
         0          0          0          1
T_world_lidar: 
   0.938035    0.229238    0.259886    -1.19848
  -0.222278    0.973358  -0.0562778 -0.00953785
  -0.265863 -0.00497641    0.963998   -0.189223
          0           0           0           1
v_world_imu:   0.848178  -0.103611 -0.0110621
frame_376
id: 866
stamp: 1784010362.123906136
T_odom_lidar: 
  0.946885   0.194568   0.256032   -1.11193
 -0.183721   0.980769 -0.0658675 -0.0176927
 -0.263924  0.0153305   0.964422  -0.227593
         0          0          0          1
T_world_lidar: 
   0.945293    0.195908    0.260847    -1.11222
  -0.190928    0.980592  -0.0445583  -0.0185347
  -0.264514 -0.00768232    0.964351   -0.190359
          0           0           0           1
v_world_imu:   0.852396 -0.0735208 0.00279467
frame_377
id: 867
stamp: 1784010362.223589182
T_odom_lidar: 
  0.953011    0.15941   0.257602   -1.02575
 -0.150263   0.987118 -0.0549453  -0.022944
 -0.263043  0.0136552   0.964688  -0.228231
         0          0          0          1
T_world_lidar: 
  0.951556   0.161186   0.261842     -1.026
 -0.158416    0.98686 -0.0318011 -0.0241595
 -0.263527 -0.0112193   0.964587  -0.191411
         0          0          0          1
v_world_imu:   0.860465 -0.0368388 0.00248914
frame_378
id: 868
stamp: 1784010362.323681116
T_odom_lidar: 
   0.95762   0.125207   0.259397  -0.939191
 -0.117498    0.99205 -0.0450775 -0.0253542
 -0.262979  0.0126885   0.964718  -0.229561
         0          0          0          1
T_world_lidar: 
  0.956068   0.127155   0.264133  -0.939262
 -0.125899   0.991805 -0.0217479 -0.0269271
 -0.264733 -0.0124616   0.964241  -0.193101
         0          0          0          1
v_world_imu:   0.853426 -0.0138792 -0.0166963
frame_379
id: 869
stamp: 1784010362.423611164
T_odom_lidar: 
  0.961038  0.0909127   0.261038  -0.853573
-0.0847939   0.995796 -0.0346325 -0.0249115
 -0.263089  0.0111487   0.964707  -0.230797
         0          0          0          1
T_world_lidar: 
  0.959613  0.0926794   0.265619  -0.853402
 -0.093029   0.995599 -0.0112934 -0.0266685
 -0.265497  -0.013873   0.964012  -0.194828
         0          0          0          1
v_world_imu:   0.851188  0.0178434 -0.0311444
frame_380
id: 870
stamp: 1784010362.523778200
T_odom_lidar: 
  0.963032  0.0569432   0.263301  -0.768293
-0.0518675    0.99831  -0.026194  -0.021936
 -0.264348  0.0115689   0.964358  -0.231907
         0          0          0          1
T_world_lidar: 
   0.961876   0.0577643    0.267315   -0.767844
 -0.0593785    0.998233 -0.00204811  -0.0235671
  -0.266961  -0.0139027    0.963607   -0.196299
          0           0           0           1
v_world_imu:    0.836277   0.0450767 -0.00886795
frame_381
id: 871
stamp: 1784010362.623691082
T_odom_lidar: 
  0.964501  0.0218384   0.263174  -0.684796
-0.0183848    0.99971 -0.0155788 -0.0158668
 -0.263438  0.0101874   0.964623  -0.232728
         0          0          0          1
T_world_lidar: 
  0.963238  0.0228468   0.267678  -0.684118
-0.0258934   0.999634 0.00785647 -0.0174193
   -0.2674 -0.0144987   0.963476  -0.197751
         0          0          0          1
v_world_imu:    0.824045   0.0761918 -0.00550053
frame_382
id: 872
stamp: 1784010362.723596096
T_odom_lidar: 
   0.964337  -0.0114619    0.264429   -0.602367
  0.0139643    0.999874 -0.00758581  -0.0070296
  -0.264308   0.0110078    0.964375   -0.233414
          0           0           0           1
T_world_lidar: 
   0.963202   -0.010168    0.268585   -0.601434
  0.0062118    0.999859   0.0155753 -0.00833549
  -0.268706  -0.0133338     0.96313    -0.19911
          0           0           0           1
v_world_imu:    0.811463     0.10366 -0.00359891
frame_383
id: 873
stamp: 1784010362.823748112
T_odom_lidar: 
  0.964152 -0.0427946   0.261878  -0.521456
 0.0438876   0.999035 0.00167621  0.0043464
 -0.261697 0.00987708     0.9651  -0.233477
         0          0          0          1
T_world_lidar: 
  0.963153 -0.0417275   0.265697  -0.520249
 0.0365273   0.999033  0.0244858 0.00341434
 -0.266461 -0.0138784   0.963746  -0.199991
         0          0          0          1
v_world_imu:   0.801778   0.118414 -0.0276491
frame_384
id: 874
stamp: 1784010362.923715115
T_odom_lidar: 
  0.963172  -0.064791   0.260963  -0.441289
 0.0649863   0.997855 0.00788982  0.0153595
 -0.260914 0.00935978   0.965317  -0.233517
         0          0          0          1
T_world_lidar: 
  0.962078  -0.063827   0.265201  -0.439837
 0.0579565   0.997871   0.029911  0.0147512
 -0.266545 -0.0134066   0.963729  -0.201067
         0          0          0          1
v_world_imu:  0.796618  0.099863 -0.013443
frame_385
id: 875
stamp: 1784010363.023362160
T_odom_lidar: 
  0.962479 -0.0763741   0.260388  -0.362024
 0.0758354   0.997047  0.0121303   0.024371
 -0.260545 0.00807139   0.965428  -0.233975
         0          0          0          1
T_world_lidar: 
  0.961227 -0.0750023   0.265361   -0.36022
 0.0687376   0.997094  0.0328303  0.0241822
 -0.267052 -0.0133171    0.96359   -0.20225
         0          0          0          1
v_world_imu:    0.792414    0.101239 -0.00544526
frame_386
id: 876
stamp: 1784010363.123430967
T_odom_lidar: 
  0.961677 -0.0853774   0.260553  -0.282835
 0.0845594   0.996315  0.0143693  0.0339592
  -0.26082 0.00821354   0.965353  -0.233902
         0          0          0          1
T_world_lidar: 
  0.960275 -0.0848064   0.265857  -0.280614
 0.0786544   0.996331  0.0337228  0.0343115
 -0.267742 -0.0114723   0.963422  -0.203063
         0          0          0          1
v_world_imu:   0.788135   0.105607 0.00596269
frame_387
id: 877
stamp: 1784010363.223623991
T_odom_lidar: 
  0.961172  -0.093691    0.25956  -0.204562
 0.0926165   0.995567  0.0163942  0.0437995
 -0.259945 0.00828187   0.965588  -0.233951
         0          0          0          1
T_world_lidar: 
   0.959492  -0.0937292    0.265686   -0.201804
  0.0879369    0.995558   0.0336414    0.044891
  -0.267659 -0.00891501    0.963472   -0.203849
          0           0           0           1
v_world_imu:   0.784233    0.10987 -0.0216551
frame_388
id: 878
stamp: 1784010363.323457003
T_odom_lidar: 
  0.959869  -0.102434   0.261072  -0.126781
  0.100674   0.994716   0.020144  0.0544825
 -0.261756 0.00694746   0.965109  -0.234323
         0          0          0          1
T_world_lidar: 
  0.958203  -0.103172   0.266837  -0.123603
 0.0977127   0.994644  0.0336952   0.056231
 -0.268885 -0.0062134   0.963152  -0.204907
         0          0          0          1
v_world_imu:   0.780032   0.115227 -0.0120179
frame_389
id: 879
stamp: 1784010363.423479080
T_odom_lidar: 
  0.959036  -0.112297   0.260074 -0.0489482
  0.109922   0.993657  0.0237084   0.066177
 -0.261087 0.00585061   0.965298  -0.234496
         0          0          0          1
T_world_lidar: 
   0.956797   -0.112314    0.268187  -0.0454545
   0.107078    0.993665   0.0341203   0.0680411
   -0.27032 -0.00392931    0.962762   -0.205946
          0           0           0           1
v_world_imu:    0.781603    0.124362 0.000586496
frame_390
id: 880
stamp: 1784010363.523320198
T_odom_lidar: 
  0.958335  -0.120484   0.258992  0.0287002
  0.117681   0.992702  0.0263601  0.0786739
 -0.260277 0.00521662    0.96552  -0.234354
         0          0          0          1
T_world_lidar: 
   0.956334   -0.120574    0.266247   0.0324988
    0.11398    0.992672   0.0401409   0.0805716
  -0.269136 -0.00804126    0.963069   -0.206286
          0           0           0           1
v_world_imu:     0.7797   0.125694 0.00945859
frame_391
id: 881
stamp: 1784010363.623578072
T_odom_lidar: 
  0.957855   -0.12813   0.257094   0.106158
  0.125348   0.991739  0.0272523  0.0916264
 -0.258462 0.00612237   0.966002  -0.234183
         0          0          0          1
T_world_lidar: 
   0.955988   -0.128618    0.263713    0.110311
   0.121424    0.991648   0.0434703   0.0932853
  -0.267101 -0.00953597    0.963621    -0.20642
          0           0           0           1
v_world_imu:     0.77528    0.129636 -0.00913797
frame_392
id: 882
stamp: 1784010363.723417997
T_odom_lidar: 
  0.958185  -0.129718   0.255057   0.183727
  0.126201   0.991546  0.0301774   0.103392
 -0.256815 0.00327297   0.966455  -0.233473
         0          0          0          1
T_world_lidar: 
  0.956524  -0.129256   0.261447   0.188111
  0.120894    0.99151  0.0478913   0.104638
 -0.265418 -0.0142019   0.964029  -0.206376
         0          0          0          1
v_world_imu:    0.794164   0.0623422 -0.00713051
frame_393
id: 883
stamp: 1784010363.823626995
T_odom_lidar: 
  0.962189 -0.0968208   0.254593   0.262839
 0.0939816   0.995301  0.0233225   0.104113
 -0.255654 0.00148634   0.966767  -0.233238
         0          0          0          1
T_world_lidar: 
  0.960277 -0.0960241   0.262005    0.26741
  0.088041   0.995228  0.0420682   0.104905
 -0.264794 -0.0173299   0.964149  -0.207026
         0          0          0          1
v_world_imu:    0.806771  -0.0427778 -0.00500105
frame_394
id: 884
stamp: 1784010363.923711061
T_odom_lidar: 
  0.965601 -0.0437254   0.256324   0.342404
 0.0427198   0.999042 0.00949303  0.0953669
 -0.256493 0.00178361   0.966544   -0.23321
         0          0          0          1
T_world_lidar: 
  0.963414 -0.0428056   0.264577   0.347176
 0.0365593   0.998925    0.02849  0.0959167
 -0.265512 -0.0177749   0.963944  -0.207648
         0          0          0          1
v_world_imu:   0.806297  -0.124618 0.00284813
frame_395
id: 885
stamp: 1784010364.023569107
T_odom_lidar: 
   0.966413   0.0118749     0.25672    0.420867
 -0.0107578    0.999926 -0.00575538   0.0811771
  -0.256769  0.00280033    0.966469   -0.233398
          0           0           0           1
T_world_lidar: 
  0.963977  0.0121517   0.265708   0.425843
-0.0162763   0.999779  0.0133264  0.0816617
 -0.265487 -0.0171711   0.963962  -0.208296
         0          0          0          1
v_world_imu:    0.801687   -0.128847 -0.00935952
frame_396
id: 886
stamp: 1784010364.123713017
T_odom_lidar: 
  0.966145  0.0262431   0.256661    0.50034
-0.0240623   0.999643 -0.0116344  0.0749508
 -0.256875 0.00506463   0.966431  -0.232939
         0          0          0          1
T_world_lidar: 
  0.963579  0.0264234   0.266117   0.505297
-0.0295316   0.999534  0.0076843  0.0754362
  -0.26579 -0.0152633    0.96391  -0.208467
         0          0          0          1
v_world_imu:   0.796842 -0.0309758 0.00494464
frame_397
id: 887
stamp: 1784010364.223745108
T_odom_lidar: 
   0.966433    0.025254    0.255676    0.579709
 -0.0238233    0.999678 -0.00869171   0.0733159
  -0.255813  0.00230892    0.966724   -0.232461
          0           0           0           1
T_world_lidar: 
  0.963951  0.0251574   0.264887    0.58495
-0.0290016   0.999523  0.0106113  0.0738196
 -0.264494  -0.017911   0.964221  -0.208515
         0          0          0          1
v_world_imu:    0.804645   -0.020166 -0.00172663
frame_398
id: 888
stamp: 1784010364.323414087
T_odom_lidar: 
  0.966326  0.0256074   0.256042   0.659769
-0.0233706   0.999658 -0.0117757  0.0712193
 -0.256256 0.00539533   0.966594  -0.232242
         0          0          0          1
T_world_lidar: 
  0.963684   0.025221   0.265852   0.665223
-0.0282492   0.999572 0.00757213  0.0717755
 -0.265548 -0.0148073   0.963984  -0.209007
         0          0          0          1
v_world_imu:  0.804172 -0.020062 0.0016383
frame_399
id: 889
stamp: 1784010364.423580170
T_odom_lidar: 
  0.966905  0.0256715   0.253844   0.739658
-0.0234349   0.999655 -0.0118314  0.0694475
  -0.25406 0.00549099   0.967173  -0.231406
         0          0          0          1
T_world_lidar: 
  0.964246  0.0256884    0.26376   0.745538
-0.0286384   0.999563 0.00734493  0.0701436
 -0.263456  -0.014636    0.96456  -0.209012
         0          0          0          1
v_world_imu:    0.797898   -0.019112 -0.00210206
frame_400
id: 890
stamp: 1784010364.523615122
T_odom_lidar: 
  0.966688  0.0248922   0.254743   0.819602
-0.0223597   0.999668 -0.0128327  0.0675007
 -0.254978 0.00670923   0.966924  -0.230229
         0          0          0          1
T_world_lidar: 
  0.964283  0.0243758   0.263751   0.825836
 -0.026808   0.999625  0.0056258  0.0684705
 -0.263515 -0.0124955   0.964574  -0.208688
         0          0          0          1
v_world_imu:   0.801199 -0.0194906 0.00364128
frame_401
id: 891
stamp: 1784010364.623599052
T_odom_lidar: 
  0.966562  0.0231477   0.255387   0.899472
-0.0215986   0.999727 -0.0088688  0.0662164
 -0.255523 0.00305624   0.966798  -0.229449
         0          0          0          1
T_world_lidar: 
   0.96426  0.0227712   0.263977   0.906213
-0.0260762   0.999619 0.00902235  0.0675596
 -0.263671 -0.0155834   0.964487  -0.208697
         0          0          0          1
v_world_imu:   0.808477 -0.0096236 -0.0165483
frame_402
id: 892
stamp: 1784010364.723659992
T_odom_lidar: 
   0.966589   0.0201182    0.255542    0.979531
  -0.018709    0.999793 -0.00794412   0.0649078
  -0.255649  0.00289776    0.966765   -0.228836
          0           0           0           1
T_world_lidar: 
  0.964347  0.0196968   0.263908   0.986952
-0.0224968   0.999718 0.00759181  0.0667042
 -0.263684 -0.0132582   0.964518  -0.208862
         0          0          0          1
v_world_imu:    0.807268 -0.00480832  0.00492493
frame_403
id: 893
stamp: 1784010364.823391199
T_odom_lidar: 
 0.966736 0.0155868  0.255299   1.06026
-0.014352  0.999875 -0.006699 0.0644051
-0.255372 0.0028121  0.966839 -0.228014
        0         0         0         1
T_world_lidar: 
  0.964144  0.0160524   0.264894     1.0675
-0.0186569   0.999799 0.00731888  0.0664982
 -0.264724 -0.0119986    0.96425  -0.209145
         0          0          0          1
v_world_imu:   0.808836 0.00245763 0.00403082
frame_404
id: 894
stamp: 1784010364.923465967
T_odom_lidar: 
    0.96699   0.0107976    0.254584     1.14057
-0.00968725    0.999937 -0.00561484   0.0644435
  -0.254629  0.00296328    0.967034   -0.227442
          0           0           0           1
T_world_lidar: 
   0.964486   0.0107196    0.263917     1.14881
 -0.0127816      0.9999  0.00609709   0.0667176
  -0.263825 -0.00925383    0.964526   -0.209398
          0           0           0           1
v_world_imu:     0.812993   0.00111753 -0.000984591
frame_405
id: 895
stamp: 1784010365.023604155
T_odom_lidar: 
   0.966843   0.0070503    0.255276      1.2219
-0.00648593    0.999974 -0.00305257   0.0652358
  -0.255291  0.00129565    0.966863    -0.22777
          0           0           0           1
T_world_lidar: 
   0.964232  0.00701786    0.264965     1.23083
-0.00877063    0.999947  0.00543254   0.0675418
  -0.264913 -0.00756214    0.964243   -0.210637
          0           0           0           1
v_world_imu:   0.821261  0.0113078 -0.0222737
frame_406
id: 896
stamp: 1784010365.123241186
T_odom_lidar: 
   0.967404  0.00329374    0.253217       1.304
-0.00288792    0.999994 -0.00197433   0.0661822
  -0.253222   0.0011787    0.967408   -0.226625
          0           0           0           1
T_world_lidar: 
   0.963851  0.00340171    0.266422     1.31303
-0.00585104    0.999948   0.0084002   0.0686019
  -0.266379 -0.00965538     0.96382   -0.210394
          0           0           0           1
v_world_imu:   0.819828  0.0113263 0.00364643
frame_407
id: 897
stamp: 1784010365.223555088
T_odom_lidar: 
     0.96717   0.00111925     0.254127      1.38757
-0.000463126     0.999996   -0.0026417    0.0672973
   -0.254129   0.00243728     0.967167    -0.225761
           0            0            0            1
T_world_lidar: 
   0.963352 0.000896011    0.268239     1.39658
-0.00394937    0.999933   0.0108436   0.0697585
  -0.268211  -0.0115056    0.963291   -0.210398
          0           0           0           1
v_world_imu:   0.832765  0.0185574 0.00709792
frame_408
id: 898
stamp: 1784010365.323578119
T_odom_lidar: 
   0.967679 -0.00222573    0.252174     1.47248
 0.00274184    0.999995 -0.00169528   0.0688084
  -0.252169  0.00233191     0.96768   -0.224044
          0           0           0           1
T_world_lidar: 
    0.963741  -0.00252786     0.266827       1.4808
-0.000979322     0.999915    0.0130102    0.0710822
   -0.266837   -0.0127997     0.963657    -0.209939
           0            0            0            1
v_world_imu:    0.852077   0.0145462 -0.00253178
frame_409
id: 899
stamp: 1784010365.423619032
T_odom_lidar: 
    0.96796 -0.00489415    0.251058     1.55903
 0.00532704    0.999985  -0.0010447   0.0706941
  -0.251049  0.00234862    0.967972   -0.223713
          0           0           0           1
T_world_lidar: 
   0.963488 -0.00489814    0.267707     1.56718
0.000940805    0.999888   0.0149086   0.0728761
  -0.267751  -0.0141124    0.963385   -0.210736
          0           0           0           1
v_world_imu:    0.871442    0.019504 -0.00671601
frame_410
id: 900
stamp: 1784010365.523360014
T_odom_lidar: 
   0.967911 -0.00699847    0.251195     1.64739
 0.00783469    0.999967 -0.00232906   0.0725651
   -0.25117  0.00422235    0.967934    -0.22243
          0           0           0           1
T_world_lidar: 
   0.964196 -0.00759585    0.265081     1.65507
 0.00373747     0.99988   0.0150568   0.0748091
  -0.265164   -0.013527    0.964109   -0.210239
          0           0           0           1
v_world_imu:   0.892526  0.0220662 0.00821891
frame_411
id: 901
stamp: 1784010365.623504162
T_odom_lidar: 
   0.967718  -0.0104661    0.251818     1.73816
  0.0112558    0.999935 -0.00169576   0.0748418
  -0.251784  0.00447544    0.967773   -0.221332
          0           0           0           1
T_world_lidar: 
  0.964022 -0.0108414   0.265602    1.74525
0.00714708   0.999864  0.0148718  0.0770346
 -0.265727 -0.0124384   0.963968   -0.21028
         0          0          0          1
v_world_imu:    0.900356   0.0311171 -0.00474864
frame_412
id: 902
stamp: 1784010365.723467112
T_odom_lidar: 
   0.968008  -0.0146894    0.250489     1.82987
  0.0151731    0.999885 8.21492e-08   0.0774127
   -0.25046  0.00380061     0.96812   -0.220203
          0           0           0           1
T_world_lidar: 
  0.964736 -0.0152059   0.262778    1.83638
 0.0112575     0.9998   0.016525   0.079737
 -0.262977 -0.0129841   0.964715  -0.210241
         0          0          0          1
v_world_imu:   0.921589  0.0313158 -0.0181706
frame_413
id: 903
stamp: 1784010365.823645115
T_odom_lidar: 
   0.967627  -0.0185229    0.251705     1.92396
  0.0190278    0.999819 0.000428196   0.0803119
  -0.251667  0.00437505    0.967804   -0.218893
          0           0           0           1
T_world_lidar: 
  0.964468 -0.0187994   0.263531    1.92903
 0.0152294   0.999763  0.0155834  0.0828537
 -0.263762 -0.0110162   0.964525  -0.210678
         0          0          0          1
v_world_imu:  0.935867 0.0319324 0.0182151
frame_414
id: 904
stamp: 1784010365.923197031
T_odom_lidar: 
   0.96751 -0.0210887    0.25195    2.01732
 0.0214291   0.999769  0.0013929   0.083414
 -0.251921 0.00405142   0.967739  -0.217418
         0          0          0          1
T_world_lidar: 
   0.964734  -0.0226282    0.262253     2.02153
  0.0192469    0.999695   0.0154552   0.0862146
  -0.262523 -0.00986256    0.964875   -0.210362
          0           0           0           1
v_world_imu:   0.928233  0.0336491 -0.0147329
frame_415
id: 905
stamp: 1784010366.023292065
T_odom_lidar: 
  0.966572 -0.0264047   0.255033    2.11152
   0.02671   0.999641 0.00226677  0.0872448
 -0.255001 0.00462091    0.96693  -0.216823
         0          0          0          1
T_world_lidar: 
   0.964506  -0.0276812    0.262606     2.11513
  0.0246329    0.999586   0.0148939    0.090086
   -0.26291 -0.00789648    0.964788   -0.210712
          0           0           0           1
v_world_imu:    0.942554    0.035401 -0.00345535
frame_416
id: 906
stamp: 1784010366.123208046
T_odom_lidar: 
  0.965936 -0.0315971   0.256845    2.20375
 0.0311883   0.999497 0.00566605  0.0912688
 -0.256895 0.00253751   0.966436  -0.216323
         0          0          0          1
T_world_lidar: 
   0.964049  -0.0325727     0.26372     2.20851
  0.0296437    0.999447   0.0150793   0.0939496
  -0.264065 -0.00671957    0.964481   -0.211149
          0           0           0           1
v_world_imu:   0.927457  0.0419231 0.00346433
frame_417
id: 907
stamp: 1784010366.223386049
T_odom_lidar: 
  0.966057 -0.0348878   0.255962    2.29619
 0.0344015   0.999388 0.00637857  0.0954617
 -0.256028  0.0026434   0.966666  -0.215847
         0          0          0          1
T_world_lidar: 
   0.964042   -0.036154    0.263277     2.30173
  0.0339496     0.99934   0.0129189   0.0975948
  -0.263571 -0.00351615    0.964634   -0.212262
          0           0           0           1
v_world_imu:   0.929784  0.0387583 -0.0068187
