1784010324.525763035 4.588665 3.788079 -0.174924 -0.124626 0.039352 0.942096 0.308829
1784010324.525964975 4.588536 3.788176 -0.174924 -0.124624 0.039353 0.942095 0.308833
1784010324.530107021 4.585900 3.790172 -0.174925 -0.124730 0.039347 0.942061 0.308895
1784010324.536092043 4.582098 3.793049 -0.174913 -0.124846 0.039450 0.942012 0.308983
1784010324.540329933 4.579426 3.795076 -0.174902 -0.124741 0.039460 0.942001 0.309056
1784010324.546020985 4.575828 3.797787 -0.174882 -0.124429 0.039243 0.942009 0.309188
1784010324.550467968 4.573010 3.799907 -0.174864 -0.124343 0.039057 0.941994 0.309290
1784010324.555824041 4.569625 3.802460 -0.174837 -0.124359 0.038989 0.941956 0.309408
1784010324.560307980 4.566814 3.804593 -0.174818 -0.124214 0.039043 0.941944 0.309497
1784010324.565727949 4.563420 3.807163 -0.174806 -0.123901 0.038993 0.941946 0.309622
1784010324.570349932 4.560525 3.809351 -0.174810 -0.123780 0.038877 0.941930 0.309733
1784010324.576092958 4.556930 3.812072 -0.174824 -0.123844 0.038834 0.941880 0.309865
1784010324.580451965 4.554218 3.814141 -0.174839 -0.123955 0.038906 0.941832 0.309957
1784010324.586080074 4.550724 3.816809 -0.174857 -0.124036 0.038946 0.941782 0.310071
1784010324.590142965 4.548214 3.818729 -0.174870 -0.124046 0.038896 0.941755 0.310156
1784010324.596101999 4.544541 3.821536 -0.174880 -0.124042 0.038801 0.941714 0.310296
1784010324.600450039 4.541877 3.823587 -0.174875 -0.124107 0.038844 0.941674 0.310384
1784010324.605932951 4.538527 3.826171 -0.174847 -0.124164 0.038980 0.941630 0.310479
1784010324.610279083 4.535890 3.828212 -0.174821 -0.124051 0.038975 0.941615 0.310571
1784010324.616089106 4.532374 3.830927 -0.174787 -0.123791 0.038781 0.941606 0.310725
1784010324.620393991 4.529782 3.832939 -0.174759 -0.123716 0.038700 0.941582 0.310836
1784010324.625653028 4.526625 3.835398 -0.174720 -0.123705 0.038735 0.941545 0.310949
1784010324.625653028 4.526625 3.835398 -0.174720 -0.123705 0.038735 0.941545 0.310949
1784010324.626046896 4.526385 3.835581 -0.174715 -0.123708 0.038741 0.941542 0.310957
1784010324.630181074 4.523871 3.837502 -0.174672 -0.123612 0.038729 0.941526 0.311044
1784010324.636089087 4.520285 3.840232 -0.174613 -0.123420 0.038583 0.941511 0.311184
1784010324.640454054 4.517645 3.842246 -0.174565 -0.123461 0.038547 0.941478 0.311273
1784010324.646045923 4.514271 3.844820 -0.174485 -0.123639 0.038645 0.941422 0.311359
1784010324.650106907 4.511839 3.846682 -0.174423 -0.123630 0.038666 0.941400 0.311427
1784010324.656101942 4.508254 3.849410 -0.174328 -0.123496 0.038535 0.941385 0.311541
1784010324.660101891 4.505873 3.851227 -0.174265 -0.123512 0.038463 0.941360 0.311619
1784010324.665899992 4.502428 3.853857 -0.174176 -0.123583 0.038522 0.941318 0.311711
1784010324.670368910 4.499791 3.855878 -0.174126 -0.123549 0.038533 0.941297 0.311786
1784010324.676048040 4.496446 3.858429 -0.174091 -0.123455 0.038415 0.941283 0.311879
1784010324.680469036 4.493852 3.860407 -0.174089 -0.123496 0.038284 0.941255 0.311964
1784010324.686064959 4.490573 3.862909 -0.174110 -0.123672 0.038184 0.941203 0.312063
1784010324.690397978 4.488049 3.864847 -0.174142 -0.123795 0.038195 0.941166 0.312126
1784010324.695817947 4.484897 3.867266 -0.174196 -0.123935 0.038209 0.941125 0.312193
1784010324.700259924 4.482325 3.869244 -0.174251 -0.124062 0.038171 0.941089 0.312256
1784010324.706059933 4.478979 3.871822 -0.174319 -0.124245 0.038191 0.941040 0.312327
1784010324.710086107 4.476676 3.873614 -0.174357 -0.124365 0.038341 0.941008 0.312356
1784010324.716064930 4.473266 3.876265 -0.174390 -0.124483 0.038608 0.940978 0.312369
1784010324.720639944 4.470675 3.878286 -0.174400 -0.124517 0.038673 0.940963 0.312390
1784010324.725924015 4.467699 3.880612 -0.174385 -0.124508 0.038721 0.940958 0.312406
1784010324.725924015 4.467699 3.880612 -0.174385 -0.124508 0.038721 0.940958 0.312406
1784010324.726058960 4.467622 3.880671 -0.174383 -0.124507 0.038721 0.940958 0.312406
1784010324.730671883 4.464994 3.882688 -0.174326 -0.124500 0.038840 0.940954 0.312406
1784010324.736061096 4.461942 3.885043 -0.174241 -0.124447 0.039025 0.940951 0.312411
1784010324.740411997 4.459494 3.886941 -0.174173 -0.124347 0.039107 0.940954 0.312431
1784010324.745917082 4.456403 3.889333 -0.174099 -0.124227 0.039123 0.940957 0.312468
1784010324.750052929 4.454091 3.891132 -0.174055 -0.124227 0.039144 0.940944 0.312505
1784010324.755909920 4.450824 3.893675 -0.174018 -0.124248 0.039183 0.940914 0.312583
1784010324.760555983 4.448247 3.895690 -0.174014 -0.124192 0.039161 0.940894 0.312669
1784010324.765762091 4.445369 3.897939 -0.174026 -0.124082 0.039046 0.940872 0.312791
1784010324.770375967 4.442826 3.899926 -0.174046 -0.124031 0.038932 0.940843 0.312913
1784010324.775909901 4.439779 3.902296 -0.174069 -0.124021 0.038794 0.940802 0.313058
1784010324.780272007 4.437385 3.904159 -0.174082 -0.124014 0.038716 0.940768 0.313172
1784010324.786113024 4.434181 3.906641 -0.174087 -0.124010 0.038635 0.940731 0.313295
1784010324.790446997 4.431814 3.908476 -0.174080 -0.124017 0.038603 0.940705 0.313374
1784010324.796070099 4.428745 3.910842 -0.174061 -0.124025 0.038530 0.940674 0.313473
1784010324.800410032 4.426386 3.912661 -0.174043 -0.124058 0.038405 0.940651 0.313545
1784010324.806046963 4.423330 3.915016 -0.174015 -0.124077 0.038289 0.940626 0.313627
1784010324.810298920 4.421040 3.916792 -0.173991 -0.124051 0.038263 0.940613 0.313680
1784010324.816068888 4.417941 3.919193 -0.173953 -0.124005 0.038226 0.940604 0.313728
1784010324.820185900 4.415745 3.920903 -0.173926 -0.123935 0.038192 0.940605 0.313758
1784010324.825905085 4.412702 3.923270 -0.173888 -0.123813 0.038136 0.940613 0.313789
1784010324.825905085 4.412702 3.923270 -0.173888 -0.123813 0.038136 0.940613 0.313789
1784010324.825985909 4.412658 3.923303 -0.173887 -0.123810 0.038135 0.940613 0.313789
1784010324.830646038 4.410144 3.925222 -0.173849 -0.123706 0.038144 0.940625 0.313792
1784010324.836051941 4.407241 3.927453 -0.173805 -0.123606 0.038252 0.940637 0.313783
1784010324.840409040 4.404912 3.929253 -0.173775 -0.123553 0.038334 0.940639 0.313788
1784010324.846029043 4.401912 3.931566 -0.173748 -0.123491 0.038354 0.940641 0.313805
1784010324.850955009 4.399290 3.933591 -0.173734 -0.123450 0.038339 0.940637 0.313835
1784010324.856007099 4.396606 3.935670 -0.173725 -0.123470 0.038340 0.940620 0.313878
1784010324.860387087 4.394289 3.937475 -0.173715 -0.123497 0.038393 0.940597 0.313929
1784010324.865900040 4.391374 3.939743 -0.173695 -0.123460 0.038415 0.940576 0.314004
1784010324.870419979 4.388984 3.941600 -0.173669 -0.123419 0.038303 0.940555 0.314096
1784010324.876086950 4.385976 3.943928 -0.173619 -0.123448 0.038087 0.940519 0.314220
1784010324.880078077 4.383865 3.945570 -0.173569 -0.123476 0.038000 0.940487 0.314316
1784010324.886004925 4.380735 3.947998 -0.173487 -0.123325 0.037856 0.940465 0.314458
1784010324.890490055 4.378367 3.949833 -0.173423 -0.123143 0.037683 0.940457 0.314572
1784010324.896187067 4.375347 3.952166 -0.173341 -0.123076 0.037532 0.940433 0.314688
1784010324.900221109 4.373211 3.953822 -0.173288 -0.123120 0.037534 0.940407 0.314750
1784010324.906069994 4.370115 3.956221 -0.173232 -0.123082 0.037568 0.940388 0.314818
1784010324.910202980 4.367934 3.957920 -0.173205 -0.122999 0.037593 0.940383 0.314861
1784010324.916068077 4.364824 3.960343 -0.173178 -0.122899 0.037687 0.940385 0.314883
1784010324.920142889 4.362661 3.962036 -0.173166 -0.122908 0.037792 0.940378 0.314889
1784010324.925640106 4.359745 3.964314 -0.173165 -0.122975 0.037845 0.940364 0.314897
1784010324.925640106 4.359745 3.964314 -0.173165 -0.122975 0.037845 0.940364 0.314897
1784010324.926037073 4.359532 3.964477 -0.173164 -0.122981 0.037851 0.940362 0.314900
1784010324.930155039 4.357323 3.966171 -0.173159 -0.122996 0.037857 0.940346 0.314941
1784010324.936045885 4.354177 3.968594 -0.173147 -0.122759 0.037898 0.940352 0.315011
1784010324.940445900 4.351828 3.970418 -0.173129 -0.122586 0.037971 0.940355 0.315059
1784010324.945874929 4.348913 3.972683 -0.173094 -0.122647 0.038142 0.940328 0.315097
1784010324.950648069 4.346362 3.974668 -0.173067 -0.122755 0.038258 0.940297 0.315134
1784010324.955662966 4.343703 3.976738 -0.173057 -0.122573 0.038171 0.940296 0.315217
1784010324.960413933 4.341180 3.978713 -0.173053 -0.122302 0.038073 0.940301 0.315319
1784010324.965982914 4.338193 3.981064 -0.173033 -0.122463 0.038260 0.940250 0.315388
1784010324.970417976 4.335816 3.982938 -0.173019 -0.122808 0.038516 0.940180 0.315431
1784010324.975897074 4.332905 3.985220 -0.173035 -0.122922 0.038523 0.940133 0.315526
1784010324.980051041 4.330714 3.986940 -0.173065 -0.122852 0.038451 0.940117 0.315609
1784010324.985878944 4.327622 3.989370 -0.173084 -0.123006 0.038563 0.940061 0.315701
1784010324.990081072 4.325389 3.991138 -0.173078 -0.123215 0.038761 0.940011 0.315746
1784010324.996033907 4.322222 3.993631 -0.173058 -0.123286 0.039042 0.939971 0.315801
1784010325.000368118 4.319930 3.995419 -0.173055 -0.123273 0.038911 0.939953 0.315878
1784010325.006040096 4.316948 3.997743 -0.173057 -0.123089 0.038639 0.939952 0.315984
1784010325.010200024 4.314768 3.999460 -0.173054 -0.122841 0.038603 0.939957 0.316071
1784010325.016011953 4.311685 4.001881 -0.173028 -0.122946 0.038638 0.939912 0.316159
1784010325.020186901 4.309469 4.003621 -0.173002 -0.123121 0.038744 0.939871 0.316200
1784010325.025767088 4.306527 4.005910 -0.172991 -0.122990 0.038552 0.939858 0.316312
1784010325.025767088 4.306527 4.005910 -0.172991 -0.122990 0.038552 0.939858 0.316312
1784010325.026062012 4.306370 4.006029 -0.172991 -0.122984 0.038542 0.939858 0.316318
1784010325.030411959 4.304052 4.007802 -0.172978 -0.122623 0.038255 0.939876 0.316437
1784010325.036067963 4.301015 4.010145 -0.172931 -0.122469 0.038326 0.939863 0.316529
1784010325.040361881 4.298695 4.011948 -0.172874 -0.122777 0.038609 0.939804 0.316551
1784010325.045846939 4.295746 4.014227 -0.172813 -0.122957 0.038722 0.939753 0.316617
1784010325.050391912 4.293323 4.016091 -0.172782 -0.122661 0.038461 0.939766 0.316726
1784010325.055999994 4.290304 4.018426 -0.172738 -0.122461 0.038178 0.939762 0.316850
1784010325.060316086 4.287958 4.020267 -0.172687 -0.122746 0.038357 0.939705 0.316885
1784010325.065721989 4.285033 4.022572 -0.172622 -0.123153 0.038815 0.939626 0.316905
1784010325.070439100 4.282513 4.024550 -0.172601 -0.123009 0.038717 0.939616 0.317005
1784010325.076073885 4.279489 4.026914 -0.172595 -0.122633 0.038337 0.939631 0.317153
1784010325.080322981 4.277191 4.028730 -0.172579 -0.122803 0.038371 0.939579 0.317235
1784010325.085980892 4.274135 4.031168 -0.172543 -0.123251 0.038841 0.939487 0.317277
1784010325.090172052 4.271895 4.032966 -0.172523 -0.123184 0.039065 0.939468 0.317332
1784010325.095983028 4.268787 4.035437 -0.172503 -0.122940 0.038863 0.939463 0.317466
1784010325.100435019 4.266406 4.037331 -0.172481 -0.122857 0.038710 0.939442 0.317580
1784010325.106158972 4.263343 4.039785 -0.172440 -0.122820 0.038769 0.939410 0.317680
1784010325.110197067 4.261189 4.041525 -0.172405 -0.122822 0.038949 0.939379 0.317749
1784010325.116051912 4.258074 4.044032 -0.172348 -0.122992 0.039142 0.939317 0.317844
1784010325.120362997 4.255800 4.045856 -0.172314 -0.122906 0.039044 0.939297 0.317949
1784010325.125617027 4.253036 4.048072 -0.172269 -0.122582 0.038833 0.939304 0.318078
1784010325.125617027 4.253036 4.048072 -0.172269 -0.122582 0.038833 0.939304 0.318078
1784010325.125951052 4.252857 4.048212 -0.172265 -0.122559 0.038818 0.939305 0.318085
1784010325.130139112 4.250611 4.049986 -0.172207 -0.122512 0.038862 0.939286 0.318156
1784010325.136045933 4.247430 4.052491 -0.172099 -0.122898 0.039143 0.939207 0.318205
1784010325.140356064 4.245125 4.054300 -0.172030 -0.122893 0.039079 0.939183 0.318284
1784010325.145905972 4.242168 4.056603 -0.171965 -0.122401 0.038666 0.939216 0.318428
1784010325.150271893 4.239834 4.058425 -0.171915 -0.122296 0.038512 0.939206 0.318515
1784010325.156152010 4.236670 4.060905 -0.171842 -0.122693 0.038689 0.939128 0.318574
1784010325.160058022 4.234579 4.062554 -0.171809 -0.122748 0.038800 0.939102 0.318614
1784010325.166007042 4.231396 4.065034 -0.171810 -0.122433 0.038516 0.939116 0.318728
1784010325.170219898 4.229140 4.066787 -0.171834 -0.122419 0.038273 0.939098 0.318815
1784010325.176008940 4.226029 4.069214 -0.171874 -0.122748 0.038221 0.939034 0.318884
1784010325.180530071 4.223609 4.071118 -0.171913 -0.122906 0.038271 0.938991 0.318943
1784010325.186017990 4.220671 4.073424 -0.171968 -0.122857 0.038160 0.938975 0.319022
1784010325.190431118 4.218296 4.075286 -0.172010 -0.122869 0.037984 0.938957 0.319093
1784010325.195672989 4.215457 4.077515 -0.172049 -0.123111 0.037980 0.938912 0.319133
1784010325.200419903 4.212904 4.079537 -0.172073 -0.123349 0.038124 0.938868 0.319154
1784010325.206043005 4.209903 4.081925 -0.172087 -0.123252 0.038359 0.938872 0.319151
1784010325.210336924 4.207595 4.083764 -0.172086 -0.123075 0.038314 0.938888 0.319178
1784010325.216213942 4.204388 4.086312 -0.172055 -0.123316 0.038400 0.938859 0.319159
1784010325.220077038 4.202295 4.087986 -0.172017 -0.123601 0.038631 0.938829 0.319109
1784010325.225974083 4.199141 4.090510 -0.171976 -0.123353 0.038831 0.938874 0.319047
1784010325.225974083 4.199141 4.090510 -0.171976 -0.123353 0.038831 0.938874 0.319047
1784010325.225975990 4.199140 4.090510 -0.171976 -0.123353 0.038831 0.938875 0.319047
1784010325.230406046 4.196726 4.092386 -0.171950 -0.122995 0.038693 0.938921 0.319065
1784010325.236018896 4.193624 4.094794 -0.171902 -0.123132 0.038666 0.938894 0.319096
1784010325.240520954 4.191144 4.096740 -0.171860 -0.123433 0.039024 0.938863 0.319026
1784010325.245852947 4.188231 4.099014 -0.171847 -0.123330 0.039172 0.938871 0.319025
1784010325.250252008 4.185830 4.100882 -0.171866 -0.123116 0.038967 0.938888 0.319083
1784010325.256000042 4.182668 4.103343 -0.171896 -0.122947 0.038849 0.938889 0.319158
1784010325.260350943 4.180268 4.105225 -0.171919 -0.123022 0.038895 0.938874 0.319169
1784010325.265925884 4.177200 4.107626 -0.171950 -0.123094 0.039085 0.938836 0.319228
1784010325.270256042 4.174831 4.109472 -0.171978 -0.123150 0.039071 0.938811 0.319283
1784010325.276037931 4.171672 4.111914 -0.172013 -0.123063 0.038766 0.938797 0.319395
1784010325.280148029 4.169436 4.113651 -0.172031 -0.122965 0.038626 0.938791 0.319468
1784010325.286086082 4.166203 4.116162 -0.172017 -0.123102 0.038716 0.938739 0.319556
1784010325.290317059 4.163904 4.117951 -0.171985 -0.123333 0.038893 0.938695 0.319573
1784010325.296075106 4.160781 4.120357 -0.171945 -0.123405 0.038737 0.938670 0.319639
1784010325.300290108 4.158516 4.122108 -0.171926 -0.123220 0.038532 0.938683 0.319699
1784010325.306150913 4.155378 4.124551 -0.171891 -0.123024 0.038584 0.938694 0.319733
1784010325.310301065 4.153166 4.126292 -0.171860 -0.123135 0.038807 0.938674 0.319724
1784010325.316035986 4.150111 4.128678 -0.171822 -0.123091 0.038945 0.938677 0.319715
1784010325.320360899 4.147810 4.130469 -0.171810 -0.122833 0.038786 0.938708 0.319742
1784010325.325977087 4.144821 4.132799 -0.171790 -0.122749 0.038684 0.938716 0.319763
1784010325.325977087 4.144821 4.132799 -0.171790 -0.122749 0.038684 0.938716 0.319763
1784010325.326062918 4.144774 4.132834 -0.171789 -0.122747 0.038681 0.938716 0.319764
1784010325.330210924 4.142558 4.134528 -0.171760 -0.122839 0.038865 0.938697 0.319762
1784010325.336074114 4.139443 4.136908 -0.171738 -0.122803 0.039103 0.938685 0.319782
1784010325.340512991 4.137091 4.138702 -0.171739 -0.122692 0.039058 0.938681 0.319841
1784010325.345805883 4.134288 4.140830 -0.171746 -0.122736 0.039006 0.938659 0.319897
1784010325.350348949 4.131889 4.142657 -0.171748 -0.122910 0.039090 0.938623 0.319926
1784010325.356101990 4.128866 4.144961 -0.171743 -0.123020 0.039275 0.938585 0.319971
1784010325.360342979 4.126650 4.146653 -0.171736 -0.123004 0.039325 0.938569 0.320019
1784010325.366038084 4.123680 4.148900 -0.171716 -0.122959 0.039169 0.938550 0.320112
1784010325.370354891 4.121438 4.150594 -0.171691 -0.122970 0.039024 0.938526 0.320193
1784010325.375799894 4.118618 4.152718 -0.171639 -0.123048 0.038897 0.938484 0.320302
1784010325.380260944 4.116318 4.154457 -0.171580 -0.123115 0.038795 0.938450 0.320389
1784010325.386054993 4.113342 4.156697 -0.171497 -0.122893 0.038546 0.938447 0.320512
1784010325.390201092 4.111228 4.158293 -0.171440 -0.122738 0.038372 0.938446 0.320597
1784010325.396078110 4.108235 4.160544 -0.171362 -0.122856 0.038331 0.938405 0.320676
1784010325.400288105 4.106092 4.162165 -0.171308 -0.122946 0.038306 0.938376 0.320729
1784010325.406034946 4.103177 4.164365 -0.171246 -0.122884 0.038338 0.938374 0.320754
1784010325.410115957 4.101127 4.165921 -0.171217 -0.122844 0.038365 0.938373 0.320769
1784010325.416069984 4.098148 4.168180 -0.171182 -0.122882 0.038506 0.938361 0.320775
1784010325.420331001 4.096024 4.169803 -0.171159 -0.122913 0.038611 0.938352 0.320776
1784010325.425875902 4.093272 4.171904 -0.171132 -0.122827 0.038641 0.938357 0.320790
1784010325.426035166 4.093194 4.171964 -0.171131 -0.122824 0.038642 0.938357 0.320791
1784010325.426035166 4.093194 4.171964 -0.171131 -0.122824 0.038642 0.938357 0.320791
1784010325.430144072 4.091164 4.173470 -0.171099 -0.122780 0.038680 0.938368 0.320773
1784010325.436033010 4.088269 4.175615 -0.171046 -0.122653 0.038715 0.938400 0.320724
1784010325.440443039 4.086108 4.177226 -0.170998 -0.122558 0.038743 0.938422 0.320690
1784010325.445841074 4.083470 4.179188 -0.170943 -0.122469 0.038748 0.938450 0.320641
1784010325.450382948 4.081255 4.180831 -0.170912 -0.122394 0.038754 0.938473 0.320602
1784010325.456043959 4.078501 4.182866 -0.170882 -0.122446 0.038832 0.938491 0.320521
1784010325.460516930 4.076332 4.184474 -0.170860 -0.122488 0.038895 0.938504 0.320460
1784010325.466017008 4.073668 4.186438 -0.170835 -0.122540 0.039013 0.938529 0.320352
1784010325.470431089 4.071529 4.188005 -0.170820 -0.122582 0.039109 0.938548 0.320268
1784010325.475955009 4.068852 4.189953 -0.170796 -0.122811 0.039143 0.938562 0.320135
1784010325.480108976 4.066840 4.191422 -0.170771 -0.122984 0.039170 0.938572 0.320037
1784010325.486011028 4.063993 4.193490 -0.170730 -0.123034 0.039274 0.938612 0.319886
1784010325.490092993 4.062036 4.194913 -0.170702 -0.123070 0.039346 0.938639 0.319785
1784010325.495968103 4.059201 4.196951 -0.170666 -0.122968 0.039297 0.938711 0.319618
1784010325.500365019 4.057046 4.198488 -0.170647 -0.122893 0.039262 0.938764 0.319496
1784010325.505825996 4.054354 4.200390 -0.170625 -0.122970 0.039225 0.938808 0.319341
1784010325.510138035 4.052245 4.201878 -0.170608 -0.123032 0.039196 0.938842 0.319221
1784010325.516062021 4.049267 4.203989 -0.170577 -0.122432 0.038851 0.938978 0.319093
1784010325.520375967 4.046973 4.205648 -0.170547 -0.121996 0.038600 0.939076 0.319004
1784010325.525679111 4.044155 4.207671 -0.170538 -0.122790 0.038773 0.939036 0.318796
1784010325.525679111 4.044155 4.207671 -0.170538 -0.122790 0.038773 0.939036 0.318796
1784010325.526060104 4.043957 4.207807 -0.170538 -0.122847 0.038785 0.939033 0.318781
1784010325.530313969 4.041802 4.209275 -0.170568 -0.123483 0.038910 0.939005 0.318604
1784010325.536040068 4.038825 4.211301 -0.170619 -0.122414 0.038395 0.939209 0.318476
1784010325.540302992 4.036437 4.212966 -0.170636 -0.121620 0.038016 0.939358 0.318385
1784010325.545871973 4.033161 4.215255 -0.170583 -0.122495 0.038478 0.939326 0.318088
1784010325.550203085 4.030611 4.217030 -0.170520 -0.123841 0.039219 0.939225 0.317778
1784010325.556010962 4.027332 4.219282 -0.170543 -0.123203 0.039094 0.939429 0.317436
1784010325.560374975 4.024872 4.220953 -0.170606 -0.122082 0.038363 0.939627 0.317374
1784010325.566139936 4.021471 4.223287 -0.170612 -0.122975 0.038250 0.939615 0.317078
1784010325.570441961 4.018910 4.225070 -0.170567 -0.123867 0.038719 0.939563 0.316827
1784010325.575890064 4.015746 4.227245 -0.170550 -0.123765 0.038727 0.939661 0.316575
1784010325.580487967 4.013074 4.229069 -0.170563 -0.122998 0.038162 0.939826 0.316453
1784010325.586056948 4.009769 4.231351 -0.170531 -0.123324 0.038367 0.939879 0.316143
1784010325.590279102 4.007265 4.233095 -0.170502 -0.123608 0.038322 0.939918 0.315923
1784010325.596040964 4.003881 4.235463 -0.170480 -0.122958 0.038594 0.940090 0.315630
1784010325.600260019 4.001368 4.237221 -0.170457 -0.123135 0.038692 0.940143 0.315392
1784010325.606038094 3.997911 4.239614 -0.170426 -0.123782 0.038392 0.940165 0.315110
1784010325.610234022 3.995436 4.241347 -0.170408 -0.123420 0.038455 0.940291 0.314868
1784010325.615988016 3.992035 4.243720 -0.170389 -0.122947 0.038185 0.940455 0.314596
1784010325.620110035 3.989582 4.245435 -0.170350 -0.123254 0.038366 0.940489 0.314353
1784010325.625827074 3.986198 4.247786 -0.170280 -0.123813 0.038954 0.940547 0.313885
1784010325.625827074 3.986198 4.247786 -0.170280 -0.123813 0.038954 0.940547 0.313885
1784010325.625977039 3.986109 4.247846 -0.170278 -0.123827 0.038971 0.940549 0.313873
1784010325.630397081 3.983498 4.249591 -0.170259 -0.123613 0.038585 0.940658 0.313678
1784010325.636006117 3.980199 4.251793 -0.170218 -0.123084 0.038244 0.940827 0.313420
1784010325.640266895 3.977694 4.253481 -0.170139 -0.123253 0.038458 0.940894 0.313126
1784010325.646011114 3.974314 4.255734 -0.170032 -0.123772 0.038671 0.940951 0.312725
1784010325.650222063 3.971858 4.257356 -0.169983 -0.123470 0.038398 0.941069 0.312522
1784010325.656013966 3.968479 4.259570 -0.169935 -0.122958 0.037990 0.941249 0.312231
1784010325.660797119 3.965677 4.261410 -0.169890 -0.123236 0.037983 0.941313 0.311931
1784010325.665551901 3.962896 4.263235 -0.169861 -0.123529 0.038236 0.941382 0.311574
1784010325.670387983 3.960079 4.265061 -0.169875 -0.123443 0.038126 0.941499 0.311267
1784010325.675741911 3.956957 4.267058 -0.169922 -0.123424 0.037751 0.941626 0.310936
1784010325.680286884 3.954306 4.268757 -0.169959 -0.123632 0.037684 0.941710 0.310609
1784010325.685996056 3.950985 4.270886 -0.170009 -0.123874 0.037859 0.941819 0.310158
1784010325.690378904 3.948445 4.272508 -0.170053 -0.123998 0.037894 0.941914 0.309816
1784010325.695991039 3.945192 4.274561 -0.170110 -0.124200 0.037710 0.942038 0.309382
1784010325.700201988 3.942759 4.276097 -0.170144 -0.124334 0.037603 0.942134 0.309046
1784010325.705995083 3.939429 4.278214 -0.170168 -0.124382 0.037787 0.942283 0.308551
1784010325.710313082 3.936959 4.279794 -0.170164 -0.124483 0.038023 0.942389 0.308158
1784010325.716026068 3.933695 4.281861 -0.170148 -0.124597 0.038095 0.942541 0.307639
1784010325.720159054 3.931345 4.283345 -0.170134 -0.124491 0.037993 0.942674 0.307284
1784010325.725979090 3.928042 4.285437 -0.170098 -0.124366 0.037993 0.942857 0.306773
1784010325.725979090 3.928042 4.285437 -0.170098 -0.124366 0.037993 0.942857 0.306773
1784010325.726000071 3.928030 4.285445 -0.170098 -0.124365 0.037993 0.942858 0.306771
1784010325.730643034 3.925357 4.287134 -0.170047 -0.124507 0.038202 0.942968 0.306349
1784010325.736032963 3.922265 4.289081 -0.169996 -0.124552 0.038388 0.943114 0.305858
1784010325.740520954 3.919702 4.290681 -0.169979 -0.124356 0.038264 0.943263 0.305494
1784010325.745754957 3.916707 4.292546 -0.169973 -0.124225 0.038079 0.943421 0.305082
1784010325.750432968 3.914024 4.294223 -0.169969 -0.124341 0.038123 0.943527 0.304700
1784010325.755688906 3.911003 4.296112 -0.169970 -0.124390 0.038191 0.943656 0.304273
1784010325.759989977 3.908527 4.297648 -0.169985 -0.124249 0.038103 0.943785 0.303940
1784010325.765636921 3.905264 4.299646 -0.170012 -0.124148 0.037826 0.943946 0.303518
1784010325.770138979 3.902663 4.301224 -0.170035 -0.124203 0.037626 0.944060 0.303166
1784010325.775949001 3.899297 4.303257 -0.170058 -0.124235 0.037537 0.944211 0.302692
1784010325.780297995 3.896771 4.304773 -0.170064 -0.124310 0.037464 0.944320 0.302329
1784010325.786036015 3.893424 4.306762 -0.170055 -0.124413 0.037343 0.944475 0.301817
1784010325.790281057 3.890952 4.308220 -0.170044 -0.124438 0.037247 0.944603 0.301418
1784010325.796051979 3.887588 4.310190 -0.170033 -0.124470 0.037059 0.944780 0.300872
1784010325.800394058 3.885062 4.311670 -0.170029 -0.124522 0.036974 0.944910 0.300454
1784010325.806000948 3.881790 4.313583 -0.170029 -0.124605 0.036841 0.945076 0.299913
1784010325.810271978 3.879300 4.315038 -0.170034 -0.124621 0.036720 0.945208 0.299503
1784010325.816009998 3.875953 4.316994 -0.170042 -0.124588 0.036607 0.945396 0.298937
1784010325.820240021 3.873497 4.318434 -0.170052 -0.124541 0.036552 0.945539 0.298512
1784010325.825754166 3.870302 4.320315 -0.170072 -0.124390 0.036521 0.945732 0.297965
1784010325.825754166 3.870302 4.320315 -0.170072 -0.124390 0.036521 0.945732 0.297965
1784010325.825984955 3.870167 4.320394 -0.170072 -0.124384 0.036520 0.945741 0.297941
1784010325.830262899 3.867656 4.321855 -0.170072 -0.124305 0.036550 0.945891 0.297493
1784010325.836049080 3.864243 4.323838 -0.170061 -0.124392 0.036615 0.946071 0.296876
1784010325.840795994 3.861445 4.325463 -0.170049 -0.124492 0.036658 0.946212 0.296381
1784010325.846118927 3.858322 4.327277 -0.170037 -0.124442 0.036582 0.946385 0.295857
1784010325.850248098 3.855902 4.328684 -0.170027 -0.124269 0.036468 0.946531 0.295475
1784010325.855969906 3.852504 4.330651 -0.169990 -0.124268 0.036294 0.946704 0.294945
1784010325.860286951 3.849929 4.332139 -0.169946 -0.124520 0.036186 0.946795 0.294560
1784010325.866039991 3.846522 4.334098 -0.169887 -0.124562 0.035995 0.946953 0.294054
1784010325.870203018 3.844072 4.335500 -0.169852 -0.124400 0.035728 0.947087 0.293726
1784010325.875771046 3.840784 4.337375 -0.169796 -0.124425 0.035456 0.947238 0.293261
1784010325.880256891 3.838144 4.338882 -0.169741 -0.124566 0.035454 0.947350 0.292837
1784010325.885881901 3.834841 4.340755 -0.169677 -0.124487 0.035355 0.947520 0.292332
1784010325.890260935 3.832265 4.342205 -0.169632 -0.124309 0.035153 0.947668 0.291955
1784010325.895972967 3.828878 4.344111 -0.169571 -0.124187 0.034983 0.947855 0.291417
1784010325.900302887 3.826307 4.345562 -0.169535 -0.124212 0.034939 0.947984 0.290994
1784010325.905976057 3.822950 4.347453 -0.169516 -0.124078 0.034892 0.948171 0.290444
1784010325.910207987 3.820455 4.348855 -0.169523 -0.123988 0.034803 0.948314 0.290029
1784010325.916045904 3.817005 4.350790 -0.169538 -0.123972 0.034684 0.948503 0.289429
1784010325.920241117 3.814538 4.352182 -0.169555 -0.123941 0.034740 0.948646 0.288967
1784010325.925804138 3.811271 4.354031 -0.169572 -0.123874 0.034848 0.948835 0.288364
1784010325.925804138 3.811271 4.354031 -0.169572 -0.123874 0.034848 0.948835 0.288364
1784010325.925816059 3.811264 4.354035 -0.169572 -0.123874 0.034848 0.948835 0.288363
1784010325.930080891 3.808733 4.355437 -0.169559 -0.123937 0.034927 0.948954 0.287934
1784010325.935988903 3.805226 4.357376 -0.169525 -0.124008 0.034928 0.949118 0.287361
1784010325.940797091 3.802390 4.358956 -0.169494 -0.123906 0.034889 0.949268 0.286916
1784010325.945811987 3.799442 4.360603 -0.169463 -0.123793 0.034896 0.949421 0.286457
1784010325.950228930 3.796844 4.362056 -0.169440 -0.123883 0.034896 0.949531 0.286053
1784010325.955975056 3.793458 4.363941 -0.169420 -0.124029 0.034831 0.949663 0.285558
1784010325.960412979 3.790848 4.365403 -0.169414 -0.124067 0.034852 0.949771 0.285182
1784010325.965970993 3.787576 4.367239 -0.169406 -0.124210 0.035016 0.949893 0.284692
1784010325.970422029 3.784962 4.368709 -0.169406 -0.124374 0.035173 0.949986 0.284291
1784010325.975974083 3.781707 4.370521 -0.169429 -0.124391 0.035187 0.950127 0.283809
1784010325.980309010 3.779168 4.371929 -0.169460 -0.124384 0.035066 0.950236 0.283462
1784010325.986023903 3.775802 4.373788 -0.169493 -0.124541 0.035013 0.950360 0.282984
1784010325.989963055 3.773480 4.375073 -0.169510 -0.124717 0.035030 0.950439 0.282639
1784010325.995985985 3.769942 4.377006 -0.169540 -0.124702 0.034965 0.950595 0.282129
1784010326.000025988 3.767585 4.378285 -0.169567 -0.124536 0.034773 0.950721 0.281799
1784010326.005968094 3.764092 4.380164 -0.169588 -0.124425 0.034474 0.950886 0.281328
1784010326.010374069 3.761489 4.381572 -0.169582 -0.124534 0.034458 0.950986 0.280945
1784010326.015861988 3.758249 4.383317 -0.169563 -0.124660 0.034543 0.951113 0.280446
1784010326.020189047 3.755713 4.384675 -0.169555 -0.124530 0.034502 0.951246 0.280059
1784010326.025979996 3.752313 4.386476 -0.169555 -0.124262 0.034231 0.951436 0.279565
1784010326.026005030 3.752298 4.386483 -0.169555 -0.124261 0.034230 0.951437 0.279563
1784010326.026005030 3.752298 4.386483 -0.169555 -0.124261 0.034230 0.951437 0.279563
1784010326.030289888 3.749735 4.387790 -0.169536 -0.124217 0.034088 0.951559 0.279182
1784010326.036041021 3.746281 4.389552 -0.169501 -0.124374 0.034097 0.951699 0.278634
1784010326.040452003 3.743644 4.390900 -0.169478 -0.124423 0.034123 0.951816 0.278211
1784010326.045586109 3.740585 4.392451 -0.169466 -0.124326 0.033997 0.951975 0.277724
1784010326.050308943 3.737771 4.393876 -0.169461 -0.124243 0.033893 0.952125 0.277260
1784010326.055731058 3.734522 4.395525 -0.169445 -0.124390 0.033927 0.952263 0.276713
1784010326.060091972 3.731904 4.396861 -0.169423 -0.124622 0.034056 0.952361 0.276256
1784010326.065749884 3.728522 4.398578 -0.169390 -0.124724 0.034140 0.952510 0.275685
1784010326.070207119 3.725877 4.399917 -0.169372 -0.124552 0.034007 0.952658 0.275268
1784010326.076020956 3.722421 4.401659 -0.169351 -0.124257 0.033750 0.952856 0.274748
1784010326.080331087 3.719849 4.402964 -0.169331 -0.124251 0.033635 0.952972 0.274363
1784010326.085870981 3.716539 4.404640 -0.169296 -0.124370 0.033607 0.953104 0.273853
1784010326.090431929 3.713830 4.406010 -0.169274 -0.124275 0.033523 0.953238 0.273439
1784010326.095822096 3.710635 4.407616 -0.169256 -0.124018 0.033310 0.953416 0.272961
1784010326.100123882 3.708081 4.408902 -0.169236 -0.123988 0.033186 0.953533 0.272580
1784010326.106005907 3.704571 4.410663 -0.169189 -0.124182 0.033120 0.953661 0.272051
1784010326.110435963 3.701933 4.411991 -0.169143 -0.124275 0.033089 0.953768 0.271639
1784010326.116153002 3.698545 4.413682 -0.169074 -0.124220 0.032934 0.953930 0.271114
1784010326.120147943 3.696191 4.414859 -0.169025 -0.124125 0.032787 0.954050 0.270750
1784010326.125768185 3.692869 4.416517 -0.168945 -0.124083 0.032693 0.954204 0.270239
1784010326.125768185 3.692869 4.416517 -0.168945 -0.124083 0.032693 0.954204 0.270239
1784010326.125974894 3.692745 4.416577 -0.168941 -0.124081 0.032689 0.954210 0.270219
1784010326.130172014 3.690228 4.417809 -0.168866 -0.124177 0.032711 0.954318 0.269791
1784010326.136010885 3.686739 4.419506 -0.168772 -0.124230 0.032741 0.954486 0.269169
1784010326.140198946 3.684258 4.420707 -0.168724 -0.124078 0.032655 0.954632 0.268730
1784010326.145963907 3.680843 4.422350 -0.168682 -0.123821 0.032447 0.954837 0.268146
1784010326.150185108 3.678339 4.423554 -0.168663 -0.123855 0.032360 0.954957 0.267711
1784010326.156150103 3.674800 4.425245 -0.168646 -0.124031 0.032331 0.955117 0.267063
1784010326.160116911 3.672460 4.426356 -0.168646 -0.124017 0.032293 0.955242 0.266628
1784010326.165735960 3.669149 4.427910 -0.168652 -0.123885 0.032164 0.955439 0.265995
1784010326.170185089 3.666526 4.429132 -0.168658 -0.123889 0.032053 0.955583 0.265490
1784010326.175776958 3.663223 4.430660 -0.168658 -0.124028 0.032035 0.955751 0.264823
1784010326.180429935 3.660474 4.431924 -0.168656 -0.124135 0.032078 0.955894 0.264249
1784010326.185929060 3.657221 4.433394 -0.168655 -0.124175 0.031997 0.956085 0.263550
1784010326.190155983 3.654723 4.434505 -0.168662 -0.124156 0.031852 0.956240 0.263013
1784010326.195969105 3.651283 4.436014 -0.168684 -0.124184 0.031673 0.956457 0.262232
1784010326.200417042 3.648649 4.437160 -0.168709 -0.124344 0.031633 0.956607 0.261611
1784010326.206105947 3.645270 4.438611 -0.168745 -0.124622 0.031651 0.956801 0.260768
1784010326.210228920 3.642824 4.439651 -0.168775 -0.124730 0.031651 0.956957 0.260143
1784010326.215974092 3.639416 4.441081 -0.168811 -0.124783 0.031589 0.957195 0.259246
1784010326.220303059 3.636859 4.442149 -0.168828 -0.124826 0.031557 0.957376 0.258562
1784010326.225773096 3.633637 4.443486 -0.168830 -0.124827 0.031497 0.957613 0.257690
1784010326.225870132 3.633580 4.443510 -0.168830 -0.124825 0.031495 0.957617 0.257674
1784010326.225870132 3.633580 4.443510 -0.168830 -0.124825 0.031495 0.957617 0.257674
1784010326.230046034 3.631090 4.444517 -0.168804 -0.124757 0.031403 0.957794 0.257061
1784010326.236042976 3.627505 4.445950 -0.168733 -0.124651 0.031198 0.958047 0.256191
1784010326.240722895 3.624713 4.447064 -0.168655 -0.124623 0.031053 0.958236 0.255516
1784010326.245999098 3.621575 4.448310 -0.168559 -0.124565 0.030900 0.958449 0.254764
1784010326.250049114 3.619179 4.449260 -0.168493 -0.124445 0.030760 0.958620 0.254196
1784010326.256015062 3.615638 4.450647 -0.168410 -0.124371 0.030540 0.958858 0.253360
1784010326.260385990 3.613040 4.451660 -0.168365 -0.124427 0.030395 0.959017 0.252745
1784010326.265964031 3.609709 4.452954 -0.168322 -0.124603 0.030260 0.959208 0.251950
1784010326.270617962 3.606940 4.454028 -0.168304 -0.124720 0.030201 0.959368 0.251289
1784010326.275636911 3.603970 4.455171 -0.168302 -0.124705 0.030097 0.959559 0.250577
1784010326.280169010 3.601294 4.456193 -0.168313 -0.124603 0.029907 0.959743 0.249947
1784010326.285969019 3.597844 4.457504 -0.168320 -0.124628 0.029646 0.959959 0.249134
1784010326.290216923 3.595316 4.458468 -0.168319 -0.124743 0.029576 0.960108 0.248509
1784010326.295929909 3.591929 4.459753 -0.168317 -0.124801 0.029500 0.960318 0.247676
1784010326.300252914 3.589386 4.460711 -0.168327 -0.124695 0.029361 0.960496 0.247057
1784010326.306099892 3.585931 4.461998 -0.168345 -0.124624 0.029058 0.960727 0.246229
1784010326.310045958 3.583594 4.462871 -0.168357 -0.124736 0.028921 0.960861 0.245664
1784010326.315943956 3.580084 4.464181 -0.168368 -0.125048 0.028915 0.961042 0.244797
1784010326.320307016 3.577501 4.465143 -0.168381 -0.125266 0.028862 0.961175 0.244169
1784010326.325917959 3.574191 4.466359 -0.168399 -0.125339 0.028686 0.961371 0.243378
1784010326.325962067 3.574165 4.466368 -0.168399 -0.125339 0.028683 0.961373 0.243372
1784010326.325962067 3.574165 4.466368 -0.168399 -0.125339 0.028683 0.961373 0.243372
1784010326.330084085 3.571702 4.467247 -0.168390 -0.125307 0.028544 0.961534 0.242769
1784010326.336018085 3.568141 4.468510 -0.168338 -0.125361 0.028358 0.961749 0.241907
1784010326.340408087 3.565505 4.469444 -0.168269 -0.125511 0.028262 0.961889 0.241285
1784010326.345947027 3.562191 4.470607 -0.168160 -0.125680 0.028114 0.962065 0.240510
1784010326.350450993 3.559522 4.471533 -0.168067 -0.125559 0.027950 0.962243 0.239879
1784010326.355768919 3.556374 4.472612 -0.167955 -0.125328 0.027671 0.962464 0.239143
1784010326.360218048 3.553730 4.473516 -0.167860 -0.125287 0.027530 0.962630 0.238514
1784010326.365942955 3.550303 4.474681 -0.167748 -0.125587 0.027535 0.962804 0.237650
1784010326.370471001 3.547605 4.475591 -0.167687 -0.125817 0.027499 0.962942 0.236975
1784010326.375725985 3.544498 4.476629 -0.167657 -0.125789 0.027416 0.963144 0.236176
1784010326.380101919 3.541922 4.477484 -0.167655 -0.125738 0.027279 0.963315 0.235519
1784010326.385828018 3.538549 4.478605 -0.167655 -0.125886 0.027230 0.963512 0.234639
1784010326.390253067 3.535953 4.479473 -0.167655 -0.125977 0.027224 0.963663 0.233970
1784010326.396105051 3.532526 4.480616 -0.167653 -0.125934 0.027150 0.963880 0.233108
1784010326.400064945 3.530221 4.481386 -0.167652 -0.125865 0.027106 0.964033 0.232517
1784010326.405963898 3.526798 4.482525 -0.167643 -0.125794 0.027068 0.964260 0.231614
1784010326.410201073 3.524357 4.483335 -0.167638 -0.125674 0.027017 0.964431 0.230973
1784010326.416019917 3.521006 4.484441 -0.167627 -0.125537 0.026963 0.964662 0.230090
1784010326.420203924 3.518600 4.485236 -0.167617 -0.125563 0.026938 0.964810 0.229454
1784010326.425789118 3.515388 4.486298 -0.167603 -0.125704 0.027002 0.964994 0.228595
1784010326.425789118 3.515388 4.486298 -0.167603 -0.125704 0.027002 0.964994 0.228595
1784010326.425951958 3.515294 4.486329 -0.167603 -0.125706 0.027001 0.964999 0.228572
1784010326.430183887 3.512846 4.487133 -0.167588 -0.125788 0.026996 0.965130 0.227977
1784010326.435976028 3.509506 4.488224 -0.167562 -0.125921 0.027036 0.965303 0.227164
1784010326.440185070 3.507094 4.489009 -0.167541 -0.125995 0.027046 0.965437 0.226551
1784010326.445907116 3.503822 4.490070 -0.167511 -0.125986 0.026969 0.965624 0.225765
1784010326.450393915 3.501262 4.490905 -0.167481 -0.126047 0.026956 0.965758 0.225159
1784010326.455722094 3.498224 4.491900 -0.167440 -0.126211 0.026995 0.965900 0.224453
1784010326.460263014 3.495644 4.492743 -0.167411 -0.126264 0.026998 0.966032 0.223856
1784010326.465922117 3.492448 4.493776 -0.167392 -0.126132 0.026846 0.966216 0.223153
1784010326.470390081 3.489938 4.494584 -0.167385 -0.126000 0.026684 0.966365 0.222598
1784010326.475939035 3.486813 4.495593 -0.167379 -0.125855 0.026500 0.966540 0.221942
1784010326.480371952 3.484303 4.496411 -0.167376 -0.125881 0.026437 0.966658 0.221419
1784010326.485769987 3.481241 4.497398 -0.167380 -0.126120 0.026338 0.966775 0.220786
1784010326.490091085 3.478809 4.498175 -0.167394 -0.126237 0.026163 0.966878 0.220289
1784010326.495940924 3.475541 4.499226 -0.167414 -0.126033 0.025936 0.967056 0.219650
1784010326.500140905 3.473197 4.499993 -0.167413 -0.125927 0.025833 0.967175 0.219199
1784010326.505786896 3.470021 4.501039 -0.167385 -0.126025 0.025792 0.967302 0.218587
1784010326.510277987 3.467474 4.501882 -0.167351 -0.126101 0.025785 0.967406 0.218080
1784010326.515976906 3.464227 4.502951 -0.167318 -0.126225 0.025573 0.967528 0.217494
1784010326.520219088 3.461819 4.503751 -0.167307 -0.126263 0.025406 0.967624 0.217063
1784010326.525527000 3.458814 4.504762 -0.167308 -0.126114 0.025289 0.967765 0.216533
1784010326.525527000 3.458814 4.504762 -0.167308 -0.126114 0.025289 0.967765 0.216533
1784010326.525928020 3.458587 4.504837 -0.167309 -0.126103 0.025283 0.967776 0.216489
1784010326.530224085 3.456137 4.505642 -0.167322 -0.126041 0.025234 0.967890 0.216021
1784010326.536010981 3.452822 4.506719 -0.167352 -0.126224 0.025127 0.968011 0.215386
1784010326.540478945 3.450268 4.507542 -0.167386 -0.126339 0.024986 0.968109 0.214895
1784010326.545552969 3.447372 4.508474 -0.167428 -0.126267 0.024812 0.968244 0.214349
1784010326.550215006 3.444700 4.509339 -0.167448 -0.126271 0.024763 0.968359 0.213830
1784010326.555732012 3.441535 4.510363 -0.167445 -0.126355 0.024790 0.968485 0.213204
1784010326.560153008 3.439013 4.511172 -0.167435 -0.126213 0.024725 0.968614 0.212710
1784010326.566031933 3.435664 4.512223 -0.167428 -0.125811 0.024393 0.968814 0.212078
1784010326.570647955 3.433023 4.513046 -0.167419 -0.125686 0.024112 0.968943 0.211591
1784010326.575967073 3.429966 4.514004 -0.167396 -0.125727 0.023972 0.969070 0.211003
1784010326.580138922 3.427567 4.514761 -0.167375 -0.125708 0.023945 0.969175 0.210533
1784010326.585947037 3.424234 4.515800 -0.167355 -0.125641 0.023832 0.969327 0.209883
1784010326.590152025 3.421828 4.516546 -0.167347 -0.125612 0.023706 0.969438 0.209402
1784010326.595937014 3.418508 4.517569 -0.167346 -0.125591 0.023495 0.969586 0.208753
1784010326.600183964 3.416058 4.518328 -0.167340 -0.125732 0.023349 0.969670 0.208295
1784010326.605993032 3.412705 4.519364 -0.167318 -0.126005 0.023262 0.969778 0.207637
1784010326.610024929 3.410384 4.520083 -0.167291 -0.126199 0.023203 0.969851 0.207180
1784010326.615959883 3.406978 4.521133 -0.167254 -0.125893 0.022817 0.970034 0.206554
1784010326.620207071 3.404538 4.521888 -0.167230 -0.125739 0.022654 0.970156 0.206092
1784010326.625567198 3.401442 4.522848 -0.167200 -0.125957 0.022578 0.970259 0.205482
1784010326.625567198 3.401442 4.522848 -0.167200 -0.125957 0.022578 0.970259 0.205482
1784010326.625916958 3.401239 4.522908 -0.167199 -0.125973 0.022573 0.970265 0.205443
1784010326.630068064 3.398820 4.523626 -0.167186 -0.126157 0.022519 0.970340 0.204983
1784010326.636008978 3.395366 4.524640 -0.167191 -0.126029 0.022423 0.970500 0.204314
1784010326.640450001 3.392796 4.525395 -0.167207 -0.125894 0.022258 0.970625 0.203818
1784010326.645976067 3.389591 4.526340 -0.167222 -0.125951 0.022125 0.970750 0.203204
1784010326.650177956 3.387150 4.527072 -0.167221 -0.125996 0.022025 0.970844 0.202735
1784010326.655988932 3.383774 4.528083 -0.167209 -0.126096 0.021990 0.970968 0.202082
1784010326.660167933 3.381353 4.528808 -0.167190 -0.126170 0.021966 0.971057 0.201610
1784010326.665936947 3.378017 4.529808 -0.167158 -0.126126 0.021885 0.971197 0.200969
1784010326.670706034 3.375267 4.530643 -0.167124 -0.126111 0.021912 0.971309 0.200438
1784010326.675781965 3.372345 4.531533 -0.167082 -0.126260 0.022037 0.971405 0.199861
1784010326.680341959 3.369730 4.532330 -0.167041 -0.126395 0.022150 0.971492 0.199341
1784010326.685650110 3.366695 4.533250 -0.166999 -0.126269 0.022064 0.971626 0.198778
1784010326.690457106 3.363948 4.534086 -0.166962 -0.126145 0.021958 0.971745 0.198287
1784010326.695921898 3.360821 4.535044 -0.166914 -0.126181 0.022054 0.971858 0.197696
1784010326.700391054 3.358263 4.535833 -0.166871 -0.126211 0.022133 0.971951 0.197211
1784010326.706053019 3.355028 4.536822 -0.166832 -0.126105 0.022015 0.972083 0.196640
1784010326.710005999 3.352785 4.537503 -0.166826 -0.126032 0.021934 0.972176 0.196238
1784010326.715930939 3.349424 4.538512 -0.166827 -0.126129 0.021966 0.972289 0.195609
1784010326.720207930 3.346996 4.539245 -0.166823 -0.126201 0.021990 0.972371 0.195152
1784010326.725596189 3.343940 4.540154 -0.166818 -0.126242 0.021969 0.972480 0.194586
1784010326.725596189 3.343940 4.540154 -0.166818 -0.126242 0.021969 0.972480 0.194586
1784010326.725909948 3.343761 4.540205 -0.166818 -0.126247 0.021969 0.972486 0.194552
1784010326.730123043 3.341363 4.540882 -0.166824 -0.126314 0.021973 0.972569 0.194090
1784010326.735939980 3.338058 4.541802 -0.166827 -0.126379 0.021803 0.972688 0.193468
1784010326.740609884 3.335412 4.542537 -0.166816 -0.126427 0.021663 0.972784 0.192970
1784010326.745845079 3.332450 4.543351 -0.166798 -0.126518 0.021532 0.972890 0.192392
1784010326.750029087 3.330087 4.543991 -0.166782 -0.126586 0.021425 0.972974 0.191931
1784010326.755953074 3.326745 4.544883 -0.166765 -0.126747 0.021228 0.973087 0.191278
1784010326.760349989 3.324270 4.545540 -0.166757 -0.126860 0.021078 0.973170 0.190794
1784010326.765595913 3.321322 4.546315 -0.166754 -0.127123 0.021005 0.973258 0.190178
1784010326.769954920 3.318881 4.546953 -0.166758 -0.127331 0.020953 0.973336 0.189646
1784010326.775612116 3.315715 4.547770 -0.166767 -0.127441 0.020781 0.973456 0.188974
1784010326.780066967 3.313211 4.548419 -0.166769 -0.127449 0.020609 0.973557 0.188463
1784010326.785727978 3.310016 4.549255 -0.166750 -0.127735 0.020612 0.973656 0.187756
1784010326.790018082 3.307621 4.549883 -0.166729 -0.127909 0.020669 0.973738 0.187206
1784010326.795931101 3.304322 4.550745 -0.166690 -0.127620 0.020410 0.973911 0.186531
1784010326.800414085 3.301797 4.551410 -0.166633 -0.127394 0.020210 0.974042 0.186020
1784010326.805933952 3.298687 4.552238 -0.166541 -0.127668 0.020439 0.974136 0.185316
1784010326.810182095 3.296313 4.552881 -0.166462 -0.127873 0.020612 0.974208 0.184775
1784010326.816148043 3.293013 4.553763 -0.166374 -0.127625 0.020337 0.974375 0.184099
1784010326.820163965 3.290809 4.554342 -0.166343 -0.127450 0.020147 0.974487 0.183646
1784010326.825621128 3.287790 4.555135 -0.166308 -0.127771 0.020162 0.974560 0.183031
1784010326.825621128 3.287790 4.555135 -0.166308 -0.127771 0.020162 0.974560 0.183031
1784010326.826055050 3.287547 4.555200 -0.166305 -0.127791 0.020162 0.974567 0.182982
1784010326.830059052 3.285295 4.555801 -0.166276 -0.127975 0.020157 0.974628 0.182528
1784010326.835933924 3.281984 4.556687 -0.166241 -0.128360 0.020315 0.974702 0.181843
1784010326.840588093 3.279377 4.557371 -0.166227 -0.128457 0.020317 0.974788 0.181310
1784010326.845909119 3.276409 4.558133 -0.166231 -0.128289 0.020114 0.974922 0.180732
1784010326.850420952 3.273889 4.558772 -0.166230 -0.128219 0.019934 0.975024 0.180251
1784010326.855664968 3.270943 4.559517 -0.166206 -0.128399 0.019861 0.975109 0.179674
1784010326.860310078 3.268326 4.560169 -0.166169 -0.128610 0.019758 0.975179 0.179151
1784010326.865746021 3.265277 4.560909 -0.166122 -0.128627 0.019405 0.975289 0.178577
1784010326.869910955 3.262955 4.561464 -0.166084 -0.128446 0.019119 0.975398 0.178141
1784010326.875616074 3.259765 4.562220 -0.166024 -0.128370 0.018792 0.975527 0.177526
1784010326.879977942 3.257314 4.562797 -0.165969 -0.128503 0.018659 0.975601 0.177036
1784010326.885960102 3.253937 4.563581 -0.165910 -0.128706 0.018480 0.975704 0.176336
1784010326.889978886 3.251669 4.564099 -0.165886 -0.128805 0.018302 0.975778 0.175873
1784010326.895571947 3.248518 4.564820 -0.165873 -0.128903 0.018072 0.975887 0.175221
1784010326.900413990 3.245797 4.565449 -0.165873 -0.128986 0.017971 0.975982 0.174641
1784010326.905997992 3.242660 4.566180 -0.165875 -0.129002 0.017850 0.976100 0.173977
1784010326.910347939 3.240221 4.566750 -0.165875 -0.128936 0.017733 0.976203 0.173462
1784010326.915921926 3.237095 4.567483 -0.165870 -0.128785 0.017586 0.976344 0.172794
1784010326.920170069 3.234711 4.568046 -0.165859 -0.128742 0.017504 0.976440 0.172292
1784010326.925575018 3.231680 4.568774 -0.165832 -0.128722 0.017507 0.976556 0.171649
1784010326.925575018 3.231680 4.568774 -0.165832 -0.128722 0.017507 0.976556 0.171649
1784010326.925968885 3.231458 4.568828 -0.165829 -0.128723 0.017507 0.976563 0.171606
1784010326.930208921 3.229070 4.569416 -0.165800 -0.128611 0.017558 0.976654 0.171164
1784010326.935926914 3.225849 4.570215 -0.165766 -0.128400 0.017529 0.976779 0.170611
1784010326.940412998 3.223318 4.570846 -0.165743 -0.128308 0.017469 0.976869 0.170172
1784010326.945887089 3.220214 4.571630 -0.165723 -0.128378 0.017430 0.976951 0.169652
1784010326.950392962 3.217657 4.572282 -0.165715 -0.128563 0.017448 0.977002 0.169220
1784010326.955919027 3.214531 4.573084 -0.165720 -0.128720 0.017486 0.977070 0.168701
1784010326.960259914 3.212085 4.573714 -0.165733 -0.128748 0.017467 0.977135 0.168303
1784010326.965926886 3.208881 4.574548 -0.165748 -0.128820 0.017478 0.977212 0.167800
1784010326.970546007 3.206266 4.575236 -0.165753 -0.129011 0.017541 0.977256 0.167387
1784010326.975332975 3.203564 4.575951 -0.165757 -0.129192 0.017614 0.977302 0.166975
1784010326.980313063 3.200766 4.576691 -0.165769 -0.129156 0.017577 0.977374 0.166580
1784010326.985665083 3.197756 4.577491 -0.165784 -0.129095 0.017468 0.977453 0.166179
1784010326.990186930 3.195213 4.578173 -0.165791 -0.129158 0.017473 0.977503 0.165832
1784010326.995867968 3.192024 4.579035 -0.165801 -0.129229 0.017435 0.977561 0.165439
1784010326.999892950 3.189768 4.579651 -0.165812 -0.129173 0.017412 0.977615 0.165170
1784010327.006083965 3.186281 4.580614 -0.165826 -0.129258 0.017395 0.977665 0.164805
1784010327.010175943 3.183980 4.581254 -0.165833 -0.129440 0.017388 0.977683 0.164557
1784010327.015923023 3.180763 4.582157 -0.165844 -0.129535 0.017461 0.977725 0.164225
1784010327.020277023 3.178332 4.582842 -0.165851 -0.129535 0.017469 0.977768 0.163966
1784010327.025645018 3.175324 4.583690 -0.165850 -0.129636 0.017410 0.977806 0.163669
1784010327.025645018 3.175324 4.583690 -0.165850 -0.129636 0.017410 0.977806 0.163669
1784010327.025805950 3.175233 4.583716 -0.165850 -0.129639 0.017406 0.977807 0.163661
1784010327.030124903 3.172784 4.584399 -0.165835 -0.129764 0.017382 0.977830 0.163426
1784010327.035936117 3.169491 4.585322 -0.165812 -0.129894 0.017411 0.977861 0.163133
1784010327.040388107 3.166976 4.586032 -0.165800 -0.130016 0.017377 0.977881 0.162917
1784010327.045646906 3.164011 4.586875 -0.165797 -0.130039 0.017260 0.977918 0.162692
1784010327.049933910 3.161602 4.587570 -0.165802 -0.129943 0.017204 0.977962 0.162508
1784010327.055933952 3.158218 4.588556 -0.165815 -0.129928 0.017141 0.978002 0.162288
1784010327.060448885 3.155669 4.589307 -0.165834 -0.130086 0.017093 0.978011 0.162112
1784010327.065694094 3.152710 4.590178 -0.165878 -0.130205 0.016919 0.978025 0.161949
1784010327.070053101 3.150256 4.590906 -0.165927 -0.130233 0.016748 0.978043 0.161833
1784010327.075990915 3.146903 4.591922 -0.165980 -0.130435 0.016667 0.978041 0.161693
1784010327.080248117 3.144500 4.592668 -0.166005 -0.130647 0.016708 0.978030 0.161587
1784010327.085948944 3.141287 4.593674 -0.166035 -0.130754 0.016659 0.978032 0.161489
1784010327.090193033 3.138899 4.594431 -0.166058 -0.130781 0.016564 0.978039 0.161436
1784010327.095928907 3.135663 4.595469 -0.166082 -0.131030 0.016457 0.978013 0.161404
1784010327.100064993 3.133336 4.596230 -0.166096 -0.131219 0.016440 0.977992 0.161377
1784010327.105935097 3.130042 4.597316 -0.166123 -0.131225 0.016314 0.977991 0.161395
1784010327.110114098 3.127701 4.598096 -0.166146 -0.131159 0.016180 0.978001 0.161400
1784010327.115958929 3.124416 4.599198 -0.166178 -0.131202 0.016040 0.977994 0.161423
1784010327.120268106 3.121997 4.600019 -0.166207 -0.131302 0.015961 0.977977 0.161448
1784010327.125524998 3.119052 4.601019 -0.166247 -0.131344 0.015839 0.977965 0.161500
1784010327.125524998 3.119052 4.601019 -0.166247 -0.131344 0.015839 0.977965 0.161500
1784010327.125901937 3.118840 4.601089 -0.166250 -0.131348 0.015839 0.977965 0.161498
1784010327.130014896 3.116518 4.601839 -0.166277 -0.131301 0.015760 0.977974 0.161487
1784010327.135880947 3.113178 4.602913 -0.166300 -0.131214 0.015601 0.977990 0.161475
1784010327.140510082 3.110531 4.603771 -0.166304 -0.131269 0.015584 0.977987 0.161455
1784010327.145725965 3.107563 4.604729 -0.166306 -0.131335 0.015622 0.977984 0.161417
1784010327.149857998 3.105212 4.605482 -0.166312 -0.131162 0.015498 0.978010 0.161407
1784010327.155971050 3.101661 4.606605 -0.166313 -0.131056 0.015214 0.978029 0.161406
1784010327.159981012 3.099305 4.607362 -0.166297 -0.131426 0.015284 0.977987 0.161355
1784010327.165954113 3.095839 4.608478 -0.166282 -0.131780 0.015763 0.977955 0.161213
1784010327.170150995 3.093425 4.609252 -0.166303 -0.131568 0.015756 0.977994 0.161150
1784010327.175491095 3.090309 4.610241 -0.166336 -0.131525 0.015592 0.978010 0.161106
1784010327.180293083 3.087489 4.611146 -0.166351 -0.132055 0.015689 0.977952 0.161013
1784010327.185745955 3.084320 4.612172 -0.166385 -0.132385 0.015882 0.977923 0.160899
1784010327.190258026 3.081715 4.613018 -0.166431 -0.132168 0.015823 0.977960 0.160855
1784010327.195918083 3.078415 4.614091 -0.166485 -0.132141 0.015655 0.977972 0.160826
1784010327.200000048 3.076020 4.614883 -0.166519 -0.132340 0.015706 0.977952 0.160777
1784010327.205979109 3.072530 4.616040 -0.166587 -0.132418 0.015977 0.977952 0.160689
1784010327.210052967 3.070161 4.616828 -0.166648 -0.132406 0.016062 0.977960 0.160641
1784010327.215889931 3.066743 4.617962 -0.166727 -0.132696 0.016124 0.977928 0.160586
1784010327.220221996 3.064198 4.618819 -0.166782 -0.132801 0.016230 0.977919 0.160547
1784010327.225857019 3.060891 4.619938 -0.166854 -0.132810 0.016473 0.977926 0.160471
1784010327.225857019 3.060891 4.619938 -0.166854 -0.132810 0.016473 0.977926 0.160471
1784010327.225930929 3.060848 4.619952 -0.166854 -0.132810 0.016473 0.977926 0.160469
1784010327.229974031 3.058467 4.620731 -0.166881 -0.132992 0.016563 0.977912 0.160394
1784010327.235924006 3.054977 4.621860 -0.166919 -0.133338 0.016544 0.977887 0.160262
1784010327.240484953 3.052318 4.622724 -0.166960 -0.133261 0.016472 0.977910 0.160192
1784010327.245809078 3.049219 4.623733 -0.166987 -0.133219 0.016441 0.977930 0.160108
1784010327.249943018 3.046808 4.624527 -0.166990 -0.133379 0.016520 0.977920 0.160031
1784010327.255961895 3.043296 4.625685 -0.166985 -0.133623 0.016718 0.977905 0.159898
1784010327.259937048 3.040994 4.626446 -0.166997 -0.133521 0.016707 0.977928 0.159843
1784010327.265871048 3.037576 4.627574 -0.167035 -0.133229 0.016550 0.977981 0.159780
1784010327.270255089 3.035052 4.628417 -0.167068 -0.133234 0.016598 0.977987 0.159730
1784010327.275856018 3.031821 4.629492 -0.167111 -0.133500 0.016664 0.977959 0.159673
1784010327.280523062 3.029141 4.630380 -0.167159 -0.133598 0.016604 0.977953 0.159638
1784010327.285681009 3.026197 4.631352 -0.167215 -0.133467 0.016519 0.977977 0.159609
1784010327.290297031 3.023567 4.632220 -0.167261 -0.133444 0.016415 0.977986 0.159583
1784010327.295825958 3.020419 4.633254 -0.167297 -0.133580 0.016363 0.977977 0.159531
1784010327.300157070 3.017964 4.634058 -0.167319 -0.133647 0.016320 0.977975 0.159492
1784010327.305938959 3.014691 4.635112 -0.167352 -0.133672 0.016056 0.977984 0.159443
1784010327.310178995 3.012296 4.635880 -0.167383 -0.133742 0.015859 0.977982 0.159414
1784010327.315782070 3.009133 4.636894 -0.167426 -0.133915 0.015738 0.977972 0.159342
1784010327.320106030 3.006702 4.637678 -0.167468 -0.134045 0.015663 0.977964 0.159291
1784010327.325790167 3.003514 4.638700 -0.167540 -0.134159 0.015527 0.977963 0.159215
1784010327.325790167 3.003514 4.638700 -0.167540 -0.134159 0.015527 0.977963 0.159215
1784010327.325953007 3.003422 4.638728 -0.167541 -0.134161 0.015523 0.977962 0.159214
1784010327.330162048 3.001049 4.639475 -0.167587 -0.134237 0.015415 0.977961 0.159170
1784010327.335905075 2.997812 4.640492 -0.167660 -0.134451 0.015270 0.977944 0.159111
1784010327.340208054 2.995397 4.641257 -0.167720 -0.134656 0.015205 0.977924 0.159065
1784010327.345978975 2.992174 4.642283 -0.167793 -0.134773 0.015112 0.977921 0.158992
1784010327.350186110 2.989842 4.643031 -0.167839 -0.134742 0.015040 0.977937 0.158928
1784010327.355921984 2.986674 4.644053 -0.167879 -0.134657 0.014962 0.977965 0.158837
1784010327.360093117 2.984380 4.644800 -0.167896 -0.134666 0.014935 0.977974 0.158771
1784010327.365628958 2.981344 4.645794 -0.167901 -0.134695 0.014914 0.977984 0.158688
1784010327.370194912 2.978854 4.646618 -0.167898 -0.134682 0.014939 0.977997 0.158618
1784010327.375880957 2.975763 4.647646 -0.167889 -0.134649 0.014957 0.978012 0.158550
1784010327.380532026 2.973247 4.648486 -0.167885 -0.134636 0.014975 0.978020 0.158510
1784010327.385613918 2.970504 4.649403 -0.167890 -0.134664 0.014944 0.978022 0.158475
1784010327.390096903 2.968090 4.650209 -0.167902 -0.134734 0.014871 0.978015 0.158465
1784010327.395895004 2.964973 4.651246 -0.167926 -0.134853 0.014747 0.977999 0.158477
1784010327.400171041 2.962685 4.652005 -0.167950 -0.134918 0.014624 0.977990 0.158488
1784010327.405838013 2.959664 4.653000 -0.167980 -0.134932 0.014407 0.977986 0.158521
1784010327.410118103 2.957395 4.653746 -0.167999 -0.134912 0.014257 0.977987 0.158547
1784010327.415899038 2.954335 4.654741 -0.168014 -0.134892 0.014007 0.977984 0.158602
1784010327.419989109 2.952181 4.655438 -0.168021 -0.134894 0.013836 0.977982 0.158632
1784010327.425927162 2.949060 4.656437 -0.168023 -0.134861 0.013575 0.977986 0.158654
1784010327.425927162 2.949060 4.656437 -0.168023 -0.134861 0.013575 0.977986 0.158654
1784010327.425929070 2.949058 4.656437 -0.168022 -0.134860 0.013576 0.977986 0.158654
1784010327.430182934 2.946801 4.657153 -0.168002 -0.134887 0.013492 0.977987 0.158634
1784010327.435908079 2.943755 4.658116 -0.167973 -0.134822 0.013377 0.978001 0.158616
1784010327.440376043 2.941365 4.658872 -0.167955 -0.134810 0.013286 0.978007 0.158593
1784010327.445673943 2.938523 4.659772 -0.167939 -0.135026 0.013300 0.977988 0.158525
1784010327.450071096 2.936191 4.660511 -0.167940 -0.135120 0.013332 0.977989 0.158436
1784010327.455874920 2.933101 4.661485 -0.167953 -0.134695 0.013107 0.978056 0.158403
1784010327.460323095 2.930661 4.662257 -0.167966 -0.134534 0.012882 0.978086 0.158373
1784010327.465759993 2.927618 4.663233 -0.167957 -0.135169 0.013073 0.978015 0.158259
1784010327.470027924 2.925284 4.663990 -0.167950 -0.135462 0.013381 0.977993 0.158114
1784010327.475922108 2.922134 4.665001 -0.167977 -0.134451 0.013437 0.978157 0.157960
1784010327.480649948 2.919544 4.665824 -0.168010 -0.133712 0.012968 0.978263 0.157968
1784010327.485580921 2.916729 4.666740 -0.167987 -0.134263 0.013223 0.978202 0.157856
1784010327.490267992 2.914075 4.667610 -0.167941 -0.135118 0.013734 0.978107 0.157673
1784010327.495608091 2.911140 4.668567 -0.167945 -0.134422 0.013718 0.978215 0.157604
1784010327.500070095 2.908661 4.669382 -0.167965 -0.133544 0.013551 0.978342 0.157573
1784010327.505877972 2.905329 4.670493 -0.167940 -0.134016 0.013602 0.978286 0.157518
1784010327.510119915 2.902910 4.671313 -0.167913 -0.134690 0.014129 0.978210 0.157369
1784010327.515906096 2.899661 4.672402 -0.167945 -0.134156 0.014247 0.978284 0.157352
1784010327.520167112 2.897243 4.673197 -0.167989 -0.133961 0.014060 0.978314 0.157347
1784010327.525856018 2.893961 4.674289 -0.167996 -0.134627 0.014148 0.978227 0.157312
1784010327.525856018 2.893961 4.674289 -0.167996 -0.134627 0.014148 0.978227 0.157312
1784010327.526048899 2.893848 4.674326 -0.167994 -0.134651 0.014148 0.978224 0.157311
1784010327.530038118 2.891538 4.675089 -0.167982 -0.134941 0.014433 0.978195 0.157219
1784010327.535866976 2.888216 4.676169 -0.168018 -0.134180 0.014378 0.978303 0.157199
1784010327.540287971 2.885683 4.676982 -0.168040 -0.134097 0.014391 0.978320 0.157163
1784010327.545917988 2.882393 4.678032 -0.168024 -0.134974 0.014418 0.978211 0.157090
1784010327.550035954 2.880004 4.678799 -0.168017 -0.135066 0.014439 0.978208 0.157030
1784010327.555948019 2.876626 4.679878 -0.168033 -0.134256 0.014368 0.978321 0.157028
1784010327.560172081 2.874220 4.680643 -0.168042 -0.134173 0.014315 0.978337 0.156999
1784010327.566018105 2.870842 4.681720 -0.168037 -0.134686 0.014448 0.978279 0.156908
1784010327.570221901 2.868412 4.682497 -0.168049 -0.134692 0.014403 0.978280 0.156906
1784010327.575872898 2.865169 4.683531 -0.168060 -0.134519 0.014309 0.978303 0.156921
1784010327.580207109 2.862698 4.684323 -0.168051 -0.134795 0.014444 0.978271 0.156869
1784010327.585861921 2.859477 4.685361 -0.168035 -0.135083 0.014547 0.978238 0.156815
1784010327.590302944 2.856970 4.686176 -0.168036 -0.134878 0.014605 0.978267 0.156804
1784010327.595865965 2.853837 4.687191 -0.168022 -0.134782 0.014630 0.978283 0.156784
1784010327.600246906 2.851370 4.687991 -0.167996 -0.135004 0.014669 0.978255 0.156770
1784010327.606026888 2.848121 4.689052 -0.167966 -0.135095 0.014654 0.978242 0.156774
1784010327.610205889 2.845799 4.689821 -0.167960 -0.134832 0.014674 0.978277 0.156777
1784010327.615948915 2.842615 4.690876 -0.167967 -0.134607 0.014672 0.978308 0.156779
1784010327.620296001 2.840206 4.691674 -0.167982 -0.134704 0.014699 0.978293 0.156783
1784010327.625713110 2.837202 4.692664 -0.168014 -0.134914 0.014681 0.978263 0.156791
1784010327.625713110 2.837202 4.692664 -0.168014 -0.134914 0.014681 0.978263 0.156791
1784010327.625912905 2.837089 4.692700 -0.168014 -0.134921 0.014680 0.978262 0.156792
1784010327.629991055 2.834800 4.693438 -0.168027 -0.134954 0.014655 0.978255 0.156813
1784010327.635895014 2.831490 4.694510 -0.168034 -0.134901 0.014710 0.978258 0.156832
1784010327.640389919 2.828978 4.695327 -0.168029 -0.134959 0.014789 0.978249 0.156829
1784010327.645878077 2.825918 4.696315 -0.168014 -0.135059 0.014823 0.978234 0.156838
1784010327.650197029 2.823524 4.697083 -0.168006 -0.135064 0.014759 0.978233 0.156841
1784010327.655714035 2.820469 4.698058 -0.167991 -0.135029 0.014630 0.978238 0.156855
1784010327.660111904 2.818041 4.698839 -0.167971 -0.135045 0.014595 0.978236 0.156857
1784010327.665580034 2.815024 4.699809 -0.167941 -0.135004 0.014599 0.978241 0.156862
1784010327.670181990 2.812494 4.700621 -0.167921 -0.134884 0.014543 0.978258 0.156866
1784010327.675837040 2.809385 4.701611 -0.167905 -0.134716 0.014361 0.978280 0.156888
1784010327.679907084 2.807154 4.702322 -0.167903 -0.134654 0.014226 0.978287 0.156909
1784010327.685827971 2.803905 4.703357 -0.167900 -0.134648 0.014122 0.978284 0.156943
1784010327.690121889 2.801557 4.704107 -0.167897 -0.134657 0.014020 0.978280 0.156968
1784010327.695858955 2.798426 4.705103 -0.167884 -0.134534 0.013808 0.978292 0.157019
1784010327.700248003 2.796041 4.705861 -0.167869 -0.134357 0.013644 0.978312 0.157057
1784010327.705672979 2.793084 4.706796 -0.167837 -0.134217 0.013453 0.978327 0.157103
1784010327.710027933 2.790701 4.707550 -0.167801 -0.134196 0.013342 0.978327 0.157129
1784010327.715925932 2.787453 4.708575 -0.167742 -0.134252 0.013224 0.978317 0.157156
1784010327.720076084 2.785180 4.709298 -0.167703 -0.134259 0.013206 0.978316 0.157153
1784010327.725673199 2.782130 4.710268 -0.167662 -0.134141 0.013201 0.978336 0.157134
1784010327.725673199 2.782130 4.710268 -0.167662 -0.134141 0.013201 0.978336 0.157134
1784010327.725874901 2.782019 4.710302 -0.167661 -0.134133 0.013202 0.978337 0.157132
1784010327.730205059 2.779631 4.711041 -0.167637 -0.133903 0.013113 0.978371 0.157124
1784010327.735873938 2.776447 4.712031 -0.167613 -0.133709 0.013019 0.978401 0.157111
1784010327.740196943 2.773986 4.712803 -0.167596 -0.133935 0.012999 0.978374 0.157087
1784010327.745929003 2.770762 4.713820 -0.167592 -0.134076 0.013069 0.978361 0.157042
1784010327.750174999 2.768416 4.714563 -0.167617 -0.133753 0.013029 0.978411 0.157007
1784010327.755861044 2.765249 4.715564 -0.167664 -0.133260 0.012760 0.978476 0.157046
1784010327.760021925 2.762893 4.716319 -0.167682 -0.133399 0.012728 0.978456 0.157059
1784010327.765888929 2.759571 4.717390 -0.167689 -0.133818 0.013007 0.978403 0.157009
1784010327.770268917 2.757119 4.718177 -0.167694 -0.133613 0.012981 0.978431 0.157012
1784010327.775865078 2.753946 4.719198 -0.167703 -0.132870 0.012667 0.978527 0.157067
1784010327.779881954 2.751620 4.719959 -0.167694 -0.132814 0.012663 0.978533 0.157075
1784010327.785502911 2.748374 4.721027 -0.167673 -0.133251 0.013012 0.978478 0.157022
1784010327.790240049 2.745681 4.721909 -0.167686 -0.133025 0.013131 0.978512 0.156992
1784010327.795571089 2.742628 4.722899 -0.167724 -0.132505 0.012909 0.978583 0.157006
1784010327.800333977 2.739855 4.723800 -0.167737 -0.132657 0.012892 0.978562 0.157011
1784010327.805808067 2.736681 4.724841 -0.167727 -0.132990 0.013145 0.978528 0.156922
1784010327.810229063 2.734131 4.725682 -0.167725 -0.132526 0.013214 0.978590 0.156921
1784010327.815891027 2.730792 4.726787 -0.167709 -0.132074 0.013313 0.978659 0.156862
1784010327.819926023 2.728378 4.727584 -0.167678 -0.132328 0.013410 0.978629 0.156829
1784010327.825613976 2.725033 4.728685 -0.167668 -0.132231 0.013439 0.978652 0.156763
1784010327.825613976 2.725033 4.728685 -0.167668 -0.132231 0.013439 0.978652 0.156763
1784010327.825860023 2.724891 4.728732 -0.167670 -0.132232 0.013438 0.978652 0.156761
1784010327.830157042 2.722399 4.729548 -0.167705 -0.131488 0.013348 0.978750 0.156787
1784010327.835858107 2.719014 4.730656 -0.167726 -0.131457 0.013371 0.978757 0.156764
1784010327.839937925 2.716550 4.731463 -0.167715 -0.132016 0.013430 0.978684 0.156746
1784010327.845911026 2.713003 4.732627 -0.167739 -0.131876 0.013457 0.978705 0.156733
1784010327.850424051 2.710350 4.733496 -0.167784 -0.131124 0.013229 0.978798 0.156800
1784010327.855736971 2.707183 4.734531 -0.167807 -0.131239 0.013132 0.978779 0.156828
1784010327.859853029 2.704681 4.735349 -0.167787 -0.131326 0.013061 0.978765 0.156849
1784010327.865878105 2.701007 4.736545 -0.167764 -0.131099 0.012971 0.978792 0.156881
1784010327.870172024 2.698391 4.737393 -0.167760 -0.130822 0.012773 0.978823 0.156936
1784010327.875627041 2.695041 4.738474 -0.167739 -0.131199 0.012658 0.978772 0.156943
1784010327.879883051 2.692410 4.739325 -0.167716 -0.131491 0.012572 0.978734 0.156948
1784010327.885727882 2.688789 4.740494 -0.167697 -0.131075 0.012401 0.978784 0.156993
1784010327.890109062 2.686078 4.741371 -0.167705 -0.130761 0.012278 0.978823 0.157026
1784010327.895857096 2.682517 4.742519 -0.167739 -0.131355 0.012257 0.978747 0.157003
1784010327.900034904 2.679918 4.743357 -0.167775 -0.131785 0.012246 0.978692 0.156986
1784010327.905889034 2.676283 4.744536 -0.167831 -0.131421 0.012139 0.978741 0.156997
1784010327.910392046 2.673489 4.745453 -0.167862 -0.131490 0.012184 0.978734 0.156976
1784010327.915914059 2.670059 4.746580 -0.167881 -0.131692 0.012250 0.978712 0.156939
1784010327.920103073 2.667457 4.747438 -0.167893 -0.131844 0.012304 0.978695 0.156911
1784010327.925789118 2.663920 4.748606 -0.167884 -0.131757 0.012356 0.978707 0.156906
1784010327.925789118 2.663920 4.748606 -0.167884 -0.131757 0.012356 0.978707 0.156906
1784010327.925983906 2.663800 4.748645 -0.167883 -0.131754 0.012362 0.978708 0.156905
1784010327.930027008 2.661298 4.749464 -0.167838 -0.131675 0.012477 0.978719 0.156890
1784010327.935842037 2.657714 4.750639 -0.167771 -0.131501 0.012564 0.978742 0.156889
1784010327.940237999 2.655019 4.751526 -0.167742 -0.131371 0.012618 0.978758 0.156890
1784010327.945887089 2.651546 4.752667 -0.167703 -0.131515 0.012631 0.978732 0.156933
1784010327.950125933 2.648908 4.753533 -0.167660 -0.131624 0.012629 0.978712 0.156966
1784010327.955846071 2.645356 4.754687 -0.167614 -0.131495 0.012563 0.978717 0.157048
1784010327.960321903 2.642602 4.755569 -0.167611 -0.131395 0.012501 0.978721 0.157113
1784010327.965689898 2.639303 4.756620 -0.167607 -0.131476 0.012374 0.978696 0.157210
1784010327.970397949 2.636388 4.757554 -0.167577 -0.131547 0.012257 0.978674 0.157295
1784010327.975600958 2.633163 4.758577 -0.167541 -0.131477 0.012181 0.978672 0.157376
1784010327.979882002 2.630519 4.759397 -0.167530 -0.131419 0.012111 0.978670 0.157443
1784010327.985857964 2.626833 4.760530 -0.167522 -0.131432 0.012021 0.978660 0.157498
1784010327.990086079 2.624216 4.761343 -0.167513 -0.131442 0.011943 0.978653 0.157538
1784010327.996002913 2.620548 4.762480 -0.167506 -0.131409 0.011946 0.978654 0.157562
1784010328.000037909 2.618035 4.763259 -0.167514 -0.131387 0.011933 0.978654 0.157580
1784010328.005597115 2.614582 4.764330 -0.167538 -0.131482 0.011835 0.978640 0.157595
1784010328.010413885 2.611603 4.765259 -0.167577 -0.131564 0.011744 0.978628 0.157609
1784010328.015964985 2.608173 4.766339 -0.167614 -0.131313 0.011860 0.978662 0.157599
1784010328.020293951 2.605487 4.767197 -0.167624 -0.131118 0.011941 0.978688 0.157592
1784010328.025722027 2.602120 4.768280 -0.167621 -0.131020 0.012091 0.978703 0.157570
1784010328.025722027 2.602120 4.768280 -0.167621 -0.131020 0.012091 0.978703 0.157570
1784010328.025880098 2.602024 4.768310 -0.167621 -0.131018 0.012093 0.978703 0.157570
1784010328.030162096 2.599407 4.769130 -0.167605 -0.130945 0.012152 0.978712 0.157573
1784010328.035876989 2.595921 4.770230 -0.167578 -0.130777 0.012237 0.978731 0.157588
1784010328.040258884 2.593244 4.771090 -0.167555 -0.130649 0.012300 0.978745 0.157597
1784010328.045761108 2.589883 4.772174 -0.167532 -0.130554 0.012440 0.978751 0.157631
1784010328.049851894 2.587379 4.772988 -0.167530 -0.130484 0.012543 0.978755 0.157655
1784010328.055932999 2.583662 4.774196 -0.167533 -0.130696 0.012667 0.978716 0.157712
1784010328.060388088 2.580932 4.775093 -0.167535 -0.130852 0.012756 0.978688 0.157750
1784010328.065819979 2.577611 4.776187 -0.167537 -0.130818 0.012871 0.978682 0.157808
1784010328.070094109 2.575000 4.777053 -0.167541 -0.130790 0.012960 0.978677 0.157851
1784010328.075819969 2.571496 4.778214 -0.167539 -0.130649 0.013144 0.978686 0.157900
1784010328.079978943 2.568933 4.779068 -0.167527 -0.130795 0.013310 0.978660 0.157927
1784010328.085448027 2.565576 4.780173 -0.167512 -0.130997 0.013443 0.978623 0.157976
1784010328.090087891 2.562744 4.781102 -0.167513 -0.130791 0.013384 0.978640 0.158042
1784010328.095622063 2.559353 4.782212 -0.167511 -0.130410 0.013312 0.978678 0.158130
1784010328.100199938 2.556517 4.783146 -0.167499 -0.130460 0.013406 0.978664 0.158170
1784010328.105593920 2.553178 4.784240 -0.167485 -0.130754 0.013577 0.978615 0.158215
1784010328.109839916 2.550562 4.785093 -0.167488 -0.130713 0.013596 0.978613 0.158261
1784010328.115884066 2.546836 4.786301 -0.167492 -0.130490 0.013542 0.978631 0.158339
1784010328.120132923 2.544193 4.787170 -0.167477 -0.130605 0.013654 0.978610 0.158362
1784010328.125539064 2.540832 4.788281 -0.167438 -0.130905 0.014013 0.978567 0.158351
1784010328.125539064 2.540832 4.788281 -0.167438 -0.130905 0.014013 0.978567 0.158351
1784010328.125916958 2.540601 4.788352 -0.167434 -0.130926 0.014036 0.978564 0.158349
1784010328.130108118 2.538046 4.789136 -0.167390 -0.130991 0.014152 0.978551 0.158364
1784010328.135874987 2.534544 4.790195 -0.167337 -0.130861 0.014028 0.978560 0.158424
1784010328.140317917 2.531840 4.791027 -0.167296 -0.130798 0.014005 0.978563 0.158464
1784010328.145883083 2.528456 4.792076 -0.167244 -0.130831 0.014121 0.978550 0.158506
1784010328.149852037 2.526037 4.792839 -0.167216 -0.130869 0.014250 0.978537 0.158544
1784010328.155864954 2.522372 4.793973 -0.167193 -0.130986 0.014211 0.978509 0.158624
1784010328.160039902 2.519824 4.794768 -0.167196 -0.131023 0.014134 0.978495 0.158681
1784010328.165895939 2.516269 4.795880 -0.167209 -0.131023 0.014204 0.978488 0.158724
1784010328.170428038 2.513511 4.796757 -0.167220 -0.131126 0.014362 0.978467 0.158751
1784010328.175697088 2.510289 4.797775 -0.167223 -0.131431 0.014506 0.978419 0.158782
1784010328.180335045 2.507447 4.798670 -0.167225 -0.131634 0.014478 0.978385 0.158827
1784010328.185379028 2.504372 4.799636 -0.167226 -0.131652 0.014384 0.978376 0.158877
1784010328.190125942 2.501489 4.800551 -0.167218 -0.131607 0.014364 0.978373 0.158935
1784010328.195830107 2.498025 4.801648 -0.167194 -0.131640 0.014397 0.978358 0.158992
1784010328.200120926 2.495411 4.802477 -0.167177 -0.131623 0.014316 0.978352 0.159051
1784010328.205697060 2.492023 4.803537 -0.167156 -0.131544 0.014132 0.978349 0.159151
1784010328.209841013 2.489503 4.804329 -0.167141 -0.131551 0.014016 0.978339 0.159218
1784010328.215809107 2.485889 4.805458 -0.167114 -0.131603 0.013859 0.978319 0.159313
1784010328.220179081 2.483244 4.806292 -0.167095 -0.131477 0.013759 0.978325 0.159389
1784010328.225654125 2.479924 4.807327 -0.167065 -0.131332 0.013594 0.978332 0.159477
1784010328.225654125 2.479924 4.807327 -0.167065 -0.131332 0.013594 0.978332 0.159477
1784010328.225830078 2.479817 4.807359 -0.167063 -0.131325 0.013590 0.978333 0.159479
1784010328.230164051 2.477180 4.808132 -0.167021 -0.131394 0.013495 0.978317 0.159527
1784010328.235884905 2.473707 4.809151 -0.166964 -0.131534 0.013464 0.978295 0.159553
1784010328.240309000 2.471037 4.809942 -0.166924 -0.131461 0.013524 0.978303 0.159556
1784010328.245817900 2.467701 4.810933 -0.166876 -0.131384 0.013594 0.978311 0.159564
1784010328.249871016 2.465235 4.811672 -0.166837 -0.131542 0.013665 0.978290 0.159559
1784010328.255748987 2.461662 4.812744 -0.166792 -0.131742 0.013749 0.978261 0.159561
1784010328.259834051 2.459197 4.813489 -0.166777 -0.131696 0.013708 0.978264 0.159588
1784010328.265990019 2.455485 4.814616 -0.166771 -0.131492 0.013602 0.978284 0.159641
1784010328.270358086 2.452847 4.815430 -0.166770 -0.131504 0.013590 0.978275 0.159685
1784010328.275698900 2.449614 4.816437 -0.166770 -0.131588 0.013713 0.978255 0.159732
1784010328.280035019 2.446990 4.817260 -0.166773 -0.131637 0.013801 0.978239 0.159778
1784010328.285542011 2.443661 4.818305 -0.166780 -0.131665 0.013860 0.978225 0.159837
1784010328.290023088 2.440961 4.819162 -0.166784 -0.131658 0.013958 0.978218 0.159880
1784010328.295892000 2.437427 4.820294 -0.166783 -0.131588 0.014170 0.978216 0.159930
1784010328.300054073 2.434917 4.821106 -0.166773 -0.131634 0.014310 0.978202 0.159966
1784010328.305630922 2.431547 4.822189 -0.166749 -0.131767 0.014437 0.978174 0.160013
1784010328.310246944 2.428770 4.823083 -0.166726 -0.131775 0.014488 0.978166 0.160055
1784010328.315655947 2.425527 4.824133 -0.166696 -0.131627 0.014581 0.978176 0.160103
1784010328.319829941 2.423022 4.824952 -0.166666 -0.131561 0.014750 0.978178 0.160128
1784010328.325447083 2.419633 4.826061 -0.166621 -0.131589 0.015049 0.978168 0.160141
1784010328.325447083 2.419633 4.826061 -0.166621 -0.131589 0.015049 0.978168 0.160141
1784010328.325875998 2.419365 4.826153 -0.166619 -0.131597 0.015071 0.978166 0.160143
1784010328.330230951 2.416633 4.827089 -0.166613 -0.131659 0.015243 0.978152 0.160164
1784010328.335877895 2.413093 4.828303 -0.166623 -0.131659 0.015331 0.978143 0.160211
1784010328.340312958 2.410330 4.829247 -0.166640 -0.131620 0.015375 0.978139 0.160261
1784010328.345729113 2.406934 4.830413 -0.166667 -0.131581 0.015451 0.978134 0.160319
1784010328.350049973 2.404223 4.831338 -0.166684 -0.131653 0.015515 0.978116 0.160360
1784010328.355845928 2.400578 4.832581 -0.166709 -0.131803 0.015576 0.978087 0.160408
1784010328.360101938 2.397930 4.833472 -0.166731 -0.131796 0.015488 0.978081 0.160459
1784010328.365834951 2.394345 4.834679 -0.166771 -0.131683 0.015293 0.978087 0.160537
1784010328.369966030 2.391759 4.835548 -0.166794 -0.131749 0.015249 0.978072 0.160579
1784010328.375915051 2.388005 4.836824 -0.166822 -0.132147 0.015375 0.978012 0.160601
1784010328.380116940 2.385385 4.837708 -0.166845 -0.132310 0.015431 0.977985 0.160626
1784010328.385672092 2.381925 4.838873 -0.166906 -0.132215 0.015262 0.977991 0.160684
1784010328.390413046 2.378967 4.839868 -0.166969 -0.132237 0.015151 0.977982 0.160732
1784010328.395704031 2.375637 4.841008 -0.167030 -0.132648 0.015280 0.977923 0.160739
1784010328.400191069 2.372826 4.841979 -0.167073 -0.132996 0.015483 0.977875 0.160729
1784010328.405823946 2.369320 4.843195 -0.167136 -0.132993 0.015551 0.977873 0.160737
1784010328.409987926 2.366755 4.844080 -0.167182 -0.132816 0.015439 0.977895 0.160754
1784010328.415843010 2.363118 4.845360 -0.167228 -0.132761 0.015462 0.977900 0.160767
1784010328.420128107 2.360461 4.846307 -0.167240 -0.132900 0.015673 0.977879 0.160763
1784010328.425719023 2.356991 4.847557 -0.167249 -0.133030 0.015993 0.977858 0.160754
1784010328.425719023 2.356991 4.847557 -0.167249 -0.133030 0.015993 0.977858 0.160754
1784010328.425868988 2.356894 4.847590 -0.167249 -0.133032 0.016003 0.977857 0.160755
1784010328.430250883 2.354094 4.848566 -0.167261 -0.132923 0.016058 0.977861 0.160814
1784010328.435853958 2.350505 4.849810 -0.167290 -0.132690 0.015924 0.977875 0.160937
1784010328.440321922 2.347637 4.850817 -0.167319 -0.132705 0.015951 0.977856 0.161036
1784010328.445724010 2.344152 4.852047 -0.167356 -0.132997 0.016189 0.977795 0.161142
1784010328.450067043 2.341364 4.853031 -0.167394 -0.133166 0.016270 0.977754 0.161244
1784010328.455872059 2.337649 4.854320 -0.167461 -0.133039 0.016051 0.977739 0.161459
1784010328.460220098 2.334879 4.855281 -0.167510 -0.132956 0.015873 0.977727 0.161620
1784010328.465660095 2.331392 4.856490 -0.167545 -0.133141 0.015876 0.977671 0.161805
1784010328.469974995 2.328625 4.857452 -0.167558 -0.133320 0.015940 0.977626 0.161924
1784010328.475604057 2.325018 4.858684 -0.167577 -0.133263 0.015864 0.977605 0.162103
1784010328.480082989 2.322165 4.859651 -0.167602 -0.133132 0.015696 0.977603 0.162240
1784010328.485639095 2.318611 4.860847 -0.167642 -0.133160 0.015594 0.977578 0.162380
1784010328.490467072 2.315517 4.861895 -0.167693 -0.133362 0.015597 0.977533 0.162483
1784010328.495569944 2.312252 4.863006 -0.167768 -0.133526 0.015678 0.977495 0.162572
1784010328.500005960 2.309437 4.863971 -0.167848 -0.133526 0.015698 0.977481 0.162651
1784010328.505980015 2.305657 4.865269 -0.167960 -0.133421 0.015708 0.977475 0.162770
1784010328.510274887 2.302960 4.866213 -0.168034 -0.133353 0.015787 0.977470 0.162853
1784010328.515881062 2.299441 4.867455 -0.168113 -0.133298 0.016028 0.977457 0.162947
1784010328.519790888 2.297004 4.868326 -0.168156 -0.133224 0.016179 0.977455 0.163008
1784010328.525496006 2.293440 4.869593 -0.168203 -0.133000 0.016276 0.977467 0.163110
1784010328.525496006 2.293440 4.869593 -0.168203 -0.133000 0.016276 0.977467 0.163110
1784010328.525830984 2.293229 4.869661 -0.168203 -0.132986 0.016274 0.977468 0.163113
1784010328.529861927 2.290691 4.870472 -0.168193 -0.132866 0.016175 0.977478 0.163161
1784010328.535841942 2.286939 4.871669 -0.168171 -0.132732 0.016114 0.977488 0.163219
1784010328.540194035 2.284224 4.872559 -0.168170 -0.132637 0.016150 0.977494 0.163255
1784010328.545820951 2.280713 4.873702 -0.168177 -0.132610 0.016129 0.977489 0.163308
1784010328.549938917 2.278143 4.874552 -0.168191 -0.132707 0.016140 0.977469 0.163350
1784010328.555864096 2.274446 4.875764 -0.168207 -0.132903 0.016242 0.977435 0.163382
1784010328.559920073 2.271929 4.876604 -0.168225 -0.132986 0.016349 0.977417 0.163410
1784010328.565922022 2.268221 4.877825 -0.168255 -0.132975 0.016400 0.977410 0.163460
1784010328.570228100 2.265574 4.878713 -0.168282 -0.132921 0.016444 0.977406 0.163518
1784010328.575673103 2.262234 4.879825 -0.168308 -0.132846 0.016519 0.977404 0.163588
1784010328.579953909 2.259617 4.880701 -0.168328 -0.132833 0.016515 0.977394 0.163657
1784010328.585880041 2.256006 4.881888 -0.168348 -0.132733 0.016420 0.977393 0.163753
1784010328.590384007 2.253276 4.882794 -0.168367 -0.132569 0.016339 0.977404 0.163831
1784010328.595701933 2.250060 4.883856 -0.168383 -0.132408 0.016243 0.977413 0.163918
1784010328.600152969 2.247375 4.884753 -0.168389 -0.132376 0.016303 0.977408 0.163967
1784010328.605679989 2.244047 4.885852 -0.168385 -0.132394 0.016361 0.977396 0.164015
1784010328.610272884 2.241292 4.886764 -0.168384 -0.132391 0.016324 0.977389 0.164062
1784010328.615873098 2.237943 4.887869 -0.168374 -0.132375 0.016315 0.977384 0.164109
1784010328.620018959 2.235474 4.888701 -0.168364 -0.132405 0.016395 0.977374 0.164135
1784010328.625777006 2.232058 4.889840 -0.168343 -0.132405 0.016470 0.977367 0.164171
1784010328.625841141 2.232020 4.889851 -0.168342 -0.132402 0.016469 0.977367 0.164172
1784010328.625841141 2.232020 4.889851 -0.168342 -0.132402 0.016469 0.977367 0.164172
1784010328.629909039 2.229595 4.890663 -0.168327 -0.132330 0.016565 0.977369 0.164210
1784010328.635911942 2.226023 4.891863 -0.168316 -0.132226 0.016613 0.977370 0.164281
1784010328.640374899 2.223375 4.892751 -0.168320 -0.132249 0.016624 0.977356 0.164345
1784010328.645823002 2.220150 4.893840 -0.168338 -0.132298 0.016661 0.977334 0.164430
1784010328.650227070 2.217560 4.894720 -0.168361 -0.132258 0.016723 0.977329 0.164490
1784010328.655883074 2.214242 4.895852 -0.168398 -0.132189 0.016832 0.977325 0.164556
1784010328.659936905 2.211870 4.896658 -0.168430 -0.132235 0.016897 0.977310 0.164603
1784010328.665863037 2.208402 4.897837 -0.168478 -0.132443 0.017002 0.977272 0.164650
1784010328.670106888 2.205929 4.898676 -0.168509 -0.132614 0.017056 0.977241 0.164690
1784010328.675983906 2.202518 4.899840 -0.168539 -0.132719 0.017111 0.977217 0.164740
1784010328.680053949 2.200174 4.900641 -0.168551 -0.132672 0.017136 0.977217 0.164780
1784010328.685863972 2.196837 4.901781 -0.168557 -0.132549 0.017095 0.977225 0.164835
1784010328.690876007 2.193970 4.902757 -0.168558 -0.132460 0.017025 0.977229 0.164886
1784010328.695422888 2.191376 4.903638 -0.168560 -0.132405 0.016947 0.977228 0.164946
1784010328.700105906 2.188711 4.904545 -0.168563 -0.132367 0.016876 0.977223 0.165014
1784010328.705887079 2.185433 4.905666 -0.168569 -0.132277 0.016848 0.977224 0.165082
1784010328.710083008 2.183068 4.906472 -0.168577 -0.132163 0.016820 0.977231 0.165133
1784010328.715986967 2.179744 4.907603 -0.168593 -0.132031 0.016636 0.977236 0.165228
1784010328.720201969 2.177380 4.908403 -0.168607 -0.131983 0.016506 0.977233 0.165301
1784010328.725814104 2.174237 4.909471 -0.168615 -0.132002 0.016432 0.977219 0.165373
1784010328.725910187 2.174183 4.909490 -0.168615 -0.132003 0.016431 0.977219 0.165373
1784010328.725910187 2.174183 4.909490 -0.168615 -0.132003 0.016431 0.977219 0.165373
1784010328.730475903 2.171584 4.910349 -0.168618 -0.132021 0.016387 0.977204 0.165454
1784010328.735850096 2.168534 4.911357 -0.168613 -0.131988 0.016386 0.977194 0.165535
1784010328.740183115 2.166088 4.912167 -0.168602 -0.131980 0.016372 0.977187 0.165586
1784010328.745960951 2.162825 4.913248 -0.168591 -0.131988 0.016377 0.977177 0.165636
1784010328.750030041 2.160538 4.914013 -0.168584 -0.132021 0.016380 0.977167 0.165673
1784010328.755810976 2.157296 4.915101 -0.168595 -0.132034 0.016333 0.977154 0.165744
1784010328.760047913 2.154939 4.915903 -0.168616 -0.131992 0.016283 0.977151 0.165797
1784010328.765918016 2.151678 4.917014 -0.168670 -0.131919 0.016184 0.977145 0.165900
1784010328.770124912 2.149354 4.917816 -0.168718 -0.131893 0.016152 0.977137 0.165970
1784010328.775593996 2.146329 4.918863 -0.168790 -0.131902 0.016166 0.977120 0.166065
1784010328.780144930 2.143818 4.919740 -0.168850 -0.131945 0.016209 0.977101 0.166136
1784010328.785761118 2.140723 4.920827 -0.168922 -0.131974 0.016318 0.977083 0.166209
1784010328.789797068 2.138512 4.921610 -0.168966 -0.131961 0.016380 0.977074 0.166266
1784010328.795566082 2.135352 4.922732 -0.169023 -0.131920 0.016454 0.977064 0.166349
1784010328.800039053 2.132912 4.923607 -0.169055 -0.131931 0.016539 0.977051 0.166409
1784010328.805800915 2.129769 4.924734 -0.169088 -0.131971 0.016624 0.977030 0.166490
1784010328.810199976 2.127376 4.925598 -0.169102 -0.131931 0.016684 0.977025 0.166548
1784010328.815676928 2.124383 4.926679 -0.169117 -0.131873 0.016788 0.977021 0.166605
1784010328.820049047 2.121995 4.927547 -0.169126 -0.131910 0.016893 0.977008 0.166640
1784010328.825716972 2.118908 4.928669 -0.169153 -0.131926 0.017030 0.976994 0.166700
1784010328.825791121 2.118868 4.928684 -0.169154 -0.131923 0.017032 0.976994 0.166701
1784010328.825791121 2.118868 4.928684 -0.169154 -0.131923 0.017032 0.976994 0.166701
1784010328.830024958 2.116540 4.929503 -0.169153 -0.131836 0.017116 0.976997 0.166745
1784010328.835846901 2.113332 4.930634 -0.169156 -0.131708 0.017269 0.977000 0.166810
1784010328.840281963 2.110881 4.931504 -0.169159 -0.131708 0.017446 0.976991 0.166844
1784010328.845772028 2.107840 4.932574 -0.169164 -0.131760 0.017630 0.976975 0.166878
1784010328.850146055 2.105431 4.933420 -0.169176 -0.131690 0.017687 0.976976 0.166922
1784010328.855803967 2.102326 4.934509 -0.169198 -0.131476 0.017698 0.976991 0.167002
1784010328.860110998 2.099967 4.935345 -0.169214 -0.131352 0.017786 0.976998 0.167050
1784010328.865858078 2.096799 4.936458 -0.169225 -0.131348 0.017964 0.976987 0.167098
1784010328.870078087 2.094469 4.937271 -0.169231 -0.131411 0.017962 0.976971 0.167142
1784010328.875786066 2.091325 4.938356 -0.169238 -0.131382 0.017831 0.976963 0.167224
1784010328.880100012 2.088967 4.939172 -0.169249 -0.131272 0.017715 0.976969 0.167291
1784010328.885868073 2.085809 4.940267 -0.169259 -0.131227 0.017692 0.976964 0.167358
1784010328.890883923 2.083054 4.941228 -0.169259 -0.131353 0.017797 0.976939 0.167393
1784010328.895802021 2.080345 4.942165 -0.169260 -0.131494 0.017833 0.976915 0.167418
1784010328.900113106 2.077976 4.942979 -0.169271 -0.131521 0.017740 0.976907 0.167451
1784010328.905589104 2.074974 4.944010 -0.169298 -0.131520 0.017618 0.976903 0.167489
1784010328.909976006 2.072577 4.944846 -0.169330 -0.131582 0.017627 0.976892 0.167506
1784010328.915810108 2.069381 4.945964 -0.169375 -0.131712 0.017726 0.976870 0.167521
1784010328.920247078 2.066952 4.946818 -0.169410 -0.131805 0.017742 0.976855 0.167531
1784010328.925696135 2.063972 4.947861 -0.169447 -0.131825 0.017703 0.976853 0.167532
1784010328.925696135 2.063972 4.947861 -0.169447 -0.131825 0.017703 0.976853 0.167532
1784010328.925851107 2.063886 4.947890 -0.169447 -0.131825 0.017701 0.976853 0.167532
1784010328.930135012 2.061519 4.948696 -0.169455 -0.131762 0.017638 0.976865 0.167521
1784010328.935834885 2.058379 4.949778 -0.169457 -0.131621 0.017667 0.976887 0.167496
1784010328.940217018 2.055973 4.950623 -0.169448 -0.131563 0.017779 0.976897 0.167474
1784010328.946012020 2.052791 4.951742 -0.169421 -0.131550 0.017917 0.976898 0.167461
1784010328.949975967 2.050621 4.952509 -0.169398 -0.131501 0.017943 0.976904 0.167463
1784010328.955836058 2.047411 4.953641 -0.169367 -0.131366 0.017892 0.976921 0.167477
1784010328.960196972 2.045027 4.954492 -0.169350 -0.131293 0.017892 0.976928 0.167493
1784010328.965786934 2.041972 4.955587 -0.169339 -0.131306 0.017896 0.976917 0.167545
1784010328.970026016 2.039662 4.956423 -0.169339 -0.131338 0.017939 0.976901 0.167607
1784010328.976043940 2.036377 4.957603 -0.169346 -0.131367 0.017943 0.976881 0.167701
1784010328.980160952 2.034130 4.958409 -0.169354 -0.131403 0.017855 0.976865 0.167779
1784010328.985594034 2.031162 4.959469 -0.169362 -0.131417 0.017813 0.976848 0.167867
1784010328.989844084 2.028850 4.960294 -0.169367 -0.131399 0.017740 0.976837 0.167955
1784010328.995526075 2.025766 4.961386 -0.169369 -0.131325 0.017486 0.976825 0.168108
1784010329.000051975 2.023315 4.962251 -0.169364 -0.131246 0.017314 0.976821 0.168214
1784010329.005801916 2.020191 4.963343 -0.169343 -0.131200 0.017079 0.976809 0.168343
1784010329.009932995 2.017938 4.964128 -0.169321 -0.131175 0.016953 0.976804 0.168406
1784010329.015790939 2.014726 4.965231 -0.169293 -0.131176 0.016749 0.976796 0.168470
1784010329.020318985 2.012251 4.966083 -0.169282 -0.131203 0.016611 0.976787 0.168513
1784010329.025811911 2.009258 4.967117 -0.169287 -0.131135 0.016588 0.976792 0.168538
1784010329.025876045 2.009223 4.967129 -0.169287 -0.131135 0.016586 0.976792 0.168538
1784010329.025876045 2.009223 4.967129 -0.169287 -0.131135 0.016586 0.976792 0.168538
1784010329.030070066 2.006889 4.967900 -0.169295 -0.131131 0.016486 0.976789 0.168568
1784010329.035832882 2.003654 4.968964 -0.169309 -0.131274 0.016349 0.976770 0.168585
1784010329.040082932 2.001269 4.969759 -0.169317 -0.131375 0.016303 0.976757 0.168584
1784010329.045842886 1.998058 4.970833 -0.169330 -0.131241 0.016209 0.976775 0.168591
1784010329.049880028 1.995828 4.971592 -0.169338 -0.130990 0.016177 0.976809 0.168594
1784010329.055818081 1.992537 4.972720 -0.169335 -0.130748 0.016220 0.976839 0.168607
1784010329.060293913 1.990050 4.973584 -0.169317 -0.130733 0.016333 0.976839 0.168607
1784010329.065834045 1.986965 4.974657 -0.169281 -0.130662 0.016428 0.976846 0.168612
1784010329.070226908 1.984523 4.975514 -0.169250 -0.130472 0.016421 0.976868 0.168631
1784010329.075793982 1.981417 4.976609 -0.169217 -0.130188 0.016386 0.976902 0.168654
1784010329.080050945 1.979042 4.977460 -0.169201 -0.130080 0.016402 0.976912 0.168681
1784010329.085855961 1.975797 4.978626 -0.169199 -0.130071 0.016493 0.976903 0.168731
1784010329.089812994 1.973588 4.979429 -0.169210 -0.130134 0.016562 0.976888 0.168760
1784010329.095839024 1.970199 4.980650 -0.169235 -0.130218 0.016603 0.976867 0.168817
1784010329.099915981 1.967906 4.981483 -0.169253 -0.130285 0.016682 0.976853 0.168838
1784010329.105664968 1.964678 4.982656 -0.169278 -0.130358 0.016910 0.976836 0.168853
1784010329.110105991 1.962200 4.983559 -0.169302 -0.130393 0.017020 0.976825 0.168882
1784010329.115658045 1.959113 4.984676 -0.169338 -0.130348 0.017036 0.976822 0.168935
1784010329.120239973 1.956576 4.985594 -0.169362 -0.130220 0.017057 0.976833 0.168964
1784010329.125581026 1.953607 4.986660 -0.169378 -0.130118 0.017033 0.976841 0.169001
1784010329.125581026 1.953607 4.986660 -0.169378 -0.130118 0.017033 0.976841 0.169001
1784010329.125858068 1.953451 4.986714 -0.169378 -0.130113 0.017032 0.976841 0.169003
1784010329.130151033 1.951032 4.987555 -0.169388 -0.130097 0.017066 0.976838 0.169030
1784010329.135807037 1.947853 4.988656 -0.169402 -0.130036 0.017131 0.976840 0.169056
1784010329.140042067 1.945489 4.989476 -0.169423 -0.129929 0.017124 0.976849 0.169088
1784010329.145832062 1.942257 4.990599 -0.169460 -0.129828 0.017217 0.976853 0.169132
1784010329.150190115 1.939817 4.991452 -0.169480 -0.129975 0.017346 0.976828 0.169151
1784010329.155961990 1.936589 4.992575 -0.169501 -0.130257 0.017476 0.976785 0.169170
1784010329.159820080 1.934448 4.993319 -0.169508 -0.130448 0.017561 0.976756 0.169180
1784010329.165760040 1.931163 4.994460 -0.169515 -0.130287 0.017487 0.976767 0.169251
1784010329.170207977 1.928707 4.995324 -0.169506 -0.130320 0.017589 0.976756 0.169278
1784010329.175734997 1.925661 4.996399 -0.169487 -0.130519 0.017768 0.976720 0.169311
1784010329.179886103 1.923385 4.997203 -0.169467 -0.130670 0.017901 0.976694 0.169334
1784010329.185962915 1.920055 4.998376 -0.169447 -0.130310 0.017921 0.976732 0.169392
1784010329.189901114 1.917896 4.999138 -0.169436 -0.130079 0.017932 0.976756 0.169427
1784010329.195265055 1.914962 5.000177 -0.169443 -0.130124 0.017995 0.976739 0.169481
1784010329.199984074 1.912397 5.001096 -0.169472 -0.130165 0.018050 0.976725 0.169529
1784010329.205806017 1.909237 5.002229 -0.169526 -0.130117 0.017990 0.976716 0.169623
1784010329.209964991 1.906974 5.003041 -0.169562 -0.130085 0.017946 0.976709 0.169689
1784010329.215884924 1.903749 5.004196 -0.169615 -0.130257 0.018044 0.976679 0.169724
1784010329.219898939 1.901564 5.004983 -0.169646 -0.130375 0.018109 0.976658 0.169746
1784010329.225573063 1.898483 5.006091 -0.169691 -0.130497 0.018219 0.976632 0.169792
1784010329.225573063 1.898483 5.006091 -0.169691 -0.130497 0.018219 0.976632 0.169792
1784010329.225769997 1.898375 5.006129 -0.169692 -0.130501 0.018222 0.976631 0.169793
1784010329.230215073 1.895939 5.006978 -0.169713 -0.130574 0.018292 0.976616 0.169814
1784010329.235800982 1.892878 5.008043 -0.169729 -0.130549 0.018248 0.976615 0.169845
1784010329.240253925 1.890433 5.008894 -0.169727 -0.130535 0.018215 0.976613 0.169871
1784010329.245640993 1.887473 5.009918 -0.169718 -0.130423 0.018157 0.976625 0.169891
1784010329.250174046 1.884990 5.010773 -0.169715 -0.130333 0.018109 0.976635 0.169909
1784010329.255825043 1.881886 5.011844 -0.169714 -0.130151 0.017921 0.976653 0.169968
1784010329.259937048 1.879619 5.012639 -0.169713 -0.130026 0.017786 0.976664 0.170011
1784010329.265779972 1.876386 5.013767 -0.169723 -0.130050 0.017768 0.976656 0.170043
1784010329.270143986 1.873975 5.014602 -0.169743 -0.130075 0.017757 0.976649 0.170067
1784010329.275863886 1.870811 5.015691 -0.169770 -0.129883 0.017606 0.976668 0.170119
1784010329.280420065 1.868293 5.016562 -0.169779 -0.129736 0.017488 0.976682 0.170162
1784010329.285584927 1.865438 5.017548 -0.169779 -0.129720 0.017454 0.976677 0.170203
1784010329.290159941 1.862914 5.018419 -0.169771 -0.129709 0.017424 0.976673 0.170240
1784010329.295428991 1.859998 5.019418 -0.169752 -0.129605 0.017277 0.976680 0.170293
1784010329.300211906 1.857343 5.020328 -0.169721 -0.129615 0.017141 0.976675 0.170330
1784010329.305767059 1.854261 5.021387 -0.169682 -0.129527 0.017210 0.976686 0.170328
1784010329.310136080 1.851846 5.022223 -0.169660 -0.129463 0.017265 0.976693 0.170328
1784010329.316035032 1.848567 5.023362 -0.169637 -0.129511 0.017126 0.976684 0.170359
1784010329.319992065 1.846350 5.024144 -0.169624 -0.129552 0.017036 0.976676 0.170381
1784010329.325680971 1.843153 5.025270 -0.169626 -0.129436 0.017036 0.976687 0.170407
1784010329.325680971 1.843153 5.025270 -0.169626 -0.129436 0.017036 0.976687 0.170407
1784010329.325793028 1.843090 5.025292 -0.169626 -0.129434 0.017036 0.976687 0.170408
1784010329.330082893 1.840674 5.026121 -0.169648 -0.129364 0.017053 0.976691 0.170436
1784010329.335792065 1.837443 5.027232 -0.169688 -0.129429 0.016997 0.976673 0.170500
1784010329.340415001 1.834799 5.028151 -0.169713 -0.129485 0.016950 0.976657 0.170551
1784010329.345767021 1.831745 5.029221 -0.169744 -0.129861 0.017119 0.976600 0.170575
1784010329.349872112 1.829430 5.030041 -0.169782 -0.129834 0.017241 0.976598 0.170596
1784010329.355777025 1.826084 5.031223 -0.169831 -0.129936 0.017322 0.976572 0.170659
1784010329.360255003 1.823518 5.032132 -0.169840 -0.130018 0.017381 0.976551 0.170707
1784010329.365583897 1.820463 5.033215 -0.169834 -0.130378 0.017539 0.976500 0.170707
1784010329.369776964 1.818085 5.034065 -0.169828 -0.130353 0.017666 0.976497 0.170731
1784010329.375632048 1.814764 5.035252 -0.169816 -0.130097 0.017764 0.976523 0.170771
1784010329.379846096 1.812357 5.036113 -0.169796 -0.130063 0.017751 0.976520 0.170811
1784010329.385782003 1.808952 5.037333 -0.169759 -0.130105 0.017872 0.976513 0.170810
1784010329.390093088 1.806487 5.038226 -0.169731 -0.130067 0.018038 0.976512 0.170826
1784010329.395545006 1.803359 5.039357 -0.169699 -0.130074 0.018117 0.976504 0.170860
1784010329.400171995 1.800689 5.040330 -0.169680 -0.129979 0.018169 0.976508 0.170902
1784010329.405931950 1.797356 5.041552 -0.169672 -0.129776 0.018361 0.976528 0.170924
1784010329.410053015 1.794976 5.042430 -0.169676 -0.129737 0.018523 0.976524 0.170957
1784010329.415865898 1.791605 5.043664 -0.169695 -0.129872 0.018710 0.976497 0.170988
1784010329.419989109 1.789206 5.044541 -0.169718 -0.129872 0.018738 0.976489 0.171032
1784010329.425822020 1.785811 5.045780 -0.169757 -0.129711 0.018724 0.976499 0.171099
1784010329.425822020 1.785811 5.045780 -0.169757 -0.129711 0.018724 0.976499 0.171099
1784010329.425973892 1.785722 5.045811 -0.169757 -0.129707 0.018724 0.976499 0.171101
1784010329.429866076 1.783436 5.046625 -0.169765 -0.129651 0.018791 0.976498 0.171140
1784010329.435839891 1.779921 5.047867 -0.169761 -0.129834 0.018976 0.976465 0.171173
1784010329.440387964 1.777258 5.048798 -0.169759 -0.129860 0.018898 0.976454 0.171219
1784010329.445554972 1.774245 5.049841 -0.169766 -0.129588 0.018663 0.976484 0.171280
1784010329.449970961 1.771661 5.050739 -0.169765 -0.129486 0.018559 0.976492 0.171327
1784010329.455748081 1.768253 5.051926 -0.169739 -0.129887 0.018702 0.976435 0.171330
1784010329.459943056 1.765786 5.052787 -0.169721 -0.130068 0.018767 0.976410 0.171332
1784010329.465811968 1.762345 5.053973 -0.169732 -0.129799 0.018545 0.976443 0.171369
1784010329.470089912 1.759830 5.054844 -0.169754 -0.129752 0.018391 0.976447 0.171396
1784010329.475610971 1.756565 5.055987 -0.169773 -0.130248 0.018494 0.976382 0.171384
1784010329.479976892 1.753994 5.056900 -0.169788 -0.130536 0.018646 0.976343 0.171368
1784010329.485485077 1.750764 5.058044 -0.169815 -0.130353 0.018624 0.976366 0.171376
1784010329.489988089 1.748122 5.058982 -0.169832 -0.130203 0.018532 0.976388 0.171378
1784010329.495856047 1.744674 5.060221 -0.169831 -0.130360 0.018613 0.976371 0.171349
1784010329.500364065 1.742043 5.061184 -0.169823 -0.130378 0.018809 0.976369 0.171320
1784010329.505564928 1.739017 5.062295 -0.169812 -0.130164 0.018944 0.976396 0.171314
1784010329.509845018 1.736521 5.063213 -0.169800 -0.130087 0.018922 0.976405 0.171327
1784010329.515841007 1.733012 5.064506 -0.169783 -0.130110 0.018976 0.976399 0.171338
1784010329.520127058 1.730510 5.065438 -0.169782 -0.130107 0.019037 0.976394 0.171361
1784010329.525465012 1.727395 5.066599 -0.169798 -0.130167 0.019034 0.976375 0.171424
1784010329.525465012 1.727395 5.066599 -0.169798 -0.130167 0.019034 0.976375 0.171424
1784010329.525757074 1.727223 5.066660 -0.169799 -0.130171 0.019034 0.976374 0.171428
1784010329.530062914 1.724690 5.067565 -0.169813 -0.130210 0.019009 0.976357 0.171496
1784010329.535804987 1.721283 5.068773 -0.169836 -0.130100 0.018925 0.976355 0.171602
1784010329.540260077 1.718609 5.069720 -0.169847 -0.130211 0.018897 0.976328 0.171675
1784010329.545618057 1.715394 5.070854 -0.169846 -0.130657 0.018931 0.976252 0.171762
1784010329.550034046 1.712779 5.071777 -0.169852 -0.130695 0.018851 0.976234 0.171842
1784010329.555740118 1.709416 5.072951 -0.169877 -0.130319 0.018507 0.976259 0.172028
1784010329.560030937 1.706882 5.073840 -0.169878 -0.130355 0.018318 0.976234 0.172160
1784010329.565849066 1.703436 5.075043 -0.169842 -0.130737 0.018401 0.976167 0.172244
1784010329.570214033 1.700847 5.075937 -0.169814 -0.130697 0.018276 0.976161 0.172318
1784010329.575535059 1.697668 5.077021 -0.169793 -0.130458 0.017890 0.976181 0.172428
1784010329.580085993 1.694943 5.077959 -0.169777 -0.130580 0.017772 0.976158 0.172476
1784010329.585418940 1.691771 5.079065 -0.169777 -0.130748 0.017869 0.976130 0.172498
1784010329.589951992 1.689078 5.080007 -0.169805 -0.130578 0.017858 0.976147 0.172534
1784010329.595772028 1.685584 5.081223 -0.169845 -0.130517 0.017674 0.976148 0.172593
1784010329.600327015 1.682840 5.082190 -0.169864 -0.130761 0.017722 0.976113 0.172600
1784010329.605572939 1.679714 5.083302 -0.169887 -0.130737 0.017806 0.976116 0.172595
1784010329.609911919 1.677149 5.084230 -0.169909 -0.130397 0.017857 0.976155 0.172627
1784010329.615660906 1.673723 5.085473 -0.169908 -0.130251 0.017991 0.976168 0.172648
1784010329.620156050 1.671026 5.086459 -0.169887 -0.130340 0.018093 0.976153 0.172656
1784010329.625658035 1.667739 5.087663 -0.169870 -0.130252 0.018166 0.976158 0.172683
1784010329.625658035 1.667739 5.087663 -0.169870 -0.130252 0.018166 0.976158 0.172683
1784010329.625679016 1.667726 5.087667 -0.169870 -0.130251 0.018166 0.976158 0.172683
1784010329.630106926 1.665074 5.088610 -0.169857 -0.130042 0.018180 0.976179 0.172725
1784010329.635783911 1.661662 5.089829 -0.169849 -0.130045 0.018208 0.976167 0.172785
1784010329.640053034 1.659088 5.090760 -0.169848 -0.130036 0.018274 0.976159 0.172831
1784010329.645754099 1.655642 5.092012 -0.169856 -0.129986 0.018493 0.976153 0.172881
1784010329.650073051 1.653029 5.092961 -0.169867 -0.130185 0.018618 0.976116 0.172924
1784010329.655787945 1.649579 5.094210 -0.169892 -0.130424 0.018691 0.976072 0.172983
1784010329.659838915 1.647147 5.095099 -0.169919 -0.130324 0.018760 0.976075 0.173035
1784010329.665762901 1.643583 5.096405 -0.169943 -0.130151 0.018971 0.976082 0.173106
1784010329.669908047 1.641084 5.097325 -0.169942 -0.130238 0.019164 0.976060 0.173143
1784010329.675744057 1.637555 5.098607 -0.169937 -0.130185 0.019235 0.976051 0.173222
1784010329.680177927 1.634869 5.099581 -0.169943 -0.129967 0.019150 0.976068 0.173301
1784010329.685966969 1.631355 5.100861 -0.169944 -0.129903 0.019218 0.976060 0.173389
1784010329.689986944 1.628920 5.101757 -0.169940 -0.130003 0.019371 0.976036 0.173428
1784010329.695748091 1.625417 5.103040 -0.169940 -0.129901 0.019534 0.976035 0.173495
1784010329.700072050 1.622774 5.104007 -0.169939 -0.129860 0.019623 0.976031 0.173535
1784010329.705846071 1.619242 5.105291 -0.169932 -0.130167 0.019712 0.975978 0.173594
1784010329.710026026 1.616702 5.106221 -0.169929 -0.130292 0.019796 0.975952 0.173637
1784010329.715626955 1.613302 5.107472 -0.169918 -0.130103 0.019958 0.975961 0.173710
1784010329.719810963 1.610754 5.108416 -0.169896 -0.130039 0.020071 0.975960 0.173753
1784010329.725476027 1.607295 5.109693 -0.169861 -0.130135 0.020225 0.975931 0.173824
1784010329.725476027 1.607295 5.109693 -0.169861 -0.130135 0.020225 0.975931 0.173824
1784010329.725682020 1.607168 5.109739 -0.169860 -0.130139 0.020229 0.975930 0.173827
1784010329.729881048 1.604583 5.110671 -0.169851 -0.130093 0.020253 0.975924 0.173890
1784010329.735773087 1.600957 5.111977 -0.169870 -0.129906 0.020149 0.975928 0.174017
1784010329.740473032 1.598056 5.113033 -0.169891 -0.129853 0.020126 0.975919 0.174112
1784010329.745414019 1.594991 5.114156 -0.169916 -0.129912 0.020224 0.975898 0.174175
1784010329.750118017 1.592073 5.115226 -0.169949 -0.130019 0.020328 0.975871 0.174236
1784010329.755752087 1.588587 5.116497 -0.170011 -0.130112 0.020291 0.975844 0.174318
1784010329.759987116 1.585972 5.117452 -0.170062 -0.130161 0.020237 0.975827 0.174388
1784010329.765752077 1.582399 5.118764 -0.170118 -0.130231 0.020245 0.975802 0.174470
1784010329.769977093 1.579783 5.119736 -0.170136 -0.130294 0.020370 0.975784 0.174513
1784010329.775563002 1.576323 5.121012 -0.170141 -0.130335 0.020493 0.975767 0.174563
1784010329.779927969 1.573632 5.121996 -0.170144 -0.130220 0.020333 0.975771 0.174641
1784010329.785795927 1.570018 5.123318 -0.170157 -0.129846 0.020045 0.975807 0.174753
1784010329.790234089 1.567284 5.124332 -0.170157 -0.129658 0.019992 0.975819 0.174835
1784010329.795766115 1.563858 5.125605 -0.170147 -0.129714 0.020032 0.975796 0.174915
1784010329.799926043 1.561287 5.126558 -0.170139 -0.129699 0.020000 0.975788 0.174976
1784010329.805742025 1.557702 5.127874 -0.170156 -0.129440 0.019703 0.975805 0.175102
1784010329.809880972 1.555158 5.128813 -0.170173 -0.129310 0.019541 0.975810 0.175191
1784010329.815759897 1.551527 5.130164 -0.170180 -0.129399 0.019607 0.975781 0.175278
1784010329.820074081 1.548859 5.131164 -0.170170 -0.129510 0.019672 0.975757 0.175324
1784010329.825592041 1.545447 5.132435 -0.170155 -0.129533 0.019581 0.975740 0.175409
1784010329.825612068 1.545434 5.132439 -0.170155 -0.129533 0.019581 0.975740 0.175410
1784010329.825612068 1.545434 5.132439 -0.170155 -0.129533 0.019581 0.975740 0.175410
1784010329.829920053 1.542741 5.133405 -0.170121 -0.129520 0.019463 0.975733 0.175475
1784010329.835769892 1.539082 5.134725 -0.170078 -0.129559 0.019401 0.975714 0.175559
1784010329.840264082 1.536275 5.135755 -0.170047 -0.129579 0.019458 0.975700 0.175613
1784010329.845765114 1.532833 5.137020 -0.170018 -0.129536 0.019517 0.975694 0.175673
1784010329.850018978 1.530173 5.138000 -0.170010 -0.129510 0.019443 0.975687 0.175739
1784010329.855751038 1.526584 5.139318 -0.170024 -0.129522 0.019267 0.975669 0.175850
1784010329.860084057 1.523882 5.140325 -0.170051 -0.129524 0.019228 0.975658 0.175914
1784010329.865725040 1.520364 5.141652 -0.170092 -0.129490 0.019297 0.975647 0.175994
1784010329.869978905 1.517713 5.142666 -0.170120 -0.129474 0.019404 0.975635 0.176058
1784010329.875786066 1.514080 5.144050 -0.170148 -0.129555 0.019525 0.975608 0.176132
1784010329.880196095 1.511327 5.145102 -0.170163 -0.129679 0.019563 0.975581 0.176188
1784010329.885416031 1.508079 5.146354 -0.170174 -0.129706 0.019681 0.975565 0.176244
1784010329.890055895 1.505203 5.147476 -0.170172 -0.129610 0.019793 0.975566 0.176297
1784010329.895803928 1.501629 5.148867 -0.170151 -0.129488 0.019900 0.975568 0.176365
1784010329.900825024 1.498502 5.150085 -0.170123 -0.129495 0.019940 0.975554 0.176429
1784010329.905591965 1.495541 5.151240 -0.170096 -0.129516 0.019986 0.975539 0.176492
1784010329.910245895 1.492664 5.152369 -0.170080 -0.129418 0.020053 0.975539 0.176555
1784010329.915550947 1.489386 5.153658 -0.170072 -0.129218 0.020153 0.975550 0.176630
1784010329.920211077 1.486497 5.154798 -0.170071 -0.129137 0.020315 0.975549 0.176677
1784010329.925477028 1.483219 5.156084 -0.170078 -0.129214 0.020438 0.975524 0.176743
1784010329.925641060 1.483117 5.156124 -0.170079 -0.129215 0.020438 0.975524 0.176746
1784010329.925641060 1.483117 5.156124 -0.170079 -0.129215 0.020438 0.975524 0.176746
1784010329.929972887 1.480377 5.157150 -0.170092 -0.129246 0.020434 0.975507 0.176816
1784010329.935760975 1.476728 5.158515 -0.170125 -0.129045 0.020391 0.975516 0.176921
1784010329.939924955 1.474110 5.159499 -0.170151 -0.128883 0.020373 0.975525 0.176989
1784010329.945734024 1.470426 5.160867 -0.170180 -0.128919 0.020287 0.975507 0.177069
1784010329.950120926 1.467641 5.161897 -0.170194 -0.129041 0.020186 0.975483 0.177129
1784010329.955879927 1.463996 5.163237 -0.170214 -0.129027 0.020035 0.975474 0.177207
1784010329.959943056 1.461441 5.164182 -0.170230 -0.128929 0.019941 0.975480 0.177252
1784010329.965739012 1.457773 5.165533 -0.170254 -0.128904 0.019864 0.975476 0.177303
1784010329.970247030 1.454907 5.166595 -0.170269 -0.129092 0.019868 0.975447 0.177325
1784010329.975600958 1.451501 5.167855 -0.170287 -0.129411 0.019868 0.975402 0.177341
1784010329.979789972 1.448858 5.168839 -0.170306 -0.129486 0.019816 0.975390 0.177357
1784010329.985718012 1.445125 5.170237 -0.170332 -0.129338 0.019764 0.975406 0.177383
1784010329.990073919 1.442383 5.171279 -0.170337 -0.129262 0.019809 0.975414 0.177389
1784010329.995758057 1.438792 5.172644 -0.170323 -0.129292 0.019940 0.975411 0.177366
1784010329.999691963 1.436320 5.173588 -0.170306 -0.129258 0.019961 0.975417 0.177357
1784010330.005726099 1.432543 5.175028 -0.170287 -0.128935 0.019944 0.975465 0.177329
1784010330.010158062 1.429780 5.176094 -0.170278 -0.128715 0.019973 0.975497 0.177311
1784010330.015660048 1.426330 5.177423 -0.170277 -0.128650 0.020056 0.975509 0.177282
1784010330.019990921 1.423608 5.178473 -0.170286 -0.128703 0.020135 0.975503 0.177268
1784010330.025384188 1.420216 5.179768 -0.170318 -0.128721 0.020134 0.975502 0.177260
1784010330.025384188 1.420216 5.179768 -0.170318 -0.128721 0.020134 0.975502 0.177260
1784010330.025686979 1.420023 5.179839 -0.170319 -0.128722 0.020133 0.975502 0.177260
1784010330.029968023 1.417293 5.180841 -0.170341 -0.128702 0.020012 0.975503 0.177281
1784010330.035784960 1.413575 5.182198 -0.170377 -0.128628 0.019875 0.975507 0.177328
1784010330.040110111 1.410805 5.183208 -0.170393 -0.128656 0.019835 0.975502 0.177341
1784010330.045530081 1.407317 5.184458 -0.170389 -0.128880 0.019669 0.975472 0.177362
1784010330.049880981 1.404532 5.185443 -0.170370 -0.128959 0.019422 0.975461 0.177393
1784010330.055744886 1.400795 5.186750 -0.170328 -0.128730 0.019059 0.975491 0.177432
1784010330.059988022 1.398094 5.187693 -0.170285 -0.128563 0.018857 0.975514 0.177451
1784010330.065733910 1.394407 5.188962 -0.170210 -0.128628 0.018698 0.975515 0.177416
1784010330.070113897 1.391594 5.189920 -0.170159 -0.128727 0.018576 0.975513 0.177364
1784010330.075773001 1.387964 5.191136 -0.170125 -0.128724 0.018236 0.975531 0.177303
1784010330.080024004 1.385248 5.192046 -0.170123 -0.128670 0.018054 0.975555 0.177232
1784010330.085774899 1.381564 5.193284 -0.170131 -0.128638 0.018004 0.975589 0.177073
1784010330.089858055 1.378949 5.194168 -0.170141 -0.128644 0.018020 0.975610 0.176948
1784010330.095721960 1.375190 5.195427 -0.170152 -0.128583 0.018008 0.975651 0.176767
1784010330.099766016 1.372614 5.196290 -0.170157 -0.128452 0.017941 0.975694 0.176634
1784010330.105796099 1.368771 5.197577 -0.170154 -0.128148 0.017937 0.975775 0.176408
1784010330.110174894 1.365984 5.198517 -0.170143 -0.127957 0.017993 0.975831 0.176229
1784010330.115756989 1.362416 5.199713 -0.170118 -0.127870 0.018048 0.975886 0.175983
1784010330.119996071 1.359708 5.200620 -0.170102 -0.127804 0.018046 0.975930 0.175785
1784010330.125375032 1.356270 5.201762 -0.170097 -0.127691 0.017957 0.975990 0.175543
1784010330.125375032 1.356270 5.201762 -0.170097 -0.127691 0.017957 0.975990 0.175543
1784010330.125875950 1.355946 5.201866 -0.170096 -0.127682 0.017950 0.975996 0.175520
1784010330.130218983 1.353124 5.202761 -0.170091 -0.127610 0.017941 0.976044 0.175306
1784010330.135746956 1.349522 5.203897 -0.170090 -0.127595 0.018031 0.976100 0.174998
1784010330.140081882 1.346691 5.204786 -0.170093 -0.127670 0.018059 0.976134 0.174749
1784010330.145633936 1.343052 5.205912 -0.170093 -0.127852 0.018042 0.976166 0.174439
1784010330.149895906 1.340271 5.206771 -0.170093 -0.127944 0.018024 0.976197 0.174197
1784010330.155741930 1.336464 5.207942 -0.170089 -0.127889 0.018108 0.976268 0.173834
1784010330.160042048 1.333674 5.208803 -0.170081 -0.127795 0.018185 0.976326 0.173564
1784010330.165783882 1.329938 5.209937 -0.170058 -0.127709 0.018173 0.976400 0.173215
1784010330.170351982 1.326963 5.210834 -0.170036 -0.127644 0.018116 0.976459 0.172937
1784010330.175718069 1.323464 5.211881 -0.170012 -0.127654 0.018029 0.976516 0.172612
1784010330.180031061 1.320666 5.212722 -0.169997 -0.127639 0.018005 0.976567 0.172339
1784010330.185725927 1.316974 5.213825 -0.169978 -0.127480 0.018048 0.976653 0.171967
1784010330.190042973 1.314171 5.214662 -0.169960 -0.127405 0.018073 0.976713 0.171680
1784010330.195728064 1.310456 5.215758 -0.169925 -0.127657 0.018084 0.976747 0.171294
1784010330.200026035 1.307660 5.216582 -0.169897 -0.127849 0.018127 0.976773 0.170999
1784010330.205532074 1.304097 5.217626 -0.169870 -0.127720 0.018190 0.976856 0.170612
1784010330.209907055 1.301271 5.218454 -0.169852 -0.127528 0.018211 0.976937 0.170288
1784010330.215709925 1.297494 5.219552 -0.169818 -0.127539 0.018330 0.977012 0.169838
1784010330.219965935 1.294725 5.220356 -0.169800 -0.127674 0.018378 0.977049 0.169520
1784010330.225430012 1.291181 5.221369 -0.169807 -0.127653 0.018284 0.977122 0.169124
1784010330.225522041 1.291121 5.221386 -0.169807 -0.127650 0.018282 0.977124 0.169117
1784010330.225522041 1.291121 5.221386 -0.169807 -0.127650 0.018282 0.977124 0.169117
1784010330.230150938 1.288075 5.222209 -0.169814 -0.127506 0.018154 0.977205 0.168770
1784010330.235769033 1.284359 5.223207 -0.169823 -0.127454 0.018093 0.977294 0.168299
1784010330.240323067 1.281337 5.224013 -0.169827 -0.127612 0.018126 0.977342 0.167894
1784010330.245528936 1.277880 5.224915 -0.169837 -0.127853 0.018092 0.977393 0.167418
1784010330.249907970 1.274984 5.225659 -0.169851 -0.127957 0.017972 0.977451 0.167016
1784010330.255758047 1.271111 5.226640 -0.169856 -0.127998 0.017809 0.977540 0.166476
1784010330.260078907 1.268253 5.227364 -0.169842 -0.128028 0.017746 0.977609 0.166054
1784010330.265719891 1.264517 5.228296 -0.169800 -0.128072 0.017708 0.977701 0.165482
1784010330.269690990 1.261896 5.228942 -0.169769 -0.128042 0.017538 0.977774 0.165095
1784010330.275707960 1.257927 5.229899 -0.169733 -0.127849 0.017129 0.977902 0.164525
1784010330.280124903 1.255021 5.230604 -0.169714 -0.127687 0.016899 0.977998 0.164104
1784010330.285768032 1.251290 5.231503 -0.169682 -0.127649 0.016691 0.978099 0.163552
1784010330.289865017 1.248581 5.232158 -0.169659 -0.127698 0.016572 0.978162 0.163151
1784010330.295605898 1.244791 5.233057 -0.169640 -0.127669 0.016298 0.978262 0.162600
1784010330.300050020 1.241874 5.233747 -0.169639 -0.127555 0.016033 0.978351 0.162180
1784010330.305290937 1.238427 5.234562 -0.169629 -0.127520 0.015801 0.978444 0.161669
1784010330.310117960 1.235243 5.235322 -0.169600 -0.127685 0.015783 0.978505 0.161166
1784010330.315757036 1.231523 5.236201 -0.169552 -0.127937 0.015772 0.978574 0.160551
1784010330.320089102 1.228683 5.236870 -0.169521 -0.127966 0.015666 0.978648 0.160086
1784010330.325698137 1.225008 5.237731 -0.169487 -0.127889 0.015491 0.978758 0.159490
1784010330.325698137 1.225008 5.237731 -0.169487 -0.127889 0.015491 0.978758 0.159490
1784010330.325727940 1.224987 5.237736 -0.169487 -0.127889 0.015490 0.978759 0.159486
1784010330.329912901 1.222202 5.238366 -0.169446 -0.127932 0.015389 0.978826 0.159047
1784010330.335753918 1.218304 5.239254 -0.169394 -0.128054 0.015336 0.978913 0.158420
1784010330.340444088 1.215180 5.239970 -0.169369 -0.128077 0.015240 0.978989 0.157940
1784010330.345431089 1.211862 5.240726 -0.169364 -0.128060 0.015043 0.979075 0.157437
1784010330.350188971 1.208702 5.241449 -0.169376 -0.128057 0.014919 0.979156 0.156945
1784010330.355772018 1.204989 5.242309 -0.169396 -0.128135 0.014868 0.979239 0.156369
1784010330.359824896 1.202292 5.242946 -0.169411 -0.128259 0.014952 0.979289 0.155948
1784010330.365710974 1.198368 5.243871 -0.169420 -0.128446 0.015092 0.979359 0.155336
1784010330.369924068 1.195572 5.244527 -0.169426 -0.128498 0.015077 0.979421 0.154906
1784010330.375745058 1.191716 5.245424 -0.169431 -0.128406 0.014955 0.979529 0.154311
1784010330.379694939 1.189107 5.246037 -0.169426 -0.128368 0.014879 0.979595 0.153929
1784010330.385633945 1.185164 5.246974 -0.169392 -0.128473 0.014881 0.979671 0.153356
1784010330.390207052 1.182130 5.247706 -0.169354 -0.128563 0.014974 0.979728 0.152909
1784010330.395581961 1.178575 5.248560 -0.169317 -0.128543 0.014947 0.979809 0.152407
1784010330.399914026 1.175724 5.249248 -0.169296 -0.128463 0.014836 0.979879 0.152035
1784010330.405422926 1.172095 5.250141 -0.169265 -0.128374 0.014886 0.979964 0.151555
1784010330.409960032 1.169103 5.250891 -0.169236 -0.128392 0.015001 0.980019 0.151172
1784010330.415751934 1.165277 5.251845 -0.169203 -0.128464 0.015015 0.980079 0.150721
1784010330.420155048 1.162379 5.252565 -0.169189 -0.128425 0.014868 0.980133 0.150415
1784010330.425322056 1.158987 5.253409 -0.169184 -0.128294 0.014629 0.980206 0.150074
1784010330.425322056 1.158987 5.253409 -0.169184 -0.128294 0.014629 0.980206 0.150074
1784010330.425515890 1.158858 5.253439 -0.169183 -0.128289 0.014620 0.980209 0.150062
1784010330.430078030 1.155827 5.254176 -0.169165 -0.128225 0.014507 0.980263 0.149773
1784010330.435559988 1.152180 5.255068 -0.169142 -0.128295 0.014514 0.980307 0.149425
1784010330.440197945 1.149097 5.255821 -0.169131 -0.128403 0.014480 0.980339 0.149126
1784010330.445698977 1.145440 5.256701 -0.169133 -0.128488 0.014294 0.980383 0.148781
1784010330.450056076 1.142549 5.257398 -0.169146 -0.128592 0.014141 0.980413 0.148508
1784010330.455667019 1.138829 5.258304 -0.169163 -0.128756 0.014112 0.980448 0.148138
1784010330.459955931 1.135993 5.259008 -0.169176 -0.128882 0.014092 0.980474 0.147856
1784010330.465693951 1.132192 5.259949 -0.169195 -0.129063 0.013996 0.980509 0.147475
1784010330.470071077 1.129292 5.260662 -0.169217 -0.129255 0.013878 0.980528 0.147188
1784010330.475718021 1.125555 5.261580 -0.169257 -0.129428 0.013738 0.980565 0.146808
1784010330.479892969 1.122807 5.262264 -0.169297 -0.129557 0.013636 0.980591 0.146527
1784010330.485708952 1.118972 5.263219 -0.169347 -0.129711 0.013653 0.980634 0.146103
1784010330.489907026 1.116194 5.263916 -0.169371 -0.129823 0.013668 0.980664 0.145798
1784010330.495695114 1.112371 5.264872 -0.169400 -0.129891 0.013736 0.980718 0.145368
1784010330.499983072 1.109568 5.265577 -0.169427 -0.129943 0.013789 0.980758 0.145050
1784010330.505697012 1.105832 5.266516 -0.169452 -0.129962 0.013713 0.980811 0.144678
1784010330.510286093 1.102823 5.267278 -0.169455 -0.130080 0.013700 0.980839 0.144380
1784010330.515664101 1.099302 5.268168 -0.169451 -0.130203 0.013718 0.980872 0.144044
1784010330.520148039 1.096383 5.268901 -0.169452 -0.130305 0.013734 0.980900 0.143764
1784010330.525612116 1.092828 5.269786 -0.169457 -0.130249 0.013384 0.980948 0.143515
1784010330.525612116 1.092828 5.269786 -0.169457 -0.130249 0.013384 0.980948 0.143515
1784010330.525722027 1.092756 5.269803 -0.169457 -0.130248 0.013376 0.980949 0.143510
1784010330.529839039 1.090044 5.270453 -0.169455 -0.130215 0.013101 0.980986 0.143313
1784010330.535777092 1.086122 5.271388 -0.169445 -0.130504 0.012875 0.980993 0.143025
1784010330.539797068 1.083467 5.272026 -0.169430 -0.130698 0.012729 0.980997 0.142833
1784010330.545691013 1.079577 5.272948 -0.169420 -0.130673 0.012444 0.981048 0.142527
1784010330.549983025 1.076760 5.273608 -0.169439 -0.130654 0.012243 0.981085 0.142307
1784010330.555711031 1.072990 5.274487 -0.169470 -0.130874 0.012074 0.981105 0.141980
1784010330.559956074 1.070179 5.275150 -0.169485 -0.131036 0.011954 0.981120 0.141740
1784010330.565737963 1.066351 5.276043 -0.169520 -0.131208 0.011836 0.981152 0.141366
1784010330.569807053 1.063681 5.276658 -0.169568 -0.131328 0.011759 0.981175 0.141105
1784010330.575711966 1.059802 5.277548 -0.169652 -0.131229 0.011441 0.981246 0.140728
1784010330.579994917 1.056978 5.278204 -0.169715 -0.131156 0.011216 0.981297 0.140457
1784010330.585537910 1.053301 5.279066 -0.169792 -0.131369 0.011079 0.981321 0.140103
1784010330.589797020 1.050475 5.279738 -0.169845 -0.131539 0.011099 0.981340 0.139808
1784010330.595721006 1.046549 5.280674 -0.169911 -0.131332 0.011015 0.981429 0.139387
1784010330.600178003 1.043609 5.281381 -0.169957 -0.131174 0.010957 0.981495 0.139073
1784010330.605433941 1.040138 5.282221 -0.170000 -0.131095 0.010970 0.981559 0.138692
1784010330.610558987 1.036742 5.283054 -0.170022 -0.131262 0.011075 0.981588 0.138322
1784010330.615463972 1.033484 5.283857 -0.170031 -0.131459 0.011152 0.981610 0.137970
1784010330.619781017 1.030624 5.284561 -0.170038 -0.131531 0.011117 0.981642 0.137681
1784010330.625643969 1.026735 5.285519 -0.170048 -0.131694 0.011123 0.981673 0.137296
1784010330.625643969 1.026735 5.285519 -0.170048 -0.131694 0.011123 0.981673 0.137296
1784010330.625778913 1.026644 5.285540 -0.170047 -0.131698 0.011123 0.981674 0.137288
1784010330.629993916 1.023818 5.286226 -0.170035 -0.131824 0.011141 0.981693 0.137026
1784010330.635756969 1.019948 5.287166 -0.170017 -0.132109 0.011226 0.981701 0.136690
1784010330.640033960 1.017084 5.287864 -0.170006 -0.132316 0.011293 0.981707 0.136440
1784010330.645756960 1.013261 5.288789 -0.169998 -0.132462 0.011349 0.981732 0.136116
1784010330.650264978 1.010261 5.289513 -0.170005 -0.132571 0.011329 0.981751 0.135875
1784010330.655833960 1.006560 5.290401 -0.170027 -0.132674 0.011322 0.981779 0.135573
1784010330.659950018 1.003830 5.291055 -0.170052 -0.132720 0.011275 0.981802 0.135362
1784010330.665672064 1.000031 5.291958 -0.170083 -0.132735 0.011177 0.981840 0.135079
1784010330.669924021 0.997203 5.292630 -0.170099 -0.132805 0.011123 0.981861 0.134860
1784010330.675695896 0.993367 5.293530 -0.170109 -0.132985 0.011030 0.981877 0.134580
1784010330.680052042 0.990485 5.294205 -0.170117 -0.133000 0.010963 0.981906 0.134355
1784010330.685705900 0.986733 5.295085 -0.170117 -0.132931 0.010944 0.981957 0.134052
1784010330.690032005 0.983848 5.295769 -0.170102 -0.133095 0.011052 0.981968 0.133802
1784010330.695293903 0.980343 5.296599 -0.170077 -0.133415 0.011232 0.981966 0.133481
1784010330.699922085 0.977282 5.297320 -0.170068 -0.133451 0.011305 0.981999 0.133197
1784010330.705683947 0.973476 5.298211 -0.170076 -0.133374 0.011209 0.982054 0.132872
1784010330.710875034 0.970031 5.299026 -0.170088 -0.133527 0.011162 0.982073 0.132581
1784010330.715447903 0.966988 5.299757 -0.170096 -0.133789 0.011232 0.982072 0.132318
1784010330.719840050 0.964077 5.300460 -0.170109 -0.133902 0.011353 0.982090 0.132062
1784010330.725466967 0.960361 5.301348 -0.170144 -0.133905 0.011301 0.982131 0.131763
1784010330.725466967 0.960361 5.301348 -0.170144 -0.133905 0.011301 0.982131 0.131763
1784010330.725903034 0.960073 5.301413 -0.170146 -0.133904 0.011296 0.982134 0.131741
1784010330.730021000 0.957346 5.302026 -0.170171 -0.133949 0.011189 0.982155 0.131543
1784010330.735732079 0.953546 5.302881 -0.170202 -0.134159 0.011171 0.982164 0.131263
1784010330.740264893 0.950522 5.303574 -0.170217 -0.134408 0.011278 0.982160 0.131027
1784010330.745526075 0.947026 5.304367 -0.170228 -0.134633 0.011357 0.982166 0.130751
1784010330.749742985 0.944240 5.304992 -0.170245 -0.134604 0.011222 0.982197 0.130554
1784010330.755718946 0.940287 5.305865 -0.170275 -0.134456 0.010931 0.982255 0.130297
1784010330.759979010 0.937452 5.306500 -0.170290 -0.134614 0.010833 0.982259 0.130112
1784010330.765721083 0.933623 5.307352 -0.170296 -0.135079 0.010816 0.982232 0.129836
1784010330.769973040 0.930803 5.307977 -0.170303 -0.135162 0.010722 0.982247 0.129640
1784010330.775593996 0.927091 5.308782 -0.170322 -0.134954 0.010398 0.982310 0.129407
1784010330.779866934 0.924264 5.309396 -0.170337 -0.134951 0.010164 0.982336 0.129233
1784010330.785665989 0.920407 5.310228 -0.170345 -0.135238 0.009984 0.982332 0.128976
1784010330.790136099 0.917433 5.310871 -0.170347 -0.135374 0.009876 0.982341 0.128770
1784010330.795860052 0.913640 5.311677 -0.170351 -0.135340 0.009589 0.982381 0.128522
1784010330.799834013 0.911017 5.312238 -0.170355 -0.135275 0.009440 0.982417 0.128332
1784010330.805596113 0.907207 5.313048 -0.170369 -0.135322 0.009325 0.982448 0.128051
1784010330.809751034 0.904451 5.313640 -0.170384 -0.135444 0.009308 0.982460 0.127831
1784010330.815807104 0.900423 5.314495 -0.170409 -0.135699 0.009257 0.982469 0.127496
1784010330.820028067 0.897620 5.315093 -0.170432 -0.135859 0.009156 0.982478 0.127265
1784010330.825345039 0.894102 5.315840 -0.170471 -0.135952 0.009014 0.982503 0.126978
1784010330.825345039 0.894102 5.315840 -0.170471 -0.135952 0.009014 0.982503 0.126978
1784010330.825495005 0.894004 5.315859 -0.170473 -0.135953 0.009011 0.982504 0.126969
1784010330.829833984 0.891144 5.316423 -0.170521 -0.135995 0.008983 0.982533 0.126699
1784010330.835680962 0.887275 5.317188 -0.170586 -0.136204 0.008982 0.982552 0.126334
1784010330.839967966 0.884428 5.317760 -0.170628 -0.136385 0.009002 0.982560 0.126072
1784010330.845715046 0.880623 5.318519 -0.170687 -0.136541 0.009055 0.982582 0.125725
1784010330.849826097 0.877909 5.319066 -0.170731 -0.136610 0.009092 0.982604 0.125475
1784010330.855506897 0.874164 5.319817 -0.170806 -0.136636 0.009106 0.982644 0.125137
1784010330.859927893 0.871241 5.320411 -0.170872 -0.136656 0.009064 0.982671 0.124905
1784010330.865689993 0.867421 5.321188 -0.170955 -0.136774 0.009096 0.982694 0.124590
1784010330.869965076 0.864586 5.321770 -0.171010 -0.136937 0.009147 0.982701 0.124352
1784010330.875704050 0.860797 5.322538 -0.171094 -0.137013 0.009149 0.982730 0.124035
1784010330.879862070 0.858058 5.323099 -0.171159 -0.136942 0.009166 0.982770 0.123796
1784010330.885727882 0.854179 5.323898 -0.171240 -0.136984 0.009292 0.982805 0.123462
1784010330.889883041 0.851418 5.324475 -0.171278 -0.137210 0.009461 0.982804 0.123207
1784010330.895759106 0.847532 5.325274 -0.171326 -0.137425 0.009611 0.982816 0.122861
1784010330.900171995 0.844635 5.325870 -0.171363 -0.137336 0.009577 0.982857 0.122632
1784010330.905453920 0.841177 5.326582 -0.171402 -0.137122 0.009519 0.982921 0.122366
1784010330.909708977 0.838383 5.327165 -0.171416 -0.137089 0.009534 0.982951 0.122162
1784010330.915502071 0.834563 5.327955 -0.171423 -0.137149 0.009566 0.982977 0.121883
1784010330.919961929 0.831619 5.328564 -0.171423 -0.137150 0.009515 0.983000 0.121694
1784010330.925363064 0.828070 5.329291 -0.171437 -0.137058 0.009399 0.983040 0.121483
1784010330.925363064 0.828070 5.329291 -0.171437 -0.137058 0.009399 0.983040 0.121483
1784010330.925719976 0.827836 5.329338 -0.171438 -0.137054 0.009389 0.983043 0.121471
1784010330.930243969 0.824869 5.329936 -0.171454 -0.136942 0.009319 0.983078 0.121313
1784010330.935722113 0.821259 5.330666 -0.171484 -0.136899 0.009295 0.983108 0.121121
1784010330.940237045 0.818264 5.331274 -0.171514 -0.137063 0.009330 0.983107 0.120941
1784010330.945321083 0.814896 5.331954 -0.171561 -0.137299 0.009301 0.983099 0.120746
1784010330.950122118 0.811739 5.332589 -0.171630 -0.137288 0.009186 0.983121 0.120586
1784010330.955651999 0.808106 5.333324 -0.171729 -0.137139 0.009056 0.983167 0.120391
1784010330.960045099 0.805204 5.333919 -0.171809 -0.137210 0.009000 0.983178 0.120226
1784010330.965642929 0.801492 5.334683 -0.171904 -0.137474 0.009001 0.983168 0.120001
1784010330.969830990 0.798723 5.335255 -0.171980 -0.137577 0.008989 0.983173 0.119840
1784010330.975701094 0.794856 5.336051 -0.172103 -0.137601 0.008842 0.983198 0.119622
1784010330.979983091 0.792036 5.336637 -0.172203 -0.137683 0.008774 0.983208 0.119454
1784010330.985599995 0.788317 5.337420 -0.172322 -0.137909 0.008854 0.983204 0.119219
1784010330.990191936 0.785268 5.338066 -0.172406 -0.138210 0.008935 0.983183 0.119035
1784010330.995467901 0.781785 5.338803 -0.172482 -0.138465 0.008966 0.983172 0.118829
1784010330.999974012 0.778833 5.339426 -0.172540 -0.138403 0.008892 0.983202 0.118658
1784010331.005696058 0.775085 5.340213 -0.172587 -0.138235 0.008690 0.983248 0.118485
1784010331.010068893 0.772210 5.340818 -0.172591 -0.138261 0.008596 0.983262 0.118349
1784010331.015461922 0.768663 5.341560 -0.172561 -0.138379 0.008497 0.983266 0.118179
1784010331.020211935 0.765557 5.342199 -0.172533 -0.138290 0.008257 0.983295 0.118063
1784010331.025480032 0.762126 5.342893 -0.172519 -0.138013 0.007855 0.983349 0.117964
1784010331.025691032 0.761989 5.342921 -0.172519 -0.138008 0.007844 0.983350 0.117959
1784010331.025691032 0.761989 5.342921 -0.172519 -0.138008 0.007844 0.983350 0.117959
1784010331.029947042 0.759193 5.343478 -0.172497 -0.137896 0.007628 0.983380 0.117857
1784010331.035747051 0.755357 5.344247 -0.172479 -0.138035 0.007523 0.983380 0.117703
1784010331.039974928 0.752559 5.344808 -0.172489 -0.138182 0.007509 0.983374 0.117582
1784010331.045567036 0.748866 5.345539 -0.172535 -0.138243 0.007406 0.983387 0.117408
1784010331.049921036 0.746002 5.346102 -0.172601 -0.138232 0.007273 0.983406 0.117268
1784010331.055740118 0.742171 5.346859 -0.172703 -0.138258 0.007136 0.983428 0.117063
1784010331.060005903 0.739362 5.347421 -0.172779 -0.138325 0.007159 0.983437 0.116904
1784010331.065663099 0.735634 5.348163 -0.172863 -0.138371 0.007138 0.983456 0.116689
1784010331.069940090 0.732822 5.348718 -0.172924 -0.138276 0.007027 0.983490 0.116525
1784010331.075664997 0.729063 5.349462 -0.172997 -0.138046 0.006884 0.983550 0.116297
1784010331.080068111 0.726176 5.350041 -0.173056 -0.137950 0.006876 0.983587 0.116102
1784010331.085669994 0.722492 5.350783 -0.173124 -0.137920 0.006846 0.983619 0.115869
1784010331.089807034 0.719763 5.351339 -0.173176 -0.137899 0.006797 0.983639 0.115721
1784010331.095634937 0.715914 5.352132 -0.173235 -0.137878 0.006860 0.983669 0.115490
1784010331.100101948 0.712974 5.352742 -0.173284 -0.137855 0.006949 0.983694 0.115299
1784010331.105698109 0.709299 5.353502 -0.173347 -0.137768 0.006970 0.983733 0.115069
1784010331.109661102 0.706694 5.354045 -0.173392 -0.137731 0.006999 0.983755 0.114919
1784010331.115758896 0.702658 5.354891 -0.173425 -0.137901 0.007170 0.983759 0.114675
1784010331.120237112 0.699693 5.355517 -0.173438 -0.138101 0.007346 0.983751 0.114493
1784010331.125568151 0.696184 5.356252 -0.173457 -0.138112 0.007493 0.983774 0.114274
1784010331.125568151 0.696184 5.356252 -0.173457 -0.138112 0.007493 0.983774 0.114274
1784010331.125694036 0.696100 5.356268 -0.173457 -0.138113 0.007496 0.983774 0.114269
1784010331.129734039 0.693438 5.356806 -0.173472 -0.137959 0.007474 0.983813 0.114118
1784010331.135689020 0.689498 5.357596 -0.173498 -0.137816 0.007373 0.983857 0.113924
1784010331.140172005 0.686522 5.358199 -0.173517 -0.137880 0.007436 0.983865 0.113771
1784010331.145678997 0.682865 5.358937 -0.173544 -0.138031 0.007547 0.983865 0.113578
1784010331.149868011 0.680097 5.359488 -0.173581 -0.138013 0.007501 0.983884 0.113442
1784010331.155432940 0.676429 5.360207 -0.173641 -0.137802 0.007349 0.983934 0.113273
1784010331.159888983 0.673489 5.360786 -0.173687 -0.137712 0.007290 0.983963 0.113136
1784010331.165776014 0.669585 5.361561 -0.173721 -0.137806 0.007401 0.983970 0.112952
1784010331.169939041 0.666824 5.362112 -0.173735 -0.137887 0.007492 0.983972 0.112825
1784010331.175668001 0.663038 5.362857 -0.173755 -0.137747 0.007461 0.984011 0.112657
1784010331.180139065 0.660093 5.363435 -0.173777 -0.137549 0.007393 0.984054 0.112530
1784010331.185714960 0.656406 5.364168 -0.173795 -0.137499 0.007386 0.984079 0.112377
1784010331.190048933 0.653533 5.364752 -0.173802 -0.137591 0.007537 0.984080 0.112245
1784010331.195540905 0.649901 5.365490 -0.173813 -0.137643 0.007691 0.984091 0.112073
1784010331.199928045 0.647015 5.366073 -0.173837 -0.137576 0.007671 0.984115 0.111945
1784010331.205760956 0.643176 5.366847 -0.173871 -0.137532 0.007625 0.984141 0.111770
1784010331.209753036 0.640544 5.367387 -0.173894 -0.137617 0.007685 0.984143 0.111646
1784010331.215660095 0.636643 5.368196 -0.173911 -0.137783 0.007885 0.984140 0.111456
1784010331.220046997 0.633763 5.368796 -0.173923 -0.137808 0.007999 0.984150 0.111323
1784010331.225507975 0.630195 5.369532 -0.173943 -0.137647 0.007988 0.984189 0.111182
1784010331.225507975 0.630195 5.369532 -0.173943 -0.137647 0.007988 0.984189 0.111182
1784010331.225611925 0.630127 5.369546 -0.173943 -0.137643 0.007987 0.984190 0.111178
1784010331.230038881 0.627223 5.370131 -0.173953 -0.137474 0.007878 0.984227 0.111071
1784010331.235702991 0.623479 5.370891 -0.173955 -0.137374 0.007850 0.984258 0.110918
1784010331.239926100 0.620677 5.371467 -0.173952 -0.137455 0.007891 0.984259 0.110808
1784010331.245623112 0.616918 5.372232 -0.173958 -0.137452 0.007881 0.984275 0.110666
1784010331.249891996 0.614124 5.372794 -0.173984 -0.137226 0.007732 0.984318 0.110579
1784010331.255692005 0.610311 5.373556 -0.174028 -0.137014 0.007436 0.984362 0.110471
1784010331.259780884 0.607605 5.374101 -0.174054 -0.137144 0.007370 0.984354 0.110385
1784010331.265655041 0.603712 5.374880 -0.174078 -0.137406 0.007354 0.984333 0.110243
1784010331.269927025 0.600899 5.375436 -0.174101 -0.137376 0.007236 0.984350 0.110136
1784010331.275672913 0.597132 5.376168 -0.174129 -0.137082 0.006932 0.984409 0.109998
1784010331.280198097 0.594162 5.376749 -0.174146 -0.136946 0.006720 0.984438 0.109915
1784010331.285836935 0.590440 5.377487 -0.174145 -0.136975 0.006617 0.984449 0.109795
1784010331.289899111 0.587756 5.378026 -0.174138 -0.137014 0.006606 0.984454 0.109701
1784010331.295675993 0.583959 5.378783 -0.174137 -0.136830 0.006509 0.984495 0.109567
1784010331.299913883 0.581191 5.379332 -0.174155 -0.136564 0.006333 0.984542 0.109490
1784010331.305665970 0.577434 5.380089 -0.174191 -0.136316 0.006184 0.984588 0.109388
1784010331.309911966 0.574649 5.380666 -0.174219 -0.136318 0.006194 0.984595 0.109323
1784010331.314836979 0.571400 5.381347 -0.174249 -0.136438 0.006227 0.984587 0.109243
1784010331.319737911 0.568169 5.382027 -0.174279 -0.136524 0.006242 0.984585 0.109154
1784010331.325260162 0.564555 5.382788 -0.174321 -0.136454 0.006184 0.984608 0.109041
1784010331.325260162 0.564555 5.382788 -0.174321 -0.136454 0.006184 0.984608 0.109041
1784010331.325381041 0.564476 5.382805 -0.174321 -0.136452 0.006183 0.984608 0.109039
1784010331.329987049 0.561465 5.383448 -0.174341 -0.136363 0.006145 0.984626 0.108991
1784010331.335681915 0.557718 5.384270 -0.174353 -0.136366 0.006316 0.984630 0.108944
1784010331.339839935 0.554964 5.384881 -0.174358 -0.136559 0.006413 0.984604 0.108931
1784010331.345710039 0.551092 5.385735 -0.174364 -0.136737 0.006499 0.984583 0.108891
1784010331.350225925 0.548143 5.386380 -0.174388 -0.136572 0.006471 0.984610 0.108856
1784010331.355643988 0.544609 5.387155 -0.174434 -0.136298 0.006250 0.984648 0.108867
1784010331.359832048 0.541860 5.387772 -0.174474 -0.136254 0.006273 0.984653 0.108878
1784010331.365637064 0.538029 5.388641 -0.174510 -0.136484 0.006544 0.984622 0.108854
1784010331.369856119 0.535249 5.389266 -0.174540 -0.136605 0.006673 0.984607 0.108826
1784010331.375659943 0.531442 5.390108 -0.174589 -0.136377 0.006566 0.984641 0.108810
1784010331.379760027 0.528753 5.390706 -0.174628 -0.136181 0.006487 0.984669 0.108810
1784010331.385677099 0.524849 5.391591 -0.174648 -0.136223 0.006684 0.984667 0.108766
1784010331.390161037 0.521886 5.392266 -0.174644 -0.136384 0.006895 0.984647 0.108733
1784010331.395697117 0.518245 5.393078 -0.174631 -0.136329 0.006848 0.984655 0.108728
1784010331.400063038 0.515390 5.393705 -0.174620 -0.136029 0.006626 0.984698 0.108734
1784010331.405493021 0.511833 5.394493 -0.174588 -0.135722 0.006491 0.984742 0.108726
1784010331.410008907 0.508858 5.395162 -0.174550 -0.135724 0.006615 0.984743 0.108703
1784010331.415652990 0.505130 5.395994 -0.174503 -0.135856 0.006763 0.984728 0.108666
1784010331.420030117 0.502255 5.396626 -0.174490 -0.135768 0.006658 0.984740 0.108670
1784010331.425568104 0.498630 5.397420 -0.174496 -0.135438 0.006460 0.984786 0.108677
1784010331.425585985 0.498618 5.397422 -0.174495 -0.135437 0.006459 0.984786 0.108677
1784010331.425585985 0.498618 5.397422 -0.174495 -0.135437 0.006459 0.984786 0.108677
1784010331.429841042 0.495812 5.398036 -0.174493 -0.135327 0.006421 0.984802 0.108677
1784010331.435668945 0.491931 5.398894 -0.174488 -0.135542 0.006572 0.984777 0.108629
1784010331.440031052 0.489025 5.399537 -0.174502 -0.135719 0.006639 0.984755 0.108597
1784010331.445601940 0.485347 5.400342 -0.174551 -0.135528 0.006459 0.984783 0.108596
1784010331.450053930 0.482422 5.400988 -0.174613 -0.135263 0.006295 0.984819 0.108609
1784010331.455645084 0.478723 5.401821 -0.174681 -0.135301 0.006357 0.984815 0.108594
1784010331.460057974 0.475783 5.402493 -0.174735 -0.135571 0.006487 0.984779 0.108576
1784010331.465675116 0.472046 5.403344 -0.174811 -0.135792 0.006538 0.984749 0.108567
1784010331.469765902 0.469343 5.403961 -0.174880 -0.135787 0.006479 0.984750 0.108569
1784010331.475696087 0.465424 5.404861 -0.174971 -0.135770 0.006401 0.984753 0.108566
1784010331.479767084 0.462720 5.405490 -0.175026 -0.135878 0.006432 0.984737 0.108576
1784010331.485795975 0.458696 5.406425 -0.175066 -0.136230 0.006568 0.984689 0.108558
1784010331.489737988 0.456077 5.407032 -0.175077 -0.136394 0.006615 0.984668 0.108547
1784010331.495609045 0.452212 5.407918 -0.175071 -0.136240 0.006451 0.984689 0.108558
1784010331.500144958 0.449240 5.408601 -0.175049 -0.135984 0.006312 0.984720 0.108603
1784010331.505655050 0.445610 5.409436 -0.174979 -0.135914 0.006204 0.984724 0.108665
1784010331.509658098 0.442964 5.410043 -0.174914 -0.135982 0.006164 0.984711 0.108694
1784010331.515517950 0.439106 5.410909 -0.174828 -0.135860 0.005926 0.984722 0.108763
1784010331.519674063 0.436388 5.411513 -0.174799 -0.135662 0.005636 0.984744 0.108826
1784010331.525652885 0.432467 5.412391 -0.174776 -0.135425 0.005469 0.984770 0.108892
1784010331.525667191 0.432458 5.412393 -0.174775 -0.135424 0.005468 0.984770 0.108892
1784010331.525667191 0.432458 5.412393 -0.174775 -0.135424 0.005468 0.984770 0.108892
1784010331.530178070 0.429468 5.413054 -0.174764 -0.135485 0.005418 0.984756 0.108953
1784010331.535660982 0.425812 5.413861 -0.174771 -0.135759 0.005418 0.984712 0.109011
1784010331.540081024 0.422877 5.414506 -0.174801 -0.135883 0.005429 0.984692 0.109030
1784010331.545316935 0.419425 5.415260 -0.174866 -0.135731 0.005257 0.984711 0.109059
1784010331.550091028 0.416280 5.415953 -0.174940 -0.135509 0.005090 0.984738 0.109101
1784010331.555665970 0.412583 5.416779 -0.175001 -0.135526 0.005128 0.984732 0.109128
1784010331.560062885 0.409656 5.417437 -0.175035 -0.135689 0.005206 0.984709 0.109130
1784010331.565701008 0.405917 5.418270 -0.175075 -0.135611 0.005163 0.984721 0.109118
1784010331.569819927 0.403202 5.418874 -0.175114 -0.135382 0.005056 0.984754 0.109116
1784010331.575619936 0.399369 5.419733 -0.175161 -0.135183 0.004938 0.984782 0.109116
1784010331.579932928 0.396504 5.420389 -0.175190 -0.135250 0.004981 0.984772 0.109115
1784010331.585660934 0.392690 5.421269 -0.175211 -0.135386 0.005139 0.984753 0.109111
1784010331.589804888 0.389942 5.421902 -0.175229 -0.135371 0.005193 0.984756 0.109106
1784010331.595660925 0.386073 5.422787 -0.175251 -0.135189 0.005157 0.984781 0.109107
1784010331.599814892 0.383332 5.423421 -0.175266 -0.135131 0.005203 0.984788 0.109111
1784010331.605704069 0.379420 5.424335 -0.175252 -0.135301 0.005457 0.984765 0.109097
1784010331.610084057 0.376503 5.425020 -0.175229 -0.135472 0.005648 0.984741 0.109088
1784010331.615746021 0.372752 5.425891 -0.175204 -0.135449 0.005674 0.984742 0.109106
1784010331.620029926 0.369934 5.426541 -0.175201 -0.135271 0.005615 0.984765 0.109128
1784010331.625484943 0.366337 5.427372 -0.175205 -0.135109 0.005596 0.984782 0.109169
1784010331.625581026 0.366274 5.427387 -0.175205 -0.135111 0.005597 0.984782 0.109169
1784010331.625581026 0.366274 5.427387 -0.175205 -0.135111 0.005597 0.984782 0.109169
1784010331.629782915 0.363485 5.428033 -0.175200 -0.135185 0.005688 0.984769 0.109193
1784010331.635624886 0.359607 5.428925 -0.175195 -0.135337 0.005847 0.984745 0.109215
1784010331.640160084 0.356616 5.429601 -0.175212 -0.135312 0.005797 0.984744 0.109249
1784010331.645679951 0.352993 5.430414 -0.175240 -0.135137 0.005680 0.984765 0.109291
1784010331.649807930 0.350280 5.431027 -0.175259 -0.135065 0.005685 0.984771 0.109319
1784010331.655719042 0.346374 5.431916 -0.175256 -0.135091 0.005818 0.984764 0.109350
1784010331.660067081 0.343496 5.432571 -0.175240 -0.135159 0.005970 0.984753 0.109356
1784010331.665642977 0.339832 5.433393 -0.175217 -0.135107 0.006005 0.984756 0.109384
1784010331.669748068 0.337152 5.433992 -0.175212 -0.134915 0.005965 0.984781 0.109404
1784010331.675614119 0.333301 5.434865 -0.175191 -0.134705 0.006020 0.984806 0.109435
1784010331.679956913 0.330427 5.435527 -0.175167 -0.134856 0.006183 0.984783 0.109446
1784010331.685637951 0.326679 5.436394 -0.175128 -0.135167 0.006449 0.984740 0.109434
1784010331.689858913 0.323922 5.437027 -0.175122 -0.135105 0.006463 0.984747 0.109441
1784010331.695384026 0.320322 5.437855 -0.175129 -0.134872 0.006361 0.984776 0.109480
1784010331.699811935 0.317427 5.438530 -0.175141 -0.134920 0.006431 0.984766 0.109505
1784010331.705682039 0.313580 5.439438 -0.175144 -0.135292 0.006791 0.984713 0.109499
1784010331.710016012 0.310753 5.440104 -0.175150 -0.135464 0.007000 0.984687 0.109511
1784010331.715621948 0.307131 5.440944 -0.175176 -0.135231 0.006930 0.984713 0.109564
1784010331.720509052 0.303978 5.441675 -0.175213 -0.134958 0.006789 0.984743 0.109641
1784010331.725315094 0.300854 5.442409 -0.175236 -0.134952 0.006856 0.984738 0.109693
1784010331.725517035 0.300722 5.442440 -0.175237 -0.134952 0.006859 0.984737 0.109695
1784010331.725517035 0.300722 5.442440 -0.175237 -0.134952 0.006859 0.984737 0.109695
1784010331.729846001 0.297878 5.443111 -0.175216 -0.134938 0.006904 0.984733 0.109752
1784010331.735666990 0.294062 5.444000 -0.175189 -0.135030 0.006852 0.984711 0.109835
1784010331.740114927 0.291170 5.444662 -0.175193 -0.134790 0.006607 0.984737 0.109914
1784010331.745462894 0.287685 5.445462 -0.175194 -0.134624 0.006393 0.984751 0.110007
1784010331.749922991 0.284757 5.446141 -0.175187 -0.134487 0.006217 0.984762 0.110084
1784010331.755778074 0.280904 5.447028 -0.175168 -0.134791 0.006256 0.984715 0.110132
1784010331.759596109 0.278399 5.447593 -0.175162 -0.134992 0.006284 0.984684 0.110161
1784010331.765590906 0.274475 5.448474 -0.175150 -0.134672 0.005858 0.984719 0.110260
1784010331.769850969 0.271698 5.449103 -0.175152 -0.134448 0.005558 0.984744 0.110329
1784010331.775605917 0.267934 5.449955 -0.175148 -0.134540 0.005619 0.984727 0.110367
1784010331.779853106 0.265137 5.450586 -0.175144 -0.134610 0.005665 0.984714 0.110394
1784010331.785682917 0.261306 5.451443 -0.175144 -0.134465 0.005552 0.984730 0.110434
1784010331.790230036 0.258347 5.452100 -0.175165 -0.134354 0.005465 0.984742 0.110463
1784010331.795625925 0.254840 5.452886 -0.175191 -0.134232 0.005419 0.984756 0.110490
1784010331.799946070 0.252019 5.453533 -0.175208 -0.134136 0.005384 0.984767 0.110510
1784010331.805392027 0.248457 5.454353 -0.175221 -0.134413 0.005485 0.984728 0.110513
1784010331.809818983 0.245566 5.455011 -0.175235 -0.134640 0.005569 0.984697 0.110515
1784010331.815696955 0.241736 5.455890 -0.175249 -0.134586 0.005501 0.984703 0.110524
1784010331.820242882 0.238782 5.456585 -0.175263 -0.134547 0.005450 0.984708 0.110531
1784010331.825294971 0.235497 5.457369 -0.175272 -0.134732 0.005659 0.984679 0.110558
1784010331.825294971 0.235497 5.457369 -0.175272 -0.134732 0.005659 0.984679 0.110558
1784010331.825620890 0.235284 5.457419 -0.175272 -0.134745 0.005672 0.984677 0.110559
1784010331.829943895 0.232457 5.458097 -0.175261 -0.134905 0.005854 0.984652 0.110572
1784010331.835647106 0.228735 5.458988 -0.175249 -0.134892 0.005777 0.984648 0.110632
1784010331.840069056 0.225873 5.459668 -0.175258 -0.134884 0.005719 0.984644 0.110680
1784010331.845621109 0.222280 5.460526 -0.175277 -0.134785 0.005708 0.984650 0.110749
1784010331.849824905 0.219543 5.461189 -0.175295 -0.134711 0.005701 0.984654 0.110803
1784010331.855619907 0.215765 5.462104 -0.175318 -0.134886 0.005930 0.984625 0.110833
1784010331.859673977 0.213131 5.462735 -0.175337 -0.135010 0.006092 0.984605 0.110856
1784010331.865722895 0.209207 5.463674 -0.175361 -0.134819 0.005950 0.984626 0.110902
1784010331.869991064 0.206446 5.464341 -0.175379 -0.134687 0.005852 0.984641 0.110936
1784010331.875632048 0.202789 5.465223 -0.175383 -0.134831 0.006073 0.984621 0.110933
1784010331.879926920 0.199991 5.465895 -0.175367 -0.134942 0.006243 0.984604 0.110932
1784010331.885488033 0.196367 5.466752 -0.175325 -0.135080 0.006309 0.984584 0.110941
1784010331.889753103 0.193606 5.467396 -0.175291 -0.134977 0.006173 0.984596 0.110972
1784010331.895657063 0.189783 5.468288 -0.175228 -0.134767 0.006198 0.984621 0.110999
1784010331.900089025 0.186897 5.468968 -0.175171 -0.134612 0.006218 0.984640 0.111020
1784010331.905375957 0.183429 5.469787 -0.175095 -0.134639 0.006290 0.984633 0.111047
1784010331.909683943 0.180595 5.470450 -0.175039 -0.134744 0.006307 0.984615 0.111073
1784010331.915481091 0.176805 5.471329 -0.174988 -0.134743 0.006150 0.984611 0.111124
1784010331.919596910 0.174132 5.471952 -0.174976 -0.134600 0.006043 0.984626 0.111164
1784010331.925246000 0.170445 5.472822 -0.174965 -0.134453 0.006075 0.984640 0.111217
1784010331.925246000 0.170445 5.472822 -0.174965 -0.134453 0.006075 0.984640 0.111217
1784010331.925653934 0.170177 5.472886 -0.174965 -0.134443 0.006077 0.984641 0.111221
1784010331.929738998 0.167478 5.473528 -0.174963 -0.134588 0.006150 0.984619 0.111234
1784010331.935667038 0.163569 5.474449 -0.174971 -0.134886 0.006155 0.984576 0.111260
1784010331.939909935 0.160801 5.475098 -0.175001 -0.134773 0.006009 0.984587 0.111301
1784010331.945482016 0.157171 5.475959 -0.175051 -0.134458 0.005844 0.984625 0.111355
1784010331.949902058 0.154268 5.476655 -0.175087 -0.134489 0.005872 0.984619 0.111373
1784010331.955619097 0.150490 5.477567 -0.175131 -0.134895 0.005990 0.984562 0.111375
1784010331.960057020 0.147569 5.478273 -0.175175 -0.135111 0.006049 0.984531 0.111387
1784010331.965452909 0.144042 5.479127 -0.175244 -0.135060 0.005973 0.984537 0.111402
1784010331.969979048 0.141083 5.479848 -0.175304 -0.135043 0.005910 0.984537 0.111422
1784010331.975696087 0.137316 5.480775 -0.175347 -0.135289 0.006019 0.984503 0.111422
1784010331.979948044 0.134512 5.481468 -0.175355 -0.135589 0.006199 0.984463 0.111403
1784010331.985625029 0.130799 5.482374 -0.175348 -0.135688 0.006207 0.984449 0.111406
1784010331.989706039 0.128154 5.483013 -0.175334 -0.135487 0.006043 0.984474 0.111433
1784010331.995618105 0.124321 5.483943 -0.175277 -0.135240 0.005866 0.984502 0.111500
1784010331.999741077 0.121646 5.484597 -0.175213 -0.135285 0.005825 0.984490 0.111548
1784010332.005620956 0.117830 5.485517 -0.175112 -0.135277 0.005763 0.984485 0.111606
1784010332.009947062 0.115028 5.486178 -0.175053 -0.135138 0.005496 0.984497 0.111686
1784010332.015830994 0.111218 5.487077 -0.174998 -0.134946 0.005139 0.984513 0.111793
1784010332.019720078 0.108699 5.487679 -0.174981 -0.134886 0.005115 0.984516 0.111838
1784010332.025048018 0.105226 5.488507 -0.174982 -0.135028 0.005116 0.984490 0.111896
1784010332.025696039 0.104803 5.488608 -0.174985 -0.135059 0.005112 0.984485 0.111903
1784010332.025696039 0.104803 5.488608 -0.174985 -0.135059 0.005112 0.984485 0.111903
1784010332.030073881 0.101926 5.489281 -0.174996 -0.135258 0.005086 0.984452 0.111956
1784010332.035621881 0.098296 5.490125 -0.175036 -0.135323 0.004985 0.984437 0.112013
1784010332.040097952 0.095382 5.490802 -0.175089 -0.135201 0.004831 0.984449 0.112061
1784010332.045490980 0.091863 5.491629 -0.175145 -0.135152 0.004756 0.984450 0.112110
1784010332.049716949 0.089099 5.492286 -0.175178 -0.135264 0.004828 0.984433 0.112124
1784010332.055648088 0.085224 5.493202 -0.175214 -0.135312 0.004855 0.984425 0.112137
1784010332.059716940 0.082580 5.493826 -0.175247 -0.135151 0.004790 0.984445 0.112155
1784010332.065628052 0.078740 5.494740 -0.175289 -0.134998 0.004712 0.984466 0.112165
1784010332.069947004 0.075933 5.495421 -0.175319 -0.134992 0.004756 0.984465 0.112175
1784010332.075680971 0.072198 5.496336 -0.175352 -0.134977 0.004826 0.984463 0.112207
1784010332.079843044 0.069487 5.497007 -0.175373 -0.134919 0.004927 0.984469 0.112219
1784010332.085638046 0.065715 5.497938 -0.175392 -0.134931 0.004998 0.984464 0.112251
1784010332.090049028 0.062856 5.498643 -0.175407 -0.134963 0.005016 0.984456 0.112276
1784010332.095791101 0.059139 5.499566 -0.175412 -0.134926 0.005172 0.984458 0.112302
1784010332.099684954 0.056615 5.500197 -0.175405 -0.134974 0.005309 0.984448 0.112321
1784010332.105612993 0.052753 5.501161 -0.175369 -0.135151 0.005545 0.984419 0.112347
1784010332.110119104 0.049828 5.501888 -0.175344 -0.135236 0.005651 0.984403 0.112381
1784010332.115720034 0.046216 5.502779 -0.175332 -0.135123 0.005636 0.984413 0.112436
1784010332.120553970 0.043107 5.503545 -0.175339 -0.134961 0.005598 0.984427 0.112509
1784010332.125205994 0.040098 5.504291 -0.175348 -0.134933 0.005640 0.984424 0.112565
1784010332.125205994 0.040098 5.504291 -0.175348 -0.134933 0.005640 0.984424 0.112565
1784010332.125452995 0.039937 5.504330 -0.175347 -0.134931 0.005642 0.984424 0.112567
1784010332.129935026 0.037002 5.505043 -0.175341 -0.135039 0.005729 0.984405 0.112602
1784010332.135685921 0.033242 5.505947 -0.175345 -0.135111 0.005740 0.984389 0.112651
1784010332.139899969 0.030504 5.506603 -0.175365 -0.135013 0.005680 0.984397 0.112703
1784010332.145627975 0.026780 5.507497 -0.175391 -0.134789 0.005672 0.984421 0.112764
1784010332.149816990 0.024044 5.508159 -0.175403 -0.134755 0.005746 0.984420 0.112803
1784010332.155679941 0.020200 5.509087 -0.175391 -0.134936 0.005990 0.984392 0.112822
1784010332.159838915 0.017484 5.509738 -0.175378 -0.135024 0.006069 0.984376 0.112855
1784010332.165653944 0.013709 5.510634 -0.175366 -0.134812 0.005975 0.984399 0.112908
1784010332.170180082 0.010774 5.511338 -0.175357 -0.134622 0.005986 0.984422 0.112939
1784010332.175476074 0.007330 5.512179 -0.175324 -0.134744 0.006214 0.984403 0.112947
1784010332.179816961 0.004513 5.512869 -0.175292 -0.134925 0.006423 0.984377 0.112946
1784010332.185564041 0.000801 5.513767 -0.175265 -0.134878 0.006412 0.984378 0.112987
1784010332.189980030 -0.002043 5.514454 -0.175259 -0.134738 0.006330 0.984393 0.113028
1784010332.195648909 -0.005718 5.515353 -0.175241 -0.134750 0.006417 0.984388 0.113057
1784010332.199733019 -0.008378 5.516015 -0.175226 -0.134921 0.006625 0.984361 0.113071
1784010332.205687046 -0.012241 5.516967 -0.175213 -0.135041 0.006907 0.984341 0.113089
1784010332.209932089 -0.014972 5.517630 -0.175230 -0.134933 0.006820 0.984349 0.113149
1784010332.215634108 -0.018640 5.518521 -0.175261 -0.134740 0.006657 0.984367 0.113235
1784010332.219639063 -0.021219 5.519158 -0.175278 -0.134757 0.006749 0.984360 0.113274
1784010332.225480080 -0.024990 5.520086 -0.175288 -0.134916 0.006940 0.984333 0.113305
1784010332.225480080 -0.024990 5.520086 -0.175288 -0.134916 0.006940 0.984333 0.113305
1784010332.225598097 -0.025067 5.520104 -0.175287 -0.134919 0.006944 0.984332 0.113306
1784010332.230022907 -0.027927 5.520793 -0.175287 -0.134934 0.006941 0.984322 0.113375
1784010332.235630989 -0.031537 5.521646 -0.175293 -0.134808 0.006722 0.984329 0.113484
1784010332.239821911 -0.034228 5.522282 -0.175301 -0.134754 0.006598 0.984328 0.113559
1784010332.245682955 -0.038002 5.523181 -0.175293 -0.134815 0.006625 0.984309 0.113652
1784010332.250118971 -0.040865 5.523862 -0.175278 -0.134892 0.006613 0.984291 0.113719
1784010332.255393982 -0.044266 5.524658 -0.175256 -0.134885 0.006449 0.984282 0.113809
1784010332.259850979 -0.047126 5.525320 -0.175244 -0.134791 0.006241 0.984287 0.113892
1784010332.265499115 -0.050746 5.526164 -0.175229 -0.134679 0.006074 0.984291 0.113999
1784010332.269802094 -0.053507 5.526816 -0.175215 -0.134670 0.006104 0.984285 0.114057
1784010332.275640011 -0.057262 5.527700 -0.175190 -0.134653 0.006187 0.984280 0.114116
1784010332.280040979 -0.060091 5.528360 -0.175182 -0.134602 0.006151 0.984282 0.114165
1784010332.285603046 -0.063654 5.529187 -0.175187 -0.134470 0.006033 0.984292 0.114236
1784010332.290117979 -0.066537 5.529866 -0.175204 -0.134358 0.005974 0.984302 0.114289
1784010332.295684099 -0.070100 5.530720 -0.175225 -0.134260 0.006043 0.984308 0.114351
1784010332.299727917 -0.072704 5.531352 -0.175239 -0.134310 0.006130 0.984295 0.114393
1784010332.305496931 -0.076430 5.532253 -0.175249 -0.134596 0.006243 0.984249 0.114452
1784010332.309762955 -0.079173 5.532915 -0.175264 -0.134707 0.006275 0.984230 0.114480
1784010332.315634012 -0.082932 5.533834 -0.175290 -0.134600 0.006271 0.984237 0.114548
1784010332.319854975 -0.085640 5.534511 -0.175309 -0.134573 0.006386 0.984234 0.114601
1784010332.325370073 -0.089200 5.535408 -0.175318 -0.134811 0.006654 0.984192 0.114661
1784010332.325370073 -0.089200 5.535408 -0.175318 -0.134811 0.006654 0.984192 0.114661
1784010332.325553894 -0.089319 5.535438 -0.175318 -0.134818 0.006662 0.984191 0.114663
1784010332.329896927 -0.092123 5.536132 -0.175318 -0.135022 0.006762 0.984156 0.114718
1784010332.335617065 -0.095790 5.537032 -0.175338 -0.134898 0.006728 0.984163 0.114805
1784010332.339981079 -0.098576 5.537716 -0.175370 -0.134714 0.006664 0.984181 0.114875
1784010332.345451117 -0.102084 5.538589 -0.175405 -0.134696 0.006750 0.984173 0.114959
1784010332.350009918 -0.105022 5.539330 -0.175426 -0.134833 0.007011 0.984147 0.115001
1784010332.355592966 -0.108618 5.540224 -0.175451 -0.135002 0.007255 0.984119 0.115033
1784010332.359973907 -0.111423 5.540908 -0.175482 -0.134980 0.007212 0.984117 0.115077
1784010332.365605116 -0.115010 5.541784 -0.175518 -0.134812 0.007171 0.984136 0.115114
1784010332.369793892 -0.117677 5.542445 -0.175532 -0.134747 0.007339 0.984142 0.115124
1784010332.375611067 -0.121402 5.543366 -0.175521 -0.134859 0.007576 0.984124 0.115132
1784010332.379951954 -0.124189 5.544045 -0.175501 -0.134916 0.007620 0.984114 0.115145
1784010332.385776997 -0.127903 5.544940 -0.175469 -0.134753 0.007474 0.984130 0.115210
1784010332.389605999 -0.130326 5.545529 -0.175453 -0.134562 0.007404 0.984152 0.115252
1784010332.395595074 -0.134121 5.546460 -0.175416 -0.134325 0.007523 0.984176 0.115312
1784010332.400043011 -0.136960 5.547157 -0.175388 -0.134305 0.007605 0.984173 0.115357
1784010332.405606985 -0.140524 5.548021 -0.175362 -0.134429 0.007586 0.984149 0.115422
1784010332.409817934 -0.143209 5.548668 -0.175358 -0.134457 0.007528 0.984138 0.115483
1784010332.415455103 -0.146782 5.549536 -0.175374 -0.134324 0.007470 0.984148 0.115557
1784010332.419656992 -0.149448 5.550190 -0.175398 -0.134207 0.007508 0.984158 0.115610
1784010332.425472021 -0.153167 5.551102 -0.175429 -0.134282 0.007584 0.984140 0.115664
1784010332.425472021 -0.153167 5.551102 -0.175429 -0.134282 0.007584 0.984140 0.115664
1784010332.425602913 -0.153251 5.551122 -0.175430 -0.134284 0.007586 0.984140 0.115666
1784010332.429903984 -0.156009 5.551791 -0.175448 -0.134495 0.007615 0.984105 0.115716
1784010332.435636044 -0.159659 5.552673 -0.175482 -0.134456 0.007558 0.984102 0.115788
1784010332.440056086 -0.162468 5.553353 -0.175524 -0.134245 0.007457 0.984126 0.115844
1784010332.445343971 -0.165856 5.554179 -0.175575 -0.134261 0.007422 0.984116 0.115905
1784010332.449707985 -0.168666 5.554872 -0.175616 -0.134560 0.007543 0.984071 0.115934
1784010332.455585003 -0.172434 5.555802 -0.175683 -0.134854 0.007723 0.984025 0.115972
1784010332.459846973 -0.175153 5.556470 -0.175746 -0.134853 0.007656 0.984020 0.116018
1784010332.465787888 -0.178946 5.557412 -0.175820 -0.134849 0.007659 0.984014 0.116071
1784010332.469811916 -0.181522 5.558061 -0.175857 -0.134971 0.007792 0.983995 0.116083
1784010332.475827932 -0.185377 5.559032 -0.175880 -0.135219 0.008050 0.983956 0.116107
1784010332.479810953 -0.187921 5.559668 -0.175882 -0.135300 0.008108 0.983940 0.116146
1784010332.485646009 -0.191625 5.560587 -0.175859 -0.135132 0.007981 0.983956 0.116219
1784010332.489738941 -0.194213 5.561230 -0.175832 -0.134914 0.007869 0.983979 0.116284
1784010332.495636940 -0.197945 5.562161 -0.175771 -0.134821 0.007754 0.983976 0.116427
1784010332.500196934 -0.200830 5.562879 -0.175718 -0.134871 0.007711 0.983957 0.116528
1784010332.505642891 -0.204274 5.563720 -0.175668 -0.134728 0.007456 0.983960 0.116682
1784010332.509752035 -0.206878 5.564349 -0.175649 -0.134576 0.007217 0.983969 0.116801
1784010332.515604973 -0.210600 5.565255 -0.175634 -0.134629 0.007195 0.983948 0.116921
1784010332.519921064 -0.213350 5.565927 -0.175643 -0.134806 0.007267 0.983914 0.116994
1784010332.525534153 -0.216927 5.566792 -0.175692 -0.134844 0.007227 0.983896 0.117103
1784010332.525534153 -0.216927 5.566792 -0.175692 -0.134844 0.007227 0.983896 0.117103
1784010332.525726080 -0.217049 5.566822 -0.175694 -0.134845 0.007225 0.983896 0.117107
1784010332.529694080 -0.219585 5.567431 -0.175739 -0.134818 0.007132 0.983892 0.117178
1784010332.535594940 -0.223351 5.568345 -0.175808 -0.134959 0.007072 0.983862 0.117265
1784010332.540086985 -0.226205 5.569046 -0.175864 -0.135034 0.007070 0.983844 0.117331
1784010332.545625925 -0.229715 5.569912 -0.175928 -0.134881 0.007004 0.983855 0.117419
1784010332.549803019 -0.232366 5.570567 -0.175969 -0.134692 0.006930 0.983873 0.117492
1784010332.555671930 -0.236122 5.571497 -0.176003 -0.134620 0.006846 0.983874 0.117571
1784010332.560010910 -0.238903 5.572190 -0.176024 -0.134678 0.006858 0.983861 0.117613
1784010332.565591097 -0.242454 5.573085 -0.176055 -0.134530 0.006943 0.983876 0.117653
1784010332.570014954 -0.245259 5.573798 -0.176092 -0.134240 0.006919 0.983909 0.117707
1784010332.575653076 -0.248862 5.574726 -0.176124 -0.134079 0.006970 0.983922 0.117775
1784010332.579809904 -0.251534 5.575422 -0.176135 -0.134256 0.007193 0.983895 0.117792
1784010332.585608006 -0.255251 5.576384 -0.176148 -0.134546 0.007383 0.983851 0.117818
1784010332.589785099 -0.257904 5.577066 -0.176169 -0.134480 0.007398 0.983854 0.117860
1784010332.595576048 -0.261582 5.578022 -0.176183 -0.134222 0.007495 0.983881 0.117924
1784010332.599684954 -0.264209 5.578712 -0.176179 -0.134287 0.007673 0.983867 0.117959
1784010332.605609894 -0.268013 5.579709 -0.176160 -0.134633 0.007993 0.983812 0.118001
1784010332.609767914 -0.270666 5.580395 -0.176161 -0.134685 0.008039 0.983798 0.118053
1784010332.615704060 -0.274427 5.581360 -0.176188 -0.134340 0.007782 0.983831 0.118187
1784010332.619919062 -0.277097 5.582052 -0.176218 -0.134104 0.007766 0.983853 0.118276
1784010332.625502110 -0.280663 5.582985 -0.176245 -0.134206 0.007990 0.983827 0.118361
1784010332.625502110 -0.280663 5.582985 -0.176245 -0.134206 0.007990 0.983827 0.118361
1784010332.625627041 -0.280744 5.583006 -0.176245 -0.134208 0.007996 0.983826 0.118363
1784010332.629574060 -0.283297 5.583665 -0.176256 -0.134447 0.008115 0.983785 0.118424
1784010332.635617018 -0.287173 5.584650 -0.176292 -0.134289 0.008046 0.983792 0.118555
1784010332.640043020 -0.289985 5.585362 -0.176333 -0.134019 0.007911 0.983817 0.118662
1784010332.645582914 -0.293514 5.586272 -0.176356 -0.134004 0.008027 0.983804 0.118776
1784010332.649910927 -0.296278 5.586992 -0.176348 -0.134096 0.008334 0.983783 0.118824
1784010332.655463934 -0.299844 5.587910 -0.176324 -0.134131 0.008477 0.983768 0.118899
1784010332.659605026 -0.302496 5.588584 -0.176305 -0.134115 0.008499 0.983762 0.118966
1784010332.665662050 -0.306347 5.589567 -0.176278 -0.134039 0.008523 0.983764 0.119039
1784010332.669986010 -0.309075 5.590273 -0.176268 -0.133866 0.008604 0.983779 0.119101
1784010332.675725937 -0.312739 5.591228 -0.176238 -0.133671 0.008869 0.983795 0.119166
1784010332.679821968 -0.315385 5.591913 -0.176214 -0.133906 0.008903 0.983756 0.119222
1784010332.685574055 -0.319080 5.592867 -0.176192 -0.134215 0.008972 0.983704 0.119300
1784010332.689831972 -0.321769 5.593566 -0.176203 -0.134005 0.009022 0.983726 0.119354
1784010332.695602894 -0.325414 5.594526 -0.176231 -0.133773 0.009030 0.983742 0.119478
1784010332.699769974 -0.328056 5.595231 -0.176243 -0.133893 0.009186 0.983714 0.119559
1784010332.705373049 -0.331629 5.596180 -0.176250 -0.134037 0.009468 0.983682 0.119644
1784010332.709851027 -0.334483 5.596924 -0.176258 -0.134080 0.009419 0.983663 0.119754
1784010332.715657949 -0.338162 5.597885 -0.176267 -0.134024 0.009469 0.983659 0.119846
1784010332.720025063 -0.340904 5.598607 -0.176286 -0.133886 0.009453 0.983668 0.119923
1784010332.725502014 -0.344346 5.599518 -0.176312 -0.133615 0.009403 0.983688 0.120067
1784010332.725502014 -0.344346 5.599518 -0.176312 -0.133615 0.009403 0.983688 0.120067
1784010332.725759029 -0.344510 5.599561 -0.176312 -0.133602 0.009399 0.983689 0.120074
1784010332.729686975 -0.347022 5.600224 -0.176303 -0.133604 0.009455 0.983681 0.120137
1784010332.735552073 -0.350791 5.601197 -0.176278 -0.134015 0.009298 0.983615 0.120230
1784010332.740144014 -0.353718 5.601947 -0.176270 -0.134047 0.009139 0.983602 0.120309
1784010332.745466948 -0.357078 5.602816 -0.176274 -0.133627 0.009020 0.983650 0.120394
1784010332.749922037 -0.359895 5.603548 -0.176276 -0.133459 0.008930 0.983661 0.120497
1784010332.755609035 -0.363523 5.604479 -0.176251 -0.133655 0.008914 0.983627 0.120562
1784010332.759938002 -0.366288 5.605175 -0.176228 -0.133793 0.008754 0.983601 0.120628
1784010332.765516043 -0.369821 5.606062 -0.176201 -0.133588 0.008493 0.983620 0.120720
1784010332.769660950 -0.372432 5.606725 -0.176181 -0.133327 0.008424 0.983649 0.120781
1784010332.775602102 -0.376202 5.607686 -0.176143 -0.133150 0.008370 0.983664 0.120856
1784010332.779764891 -0.378864 5.608365 -0.176119 -0.133185 0.008413 0.983655 0.120887
1784010332.785583973 -0.382578 5.609309 -0.176090 -0.133331 0.008439 0.983631 0.120920
1784010332.789679050 -0.385171 5.609967 -0.176087 -0.133321 0.008357 0.983630 0.120947
1784010332.795574903 -0.388887 5.610928 -0.176096 -0.133173 0.008208 0.983643 0.121012
1784010332.800000906 -0.391678 5.611670 -0.176105 -0.133153 0.008309 0.983638 0.121067
1784010332.805438042 -0.395132 5.612594 -0.176102 -0.133376 0.008505 0.983601 0.121108
1784010332.809650898 -0.397811 5.613305 -0.176098 -0.133568 0.008525 0.983570 0.121149
1784010332.815581083 -0.401553 5.614300 -0.176098 -0.133430 0.008468 0.983582 0.121211
1784010332.820012093 -0.404341 5.615050 -0.176112 -0.133219 0.008371 0.983601 0.121294
1784010332.825500011 -0.407820 5.616003 -0.176125 -0.133216 0.008479 0.983590 0.121375
1784010332.825500011 -0.407820 5.616003 -0.176125 -0.133216 0.008479 0.983590 0.121375
1784010332.825649977 -0.407918 5.616029 -0.176125 -0.133216 0.008482 0.983590 0.121378
1784010332.830075026 -0.410791 5.616790 -0.176127 -0.133434 0.008724 0.983554 0.121411
1784010332.835613966 -0.414361 5.617717 -0.176149 -0.133487 0.008799 0.983538 0.121476
1784010332.839893103 -0.417092 5.618421 -0.176181 -0.133242 0.008674 0.983563 0.121550
1784010332.845577955 -0.420736 5.619371 -0.176207 -0.133011 0.008700 0.983582 0.121647
1784010332.849883080 -0.423526 5.620111 -0.176208 -0.133116 0.008913 0.983563 0.121675
1784010332.855609894 -0.427256 5.621091 -0.176193 -0.133460 0.009211 0.983512 0.121685
1784010332.860001087 -0.430088 5.621828 -0.176182 -0.133438 0.009266 0.983511 0.121711
1784010332.865292072 -0.433471 5.622703 -0.176176 -0.133042 0.009106 0.983560 0.121763
1784010332.869543076 -0.436195 5.623422 -0.176163 -0.132785 0.009166 0.983588 0.121814
1784010332.875605106 -0.440127 5.624459 -0.176109 -0.132948 0.009536 0.983562 0.121820
1784010332.879700899 -0.442789 5.625154 -0.176066 -0.133180 0.009615 0.983526 0.121848
1784010332.885518074 -0.446524 5.626114 -0.176019 -0.132825 0.009494 0.983566 0.121926
1784010332.889787912 -0.449244 5.626816 -0.175994 -0.132344 0.009338 0.983623 0.122002
1784010332.895493984 -0.452914 5.627768 -0.175952 -0.132140 0.009310 0.983639 0.122089
1784010332.899733067 -0.455663 5.628488 -0.175916 -0.132325 0.009471 0.983610 0.122117
1784010332.905589104 -0.459452 5.629461 -0.175889 -0.132466 0.009558 0.983581 0.122185
1784010332.909888029 -0.462209 5.630158 -0.175896 -0.132276 0.009360 0.983599 0.122260
1784010332.915508032 -0.465804 5.631070 -0.175918 -0.132029 0.009202 0.983623 0.122348
1784010332.919543028 -0.468390 5.631738 -0.175937 -0.132052 0.009241 0.983614 0.122396
1784010332.925560951 -0.472273 5.632737 -0.175962 -0.132212 0.009435 0.983586 0.122428
1784010332.925686121 -0.472354 5.632758 -0.175963 -0.132216 0.009435 0.983586 0.122429
1784010332.925686121 -0.472354 5.632758 -0.175963 -0.132216 0.009435 0.983586 0.122429
1784010332.929795027 -0.475042 5.633429 -0.175975 -0.132366 0.009424 0.983562 0.122458
1784010332.935592890 -0.478812 5.634360 -0.176005 -0.132360 0.009229 0.983557 0.122520
1784010332.940031052 -0.481671 5.635077 -0.176044 -0.132223 0.009141 0.983573 0.122544
1784010332.945342064 -0.485107 5.635948 -0.176091 -0.132167 0.009259 0.983577 0.122568
1784010332.949873924 -0.488076 5.636699 -0.176127 -0.132431 0.009332 0.983540 0.122575
1784010332.955454111 -0.491750 5.637622 -0.176165 -0.132942 0.009340 0.983471 0.122573
1784010332.959804058 -0.494578 5.638340 -0.176197 -0.132999 0.009407 0.983464 0.122559
1784010332.965643883 -0.498343 5.639307 -0.176248 -0.132687 0.009486 0.983507 0.122551
1784010332.969846964 -0.501068 5.640007 -0.176277 -0.132624 0.009547 0.983513 0.122560
1784010332.975380898 -0.504694 5.640930 -0.176277 -0.133006 0.009568 0.983461 0.122569
1784010332.979872942 -0.507623 5.641679 -0.176257 -0.133238 0.009652 0.983428 0.122568
1784010332.985625029 -0.511324 5.642623 -0.176225 -0.132951 0.009607 0.983462 0.122614
1784010332.989789009 -0.513971 5.643293 -0.176209 -0.132646 0.009372 0.983495 0.122702
1784010332.995587111 -0.517665 5.644221 -0.176176 -0.132549 0.009119 0.983495 0.122824
1784010332.999661922 -0.520283 5.644881 -0.176142 -0.132478 0.008939 0.983495 0.122910
1784010333.005517960 -0.524051 5.645820 -0.176103 -0.132670 0.008753 0.983457 0.123023
1784010333.009999037 -0.526910 5.646532 -0.176102 -0.132605 0.008571 0.983457 0.123108
1784010333.015580893 -0.530465 5.647422 -0.176131 -0.132435 0.008443 0.983467 0.123219
1784010333.019637108 -0.533050 5.648073 -0.176174 -0.132308 0.008348 0.983474 0.123300
1784010333.025561094 -0.536842 5.649022 -0.176247 -0.132667 0.008474 0.983418 0.123356
1784010333.025572062 -0.536850 5.649024 -0.176247 -0.132668 0.008474 0.983418 0.123356
1784010333.025572062 -0.536850 5.649024 -0.176247 -0.132668 0.008474 0.983418 0.123356
1784010333.029722929 -0.539526 5.649674 -0.176281 -0.132889 0.008550 0.983382 0.123400
1784010333.035563946 -0.543287 5.650581 -0.176333 -0.132711 0.008265 0.983401 0.123460
1784010333.040258884 -0.546292 5.651315 -0.176379 -0.132436 0.008111 0.983436 0.123486
1784010333.045466900 -0.549632 5.652140 -0.176425 -0.132301 0.008136 0.983452 0.123500
1784010333.049864054 -0.552467 5.652846 -0.176459 -0.132188 0.008156 0.983465 0.123512
1784010333.055581093 -0.556162 5.653766 -0.176500 -0.132227 0.008014 0.983459 0.123532
1784010333.059619904 -0.558768 5.654419 -0.176537 -0.132258 0.007914 0.983454 0.123546
1784010333.065541029 -0.562585 5.655384 -0.176590 -0.132008 0.008016 0.983487 0.123546
1784010333.069941998 -0.565417 5.656119 -0.176629 -0.131826 0.008091 0.983510 0.123546
1784010333.075520992 -0.569016 5.657057 -0.176672 -0.131851 0.008246 0.983505 0.123554
1784010333.079827070 -0.571805 5.657781 -0.176703 -0.131874 0.008365 0.983500 0.123559
1784010333.085556984 -0.575514 5.658742 -0.176736 -0.131872 0.008400 0.983497 0.123582
1784010333.089858055 -0.578282 5.659467 -0.176755 -0.131874 0.008427 0.983495 0.123598
1784010333.095701933 -0.582034 5.660451 -0.176773 -0.131884 0.008665 0.983490 0.123611
1784010333.099821091 -0.584675 5.661147 -0.176784 -0.131895 0.008833 0.983486 0.123619
1784010333.105586052 -0.588381 5.662120 -0.176792 -0.131931 0.008862 0.983476 0.123659
1784010333.109843969 -0.591129 5.662840 -0.176795 -0.131961 0.008883 0.983468 0.123687
1784010333.115669966 -0.594878 5.663821 -0.176815 -0.131946 0.008921 0.983464 0.123733
1784010333.120024920 -0.597655 5.664552 -0.176857 -0.131938 0.008949 0.983460 0.123767
1784010333.125267029 -0.601001 5.665429 -0.176916 -0.131797 0.008925 0.983472 0.123823
1784010333.125267029 -0.601001 5.665429 -0.176916 -0.131797 0.008925 0.983472 0.123823
1784010333.125397921 -0.601086 5.665450 -0.176917 -0.131793 0.008924 0.983473 0.123824
1784010333.129592896 -0.603803 5.666143 -0.176955 -0.131673 0.008904 0.983484 0.123867
1784010333.135615110 -0.607701 5.667129 -0.177008 -0.131778 0.008926 0.983463 0.123918
1784010333.139978886 -0.610496 5.667837 -0.177049 -0.131862 0.008941 0.983447 0.123955
1784010333.145551920 -0.614063 5.668738 -0.177094 -0.131599 0.009037 0.983476 0.123995
1784010333.149849892 -0.616824 5.669437 -0.177115 -0.131402 0.009112 0.983498 0.124025
1784010333.155529022 -0.620480 5.670364 -0.177124 -0.131646 0.009249 0.983461 0.124046
1784010333.159588099 -0.623090 5.671032 -0.177117 -0.131827 0.009347 0.983434 0.124060
1784010333.165585995 -0.626940 5.672015 -0.177104 -0.131470 0.009448 0.983479 0.124076
1784010333.169823885 -0.629645 5.672709 -0.177106 -0.131224 0.009520 0.983510 0.124087
1784010333.175638914 -0.633379 5.673668 -0.177102 -0.131406 0.009534 0.983482 0.124118
1784010333.179867029 -0.636125 5.674380 -0.177084 -0.131544 0.009545 0.983460 0.124140
1784010333.185707092 -0.639910 5.675365 -0.177059 -0.132008 0.009690 0.983394 0.124163
1784010333.189775944 -0.642508 5.676045 -0.177065 -0.131940 0.009735 0.983400 0.124183
1784010333.195537090 -0.646171 5.677007 -0.177102 -0.131511 0.009715 0.983450 0.124244
1784010333.199875116 -0.648945 5.677738 -0.177128 -0.131553 0.009766 0.983437 0.124298
1784010333.205540895 -0.652588 5.678697 -0.177148 -0.131972 0.009991 0.983375 0.124328
1784010333.209811926 -0.655331 5.679417 -0.177161 -0.132095 0.010062 0.983353 0.124363
1784010333.215600967 -0.659027 5.680381 -0.177178 -0.131933 0.009989 0.983369 0.124420
1784010333.219866037 -0.661737 5.681094 -0.177188 -0.131726 0.009947 0.983392 0.124458
1784010333.225327969 -0.665225 5.682009 -0.177196 -0.131526 0.009967 0.983412 0.124507
1784010333.225327969 -0.665225 5.682009 -0.177196 -0.131526 0.009967 0.983412 0.124507
1784010333.225600958 -0.665402 5.682054 -0.177195 -0.131517 0.009969 0.983413 0.124509
1784010333.229804039 -0.668127 5.682754 -0.177185 -0.131678 0.009931 0.983385 0.124561
1784010333.235554934 -0.671850 5.683698 -0.177175 -0.132026 0.009761 0.983332 0.124630
1784010333.239855051 -0.674601 5.684401 -0.177184 -0.131927 0.009638 0.983339 0.124683
1784010333.245635986 -0.678286 5.685349 -0.177199 -0.131545 0.009585 0.983380 0.124775
1784010333.250041008 -0.681105 5.686071 -0.177196 -0.131572 0.009584 0.983369 0.124826
1784010333.255784988 -0.684817 5.687001 -0.177178 -0.131776 0.009442 0.983335 0.124894
1784010333.259763956 -0.687392 5.687637 -0.177166 -0.131784 0.009211 0.983329 0.124948
1784010333.265548944 -0.691107 5.688560 -0.177145 -0.131578 0.008979 0.983349 0.125024
1784010333.269773006 -0.693798 5.689241 -0.177130 -0.131421 0.008999 0.983367 0.125047
1784010333.275460005 -0.697444 5.690154 -0.177109 -0.131281 0.009045 0.983381 0.125080
1784010333.279722929 -0.700199 5.690833 -0.177097 -0.131353 0.008963 0.983369 0.125107
1784010333.285552979 -0.703969 5.691765 -0.177078 -0.131568 0.008898 0.983340 0.125114
1784010333.289683104 -0.706616 5.692431 -0.177073 -0.131569 0.008928 0.983341 0.125105
1784010333.295536995 -0.710350 5.693381 -0.177079 -0.131410 0.009001 0.983361 0.125105
1784010333.299865007 -0.713110 5.694089 -0.177087 -0.131448 0.009008 0.983354 0.125122
1784010333.305531979 -0.716737 5.695024 -0.177085 -0.131645 0.009050 0.983323 0.125155
1784010333.309982061 -0.719589 5.695762 -0.177080 -0.131751 0.009053 0.983305 0.125182
1784010333.315548897 -0.723148 5.696690 -0.177070 -0.131784 0.008979 0.983296 0.125224
1784010333.319709063 -0.725789 5.697393 -0.177067 -0.131730 0.009036 0.983299 0.125253
1784010333.325328112 -0.729350 5.698352 -0.177073 -0.131542 0.009203 0.983316 0.125309
1784010333.325328112 -0.729350 5.698352 -0.177073 -0.131542 0.009203 0.983316 0.125309
1784010333.325551987 -0.729493 5.698391 -0.177073 -0.131534 0.009209 0.983316 0.125310
1784010333.329895973 -0.732282 5.699135 -0.177071 -0.131519 0.009230 0.983311 0.125366
1784010333.335551977 -0.735932 5.700105 -0.177068 -0.131748 0.009247 0.983273 0.125426
1784010333.340174913 -0.738901 5.700897 -0.177070 -0.131855 0.009340 0.983254 0.125452
1784010333.345372915 -0.742217 5.701785 -0.177083 -0.131740 0.009398 0.983263 0.125497
1784010333.349834919 -0.745060 5.702552 -0.177094 -0.131646 0.009511 0.983270 0.125532
1784010333.355505943 -0.748700 5.703534 -0.177083 -0.131781 0.009733 0.983247 0.125558
1784010333.360050917 -0.751624 5.704317 -0.177060 -0.131942 0.009886 0.983223 0.125561
1784010333.365537882 -0.755133 5.705247 -0.177025 -0.131882 0.009918 0.983229 0.125573
1784010333.370053053 -0.758000 5.706005 -0.176996 -0.131703 0.009906 0.983253 0.125581
1784010333.375384092 -0.761387 5.706904 -0.176951 -0.131496 0.010082 0.983282 0.125556
1784010333.379637957 -0.764102 5.707618 -0.176906 -0.131467 0.010203 0.983287 0.125533
1784010333.385556936 -0.767889 5.708594 -0.176835 -0.131473 0.010226 0.983289 0.125508
1784010333.389831066 -0.770609 5.709287 -0.176787 -0.131369 0.010161 0.983306 0.125495
1784010333.395606041 -0.774279 5.710214 -0.176735 -0.131052 0.010019 0.983351 0.125480
1784010333.400032997 -0.777105 5.710929 -0.176706 -0.130891 0.010006 0.983375 0.125461
1784010333.405575991 -0.780673 5.711826 -0.176670 -0.131060 0.010071 0.983357 0.125421
1784010333.409894943 -0.783449 5.712515 -0.176651 -0.131251 0.010064 0.983335 0.125396
1784010333.415597916 -0.787084 5.713408 -0.176651 -0.131115 0.009913 0.983358 0.125372
1784010333.419558048 -0.789595 5.714026 -0.176665 -0.130962 0.009843 0.983381 0.125351
1784010333.425453186 -0.793363 5.714951 -0.176676 -0.131061 0.009804 0.983375 0.125304
1784010333.425453186 -0.793363 5.714951 -0.176676 -0.131061 0.009804 0.983375 0.125304
1784010333.425499916 -0.793393 5.714958 -0.176675 -0.131062 0.009803 0.983375 0.125303
1784010333.429595947 -0.796043 5.715601 -0.176666 -0.131269 0.009846 0.983354 0.125244
1784010333.435633898 -0.799932 5.716535 -0.176657 -0.131335 0.009818 0.983355 0.125168
1784010333.440107107 -0.802787 5.717219 -0.176667 -0.131184 0.009661 0.983383 0.125122
1784010333.445714951 -0.806365 5.718084 -0.176692 -0.131048 0.009602 0.983411 0.125047
1784010333.449671984 -0.808902 5.718705 -0.176714 -0.131167 0.009640 0.983403 0.124983
1784010333.455521107 -0.812681 5.719625 -0.176741 -0.131500 0.009701 0.983371 0.124883
1784010333.459815979 -0.815455 5.720303 -0.176758 -0.131636 0.009721 0.983363 0.124799
1784010333.465581894 -0.819151 5.721214 -0.176780 -0.131593 0.009739 0.983382 0.124695
1784010333.469940901 -0.821925 5.721908 -0.176794 -0.131438 0.009858 0.983412 0.124610
1784010333.475603104 -0.825554 5.722806 -0.176791 -0.131404 0.009952 0.983428 0.124509
1784010333.479620934 -0.828145 5.723439 -0.176767 -0.131559 0.009942 0.983416 0.124445
1784010333.485531092 -0.831937 5.724356 -0.176703 -0.131607 0.009922 0.983424 0.124332
1784010333.489870071 -0.834690 5.725019 -0.176651 -0.131378 0.009786 0.983462 0.124282
1784010333.495424986 -0.838207 5.725865 -0.176584 -0.131067 0.009550 0.983508 0.124267
1784010333.499627113 -0.840869 5.726505 -0.176528 -0.131020 0.009447 0.983516 0.124259
1784010333.505502939 -0.844608 5.727386 -0.176451 -0.130993 0.009250 0.983522 0.124253
1784010333.509830952 -0.847371 5.728023 -0.176405 -0.130982 0.008999 0.983526 0.124253
1784010333.515584946 -0.851038 5.728864 -0.176359 -0.131018 0.008798 0.983527 0.124223
1784010333.519865036 -0.853748 5.729489 -0.176347 -0.130995 0.008738 0.983536 0.124179
1784010333.525371075 -0.857236 5.730285 -0.176358 -0.130857 0.008638 0.983562 0.124126
1784010333.525371075 -0.857236 5.730285 -0.176358 -0.130857 0.008638 0.983562 0.124126
1784010333.525502920 -0.857321 5.730304 -0.176359 -0.130853 0.008635 0.983563 0.124126
1784010333.529628038 -0.859966 5.730889 -0.176372 -0.130873 0.008551 0.983566 0.124085
1784010333.535547972 -0.863794 5.731725 -0.176393 -0.131097 0.008412 0.983549 0.123995
1784010333.539855003 -0.866572 5.732328 -0.176421 -0.131175 0.008274 0.983548 0.123924
1784010333.545566082 -0.870225 5.733118 -0.176484 -0.130889 0.008123 0.983603 0.123805
1784010333.549626112 -0.872817 5.733681 -0.176542 -0.130708 0.008028 0.983639 0.123712
1784010333.555344105 -0.876507 5.734474 -0.176617 -0.130778 0.007878 0.983647 0.123585
1784010333.559504032 -0.879207 5.735055 -0.176664 -0.130921 0.007808 0.983642 0.123476
1784010333.565301895 -0.882948 5.735863 -0.176722 -0.130916 0.007842 0.983665 0.123296
1784010333.569793940 -0.885818 5.736486 -0.176769 -0.130689 0.007875 0.983715 0.123142
1784010333.575539112 -0.889491 5.737279 -0.176824 -0.130404 0.007804 0.983775 0.122969
1784010333.579821110 -0.892239 5.737873 -0.176849 -0.130382 0.007788 0.983794 0.122836
1784010333.585567951 -0.895946 5.738678 -0.176853 -0.130548 0.007879 0.983796 0.122643
1784010333.589607954 -0.898547 5.739242 -0.176846 -0.130660 0.007878 0.983796 0.122518
1784010333.595526934 -0.902333 5.740059 -0.176841 -0.130541 0.007814 0.983835 0.122340
1784010333.599679947 -0.904976 5.740635 -0.176843 -0.130379 0.007811 0.983873 0.122206
1784010333.605345011 -0.908610 5.741430 -0.176836 -0.130409 0.007888 0.983890 0.122031
1784010333.609849930 -0.911523 5.742070 -0.176825 -0.130597 0.007962 0.983880 0.121904
1784010333.615503073 -0.915175 5.742865 -0.176829 -0.130712 0.007934 0.983883 0.121762
1784010333.620002985 -0.918060 5.743491 -0.176856 -0.130583 0.007877 0.983915 0.121647
1784010333.625120163 -0.921335 5.744202 -0.176908 -0.130382 0.007842 0.983957 0.121519
1784010333.625120163 -0.921335 5.744202 -0.176908 -0.130382 0.007842 0.983957 0.121519
1784010333.625348091 -0.921482 5.744233 -0.176911 -0.130372 0.007840 0.983959 0.121513
1784010333.629862070 -0.924400 5.744855 -0.176954 -0.130364 0.007847 0.983977 0.121382
1784010333.635560036 -0.928092 5.745629 -0.177007 -0.130466 0.007838 0.983984 0.121211
1784010333.639708996 -0.930768 5.746179 -0.177047 -0.130442 0.007741 0.984003 0.121093
1784010333.645576000 -0.934537 5.746947 -0.177090 -0.130213 0.007597 0.984056 0.120914
1784010333.649781942 -0.937234 5.747498 -0.177108 -0.130084 0.007606 0.984092 0.120762
1784010333.655673027 -0.941032 5.748266 -0.177106 -0.130058 0.007667 0.984123 0.120535
1784010333.659540892 -0.943531 5.748766 -0.177095 -0.130093 0.007707 0.984138 0.120373
1784010333.665344000 -0.947273 5.749505 -0.177066 -0.130089 0.007724 0.984168 0.120124
1784010333.669682980 -0.950055 5.750053 -0.177052 -0.130012 0.007724 0.984202 0.119930
1784010333.675513029 -0.953788 5.750791 -0.177043 -0.129860 0.007817 0.984255 0.119656
1784010333.679889917 -0.956597 5.751345 -0.177047 -0.129872 0.007855 0.984278 0.119449
1784010333.685539007 -0.960236 5.752054 -0.177059 -0.130034 0.007831 0.984291 0.119171
1784010333.689784050 -0.962964 5.752582 -0.177078 -0.130072 0.007792 0.984309 0.118977
1784010333.695554972 -0.966654 5.753295 -0.177115 -0.129908 0.007738 0.984363 0.118713
1784010333.699670076 -0.969282 5.753803 -0.177148 -0.129782 0.007770 0.984404 0.118512
1784010333.705528021 -0.973050 5.754523 -0.177185 -0.129839 0.007850 0.984432 0.118211
1784010333.709788084 -0.975797 5.755037 -0.177210 -0.129962 0.007841 0.984442 0.117994
1784010333.715543032 -0.979489 5.755717 -0.177239 -0.129912 0.007761 0.984484 0.117700
1784010333.719935894 -0.982292 5.756230 -0.177262 -0.129734 0.007702 0.984536 0.117467
1784010333.725403070 -0.985790 5.756861 -0.177284 -0.129577 0.007657 0.984593 0.117162
1784010333.725403070 -0.985790 5.756861 -0.177284 -0.129577 0.007657 0.984593 0.117162
1784010333.725600958 -0.985918 5.756884 -0.177283 -0.129574 0.007655 0.984595 0.117151
1784010333.729799032 -0.988632 5.757369 -0.177266 -0.129671 0.007567 0.984611 0.116917
1784010333.735583067 -0.992376 5.758017 -0.177241 -0.129904 0.007372 0.984621 0.116584
1784010333.740012884 -0.995229 5.758499 -0.177230 -0.129979 0.007170 0.984644 0.116324
1784010333.745357990 -0.998659 5.759072 -0.177220 -0.129907 0.006960 0.984693 0.115994
1784010333.749703884 -1.001449 5.759531 -0.177213 -0.129847 0.006854 0.984736 0.115705
1784010333.755548000 -1.005222 5.760129 -0.177197 -0.129957 0.006619 0.984769 0.115313
1784010333.760003090 -1.008103 5.760566 -0.177190 -0.130095 0.006353 0.984788 0.115014
1784010333.765538931 -1.011666 5.761095 -0.177183 -0.130083 0.006060 0.984838 0.114614
1784010333.769539118 -1.014231 5.761472 -0.177185 -0.129964 0.005954 0.984891 0.114298
1784010333.775609016 -1.018136 5.762040 -0.177178 -0.129902 0.005912 0.984959 0.113786
1784010333.780050039 -1.021005 5.762444 -0.177177 -0.129994 0.005863 0.984991 0.113398
1784010333.785370111 -1.024443 5.762912 -0.177184 -0.130113 0.005678 0.985032 0.112921
1784010333.789757013 -1.027268 5.763290 -0.177199 -0.130125 0.005545 0.985079 0.112500
1784010333.795561075 -1.030998 5.763787 -0.177220 -0.130169 0.005494 0.985141 0.111903
1784010333.799727917 -1.033673 5.764138 -0.177239 -0.130281 0.005480 0.985178 0.111453
1784010333.805582047 -1.037440 5.764620 -0.177253 -0.130464 0.005415 0.985226 0.110815
1784010333.809763908 -1.040140 5.764958 -0.177263 -0.130573 0.005294 0.985263 0.110362
1784010333.815427065 -1.043806 5.765419 -0.177266 -0.130838 0.005228 0.985299 0.109728
1784010333.819694042 -1.046558 5.765767 -0.177272 -0.130994 0.005333 0.985334 0.109218
1784010333.825132132 -1.050053 5.766199 -0.177293 -0.131049 0.005373 0.985398 0.108572
1784010333.825132132 -1.050053 5.766199 -0.177293 -0.131049 0.005373 0.985398 0.108572
1784010333.825561047 -1.050331 5.766231 -0.177294 -0.131051 0.005377 0.985404 0.108520
1784010333.830168962 -1.053330 5.766577 -0.177305 -0.131013 0.005264 0.985469 0.107975
1784010333.835494995 -1.056816 5.766970 -0.177321 -0.131149 0.005092 0.985520 0.107350
1784010333.839834929 -1.059659 5.767289 -0.177338 -0.131337 0.005049 0.985553 0.106817
1784010333.845591068 -1.063414 5.767704 -0.177366 -0.131440 0.005135 0.985619 0.106079
1784010333.849716902 -1.066094 5.767994 -0.177392 -0.131395 0.005161 0.985682 0.105545
1784010333.855392933 -1.069792 5.768381 -0.177419 -0.131353 0.005123 0.985768 0.104791
1784010333.859793901 -1.072672 5.768675 -0.177427 -0.131456 0.005098 0.985817 0.104202
1784010333.865504026 -1.076414 5.769049 -0.177416 -0.131740 0.005125 0.985861 0.103422
1784010333.870045900 -1.079373 5.769337 -0.177399 -0.131839 0.005121 0.985913 0.102796
1784010333.875336885 -1.082800 5.769659 -0.177377 -0.131646 0.004995 0.986014 0.102079
1784010333.879683971 -1.085613 5.769915 -0.177351 -0.131452 0.004878 0.986102 0.101488
1784010333.885617971 -1.089482 5.770258 -0.177290 -0.131543 0.004789 0.986174 0.100665
1784010333.889921904 -1.092296 5.770500 -0.177240 -0.131735 0.004730 0.986209 0.100073
1784010333.895679951 -1.096039 5.770812 -0.177187 -0.131723 0.004604 0.986291 0.099287
1784010333.899673939 -1.098618 5.771023 -0.177164 -0.131557 0.004564 0.986370 0.098726
1784010333.905500889 -1.102394 5.771322 -0.177132 -0.131500 0.004545 0.986461 0.097890
1784010333.910023928 -1.105343 5.771544 -0.177112 -0.131646 0.004490 0.986506 0.097238
1784010333.915667057 -1.109028 5.771807 -0.177100 -0.131817 0.004367 0.986564 0.096419
1784010333.919529915 -1.111538 5.771981 -0.177102 -0.131837 0.004278 0.986617 0.095854
1784010333.925297976 -1.115275 5.772232 -0.177118 -0.131756 0.004162 0.986711 0.094992
1784010333.925428152 -1.115360 5.772238 -0.177118 -0.131755 0.004160 0.986714 0.094972
1784010333.925428152 -1.115360 5.772238 -0.177118 -0.131755 0.004160 0.986714 0.094972
1784010333.929723024 -1.118151 5.772405 -0.177134 -0.131719 0.004086 0.986782 0.094314
1784010333.935549974 -1.121956 5.772616 -0.177160 -0.131829 0.003987 0.986855 0.093395
1784010333.940234900 -1.125024 5.772778 -0.177187 -0.132057 0.003864 0.986895 0.092652
1784010333.945378065 -1.128380 5.772950 -0.177228 -0.132221 0.003805 0.986951 0.091825
1784010333.949827909 -1.131272 5.773096 -0.177275 -0.132276 0.003754 0.987010 0.091108
1784010333.955565929 -1.135005 5.773273 -0.177338 -0.132460 0.003720 0.987071 0.090180
1784010333.959887028 -1.137831 5.773397 -0.177381 -0.132736 0.003632 0.987098 0.089473
1784010333.965310097 -1.141387 5.773539 -0.177426 -0.133223 0.003371 0.987111 0.088616
1784010333.969857931 -1.144351 5.773653 -0.177450 -0.133486 0.003235 0.987141 0.087886
1784010333.975455046 -1.147968 5.773781 -0.177463 -0.133495 0.003054 0.987220 0.086981
1784010333.979618073 -1.150658 5.773864 -0.177454 -0.133442 0.002793 0.987285 0.086335
1784010333.985500097 -1.154476 5.773968 -0.177406 -0.133582 0.002465 0.987348 0.085407
1784010333.989845991 -1.157293 5.774040 -0.177353 -0.133775 0.002322 0.987383 0.084697
1784010333.995466948 -1.160901 5.774113 -0.177288 -0.133763 0.002164 0.987465 0.083758
1784010333.999881029 -1.163718 5.774154 -0.177251 -0.133586 0.001981 0.987553 0.083009
1784010334.005335093 -1.167200 5.774193 -0.177213 -0.133571 0.001738 0.987634 0.082069
1784010334.009582043 -1.169913 5.774220 -0.177188 -0.133747 0.001637 0.987671 0.081328
1784010334.015515089 -1.173721 5.774251 -0.177176 -0.133754 0.001479 0.987754 0.080309
1784010334.019575119 -1.176355 5.774272 -0.177184 -0.133821 0.001327 0.987802 0.079610
1784010334.025351048 -1.180088 5.774290 -0.177209 -0.134135 0.001186 0.987841 0.078597
1784010334.025351048 -1.180088 5.774290 -0.177209 -0.134135 0.001186 0.987841 0.078597
1784010334.025492907 -1.180179 5.774290 -0.177209 -0.134142 0.001182 0.987841 0.078573
1784010334.029598951 -1.182796 5.774280 -0.177241 -0.134158 0.001133 0.987899 0.077819
1784010334.035532951 -1.186565 5.774240 -0.177321 -0.133857 0.000850 0.988023 0.076757
1784010334.040389061 -1.189671 5.774201 -0.177380 -0.133923 0.000660 0.988082 0.075879
1784010334.045371056 -1.192866 5.774159 -0.177419 -0.134262 0.000644 0.988108 0.074938
1784010334.049730062 -1.195652 5.774115 -0.177452 -0.134316 0.000649 0.988164 0.074103
1784010334.055567026 -1.199365 5.774030 -0.177499 -0.134173 0.000651 0.988270 0.072937
1784010334.059742928 -1.202017 5.773952 -0.177534 -0.134234 0.000566 0.988325 0.072073
1784010334.065557003 -1.205701 5.773821 -0.177595 -0.134260 0.000311 0.988407 0.070888
1784010334.069824934 -1.208409 5.773718 -0.177647 -0.134196 0.000163 0.988477 0.070030
1784010334.075567961 -1.212076 5.773562 -0.177712 -0.134516 -0.000088 0.988515 0.068872
1784010334.079905987 -1.214851 5.773434 -0.177759 -0.134911 -0.000217 0.988524 0.067968
1784010334.085175991 -1.218191 5.773261 -0.177831 -0.134926 -0.000339 0.988597 0.066866
1784010334.089739084 -1.221072 5.773100 -0.177897 -0.134731 -0.000478 0.988687 0.065915
1784010334.095488071 -1.224731 5.772891 -0.177946 -0.134922 -0.000576 0.988740 0.064722
1784010334.099725008 -1.227437 5.772737 -0.177958 -0.135240 -0.000575 0.988754 0.063832
1784010334.105485916 -1.231081 5.772506 -0.177976 -0.135245 -0.000668 0.988829 0.062654
1784010334.109677076 -1.233712 5.772323 -0.177994 -0.135004 -0.000864 0.988916 0.061799
1784010334.115444899 -1.237345 5.772058 -0.178000 -0.134812 -0.001122 0.989016 0.060595
1784010334.119734049 -1.240063 5.771857 -0.177994 -0.134890 -0.001202 0.989061 0.059676
1784010334.125351191 -1.243614 5.771576 -0.177990 -0.135052 -0.001235 0.989111 0.058474
1784010334.125351191 -1.243614 5.771576 -0.177990 -0.135052 -0.001235 0.989111 0.058474
1784010334.125540972 -1.243734 5.771566 -0.177991 -0.135057 -0.001235 0.989113 0.058433
1784010334.129730940 -1.246371 5.771327 -0.178002 -0.135131 -0.001373 0.989154 0.057552
1784010334.135512114 -1.250007 5.770978 -0.178034 -0.135100 -0.001616 0.989229 0.056324
1784010334.139718056 -1.252660 5.770722 -0.178058 -0.135092 -0.001724 0.989281 0.055414
1784010334.145539999 -1.256337 5.770365 -0.178081 -0.135250 -0.001672 0.989329 0.054151
1784010334.149789095 -1.259011 5.770096 -0.178097 -0.135368 -0.001657 0.989364 0.053212
1784010334.155517101 -1.262594 5.769701 -0.178147 -0.135223 -0.001939 0.989449 0.051968
1784010334.159708977 -1.265214 5.769399 -0.178197 -0.135037 -0.002201 0.989521 0.051064
1784010334.165397882 -1.268790 5.768987 -0.178248 -0.135123 -0.002400 0.989573 0.049813
1784010334.169651985 -1.271471 5.768680 -0.178274 -0.135306 -0.002419 0.989596 0.048857
1784010334.175400972 -1.275065 5.768245 -0.178316 -0.135260 -0.002506 0.989664 0.047570
1784010334.179725885 -1.277751 5.767901 -0.178359 -0.135047 -0.002699 0.989739 0.046600
1784010334.185563087 -1.281392 5.767424 -0.178405 -0.135014 -0.002957 0.989804 0.045280
1784010334.189836979 -1.284077 5.767076 -0.178421 -0.135265 -0.003073 0.989813 0.044317
1784010334.195492029 -1.287620 5.766614 -0.178423 -0.135545 -0.003086 0.989831 0.043035
1784010334.199738026 -1.290259 5.766261 -0.178420 -0.135480 -0.003135 0.989882 0.042063
1784010334.205495119 -1.293818 5.765762 -0.178422 -0.135206 -0.003395 0.989973 0.040753
1784010334.209775925 -1.296465 5.765387 -0.178422 -0.135111 -0.003569 0.990025 0.039784
1784010334.215506077 -1.300022 5.764878 -0.178416 -0.135221 -0.003732 0.990060 0.038499
1784010334.219763994 -1.302669 5.764496 -0.178412 -0.135332 -0.003870 0.990081 0.037553
1784010334.225434065 -1.306176 5.763974 -0.178417 -0.135307 -0.004062 0.990131 0.036292
1784010334.225434065 -1.306176 5.763974 -0.178417 -0.135307 -0.004062 0.990131 0.036292
1784010334.225461960 -1.306193 5.763971 -0.178417 -0.135307 -0.004063 0.990131 0.036285
1784010334.229876041 -1.308914 5.763529 -0.178422 -0.135170 -0.004258 0.990186 0.035254
1784010334.235476017 -1.312362 5.762948 -0.178440 -0.135040 -0.004545 0.990248 0.033936
1784010334.239737988 -1.314997 5.762500 -0.178457 -0.135084 -0.004727 0.990276 0.032925
1784010334.245301962 -1.318449 5.761903 -0.178482 -0.135332 -0.004956 0.990284 0.031599
1784010334.249718904 -1.321194 5.761424 -0.178508 -0.135509 -0.005083 0.990292 0.030541
1784010334.255477905 -1.324761 5.760785 -0.178552 -0.135550 -0.005206 0.990329 0.029121
1784010334.260035038 -1.327571 5.760272 -0.178595 -0.135500 -0.005355 0.990367 0.027992
1784010334.265650988 -1.331040 5.759630 -0.178645 -0.135496 -0.005554 0.990405 0.026615
1784010334.269711971 -1.333559 5.759165 -0.178679 -0.135489 -0.005698 0.990431 0.025624
1784010334.275490046 -1.337147 5.758495 -0.178728 -0.135754 -0.005943 0.990428 0.024229
1784010334.279726982 -1.339772 5.757999 -0.178769 -0.135945 -0.006123 0.990426 0.023211
1784010334.285504103 -1.343342 5.757313 -0.178835 -0.135820 -0.006390 0.990473 0.021800
1784010334.289802074 -1.345987 5.756798 -0.178896 -0.135685 -0.006531 0.990513 0.020747
1784010334.295514107 -1.349512 5.756102 -0.178975 -0.135830 -0.006656 0.990521 0.019344
1784010334.299612999 -1.352060 5.755598 -0.179025 -0.135929 -0.006746 0.990526 0.018343
1784010334.305507898 -1.355716 5.754856 -0.179096 -0.136063 -0.006913 0.990532 0.016893
1784010334.309736967 -1.358313 5.754316 -0.179155 -0.136155 -0.007033 0.990536 0.015858
1784010334.315496922 -1.361842 5.753565 -0.179227 -0.135885 -0.007253 0.990593 0.014422
1784010334.319716930 -1.364436 5.753009 -0.179266 -0.135683 -0.007414 0.990634 0.013375
1784010334.325093985 -1.367748 5.752284 -0.179310 -0.135792 -0.007565 0.990636 0.012020
1784010334.325093985 -1.367748 5.752284 -0.179310 -0.135792 -0.007565 0.990636 0.012020
1784010334.325633049 -1.368081 5.752209 -0.179313 -0.135801 -0.007580 0.990636 0.011886
1784010334.329782009 -1.370647 5.751623 -0.179338 -0.135872 -0.007696 0.990637 0.010853
1784010334.335496902 -1.374182 5.750799 -0.179373 -0.135820 -0.007903 0.990658 0.009388
1784010334.340130091 -1.377049 5.750124 -0.179398 -0.135790 -0.008053 0.990671 0.008193
1784010334.345469952 -1.380358 5.749340 -0.179417 -0.135835 -0.008126 0.990675 0.006796
1784010334.349666119 -1.382958 5.748721 -0.179426 -0.135869 -0.008183 0.990677 0.005701
1784010334.355726957 -1.386711 5.747810 -0.179444 -0.135857 -0.008433 0.990684 0.004116
1784010334.359853029 -1.389260 5.747177 -0.179467 -0.135847 -0.008602 0.990688 0.003041
1784010334.365540981 -1.392772 5.746294 -0.179502 -0.135931 -0.008785 0.990678 0.001538
1784010334.369959116 -1.395500 5.745607 -0.179527 -0.135994 -0.008926 0.990669 0.000373
1784010334.375250101 -1.398765 5.744775 -0.179561 -0.135870 -0.009083 0.990684 -0.001015
1784010334.379612923 -1.401452 5.744077 -0.179600 -0.135767 -0.009213 0.990696 -0.002158
1784010334.385622978 -1.405156 5.743106 -0.179661 -0.135782 -0.009471 0.990687 -0.003721
1784010334.389535904 -1.407574 5.742478 -0.179705 -0.135789 -0.009639 0.990680 -0.004734
1784010334.395488024 -1.411254 5.741514 -0.179766 -0.135822 -0.009810 0.990665 -0.006292
1784010334.399797916 -1.413915 5.740808 -0.179803 -0.135845 -0.009933 0.990653 -0.007417
1784010334.405504942 -1.417436 5.739874 -0.179828 -0.135626 -0.010373 0.990666 -0.008838
1784010334.409759998 -1.420058 5.739189 -0.179823 -0.135461 -0.010700 0.990676 -0.009894
1784010334.415498972 -1.423593 5.738266 -0.179798 -0.135411 -0.010780 0.990666 -0.011335
1784010334.419938087 -1.426328 5.737550 -0.179775 -0.135371 -0.010842 0.990657 -0.012447
1784010334.425318003 -1.429643 5.736674 -0.179754 -0.135288 -0.011010 0.990649 -0.013794
1784010334.425386190 -1.429685 5.736663 -0.179754 -0.135287 -0.011013 0.990649 -0.013811
1784010334.425386190 -1.429685 5.736663 -0.179754 -0.135287 -0.011013 0.990649 -0.013811
1784010334.429714918 -1.432379 5.735944 -0.179745 -0.135223 -0.011206 0.990640 -0.014872
1784010334.435509920 -1.435985 5.734989 -0.179751 -0.135469 -0.011216 0.990585 -0.016267
1784010334.439898968 -1.438708 5.734278 -0.179773 -0.135653 -0.011222 0.990541 -0.017323
1784010334.445569038 -1.442224 5.733367 -0.179807 -0.135457 -0.011567 0.990542 -0.018542
1784010334.449915886 -1.444917 5.732674 -0.179826 -0.135305 -0.011831 0.990542 -0.019475
1784010334.455614090 -1.448458 5.731775 -0.179830 -0.135175 -0.012222 0.990532 -0.020629
1784010334.459554911 -1.450912 5.731167 -0.179814 -0.135186 -0.012416 0.990511 -0.021403
1784010334.465466022 -1.454583 5.730264 -0.179778 -0.135100 -0.012635 0.990495 -0.022535
1784010334.470166922 -1.457487 5.729547 -0.179749 -0.134898 -0.012841 0.990499 -0.023418
1784010334.475464106 -1.460759 5.728732 -0.179715 -0.134759 -0.013104 0.990491 -0.024406
1784010334.479801893 -1.463446 5.728063 -0.179689 -0.134797 -0.013284 0.990463 -0.025225
1784010334.485551119 -1.467018 5.727173 -0.179671 -0.134911 -0.013519 0.990416 -0.026304
1784010334.489718914 -1.469605 5.726528 -0.179676 -0.134957 -0.013673 0.990387 -0.027084
1784010334.495482922 -1.473177 5.725630 -0.179710 -0.135000 -0.013943 0.990347 -0.028156
1784010334.499742985 -1.475811 5.724962 -0.179751 -0.135042 -0.014168 0.990315 -0.028955
1784010334.505498886 -1.479378 5.724055 -0.179813 -0.135122 -0.014427 0.990268 -0.030046
1784010334.509710073 -1.481993 5.723395 -0.179863 -0.135195 -0.014577 0.990232 -0.030844
1784010334.515449047 -1.485563 5.722499 -0.179939 -0.135324 -0.014807 0.990177 -0.031913
1784010334.519840956 -1.488288 5.721824 -0.180006 -0.135393 -0.014935 0.990139 -0.032728
1784010334.525289059 -1.491661 5.720995 -0.180097 -0.135403 -0.015057 0.990102 -0.033715
1784010334.525339127 -1.491693 5.720987 -0.180098 -0.135402 -0.015058 0.990102 -0.033724
1784010334.525339127 -1.491693 5.720987 -0.180098 -0.135402 -0.015058 0.990102 -0.033724
1784010334.529635906 -1.494369 5.720327 -0.180161 -0.135353 -0.015157 0.990081 -0.034497
1784010334.535521030 -1.498052 5.719440 -0.180237 -0.135325 -0.015218 0.990046 -0.035558
1784010334.539871931 -1.500781 5.718799 -0.180285 -0.135371 -0.015200 0.990012 -0.036339
1784010334.545497894 -1.504303 5.717980 -0.180344 -0.135415 -0.015228 0.989969 -0.037326
1784010334.549650908 -1.506898 5.717383 -0.180386 -0.135386 -0.015283 0.989945 -0.038029
1784010334.555469036 -1.510539 5.716562 -0.180424 -0.135362 -0.015340 0.989910 -0.038989
1784010334.559767008 -1.513237 5.715973 -0.180433 -0.135379 -0.015331 0.989881 -0.039673
1784010334.565263987 -1.516698 5.715229 -0.180431 -0.135432 -0.015294 0.989840 -0.040518
1784010334.569494963 -1.519360 5.714659 -0.180430 -0.135474 -0.015372 0.989807 -0.041132
1784010334.575486898 -1.523121 5.713856 -0.180442 -0.135476 -0.015588 0.989769 -0.041961
1784010334.579838991 -1.525852 5.713284 -0.180461 -0.135449 -0.015671 0.989747 -0.042538
1784010334.585504055 -1.529423 5.712543 -0.180493 -0.135483 -0.015734 0.989709 -0.043265
1784010334.589807034 -1.532146 5.711982 -0.180526 -0.135566 -0.015802 0.989674 -0.043797
1784010334.595516920 -1.535752 5.711232 -0.180587 -0.135592 -0.015975 0.989637 -0.044474
1784010334.599591970 -1.538315 5.710696 -0.180648 -0.135492 -0.016153 0.989627 -0.044940
1784010334.605468988 -1.542013 5.709920 -0.180747 -0.135359 -0.016424 0.989611 -0.045587
1784010334.609738111 -1.544714 5.709359 -0.180817 -0.135390 -0.016558 0.989583 -0.046060
1784010334.615537882 -1.548396 5.708596 -0.180897 -0.135571 -0.016683 0.989526 -0.046697
1784010334.620074034 -1.551266 5.707997 -0.180957 -0.135613 -0.016797 0.989495 -0.047184
1784010334.625303984 -1.554560 5.707302 -0.181031 -0.135451 -0.016993 0.989487 -0.047752
1784010334.625303984 -1.554560 5.707302 -0.181031 -0.135451 -0.016993 0.989487 -0.047752
1784010334.625631094 -1.554763 5.707258 -0.181035 -0.135440 -0.017004 0.989486 -0.047786
1784010334.629709959 -1.557295 5.706709 -0.181080 -0.135318 -0.017108 0.989481 -0.048211
1784010334.635487080 -1.560895 5.705936 -0.181126 -0.135417 -0.017210 0.989436 -0.048809
1784010334.640069008 -1.563763 5.705328 -0.181156 -0.135534 -0.017255 0.989396 -0.049276
1784010334.645509005 -1.567154 5.704607 -0.181193 -0.135477 -0.017347 0.989375 -0.049819
1784010334.649925947 -1.569900 5.704024 -0.181228 -0.135316 -0.017502 0.989373 -0.050248
1784010334.655272007 -1.573218 5.703326 -0.181267 -0.135127 -0.017588 0.989370 -0.050773
1784010334.659794092 -1.576035 5.702743 -0.181292 -0.135079 -0.017600 0.989354 -0.051206
1784010334.665241003 -1.579436 5.702042 -0.181307 -0.135154 -0.017626 0.989317 -0.051720
1784010334.669490099 -1.582093 5.701494 -0.181309 -0.135209 -0.017666 0.989288 -0.052110
1784010334.675185919 -1.585630 5.700763 -0.181308 -0.135117 -0.017711 0.989272 -0.052630
1784010334.679735899 -1.588450 5.700184 -0.181308 -0.134960 -0.017726 0.989272 -0.053042
1784010334.685463905 -1.592000 5.699457 -0.181302 -0.134834 -0.017770 0.989261 -0.053546
1784010334.689764977 -1.594678 5.698910 -0.181297 -0.134814 -0.017852 0.989242 -0.053909
1784010334.695349932 -1.598149 5.698195 -0.181294 -0.134778 -0.018014 0.989220 -0.054355
1784010334.699709892 -1.600854 5.697636 -0.181299 -0.134692 -0.018118 0.989211 -0.054702
1784010334.705526114 -1.604444 5.696891 -0.181316 -0.134517 -0.018224 0.989206 -0.055179
1784010334.709673882 -1.607009 5.696360 -0.181336 -0.134388 -0.018307 0.989203 -0.055513
1784010334.715522051 -1.610624 5.695605 -0.181362 -0.134280 -0.018457 0.989189 -0.055972
1784010334.719903946 -1.613344 5.695038 -0.181382 -0.134298 -0.018585 0.989165 -0.056312
1784010334.725394011 -1.616741 5.694327 -0.181406 -0.134323 -0.018712 0.989135 -0.056734
1784010334.725394011 -1.616741 5.694327 -0.181406 -0.134323 -0.018712 0.989135 -0.056734
1784010334.725452900 -1.616776 5.694319 -0.181406 -0.134324 -0.018713 0.989135 -0.056739
1784010334.729782104 -1.619395 5.693755 -0.181414 -0.134268 -0.018767 0.989121 -0.057090
1784010334.735502958 -1.622841 5.693005 -0.181421 -0.134139 -0.018808 0.989110 -0.057565
1784010334.739917994 -1.625511 5.692423 -0.181421 -0.134149 -0.018875 0.989086 -0.057937
1784010334.745651007 -1.628989 5.691667 -0.181408 -0.134331 -0.018913 0.989032 -0.058420
1784010334.749783039 -1.631499 5.691128 -0.181399 -0.134451 -0.018890 0.988995 -0.058773
1784010334.755472898 -1.634931 5.690391 -0.181390 -0.134442 -0.018833 0.988968 -0.059266
1784010334.759599924 -1.637413 5.689858 -0.181394 -0.134340 -0.018800 0.988961 -0.059635
1784010334.765474081 -1.640950 5.689094 -0.181403 -0.134275 -0.018839 0.988938 -0.060146
1784010334.769865036 -1.643615 5.688521 -0.181415 -0.134390 -0.018931 0.988898 -0.060504
1784010334.775486946 -1.647028 5.687796 -0.181434 -0.134668 -0.018953 0.988832 -0.060964
1784010334.779594898 -1.649515 5.687275 -0.181455 -0.134769 -0.018865 0.988798 -0.061316
1784010334.785505056 -1.653068 5.686522 -0.181496 -0.134700 -0.018775 0.988778 -0.061815
1784010334.789818048 -1.655667 5.685968 -0.181534 -0.134628 -0.018795 0.988766 -0.062165
1784010334.795562029 -1.659149 5.685227 -0.181574 -0.134801 -0.018827 0.988714 -0.062608
1784010334.799649954 -1.661640 5.684700 -0.181601 -0.135034 -0.018836 0.988662 -0.062921
1784010334.805469036 -1.665159 5.683952 -0.181644 -0.135123 -0.018780 0.988621 -0.063379
1784010334.809773922 -1.667751 5.683396 -0.181688 -0.134990 -0.018729 0.988617 -0.063739
1784010334.815535069 -1.671221 5.682637 -0.181750 -0.134933 -0.018802 0.988593 -0.064210
1784010334.819482088 -1.673619 5.682109 -0.181792 -0.135082 -0.018864 0.988551 -0.064533
1784010334.825333118 -1.677173 5.681319 -0.181848 -0.135400 -0.018930 0.988475 -0.065009
1784010334.825333118 -1.677173 5.681319 -0.181848 -0.135400 -0.018930 0.988475 -0.065009
1784010334.825478077 -1.677261 5.681300 -0.181849 -0.135407 -0.018931 0.988473 -0.065021
1784010334.830178976 -1.680095 5.680656 -0.181875 -0.135524 -0.019019 0.988430 -0.065409
1784010334.835465908 -1.683262 5.679929 -0.181907 -0.135428 -0.019099 0.988411 -0.065858
1784010334.839956999 -1.685946 5.679304 -0.181927 -0.135283 -0.019180 0.988404 -0.066248
1784010334.845290899 -1.689146 5.678550 -0.181938 -0.135218 -0.019320 0.988379 -0.066702
1784010334.849733114 -1.691820 5.677913 -0.181939 -0.135238 -0.019455 0.988348 -0.067085
1784010334.855470896 -1.695267 5.677082 -0.181937 -0.135234 -0.019598 0.988311 -0.067589
1784010334.859719992 -1.697808 5.676463 -0.181943 -0.135134 -0.019657 0.988297 -0.067989
1784010334.865490913 -1.701248 5.675608 -0.181957 -0.134894 -0.019769 0.988289 -0.068544
1784010334.869832039 -1.703840 5.674955 -0.181974 -0.134753 -0.019893 0.988276 -0.068969
1784010334.875447035 -1.707207 5.674097 -0.181995 -0.134738 -0.020110 0.988235 -0.069514
1784010334.879712105 -1.709769 5.673444 -0.182012 -0.134811 -0.020216 0.988193 -0.069944
1784010334.885310888 -1.713119 5.672588 -0.182034 -0.134867 -0.020236 0.988142 -0.070541
1784010334.889718056 -1.715746 5.671912 -0.182053 -0.134846 -0.020288 0.988110 -0.071015
1784010334.895442963 -1.719164 5.671028 -0.182067 -0.134818 -0.020434 0.988067 -0.071620
1784010334.899718046 -1.721727 5.670370 -0.182069 -0.134858 -0.020491 0.988028 -0.072075
1784010334.905461073 -1.725178 5.669489 -0.182065 -0.135023 -0.020507 0.987960 -0.072689
1784010334.909527063 -1.727617 5.668867 -0.182071 -0.135089 -0.020498 0.987918 -0.073130
1784010334.915472031 -1.731169 5.667954 -0.182103 -0.134967 -0.020515 0.987887 -0.073774
1784010334.919557095 -1.733610 5.667322 -0.182142 -0.134870 -0.020588 0.987866 -0.074215
1784010334.925371170 -1.737104 5.666418 -0.182201 -0.134932 -0.020640 0.987808 -0.074844
1784010334.925371170 -1.737104 5.666418 -0.182201 -0.134932 -0.020640 0.987808 -0.074844
1784010334.925554037 -1.737215 5.666389 -0.182202 -0.134934 -0.020641 0.987807 -0.074864
1784010334.929467916 -1.739593 5.665767 -0.182234 -0.135077 -0.020634 0.987754 -0.075299
1784010334.935463905 -1.743231 5.664799 -0.182292 -0.135193 -0.020697 0.987687 -0.075955
1784010334.940098047 -1.746030 5.664039 -0.182341 -0.135178 -0.020794 0.987647 -0.076470
1784010334.945235968 -1.749130 5.663182 -0.182375 -0.135173 -0.020990 0.987600 -0.077036
1784010334.949670076 -1.751803 5.662432 -0.182378 -0.135181 -0.021179 0.987556 -0.077522
1784010334.955467939 -1.755302 5.661440 -0.182345 -0.135160 -0.021381 0.987504 -0.078170
1784010334.959660053 -1.757825 5.660714 -0.182303 -0.135157 -0.021527 0.987463 -0.078646
1784010334.965421915 -1.761282 5.659701 -0.182234 -0.135164 -0.021718 0.987403 -0.079334
1784010334.969721079 -1.763849 5.658937 -0.182185 -0.135138 -0.021855 0.987361 -0.079867
1784010334.975444078 -1.767270 5.657906 -0.182126 -0.135141 -0.022021 0.987298 -0.080587
1784010334.979820013 -1.769887 5.657114 -0.182093 -0.135199 -0.022147 0.987242 -0.081141
1784010334.985466957 -1.773265 5.656090 -0.182071 -0.135252 -0.022248 0.987172 -0.081869
1784010334.989639997 -1.775751 5.655336 -0.182077 -0.135239 -0.022311 0.987128 -0.082410
1784010334.995476961 -1.779220 5.654275 -0.182106 -0.135174 -0.022450 0.987071 -0.083158
1784010334.999805927 -1.781789 5.653487 -0.182138 -0.135080 -0.022583 0.987034 -0.083708
1784010335.005614042 -1.785252 5.652430 -0.182180 -0.134977 -0.022704 0.986982 -0.084448
1784010335.009717941 -1.787702 5.651688 -0.182210 -0.134988 -0.022711 0.986935 -0.084978
1784010335.015455008 -1.791122 5.650646 -0.182257 -0.135024 -0.022714 0.986865 -0.085732
1784010335.019731045 -1.793658 5.649867 -0.182301 -0.134921 -0.022740 0.986828 -0.086310
1784010335.025303125 -1.796973 5.648843 -0.182359 -0.134751 -0.022793 0.986782 -0.087083
1784010335.025303125 -1.796973 5.648843 -0.182359 -0.134751 -0.022793 0.986782 -0.087083
1784010335.025459051 -1.797067 5.648814 -0.182360 -0.134747 -0.022794 0.986781 -0.087105
1784010335.029655933 -1.799596 5.648014 -0.182394 -0.134802 -0.022811 0.986719 -0.087714
1784010335.035479069 -1.803115 5.646897 -0.182440 -0.135082 -0.022782 0.986604 -0.088583
1784010335.040152073 -1.805927 5.645995 -0.182492 -0.135208 -0.022804 0.986523 -0.089281
1784010335.045497894 -1.809130 5.644949 -0.182566 -0.135181 -0.022913 0.986451 -0.090088
1784010335.049757957 -1.811683 5.644108 -0.182630 -0.135215 -0.023012 0.986384 -0.090743
1784010335.055408955 -1.815089 5.642977 -0.182709 -0.135500 -0.023094 0.986260 -0.091638
1784010335.059686899 -1.817674 5.642115 -0.182771 -0.135804 -0.023116 0.986153 -0.092329
1784010335.065395117 -1.821109 5.640943 -0.182863 -0.136099 -0.023259 0.986022 -0.093254
1784010335.069871902 -1.823790 5.640013 -0.182941 -0.136201 -0.023416 0.985935 -0.093981
1784010335.075406075 -1.827106 5.638854 -0.183028 -0.136264 -0.023547 0.985834 -0.094914
1784010335.079837084 -1.829771 5.637925 -0.183081 -0.136357 -0.023592 0.985748 -0.095661
1784010335.085397005 -1.833121 5.636748 -0.183129 -0.136508 -0.023607 0.985634 -0.096609
1784010335.089524031 -1.835596 5.635869 -0.183162 -0.136544 -0.023690 0.985559 -0.097301
1784010335.095468044 -1.839141 5.634591 -0.183208 -0.136428 -0.023910 0.985472 -0.098286
1784010335.099770069 -1.841699 5.633669 -0.183234 -0.136307 -0.024043 0.985416 -0.098983
1784010335.105501890 -1.845125 5.632440 -0.183245 -0.136242 -0.024109 0.985330 -0.099911
1784010335.109518051 -1.847534 5.631579 -0.183246 -0.136277 -0.024093 0.985259 -0.100562
1784010335.115453005 -1.851083 5.630288 -0.183265 -0.136381 -0.024218 0.985145 -0.101508
1784010335.119667053 -1.853585 5.629362 -0.183302 -0.136373 -0.024360 0.985073 -0.102181
1784010335.125121117 -1.856818 5.628152 -0.183369 -0.136358 -0.024513 0.984978 -0.103076
1784010335.125121117 -1.856818 5.628152 -0.183369 -0.136358 -0.024513 0.984978 -0.103076
1784010335.125418901 -1.856993 5.628085 -0.183373 -0.136356 -0.024522 0.984973 -0.103125
1784010335.129762888 -1.859549 5.627106 -0.183421 -0.136425 -0.024626 0.984885 -0.103840
1784010335.135473013 -1.862909 5.625812 -0.183483 -0.136488 -0.024686 0.984773 -0.104802
1784010335.139394045 -1.865220 5.624916 -0.183532 -0.136458 -0.024741 0.984705 -0.105464
1784010335.145400047 -1.868734 5.623525 -0.183616 -0.136416 -0.024958 0.984596 -0.106485
1784010335.149931908 -1.871372 5.622464 -0.183693 -0.136348 -0.025161 0.984515 -0.107270
1784010335.155401945 -1.874542 5.621168 -0.183789 -0.136260 -0.025436 0.984415 -0.108231
1784010335.159874916 -1.877135 5.620100 -0.183859 -0.136287 -0.025641 0.984319 -0.109016
1784010335.165079117 -1.880147 5.618847 -0.183925 -0.136330 -0.025828 0.984204 -0.109952
1784010335.169840097 -1.882898 5.617687 -0.183978 -0.136303 -0.026029 0.984105 -0.110817
1784010335.175390005 -1.886091 5.616320 -0.184034 -0.136323 -0.026255 0.983980 -0.111845
1784010335.179737091 -1.888582 5.615240 -0.184073 -0.136417 -0.026432 0.983869 -0.112664
1784010335.185439110 -1.891827 5.613809 -0.184123 -0.136443 -0.026693 0.983733 -0.113758
1784010335.189774036 -1.894284 5.612713 -0.184161 -0.136353 -0.026921 0.983643 -0.114585
1784010335.195427895 -1.897478 5.611276 -0.184197 -0.136210 -0.027163 0.983528 -0.115680
1784010335.199518919 -1.899791 5.610233 -0.184214 -0.136107 -0.027272 0.983445 -0.116479
1784010335.205408096 -1.903104 5.608719 -0.184234 -0.135999 -0.027390 0.983316 -0.117660
1784010335.209696054 -1.905501 5.607605 -0.184257 -0.135914 -0.027548 0.983219 -0.118526
1784010335.215434074 -1.908686 5.606101 -0.184297 -0.135720 -0.027842 0.983096 -0.119694
1784010335.219527006 -1.910960 5.605022 -0.184326 -0.135611 -0.028017 0.983005 -0.120526
1784010335.225092173 -1.914056 5.603550 -0.184359 -0.135641 -0.028165 0.982855 -0.121675
1784010335.225092173 -1.914056 5.603550 -0.184359 -0.135641 -0.028165 0.982855 -0.121675
1784010335.225423098 -1.914238 5.603462 -0.184360 -0.135643 -0.028173 0.982846 -0.121742
1784010335.229914904 -1.916702 5.602263 -0.184377 -0.135754 -0.028230 0.982713 -0.122671
1784010335.235459089 -1.919715 5.600767 -0.184413 -0.135789 -0.028389 0.982560 -0.123821
1784010335.239639044 -1.921975 5.599629 -0.184452 -0.135739 -0.028542 0.982451 -0.124705
1784010335.245454073 -1.925113 5.598038 -0.184501 -0.135788 -0.028688 0.982280 -0.125954
1784010335.249732018 -1.927432 5.596865 -0.184532 -0.135892 -0.028732 0.982145 -0.126880
1784010335.255403042 -1.930495 5.595302 -0.184573 -0.135996 -0.028717 0.981969 -0.128128
1784010335.259581089 -1.932739 5.594141 -0.184614 -0.135968 -0.028822 0.981850 -0.129046
1784010335.265412092 -1.935843 5.592506 -0.184694 -0.135779 -0.029116 0.981698 -0.130328
1784010335.269711971 -1.938133 5.591292 -0.184763 -0.135676 -0.029311 0.981581 -0.131268
1784010335.275212049 -1.941072 5.589738 -0.184846 -0.135759 -0.029426 0.981404 -0.132478
1784010335.279685974 -1.943473 5.588471 -0.184909 -0.135882 -0.029441 0.981252 -0.133471
1784010335.285460949 -1.946552 5.586827 -0.184995 -0.135990 -0.029480 0.981059 -0.134764
1784010335.289608002 -1.948748 5.585641 -0.185062 -0.135985 -0.029550 0.980928 -0.135704
1784010335.295445919 -1.951831 5.583963 -0.185158 -0.136002 -0.029692 0.980737 -0.137025
1784010335.299799919 -1.954142 5.582710 -0.185221 -0.136103 -0.029804 0.980585 -0.137989
1784010335.305608034 -1.957233 5.581041 -0.185286 -0.136276 -0.029782 0.980378 -0.139286
1784010335.309673071 -1.959399 5.579871 -0.185326 -0.136371 -0.029749 0.980236 -0.140198
1784010335.315433025 -1.962435 5.578205 -0.185391 -0.136385 -0.029853 0.980047 -0.141480
1784010335.319550991 -1.964595 5.577010 -0.185446 -0.136313 -0.029943 0.979920 -0.142406
1784010335.325190067 -1.967554 5.575368 -0.185514 -0.136315 -0.030075 0.979733 -0.143653
1784010335.325190067 -1.967554 5.575368 -0.185514 -0.136315 -0.030075 0.979733 -0.143653
1784010335.325419903 -1.967673 5.575300 -0.185516 -0.136313 -0.030081 0.979726 -0.143703
1784010335.329587936 -1.969835 5.574072 -0.185547 -0.136379 -0.030150 0.979582 -0.144603
1784010335.335505962 -1.972907 5.572320 -0.185578 -0.136502 -0.030170 0.979375 -0.145884
1784010335.339983940 -1.975221 5.570992 -0.185603 -0.136512 -0.030231 0.979227 -0.146848
1784010335.345031977 -1.977795 5.569488 -0.185646 -0.136268 -0.030368 0.979091 -0.147954
1784010335.349817038 -1.980229 5.568053 -0.185697 -0.135999 -0.030552 0.978964 -0.148998
1784010335.355420113 -1.983094 5.566358 -0.185749 -0.136004 -0.030776 0.978773 -0.150198
1784010335.359860897 -1.985382 5.565009 -0.185786 -0.136149 -0.030909 0.978600 -0.151161
1784010335.365422964 -1.988237 5.563311 -0.185838 -0.136207 -0.031062 0.978400 -0.152367
1784010335.369580984 -1.990355 5.562043 -0.185888 -0.136102 -0.031185 0.978269 -0.153278
1784010335.375482082 -1.993336 5.560237 -0.185974 -0.135847 -0.031383 0.978093 -0.154580
1784010335.379530907 -1.995393 5.558991 -0.186036 -0.135770 -0.031586 0.977960 -0.155447
1784010335.385468960 -1.998443 5.557147 -0.186115 -0.135943 -0.031894 0.977723 -0.156717
1784010335.389703035 -2.000638 5.555831 -0.186164 -0.136196 -0.032069 0.977537 -0.157620
1784010335.395489931 -2.003595 5.554042 -0.186237 -0.136245 -0.032209 0.977327 -0.158843
1784010335.399827003 -2.005784 5.552708 -0.186305 -0.135954 -0.032246 0.977211 -0.159797
1784010335.405293941 -2.008545 5.551014 -0.186397 -0.135668 -0.032366 0.977052 -0.160983
1784010335.409993887 -2.010945 5.549547 -0.186473 -0.135721 -0.032509 0.976875 -0.161982
1784010335.415450096 -2.013755 5.547832 -0.186565 -0.135883 -0.032638 0.976655 -0.163145
1784010335.419634104 -2.015915 5.546517 -0.186645 -0.135937 -0.032770 0.976498 -0.164006
1784010335.425454140 -2.018880 5.544696 -0.186769 -0.135763 -0.032953 0.976317 -0.165187
1784010335.425454140 -2.018880 5.544696 -0.186769 -0.135763 -0.032953 0.976317 -0.165187
1784010335.425471067 -2.018888 5.544690 -0.186769 -0.135764 -0.032953 0.976317 -0.165190
1784010335.429842949 -2.021077 5.543301 -0.186857 -0.135493 -0.033031 0.976197 -0.166101
1784010335.435436964 -2.023883 5.541511 -0.186956 -0.135297 -0.033223 0.976028 -0.167215
1784010335.439821959 -2.026098 5.540099 -0.187011 -0.135403 -0.033483 0.975860 -0.168054
1784010335.445239067 -2.028845 5.538345 -0.187050 -0.135541 -0.033841 0.975651 -0.169079
1784010335.449697971 -2.031101 5.536910 -0.187060 -0.135558 -0.033972 0.975495 -0.169936
1784010335.455425978 -2.033969 5.535072 -0.187056 -0.135471 -0.034096 0.975309 -0.171046
1784010335.460105896 -2.036295 5.533573 -0.187053 -0.135332 -0.034225 0.975161 -0.171973
1784010335.465053082 -2.038760 5.531979 -0.187055 -0.135278 -0.034465 0.974992 -0.172924
1784010335.469851017 -2.041170 5.530428 -0.187062 -0.135417 -0.034771 0.974804 -0.173811
1784010335.475426912 -2.043995 5.528630 -0.187079 -0.135789 -0.034967 0.974558 -0.174858
1784010335.479583979 -2.046099 5.527302 -0.187109 -0.135982 -0.035047 0.974392 -0.175617
1784010335.485285044 -2.048950 5.525492 -0.187182 -0.135914 -0.035111 0.974209 -0.176669
1784010335.489536047 -2.051065 5.524149 -0.187258 -0.135716 -0.035211 0.974092 -0.177446
1784010335.495285034 -2.053946 5.522319 -0.187363 -0.135644 -0.035441 0.973911 -0.178446
1784010335.499660969 -2.056172 5.520926 -0.187443 -0.135765 -0.035590 0.973749 -0.179205
1784010335.505456924 -2.059138 5.519087 -0.187542 -0.136088 -0.035598 0.973522 -0.180188
1784010335.509521961 -2.061215 5.517812 -0.187610 -0.136172 -0.035583 0.973383 -0.180878
1784010335.515490055 -2.064246 5.515936 -0.187719 -0.135827 -0.035640 0.973236 -0.181915
1784010335.519675016 -2.066376 5.514620 -0.187801 -0.135564 -0.035734 0.973134 -0.182634
1784010335.525429010 -2.069349 5.512804 -0.187881 -0.135638 -0.035786 0.972938 -0.183611
1784010335.525429010 -2.069349 5.512804 -0.187881 -0.135638 -0.035786 0.972938 -0.183611
1784010335.525563002 -2.069418 5.512761 -0.187881 -0.135638 -0.035788 0.972934 -0.183634
1784010335.529519081 -2.071482 5.511488 -0.187895 -0.135644 -0.035852 0.972803 -0.184307
1784010335.535446882 -2.074566 5.509585 -0.187907 -0.135853 -0.035773 0.972580 -0.185343
1784010335.539834023 -2.076822 5.508187 -0.187935 -0.135744 -0.035721 0.972446 -0.186136
1784010335.545439005 -2.079700 5.506400 -0.187979 -0.135506 -0.035774 0.972286 -0.187131
1784010335.549576998 -2.081842 5.505082 -0.188015 -0.135331 -0.035809 0.972167 -0.187868
1784010335.555445910 -2.084903 5.503207 -0.188061 -0.135579 -0.035735 0.971943 -0.188860
1784010335.560023069 -2.087302 5.501746 -0.188103 -0.135750 -0.035774 0.971773 -0.189603
1784010335.565443993 -2.090116 5.500024 -0.188162 -0.135720 -0.035849 0.971609 -0.190448
1784010335.569792986 -2.092349 5.498660 -0.188221 -0.135697 -0.035907 0.971477 -0.191127
1784010335.575407982 -2.095223 5.496903 -0.188288 -0.135601 -0.035929 0.971320 -0.191989
1784010335.580018997 -2.097599 5.495460 -0.188333 -0.135704 -0.035930 0.971170 -0.192673
1784010335.585316896 -2.100341 5.493791 -0.188382 -0.135773 -0.036025 0.971005 -0.193436
1784010335.589473009 -2.102504 5.492476 -0.188432 -0.135827 -0.036097 0.970875 -0.194037
1784010335.595377922 -2.105565 5.490608 -0.188512 -0.135827 -0.036242 0.970712 -0.194823
1784010335.599637032 -2.107758 5.489276 -0.188581 -0.135829 -0.036342 0.970593 -0.195393
1784010335.605454922 -2.110746 5.487459 -0.188672 -0.135607 -0.036560 0.970470 -0.196115
1784010335.609613895 -2.112895 5.486160 -0.188735 -0.135450 -0.036713 0.970382 -0.196633
1784010335.615464926 -2.115934 5.484328 -0.188819 -0.135679 -0.036950 0.970201 -0.197320
1784010335.619648933 -2.118130 5.483021 -0.188884 -0.135845 -0.037116 0.970071 -0.197814
1784010335.625272989 -2.121075 5.481268 -0.188984 -0.135836 -0.037175 0.969936 -0.198471
1784010335.625272989 -2.121075 5.481268 -0.188984 -0.135836 -0.037175 0.969936 -0.198471
1784010335.625437975 -2.121159 5.481216 -0.188987 -0.135836 -0.037176 0.969932 -0.198490
1784010335.629686117 -2.123318 5.479882 -0.189057 -0.135824 -0.037198 0.969830 -0.198990
1784010335.635437965 -2.126246 5.478071 -0.189154 -0.135785 -0.037353 0.969698 -0.199630
1784010335.640089989 -2.128657 5.476601 -0.189232 -0.135999 -0.037466 0.969556 -0.200153
1784010335.645410061 -2.131418 5.474928 -0.189323 -0.136376 -0.037525 0.969382 -0.200731
1784010335.649813890 -2.133691 5.473561 -0.189404 -0.136690 -0.037575 0.969236 -0.201210
1784010335.655399084 -2.136557 5.471832 -0.189507 -0.136436 -0.037623 0.969140 -0.201835
1784010335.659962893 -2.138903 5.470420 -0.189596 -0.136230 -0.037662 0.969061 -0.202348
1784010335.665277958 -2.141651 5.468775 -0.189684 -0.136364 -0.037732 0.968923 -0.202902
1784010335.669832945 -2.144041 5.467368 -0.189736 -0.136480 -0.037792 0.968805 -0.203378
1784010335.675230026 -2.146865 5.465709 -0.189781 -0.136522 -0.037823 0.968684 -0.203918
1784010335.679461956 -2.149052 5.464422 -0.189819 -0.136557 -0.037848 0.968588 -0.204344
1784010335.685411930 -2.152109 5.462613 -0.189859 -0.136244 -0.037832 0.968504 -0.204953
1784010335.690032959 -2.154507 5.461206 -0.189880 -0.136003 -0.037821 0.968438 -0.205428
1784010335.695189953 -2.157202 5.459631 -0.189886 -0.136015 -0.037871 0.968330 -0.205919
1784010335.699661970 -2.159562 5.458261 -0.189886 -0.136127 -0.037903 0.968223 -0.206340
1784010335.705467939 -2.162610 5.456486 -0.189904 -0.135974 -0.038035 0.968134 -0.206836
1784010335.709523916 -2.164721 5.455260 -0.189939 -0.135870 -0.038129 0.968070 -0.207185
1784010335.715440035 -2.167783 5.453469 -0.190001 -0.135723 -0.038238 0.967975 -0.207704
1784010335.719667912 -2.169987 5.452184 -0.190051 -0.135620 -0.038317 0.967906 -0.208078
1784010335.725181103 -2.172873 5.450493 -0.190117 -0.135572 -0.038491 0.967805 -0.208546
1784010335.725181103 -2.172873 5.450493 -0.190117 -0.135572 -0.038491 0.967805 -0.208546
1784010335.725379944 -2.172975 5.450431 -0.190119 -0.135570 -0.038497 0.967802 -0.208563
1784010335.729742050 -2.175227 5.449064 -0.190159 -0.135523 -0.038627 0.967721 -0.208946
1784010335.735378981 -2.178121 5.447295 -0.190220 -0.135520 -0.038671 0.967611 -0.209448
1784010335.739732981 -2.180334 5.445939 -0.190281 -0.135521 -0.038708 0.967525 -0.209835
1784010335.745377064 -2.183175 5.444179 -0.190371 -0.135282 -0.038773 0.967442 -0.210362
1784010335.749907017 -2.185460 5.442758 -0.190444 -0.135108 -0.038929 0.967371 -0.210768
1784010335.755121946 -2.188113 5.441108 -0.190513 -0.135135 -0.039114 0.967258 -0.211237
1784010335.760112047 -2.190676 5.439524 -0.190570 -0.135381 -0.039211 0.967116 -0.211710
1784010335.765098095 -2.193224 5.437951 -0.190631 -0.135541 -0.039222 0.966991 -0.212179
1784010335.769783974 -2.195594 5.436480 -0.190706 -0.135442 -0.039229 0.966904 -0.212635
1784010335.775307894 -2.198379 5.434742 -0.190807 -0.135195 -0.039329 0.966817 -0.213170
1784010335.779573917 -2.200550 5.433399 -0.190878 -0.135128 -0.039394 0.966737 -0.213559
1784010335.785428047 -2.203558 5.431552 -0.190958 -0.135256 -0.039369 0.966602 -0.214096
1784010335.789611101 -2.205721 5.430239 -0.191013 -0.135391 -0.039357 0.966503 -0.214459
1784010335.795419931 -2.208679 5.428425 -0.191097 -0.135282 -0.039282 0.966404 -0.214988
1784010335.799748898 -2.210869 5.427080 -0.191171 -0.134990 -0.039269 0.966355 -0.215391
1784010335.805557013 -2.213819 5.425266 -0.191251 -0.134816 -0.039301 0.966264 -0.215905
1784010335.809622049 -2.215916 5.423997 -0.191288 -0.134927 -0.039232 0.966170 -0.216264
1784010335.815427065 -2.218917 5.422182 -0.191330 -0.135233 -0.039125 0.966020 -0.216764
1784010335.819681883 -2.221101 5.420858 -0.191370 -0.135263 -0.039096 0.965938 -0.217118
1784010335.825260162 -2.223932 5.419125 -0.191440 -0.134974 -0.039028 0.965868 -0.217618
1784010335.825260162 -2.223932 5.419125 -0.191440 -0.134974 -0.039028 0.965868 -0.217618
1784010335.825480938 -2.224042 5.419055 -0.191442 -0.134963 -0.039026 0.965865 -0.217638
1784010335.829752922 -2.226170 5.417695 -0.191485 -0.134817 -0.039042 0.965802 -0.218007
1784010335.835411072 -2.229012 5.415883 -0.191531 -0.134862 -0.039047 0.965691 -0.218471
1784010335.840178013 -2.231435 5.414352 -0.191567 -0.135032 -0.038967 0.965581 -0.218865
1784010335.845572948 -2.234166 5.412617 -0.191612 -0.135195 -0.038972 0.965463 -0.219281
1784010335.849569082 -2.236168 5.411340 -0.191656 -0.135119 -0.038974 0.965398 -0.219615
1784010335.855469942 -2.239099 5.409450 -0.191725 -0.134719 -0.038987 0.965339 -0.220117
1784010335.860016108 -2.241370 5.407989 -0.191768 -0.134521 -0.039069 0.965279 -0.220484
1784010335.865242958 -2.244013 5.406297 -0.191792 -0.134530 -0.039098 0.965179 -0.220915
1784010335.869512081 -2.246184 5.404915 -0.191799 -0.134635 -0.039088 0.965085 -0.221263
1784010335.875355959 -2.249110 5.403029 -0.191815 -0.134550 -0.039070 0.964987 -0.221743
1784010335.879882097 -2.251354 5.401576 -0.191844 -0.134236 -0.039023 0.964938 -0.222153
1784010335.885179996 -2.253989 5.399862 -0.191877 -0.134022 -0.039075 0.964860 -0.222613
1784010335.889518976 -2.256179 5.398453 -0.191896 -0.134094 -0.039090 0.964762 -0.222990
1784010335.895382881 -2.259157 5.396544 -0.191911 -0.134386 -0.039008 0.964608 -0.223496
1784010335.899718046 -2.261350 5.395144 -0.191932 -0.134493 -0.038968 0.964510 -0.223859
1784010335.905397892 -2.264184 5.393318 -0.191987 -0.134275 -0.038889 0.964427 -0.224363
1784010335.909490108 -2.266226 5.392005 -0.192041 -0.134088 -0.038889 0.964370 -0.224720
1784010335.915409088 -2.269210 5.390091 -0.192102 -0.134143 -0.038882 0.964247 -0.225213
1784010335.919645071 -2.271379 5.388721 -0.192135 -0.134357 -0.038808 0.964139 -0.225564
1784010335.925388098 -2.274306 5.386867 -0.192180 -0.134526 -0.038682 0.964013 -0.226023
1784010335.925388098 -2.274306 5.386867 -0.192180 -0.134526 -0.038682 0.964013 -0.226023
1784010335.925431967 -2.274327 5.386852 -0.192180 -0.134528 -0.038681 0.964011 -0.226027
1784010335.929652929 -2.276421 5.385475 -0.192211 -0.134403 -0.038589 0.963946 -0.226395
1784010335.935406923 -2.279258 5.383594 -0.192273 -0.134026 -0.038524 0.963879 -0.226912
1784010335.940164089 -2.281625 5.382028 -0.192329 -0.133948 -0.038546 0.963793 -0.227322
1784010335.945379019 -2.284252 5.380298 -0.192379 -0.134168 -0.038594 0.963656 -0.227764
1784010335.949769974 -2.286476 5.378841 -0.192418 -0.134371 -0.038604 0.963541 -0.228130
1784010335.955162048 -2.289178 5.377061 -0.192475 -0.134402 -0.038533 0.963426 -0.228609
1784010335.959522963 -2.291342 5.375627 -0.192533 -0.134246 -0.038497 0.963352 -0.229016
1784010335.965405941 -2.294266 5.373676 -0.192603 -0.134164 -0.038565 0.963235 -0.229544
1784010335.969880104 -2.296511 5.372180 -0.192640 -0.134309 -0.038711 0.963119 -0.229921
1784010335.975236893 -2.299212 5.370377 -0.192662 -0.134553 -0.038941 0.962971 -0.230363
1784010335.979600906 -2.301403 5.368915 -0.192667 -0.134606 -0.039068 0.962878 -0.230698
1784010335.985474110 -2.304309 5.366956 -0.192675 -0.134339 -0.039147 0.962795 -0.231184
1784010335.990003109 -2.306535 5.365444 -0.192690 -0.134025 -0.039262 0.962742 -0.231567
1784010335.995134115 -2.309069 5.363714 -0.192701 -0.133897 -0.039452 0.962656 -0.231968
1784010335.999737024 -2.311362 5.362150 -0.192710 -0.133982 -0.039674 0.962550 -0.232319
1784010336.005354881 -2.314168 5.360234 -0.192730 -0.134119 -0.039866 0.962416 -0.232763
1784010336.009577036 -2.316265 5.358806 -0.192761 -0.134093 -0.039901 0.962336 -0.233101
1784010336.015445948 -2.319148 5.356823 -0.192832 -0.133802 -0.039924 0.962252 -0.233612
1784010336.019680023 -2.321227 5.355389 -0.192898 -0.133595 -0.039992 0.962189 -0.233977
1784010336.025226116 -2.323975 5.353492 -0.192974 -0.133602 -0.040141 0.962068 -0.234445
1784010336.025226116 -2.323975 5.353492 -0.192974 -0.133602 -0.040141 0.962068 -0.234445
1784010336.025393963 -2.324058 5.353433 -0.192975 -0.133600 -0.040145 0.962065 -0.234459
1784010336.029644012 -2.326174 5.351945 -0.193008 -0.133743 -0.040265 0.961950 -0.234829
1784010336.035470963 -2.329069 5.349916 -0.193038 -0.133853 -0.040279 0.961808 -0.235343
1784010336.039613962 -2.331114 5.348488 -0.193057 -0.133712 -0.040182 0.961736 -0.235736
1784010336.045447111 -2.333996 5.346465 -0.193086 -0.133342 -0.040164 0.961647 -0.236307
1784010336.049838066 -2.336188 5.344932 -0.193103 -0.133290 -0.040186 0.961550 -0.236730
1784010336.055361986 -2.338966 5.342999 -0.193121 -0.133512 -0.040181 0.961386 -0.237268
1784010336.059478045 -2.341040 5.341565 -0.193145 -0.133627 -0.040176 0.961276 -0.237653
1784010336.065414906 -2.344023 5.339504 -0.193197 -0.133519 -0.040059 0.961154 -0.238226
1784010336.069703102 -2.346182 5.338020 -0.193246 -0.133359 -0.039968 0.961076 -0.238643
1784010336.075340033 -2.349048 5.336054 -0.193312 -0.133195 -0.039888 0.960967 -0.239188
1784010336.079611063 -2.351251 5.334555 -0.193367 -0.133216 -0.039775 0.960865 -0.239602
1784010336.085256100 -2.354175 5.332562 -0.193453 -0.133402 -0.039743 0.960716 -0.240104
1784010336.089584112 -2.356406 5.331039 -0.193536 -0.133485 -0.039751 0.960611 -0.240475
1784010336.095346928 -2.359358 5.329009 -0.193658 -0.133311 -0.039693 0.960503 -0.241011
1784010336.099622011 -2.361549 5.327498 -0.193743 -0.133173 -0.039699 0.960424 -0.241402
1784010336.105396986 -2.364525 5.325441 -0.193825 -0.133223 -0.039699 0.960281 -0.241942
1784010336.109745026 -2.366773 5.323885 -0.193867 -0.133323 -0.039739 0.960165 -0.242339
1784010336.115400076 -2.369689 5.321854 -0.193906 -0.133366 -0.039749 0.960024 -0.242872
1784010336.119570017 -2.371835 5.320359 -0.193926 -0.133363 -0.039697 0.959923 -0.243284
1784010336.125315189 -2.374788 5.318290 -0.193943 -0.133300 -0.039686 0.959787 -0.243855
1784010336.125315189 -2.374788 5.318290 -0.193943 -0.133300 -0.039686 0.959787 -0.243855
1784010336.125425100 -2.374844 5.318250 -0.193943 -0.133299 -0.039686 0.959784 -0.243868
1784010336.129520893 -2.376935 5.316760 -0.193947 -0.133250 -0.039685 0.959674 -0.244325
1784010336.135402918 -2.379930 5.314614 -0.193955 -0.133219 -0.039765 0.959505 -0.244994
1784010336.140263081 -2.382399 5.312840 -0.193970 -0.133165 -0.039868 0.959375 -0.245516
1784010336.145001888 -2.384803 5.311112 -0.193994 -0.133044 -0.039864 0.959257 -0.246040
1784010336.149569035 -2.387121 5.309444 -0.194022 -0.132985 -0.039830 0.959136 -0.246548
1784010336.155369997 -2.390058 5.307313 -0.194062 -0.133013 -0.039803 0.958961 -0.247220
1784010336.159636974 -2.392214 5.305737 -0.194098 -0.132972 -0.039791 0.958841 -0.247708
1784010336.165430069 -2.395133 5.303580 -0.194159 -0.132816 -0.039855 0.958680 -0.248405
1784010336.169807911 -2.397340 5.301940 -0.194210 -0.132785 -0.039890 0.958545 -0.248935
1784010336.174974918 -2.399935 5.299996 -0.194273 -0.132815 -0.039909 0.958367 -0.249599
1784010336.179922104 -2.402408 5.298125 -0.194334 -0.132712 -0.039917 0.958210 -0.250256
1784010336.185482979 -2.405184 5.296000 -0.194404 -0.132517 -0.039981 0.958033 -0.251024
1784010336.189445019 -2.407167 5.294471 -0.194457 -0.132495 -0.040109 0.957892 -0.251556
1784010336.195348978 -2.410110 5.292181 -0.194545 -0.132577 -0.040285 0.957651 -0.252398
1784010336.199722052 -2.412278 5.290480 -0.194617 -0.132586 -0.040333 0.957478 -0.253040
1784010336.205252886 -2.415005 5.288313 -0.194710 -0.132522 -0.040443 0.957254 -0.253903
1784010336.209606886 -2.417151 5.286586 -0.194782 -0.132527 -0.040624 0.957066 -0.254581
1784010336.215354919 -2.419985 5.284287 -0.194869 -0.132675 -0.040884 0.956783 -0.255523
1784010336.219614029 -2.422083 5.282575 -0.194927 -0.132839 -0.041038 0.956566 -0.256223
1784010336.225045204 -2.424741 5.280382 -0.194998 -0.132911 -0.041230 0.956297 -0.257158
1784010336.225045204 -2.424741 5.280382 -0.194998 -0.132911 -0.041230 0.956297 -0.257158
1784010336.225346088 -2.424884 5.280261 -0.195002 -0.132916 -0.041240 0.956283 -0.257206
1784010336.229625940 -2.426899 5.278538 -0.195065 -0.132828 -0.041358 0.956098 -0.257920
1784010336.235371113 -2.429584 5.276217 -0.195140 -0.132621 -0.041511 0.955857 -0.258893
1784010336.239942074 -2.431729 5.274359 -0.195185 -0.132539 -0.041642 0.955655 -0.259659
1784010336.245393991 -2.434282 5.272135 -0.195226 -0.132504 -0.041732 0.955404 -0.260584
1784010336.249358892 -2.436134 5.270511 -0.195257 -0.132379 -0.041803 0.955232 -0.261266
1784010336.255224943 -2.438831 5.268105 -0.195313 -0.132024 -0.041904 0.954987 -0.262324
1784010336.259546995 -2.440811 5.266321 -0.195354 -0.131804 -0.041958 0.954793 -0.263132
1784010336.265360117 -2.443463 5.263899 -0.195408 -0.131702 -0.042078 0.954495 -0.264241
1784010336.269879103 -2.445528 5.261994 -0.195451 -0.131692 -0.042204 0.954247 -0.265119
1784010336.275204897 -2.447941 5.259732 -0.195511 -0.131667 -0.042365 0.953946 -0.266189
1784010336.279514074 -2.449882 5.257889 -0.195565 -0.131662 -0.042503 0.953692 -0.267076
1784010336.285397053 -2.452497 5.255362 -0.195649 -0.131612 -0.042698 0.953341 -0.268320
1784010336.289602041 -2.454365 5.253543 -0.195715 -0.131517 -0.042808 0.953093 -0.269231
1784010336.295396090 -2.456929 5.251017 -0.195808 -0.131461 -0.042968 0.952730 -0.270512
1784010336.299438953 -2.458728 5.249243 -0.195871 -0.131537 -0.043059 0.952460 -0.271411
1784010336.305443048 -2.461360 5.246603 -0.195977 -0.131561 -0.043176 0.952063 -0.272770
1784010336.309593916 -2.463166 5.244769 -0.196067 -0.131386 -0.043344 0.951812 -0.273702
1784010336.315387964 -2.465670 5.242199 -0.196202 -0.131128 -0.043639 0.951455 -0.275016
1784010336.319645882 -2.467527 5.240301 -0.196294 -0.131100 -0.043796 0.951172 -0.275981
1784010336.325088024 -2.469896 5.237867 -0.196406 -0.131186 -0.043903 0.950789 -0.277243
1784010336.325088024 -2.469896 5.237867 -0.196406 -0.131186 -0.043903 0.950789 -0.277243
1784010336.325511932 -2.470076 5.237677 -0.196414 -0.131193 -0.043910 0.950759 -0.277339
1784010336.329555035 -2.471777 5.235868 -0.196493 -0.131226 -0.044000 0.950479 -0.278270
1784010336.335390091 -2.474203 5.233245 -0.196613 -0.131190 -0.044210 0.950075 -0.279627
1784010336.339612961 -2.475958 5.231336 -0.196703 -0.131172 -0.044432 0.949781 -0.280598
1784010336.345372915 -2.478359 5.228722 -0.196809 -0.131254 -0.044646 0.949366 -0.281928
1784010336.349689960 -2.480167 5.226761 -0.196878 -0.131388 -0.044670 0.949045 -0.282942
1784010336.355407953 -2.482521 5.224164 -0.196972 -0.131365 -0.044748 0.948641 -0.284289
1784010336.359659910 -2.484246 5.222229 -0.197053 -0.131132 -0.044878 0.948361 -0.285312
1784010336.365345955 -2.486543 5.219628 -0.197154 -0.130894 -0.045088 0.947969 -0.286686
1784010336.369452000 -2.488211 5.217743 -0.197210 -0.130947 -0.045234 0.947658 -0.287666
1784010336.375338078 -2.490594 5.215033 -0.197263 -0.130918 -0.045332 0.947221 -0.289100
1784010336.379616976 -2.492331 5.213051 -0.197294 -0.130724 -0.045380 0.946924 -0.290149
1784010336.385534048 -2.494710 5.210303 -0.197330 -0.130548 -0.045548 0.946494 -0.291603
1784010336.389507055 -2.496295 5.208457 -0.197359 -0.130467 -0.045663 0.946194 -0.292592
1784010336.395380020 -2.498617 5.205717 -0.197418 -0.130177 -0.045814 0.945771 -0.294062
1784010336.399625063 -2.500310 5.203715 -0.197464 -0.130071 -0.046011 0.945447 -0.295118
1784010336.405221939 -2.502551 5.201060 -0.197517 -0.130247 -0.046268 0.944972 -0.296518
1784010336.409583092 -2.504287 5.198997 -0.197567 -0.130322 -0.046408 0.944613 -0.297604
1784010336.415482044 -2.506594 5.196219 -0.197660 -0.130002 -0.046462 0.944178 -0.299112
1784010336.419509888 -2.508169 5.194317 -0.197736 -0.129761 -0.046512 0.943878 -0.300155
1784010336.424970150 -2.510311 5.191716 -0.197829 -0.129781 -0.046771 0.943423 -0.301534
1784010336.424970150 -2.510311 5.191716 -0.197829 -0.129781 -0.046771 0.943423 -0.301534
1784010336.425306082 -2.510441 5.191555 -0.197833 -0.129783 -0.046789 0.943394 -0.301621
1784010336.429593086 -2.512092 5.189506 -0.197878 -0.129921 -0.046944 0.943006 -0.302748
1784010336.435314894 -2.514271 5.186773 -0.197940 -0.129879 -0.047049 0.942512 -0.304286
1784010336.439925909 -2.516011 5.184570 -0.197998 -0.129690 -0.047156 0.942130 -0.305528
1784010336.445141077 -2.517972 5.182076 -0.198066 -0.129434 -0.047184 0.941695 -0.306972
1784010336.449443102 -2.519593 5.180014 -0.198124 -0.129360 -0.047141 0.941316 -0.308168
1784010336.455336094 -2.521813 5.177170 -0.198198 -0.129534 -0.047206 0.940749 -0.309814
1784010336.459625006 -2.523427 5.175086 -0.198256 -0.129650 -0.047379 0.940333 -0.310998
1784010336.465382099 -2.525577 5.172288 -0.198340 -0.129600 -0.047601 0.939795 -0.312607
1784010336.469597101 -2.527145 5.170248 -0.198402 -0.129540 -0.047637 0.939407 -0.313789
1784010336.475353003 -2.529267 5.167467 -0.198459 -0.129631 -0.047674 0.938848 -0.315417
1784010336.479871988 -2.530916 5.165279 -0.198487 -0.129644 -0.047836 0.938418 -0.316662
1784010336.485449076 -2.532924 5.162571 -0.198500 -0.129420 -0.048158 0.937917 -0.318186
1784010336.489646912 -2.534439 5.160521 -0.198491 -0.129234 -0.048412 0.937551 -0.319302
1784010336.495512962 -2.536579 5.157639 -0.198445 -0.129330 -0.048604 0.936983 -0.320897
1784010336.499485016 -2.538031 5.155687 -0.198408 -0.129477 -0.048608 0.936592 -0.321977
1784010336.505336046 -2.540102 5.152822 -0.198390 -0.129254 -0.048623 0.936054 -0.323623
1784010336.509495974 -2.541544 5.150777 -0.198418 -0.128872 -0.048733 0.935695 -0.324794
1784010336.515456915 -2.543614 5.147809 -0.198479 -0.128847 -0.049174 0.935097 -0.326456
1784010336.519714117 -2.545104 5.145674 -0.198534 -0.129184 -0.049485 0.934619 -0.327644
1784010336.525171041 -2.546987 5.142943 -0.198614 -0.129387 -0.049643 0.934028 -0.329221
1784010336.525171041 -2.546987 5.142943 -0.198614 -0.129387 -0.049643 0.934028 -0.329221
1784010336.525450945 -2.547079 5.142804 -0.198618 -0.129397 -0.049651 0.933999 -0.329299
1784010336.529453993 -2.548382 5.140809 -0.198678 -0.129212 -0.049794 0.933617 -0.330430
1784010336.535317898 -2.550264 5.137882 -0.198758 -0.128787 -0.050022 0.933064 -0.332119
1784010336.539736986 -2.551701 5.135658 -0.198806 -0.128668 -0.050092 0.932615 -0.333414
1784010336.545432091 -2.553568 5.132762 -0.198852 -0.128925 -0.050299 0.931976 -0.335067
1784010336.549472094 -2.554889 5.130700 -0.198885 -0.129138 -0.050479 0.931516 -0.336235
1784010336.555358887 -2.556758 5.127706 -0.198953 -0.128931 -0.050702 0.930904 -0.337969
1784010336.559521914 -2.558069 5.125586 -0.199021 -0.128537 -0.050832 0.930501 -0.339208
1784010336.565335989 -2.559925 5.122604 -0.199102 -0.128451 -0.050907 0.929864 -0.340971
1784010336.569669962 -2.561332 5.120366 -0.199157 -0.128745 -0.050961 0.929340 -0.342280
1784010336.575373888 -2.563147 5.117418 -0.199254 -0.128835 -0.051138 0.928685 -0.343993
1784010336.579615116 -2.564476 5.115224 -0.199348 -0.128605 -0.051246 0.928234 -0.345276
1784010336.585355043 -2.566266 5.112242 -0.199478 -0.128443 -0.051476 0.927592 -0.347025
1784010336.589982033 -2.567724 5.109828 -0.199575 -0.128526 -0.051616 0.927041 -0.348442
1784010336.595371008 -2.569413 5.107014 -0.199678 -0.128569 -0.051601 0.926403 -0.350122
1784010336.599504948 -2.570695 5.104846 -0.199760 -0.128383 -0.051741 0.925940 -0.351390
1784010336.605402946 -2.572495 5.101740 -0.199870 -0.128175 -0.052037 0.925259 -0.353214
1784010336.609508991 -2.573752 5.099568 -0.199941 -0.128187 -0.052184 0.924756 -0.354501
1784010336.615366936 -2.575532 5.096458 -0.200026 -0.128395 -0.052395 0.924007 -0.356344
1784010336.619606018 -2.576819 5.094202 -0.200075 -0.128507 -0.052479 0.923463 -0.357698
1784010336.625156164 -2.578475 5.091238 -0.200130 -0.128440 -0.052666 0.922769 -0.359481
1784010336.625156164 -2.578475 5.091238 -0.200130 -0.128440 -0.052666 0.922769 -0.359481
1784010336.625327110 -2.578524 5.091147 -0.200130 -0.128437 -0.052672 0.922748 -0.359536
1784010336.629636049 -2.579744 5.088847 -0.200155 -0.128309 -0.052875 0.922216 -0.360914
1784010336.635351896 -2.581350 5.085794 -0.200183 -0.128342 -0.053040 0.921476 -0.362764
1784010336.640006065 -2.582654 5.083299 -0.200209 -0.128433 -0.053258 0.920860 -0.364261
1784010336.645365000 -2.584134 5.080417 -0.200248 -0.128341 -0.053538 0.920171 -0.365989
1784010336.649694920 -2.585322 5.078082 -0.200289 -0.128164 -0.053712 0.919628 -0.367388
1784010336.655380011 -2.586869 5.075007 -0.200349 -0.128079 -0.053940 0.918886 -0.369235
1784010336.659423113 -2.587969 5.072816 -0.200400 -0.128104 -0.054029 0.918343 -0.370563
1784010336.665307045 -2.589538 5.069617 -0.200491 -0.128011 -0.054168 0.917558 -0.372514
1784010336.669621944 -2.590675 5.067258 -0.200572 -0.127879 -0.054342 0.916984 -0.373945
1784010336.675307035 -2.592155 5.064134 -0.200672 -0.127805 -0.054641 0.916201 -0.375840
1784010336.679733038 -2.593307 5.061693 -0.200744 -0.127768 -0.054836 0.915587 -0.377318
1784010336.685230970 -2.594721 5.058661 -0.200823 -0.127594 -0.054961 0.914833 -0.379182
1784010336.689553022 -2.595821 5.056274 -0.200882 -0.127375 -0.055125 0.914246 -0.380644
1784010336.695363998 -2.597270 5.053058 -0.200944 -0.127111 -0.055439 0.913440 -0.382619
1784010336.699661016 -2.598336 5.050670 -0.200979 -0.126991 -0.055674 0.912826 -0.384087
1784010336.705357075 -2.599737 5.047492 -0.201005 -0.126880 -0.056024 0.911993 -0.386047
1784010336.709593058 -2.600783 5.045123 -0.201013 -0.126824 -0.056224 0.911368 -0.387509
1784010336.715356112 -2.602182 5.041909 -0.201006 -0.126706 -0.056426 0.910519 -0.389509
1784010336.719717979 -2.603230 5.039481 -0.201000 -0.126528 -0.056563 0.909890 -0.391015
1784010336.725171089 -2.604519 5.036440 -0.200993 -0.126254 -0.056726 0.909100 -0.392911
1784010336.725171089 -2.604519 5.036440 -0.200993 -0.126254 -0.056726 0.909100 -0.392911
1784010336.725336075 -2.604556 5.036348 -0.200992 -0.126248 -0.056731 0.909076 -0.392967
1784010336.729789019 -2.605551 5.033862 -0.200966 -0.126110 -0.056981 0.908429 -0.394469
1784010336.735374928 -2.606788 5.030734 -0.200937 -0.125995 -0.057356 0.907607 -0.396339
1784010336.739876986 -2.607783 5.028215 -0.200920 -0.125911 -0.057497 0.906940 -0.397870
1784010336.745328903 -2.608964 5.025173 -0.200916 -0.125716 -0.057625 0.906143 -0.399725
1784010336.749578953 -2.609871 5.022805 -0.200936 -0.125496 -0.057831 0.905533 -0.401143
1784010336.755367041 -2.611090 5.019598 -0.200982 -0.125311 -0.058112 0.904708 -0.403018
1784010336.759728909 -2.612010 5.017193 -0.201030 -0.125297 -0.058401 0.904093 -0.404359
1784010336.765256882 -2.613169 5.014178 -0.201091 -0.125370 -0.058845 0.903346 -0.405939
1784010336.769509077 -2.614059 5.011895 -0.201141 -0.125357 -0.059018 0.902805 -0.407118
1784010336.775362015 -2.615255 5.008804 -0.201210 -0.125228 -0.059198 0.902103 -0.408686
1784010336.779633999 -2.616113 5.006572 -0.201264 -0.125149 -0.059360 0.901589 -0.409818
1784010336.785398006 -2.617245 5.003576 -0.201330 -0.125152 -0.059672 0.900874 -0.411341
1784010336.789429903 -2.618031 5.001484 -0.201379 -0.125145 -0.059887 0.900373 -0.412409
1784010336.795308113 -2.619153 4.998472 -0.201443 -0.125284 -0.060134 0.899638 -0.413931
1784010336.799752951 -2.619988 4.996232 -0.201499 -0.125322 -0.060259 0.899095 -0.415080
1784010336.805172920 -2.620968 4.993537 -0.201581 -0.125199 -0.060501 0.898451 -0.416473
1784010336.809508085 -2.621729 4.991401 -0.201663 -0.125095 -0.060692 0.897935 -0.417589
1784010336.815431118 -2.622737 4.988499 -0.201775 -0.125128 -0.061116 0.897176 -0.419145
1784010336.819545984 -2.623432 4.986481 -0.201852 -0.125142 -0.061407 0.896648 -0.420228
1784010336.825302124 -2.624379 4.983683 -0.201954 -0.125413 -0.061662 0.895862 -0.421782
1784010336.825302124 -2.624379 4.983683 -0.201954 -0.125413 -0.061662 0.895862 -0.421782
1784010336.825337887 -2.624384 4.983666 -0.201954 -0.125415 -0.061663 0.895858 -0.421790
1784010336.829570055 -2.625021 4.981656 -0.202003 -0.125577 -0.061823 0.895301 -0.422900
1784010336.835374117 -2.625869 4.978941 -0.202058 -0.125495 -0.062013 0.894618 -0.424340
1784010336.840042114 -2.626547 4.976787 -0.202090 -0.125451 -0.062140 0.894079 -0.425468
1784010336.845380068 -2.627312 4.974354 -0.202110 -0.125443 -0.062308 0.893478 -0.426707
1784010336.849716902 -2.627929 4.972398 -0.202118 -0.125435 -0.062446 0.892985 -0.427721
1784010336.855396986 -2.628720 4.969867 -0.202118 -0.125252 -0.062682 0.892396 -0.428967
1784010336.859483004 -2.629284 4.968062 -0.202119 -0.125119 -0.062854 0.891965 -0.429875
1784010336.865326881 -2.630064 4.965524 -0.202119 -0.125027 -0.062938 0.891365 -0.431133
1784010336.869570971 -2.630621 4.963712 -0.202124 -0.124959 -0.063001 0.890922 -0.432058
1784010336.875391006 -2.631364 4.961271 -0.202132 -0.124765 -0.063168 0.890363 -0.433240
1784010336.879615068 -2.631900 4.959521 -0.202142 -0.124623 -0.063292 0.889950 -0.434110
1784010336.885339022 -2.632614 4.957189 -0.202156 -0.124636 -0.063348 0.889411 -0.435202
1784010336.889679909 -2.633158 4.955450 -0.202171 -0.124644 -0.063392 0.888996 -0.436040
1784010336.895262003 -2.633842 4.953259 -0.202197 -0.124565 -0.063445 0.888523 -0.437018
1784010336.899580956 -2.634365 4.951598 -0.202228 -0.124502 -0.063488 0.888152 -0.437784
1784010336.905342102 -2.635044 4.949423 -0.202276 -0.124367 -0.063575 0.887688 -0.438750
1784010336.909724951 -2.635560 4.947789 -0.202321 -0.124262 -0.063644 0.887329 -0.439495
1784010336.915378094 -2.636212 4.945719 -0.202379 -0.124221 -0.063738 0.886882 -0.440395
1784010336.919632912 -2.636704 4.944191 -0.202426 -0.124188 -0.063811 0.886539 -0.441082
1784010336.925115108 -2.637324 4.942252 -0.202482 -0.124099 -0.063831 0.886137 -0.441913
1784010336.925115108 -2.637324 4.942252 -0.202482 -0.124099 -0.063831 0.886137 -0.441913
1784010336.925323009 -2.637344 4.942180 -0.202483 -0.124096 -0.063833 0.886121 -0.441945
1784010336.929411888 -2.637751 4.940764 -0.202501 -0.124020 -0.063869 0.885810 -0.442584
1784010336.935339928 -2.638314 4.938742 -0.202522 -0.123920 -0.064024 0.885372 -0.443464
1784010336.939609051 -2.638709 4.937310 -0.202540 -0.123849 -0.064133 0.885052 -0.444108
1784010336.945344925 -2.639223 4.935421 -0.202557 -0.123741 -0.064265 0.884644 -0.444930
1784010336.949537992 -2.639605 4.934064 -0.202567 -0.123662 -0.064359 0.884341 -0.445540
1784010336.955396891 -2.640119 4.932196 -0.202573 -0.123618 -0.064566 0.883912 -0.446374
1784010336.959677935 -2.640489 4.930847 -0.202580 -0.123587 -0.064715 0.883593 -0.446992
1784010336.965378046 -2.640962 4.929081 -0.202592 -0.123544 -0.064837 0.883206 -0.447751
1784010336.969501019 -2.641304 4.927830 -0.202614 -0.123514 -0.064922 0.882921 -0.448308
1784010336.975325108 -2.641775 4.926099 -0.202654 -0.123373 -0.065225 0.882583 -0.448968
1784010336.979535103 -2.642123 4.924871 -0.202697 -0.123271 -0.065441 0.882334 -0.449454
1784010336.985522985 -2.642603 4.923167 -0.202758 -0.123138 -0.065681 0.882026 -0.450059
1784010336.989414930 -2.642913 4.922085 -0.202808 -0.123051 -0.065833 0.881820 -0.450464
1784010336.995347023 -2.643362 4.920457 -0.202891 -0.122954 -0.065865 0.881529 -0.451055
1784010336.999583960 -2.643686 4.919299 -0.202956 -0.122884 -0.065885 0.881316 -0.451487
1784010337.005342007 -2.644114 4.917754 -0.203037 -0.123012 -0.065816 0.881020 -0.452040
1784010337.009660006 -2.644430 4.916623 -0.203098 -0.123107 -0.065761 0.880794 -0.452462
1784010337.015418053 -2.644817 4.915131 -0.203178 -0.123027 -0.065902 0.880518 -0.453000
1784010337.019459963 -2.645083 4.914091 -0.203235 -0.122899 -0.066121 0.880328 -0.453372
1784010337.025177002 -2.645464 4.912662 -0.203303 -0.122863 -0.066168 0.880072 -0.453871
1784010337.025177002 -2.645464 4.912662 -0.203303 -0.122863 -0.066168 0.880072 -0.453871
1784010337.025330067 -2.645472 4.912625 -0.203303 -0.122860 -0.066168 0.880066 -0.453884
1784010337.029779911 -2.645728 4.911554 -0.203327 -0.122862 -0.066165 0.879904 -0.454198
1784010337.035373926 -2.646027 4.910254 -0.203352 -0.122812 -0.066202 0.879722 -0.454559
1784010337.039469957 -2.646231 4.909318 -0.203373 -0.122627 -0.066366 0.879591 -0.454839
1784010337.045366049 -2.646516 4.908004 -0.203385 -0.122376 -0.066583 0.879416 -0.455213
1784010337.049567938 -2.646731 4.907105 -0.203382 -0.122407 -0.066447 0.879271 -0.455504
1784010337.055320978 -2.647015 4.905933 -0.203381 -0.122535 -0.066517 0.879126 -0.455739
1784010337.059688091 -2.647230 4.905097 -0.203389 -0.122536 -0.066534 0.879054 -0.455875
1784010337.065275908 -2.647497 4.904082 -0.203403 -0.122274 -0.066619 0.879056 -0.455929
1784010337.069642067 -2.647712 4.903331 -0.203417 -0.122058 -0.066776 0.879081 -0.455916
1784010337.075366020 -2.647992 4.902419 -0.203422 -0.122020 -0.066612 0.879122 -0.455871
1784010337.079672098 -2.648199 4.901781 -0.203430 -0.121981 -0.066619 0.879165 -0.455798
1784010337.085387945 -2.648448 4.900988 -0.203441 -0.121752 -0.066759 0.879273 -0.455630
1784010337.089410067 -2.648627 4.900463 -0.203447 -0.121631 -0.066666 0.879342 -0.455543
1784010337.095312119 -2.648865 4.899737 -0.203461 -0.121817 -0.066593 0.879380 -0.455431
1784010337.099726915 -2.649007 4.899259 -0.203489 -0.122051 -0.066639 0.879371 -0.455379
1784010337.105484962 -2.649109 4.898766 -0.203527 -0.121842 -0.066704 0.879403 -0.455363
1784010337.109781027 -2.649169 4.898441 -0.203539 -0.121069 -0.066375 0.879504 -0.455423
1784010337.115411043 -2.649297 4.897923 -0.203492 -0.120583 -0.065933 0.879539 -0.455547
1784010337.119575977 -2.649425 4.897475 -0.203429 -0.121187 -0.065920 0.879424 -0.455611
1784010337.125145197 -2.649563 4.896949 -0.203397 -0.121657 -0.065941 0.879368 -0.455591
1784010337.125145197 -2.649563 4.896949 -0.203397 -0.121657 -0.065941 0.879368 -0.455591
1784010337.125375032 -2.649565 4.896930 -0.203397 -0.121680 -0.065945 0.879362 -0.455595
1784010337.129667044 -2.649598 4.896615 -0.203388 -0.121315 -0.065557 0.879421 -0.455636
1784010337.135337114 -2.649641 4.896162 -0.203394 -0.120744 -0.065535 0.879511 -0.455617
1784010337.139745951 -2.649701 4.895760 -0.203402 -0.120866 -0.066177 0.879465 -0.455580
1784010337.144985914 -2.649761 4.895359 -0.203403 -0.121538 -0.066343 0.879317 -0.455662
1784010337.149486065 -2.649762 4.895117 -0.203443 -0.121137 -0.066350 0.879314 -0.455775
1784010337.155395985 -2.649739 4.894847 -0.203482 -0.120149 -0.066295 0.879362 -0.455952
1784010337.159466028 -2.649775 4.894630 -0.203467 -0.120163 -0.066121 0.879255 -0.456180
1784010337.165323019 -2.649854 4.894249 -0.203419 -0.120805 -0.066370 0.879027 -0.456412
1784010337.169807911 -2.649900 4.893989 -0.203394 -0.121280 -0.066640 0.878873 -0.456544
1784010337.175542116 -2.649926 4.893783 -0.203379 -0.121382 -0.066296 0.878748 -0.456808
1784010337.179508924 -2.649943 4.893686 -0.203376 -0.121279 -0.066059 0.878697 -0.456967
1784010337.185367107 -2.649971 4.893532 -0.203382 -0.121032 -0.066371 0.878611 -0.457154
1784010337.189672947 -2.650006 4.893429 -0.203388 -0.120890 -0.066371 0.878536 -0.457335
1784010337.195317984 -2.650029 4.893316 -0.203397 -0.120809 -0.066617 0.878463 -0.457461
1784010337.199522972 -2.650035 4.893263 -0.203417 -0.120712 -0.066844 0.878393 -0.457588
1784010337.205355883 -2.650032 4.893243 -0.203434 -0.120644 -0.066619 0.878313 -0.457792
1784010337.209428072 -2.650038 4.893231 -0.203454 -0.120513 -0.066605 0.878295 -0.457862
1784010337.215333939 -2.650065 4.893193 -0.203449 -0.120930 -0.066847 0.878147 -0.458001
1784010337.219680071 -2.650074 4.893211 -0.203424 -0.121685 -0.066785 0.877985 -0.458120
1784010337.225323200 -2.650007 4.893309 -0.203447 -0.121493 -0.066712 0.877913 -0.458321
1784010337.225323200 -2.650007 4.893309 -0.203447 -0.121493 -0.066712 0.877913 -0.458321
1784010337.225336075 -2.650006 4.893309 -0.203447 -0.121494 -0.066710 0.877913 -0.458320
1784010337.229499102 -2.649898 4.893364 -0.203470 -0.120853 -0.066762 0.877983 -0.458348
1784010337.235333920 -2.649733 4.893463 -0.203476 -0.121093 -0.067105 0.877916 -0.458363
1784010337.239943027 -2.649564 4.893623 -0.203488 -0.121627 -0.067175 0.877781 -0.458470
1784010337.245346069 -2.649282 4.893872 -0.203532 -0.121086 -0.067191 0.877795 -0.458584
1784010337.249443054 -2.649059 4.894041 -0.203554 -0.120487 -0.067274 0.877811 -0.458699
1784010337.255398035 -2.648793 4.894188 -0.203502 -0.121133 -0.067558 0.877622 -0.458848
1784010337.259617090 -2.648595 4.894307 -0.203467 -0.122004 -0.067851 0.877410 -0.458981
1784010337.265360117 -2.648220 4.894622 -0.203499 -0.121809 -0.067426 0.877326 -0.459255
1784010337.269473076 -2.647912 4.894906 -0.203560 -0.121273 -0.067343 0.877315 -0.459430
1784010337.275345087 -2.647493 4.895290 -0.203612 -0.121366 -0.068219 0.877219 -0.459461
1784010337.279818058 -2.647214 4.895627 -0.203624 -0.121897 -0.068326 0.877106 -0.459519
1784010337.285501003 -2.646847 4.896144 -0.203648 -0.121937 -0.068029 0.877117 -0.459532
1784010337.289504051 -2.646582 4.896542 -0.203680 -0.121673 -0.068067 0.877177 -0.459480
1784010337.295317888 -2.646250 4.897143 -0.203694 -0.121997 -0.068015 0.877175 -0.459407
1784010337.299576044 -2.646050 4.897611 -0.203704 -0.122292 -0.067853 0.877215 -0.459276
1784010337.305187941 -2.645795 4.898269 -0.203735 -0.122321 -0.067819 0.877337 -0.459040
1784010337.309468985 -2.645622 4.898803 -0.203763 -0.122355 -0.067617 0.877453 -0.458840
1784010337.315397978 -2.645418 4.899548 -0.203788 -0.122845 -0.067433 0.877543 -0.458563
1784010337.319802999 -2.645285 4.900111 -0.203817 -0.123049 -0.067284 0.877640 -0.458345
1784010337.325225115 -2.645109 4.900805 -0.203860 -0.122988 -0.066908 0.877784 -0.458141
1784010337.325225115 -2.645109 4.900805 -0.203860 -0.122988 -0.066908 0.877784 -0.458141
1784010337.325438976 -2.645100 4.900831 -0.203860 -0.122981 -0.066897 0.877789 -0.458134
1784010337.329425097 -2.644922 4.901301 -0.203865 -0.122954 -0.066916 0.877860 -0.458003
1784010337.335325003 -2.644666 4.901959 -0.203839 -0.123342 -0.067031 0.877869 -0.457865
1784010337.339735031 -2.644493 4.902436 -0.203807 -0.123520 -0.066852 0.877883 -0.457815
1784010337.345261097 -2.644266 4.902998 -0.203773 -0.123395 -0.066783 0.877933 -0.457763
1784010337.349566936 -2.644093 4.903420 -0.203747 -0.123429 -0.066868 0.877946 -0.457717
1784010337.355304956 -2.643857 4.903977 -0.203712 -0.123629 -0.066797 0.877935 -0.457694
1784010337.359584093 -2.643681 4.904385 -0.203706 -0.123551 -0.066789 0.877962 -0.457664
1784010337.365329981 -2.643432 4.904890 -0.203697 -0.123269 -0.066862 0.878021 -0.457616
1784010337.369427919 -2.643273 4.905217 -0.203679 -0.123239 -0.066881 0.878031 -0.457603
1784010337.375346899 -2.643065 4.905635 -0.203636 -0.123573 -0.066907 0.878002 -0.457566
1784010337.379612923 -2.642933 4.905921 -0.203614 -0.123701 -0.066883 0.878009 -0.457521
1784010337.385354042 -2.642748 4.906294 -0.203606 -0.123575 -0.066802 0.878086 -0.457418
1784010337.389554024 -2.642619 4.906559 -0.203612 -0.123426 -0.066864 0.878157 -0.457313
1784010337.395333052 -2.642451 4.906900 -0.203612 -0.123487 -0.066977 0.878228 -0.457144
1784010337.399701118 -2.642338 4.907149 -0.203607 -0.123540 -0.067036 0.878286 -0.457010
1784010337.405308962 -2.642195 4.907440 -0.203592 -0.123355 -0.067019 0.878399 -0.456844
1784010337.409393072 -2.642106 4.907631 -0.203580 -0.123242 -0.067042 0.878470 -0.456736
1784010337.415340900 -2.641986 4.907882 -0.203543 -0.123356 -0.067030 0.878532 -0.456588
1784010337.419387102 -2.641920 4.908037 -0.203523 -0.123356 -0.066963 0.878572 -0.456520
1784010337.425170183 -2.641832 4.908210 -0.203502 -0.123189 -0.067064 0.878639 -0.456421
1784010337.425170183 -2.641832 4.908210 -0.203502 -0.123189 -0.067064 0.878639 -0.456421
1784010337.425308943 -2.641828 4.908212 -0.203501 -0.123186 -0.067066 0.878640 -0.456420
1784010337.429687023 -2.641728 4.908295 -0.203478 -0.123163 -0.067129 0.878653 -0.456393
1784010337.435307026 -2.641613 4.908378 -0.203459 -0.123158 -0.067144 0.878651 -0.456395
1784010337.439732075 -2.641540 4.908430 -0.203457 -0.123120 -0.067198 0.878659 -0.456382
1784010337.445081949 -2.641464 4.908486 -0.203460 -0.123207 -0.067256 0.878645 -0.456377
1784010337.449402094 -2.641414 4.908533 -0.203466 -0.123236 -0.067325 0.878645 -0.456360
1784010337.455322981 -2.641353 4.908597 -0.203464 -0.123214 -0.067309 0.878665 -0.456328
1784010337.459666967 -2.641328 4.908645 -0.203451 -0.123269 -0.067240 0.878665 -0.456323
1784010337.465312958 -2.641298 4.908703 -0.203429 -0.123334 -0.067267 0.878666 -0.456300
1784010337.469337940 -2.641286 4.908745 -0.203417 -0.123250 -0.067260 0.878691 -0.456276
1784010337.475311041 -2.641270 4.908800 -0.203399 -0.123120 -0.067179 0.878723 -0.456260
1784010337.479533911 -2.641272 4.908831 -0.203387 -0.123168 -0.067199 0.878721 -0.456249
1784010337.485291958 -2.641274 4.908862 -0.203378 -0.123248 -0.067227 0.878709 -0.456246
1784010337.489517927 -2.641282 4.908883 -0.203379 -0.123222 -0.067185 0.878710 -0.456258
1784010337.495304108 -2.641292 4.908896 -0.203380 -0.123231 -0.067201 0.878698 -0.456276
1784010337.499557972 -2.641309 4.908899 -0.203377 -0.123311 -0.067237 0.878673 -0.456297
1784010337.505353928 -2.641326 4.908894 -0.203372 -0.123334 -0.067218 0.878653 -0.456333
1784010337.509352922 -2.641344 4.908889 -0.203370 -0.123265 -0.067201 0.878648 -0.456363
1784010337.515347958 -2.641364 4.908865 -0.203364 -0.123182 -0.067228 0.878637 -0.456402
1784010337.519675016 -2.641389 4.908841 -0.203360 -0.123167 -0.067247 0.878625 -0.456427
1784010337.525161028 -2.641422 4.908800 -0.203357 -0.123156 -0.067250 0.878605 -0.456469
1784010337.525161028 -2.641422 4.908800 -0.203357 -0.123156 -0.067250 0.878605 -0.456469
1784010337.525321960 -2.641421 4.908798 -0.203357 -0.123156 -0.067250 0.878604 -0.456470
1784010337.529576063 -2.641399 4.908745 -0.203360 -0.123163 -0.067257 0.878595 -0.456485
1784010337.535315990 -2.641370 4.908665 -0.203368 -0.123164 -0.067293 0.878584 -0.456500
1784010337.539767027 -2.641359 4.908600 -0.203375 -0.123161 -0.067312 0.878577 -0.456511
1784010337.545219898 -2.641348 4.908515 -0.203383 -0.123158 -0.067329 0.878571 -0.456522
1784010337.549510002 -2.641350 4.908445 -0.203389 -0.123146 -0.067354 0.878568 -0.456526
1784010337.555294037 -2.641355 4.908346 -0.203397 -0.123109 -0.067377 0.878572 -0.456526
1784010337.559581995 -2.641372 4.908272 -0.203403 -0.123091 -0.067385 0.878570 -0.456534
1784010337.565351009 -2.641398 4.908167 -0.203412 -0.123099 -0.067387 0.878561 -0.456548
1784010337.569622040 -2.641430 4.908089 -0.203419 -0.123109 -0.067391 0.878553 -0.456560
1784010337.575283051 -2.641473 4.907983 -0.203433 -0.123097 -0.067405 0.878552 -0.456564
1784010337.579687119 -2.641517 4.907900 -0.203446 -0.123094 -0.067408 0.878548 -0.456572
1784010337.585315943 -2.641573 4.907792 -0.203464 -0.123106 -0.067410 0.878543 -0.456578
1784010337.589622974 -2.641625 4.907711 -0.203478 -0.123111 -0.067416 0.878541 -0.456578
1784010337.595303059 -2.641692 4.907602 -0.203497 -0.123106 -0.067418 0.878536 -0.456589
1784010337.599572897 -2.641751 4.907523 -0.203509 -0.123110 -0.067422 0.878535 -0.456589
1784010337.605294943 -2.641828 4.907418 -0.203527 -0.123130 -0.067408 0.878537 -0.456582
1784010337.609586000 -2.641893 4.907344 -0.203540 -0.123142 -0.067402 0.878540 -0.456575
1784010337.615333080 -2.641974 4.907247 -0.203561 -0.123138 -0.067400 0.878552 -0.456552
1784010337.619606018 -2.642041 4.907180 -0.203579 -0.123136 -0.067403 0.878560 -0.456537
1784010337.625030041 -2.642121 4.907098 -0.203603 -0.123141 -0.067398 0.878574 -0.456509
1784010337.625231028 -2.642124 4.907095 -0.203604 -0.123141 -0.067397 0.878575 -0.456508
1784010337.625231028 -2.642124 4.907095 -0.203604 -0.123141 -0.067397 0.878575 -0.456508
1784010337.629563093 -2.642138 4.907021 -0.203634 -0.123146 -0.067439 0.878572 -0.456507
1784010337.635415077 -2.642149 4.906927 -0.203677 -0.123154 -0.067518 0.878564 -0.456508
1784010337.639884949 -2.642162 4.906864 -0.203709 -0.123164 -0.067583 0.878563 -0.456497
1784010337.645297050 -2.642172 4.906794 -0.203749 -0.123180 -0.067654 0.878558 -0.456493
1784010337.649588108 -2.642181 4.906748 -0.203780 -0.123183 -0.067694 0.878556 -0.456490
1784010337.655169964 -2.642185 4.906696 -0.203824 -0.123175 -0.067766 0.878553 -0.456487
1784010337.659467936 -2.642191 4.906664 -0.203857 -0.123174 -0.067815 0.878550 -0.456487
1784010337.665288925 -2.642191 4.906631 -0.203905 -0.123168 -0.067911 0.878534 -0.456505
1784010337.669534922 -2.642195 4.906618 -0.203938 -0.123170 -0.067953 0.878524 -0.456516
1784010337.675343037 -2.642194 4.906610 -0.203986 -0.123178 -0.068030 0.878505 -0.456539
1784010337.679563999 -2.642198 4.906616 -0.204020 -0.123193 -0.068075 0.878491 -0.456555
1784010337.685372114 -2.642194 4.906632 -0.204070 -0.123214 -0.068141 0.878470 -0.456581
1784010337.689503908 -2.642197 4.906654 -0.204106 -0.123227 -0.068183 0.878455 -0.456600
1784010337.695281982 -2.642191 4.906692 -0.204159 -0.123248 -0.068255 0.878432 -0.456627
1784010337.699740887 -2.642190 4.906730 -0.204200 -0.123265 -0.068286 0.878419 -0.456642
1784010337.705280066 -2.642183 4.906782 -0.204254 -0.123278 -0.068349 0.878398 -0.456670
1784010337.709551096 -2.642182 4.906828 -0.204291 -0.123307 -0.068421 0.878383 -0.456680
1784010337.715300083 -2.642176 4.906896 -0.204334 -0.123305 -0.068463 0.878368 -0.456704
1784010337.719507933 -2.642177 4.906958 -0.204364 -0.123342 -0.068490 0.878355 -0.456714
1784010337.725270987 -2.642154 4.907073 -0.204414 -0.123527 -0.068536 0.878319 -0.456727
1784010337.725270987 -2.642154 4.907073 -0.204414 -0.123527 -0.068536 0.878319 -0.456727
1784010337.725327015 -2.642152 4.907074 -0.204415 -0.123526 -0.068533 0.878319 -0.456729
1784010337.729511023 -2.642075 4.907162 -0.204464 -0.123474 -0.068436 0.878313 -0.456767
1784010337.735307932 -2.641969 4.907262 -0.204544 -0.123107 -0.068460 0.878331 -0.456829
1784010337.739834070 -2.641911 4.907350 -0.204628 -0.123583 -0.068771 0.878244 -0.456821
1784010337.745351076 -2.641761 4.907638 -0.204736 -0.124627 -0.068748 0.878095 -0.456827
1784010337.749733925 -2.641525 4.908027 -0.204841 -0.123988 -0.068250 0.878205 -0.456865
1784010337.755261898 -2.641162 4.908511 -0.204927 -0.123012 -0.068725 0.878240 -0.456990
1784010337.759454966 -2.640925 4.908846 -0.204906 -0.123527 -0.069440 0.878127 -0.456960
1784010337.765242100 -2.640558 4.909501 -0.204818 -0.124889 -0.068874 0.877908 -0.457095
1784010337.769484997 -2.640190 4.910145 -0.204795 -0.123979 -0.068283 0.878026 -0.457206
1784010337.775300980 -2.639669 4.911006 -0.204752 -0.122503 -0.068013 0.878227 -0.457258
1784010337.779475927 -2.639358 4.911562 -0.204678 -0.123187 -0.068240 0.878109 -0.457266
1784010337.785346031 -2.638849 4.912484 -0.204603 -0.124778 -0.068435 0.877834 -0.457334
1784010337.789649963 -2.638373 4.913344 -0.204598 -0.123990 -0.067948 0.878000 -0.457302
1784010337.795332909 -2.637738 4.914471 -0.204596 -0.122081 -0.067476 0.878349 -0.457216
1784010337.799335003 -2.637355 4.915170 -0.204543 -0.122596 -0.067822 0.878288 -0.457145
1784010337.805300951 -2.636768 4.916279 -0.204423 -0.123969 -0.068101 0.878098 -0.457098
1784010337.809827089 -2.636244 4.917276 -0.204350 -0.123550 -0.067667 0.878208 -0.457063
1784010337.815155983 -2.635610 4.918499 -0.204275 -0.122199 -0.067237 0.878536 -0.456860
1784010337.819381952 -2.635170 4.919421 -0.204158 -0.122777 -0.066835 0.878506 -0.456821
1784010337.825288057 -2.634533 4.920644 -0.204007 -0.123408 -0.067319 0.878457 -0.456675
1784010337.825288057 -2.634533 4.920644 -0.204007 -0.123408 -0.067319 0.878457 -0.456675
1784010337.825303078 -2.634531 4.920646 -0.204006 -0.123411 -0.067321 0.878458 -0.456672
1784010337.829489946 -2.633990 4.921511 -0.203932 -0.123209 -0.067392 0.878551 -0.456537
1784010337.835310936 -2.633200 4.922784 -0.203827 -0.122591 -0.067184 0.878745 -0.456361
1784010337.839833021 -2.632597 4.923811 -0.203735 -0.122798 -0.067091 0.878800 -0.456212
1784010337.845269918 -2.631875 4.925048 -0.203630 -0.123208 -0.066618 0.878849 -0.456077
1784010337.849605083 -2.631278 4.926010 -0.203578 -0.123251 -0.066729 0.878905 -0.455942
1784010337.855324984 -2.630463 4.927257 -0.203526 -0.123235 -0.067093 0.878960 -0.455786
1784010337.859663963 -2.629848 4.928228 -0.203477 -0.123416 -0.067073 0.878949 -0.455762
1784010337.865304947 -2.629014 4.929541 -0.203426 -0.123697 -0.067035 0.878950 -0.455688
1784010337.869503975 -2.628368 4.930560 -0.203399 -0.123456 -0.066994 0.879039 -0.455588
1784010337.875250101 -2.627487 4.931937 -0.203343 -0.123278 -0.066760 0.879117 -0.455521
1784010337.879336119 -2.626872 4.932888 -0.203285 -0.123406 -0.067059 0.879121 -0.455434
1784010337.885274887 -2.625954 4.934323 -0.203187 -0.123512 -0.067462 0.879157 -0.455275
1784010337.889504910 -2.625293 4.935421 -0.203114 -0.123206 -0.067213 0.879284 -0.455151
1784010337.895224094 -2.624419 4.936925 -0.203010 -0.123073 -0.067018 0.879456 -0.454883
1784010337.899516106 -2.623787 4.938046 -0.202923 -0.123423 -0.066975 0.879524 -0.454663
1784010337.905271053 -2.622918 4.939560 -0.202834 -0.123810 -0.067059 0.879614 -0.454371
1784010337.909862995 -2.622195 4.940812 -0.202791 -0.123776 -0.067031 0.879738 -0.454145
1784010337.915381908 -2.621307 4.942361 -0.202745 -0.123754 -0.066982 0.879900 -0.453844
1784010337.919318914 -2.620681 4.943482 -0.202714 -0.123856 -0.066963 0.879998 -0.453629
1784010337.925008059 -2.619770 4.945110 -0.202670 -0.124154 -0.067032 0.880134 -0.453273
1784010337.925008059 -2.619770 4.945110 -0.202670 -0.124154 -0.067032 0.880134 -0.453273
1784010337.925267935 -2.619725 4.945184 -0.202669 -0.124164 -0.067034 0.880139 -0.453260
1784010337.929723024 -2.618936 4.946486 -0.202640 -0.124190 -0.067042 0.880232 -0.453072
1784010337.935436964 -2.617884 4.948214 -0.202605 -0.123984 -0.066919 0.880377 -0.452865
1784010337.939336061 -2.617164 4.949414 -0.202578 -0.123802 -0.066817 0.880498 -0.452694
1784010337.945308924 -2.616058 4.951252 -0.202534 -0.123782 -0.066883 0.880645 -0.452405
1784010337.949871063 -2.615222 4.952677 -0.202498 -0.123991 -0.066928 0.880730 -0.452174
1784010337.955308914 -2.614188 4.954443 -0.202459 -0.124135 -0.066724 0.880855 -0.451921
1784010337.959625006 -2.613345 4.955879 -0.202439 -0.123938 -0.066568 0.881003 -0.451710
1784010337.965290070 -2.612244 4.957746 -0.202423 -0.123806 -0.066666 0.881165 -0.451416
1784010337.969525099 -2.611435 4.959141 -0.202403 -0.124195 -0.066777 0.881218 -0.451188
1784010337.975323915 -2.610265 4.961125 -0.202390 -0.124580 -0.066786 0.881312 -0.450897
1784010337.979392052 -2.609411 4.962560 -0.202396 -0.124323 -0.066596 0.881449 -0.450728
1784010337.985272884 -2.608170 4.964599 -0.202388 -0.123935 -0.066593 0.881628 -0.450486
1784010337.989592075 -2.607292 4.966061 -0.202348 -0.123981 -0.066752 0.881716 -0.450278
1784010337.995270014 -2.606145 4.967983 -0.202283 -0.124107 -0.066497 0.881816 -0.450085
1784010337.999700069 -2.605248 4.969482 -0.202247 -0.123854 -0.066357 0.881955 -0.449903
1784010338.005131960 -2.604132 4.971323 -0.202207 -0.123844 -0.066246 0.882048 -0.449739
1784010338.009376049 -2.603243 4.972776 -0.202183 -0.123796 -0.066226 0.882130 -0.449594
1784010338.015379906 -2.601969 4.974831 -0.202176 -0.123383 -0.066143 0.882293 -0.449400
1784010338.019596100 -2.601104 4.976246 -0.202160 -0.123354 -0.066088 0.882377 -0.449251
1784010338.025286913 -2.599941 4.978129 -0.202102 -0.123824 -0.066221 0.882393 -0.449071
1784010338.025307178 -2.599936 4.978135 -0.202102 -0.123822 -0.066220 0.882393 -0.449071
1784010338.025307178 -2.599936 4.978135 -0.202102 -0.123822 -0.066220 0.882393 -0.449071
1784010338.029581070 -2.598988 4.979572 -0.202089 -0.123736 -0.066056 0.882465 -0.448978
1784010338.035275936 -2.597710 4.981497 -0.202094 -0.123049 -0.065625 0.882671 -0.448825
1784010338.039666891 -2.596740 4.982960 -0.202090 -0.123109 -0.065562 0.882726 -0.448710
1784010338.045274973 -2.595485 4.984831 -0.202087 -0.123553 -0.065652 0.882732 -0.448564
1784010338.049596071 -2.594511 4.986287 -0.202105 -0.123384 -0.065535 0.882815 -0.448464
1784010338.055284977 -2.593234 4.988192 -0.202146 -0.122918 -0.065375 0.882972 -0.448305
1784010338.059748888 -2.592259 4.989663 -0.202159 -0.123012 -0.065399 0.883018 -0.448185
1784010338.065418005 -2.591028 4.991542 -0.202186 -0.123227 -0.065272 0.883054 -0.448074
1784010338.069483042 -2.590151 4.992898 -0.202219 -0.122977 -0.064997 0.883155 -0.447984
1784010338.075273991 -2.588898 4.994808 -0.202291 -0.122787 -0.064948 0.883259 -0.447838
1784010338.079597950 -2.587973 4.996223 -0.202332 -0.123100 -0.065036 0.883261 -0.447735
1784010338.085285902 -2.586732 4.998117 -0.202398 -0.123243 -0.064916 0.883308 -0.447621
1784010338.089528084 -2.585802 4.999553 -0.202483 -0.123099 -0.064780 0.883389 -0.447519
1784010338.095308065 -2.584529 5.001504 -0.202604 -0.123235 -0.064615 0.883460 -0.447365
1784010338.099289894 -2.583676 5.002820 -0.202657 -0.123331 -0.064512 0.883509 -0.447258
1784010338.105333090 -2.582383 5.004804 -0.202766 -0.123050 -0.064263 0.883616 -0.447160
1784010338.109373093 -2.581536 5.006129 -0.202876 -0.122864 -0.064107 0.883687 -0.447093
1784010338.115294933 -2.580213 5.008188 -0.203096 -0.123084 -0.064427 0.883760 -0.446841
1784010338.119663000 -2.579148 5.009852 -0.203292 -0.123249 -0.064672 0.883814 -0.446654
1784010338.125126123 -2.577799 5.011927 -0.203527 -0.123124 -0.064575 0.883879 -0.446574
1784010338.125126123 -2.577799 5.011927 -0.203527 -0.123124 -0.064575 0.883879 -0.446574
1784010338.125283003 -2.577758 5.011984 -0.203535 -0.123123 -0.064578 0.883881 -0.446571
1784010338.129488945 -2.576700 5.013481 -0.203714 -0.123088 -0.064626 0.883923 -0.446490
1784010338.135279894 -2.575157 5.015610 -0.203921 -0.123634 -0.064795 0.883895 -0.446371
1784010338.139686108 -2.573845 5.017408 -0.204050 -0.124038 -0.064906 0.883874 -0.446282
1784010338.145087004 -2.572196 5.019635 -0.204150 -0.123671 -0.064577 0.883997 -0.446188
1784010338.149286985 -2.570977 5.021263 -0.204157 -0.123377 -0.064308 0.884094 -0.446117
1784010338.155348063 -2.569234 5.023589 -0.204181 -0.124404 -0.064608 0.884008 -0.445958
1784010338.159539938 -2.568031 5.025242 -0.204250 -0.125099 -0.064794 0.883951 -0.445851
1784010338.165224075 -2.566418 5.027535 -0.204394 -0.124624 -0.064537 0.884088 -0.445750
1784010338.169769049 -2.565183 5.029404 -0.204522 -0.124234 -0.064317 0.884198 -0.445671
1784010338.175344944 -2.563708 5.031685 -0.204686 -0.124702 -0.064937 0.884251 -0.445347
1784010338.179457903 -2.562656 5.033323 -0.204796 -0.125037 -0.065377 0.884290 -0.445110
1784010338.185240984 -2.561189 5.035627 -0.204935 -0.124938 -0.065318 0.884392 -0.444943
1784010338.189485073 -2.560129 5.037347 -0.205007 -0.124853 -0.065256 0.884469 -0.444823
1784010338.195236921 -2.558648 5.039748 -0.205079 -0.125269 -0.065309 0.884478 -0.444682
1784010338.199449062 -2.557522 5.041566 -0.205104 -0.125561 -0.065331 0.884485 -0.444581
1784010338.205281019 -2.555952 5.044061 -0.205103 -0.125096 -0.065532 0.884677 -0.444300
1784010338.209536076 -2.554853 5.045802 -0.205062 -0.124745 -0.065661 0.884819 -0.444098
1784010338.215369940 -2.553347 5.048179 -0.204991 -0.125419 -0.065776 0.884805 -0.443919
1784010338.219702005 -2.552226 5.049984 -0.204931 -0.125908 -0.065843 0.884796 -0.443789
1784010338.224975109 -2.550814 5.052249 -0.204815 -0.125823 -0.065805 0.884891 -0.443628
1784010338.224975109 -2.550814 5.052249 -0.204815 -0.125823 -0.065805 0.884891 -0.443628
1784010338.225297928 -2.550719 5.052392 -0.204809 -0.125813 -0.065795 0.884897 -0.443620
1784010338.229636908 -2.549415 5.054347 -0.204700 -0.125687 -0.065664 0.884983 -0.443504
1784010338.235325098 -2.547685 5.056897 -0.204519 -0.125758 -0.065650 0.885057 -0.443339
1784010338.239645004 -2.546406 5.058759 -0.204372 -0.125811 -0.065640 0.885113 -0.443213
1784010338.245148897 -2.544810 5.061063 -0.204160 -0.126349 -0.065734 0.885103 -0.443066
1784010338.249336958 -2.543619 5.062808 -0.203973 -0.126757 -0.065807 0.885095 -0.442954
1784010338.255222082 -2.541915 5.065297 -0.203764 -0.125746 -0.065257 0.885319 -0.442876
1784010338.259633064 -2.540634 5.067173 -0.203664 -0.124987 -0.064846 0.885487 -0.442816
1784010338.265137911 -2.539065 5.069453 -0.203558 -0.124515 -0.064797 0.885631 -0.442668
1784010338.269443989 -2.537900 5.071163 -0.203441 -0.125091 -0.065225 0.885632 -0.442441
1784010338.275273085 -2.536323 5.073479 -0.203275 -0.124477 -0.065044 0.885820 -0.442264
1784010338.279705048 -2.535112 5.075263 -0.203155 -0.124010 -0.064908 0.885963 -0.442130
1784010338.285269022 -2.533594 5.077503 -0.203013 -0.123560 -0.064667 0.886094 -0.442028
1784010338.289352894 -2.532503 5.079139 -0.202900 -0.123867 -0.064751 0.886097 -0.441923
1784010338.295242071 -2.530895 5.081532 -0.202784 -0.124227 -0.064576 0.886139 -0.441763
1784010338.299650908 -2.529693 5.083315 -0.202719 -0.124106 -0.064616 0.886226 -0.441617
1784010338.305383921 -2.528147 5.085595 -0.202577 -0.124469 -0.064940 0.886241 -0.441438
1784010338.309309006 -2.527108 5.087156 -0.202439 -0.124764 -0.064878 0.886250 -0.441346
1784010338.315282106 -2.525495 5.089569 -0.202270 -0.124179 -0.064501 0.886400 -0.441265
1784010338.319538116 -2.524362 5.091283 -0.202163 -0.123723 -0.064119 0.886536 -0.441174
1784010338.324839115 -2.522980 5.093373 -0.202014 -0.124346 -0.064168 0.886510 -0.441045
1784010338.324839115 -2.522980 5.093373 -0.202014 -0.124346 -0.064168 0.886510 -0.441045
1784010338.325268984 -2.522863 5.093541 -0.202002 -0.124394 -0.064172 0.886508 -0.441034
1784010338.329605103 -2.521660 5.095235 -0.201893 -0.124759 -0.064428 0.886508 -0.440895
1784010338.335263014 -2.520060 5.097474 -0.201784 -0.124191 -0.064330 0.886654 -0.440775
1784010338.339524984 -2.518872 5.099161 -0.201697 -0.123827 -0.064192 0.886766 -0.440673
1784010338.345312119 -2.517292 5.101424 -0.201550 -0.124283 -0.064301 0.886769 -0.440522
1784010338.349385977 -2.516200 5.103012 -0.201448 -0.124516 -0.064194 0.886789 -0.440432
1784010338.355249882 -2.514596 5.105299 -0.201336 -0.124041 -0.064015 0.886944 -0.440280
1784010338.359679937 -2.513391 5.107008 -0.201245 -0.123861 -0.064113 0.887028 -0.440147
1784010338.365242004 -2.511895 5.109137 -0.201103 -0.124177 -0.064283 0.887048 -0.439992
1784010338.369384050 -2.510794 5.110724 -0.200999 -0.124184 -0.064239 0.887103 -0.439887
1784010338.375237942 -2.509223 5.112966 -0.200876 -0.123798 -0.064035 0.887241 -0.439745
1784010338.379832983 -2.508001 5.114705 -0.200785 -0.123677 -0.064122 0.887312 -0.439624
1784010338.385278940 -2.506554 5.116750 -0.200683 -0.123649 -0.064342 0.887383 -0.439457
1784010338.389448881 -2.505457 5.118316 -0.200611 -0.123476 -0.064305 0.887462 -0.439352
1784010338.395301104 -2.503922 5.120498 -0.200511 -0.123384 -0.064245 0.887552 -0.439203
1784010338.399554968 -2.502825 5.122062 -0.200435 -0.123560 -0.064419 0.887573 -0.439086
1784010338.405246973 -2.501348 5.124149 -0.200350 -0.123602 -0.064570 0.887627 -0.438944
1784010338.409362078 -2.500289 5.125658 -0.200294 -0.123454 -0.064623 0.887696 -0.438838
1784010338.415251017 -2.498779 5.127806 -0.200200 -0.123474 -0.064756 0.887764 -0.438674
1784010338.419430017 -2.497729 5.129321 -0.200119 -0.123564 -0.064848 0.887798 -0.438568
1784010338.425226927 -2.496264 5.131428 -0.200022 -0.123370 -0.064817 0.887895 -0.438430
1784010338.425374031 -2.496226 5.131482 -0.200020 -0.123366 -0.064817 0.887898 -0.438426
1784010338.425374031 -2.496226 5.131482 -0.200020 -0.123366 -0.064817 0.887898 -0.438426
1784010338.429619074 -2.495094 5.133026 -0.199952 -0.123248 -0.064818 0.887968 -0.438318
1784010338.435276985 -2.493594 5.135066 -0.199859 -0.123456 -0.065014 0.888005 -0.438153
1784010338.439692974 -2.492438 5.136654 -0.199792 -0.123555 -0.065132 0.888043 -0.438031
1784010338.445120096 -2.491014 5.138613 -0.199726 -0.123336 -0.065116 0.888144 -0.437891
1784010338.449362040 -2.489916 5.140142 -0.199679 -0.123228 -0.065107 0.888214 -0.437781
1784010338.455264091 -2.488398 5.142258 -0.199615 -0.123340 -0.065200 0.888270 -0.437621
1784010338.459254026 -2.487385 5.143684 -0.199576 -0.123318 -0.065226 0.888326 -0.437511
1784010338.465234041 -2.485861 5.145819 -0.199523 -0.123146 -0.065185 0.888428 -0.437358
1784010338.469625950 -2.484761 5.147377 -0.199473 -0.123213 -0.065220 0.888471 -0.437246
1784010338.475312948 -2.483342 5.149386 -0.199401 -0.123424 -0.065286 0.888509 -0.437100
1784010338.479382992 -2.482341 5.150824 -0.199350 -0.123435 -0.065239 0.888560 -0.437000
1784010338.485200882 -2.480905 5.152877 -0.199272 -0.123369 -0.065188 0.888644 -0.436856
1784010338.489520073 -2.479855 5.154393 -0.199209 -0.123403 -0.065201 0.888690 -0.436750
1784010338.495259047 -2.478460 5.156406 -0.199129 -0.123385 -0.065145 0.888765 -0.436610
1784010338.499521971 -2.477439 5.157898 -0.199076 -0.123361 -0.065051 0.888825 -0.436510
1784010338.505256891 -2.476069 5.159896 -0.199010 -0.123541 -0.064970 0.888873 -0.436374
1784010338.509464025 -2.475078 5.161353 -0.198968 -0.123730 -0.064953 0.888896 -0.436275
1784010338.515372038 -2.473680 5.163401 -0.198927 -0.123792 -0.064852 0.888962 -0.436138
1784010338.519480944 -2.472722 5.164822 -0.198906 -0.123821 -0.064777 0.889013 -0.436037
1784010338.525082111 -2.471417 5.166753 -0.198881 -0.123962 -0.064744 0.889070 -0.435885
1784010338.525082111 -2.471417 5.166753 -0.198881 -0.123962 -0.064744 0.889070 -0.435885
1784010338.525322914 -2.471358 5.166836 -0.198879 -0.123968 -0.064742 0.889073 -0.435878
1784010338.529500008 -2.470334 5.168277 -0.198854 -0.124026 -0.064708 0.889121 -0.435769
1784010338.535326004 -2.468899 5.170284 -0.198820 -0.123951 -0.064650 0.889214 -0.435608
1784010338.539669991 -2.467840 5.171774 -0.198788 -0.123992 -0.064647 0.889265 -0.435493
1784010338.545134068 -2.466507 5.173637 -0.198729 -0.124165 -0.064650 0.889303 -0.435365
1784010338.549494028 -2.465451 5.175116 -0.198674 -0.124206 -0.064656 0.889350 -0.435257
1784010338.555258989 -2.464054 5.177062 -0.198586 -0.124197 -0.064676 0.889423 -0.435108
1784010338.559341908 -2.463077 5.178431 -0.198514 -0.124254 -0.064722 0.889460 -0.435010
1784010338.565278053 -2.461653 5.180413 -0.198405 -0.124309 -0.064775 0.889517 -0.434869
1784010338.569490910 -2.460652 5.181812 -0.198331 -0.124269 -0.064788 0.889566 -0.434778
1784010338.575202942 -2.459288 5.183702 -0.198234 -0.124282 -0.064871 0.889616 -0.434659
1784010338.579200983 -2.458341 5.185022 -0.198168 -0.124400 -0.064925 0.889633 -0.434584
1784010338.585222960 -2.456908 5.187012 -0.198075 -0.124468 -0.064894 0.889682 -0.434468
1784010338.589538097 -2.455901 5.188429 -0.198013 -0.124491 -0.064896 0.889726 -0.434370
1784010338.595237017 -2.454582 5.190287 -0.197923 -0.124621 -0.064966 0.889780 -0.434212
1784010338.599607944 -2.453586 5.191713 -0.197852 -0.124682 -0.064900 0.889826 -0.434110
1784010338.605407000 -2.452263 5.193609 -0.197764 -0.124527 -0.064771 0.889927 -0.433967
1784010338.609323025 -2.451382 5.194884 -0.197710 -0.124472 -0.064751 0.889989 -0.433860
1784010338.615281105 -2.450037 5.196828 -0.197619 -0.124586 -0.064695 0.890050 -0.433709
1784010338.619487047 -2.449101 5.198201 -0.197555 -0.124647 -0.064619 0.890099 -0.433603
1784010338.625132084 -2.447855 5.200026 -0.197466 -0.124749 -0.064559 0.890165 -0.433447
1784010338.625132084 -2.447855 5.200026 -0.197466 -0.124749 -0.064559 0.890165 -0.433447
1784010338.625226021 -2.447832 5.200056 -0.197463 -0.124751 -0.064558 0.890166 -0.433445
1784010338.629554987 -2.446832 5.201443 -0.197362 -0.124915 -0.064576 0.890198 -0.433329
1784010338.635276079 -2.445507 5.203282 -0.197225 -0.125028 -0.064443 0.890253 -0.433204
1784010338.639605999 -2.444510 5.204678 -0.197132 -0.124969 -0.064303 0.890312 -0.433119
1784010338.645347118 -2.443175 5.206525 -0.197012 -0.124972 -0.064326 0.890370 -0.432997
1784010338.649533987 -2.442208 5.207872 -0.196928 -0.125029 -0.064356 0.890404 -0.432904
1784010338.655292034 -2.440885 5.209717 -0.196817 -0.125116 -0.064326 0.890455 -0.432779
1784010338.659225941 -2.440002 5.210966 -0.196745 -0.125220 -0.064288 0.890487 -0.432690
1784010338.665309906 -2.438633 5.212889 -0.196626 -0.125419 -0.064247 0.890521 -0.432567
1784010338.669481039 -2.437704 5.214208 -0.196554 -0.125399 -0.064154 0.890562 -0.432502
1784010338.675251007 -2.436397 5.216041 -0.196468 -0.125425 -0.064109 0.890602 -0.432421
1784010338.679517031 -2.435419 5.217417 -0.196411 -0.125496 -0.064196 0.890637 -0.432313
1784010338.685272932 -2.434081 5.219296 -0.196329 -0.125622 -0.064035 0.890666 -0.432242
1784010338.689570904 -2.433102 5.220677 -0.196271 -0.125616 -0.064189 0.890723 -0.432103
1784010338.695271015 -2.431831 5.222479 -0.196166 -0.125849 -0.064363 0.890751 -0.431951
1784010338.699479103 -2.430918 5.223811 -0.196102 -0.126113 -0.064212 0.890744 -0.431911
1784010338.705215931 -2.429577 5.225724 -0.196032 -0.126952 -0.064342 0.890656 -0.431828
1784010338.709640026 -2.428431 5.227332 -0.195994 -0.126599 -0.064225 0.890778 -0.431698
1784010338.715403080 -2.426885 5.229477 -0.195936 -0.125946 -0.063985 0.890919 -0.431633
1784010338.719316959 -2.425892 5.230864 -0.195850 -0.126070 -0.064448 0.890956 -0.431451
1784010338.725169897 -2.424453 5.232904 -0.195688 -0.127540 -0.064735 0.890798 -0.431303
1784010338.725264072 -2.424429 5.232938 -0.195686 -0.127541 -0.064741 0.890798 -0.431301
1784010338.725264072 -2.424429 5.232938 -0.195686 -0.127541 -0.064741 0.890798 -0.431301
1784010338.729445934 -2.423235 5.234505 -0.195560 -0.127566 -0.064993 0.890840 -0.431170
1784010338.735224962 -2.421472 5.236847 -0.195422 -0.126026 -0.064466 0.891085 -0.431196
1784010338.739527941 -2.420231 5.238580 -0.195315 -0.125553 -0.063715 0.891214 -0.431178
1784010338.745264053 -2.418663 5.240747 -0.195177 -0.126016 -0.064588 0.891275 -0.430786
1784010338.749365091 -2.417533 5.242310 -0.195084 -0.127000 -0.064845 0.891187 -0.430642
1784010338.755225897 -2.415749 5.244726 -0.194996 -0.126152 -0.065047 0.891365 -0.430492
1784010338.759493113 -2.414423 5.246547 -0.194968 -0.125094 -0.064475 0.891604 -0.430391
1784010338.765244007 -2.412742 5.248892 -0.194863 -0.125122 -0.064365 0.891713 -0.430175
1784010338.769303083 -2.411618 5.250482 -0.194771 -0.125828 -0.064607 0.891687 -0.429986
1784010338.775245905 -2.409926 5.252849 -0.194673 -0.125996 -0.064313 0.891776 -0.429796
1784010338.779403925 -2.408695 5.254542 -0.194635 -0.125305 -0.064154 0.891950 -0.429661
1784010338.785214901 -2.406956 5.256928 -0.194549 -0.124774 -0.064208 0.892124 -0.429447
1784010338.789462090 -2.405736 5.258661 -0.194476 -0.124999 -0.064154 0.892147 -0.429340
1784010338.795244932 -2.404103 5.260997 -0.194410 -0.125051 -0.063959 0.892261 -0.429118
1784010338.799503088 -2.402903 5.262702 -0.194388 -0.125008 -0.063948 0.892360 -0.428926
1784010338.805236101 -2.401277 5.264987 -0.194359 -0.125155 -0.063996 0.892413 -0.428766
1784010338.809907913 -2.399947 5.266857 -0.194338 -0.125409 -0.064006 0.892415 -0.428685
1784010338.815201998 -2.398402 5.269011 -0.194341 -0.125140 -0.063980 0.892515 -0.428560
1784010338.819340944 -2.397211 5.270704 -0.194355 -0.124959 -0.063852 0.892603 -0.428449
1784010338.825188160 -2.395572 5.273053 -0.194323 -0.125629 -0.063792 0.892616 -0.428235
1784010338.825188160 -2.395572 5.273053 -0.194323 -0.125629 -0.063792 0.892616 -0.428235
1784010338.825380087 -2.395517 5.273130 -0.194320 -0.125652 -0.063790 0.892616 -0.428228
1784010338.829415083 -2.394337 5.274738 -0.194267 -0.126143 -0.063946 0.892596 -0.428103
1784010338.835244894 -2.392569 5.277097 -0.194215 -0.125734 -0.063912 0.892708 -0.427993
1784010338.839633942 -2.391223 5.278895 -0.194185 -0.125119 -0.063704 0.892834 -0.427941
1784010338.845063925 -2.389597 5.281095 -0.194141 -0.125100 -0.063840 0.892909 -0.427771
1784010338.849451065 -2.388328 5.282855 -0.194097 -0.125592 -0.063824 0.892911 -0.427625
1784010338.855314970 -2.386610 5.285204 -0.194063 -0.125900 -0.063691 0.892960 -0.427451
1784010338.859281063 -2.385427 5.286788 -0.194067 -0.125816 -0.063799 0.893012 -0.427352
1784010338.865200043 -2.383641 5.289167 -0.194074 -0.125729 -0.063843 0.893074 -0.427242
1784010338.869427919 -2.382389 5.290875 -0.194085 -0.125734 -0.063805 0.893121 -0.427146
1784010338.875227928 -2.380694 5.293213 -0.194086 -0.125961 -0.063525 0.893187 -0.426984
1784010338.879626989 -2.379414 5.294971 -0.194073 -0.126325 -0.063535 0.893190 -0.426868
1784010338.884958029 -2.377819 5.297110 -0.194056 -0.126440 -0.063848 0.893224 -0.426717
1784010338.889287949 -2.376514 5.298868 -0.194041 -0.126138 -0.063851 0.893307 -0.426633
1784010338.895219088 -2.374763 5.301270 -0.193996 -0.125894 -0.063652 0.893423 -0.426491
1784010338.899806023 -2.373451 5.303104 -0.193937 -0.126190 -0.063507 0.893445 -0.426379
1784010338.905220985 -2.371892 5.305255 -0.193869 -0.126517 -0.063462 0.893461 -0.426255
1784010338.909436941 -2.370662 5.306926 -0.193838 -0.126372 -0.063512 0.893520 -0.426168
1784010338.915302038 -2.368934 5.309252 -0.193802 -0.126118 -0.063737 0.893604 -0.426032
1784010338.919841051 -2.367616 5.311059 -0.193771 -0.126162 -0.063807 0.893638 -0.425937
1784010338.924799204 -2.366200 5.313041 -0.193736 -0.126345 -0.063637 0.893677 -0.425828
1784010338.924799204 -2.366200 5.313041 -0.193736 -0.126345 -0.063637 0.893677 -0.425828
1784010338.924962044 -2.366151 5.313107 -0.193734 -0.126351 -0.063632 0.893678 -0.425824
1784010338.929516077 -2.364796 5.314918 -0.193674 -0.126455 -0.063530 0.893727 -0.425706
1784010338.935240030 -2.363071 5.317175 -0.193595 -0.126526 -0.063693 0.893775 -0.425560
1784010338.939513922 -2.361772 5.318868 -0.193539 -0.126503 -0.063783 0.893806 -0.425487
1784010338.945281982 -2.360005 5.321178 -0.193462 -0.126284 -0.063722 0.893889 -0.425387
1784010338.949338913 -2.358787 5.322805 -0.193412 -0.126235 -0.063680 0.893946 -0.425289
1784010338.955176115 -2.357056 5.325122 -0.193321 -0.126449 -0.063649 0.894000 -0.425116
1784010338.959495068 -2.355784 5.326822 -0.193256 -0.126550 -0.063658 0.894036 -0.425009
1784010338.965229988 -2.354071 5.329075 -0.193188 -0.126366 -0.063785 0.894115 -0.424877
1784010338.969335079 -2.352851 5.330686 -0.193149 -0.126270 -0.063851 0.894166 -0.424789
1784010338.975256920 -2.351099 5.333004 -0.193097 -0.126307 -0.063972 0.894219 -0.424649
1784010338.979721069 -2.349804 5.334749 -0.193062 -0.126431 -0.063967 0.894256 -0.424535
1784010338.985099077 -2.348252 5.336837 -0.193004 -0.126697 -0.063926 0.894287 -0.424396
1784010338.989192963 -2.347075 5.338413 -0.192958 -0.126838 -0.064082 0.894312 -0.424277
1784010338.995181084 -2.345341 5.340722 -0.192892 -0.126750 -0.064239 0.894390 -0.424116
1784010338.999435902 -2.344127 5.342369 -0.192851 -0.126606 -0.064144 0.894463 -0.424018
1784010339.005211115 -2.342498 5.344594 -0.192789 -0.126678 -0.064022 0.894537 -0.423861
1784010339.009392023 -2.341337 5.346191 -0.192744 -0.126887 -0.064012 0.894562 -0.423747
1784010339.015185118 -2.339716 5.348395 -0.192693 -0.126952 -0.064070 0.894619 -0.423597
1784010339.019635916 -2.338478 5.350083 -0.192668 -0.126877 -0.064128 0.894682 -0.423479
1784010339.025045156 -2.336992 5.352124 -0.192630 -0.127005 -0.064133 0.894727 -0.423343
1784010339.025045156 -2.336992 5.352124 -0.192630 -0.127005 -0.064133 0.894727 -0.423343
1784010339.025227070 -2.336940 5.352193 -0.192628 -0.127009 -0.064133 0.894729 -0.423339
1784010339.029336929 -2.335767 5.353734 -0.192580 -0.127216 -0.064087 0.894742 -0.423257
1784010339.035212040 -2.334080 5.355933 -0.192505 -0.127280 -0.064020 0.894790 -0.423145
1784010339.039690018 -2.332802 5.357599 -0.192443 -0.127192 -0.064023 0.894842 -0.423063
1784010339.045093060 -2.331269 5.359590 -0.192350 -0.127230 -0.064105 0.894880 -0.422956
1784010339.049460888 -2.330052 5.361190 -0.192263 -0.127361 -0.064119 0.894896 -0.422882
1784010339.055232048 -2.328447 5.363297 -0.192144 -0.127407 -0.064055 0.894945 -0.422775
1784010339.059554100 -2.327259 5.364868 -0.192059 -0.127339 -0.064023 0.894995 -0.422693
1784010339.065232992 -2.325701 5.366913 -0.191951 -0.127254 -0.064059 0.895058 -0.422580
1784010339.069307089 -2.324604 5.368364 -0.191881 -0.127188 -0.064076 0.895103 -0.422503
1784010339.075237036 -2.323031 5.370437 -0.191783 -0.127074 -0.064088 0.895172 -0.422389
1784010339.079474926 -2.321945 5.371888 -0.191716 -0.127092 -0.064085 0.895207 -0.422309
1784010339.085268974 -2.320476 5.373839 -0.191624 -0.127090 -0.064086 0.895262 -0.422193
1784010339.089577913 -2.319409 5.375265 -0.191567 -0.126957 -0.064062 0.895320 -0.422113
1784010339.095221043 -2.318041 5.377086 -0.191496 -0.126825 -0.064073 0.895393 -0.421996
1784010339.099358082 -2.317077 5.378385 -0.191449 -0.126872 -0.064137 0.895430 -0.421895
1784010339.105248928 -2.315723 5.380197 -0.191395 -0.126915 -0.064224 0.895480 -0.421762
1784010339.109846115 -2.314694 5.381584 -0.191362 -0.126845 -0.064273 0.895535 -0.421660
1784010339.115053892 -2.313552 5.383117 -0.191326 -0.126798 -0.064363 0.895592 -0.421538
1784010339.119445086 -2.312620 5.384379 -0.191294 -0.126834 -0.064438 0.895627 -0.421442
1784010339.125065088 -2.311452 5.385960 -0.191245 -0.126914 -0.064466 0.895665 -0.421333
1784010339.125065088 -2.311452 5.385960 -0.191245 -0.126914 -0.064466 0.895665 -0.421333
1784010339.125190020 -2.311425 5.385995 -0.191244 -0.126916 -0.064466 0.895666 -0.421330
1784010339.129749060 -2.310440 5.387246 -0.191197 -0.126973 -0.064491 0.895700 -0.421237
1784010339.135179043 -2.309285 5.388706 -0.191140 -0.127017 -0.064603 0.895742 -0.421116
1784010339.139581919 -2.308373 5.389869 -0.191094 -0.126987 -0.064673 0.895782 -0.421031
1784010339.145406961 -2.307189 5.391377 -0.191038 -0.126929 -0.064709 0.895834 -0.420932
1784010339.149360895 -2.306413 5.392381 -0.191004 -0.126984 -0.064767 0.895858 -0.420855
1784010339.155256033 -2.305270 5.393850 -0.190965 -0.127081 -0.064866 0.895890 -0.420742
1784010339.159607887 -2.304447 5.394919 -0.190948 -0.127051 -0.064916 0.895927 -0.420665
1784010339.165224075 -2.303405 5.396276 -0.190931 -0.126987 -0.064950 0.895978 -0.420570
1784010339.169435024 -2.302651 5.397274 -0.190918 -0.127067 -0.064979 0.895997 -0.420500
1784010339.175244093 -2.301627 5.398629 -0.190899 -0.127147 -0.065033 0.896026 -0.420407
1784010339.179342985 -2.300924 5.399573 -0.190890 -0.127103 -0.065032 0.896062 -0.420343
1784010339.185198069 -2.299932 5.400899 -0.190872 -0.127043 -0.065051 0.896110 -0.420257
1784010339.189690113 -2.299196 5.401897 -0.190855 -0.127105 -0.065099 0.896133 -0.420181
1784010339.195358038 -2.298282 5.403135 -0.190833 -0.127148 -0.065120 0.896165 -0.420097
1784010339.199279070 -2.297670 5.403977 -0.190820 -0.127140 -0.065121 0.896189 -0.420048
1784010339.205370903 -2.296728 5.405261 -0.190799 -0.127172 -0.065188 0.896222 -0.419957
1784010339.209304094 -2.296142 5.406077 -0.190789 -0.127219 -0.065217 0.896235 -0.419910
1784010339.215224028 -2.295263 5.407289 -0.190782 -0.127227 -0.065230 0.896267 -0.419837
1784010339.219518900 -2.294643 5.408157 -0.190784 -0.127243 -0.065239 0.896287 -0.419788
1784010339.225082159 -2.293850 5.409262 -0.190786 -0.127232 -0.065273 0.896319 -0.419718
1784010339.225082159 -2.293850 5.409262 -0.190786 -0.127232 -0.065273 0.896319 -0.419718
1784010339.225097895 -2.293846 5.409265 -0.190785 -0.127232 -0.065272 0.896319 -0.419718
1784010339.229497910 -2.293177 5.410105 -0.190768 -0.127252 -0.065267 0.896341 -0.419665
1784010339.235224009 -2.292319 5.411177 -0.190736 -0.127275 -0.065255 0.896378 -0.419582
1784010339.239520073 -2.291695 5.411971 -0.190714 -0.127295 -0.065229 0.896401 -0.419531
1784010339.245209932 -2.290877 5.413003 -0.190684 -0.127275 -0.065203 0.896440 -0.419457
1784010339.249566078 -2.290267 5.413786 -0.190667 -0.127299 -0.065201 0.896468 -0.419390
1784010339.255067110 -2.289503 5.414763 -0.190645 -0.127384 -0.065186 0.896495 -0.419311
1784010339.259416103 -2.288915 5.415524 -0.190629 -0.127401 -0.065181 0.896523 -0.419245
1784010339.265245914 -2.288147 5.416514 -0.190604 -0.127424 -0.065163 0.896554 -0.419176
1784010339.269550085 -2.287604 5.417231 -0.190583 -0.127509 -0.065175 0.896570 -0.419113
1784010339.275160074 -2.286901 5.418155 -0.190556 -0.127570 -0.065137 0.896598 -0.419041
1784010339.279593945 -2.286362 5.418878 -0.190546 -0.127545 -0.065069 0.896626 -0.418999
1784010339.285164118 -2.285691 5.419769 -0.190537 -0.127584 -0.065092 0.896658 -0.418916
1784010339.289475918 -2.285185 5.420454 -0.190536 -0.127679 -0.065086 0.896666 -0.418869
1784010339.295277119 -2.284505 5.421367 -0.190535 -0.127757 -0.065052 0.896691 -0.418799
1784010339.299504042 -2.284022 5.422025 -0.190534 -0.127752 -0.065026 0.896718 -0.418746
1784010339.305263042 -2.283385 5.422888 -0.190522 -0.127651 -0.064950 0.896757 -0.418704
1784010339.309310913 -2.282968 5.423472 -0.190510 -0.127673 -0.064944 0.896772 -0.418668
1784010339.315421104 -2.282343 5.424344 -0.190484 -0.127870 -0.064865 0.896782 -0.418597
1784010339.319298029 -2.281958 5.424898 -0.190479 -0.127887 -0.064812 0.896798 -0.418566
1784010339.324957132 -2.281393 5.425691 -0.190485 -0.127787 -0.064844 0.896839 -0.418505
1784010339.324957132 -2.281393 5.425691 -0.190485 -0.127787 -0.064844 0.896839 -0.418505
1784010339.325181007 -2.281367 5.425721 -0.190484 -0.127783 -0.064846 0.896840 -0.418503
1784010339.329456091 -2.280897 5.426295 -0.190462 -0.127850 -0.064850 0.896845 -0.418471
1784010339.335259914 -2.280267 5.427062 -0.190423 -0.128123 -0.064836 0.896826 -0.418430
1784010339.339643955 -2.279802 5.427637 -0.190393 -0.128252 -0.064851 0.896827 -0.418387
1784010339.345069885 -2.279221 5.428344 -0.190348 -0.128210 -0.064807 0.896850 -0.418358
1784010339.349473000 -2.278763 5.428906 -0.190310 -0.128032 -0.064790 0.896888 -0.418332
1784010339.355233908 -2.278202 5.429596 -0.190240 -0.127932 -0.064738 0.896918 -0.418307
1784010339.359282017 -2.277854 5.430050 -0.190179 -0.127864 -0.064701 0.896939 -0.418288
1784010339.365190029 -2.277348 5.430693 -0.190098 -0.128051 -0.064741 0.896920 -0.418265
1784010339.369391918 -2.276981 5.431158 -0.190070 -0.128187 -0.064768 0.896908 -0.418245
1784010339.375175953 -2.276478 5.431782 -0.190047 -0.128001 -0.064718 0.896940 -0.418242
1784010339.379884005 -2.276099 5.432272 -0.190029 -0.128229 -0.064813 0.896919 -0.418202
1784010339.385202885 -2.275679 5.432820 -0.189995 -0.128639 -0.064851 0.896871 -0.418174
1784010339.389380932 -2.275352 5.433256 -0.189967 -0.128962 -0.064881 0.896833 -0.418150
1784010339.395390034 -2.274879 5.433877 -0.189903 -0.128728 -0.064900 0.896878 -0.418123
1784010339.399353981 -2.274583 5.434286 -0.189847 -0.128577 -0.064912 0.896909 -0.418102
1784010339.405194044 -2.274145 5.434877 -0.189742 -0.128629 -0.064887 0.896913 -0.418080
1784010339.409562111 -2.273826 5.435315 -0.189659 -0.128670 -0.064868 0.896918 -0.418061
1784010339.415009975 -2.273483 5.435786 -0.189538 -0.128125 -0.064812 0.896981 -0.418102
1784010339.419256926 -2.273303 5.436057 -0.189434 -0.127703 -0.064769 0.897030 -0.418132
1784010339.425176144 -2.273126 5.436334 -0.189305 -0.127806 -0.064621 0.896985 -0.418220
1784010339.425176144 -2.273126 5.436334 -0.189305 -0.127806 -0.064621 0.896985 -0.418220
1784010339.425209999 -2.273124 5.436335 -0.189304 -0.127806 -0.064620 0.896985 -0.418220
1784010339.429532051 -2.272993 5.436481 -0.189224 -0.127867 -0.064500 0.896958 -0.418278
1784010339.435210943 -2.272930 5.436556 -0.189143 -0.127644 -0.064451 0.896975 -0.418317
1784010339.439601898 -2.273012 5.436492 -0.189092 -0.127476 -0.064414 0.896988 -0.418345
1784010339.445319891 -2.273206 5.436302 -0.189062 -0.127534 -0.064186 0.896969 -0.418403
1784010339.449398994 -2.273375 5.436121 -0.189086 -0.127582 -0.064025 0.896956 -0.418442
1784010339.455229044 -2.273690 5.435783 -0.189111 -0.127863 -0.064420 0.896908 -0.418399
1784010339.459266901 -2.273990 5.435488 -0.189093 -0.128064 -0.064696 0.896874 -0.418366
1784010339.465198994 -2.274457 5.435011 -0.189071 -0.127786 -0.064456 0.896929 -0.418372
1784010339.469537973 -2.274790 5.434654 -0.189097 -0.127589 -0.064282 0.896968 -0.418374
1784010339.475254059 -2.275306 5.434057 -0.189109 -0.127631 -0.064393 0.896953 -0.418378
1784010339.479389906 -2.275795 5.433475 -0.189069 -0.127668 -0.064476 0.896941 -0.418378
1784010339.485147953 -2.276511 5.432596 -0.189018 -0.127448 -0.064146 0.896978 -0.418417
1784010339.489690065 -2.277046 5.431935 -0.189035 -0.127279 -0.063888 0.897007 -0.418446
1784010339.495001078 -2.277722 5.431101 -0.189062 -0.127131 -0.063975 0.897028 -0.418432
1784010339.499587059 -2.278418 5.430259 -0.189054 -0.127005 -0.064051 0.897047 -0.418419
1784010339.505362988 -2.279331 5.429134 -0.189070 -0.127231 -0.064168 0.896996 -0.418442
1784010339.509385109 -2.279944 5.428360 -0.189137 -0.127394 -0.064252 0.896960 -0.418456
1784010339.515264988 -2.280877 5.427152 -0.189227 -0.127195 -0.064262 0.896955 -0.418526
1784010339.519409895 -2.281614 5.426207 -0.189248 -0.127061 -0.064272 0.896951 -0.418574
1784010339.525233984 -2.282677 5.424818 -0.189279 -0.127022 -0.064293 0.896916 -0.418658
1784010339.525274992 -2.282684 5.424808 -0.189279 -0.127021 -0.064293 0.896915 -0.418659
1784010339.525274992 -2.282684 5.424808 -0.189279 -0.127021 -0.064293 0.896915 -0.418659
1784010339.529350042 -2.283376 5.423828 -0.189325 -0.127014 -0.064309 0.896887 -0.418719
1784010339.535223961 -2.284406 5.422365 -0.189398 -0.126829 -0.064359 0.896867 -0.418811
1784010339.539689064 -2.285254 5.421190 -0.189435 -0.126691 -0.064399 0.896852 -0.418879
1784010339.545182943 -2.286354 5.419675 -0.189475 -0.126887 -0.064506 0.896782 -0.418952
1784010339.549266100 -2.287210 5.418510 -0.189516 -0.126829 -0.064476 0.896762 -0.419018
1784010339.555187941 -2.288480 5.416776 -0.189587 -0.127026 -0.064598 0.896679 -0.419117
1784010339.559461117 -2.289420 5.415508 -0.189645 -0.127170 -0.064689 0.896619 -0.419186
1784010339.565238953 -2.290704 5.413774 -0.189737 -0.126978 -0.064625 0.896593 -0.419310
1784010339.569323063 -2.291649 5.412513 -0.189804 -0.126712 -0.064561 0.896592 -0.419402
1784010339.575160980 -2.293068 5.410622 -0.189868 -0.126920 -0.064602 0.896488 -0.419556
1784010339.579544067 -2.294177 5.409162 -0.189908 -0.127261 -0.064677 0.896381 -0.419670
1784010339.585025072 -2.295550 5.407349 -0.189981 -0.127021 -0.064529 0.896345 -0.419842
1784010339.589287043 -2.296630 5.405929 -0.190051 -0.126587 -0.064325 0.896348 -0.419998
1784010339.595380068 -2.298245 5.403800 -0.190127 -0.126605 -0.064359 0.896245 -0.420207
1784010339.599430084 -2.299374 5.402331 -0.190166 -0.127014 -0.064436 0.896123 -0.420332
1784010339.605240107 -2.300977 5.400234 -0.190244 -0.127128 -0.064216 0.896016 -0.420560
1784010339.609285116 -2.302087 5.398774 -0.190324 -0.126720 -0.064089 0.896009 -0.420717
1784010339.615202904 -2.303756 5.396560 -0.190426 -0.126477 -0.064025 0.895937 -0.420953
1784010339.619697094 -2.305085 5.394815 -0.190488 -0.126831 -0.063998 0.895798 -0.421147
1784010339.625008106 -2.306659 5.392729 -0.190579 -0.127093 -0.063913 0.895652 -0.421391
1784010339.625008106 -2.306659 5.392729 -0.190579 -0.127093 -0.063913 0.895652 -0.421391
1784010339.625365973 -2.306760 5.392589 -0.190586 -0.127111 -0.063907 0.895642 -0.421407
1784010339.629385948 -2.307881 5.391009 -0.190661 -0.126873 -0.063771 0.895595 -0.421599
1784010339.635234118 -2.309530 5.388655 -0.190763 -0.126553 -0.063614 0.895504 -0.421913
1784010339.639610052 -2.310815 5.386831 -0.190832 -0.126720 -0.063643 0.895368 -0.422147
1784010339.645193100 -2.312471 5.384469 -0.190928 -0.127006 -0.063636 0.895185 -0.422449
1784010339.649568081 -2.313771 5.382612 -0.191028 -0.126838 -0.063536 0.895100 -0.422695
1784010339.655003071 -2.315399 5.380268 -0.191159 -0.126627 -0.063471 0.894985 -0.423012
1784010339.659434080 -2.316763 5.378316 -0.191255 -0.126865 -0.063491 0.894825 -0.423275
1784010339.665185928 -2.318542 5.375755 -0.191380 -0.127202 -0.063486 0.894613 -0.423623
1784010339.669260979 -2.319810 5.373928 -0.191480 -0.127128 -0.063436 0.894508 -0.423874
1784010339.675153017 -2.321649 5.371241 -0.191608 -0.127071 -0.063415 0.894332 -0.424266
1784010339.679912090 -2.323160 5.369024 -0.191700 -0.127242 -0.063516 0.894145 -0.424595
1784010339.684945107 -2.324764 5.366651 -0.191802 -0.127259 -0.063565 0.893964 -0.424961
1784010339.689379930 -2.326178 5.364542 -0.191897 -0.127154 -0.063486 0.893817 -0.425315
1784010339.695151091 -2.328011 5.361757 -0.192021 -0.127157 -0.063513 0.893585 -0.425796
1784010339.699409008 -2.329371 5.359671 -0.192117 -0.127152 -0.063623 0.893402 -0.426166
1784010339.705164909 -2.331205 5.356816 -0.192245 -0.126991 -0.063661 0.893170 -0.426693
1784010339.709412098 -2.332569 5.354682 -0.192340 -0.126889 -0.063705 0.892988 -0.427099
1784010339.715205908 -2.334424 5.351738 -0.192466 -0.126796 -0.063868 0.892718 -0.427667
1784010339.719228983 -2.335719 5.349678 -0.192555 -0.126664 -0.063909 0.892534 -0.428082
1784010339.724765062 -2.337490 5.346820 -0.192671 -0.126447 -0.063963 0.892278 -0.428673
1784010339.724765062 -2.337490 5.346820 -0.192671 -0.126447 -0.063963 0.892278 -0.428673
1784010339.725162029 -2.337611 5.346614 -0.192677 -0.126429 -0.063967 0.892260 -0.428715
1784010339.729507923 -2.338938 5.344348 -0.192742 -0.126341 -0.064045 0.892040 -0.429187
1784010339.735188007 -2.340676 5.341357 -0.192812 -0.126294 -0.064059 0.891732 -0.429837
1784010339.739418983 -2.341984 5.339108 -0.192861 -0.126214 -0.064081 0.891503 -0.430332
1784010339.745186090 -2.343765 5.336026 -0.192919 -0.126153 -0.064073 0.891168 -0.431044
1784010339.749358892 -2.345065 5.333786 -0.192961 -0.126113 -0.064009 0.890922 -0.431575
1784010339.755186081 -2.346876 5.330638 -0.193030 -0.125987 -0.063979 0.890579 -0.432322
1784010339.759468079 -2.348222 5.328305 -0.193088 -0.125959 -0.063989 0.890312 -0.432879
1784010339.765156031 -2.350015 5.325180 -0.193175 -0.125989 -0.063989 0.889946 -0.433623
1784010339.769601107 -2.351426 5.322720 -0.193259 -0.125938 -0.064017 0.889667 -0.434205
1784010339.775057077 -2.353153 5.319689 -0.193375 -0.125803 -0.064031 0.889328 -0.434935
1784010339.779230118 -2.354482 5.317360 -0.193470 -0.125754 -0.064057 0.889059 -0.435495
1784010339.784982920 -2.356308 5.314130 -0.193595 -0.125717 -0.064090 0.888683 -0.436268
1784010339.789532900 -2.357763 5.311552 -0.193687 -0.125699 -0.064135 0.888374 -0.436895
1784010339.795169115 -2.359559 5.308334 -0.193786 -0.125661 -0.064299 0.887990 -0.437663
1784010339.799599886 -2.360976 5.305795 -0.193855 -0.125593 -0.064346 0.887689 -0.438286
1784010339.805011034 -2.362693 5.302689 -0.193928 -0.125371 -0.064325 0.887333 -0.439073
1784010339.809329033 -2.364065 5.300195 -0.193981 -0.125188 -0.064382 0.887042 -0.439704
1784010339.815224886 -2.365935 5.296757 -0.194040 -0.125058 -0.064558 0.886623 -0.440558
1784010339.819426060 -2.367280 5.294288 -0.194078 -0.124989 -0.064735 0.886319 -0.441163
1784010339.824865103 -2.369014 5.291094 -0.194124 -0.124820 -0.064813 0.885939 -0.441963
1784010339.825256109 -2.369140 5.290865 -0.194128 -0.124800 -0.064811 0.885913 -0.442021
1784010339.825256109 -2.369140 5.290865 -0.194128 -0.124800 -0.064811 0.885913 -0.442021
1784010339.829457998 -2.370414 5.288403 -0.194154 -0.124603 -0.064792 0.885624 -0.442658
1784010339.835196972 -2.372138 5.285017 -0.194198 -0.124288 -0.064938 0.885221 -0.443531
1784010339.839637995 -2.373481 5.282372 -0.194235 -0.124174 -0.065115 0.884884 -0.444209
1784010339.845036983 -2.375115 5.279140 -0.194276 -0.124224 -0.065267 0.884435 -0.445065
1784010339.849327087 -2.376416 5.276569 -0.194312 -0.124208 -0.065322 0.884086 -0.445755
1784010339.855185986 -2.378173 5.273059 -0.194369 -0.123993 -0.065293 0.883623 -0.446736
1784010339.859405041 -2.379440 5.270522 -0.194417 -0.123815 -0.065326 0.883288 -0.447442
1784010339.865184069 -2.381174 5.267022 -0.194482 -0.123685 -0.065473 0.882807 -0.448405
1784010339.869220972 -2.382400 5.264562 -0.194532 -0.123702 -0.065569 0.882453 -0.449083
1784010339.875160933 -2.384190 5.260938 -0.194613 -0.123746 -0.065696 0.881920 -0.450098
1784010339.879158974 -2.385391 5.258502 -0.194681 -0.123638 -0.065770 0.881578 -0.450786
1784010339.885176897 -2.387183 5.254820 -0.194795 -0.123317 -0.065929 0.881080 -0.451823
1784010339.889477968 -2.388483 5.252168 -0.194880 -0.123320 -0.066055 0.880689 -0.452566
1784010339.895200014 -2.390220 5.248623 -0.194992 -0.123626 -0.066216 0.880118 -0.453568
1784010339.899460077 -2.391515 5.245982 -0.195091 -0.123752 -0.066308 0.879708 -0.454315
1784010339.905219078 -2.393248 5.242410 -0.195237 -0.123709 -0.066397 0.879183 -0.455330
1784010339.909492016 -2.394539 5.239746 -0.195354 -0.123736 -0.066572 0.878777 -0.456080
1784010339.915293932 -2.396299 5.236110 -0.195514 -0.123910 -0.066852 0.878201 -0.457099
1784010339.919888020 -2.397709 5.233223 -0.195644 -0.124084 -0.066915 0.877744 -0.457920
1784010339.924797058 -2.399212 5.230139 -0.195781 -0.124207 -0.066972 0.877260 -0.458806
1784010339.924797058 -2.399212 5.230139 -0.195781 -0.124207 -0.066972 0.877260 -0.458806
1784010339.925035954 -2.399281 5.229989 -0.195786 -0.124214 -0.066976 0.877236 -0.458849
1784010339.929367065 -2.400528 5.227272 -0.195882 -0.124187 -0.067039 0.876822 -0.459637
1784010339.935173035 -2.402184 5.223625 -0.195994 -0.124002 -0.067060 0.876284 -0.460710
1784010339.939794064 -2.403512 5.220708 -0.196065 -0.123889 -0.067096 0.875849 -0.461561
1784010339.944907904 -2.404985 5.217468 -0.196114 -0.123895 -0.067159 0.875350 -0.462495
1784010339.949546099 -2.406317 5.214532 -0.196141 -0.123778 -0.067149 0.874918 -0.463346
1784010339.955164909 -2.407905 5.210979 -0.196168 -0.123370 -0.067112 0.874430 -0.464380
1784010339.959260941 -2.409066 5.208375 -0.196188 -0.123113 -0.067155 0.874064 -0.465130
1784010339.965106964 -2.410723 5.204625 -0.196214 -0.123091 -0.067346 0.873480 -0.466204
1784010339.969326019 -2.411927 5.201905 -0.196249 -0.123123 -0.067491 0.873052 -0.466974
1784010339.975130081 -2.413556 5.198164 -0.196323 -0.123000 -0.067700 0.872488 -0.468030
1784010339.979183912 -2.414693 5.195550 -0.196394 -0.122861 -0.067859 0.872105 -0.468757
1784010339.985140085 -2.416353 5.191692 -0.196503 -0.122751 -0.068064 0.871524 -0.469836
1784010339.989487886 -2.417579 5.188861 -0.196591 -0.122703 -0.068198 0.871093 -0.470627
1784010339.995002031 -2.419123 5.185263 -0.196705 -0.122644 -0.068337 0.870543 -0.471638
1784010339.999299049 -2.420324 5.182458 -0.196800 -0.122560 -0.068433 0.870120 -0.472427
1784010340.005184889 -2.421945 5.178612 -0.196934 -0.122330 -0.068562 0.869547 -0.473521
1784010340.009490967 -2.423135 5.175786 -0.197039 -0.122168 -0.068630 0.869116 -0.474344
1784010340.015194893 -2.424701 5.172025 -0.197178 -0.122129 -0.068776 0.868510 -0.475442
1784010340.019226074 -2.425808 5.169360 -0.197286 -0.122118 -0.068935 0.868079 -0.476208
1784010340.024880171 -2.427332 5.165619 -0.197440 -0.121981 -0.069190 0.867483 -0.477292
1784010340.024880171 -2.427332 5.165619 -0.197440 -0.121981 -0.069190 0.867483 -0.477292
1784010340.025182962 -2.427409 5.165419 -0.197447 -0.121972 -0.069203 0.867451 -0.477349
1784010340.029716015 -2.428546 5.162417 -0.197546 -0.121854 -0.069387 0.866967 -0.478232
1784010340.035196066 -2.429917 5.158772 -0.197633 -0.121779 -0.069631 0.866366 -0.479303
1784010340.039361954 -2.430964 5.155994 -0.197673 -0.121708 -0.069820 0.865920 -0.480098
1784010340.045196056 -2.432404 5.152115 -0.197693 -0.121528 -0.069986 0.865310 -0.481218
1784010340.049259901 -2.433403 5.149416 -0.197690 -0.121353 -0.070086 0.864888 -0.482007
1784010340.055170059 -2.434832 5.145479 -0.197670 -0.121109 -0.070283 0.864264 -0.483158
1784010340.059452057 -2.435877 5.142612 -0.197653 -0.121012 -0.070446 0.863801 -0.483985
1784010340.065201998 -2.437272 5.138755 -0.197642 -0.120975 -0.070649 0.863165 -0.485098
1784010340.069261074 -2.438261 5.136036 -0.197654 -0.120946 -0.070722 0.862716 -0.485893
1784010340.075150967 -2.439667 5.132098 -0.197709 -0.120750 -0.070799 0.862081 -0.487055
1784010340.079298019 -2.440663 5.129316 -0.197772 -0.120604 -0.070944 0.861630 -0.487868
1784010340.085230112 -2.442089 5.125324 -0.197868 -0.120591 -0.071109 0.860954 -0.489040
1784010340.089505911 -2.443132 5.122445 -0.197944 -0.120624 -0.071154 0.860462 -0.489890
1784010340.095237017 -2.444511 5.118600 -0.198056 -0.120501 -0.071141 0.859831 -0.491028
1784010340.099178076 -2.445461 5.115959 -0.198137 -0.120328 -0.071089 0.859404 -0.491825
1784010340.105138063 -2.446893 5.111950 -0.198247 -0.120182 -0.071048 0.858730 -0.493043
1784010340.109334946 -2.447916 5.109118 -0.198318 -0.120231 -0.071005 0.858228 -0.493911
1784010340.115200996 -2.449327 5.105170 -0.198422 -0.120303 -0.070892 0.857521 -0.495136
1784010340.119425058 -2.450338 5.102330 -0.198506 -0.120258 -0.070860 0.857021 -0.496016
1784010340.124715090 -2.451593 5.098761 -0.198608 -0.120230 -0.070968 0.856384 -0.497106
1784010340.124715090 -2.451593 5.098761 -0.198608 -0.120230 -0.070968 0.856384 -0.497106
1784010340.125185966 -2.451698 5.098444 -0.198615 -0.120227 -0.070978 0.856328 -0.497202
1784010340.129281998 -2.452607 5.095680 -0.198671 -0.120322 -0.071022 0.855806 -0.498070
1784010340.135175943 -2.453900 5.091702 -0.198740 -0.120521 -0.071054 0.855045 -0.499324
1784010340.139606953 -2.454864 5.088714 -0.198793 0.120632 0.071089 -0.854474 0.500268
1784010340.145158052 -2.456041 5.084970 -0.198856 0.120674 0.071220 -0.853761 0.501456
1784010340.149466038 -2.456950 5.082050 -0.198900 0.120689 0.071365 -0.853205 0.502377
1784010340.155283928 -2.458172 5.078093 -0.198940 0.120823 0.071421 -0.852439 0.503636
1784010340.159342051 -2.459026 5.075330 -0.198966 0.120870 0.071442 -0.851921 0.504497
1784010340.165148973 -2.460206 5.071386 -0.199020 0.120663 0.071540 -0.851212 0.505727
1784010340.169585943 -2.461094 5.068368 -0.199081 0.120425 0.071669 -0.850677 0.506666
1784010340.175209045 -2.462208 5.064525 -0.199161 0.120360 0.071946 -0.849959 0.507845
1784010340.179348946 -2.463036 5.061686 -0.199222 0.120442 0.072086 -0.849414 0.508718
1784010340.185143948 -2.464166 5.057717 -0.199315 0.120459 0.072152 -0.848653 0.509973
1784010340.189425945 -2.464986 5.054782 -0.199394 0.120345 0.072257 -0.848098 0.510908
1784010340.195132971 -2.466052 5.050856 -0.199501 0.120207 0.072497 -0.847335 0.512170
1784010340.199265957 -2.466828 5.047996 -0.199577 0.120191 0.072657 -0.846765 0.513093
1784010340.205152988 -2.467916 5.043923 -0.199675 0.120224 0.072764 -0.845938 0.514432
1784010340.209474087 -2.468703 5.040938 -0.199752 0.120089 0.072854 -0.845348 0.515419
1784010340.215332031 -2.469724 5.036892 -0.199869 0.119596 0.073122 -0.844572 0.516767
1784010340.219309092 -2.470414 5.034133 -0.199951 0.119294 0.073342 -0.844031 0.517689
1784010340.225148916 -2.471425 5.030066 -0.200048 0.119166 0.073633 -0.843191 0.519044
1784010340.225177050 -2.471429 5.030046 -0.200048 0.119166 0.073634 -0.843187 0.519051
1784010340.225177050 -2.471429 5.030046 -0.200048 0.119166 0.073634 -0.843187 0.519051
1784010340.229325056 -2.472086 5.027176 -0.200089 0.119148 0.073792 -0.842583 0.520011
1784010340.235166073 -2.472980 5.023152 -0.200139 0.118927 0.073885 -0.841752 0.521394
1784010340.239537954 -2.473639 5.020140 -0.200172 0.118662 0.073989 -0.841130 0.522441
1784010340.245064020 -2.474462 5.016319 -0.200197 0.118455 0.074258 -0.840318 0.523755
1784010340.249350071 -2.475112 5.013341 -0.200205 0.118471 0.074452 -0.839664 0.524772
1784010340.255151987 -2.475972 5.009322 -0.200206 0.118490 0.074675 -0.838774 0.526158
1784010340.259373903 -2.476586 5.006405 -0.200213 0.118330 0.074849 -0.838142 0.527176
1784010340.265285969 -2.477414 5.002320 -0.200231 0.117957 0.075144 -0.837264 0.528610
1784010340.269351006 -2.477990 4.999495 -0.200252 0.117814 0.075394 -0.836645 0.529585
1784010340.275409937 -2.478844 4.995279 -0.200293 0.117880 0.075733 -0.835684 0.531038
1784010340.279335976 -2.479403 4.992546 -0.200338 0.117915 0.075898 -0.835062 0.531984
1784010340.285134077 -2.480194 4.988523 -0.200433 0.117762 0.076121 -0.834164 0.533393
1784010340.289570093 -2.480795 4.985436 -0.200526 0.117625 0.076329 -0.833476 0.534468
1784010340.294879913 -2.481517 4.981727 -0.200642 0.117682 0.076605 -0.832624 0.535742
1784010340.299473047 -2.482150 4.978516 -0.200745 0.117818 0.076787 -0.831884 0.536836
1784010340.305129051 -2.482908 4.974579 -0.200871 0.117794 0.076888 -0.830994 0.538202
1784010340.309386969 -2.483471 4.971617 -0.200965 0.117608 0.076983 -0.830341 0.539237
1784010340.315172911 -2.484220 4.967583 -0.201074 0.117414 0.077195 -0.829432 0.540645
1784010340.319391012 -2.484778 4.964627 -0.201142 0.117420 0.077326 -0.828749 0.541671
1784010340.325119972 -2.485525 4.960617 -0.201219 0.117536 0.077435 -0.827801 0.543079
1784010340.325119972 -2.485525 4.960617 -0.201219 0.117536 0.077435 -0.827801 0.543079
1784010340.325222015 -2.485536 4.960547 -0.201220 0.117538 0.077437 -0.827785 0.543103
1784010340.329477072 -2.486013 4.957606 -0.201258 0.117550 0.077436 -0.827091 0.544157
1784010340.335182905 -2.486626 4.953665 -0.201308 0.117408 0.077476 -0.826179 0.545565
1784010340.339456081 -2.487090 4.950700 -0.201347 0.117333 0.077574 -0.825488 0.546613
1784010340.345139980 -2.487703 4.946750 -0.201397 0.117463 0.077670 -0.824537 0.548004
1784010340.349476099 -2.488174 4.943739 -0.201440 0.117518 0.077706 -0.823817 0.549069
1784010340.355129957 -2.488760 4.939831 -0.201505 0.117366 0.077701 -0.822912 0.550458
1784010340.359357119 -2.489195 4.936903 -0.201555 0.117189 0.077755 -0.822238 0.551494
1784010340.365092039 -2.489773 4.932916 -0.201617 0.117085 0.077929 -0.821303 0.552883
1784010340.369292021 -2.490204 4.929985 -0.201659 0.117052 0.078060 -0.820614 0.553893
1784010340.375116110 -2.490774 4.925940 -0.201713 0.116907 0.078161 -0.819681 0.555289
1784010340.379589081 -2.491201 4.922839 -0.201757 0.116647 0.078225 -0.818978 0.556372
1784010340.385195017 -2.491717 4.918937 -0.201816 0.116324 0.078407 -0.818081 0.557732
1784010340.389656067 -2.492135 4.915809 -0.201866 0.116286 0.078605 -0.817329 0.558813
1784010340.395220995 -2.492645 4.911908 -0.201942 0.116396 0.078865 -0.816370 0.560154
1784010340.399466038 -2.493030 4.908940 -0.202019 0.116380 0.078997 -0.815651 0.561185
1784010340.405153036 -2.493522 4.904964 -0.202140 0.116261 0.079186 -0.814690 0.562577
1784010340.409347057 -2.493891 4.902011 -0.202237 0.116282 0.079450 -0.813959 0.563593
1784010340.415157080 -2.494397 4.897911 -0.202373 0.116497 0.079873 -0.812926 0.564978
1784010340.419365883 -2.494770 4.894946 -0.202478 0.116590 0.080091 -0.812186 0.565992
1784010340.425044060 -2.495254 4.890965 -0.202616 0.116511 0.080251 -0.811218 0.567371
1784010340.425044060 -2.495254 4.890965 -0.202616 0.116511 0.080251 -0.811218 0.567371
1784010340.425163031 -2.495261 4.890883 -0.202618 0.116509 0.080255 -0.811198 0.567400
1784010340.429126024 -2.495525 4.888127 -0.202696 0.116404 0.080320 -0.810513 0.568390
1784010340.435174942 -2.495914 4.883912 -0.202795 0.116366 0.080415 -0.809450 0.569897
1784010340.439817905 -2.496222 4.880672 -0.202861 0.116372 0.080454 -0.808633 0.571049
1784010340.444925070 -2.496547 4.877122 -0.202923 0.116272 0.080425 -0.807750 0.572323
1784010340.449314117 -2.496815 4.874077 -0.202969 0.116008 0.080454 -0.807012 0.573412
1784010340.455180883 -2.497143 4.870004 -0.203011 0.115512 0.080584 -0.806042 0.574856
1784010340.459276915 -2.497376 4.867147 -0.203027 0.115239 0.080736 -0.805355 0.575851
1784010340.465173960 -2.497682 4.863036 -0.203034 0.115037 0.081018 -0.804342 0.577267
1784010340.469360113 -2.497890 4.860122 -0.203043 0.114893 0.081200 -0.803614 0.578283
1784010340.475209951 -2.498131 4.856051 -0.203067 0.114572 0.081514 -0.802592 0.579720
1784010340.479775906 -2.498311 4.852858 -0.203094 0.114427 0.081783 -0.801758 0.580863
1784010340.485147953 -2.498506 4.849089 -0.203132 0.114459 0.082153 -0.800749 0.582195
1784010340.489361048 -2.498652 4.846137 -0.203177 0.114451 0.082411 -0.799961 0.583243
1784010340.495143890 -2.498808 4.842105 -0.203257 0.114194 0.082693 -0.798906 0.584698
1784010340.499443054 -2.498913 4.839106 -0.203329 0.113931 0.082938 -0.798112 0.585796
1784010340.505126953 -2.499036 4.835127 -0.203423 0.113774 0.083250 -0.797020 0.587268
1784010340.509259939 -2.499134 4.832226 -0.203496 0.113773 0.083364 -0.796205 0.588357
1784010340.515152931 -2.499237 4.828106 -0.203624 0.113639 0.083505 -0.795050 0.589923
1784010340.519562960 -2.499302 4.825026 -0.203744 0.113405 0.083659 -0.794192 0.591100
1784010340.524816990 -2.499364 4.821342 -0.203901 0.113197 0.083902 -0.793147 0.592507
1784010340.524816990 -2.499364 4.821342 -0.203901 0.113197 0.083902 -0.793147 0.592507
1784010340.525120974 -2.499362 4.821130 -0.203909 0.113185 0.083915 -0.793087 0.592588
1784010340.529220104 -2.499332 4.818259 -0.204027 0.113173 0.084085 -0.792250 0.593684
1784010340.535145998 -2.499271 4.814121 -0.204200 0.113187 0.084193 -0.791036 0.595283
1784010340.539748907 -2.499221 4.810921 -0.204338 0.113055 0.084194 -0.790113 0.596532
1784010340.545108080 -2.499146 4.807188 -0.204488 0.112894 0.084256 -0.789030 0.597987
1784010340.549354076 -2.499092 4.804212 -0.204588 0.112912 0.084427 -0.788143 0.599128
1784010340.555155993 -2.499003 4.800145 -0.204693 0.113045 0.084660 -0.786913 0.600684
1784010340.559420109 -2.498940 4.797167 -0.204755 0.112995 0.084708 -0.786035 0.601835
1784010340.565270901 -2.498822 4.793090 -0.204826 0.112802 0.084805 -0.784851 0.603402
1784010340.569298983 -2.498741 4.790272 -0.204864 0.112727 0.084979 -0.784010 0.604483
1784010340.575103045 -2.498601 4.786201 -0.204913 0.112740 0.085280 -0.782778 0.606032
1784010340.579643965 -2.498495 4.783018 -0.204954 0.112719 0.085438 -0.781825 0.607243
1784010340.585192919 -2.498344 4.779145 -0.205015 0.112617 0.085584 -0.780677 0.608717
1784010340.589380026 -2.498226 4.776226 -0.205074 0.112473 0.085722 -0.779814 0.609829
1784010340.595133066 -2.498039 4.772209 -0.205170 0.112247 0.085992 -0.778627 0.611347
1784010340.599401951 -2.497907 4.769216 -0.205249 0.112174 0.086188 -0.777737 0.612465
1784010340.605154037 -2.497713 4.765192 -0.205358 0.112202 0.086413 -0.776536 0.613951
1784010340.609292984 -2.497576 4.762307 -0.205439 0.112219 0.086574 -0.775667 0.615022
1784010340.615233898 -2.497359 4.758149 -0.205551 0.111843 0.086552 -0.774469 0.616602
1784010340.619498968 -2.497215 4.755128 -0.205622 0.111814 0.086623 -0.773561 0.617736
1784010340.625179052 -2.497012 4.751094 -0.205711 0.112050 0.086922 -0.772324 0.619197
1784010340.625179052 -2.497012 4.751094 -0.205711 0.112050 0.086922 -0.772324 0.619197
1784010340.625293970 -2.497005 4.751013 -0.205713 0.112056 0.086929 -0.772298 0.619227
1784010340.629255056 -2.496784 4.748232 -0.205775 0.112221 0.087146 -0.771418 0.620263
1784010340.635123968 -2.496428 4.744115 -0.205864 0.111779 0.087142 -0.770216 0.621835
1784010340.639528036 -2.496160 4.741002 -0.205916 0.111609 0.087392 -0.769280 0.622988
1784010340.645072937 -2.495811 4.737064 -0.205960 0.111726 0.087849 -0.768037 0.624434
1784010340.649451971 -2.495536 4.733961 -0.205994 0.111663 0.088045 -0.767085 0.625587
1784010340.655159950 -2.495147 4.729933 -0.206032 0.111451 0.088227 -0.765859 0.627100
1784010340.659326077 -2.494859 4.726993 -0.206049 0.111292 0.088357 -0.764964 0.628201
1784010340.665112972 -2.494430 4.722915 -0.206071 0.111198 0.088677 -0.763669 0.629746
1784010340.669286966 -2.494119 4.719972 -0.206096 0.111125 0.088904 -0.762735 0.630859
1784010340.675113916 -2.493658 4.715867 -0.206136 0.110922 0.089169 -0.761453 0.632404
1784010340.679248095 -2.493333 4.712950 -0.206166 0.110772 0.089353 -0.760543 0.633498
1784010340.685138941 -2.492842 4.708801 -0.206229 0.110420 0.089553 -0.759251 0.635079
1784010340.689625025 -2.492469 4.705630 -0.206295 0.110168 0.089642 -0.758252 0.636302
1784010340.695008039 -2.492010 4.701803 -0.206388 0.110155 0.090021 -0.757005 0.637735
1784010340.699174881 -2.491658 4.698825 -0.206471 0.110141 0.090312 -0.756038 0.638842
1784010340.705090046 -2.491132 4.694600 -0.206607 0.109873 0.090566 -0.754701 0.640431
1784010340.709415913 -2.490743 4.691518 -0.206721 0.109673 0.090748 -0.753723 0.641591
1784010340.715159893 -2.490209 4.687423 -0.206872 0.109723 0.091108 -0.752343 0.643149
1784010340.719487906 -2.489814 4.684322 -0.206975 0.109756 0.091376 -0.751302 0.644321
1784010340.724802017 -2.489314 4.680517 -0.207094 0.109604 0.091498 -0.750057 0.645778
1784010340.724802017 -2.489314 4.680517 -0.207094 0.109604 0.091498 -0.750057 0.645778
1784010340.725122929 -2.489277 4.680290 -0.207101 0.109593 0.091506 -0.749982 0.645866
1784010340.729300976 -2.488791 4.677344 -0.207186 0.109457 0.091609 -0.749005 0.647008
1784010340.735151052 -2.488086 4.673224 -0.207298 0.109335 0.091999 -0.747601 0.648595
1784010340.739564896 -2.487557 4.670098 -0.207375 0.109241 0.092288 -0.746540 0.649791
1784010340.744805098 -2.486918 4.666386 -0.207460 0.109040 0.092417 -0.745302 0.651225
1784010340.749403000 -2.486357 4.663133 -0.207533 0.108863 0.092529 -0.744215 0.652481
1784010340.755119085 -2.485642 4.659082 -0.207619 0.108769 0.092794 -0.742842 0.654022
1784010340.759514093 -2.485097 4.655946 -0.207683 0.108695 0.092993 -0.741784 0.655205
1784010340.765002012 -2.484401 4.652030 -0.207763 0.108703 0.093238 -0.740452 0.656675
1784010340.769378901 -2.483842 4.648915 -0.207831 0.108708 0.093430 -0.739387 0.657845
1784010340.775064945 -2.483089 4.644872 -0.207918 0.108398 0.093673 -0.738035 0.659378
1784010340.779268980 -2.482527 4.641871 -0.207980 0.108166 0.093848 -0.737034 0.660510
1784010340.785157919 -2.481713 4.637669 -0.208058 0.108033 0.094271 -0.735581 0.662089
1784010340.789124966 -2.481172 4.634832 -0.208103 0.107940 0.094550 -0.734601 0.663152
1784010340.795114040 -2.480323 4.630560 -0.208171 0.107678 0.094616 -0.733142 0.664798
1784010340.799451113 -2.479703 4.627464 -0.208227 0.107486 0.094657 -0.732084 0.665988
1784010340.805186033 -2.478862 4.623373 -0.208306 0.107311 0.094934 -0.730642 0.667558
1784010340.809573889 -2.478226 4.620231 -0.208368 0.107175 0.095140 -0.729537 0.668758
1784010340.815259933 -2.477391 4.616164 -0.208453 0.107069 0.095317 -0.728099 0.670316
1784010340.819155931 -2.476828 4.613380 -0.208517 0.106999 0.095367 -0.727114 0.671388
1784010340.824834108 -2.475983 4.609327 -0.208611 0.106767 0.095607 -0.725672 0.672948
1784010340.824834108 -2.475983 4.609327 -0.208611 0.106767 0.095607 -0.725672 0.672948
1784010340.825084925 -2.475941 4.609150 -0.208615 0.106757 0.095617 -0.725609 0.673017
1784010340.829463005 -2.475198 4.606061 -0.208675 0.106591 0.095789 -0.724496 0.674216
1784010340.835155964 -2.474225 4.602040 -0.208738 0.106729 0.095814 -0.722998 0.675798
1784010340.839412928 -2.473511 4.599028 -0.208773 0.106828 0.095831 -0.721876 0.676979
1784010340.845123053 -2.472531 4.595007 -0.208816 0.106872 0.095846 -0.720384 0.678557
1784010340.849473953 -2.471776 4.591947 -0.208852 0.106717 0.095916 -0.719265 0.679757
1784010340.855001926 -2.470798 4.588067 -0.208888 0.106518 0.096039 -0.717831 0.681285
1784010340.859339952 -2.470035 4.585023 -0.208901 0.106400 0.096139 -0.716712 0.682467
1784010340.865132093 -2.468988 4.580987 -0.208901 0.106087 0.096264 -0.715246 0.684034
1784010340.869200945 -2.468246 4.578159 -0.208892 0.105688 0.096381 -0.714243 0.685126
1784010340.875103951 -2.467136 4.574056 -0.208861 0.105201 0.096580 -0.712766 0.686710
1784010340.879342079 -2.466338 4.571091 -0.208832 0.104993 0.096762 -0.711676 0.687845
1784010340.885080099 -2.465234 4.567082 -0.208802 0.104837 0.097042 -0.710187 0.689367
1784010340.889373064 -2.464407 4.564089 -0.208800 0.104721 0.097231 -0.709071 0.690505
1784010340.894982100 -2.463292 4.560204 -0.208834 0.104465 0.097565 -0.707616 0.691988
1784010340.899197102 -2.462444 4.557282 -0.208886 0.104231 0.097906 -0.706522 0.693092
1784010340.905112982 -2.461226 4.553175 -0.208972 0.104025 0.098430 -0.704961 0.694637
1784010340.909457922 -2.460338 4.550147 -0.209043 0.103937 0.098781 -0.703803 0.695773
1784010340.915136099 -2.459160 4.546218 -0.209147 0.103778 0.099083 -0.702300 0.697272
1784010340.919087887 -2.458341 4.543493 -0.209234 0.103546 0.099230 -0.701268 0.698323
1784010340.924883127 -2.457110 4.539491 -0.209371 0.103223 0.099600 -0.699726 0.699863
1784010340.924883127 -2.457110 4.539491 -0.209371 0.103223 0.099600 -0.699726 0.699863
1784010340.925082922 -2.457063 4.539354 -0.209375 0.103212 0.099613 -0.699672 0.699916
1784010340.929349899 -2.456077 4.536430 -0.209463 0.103232 0.099907 -0.698467 0.701074
1784010340.935172081 -2.454728 4.532458 -0.209578 0.103401 0.100108 -0.696802 0.702676
1784010340.939577103 -2.453713 4.529469 -0.209670 0.103293 0.100129 -0.695584 0.703895
1784010340.945106030 -2.452421 4.525722 -0.209779 0.103069 0.100179 -0.694042 0.705441
1784010340.949198961 -2.451471 4.522931 -0.209845 0.103090 0.100302 -0.692859 0.706582
1784010340.955142975 -2.450088 4.518881 -0.209912 0.103310 0.100442 -0.691117 0.708234
1784010340.959207058 -2.449157 4.516121 -0.209950 0.103330 0.100374 -0.689960 0.709368
1784010340.965102911 -2.447774 4.512137 -0.209998 0.103093 0.100359 -0.688318 0.710998
1784010340.969414949 -2.446755 4.509213 -0.210032 0.102871 0.100534 -0.687117 0.712166
1784010340.975294113 -2.445346 4.505221 -0.210081 0.102667 0.100818 -0.685458 0.713753
1784010340.979254961 -2.444404 4.502529 -0.210121 0.102545 0.100998 -0.684355 0.714802
1784010340.985107899 -2.442990 4.498575 -0.210183 0.102336 0.101259 -0.682741 0.716338
1784010340.989537001 -2.441920 4.495586 -0.210234 0.102160 0.101380 -0.681515 0.717512
1784010340.994951963 -2.440588 4.491928 -0.210300 0.101961 0.101620 -0.680002 0.718940
1784010340.999233961 -2.439536 4.489032 -0.210357 0.101896 0.101860 -0.678804 0.720046
1784010341.005085945 -2.438081 4.485103 -0.210442 0.101796 0.102124 -0.677181 0.721550
1784010341.009368896 -2.437018 4.482241 -0.210511 0.101563 0.102265 -0.676019 0.722652
1784010341.015114069 -2.435567 4.478409 -0.210602 0.101248 0.102434 -0.674449 0.724137
1784010341.019452095 -2.434471 4.475506 -0.210672 0.101101 0.102629 -0.673251 0.725244
1784010341.024742126 -2.433122 4.471977 -0.210763 0.100966 0.102866 -0.671789 0.726584
1784010341.024742126 -2.433122 4.471977 -0.210763 0.100966 0.102866 -0.671789 0.726584
1784010341.025114059 -2.433020 4.471731 -0.210768 0.100955 0.102883 -0.671687 0.726677
1784010341.029402971 -2.431834 4.468911 -0.210829 0.100749 0.103014 -0.670534 0.727752
1784010341.035103083 -2.430233 4.465164 -0.210899 0.100417 0.103162 -0.668990 0.729196
1784010341.039607048 -2.428967 4.462191 -0.210945 0.100199 0.103319 -0.667747 0.730342
1784010341.044792891 -2.427506 4.458779 -0.210986 0.099949 0.103494 -0.666334 0.731641
1784010341.049313068 -2.426240 4.455826 -0.211021 0.099653 0.103485 -0.665132 0.732775
1784010341.055079937 -2.424608 4.452080 -0.211056 0.099155 0.103570 -0.663621 0.734200
1784010341.059464931 -2.423369 4.449229 -0.211067 0.098921 0.103686 -0.662435 0.735285
1784010341.064918041 -2.421813 4.445683 -0.211062 0.098766 0.103823 -0.660930 0.736639
1784010341.069314957 -2.420557 4.442826 -0.211054 0.098632 0.103925 -0.659723 0.737724
1784010341.075160980 -2.418866 4.439051 -0.211038 0.098449 0.104067 -0.658110 0.739168
1784010341.079581976 -2.417583 4.436207 -0.211033 0.098186 0.104121 -0.656892 0.740278
1784010341.084867954 -2.416024 4.432808 -0.211035 0.097783 0.104228 -0.655437 0.741605
1784010341.089279890 -2.414720 4.429963 -0.211042 0.097583 0.104322 -0.654194 0.742714
1784010341.095105886 -2.412972 4.426205 -0.211068 0.097407 0.104419 -0.652529 0.744188
1784010341.099519968 -2.411643 4.423356 -0.211112 0.097122 0.104549 -0.651293 0.745288
1784010341.105154037 -2.409928 4.419726 -0.211189 0.096794 0.104691 -0.649695 0.746705
1784010341.109205008 -2.408701 4.417110 -0.211257 0.096609 0.104833 -0.648543 0.747709
1784010341.115156889 -2.406874 4.413268 -0.211363 0.096366 0.105086 -0.646850 0.749170
1784010341.119251013 -2.405627 4.410623 -0.211439 0.096227 0.105182 -0.645679 0.750184
1784010341.124927044 -2.403879 4.406963 -0.211531 0.096037 0.105363 -0.644059 0.751574
1784010341.124927044 -2.403879 4.406963 -0.211531 0.096037 0.105363 -0.644059 0.751574
1784010341.125111103 -2.403818 4.406846 -0.211533 0.096030 0.105369 -0.644006 0.751620
1784010341.129368067 -2.402416 4.404138 -0.211576 0.095926 0.105491 -0.642756 0.752685
1784010341.135118961 -2.400508 4.400484 -0.211614 0.095883 0.105651 -0.641054 0.754118
1784010341.139765978 -2.398978 4.397539 -0.211633 0.095822 0.105744 -0.639689 0.755271
1784010341.145030975 -2.397238 4.394229 -0.211650 0.095588 0.105692 -0.638171 0.756591
1784010341.149281979 -2.395831 4.391557 -0.211665 0.095319 0.105674 -0.636955 0.757651
1784010341.155284882 -2.393817 4.387768 -0.211681 0.095124 0.105892 -0.635198 0.759119
1784010341.159324884 -2.392470 4.385202 -0.211693 0.095101 0.106086 -0.634002 0.760094
1784010341.165229082 -2.390492 4.381484 -0.211719 0.095021 0.106213 -0.632259 0.761537
1784010341.169317007 -2.389133 4.378923 -0.211744 0.094874 0.106229 -0.631078 0.762532
1784010341.175131083 -2.387174 4.375286 -0.211773 0.094641 0.106356 -0.629387 0.763940
1784010341.179171085 -2.385814 4.372742 -0.211791 0.094498 0.106606 -0.628210 0.764891
1784010341.185044050 -2.383835 4.369064 -0.211810 0.094365 0.106930 -0.626517 0.766249
1784010341.189138889 -2.382484 4.366513 -0.211825 0.094208 0.106956 -0.625384 0.767190
1784010341.195090055 -2.380516 4.362829 -0.211847 0.093845 0.106895 -0.623781 0.768547
1784010341.199691057 -2.379006 4.359973 -0.211870 0.093602 0.106939 -0.622554 0.769565
1784010341.205101967 -2.377230 4.356611 -0.211908 0.093403 0.107074 -0.621110 0.770736
1784010341.209327936 -2.375858 4.353984 -0.211951 0.093266 0.107170 -0.620005 0.771628
1784010341.215106010 -2.373986 4.350403 -0.212014 0.093122 0.107217 -0.618502 0.772844
1784010341.219356060 -2.372624 4.347764 -0.212067 0.093061 0.107230 -0.617404 0.773727
1784010341.224840164 -2.370854 4.344369 -0.212145 0.092879 0.107346 -0.616017 0.774838
1784010341.224840164 -2.370854 4.344369 -0.212145 0.092879 0.107346 -0.616017 0.774838
1784010341.225133896 -2.370753 4.344192 -0.212149 0.092870 0.107352 -0.615944 0.774896
1784010341.229115963 -2.369392 4.341792 -0.212201 0.092735 0.107445 -0.614960 0.775680
1784010341.235104084 -2.367329 4.338221 -0.212278 0.092597 0.107632 -0.613473 0.776848
1784010341.239506006 -2.365822 4.335608 -0.212330 0.092465 0.107796 -0.612382 0.777701
1784010341.245088100 -2.363898 4.332321 -0.212382 0.092317 0.107805 -0.610972 0.778825
1784010341.249454021 -2.362390 4.329752 -0.212414 0.092163 0.107791 -0.609869 0.779709
1784010341.255105019 -2.360407 4.326442 -0.212447 0.092014 0.107859 -0.608414 0.780854
1784010341.259371042 -2.358909 4.323947 -0.212471 0.091911 0.107898 -0.607313 0.781717
1784010341.265014887 -2.356900 4.320682 -0.212500 0.091593 0.107867 -0.605893 0.782859
1784010341.269198895 -2.355397 4.318271 -0.212523 0.091214 0.107859 -0.604818 0.783736
1784010341.275083065 -2.353237 4.314911 -0.212547 0.090498 0.108140 -0.603311 0.784940
1784010341.279402971 -2.351654 4.312460 -0.212555 0.090067 0.108230 -0.602174 0.785851
1784010341.285103083 -2.349539 4.309250 -0.212555 0.089552 0.108233 -0.600641 0.787081
1784010341.289343119 -2.347954 4.306850 -0.212548 0.089287 0.108397 -0.599456 0.787991
1784010341.295079947 -2.345774 4.303607 -0.212530 0.089160 0.108792 -0.597759 0.789239
1784010341.299324989 -2.344159 4.301210 -0.212526 0.088976 0.109020 -0.596507 0.790176
1784010341.305177927 -2.341916 4.297929 -0.212533 0.088640 0.109141 -0.594773 0.791503
1784010341.309293032 -2.340341 4.295613 -0.212544 0.088427 0.109297 -0.593535 0.792434
1784010341.315083981 -2.338086 4.292344 -0.212572 0.088121 0.109683 -0.591768 0.793735
1784010341.319353104 -2.336421 4.289912 -0.212605 0.087887 0.109981 -0.590477 0.794680
1784010341.324944973 -2.334239 4.286733 -0.212654 0.087776 0.110241 -0.588768 0.795924
1784010341.324944973 -2.334239 4.286733 -0.212654 0.087776 0.110241 -0.588768 0.795924
1784010341.325047970 -2.334196 4.286678 -0.212655 0.087775 0.110246 -0.588736 0.795947
1784010341.329256058 -2.332481 4.284372 -0.212684 0.087688 0.110368 -0.587456 0.796885
1784010341.335127115 -2.330069 4.281183 -0.212737 0.087439 0.110452 -0.585696 0.798195
1784010341.339772940 -2.328161 4.278647 -0.212784 0.087243 0.110528 -0.584299 0.799229
1784010341.344794989 -2.326091 4.275889 -0.212825 0.087162 0.110746 -0.582761 0.800330
1784010341.349293947 -2.324246 4.273407 -0.212856 0.087154 0.110855 -0.581383 0.801317
1784010341.355118036 -2.321858 4.270214 -0.212896 0.087092 0.110781 -0.579614 0.802615
1784010341.359487057 -2.320074 4.267815 -0.212930 0.086954 0.110750 -0.578309 0.803575
1784010341.364950895 -2.317826 4.264813 -0.212967 0.086832 0.110812 -0.576651 0.804770
1784010341.369308949 -2.316038 4.262399 -0.212992 0.086821 0.110838 -0.575315 0.805723
1784010341.375235081 -2.313600 4.259125 -0.213019 0.086859 0.110800 -0.573506 0.807013
1784010341.379374981 -2.311909 4.256834 -0.213042 0.086822 0.110772 -0.572260 0.807905
1784010341.385060072 -2.309561 4.253712 -0.213078 0.086592 0.110764 -0.570558 0.809133
1784010341.389446020 -2.307742 4.251296 -0.213110 0.086345 0.110812 -0.569244 0.810078
1784010341.395101070 -2.305374 4.248178 -0.213142 0.086115 0.111014 -0.567534 0.811274
1784010341.399411917 -2.303572 4.245791 -0.213163 0.086028 0.111167 -0.566227 0.812175
1784010341.405112028 -2.301173 4.242667 -0.213195 0.085827 0.111316 -0.564515 0.813367
1784010341.409248114 -2.299431 4.240403 -0.213226 0.085613 0.111383 -0.563266 0.814246
1784010341.415263891 -2.296860 4.237115 -0.213277 0.085364 0.111660 -0.561420 0.815508
1784010341.419159889 -2.295198 4.234965 -0.213315 0.085291 0.111954 -0.560218 0.816301
1784010341.424681187 -2.292839 4.231945 -0.213379 0.085220 0.112290 -0.558524 0.817423
1784010341.424681187 -2.292839 4.231945 -0.213379 0.085220 0.112290 -0.558524 0.817423
1784010341.425252914 -2.292586 4.231644 -0.213385 0.085210 0.112322 -0.558350 0.817538
1784010341.429341078 -2.290769 4.229513 -0.213439 0.084998 0.112425 -0.557143 0.818369
1784010341.435100079 -2.288191 4.226528 -0.213530 0.084678 0.112614 -0.555445 0.819530
1784010341.439450979 -2.286244 4.224250 -0.213607 0.084547 0.112928 -0.554153 0.820374
1784010341.445120096 -2.283708 4.221292 -0.213715 0.084463 0.113368 -0.552495 0.821440
1784010341.449419022 -2.281815 4.219050 -0.213797 0.084379 0.113477 -0.551271 0.822255
1784010341.455060005 -2.279341 4.216127 -0.213891 0.084280 0.113483 -0.549683 0.823327
1784010341.459232092 -2.277524 4.213954 -0.213949 0.084203 0.113599 -0.548512 0.824099
1784010341.465212107 -2.274917 4.210858 -0.214014 0.084063 0.113834 -0.546864 0.825175
1784010341.469238997 -2.273189 4.208768 -0.214045 0.083950 0.113917 -0.545785 0.825890
1784010341.475084066 -2.270686 4.205766 -0.214059 0.083795 0.114011 -0.544236 0.826915
1784010341.479177952 -2.268953 4.203666 -0.214050 0.083633 0.114027 -0.543163 0.827634
1784010341.485091925 -2.266426 4.200665 -0.214024 0.083341 0.113979 -0.541605 0.828690
1784010341.489357948 -2.264602 4.198496 -0.214004 0.083111 0.114127 -0.540477 0.829429
1784010341.495079994 -2.262143 4.195611 -0.213974 0.083009 0.114357 -0.538923 0.830418
1784010341.499506950 -2.260246 4.193389 -0.213962 0.082885 0.114434 -0.537721 0.831198
1784010341.505099058 -2.257826 4.190617 -0.213972 0.082504 0.114403 -0.536217 0.832212
1784010341.509182930 -2.256051 4.188593 -0.213997 0.082212 0.114384 -0.535097 0.832964
1784010341.515188932 -2.253401 4.185639 -0.214061 0.081840 0.114538 -0.533419 0.834055
1784010341.519469023 -2.251517 4.183532 -0.214129 0.081634 0.114611 -0.532203 0.834841
1784010341.524718046 -2.249189 4.180968 -0.214229 0.081375 0.114653 -0.530700 0.835817
1784010341.524718046 -2.249189 4.180968 -0.214229 0.081375 0.114653 -0.530700 0.835817
1784010341.525110960 -2.249006 4.180784 -0.214236 0.081356 0.114656 -0.530587 0.835891
1784010341.529437065 -2.246970 4.178761 -0.214311 0.081107 0.114777 -0.529318 0.836702
1784010341.535085917 -2.244276 4.176130 -0.214409 0.080821 0.114990 -0.527622 0.837771
1784010341.539213896 -2.242309 4.174202 -0.214483 0.080640 0.115107 -0.526364 0.838563
1784010341.545088053 -2.239482 4.171484 -0.214579 0.080366 0.115285 -0.524547 0.839703
1784010341.549446106 -2.237382 4.169461 -0.214642 0.080190 0.115468 -0.523172 0.840552
1784010341.555228949 -2.234561 4.166780 -0.214708 0.080019 0.115809 -0.521299 0.841685
1784010341.559207916 -2.232623 4.164920 -0.214747 0.079943 0.115993 -0.519999 0.842470
1784010341.565079927 -2.229747 4.162194 -0.214790 0.079845 0.116119 -0.518070 0.843650
1784010341.569267988 -2.227708 4.160248 -0.214821 0.079691 0.116182 -0.516708 0.844490
1784010341.575062037 -2.224865 4.157573 -0.214860 0.079418 0.116302 -0.514838 0.845641
1784010341.579139948 -2.222869 4.155675 -0.214890 0.079217 0.116439 -0.513532 0.846435
1784010341.585011005 -2.219982 4.152937 -0.214922 0.079059 0.116644 -0.511650 0.847560
1784010341.589351892 -2.217866 4.150894 -0.214945 0.079023 0.116702 -0.510278 0.848382
1784010341.594929934 -2.215144 4.148286 -0.214981 0.078898 0.116715 -0.508561 0.849422
1784010341.599102974 -2.213114 4.146333 -0.215016 0.078708 0.116745 -0.507307 0.850185
1784010341.605084896 -2.210170 4.143542 -0.215061 0.078412 0.116931 -0.505499 0.851264
1784010341.609579086 -2.207957 4.141427 -0.215092 0.078195 0.117157 -0.504138 0.852059
1784010341.614831924 -2.205368 4.138962 -0.215119 0.077982 0.117297 -0.502568 0.852986
1784010341.619281054 -2.203188 4.136880 -0.215139 0.077771 0.117332 -0.501255 0.853773
1784010341.624736071 -2.200504 4.134347 -0.215159 0.077474 0.117338 -0.499639 0.854746
1784010341.624736071 -2.200504 4.134347 -0.215159 0.077474 0.117338 -0.499639 0.854746
1784010341.625061989 -2.200337 4.134202 -0.215159 0.077455 0.117338 -0.499542 0.854804
1784010341.629255056 -2.198170 4.132328 -0.215153 0.077246 0.117378 -0.498278 0.855555
1784010341.635092974 -2.195128 4.129719 -0.215139 0.076998 0.117634 -0.496497 0.856577
1784010341.639592886 -2.192801 4.127700 -0.215132 0.076902 0.117747 -0.495122 0.857366
1784010341.645071983 -2.189977 4.125264 -0.215136 0.076671 0.117674 -0.493485 0.858340
1784010341.649740934 -2.187581 4.123189 -0.215153 0.076425 0.117660 -0.492095 0.859161
1784010341.654906034 -2.184934 4.120899 -0.215177 0.076263 0.117833 -0.490544 0.860038
1784010341.659435987 -2.182632 4.118895 -0.215205 0.076101 0.117972 -0.489204 0.860796
1784010341.664921999 -2.179852 4.116475 -0.215235 0.075903 0.117955 -0.487611 0.861720
1784010341.669378996 -2.177603 4.114491 -0.215247 0.075894 0.117933 -0.486303 0.862462
1784010341.675086975 -2.174702 4.111946 -0.215254 0.075982 0.118024 -0.484591 0.863405
1784010341.679235935 -2.172598 4.110092 -0.215272 0.075903 0.118049 -0.483383 0.864085
1784010341.685142040 -2.169588 4.107474 -0.215309 0.075665 0.118112 -0.481707 0.865033
1784010341.689521074 -2.167372 4.105521 -0.215337 0.075532 0.118243 -0.480471 0.865714
1784010341.694910049 -2.164639 4.103120 -0.215364 0.075449 0.118350 -0.478932 0.866559
1784010341.699054003 -2.162545 4.101273 -0.215384 0.075217 0.118371 -0.477786 0.867209
1784010341.704977036 -2.159538 4.098654 -0.215396 0.074789 0.118380 -0.476157 0.868140
1784010341.709520102 -2.157244 4.096636 -0.215392 0.074515 0.118500 -0.474912 0.868829
1784010341.715212107 -2.154365 4.094115 -0.215374 0.074185 0.118808 -0.473372 0.869655
1784010341.719896078 -2.152015 4.092040 -0.215360 0.073906 0.118897 -0.472126 0.870344
1784010341.724699020 -2.149609 4.089912 -0.215354 0.073558 0.118920 -0.470864 0.871054
1784010341.724699020 -2.149609 4.089912 -0.215354 0.073558 0.118920 -0.470864 0.871054
1784010341.724761009 -2.149576 4.089886 -0.215353 0.073553 0.118921 -0.470846 0.871063
1784010341.729592085 -2.147055 4.087815 -0.215328 0.073244 0.119095 -0.469561 0.871759
1784010341.735016108 -2.144233 4.085485 -0.215317 0.073105 0.119296 -0.468081 0.872539
1784010341.739451885 -2.141938 4.083574 -0.215341 0.072777 0.119557 -0.466942 0.873140
1784010341.744935036 -2.139106 4.081201 -0.215383 0.072442 0.119941 -0.465546 0.873861
1784010341.749248981 -2.136899 4.079302 -0.215415 0.072291 0.120243 -0.464492 0.874393
1784010341.755057096 -2.133944 4.076725 -0.215458 0.072063 0.120558 -0.463145 0.875083
1784010341.759457111 -2.131739 4.074752 -0.215496 0.071831 0.120617 -0.462185 0.875601
1784010341.765235901 -2.128861 4.072144 -0.215555 0.071460 0.120766 -0.460984 0.876243
1784010341.769305944 -2.126866 4.070273 -0.215601 0.071328 0.120949 -0.460185 0.876649
1784010341.775222063 -2.123998 4.067533 -0.215657 0.071266 0.121267 -0.459083 0.877187
1784010341.779306889 -2.122069 4.065619 -0.215692 0.071290 0.121218 -0.458367 0.877567
1784010341.785089016 -2.119349 4.062893 -0.215745 0.071152 0.120978 -0.457412 0.878110
1784010341.789290905 -2.117389 4.060875 -0.215791 0.070977 0.121050 -0.456778 0.878444
1784010341.795052052 -2.114730 4.058080 -0.215850 0.071068 0.121121 -0.455888 0.878889
1784010341.799364090 -2.112777 4.055962 -0.215906 0.071038 0.121000 -0.455284 0.879221
1784010341.804954052 -2.110248 4.053187 -0.215990 0.070828 0.120945 -0.454563 0.879618
1784010341.809163094 -2.108369 4.051058 -0.216052 0.070848 0.121029 -0.454029 0.879881
1784010341.815064907 -2.105759 4.048061 -0.216154 0.070887 0.121041 -0.453328 0.880237
1784010341.820072889 -2.103576 4.045497 -0.216261 0.070668 0.120942 -0.452816 0.880532
1784010341.825004101 -2.101440 4.042934 -0.216357 0.070633 0.121035 -0.452314 0.880780
1784010341.825004101 -2.101440 4.042934 -0.216357 0.070633 0.121035 -0.452314 0.880780
1784010341.825102091 -2.101394 4.042884 -0.216358 0.070632 0.121036 -0.452305 0.880785
1784010341.829176903 -2.099558 4.040780 -0.216399 0.070824 0.121263 -0.451923 0.880934
1784010341.835067987 -2.096918 4.037730 -0.216454 0.070903 0.121457 -0.451460 0.881138
1784010341.839557886 -2.094941 4.035395 -0.216492 0.070817 0.121423 -0.451167 0.881300
1784010341.844923019 -2.092591 4.032579 -0.216509 0.070737 0.121496 -0.450860 0.881454
1784010341.849448919 -2.090628 4.030172 -0.216506 0.070798 0.121585 -0.450617 0.881561
1784010341.854893923 -2.088278 4.027260 -0.216495 0.070896 0.121500 -0.450361 0.881695
1784010341.859167099 -2.086453 4.024965 -0.216497 0.070924 0.121477 -0.450186 0.881786
1784010341.865037918 -2.083944 4.021815 -0.216509 0.070880 0.121557 -0.449982 0.881882
1784010341.869278908 -2.082149 4.019525 -0.216532 0.070820 0.121537 -0.449860 0.881952
1784010341.875174999 -2.079646 4.016322 -0.216570 0.070761 0.121454 -0.449702 0.882049
1784010341.879297018 -2.077912 4.014060 -0.216601 0.070825 0.121483 -0.449577 0.882103
1784010341.885154963 -2.075448 4.010855 -0.216654 0.070897 0.121500 -0.449416 0.882177
1784010341.889198065 -2.073771 4.008646 -0.216705 0.070874 0.121405 -0.449325 0.882238
1784010341.895034075 -2.071337 4.005453 -0.216765 0.070947 0.121295 -0.449158 0.882333
1784010341.899509907 -2.069474 4.002981 -0.216792 0.071130 0.121338 -0.448993 0.882396
1784010341.904855013 -2.067248 4.000037 -0.216817 0.071270 0.121261 -0.448805 0.882491
1784010341.909352064 -2.065391 3.997575 -0.216845 0.071389 0.121199 -0.448647 0.882570
1784010341.915080070 -2.063018 3.994445 -0.216879 0.071131 0.121069 -0.448521 0.882673
1784010341.920104027 -2.060933 3.991678 -0.216903 0.071004 0.121107 -0.448388 0.882745
1784010341.925091982 -2.058859 3.988919 -0.216929 0.070936 0.121138 -0.448236 0.882824
1784010341.925091982 -2.058859 3.988919 -0.216929 0.070936 0.121138 -0.448236 0.882824
1784010341.925105095 -2.058852 3.988913 -0.216929 0.070936 0.121138 -0.448235 0.882824
1784010341.929405928 -2.056970 3.986594 -0.216940 0.070878 0.121181 -0.448094 0.882895
1784010341.935070992 -2.054480 3.983545 -0.216964 0.070755 0.121225 -0.447893 0.883001
1784010341.939692974 -2.052455 3.981045 -0.216993 0.070700 0.121338 -0.447728 0.883073
1784010341.944844961 -2.050192 3.978248 -0.217027 0.070681 0.121451 -0.447528 0.883160
1784010341.949575901 -2.048115 3.975669 -0.217063 0.070617 0.121540 -0.447346 0.883246
1784010341.955075979 -2.045699 3.972679 -0.217117 0.070411 0.121669 -0.447154 0.883342
1784010341.959306955 -2.043855 3.970379 -0.217171 0.070255 0.121769 -0.447009 0.883414
1784010341.965121031 -2.041316 3.967221 -0.217249 0.070126 0.121761 -0.446804 0.883529
1784010341.969346046 -2.039485 3.964905 -0.217305 0.070035 0.121755 -0.446658 0.883611
1784010341.975087881 -2.036991 3.961751 -0.217376 0.070216 0.121811 -0.446373 0.883732
1784010341.979298115 -2.035175 3.959423 -0.217425 0.070351 0.121853 -0.446167 0.883820
1784010341.985074997 -2.032684 3.956236 -0.217478 0.070422 0.121853 -0.445900 0.883949
1784010341.989003897 -2.031016 3.954063 -0.217505 0.070473 0.121853 -0.445723 0.884034
1784010341.995047092 -2.028441 3.950719 -0.217527 0.070513 0.121866 -0.445442 0.884171
1784010341.999295950 -2.026644 3.948341 -0.217531 0.070544 0.121876 -0.445249 0.884264
1784010342.005076885 -2.024196 3.945106 -0.217534 0.070562 0.121927 -0.445014 0.884374
1784010342.009260893 -2.022445 3.942760 -0.217548 0.070577 0.121964 -0.444847 0.884452
1784010342.014961004 -2.020054 3.939567 -0.217585 0.070528 0.121887 -0.444645 0.884568
1784010342.019553900 -2.018135 3.936977 -0.217634 0.070490 0.121826 -0.444485 0.884660
1784010342.024916172 -2.015889 3.933944 -0.217716 0.070477 0.121835 -0.444317 0.884744
1784010342.024916172 -2.015889 3.933944 -0.217716 0.070477 0.121835 -0.444317 0.884744
1784010342.025132895 -2.015793 3.933825 -0.217719 0.070476 0.121835 -0.444310 0.884747
1784010342.029593945 -2.013829 3.931371 -0.217798 0.070463 0.121838 -0.444170 0.884819
1784010342.034902096 -2.011487 3.928458 -0.217912 0.070362 0.121862 -0.444029 0.884894
1784010342.039444923 -2.009491 3.925972 -0.218028 0.070278 0.121884 -0.443911 0.884957
1784010342.045069933 -2.007006 3.922893 -0.218166 0.070243 0.121953 -0.443713 0.885049
1784010342.049274921 -2.005149 3.920564 -0.218255 0.070220 0.122005 -0.443569 0.885116
1784010342.055018902 -2.002603 3.917397 -0.218360 0.070207 0.122142 -0.443367 0.885200
1784010342.059319973 -2.000716 3.915038 -0.218434 0.070200 0.122245 -0.443218 0.885260
1784010342.064966917 -1.998228 3.911953 -0.218510 0.069911 0.122231 -0.443027 0.885381
1784010342.069210052 -1.996362 3.909616 -0.218546 0.069697 0.122222 -0.442886 0.885470
1784010342.075037956 -1.993789 3.906410 -0.218569 0.069735 0.122290 -0.442648 0.885576
1784010342.079438925 -1.991867 3.903978 -0.218572 0.069766 0.122342 -0.442472 0.885654
1784010342.085048914 -1.989424 3.900900 -0.218566 0.069730 0.122305 -0.442261 0.885767
1784010342.089236975 -1.987619 3.898607 -0.218564 0.069581 0.122174 -0.442116 0.885870
1784010342.095098972 -1.985083 3.895391 -0.218562 0.069681 0.122186 -0.441866 0.885985
1784010342.099268913 -1.983296 3.893069 -0.218560 0.069756 0.122197 -0.441692 0.886064
1784010342.105153084 -1.980774 3.889798 -0.218566 0.069629 0.122014 -0.441518 0.886186
1784010342.109303951 -1.979020 3.887494 -0.218588 0.069544 0.121887 -0.441398 0.886270
1784010342.115027905 -1.976592 3.884326 -0.218636 0.069277 0.121631 -0.441249 0.886401
1784010342.119139910 -1.974851 3.882020 -0.218674 0.069203 0.121604 -0.441128 0.886470
1784010342.124979973 -1.972367 3.878732 -0.218727 0.069302 0.121720 -0.440933 0.886544
1784010342.125022173 -1.972348 3.878709 -0.218727 0.069302 0.121720 -0.440931 0.886545
1784010342.125022173 -1.972348 3.878709 -0.218727 0.069302 0.121720 -0.440931 0.886545
1784010342.129429102 -1.970396 3.876309 -0.218750 0.069335 0.121660 -0.440825 0.886603
1784010342.134995937 -1.967936 3.873298 -0.218783 0.069194 0.121458 -0.440721 0.886693
1784010342.139183044 -1.966096 3.871022 -0.218806 0.069127 0.121403 -0.440629 0.886752
1784010342.145005941 -1.963521 3.867846 -0.218825 0.069249 0.121424 -0.440459 0.886824
1784010342.149475098 -1.961559 3.865390 -0.218837 0.069375 0.121392 -0.440325 0.886885
1784010342.154798985 -1.959225 3.862480 -0.218850 0.069448 0.121272 -0.440170 0.886973
1784010342.159233093 -1.957295 3.860059 -0.218866 0.069392 0.121183 -0.440056 0.887046
1784010342.165041924 -1.954755 3.856890 -0.218884 0.069276 0.121055 -0.439900 0.887150
1784010342.169332981 -1.952885 3.854522 -0.218894 0.069282 0.121017 -0.439766 0.887221
1784010342.175054073 -1.950387 3.851369 -0.218893 0.069308 0.121047 -0.439593 0.887300
1784010342.179311037 -1.948550 3.849026 -0.218890 0.069177 0.120985 -0.439500 0.887365
1784010342.185050011 -1.946069 3.845888 -0.218882 0.068832 0.120744 -0.439405 0.887472
1784010342.189313889 -1.944231 3.843535 -0.218870 0.068692 0.120719 -0.439318 0.887529
1784010342.195050955 -1.941741 3.840356 -0.218837 0.068772 0.120929 -0.439157 0.887574
1784010342.199310064 -1.939911 3.837989 -0.218819 0.068836 0.120966 -0.439041 0.887621
1784010342.204787970 -1.937553 3.834973 -0.218816 0.068659 0.120845 -0.438937 0.887703
1784010342.209304094 -1.935612 3.832479 -0.218827 0.068485 0.120903 -0.438845 0.887754
1784010342.214961052 -1.933167 3.829343 -0.218851 0.068468 0.121145 -0.438694 0.887797
1784010342.219105005 -1.931388 3.827028 -0.218881 0.068470 0.121240 -0.438598 0.887832
1784010342.224874973 -1.928903 3.823824 -0.218935 0.068347 0.121274 -0.438488 0.887890
1784010342.224874973 -1.928903 3.823824 -0.218935 0.068347 0.121274 -0.438488 0.887890
1784010342.225025892 -1.928836 3.823744 -0.218936 0.068344 0.121275 -0.438485 0.887892
1784010342.229676962 -1.926755 3.821272 -0.218964 0.068183 0.121380 -0.438384 0.887940
1784010342.235040903 -1.924356 3.818425 -0.219006 0.067997 0.121431 -0.438260 0.888009
1784010342.239130974 -1.922533 3.816232 -0.219043 0.067951 0.121467 -0.438154 0.888059
1784010342.244779110 -1.920007 3.813195 -0.219082 0.068064 0.121687 -0.437980 0.888107
1784010342.249466896 -1.917930 3.810668 -0.219114 0.068143 0.121797 -0.437838 0.888155
1784010342.254905939 -1.915531 3.807763 -0.219164 0.067973 0.121647 -0.437703 0.888255
1784010342.259202957 -1.913645 3.805458 -0.219208 0.067849 0.121512 -0.437585 0.888341
1784010342.264919996 -1.911118 3.802365 -0.219249 0.067949 0.121606 -0.437368 0.888428
1784010342.269134045 -1.909263 3.800055 -0.219276 0.068090 0.121706 -0.437206 0.888483
1784010342.275002003 -1.906693 3.796865 -0.219316 0.068166 0.121519 -0.437005 0.888602
1784010342.279165030 -1.904892 3.794601 -0.219355 0.068096 0.121305 -0.436871 0.888702
1784010342.284971952 -1.902365 3.791447 -0.219414 0.067948 0.121151 -0.436687 0.888825
1784010342.289307117 -1.900483 3.789060 -0.219459 0.067964 0.121073 -0.436538 0.888908
1784010342.295085907 -1.897967 3.785873 -0.219515 0.068070 0.121047 -0.436335 0.889003
1784010342.299204111 -1.896190 3.783592 -0.219558 0.068089 0.121065 -0.436205 0.889062
1784010342.305035114 -1.893674 3.780391 -0.219620 0.068051 0.120949 -0.436011 0.889176
1784010342.309135914 -1.891912 3.778127 -0.219667 0.067981 0.120927 -0.435874 0.889252
1784010342.314876080 -1.889423 3.774939 -0.219706 0.068021 0.121163 -0.435663 0.889320
1784010342.319329977 -1.887498 3.772437 -0.219719 0.068183 0.121393 -0.435483 0.889364
1784010342.324766159 -1.885159 3.769411 -0.219727 0.068196 0.121485 -0.435300 0.889441
1784010342.324766159 -1.885159 3.769411 -0.219727 0.068196 0.121485 -0.435300 0.889441
1784010342.325103045 -1.885010 3.769231 -0.219726 0.068197 0.121492 -0.435288 0.889446
1784010342.329097986 -1.883243 3.767114 -0.219720 0.068035 0.121410 -0.435171 0.889526
1784010342.335062981 -1.880584 3.763955 -0.219707 0.067813 0.121394 -0.434990 0.889634
1784010342.339539051 -1.878585 3.761547 -0.219698 0.067845 0.121564 -0.434826 0.889688
1784010342.344854116 -1.876216 3.758685 -0.219691 0.067971 0.121734 -0.434633 0.889750
1784010342.349261999 -1.874271 3.756323 -0.219701 0.067944 0.121692 -0.434502 0.889822
1784010342.355040073 -1.871717 3.753252 -0.219733 0.067679 0.121569 -0.434344 0.889936
1784010342.359385967 -1.869794 3.750918 -0.219763 0.067549 0.121631 -0.434207 0.890004
1784010342.365051031 -1.867277 3.747855 -0.219786 0.067700 0.121851 -0.433981 0.890073
1784010342.369262934 -1.865421 3.745564 -0.219801 0.067820 0.121915 -0.433820 0.890133
1784010342.375227928 -1.862800 3.742359 -0.219816 0.067728 0.121755 -0.433623 0.890258
1784010342.379312992 -1.861017 3.740156 -0.219826 0.067590 0.121622 -0.433493 0.890350
1784010342.385181904 -1.858440 3.736975 -0.219818 0.067579 0.121663 -0.433266 0.890456
1784010342.389236927 -1.856670 3.734748 -0.219806 0.067707 0.121750 -0.433110 0.890510
1784010342.395067930 -1.854132 3.731579 -0.219791 0.067689 0.121726 -0.432929 0.890603
1784010342.399363041 -1.852278 3.729251 -0.219791 0.067456 0.121612 -0.432825 0.890687
1784010342.405073881 -1.849798 3.726156 -0.219790 0.067201 0.121554 -0.432652 0.890798
1784010342.409358978 -1.847936 3.723803 -0.219789 0.067202 0.121688 -0.432493 0.890857
1784010342.414841890 -1.845548 3.720796 -0.219789 0.067337 0.121865 -0.432258 0.890936
1784010342.419294119 -1.843620 3.718363 -0.219800 0.067329 0.121904 -0.432069 0.891023
1784010342.424968004 -1.841154 3.715295 -0.219825 0.067079 0.121917 -0.431835 0.891154
1784010342.424968004 -1.841154 3.715295 -0.219825 0.067079 0.121917 -0.431835 0.891154
1784010342.425072908 -1.841106 3.715241 -0.219825 0.067074 0.121918 -0.431831 0.891156
1784010342.429311037 -1.839195 3.713035 -0.219832 0.066842 0.121974 -0.431662 0.891248
1784010342.435036898 -1.836595 3.710047 -0.219839 0.066695 0.122143 -0.431404 0.891361
1784010342.439454079 -1.834596 3.707727 -0.219849 0.066643 0.122283 -0.431201 0.891443
1784010342.445065975 -1.832058 3.704809 -0.219882 0.066426 0.122353 -0.430953 0.891570
1784010342.449400902 -1.830106 3.702558 -0.219927 0.066174 0.122384 -0.430763 0.891676
1784010342.455028057 -1.827558 3.699627 -0.219986 0.066020 0.122564 -0.430466 0.891806
1784010342.459141016 -1.825700 3.697453 -0.220027 0.066095 0.122814 -0.430225 0.891883
1784010342.465207100 -1.822963 3.694259 -0.220074 0.066271 0.123141 -0.429874 0.891994
1784010342.469299078 -1.821142 3.692108 -0.220102 0.066285 0.123199 -0.429645 0.892095
1784010342.475146055 -1.818535 3.689060 -0.220127 0.066075 0.123181 -0.429325 0.892267
1784010342.479156971 -1.816753 3.686945 -0.220126 0.066034 0.123216 -0.429084 0.892381
1784010342.485028028 -1.814135 3.683836 -0.220089 0.066200 0.123401 -0.428706 0.892525
1784010342.489228964 -1.812281 3.681597 -0.220057 0.066320 0.123486 -0.428444 0.892630
1784010342.495007038 -1.809742 3.678554 -0.220029 0.066245 0.123347 -0.428113 0.892814
1784010342.499291897 -1.807868 3.676296 -0.220030 0.065990 0.123252 -0.427902 0.892947
1784010342.505049944 -1.805330 3.673244 -0.220046 0.065711 0.123340 -0.427622 0.893089
1784010342.509521008 -1.803365 3.670836 -0.220070 0.065740 0.123500 -0.427391 0.893176
1784010342.515033960 -1.800946 3.667878 -0.220121 0.065811 0.123674 -0.427106 0.893283
1784010342.519227982 -1.799120 3.665636 -0.220180 0.065747 0.123674 -0.426904 0.893384
1784010342.525004148 -1.796591 3.662563 -0.220268 0.065607 0.123655 -0.426617 0.893534
1784010342.525004148 -1.796591 3.662563 -0.220268 0.065607 0.123655 -0.426617 0.893534
1784010342.525046110 -1.796570 3.662543 -0.220268 0.065605 0.123655 -0.426615 0.893535
1784010342.529830933 -1.794383 3.660093 -0.220324 0.065601 0.123831 -0.426352 0.893637
1784010342.535039902 -1.791989 3.657420 -0.220367 0.065712 0.124144 -0.426031 0.893738
1784010342.539232969 -1.790070 3.655278 -0.220393 0.065701 0.124220 -0.425776 0.893850
1784010342.545140982 -1.787356 3.652318 -0.220426 0.065366 0.124084 -0.425419 0.894063
1784010342.549236059 -1.785469 3.650267 -0.220445 0.065035 0.124055 -0.425164 0.894213
1784010342.554991961 -1.782784 3.647378 -0.220453 0.064796 0.124267 -0.424747 0.894399
1784010342.559324980 -1.780763 3.645179 -0.220447 0.064802 0.124454 -0.424397 0.894538
1784010342.564871073 -1.778182 3.642398 -0.220443 0.064744 0.124502 -0.423942 0.894752
1784010342.569080114 -1.776237 3.640300 -0.220447 0.064555 0.124367 -0.423601 0.894946
1784010342.575047016 -1.773459 3.637333 -0.220453 0.064246 0.124229 -0.423112 0.895218
1784010342.579288960 -1.771484 3.635186 -0.220449 0.064231 0.124305 -0.422742 0.895383
1784010342.585011005 -1.768822 3.632288 -0.220434 0.064402 0.124459 -0.422226 0.895594
1784010342.589278936 -1.766861 3.630127 -0.220427 0.064390 0.124392 -0.421876 0.895768
1784010342.594995022 -1.764232 3.627263 -0.220430 0.064037 0.124166 -0.421458 0.896022
1784010342.599410057 -1.762202 3.625026 -0.220434 0.063823 0.124112 -0.421123 0.896202
1784010342.605154037 -1.759548 3.622089 -0.220433 0.063856 0.124286 -0.420669 0.896389
1784010342.609282970 -1.757656 3.619956 -0.220434 0.063960 0.124384 -0.420349 0.896518
1784010342.615062952 -1.755013 3.617006 -0.220446 0.063959 0.124348 -0.419926 0.896721
1784010342.619344950 -1.753065 3.614819 -0.220463 0.063846 0.124272 -0.419612 0.896887
1784010342.625024080 -1.750462 3.611909 -0.220485 0.063788 0.124313 -0.419162 0.897096
1784010342.625029087 -1.750459 3.611908 -0.220485 0.063788 0.124314 -0.419161 0.897096
1784010342.625029087 -1.750459 3.611908 -0.220485 0.063788 0.124314 -0.419161 0.897096
1784010342.629092932 -1.748532 3.609912 -0.220513 0.063932 0.124409 -0.418818 0.897233
1784010342.635034084 -1.745718 3.607023 -0.220557 0.064130 0.124437 -0.418317 0.897448
1784010342.639415026 -1.743662 3.604904 -0.220594 0.064014 0.124306 -0.417979 0.897632
1784010342.644996881 -1.741031 3.602223 -0.220640 0.063659 0.124078 -0.417551 0.897888
1784010342.649523020 -1.738894 3.600023 -0.220661 0.063537 0.124052 -0.417176 0.898075
1784010342.655047894 -1.736277 3.597331 -0.220670 0.063524 0.124239 -0.416722 0.898261
1784010342.659132957 -1.734360 3.595335 -0.220668 0.063517 0.124281 -0.416403 0.898403
1784010342.664994955 -1.731612 3.592513 -0.220664 0.063286 0.124102 -0.415971 0.898645
1784010342.669209957 -1.729641 3.590470 -0.220652 0.063053 0.124035 -0.415673 0.898808
1784010342.675000906 -1.726915 3.587646 -0.220626 0.063080 0.124174 -0.415208 0.899002
1784010342.679227114 -1.724934 3.585560 -0.220610 0.063194 0.124361 -0.414867 0.899125
1784010342.685007095 -1.722230 3.582741 -0.220619 0.063192 0.124506 -0.414430 0.899307
1784010342.689093113 -1.720338 3.580746 -0.220640 0.063089 0.124527 -0.414139 0.899445
1784010342.694989920 -1.717593 3.577876 -0.220686 0.062925 0.124595 -0.413720 0.899640
1784010342.699506044 -1.715493 3.575643 -0.220730 0.062835 0.124730 -0.413426 0.899763
1784010342.704895973 -1.712991 3.572963 -0.220792 0.062812 0.124939 -0.413115 0.899878
1784010342.709002018 -1.711108 3.570910 -0.220846 0.062817 0.125025 -0.412895 0.899967
1784010342.715023041 -1.708358 3.567930 -0.220947 0.062613 0.124926 -0.412618 0.900122
1784010342.719211102 -1.706459 3.565832 -0.221022 0.062445 0.124843 -0.412443 0.900225
1784010342.724964142 -1.703838 3.562925 -0.221118 0.062501 0.124989 -0.412172 0.900326
1784010342.724964142 -1.703838 3.562925 -0.221118 0.062501 0.124989 -0.412172 0.900326
1784010342.725008011 -1.703816 3.562905 -0.221119 0.062501 0.124989 -0.412170 0.900326
1784010342.729084015 -1.701910 3.560916 -0.221184 0.062654 0.125195 -0.411985 0.900372
1784010342.735014915 -1.699155 3.558051 -0.221291 0.062737 0.125218 -0.411761 0.900465
1784010342.739531994 -1.697081 3.555866 -0.221380 0.062648 0.125087 -0.411608 0.900559
1784010342.744946957 -1.694590 3.553232 -0.221477 0.062589 0.125023 -0.411409 0.900663
1784010342.749039888 -1.692710 3.551208 -0.221544 0.062688 0.125069 -0.411236 0.900729
1784010342.755007982 -1.689976 3.548267 -0.221639 0.062933 0.125104 -0.410984 0.900822
1784010342.759068012 -1.688139 3.546264 -0.221711 0.063007 0.125013 -0.410819 0.900905
1784010342.765059948 -1.685421 3.543339 -0.221821 0.062852 0.124857 -0.410601 0.901037
1784010342.769433975 -1.683443 3.541185 -0.221897 0.062707 0.124736 -0.410450 0.901132
1784010342.774859905 -1.680976 3.538490 -0.221980 0.062667 0.124600 -0.410253 0.901244
1784010342.779320002 -1.678945 3.536246 -0.222043 0.062740 0.124617 -0.410088 0.901312
1784010342.785170078 -1.676289 3.533333 -0.222122 0.062885 0.124668 -0.409856 0.901400
1784010342.789223909 -1.674468 3.531321 -0.222185 0.062847 0.124565 -0.409705 0.901485
1784010342.795052052 -1.671829 3.528439 -0.222262 0.062620 0.124492 -0.409518 0.901596
1784010342.799380064 -1.669864 3.526255 -0.222296 0.062734 0.124647 -0.409334 0.901650
1784010342.804979086 -1.667313 3.523418 -0.222323 0.063119 0.124983 -0.409065 0.901699
1784010342.809351921 -1.665340 3.521215 -0.222351 0.063139 0.125062 -0.408917 0.901754
1784010342.814966917 -1.662819 3.518427 -0.222406 0.062849 0.124825 -0.408768 0.901874
1784010342.819243908 -1.660900 3.516286 -0.222452 0.062639 0.124769 -0.408652 0.901949
1784010342.825014114 -1.658289 3.513366 -0.222511 0.062721 0.125022 -0.408451 0.902000
1784010342.825073004 -1.658262 3.513337 -0.222511 0.062724 0.125023 -0.408449 0.902000
1784010342.825073004 -1.658262 3.513337 -0.222511 0.062724 0.125023 -0.408449 0.902000
1784010342.829288960 -1.656301 3.511278 -0.222549 0.062926 0.125156 -0.408283 0.902043
1784010342.835032940 -1.653643 3.508519 -0.222626 0.062864 0.125078 -0.408124 0.902130
1784010342.839507103 -1.651589 3.506379 -0.222703 0.062644 0.124851 -0.408017 0.902225
1784010342.845033884 -1.649040 3.503717 -0.222788 0.062564 0.124671 -0.407840 0.902336
1784010342.849487066 -1.646982 3.501534 -0.222848 0.062725 0.124775 -0.407666 0.902389
1784010342.854794979 -1.644535 3.498939 -0.222917 0.062916 0.124872 -0.407464 0.902453
1784010342.859134912 -1.642557 3.496832 -0.222975 0.062870 0.124718 -0.407332 0.902537
1784010342.865047932 -1.639855 3.493978 -0.223043 0.062575 0.124455 -0.407177 0.902664
1784010342.869234085 -1.637943 3.491929 -0.223076 0.062504 0.124458 -0.407044 0.902728
1784010342.874984980 -1.635318 3.489115 -0.223103 0.062619 0.124587 -0.406837 0.902796
1784010342.879314899 -1.633363 3.486999 -0.223125 0.062597 0.124516 -0.406701 0.902869
1784010342.885024071 -1.630789 3.484236 -0.223143 0.062385 0.124332 -0.406543 0.902980
1784010342.889199018 -1.628912 3.482201 -0.223145 0.062296 0.124280 -0.406406 0.903055
1784010342.894906998 -1.626328 3.479410 -0.223140 0.062236 0.124249 -0.406222 0.903146
1784010342.899164915 -1.624402 3.477303 -0.223144 0.062215 0.124207 -0.406084 0.903215
1784010342.905059099 -1.621739 3.474411 -0.223164 0.062197 0.124161 -0.405883 0.903313
1784010342.909826994 -1.619601 3.472083 -0.223206 0.061986 0.124061 -0.405756 0.903398
1784010342.915075064 -1.617243 3.469523 -0.223277 0.061622 0.123836 -0.405631 0.903510
1784010342.919259071 -1.615356 3.467452 -0.223342 0.061545 0.123856 -0.405492 0.903575
1784010342.924726963 -1.612881 3.464735 -0.223436 0.061649 0.124184 -0.405284 0.903616
1784010342.924728155 -1.612879 3.464736 -0.223436 0.061649 0.124184 -0.405284 0.903616
1784010342.924728155 -1.612879 3.464736 -0.223436 0.061649 0.124184 -0.405284 0.903616
1784010342.929263115 -1.610777 3.462596 -0.223513 0.061635 0.124217 -0.405149 0.903673
1784010342.934995890 -1.608125 3.459925 -0.223632 0.061327 0.123965 -0.405013 0.903790
1784010342.939538002 -1.606017 3.457786 -0.223728 0.061148 0.124044 -0.404883 0.903850
1784010342.945027113 -1.603450 3.455171 -0.223827 0.061255 0.124473 -0.404678 0.903875
1784010342.949206114 -1.601511 3.453160 -0.223901 0.061408 0.124677 -0.404513 0.903911
1784010342.954946041 -1.598861 3.450429 -0.223998 0.061494 0.124682 -0.404303 0.903998
1784010342.959309101 -1.596862 3.448354 -0.224065 0.061445 0.124687 -0.404136 0.904075
1784010342.964797020 -1.594339 3.445738 -0.224129 0.061348 0.124723 -0.403929 0.904169
1784010342.969362974 -1.592248 3.443530 -0.224167 0.061445 0.124727 -0.403744 0.904245
1784010342.974833012 -1.589753 3.440881 -0.224198 0.061685 0.124764 -0.403511 0.904327
1784010342.979351997 -1.587711 3.438699 -0.224227 0.061704 0.124717 -0.403349 0.904405
1784010342.984843016 -1.585236 3.436071 -0.224272 0.061450 0.124461 -0.403192 0.904527
1784010342.989278078 -1.583242 3.433926 -0.224312 0.061274 0.124315 -0.403072 0.904613
1784010342.995148897 -1.580588 3.431054 -0.224359 0.061402 0.124406 -0.402884 0.904675
1784010342.998971939 -1.578872 3.429157 -0.224403 0.061582 0.124506 -0.402759 0.904705
1784010343.004967928 -1.576183 3.426224 -0.224503 0.061643 0.124438 -0.402611 0.904776
1784010343.009357929 -1.574227 3.424080 -0.224601 0.061528 0.124321 -0.402518 0.904841
1784010343.015043020 -1.571675 3.421292 -0.224725 0.061454 0.124330 -0.402381 0.904906
1784010343.019562006 -1.569643 3.419044 -0.224818 0.061538 0.124463 -0.402254 0.904939
1784010343.024913073 -1.567241 3.416390 -0.224922 0.061663 0.124555 -0.402109 0.904982
1784010343.024913073 -1.567241 3.416390 -0.224922 0.061663 0.124555 -0.402109 0.904982
1784010343.024969101 -1.567215 3.416364 -0.224922 0.061664 0.124556 -0.402107 0.904982
1784010343.029299021 -1.565212 3.414325 -0.224980 0.061570 0.124544 -0.401999 0.905038
1784010343.035012007 -1.562560 3.411660 -0.225041 0.061212 0.124449 -0.401875 0.905131
1784010343.039416075 -1.560513 3.409583 -0.225074 0.061027 0.124420 -0.401762 0.905198
1784010343.045012951 -1.557895 3.406923 -0.225097 0.061055 0.124541 -0.401577 0.905261
1784010343.049403906 -1.555851 3.404826 -0.225118 0.061110 0.124649 -0.401421 0.905312
1784010343.054999113 -1.553251 3.402184 -0.225168 0.060933 0.124602 -0.401258 0.905402
1784010343.059259892 -1.551279 3.400167 -0.225220 0.060713 0.124521 -0.401144 0.905479
1784010343.064982891 -1.548612 3.397435 -0.225281 0.060637 0.124588 -0.400952 0.905560
1784010343.069202900 -1.546655 3.395391 -0.225323 0.060745 0.124670 -0.400801 0.905608
1784010343.075058937 -1.543950 3.392579 -0.225384 0.060817 0.124584 -0.400621 0.905695
1784010343.079301119 -1.542010 3.390547 -0.225432 0.060723 0.124438 -0.400499 0.905775
1784010343.084989071 -1.539393 3.387823 -0.225480 0.060567 0.124360 -0.400334 0.905869
1784010343.089189053 -1.537463 3.385779 -0.225503 0.060594 0.124386 -0.400197 0.905924
1784010343.094996929 -1.534794 3.382945 -0.225524 0.060757 0.124391 -0.400009 0.905996
1784010343.099080086 -1.532938 3.380947 -0.225548 0.060817 0.124332 -0.399888 0.906053
1784010343.105016947 -1.530236 3.378067 -0.225598 0.060735 0.124178 -0.399732 0.906149
1784010343.108959913 -1.528448 3.376136 -0.225645 0.060707 0.124120 -0.399615 0.906210
1784010343.114650965 -1.525850 3.373331 -0.225712 0.060894 0.124209 -0.399408 0.906277
1784010343.118937969 -1.523905 3.371197 -0.225770 0.061100 0.124307 -0.399254 0.906317
1784010343.124633074 -1.521333 3.368394 -0.225857 0.061182 0.124222 -0.399087 0.906397
1784010343.124633074 -1.521333 3.368394 -0.225857 0.061182 0.124222 -0.399087 0.906397
1784010343.125056982 -1.521136 3.368192 -0.225864 0.061188 0.124215 -0.399074 0.906403
1784010343.129647970 -1.518986 3.366027 -0.225928 0.061028 0.124054 -0.398969 0.906482
1784010343.134985924 -1.516474 3.363502 -0.225980 0.060810 0.124020 -0.398853 0.906552
1784010343.139328003 -1.514435 3.361426 -0.225998 0.060763 0.124082 -0.398757 0.906589
1784010343.144751072 -1.511895 3.358839 -0.225996 0.060734 0.124053 -0.398654 0.906640
1784010343.149118900 -1.509866 3.356765 -0.225986 0.060633 0.123936 -0.398576 0.906698
1784010343.154995918 -1.507121 3.353990 -0.225965 0.060405 0.123845 -0.398469 0.906773
1784010343.159415960 -1.505058 3.351881 -0.225943 0.060361 0.123865 -0.398365 0.906818
1784010343.164871931 -1.502506 3.349265 -0.225912 0.060524 0.123985 -0.398204 0.906862
1784010343.169143915 -1.500521 3.347200 -0.225891 0.060655 0.124079 -0.398079 0.906895
1784010343.175014973 -1.497788 3.344380 -0.225877 0.060653 0.124155 -0.397933 0.906949
1784010343.179160118 -1.495875 3.342395 -0.225889 0.060658 0.124210 -0.397831 0.906986
1784010343.184987068 -1.493175 3.339609 -0.225912 0.060608 0.124257 -0.397685 0.907046
1784010343.189323902 -1.491176 3.337508 -0.225927 0.060693 0.124296 -0.397573 0.907085
1784010343.195166111 -1.488487 3.334690 -0.225952 0.060826 0.124297 -0.397437 0.907135
1784010343.199184895 -1.486663 3.332755 -0.225980 0.060923 0.124298 -0.397344 0.907169
1784010343.204958916 -1.484034 3.329983 -0.226024 0.060729 0.124156 -0.397256 0.907240
1784010343.209016085 -1.482194 3.328017 -0.226059 0.060598 0.124056 -0.397194 0.907290
1784010343.215012074 -1.479460 3.325109 -0.226114 0.060764 0.124126 -0.397048 0.907333
1784010343.218930960 -1.477689 3.323190 -0.226157 0.060879 0.124173 -0.396952 0.907361
1784010343.224663973 -1.475088 3.320392 -0.226233 0.060892 0.124080 -0.396822 0.907430
1784010343.224711180 -1.475066 3.320370 -0.226234 0.060892 0.124079 -0.396821 0.907430
1784010343.224711180 -1.475066 3.320370 -0.226234 0.060892 0.124079 -0.396821 0.907430
1784010343.229026079 -1.473030 3.318336 -0.226292 0.060906 0.124005 -0.396720 0.907484
1784010343.234944105 -1.470226 3.315539 -0.226371 0.060994 0.124083 -0.396542 0.907545
1784010343.239576101 -1.468044 3.313323 -0.226425 0.061152 0.124074 -0.396400 0.907597
1784010343.245006084 -1.465496 3.310737 -0.226490 0.061240 0.123965 -0.396260 0.907668
1784010343.249130011 -1.463578 3.308780 -0.226546 0.061311 0.123884 -0.396154 0.907720
1784010343.255105972 -1.460785 3.305955 -0.226623 0.061101 0.123749 -0.396032 0.907806
1784010343.259155989 -1.458896 3.304018 -0.226667 0.060964 0.123659 -0.395950 0.907863
1784010343.265099049 -1.456110 3.301180 -0.226718 0.061087 0.123672 -0.395797 0.907920
1784010343.269052982 -1.454274 3.299281 -0.226748 0.061174 0.123681 -0.395696 0.907957
1784010343.274988890 -1.451505 3.296448 -0.226792 0.061058 0.123511 -0.395553 0.908050
1784010343.279242039 -1.449528 3.294417 -0.226833 0.060980 0.123390 -0.395451 0.908116
1784010343.285027027 -1.446825 3.291648 -0.226878 0.061101 0.123535 -0.395251 0.908175
1784010343.289208889 -1.444877 3.289615 -0.226897 0.061193 0.123641 -0.395107 0.908218
1784010343.294975996 -1.442189 3.286821 -0.226917 0.061225 0.123668 -0.394938 0.908285
1784010343.299174070 -1.440256 3.284797 -0.226940 0.061252 0.123689 -0.394815 0.908334
1784010343.304934978 -1.437593 3.282023 -0.226973 0.061113 0.123698 -0.394679 0.908401
1784010343.309365988 -1.435545 3.279858 -0.226996 0.061011 0.123706 -0.394574 0.908452
1784010343.315047979 -1.432913 3.277079 -0.227031 0.061161 0.123858 -0.394437 0.908481
1784010343.319526911 -1.430860 3.274884 -0.227073 0.061283 0.123979 -0.394328 0.908504
1784010343.324798107 -1.428449 3.272300 -0.227133 0.061115 0.123822 -0.394317 0.908541
1784010343.325003147 -1.428356 3.272200 -0.227136 0.061109 0.123816 -0.394316 0.908543
1784010343.325003147 -1.428356 3.272200 -0.227136 0.061109 0.123816 -0.394316 0.908543
1784010343.329001904 -1.426467 3.270303 -0.227176 0.061009 0.123697 -0.394306 0.908570
1784010343.334978104 -1.423642 3.267460 -0.227236 0.061177 0.123802 -0.394257 0.908566
1784010343.339358091 -1.421588 3.265343 -0.227277 0.061298 0.123880 -0.394221 0.908563
1784010343.344970942 -1.418964 3.262627 -0.227330 0.061321 0.123776 -0.394231 0.908571
1784010343.349201918 -1.417005 3.260575 -0.227375 0.061338 0.123699 -0.394239 0.908577
1784010343.355243921 -1.414206 3.257650 -0.227432 0.061338 0.123768 -0.394267 0.908555
1784010343.359081030 -1.412440 3.255765 -0.227460 0.061337 0.123814 -0.394285 0.908541
1784010343.364972115 -1.409732 3.252878 -0.227485 0.061460 0.123827 -0.394304 0.908523
1784010343.369239092 -1.407797 3.250778 -0.227494 0.061548 0.123839 -0.394318 0.908509
1784010343.374983072 -1.405206 3.247969 -0.227497 0.061486 0.123727 -0.394393 0.908496
1784010343.379245996 -1.403301 3.245875 -0.227494 0.061438 0.123646 -0.394448 0.908486
1784010343.384881973 -1.400777 3.243097 -0.227475 0.061466 0.123566 -0.394513 0.908467
1784010343.389090061 -1.398901 3.240997 -0.227454 0.061512 0.123576 -0.394563 0.908441
1784010343.394949913 -1.396296 3.238085 -0.227434 0.061559 0.123520 -0.394661 0.908403
1784010343.399331093 -1.394374 3.235909 -0.227441 0.061462 0.123377 -0.394779 0.908378
1784010343.404879093 -1.391942 3.233159 -0.227473 0.061290 0.123264 -0.394943 0.908333
1784010343.409080029 -1.390108 3.231058 -0.227507 0.061262 0.123295 -0.395055 0.908282
1784010343.414990902 -1.387511 3.228088 -0.227564 0.061228 0.123294 -0.395220 0.908213
1784010343.419442892 -1.385557 3.225822 -0.227620 0.061220 0.123338 -0.395343 0.908154
1784010343.424641132 -1.383284 3.223180 -0.227700 0.061271 0.123517 -0.395492 0.908061
1784010343.424641132 -1.383284 3.223180 -0.227700 0.061271 0.123517 -0.395492 0.908061
1784010343.424838066 -1.383196 3.223085 -0.227703 0.061272 0.123524 -0.395497 0.908058
1784010343.428976059 -1.381349 3.221079 -0.227779 0.061231 0.123555 -0.395631 0.907998
1784010343.434971094 -1.378667 3.218184 -0.227895 0.061106 0.123510 -0.395835 0.907924
1784010343.439389944 -1.376685 3.216017 -0.227969 0.061183 0.123696 -0.395935 0.907850
1784010343.444910049 -1.374195 3.213290 -0.228052 0.061398 0.124160 -0.396023 0.907734
1784010343.449270010 -1.372250 3.211131 -0.228122 0.061471 0.124380 -0.396129 0.907652
1784010343.454951048 -1.369745 3.208346 -0.228218 0.061433 0.124264 -0.396293 0.907599
1784010343.459369898 -1.367809 3.206165 -0.228284 0.061350 0.124199 -0.396419 0.907559
1784010343.464723110 -1.365453 3.203500 -0.228340 0.061379 0.124338 -0.396553 0.907479
1784010343.469244957 -1.363472 3.201224 -0.228377 0.061527 0.124409 -0.396646 0.907419
1784010343.474961996 -1.360990 3.198369 -0.228422 0.061531 0.124342 -0.396827 0.907348
1784010343.479357004 -1.359109 3.196175 -0.228457 0.061467 0.124167 -0.396977 0.907311
1784010343.484836102 -1.356762 3.193430 -0.228496 0.061382 0.123947 -0.397157 0.907268
1784010343.489218950 -1.354882 3.191200 -0.228525 0.061409 0.123936 -0.397301 0.907205
1784010343.494936943 -1.352427 3.188280 -0.228570 0.061565 0.124084 -0.397488 0.907092
1784010343.499191999 -1.350624 3.186100 -0.228620 0.061615 0.124140 -0.397661 0.907005
1784010343.504956007 -1.348196 3.183163 -0.228711 0.061529 0.123973 -0.397949 0.906908
1784010343.509145975 -1.346438 3.181003 -0.228784 0.061520 0.123907 -0.398144 0.906832
1784010343.514988899 -1.343967 3.177968 -0.228881 0.061674 0.124083 -0.398386 0.906691
1784010343.519237995 -1.342182 3.175739 -0.228954 0.061786 0.124198 -0.398577 0.906584
1784010343.524620056 -1.339944 3.172940 -0.229050 0.061731 0.124129 -0.398871 0.906467
1784010343.524620056 -1.339944 3.172940 -0.229050 0.061731 0.124129 -0.398871 0.906467
1784010343.525011063 -1.339778 3.172744 -0.229055 0.061729 0.124124 -0.398891 0.906460
1784010343.529071093 -1.338049 3.170719 -0.229104 0.061615 0.124008 -0.399115 0.906384
1784010343.534924984 -1.335538 3.167789 -0.229149 0.061512 0.123974 -0.399408 0.906267
1784010343.539582968 -1.333538 3.165425 -0.229174 0.061508 0.124032 -0.399632 0.906161
1784010343.544826031 -1.331294 3.162763 -0.229200 0.061486 0.124048 -0.399900 0.906042
1784010343.549163103 -1.329461 3.160562 -0.229229 0.061419 0.123987 -0.400152 0.905943
1784010343.554954052 -1.327022 3.157629 -0.229271 0.061356 0.123799 -0.400485 0.905826
1784010343.559524059 -1.325104 3.155294 -0.229306 0.061355 0.123734 -0.400732 0.905726
1784010343.565030098 -1.322790 3.152467 -0.229342 0.061402 0.123713 -0.401012 0.905602
1784010343.569272041 -1.321023 3.150275 -0.229366 0.061452 0.123658 -0.401244 0.905503
1784010343.574877977 -1.318707 3.147396 -0.229388 0.061496 0.123492 -0.401558 0.905383
1784010343.579199076 -1.316944 3.145174 -0.229402 0.061499 0.123327 -0.401814 0.905292
1784010343.585127115 -1.314519 3.142123 -0.229405 0.061475 0.123158 -0.402162 0.905162
1784010343.589128017 -1.312888 3.140033 -0.229403 0.061526 0.123122 -0.402395 0.905060
1784010343.594944000 -1.310520 3.136993 -0.229392 0.061678 0.123127 -0.402737 0.904897
1784010343.599199057 -1.308815 3.134763 -0.229400 0.061725 0.123046 -0.403018 0.904780
1784010343.604970932 -1.306523 3.131750 -0.229437 0.061644 0.122742 -0.403446 0.904636
1784010343.609162092 -1.304871 3.129535 -0.229481 0.061670 0.122614 -0.403760 0.904511
1784010343.614949942 -1.302573 3.126444 -0.229549 0.061922 0.122775 -0.404140 0.904302
1784010343.619273901 -1.300873 3.124111 -0.229616 0.062099 0.122891 -0.404452 0.904135
1784010343.624715090 -1.298767 3.121193 -0.229719 0.062112 0.122723 -0.404919 0.903948
1784010343.624715090 -1.298767 3.121193 -0.229719 0.062112 0.122723 -0.404919 0.903948
1784010343.624886036 -1.298699 3.121105 -0.229722 0.062112 0.122718 -0.404933 0.903942
1784010343.629172087 -1.296997 3.118881 -0.229793 0.062110 0.122469 -0.405332 0.903798
1784010343.634955883 -1.294690 3.115862 -0.229862 0.062182 0.122397 -0.405847 0.903571
1784010343.639378071 -1.292926 3.113524 -0.229894 0.062264 0.122493 -0.406242 0.903375
1784010343.644896984 -1.290736 3.110613 -0.229913 0.062301 0.122533 -0.406760 0.903134
1784010343.649382114 -1.288986 3.108253 -0.229913 0.062274 0.122457 -0.407205 0.902945
1784010343.654539108 -1.286987 3.105544 -0.229894 0.062257 0.122292 -0.407722 0.902736
1784010343.659198046 -1.285185 3.103077 -0.229860 0.062328 0.122224 -0.408166 0.902539
1784010343.665015936 -1.282915 3.099979 -0.229811 0.062543 0.122330 -0.408686 0.902275
1784010343.669390917 -1.281217 3.097636 -0.229784 0.062654 0.122511 -0.409087 0.902061
1784010343.675002098 -1.279062 3.094655 -0.229775 0.062676 0.122548 -0.409637 0.901805
1784010343.679097891 -1.277517 3.092476 -0.229789 0.062689 0.122415 -0.410048 0.901635
1784010343.685003996 -1.275269 3.089326 -0.229820 0.062783 0.122380 -0.410611 0.901377
1784010343.689177990 -1.273676 3.087070 -0.229853 0.062928 0.122535 -0.410991 0.901172
1784010343.695117950 -1.271411 3.083869 -0.229921 0.063037 0.122727 -0.411549 0.900884
1784010343.699172974 -1.269898 3.081680 -0.229983 0.063033 0.122709 -0.411971 0.900694
1784010343.705022097 -1.267739 3.078529 -0.230072 0.063100 0.122479 -0.412600 0.900432
1784010343.709336042 -1.266161 3.076179 -0.230137 0.063194 0.122390 -0.413055 0.900229
1784010343.715102911 -1.264030 3.073017 -0.230221 0.063285 0.122513 -0.413650 0.899933
1784010343.718934059 -1.262626 3.070895 -0.230281 0.063363 0.122634 -0.414049 0.899728
1784010343.724853992 -1.260483 3.067638 -0.230378 0.063408 0.122597 -0.414693 0.899433
1784010343.724853992 -1.260483 3.067638 -0.230378 0.063408 0.122597 -0.414693 0.899433
1784010343.724905968 -1.260463 3.067612 -0.230379 0.063408 0.122596 -0.414698 0.899430
1784010343.729264975 -1.258846 3.065283 -0.230445 0.063430 0.122400 -0.415187 0.899230
1784010343.734981060 -1.256730 3.062216 -0.230524 0.063631 0.122238 -0.415787 0.898961
1784010343.739316940 -1.255133 3.059873 -0.230584 0.063818 0.122309 -0.416224 0.898735
1784010343.744976044 -1.253054 3.056829 -0.230673 0.063783 0.122319 -0.416827 0.898457
1784010343.749278069 -1.251500 3.054504 -0.230739 0.063756 0.122176 -0.417310 0.898254
1784010343.754894018 -1.249484 3.051458 -0.230807 0.063987 0.122033 -0.417904 0.897981
1784010343.758984089 -1.248031 3.049223 -0.230854 0.064128 0.122020 -0.418361 0.897760
1784010343.764909029 -1.245927 3.045997 -0.230929 0.064128 0.121861 -0.419035 0.897467
1784010343.769212961 -1.244416 3.043635 -0.230979 0.064166 0.121773 -0.419526 0.897247
1784010343.774955988 -1.242393 3.040461 -0.231023 0.064380 0.121847 -0.420156 0.896927
1784010343.779124022 -1.240932 3.038127 -0.231046 0.064612 0.121917 -0.420609 0.896688
1784010343.785041094 -1.238856 3.034816 -0.231082 0.064870 0.121959 -0.421255 0.896361
1784010343.789196014 -1.237418 3.032483 -0.231117 0.064968 0.121985 -0.421734 0.896124
1784010343.794970989 -1.235432 3.029249 -0.231177 0.065029 0.122001 -0.422439 0.895786
1784010343.799020052 -1.234065 3.026967 -0.231224 0.065152 0.121970 -0.422949 0.895541
1784010343.804888964 -1.232082 3.023664 -0.231293 0.065345 0.122003 -0.423696 0.895168
1784010343.809297085 -1.230604 3.021173 -0.231350 0.065351 0.122065 -0.424286 0.894880
1784010343.814955950 -1.228707 3.017970 -0.231429 0.065306 0.121956 -0.425043 0.894539
1784010343.819067001 -1.227346 3.015621 -0.231489 0.065381 0.121901 -0.425586 0.894283
1784010343.824879169 -1.225433 3.012309 -0.231575 0.065646 0.121868 -0.426322 0.893917
1784010343.824879169 -1.225433 3.012309 -0.231575 0.065646 0.121868 -0.426322 0.893917
1784010343.824951887 -1.225407 3.012270 -0.231576 0.065649 0.121867 -0.426333 0.893912
1784010343.829472065 -1.223861 3.009778 -0.231649 0.065739 0.121754 -0.426991 0.893607
1784010343.834954977 -1.221986 3.006753 -0.231736 0.065787 0.121570 -0.427788 0.893247
1784010343.839591026 -1.220399 3.004166 -0.231793 0.065927 0.121613 -0.428424 0.892926
1784010343.844770908 -1.218629 3.001256 -0.231839 0.066199 0.121732 -0.429120 0.892555
1784010343.849136114 -1.217169 2.998804 -0.231875 0.066407 0.121555 -0.429708 0.892281
1784010343.854974031 -1.215232 2.995550 -0.231933 0.066433 0.121122 -0.430558 0.891928
1784010343.859045029 -1.213893 2.993266 -0.231973 0.066453 0.121009 -0.431151 0.891655
1784010343.864780903 -1.211991 2.990031 -0.232016 0.066666 0.121038 -0.431941 0.891253
1784010343.868916035 -1.210632 2.987677 -0.232044 0.066813 0.121031 -0.432502 0.890971
1784010343.874943972 -1.208663 2.984271 -0.232093 0.066898 0.120822 -0.433360 0.890576
1784010343.879169941 -1.207314 2.981883 -0.232138 0.066896 0.120613 -0.433985 0.890300
1784010343.884942055 -1.205469 2.978620 -0.232208 0.066951 0.120462 -0.434853 0.889893
1784010343.889231920 -1.204099 2.976170 -0.232257 0.067092 0.120508 -0.435465 0.889577
1784010343.894850016 -1.202290 2.972956 -0.232316 0.067234 0.120658 -0.436247 0.889162
1784010343.899230957 -1.200893 2.970446 -0.232365 0.067251 0.120680 -0.436870 0.888852
1784010343.904911041 -1.199102 2.967214 -0.232446 0.067160 0.120500 -0.437711 0.888470
1784010343.909365892 -1.197719 2.964671 -0.232520 0.067136 0.120341 -0.438377 0.888165
1784010343.914911032 -1.195985 2.961496 -0.232607 0.067206 0.120351 -0.439180 0.887761
1784010343.919336081 -1.194596 2.958940 -0.232676 0.067301 0.120484 -0.439776 0.887441
1784010343.924863100 -1.192857 2.955754 -0.232772 0.067325 0.120672 -0.440536 0.887036
1784010343.924863100 -1.192857 2.955754 -0.232772 0.067325 0.120672 -0.440536 0.887036
1784010343.924928904 -1.192834 2.955719 -0.232773 0.067325 0.120674 -0.440545 0.887032
1784010343.929228067 -1.191431 2.953325 -0.232846 0.067303 0.120721 -0.441123 0.886740
1784010343.934957981 -1.189578 2.950149 -0.232949 0.067316 0.120658 -0.441901 0.886360
1784010343.939563036 -1.188102 2.947580 -0.233025 0.067329 0.120650 -0.442526 0.886048
1784010343.944945097 -1.186366 2.944564 -0.233093 0.067396 0.120744 -0.443224 0.885681
1784010343.949146986 -1.185019 2.942194 -0.233133 0.067426 0.120841 -0.443765 0.885395
1784010343.954941034 -1.183178 2.938939 -0.233174 0.067418 0.120743 -0.444534 0.885023
1784010343.959305048 -1.181818 2.936469 -0.233197 0.067425 0.120523 -0.445116 0.884760
1784010343.965084076 -1.180016 2.933179 -0.233213 0.067573 0.120309 -0.445876 0.884395
1784010343.969095945 -1.178777 2.930869 -0.233227 0.067735 0.120292 -0.446404 0.884118
1784010343.974927902 -1.176988 2.927526 -0.233274 0.067862 0.120232 -0.447213 0.883708
1784010343.979233027 -1.175697 2.925052 -0.233338 0.067875 0.120124 -0.447851 0.883398
1784010343.984939098 -1.173998 2.921771 -0.233441 0.067971 0.120061 -0.448701 0.882968
1784010343.989283085 -1.172720 2.919256 -0.233531 0.068109 0.120076 -0.449335 0.882633
1784010343.995094061 -1.171005 2.915893 -0.233661 0.068149 0.119992 -0.450198 0.882202
1784010343.999172926 -1.169807 2.913513 -0.233758 0.068180 0.119975 -0.450799 0.881895
1784010344.005067110 -1.168076 2.910079 -0.233889 0.068397 0.120109 -0.451625 0.881437
1784010344.009042978 -1.166932 2.907758 -0.233978 0.068562 0.120130 -0.452189 0.881132
1784010344.014965057 -1.165230 2.904322 -0.234108 0.068626 0.119932 -0.453057 0.880708
1784010344.019423008 -1.163951 2.901719 -0.234197 0.068628 0.119899 -0.453700 0.880381
1784010344.024906158 -1.162367 2.898501 -0.234291 0.068740 0.120056 -0.454459 0.879959
1784010344.024906158 -1.162367 2.898501 -0.234291 0.068740 0.120056 -0.454459 0.879959
1784010344.025000095 -1.162338 2.898448 -0.234292 0.068742 0.120058 -0.454472 0.879952
1784010344.029531002 -1.160977 2.895870 -0.234352 0.068802 0.120130 -0.455123 0.879601
1784010344.034996986 -1.159356 2.892777 -0.234437 0.068846 0.120021 -0.455930 0.879194
1784010344.039056063 -1.158172 2.890474 -0.234506 0.068933 0.119941 -0.456517 0.878894
1784010344.044979095 -1.156430 2.887112 -0.234594 0.069014 0.119919 -0.457368 0.878448
1784010344.049417973 -1.155129 2.884562 -0.234649 0.069141 0.119887 -0.457986 0.878120
1784010344.054872990 -1.153536 2.881428 -0.234695 0.069364 0.119892 -0.458741 0.877708
1784010344.059178114 -1.152302 2.878962 -0.234728 0.069415 0.119838 -0.459354 0.877391
1784010344.064968109 -1.150661 2.875673 -0.234767 0.069242 0.119494 -0.460234 0.876990
1784010344.069190979 -1.149476 2.873248 -0.234784 0.069180 0.119292 -0.460870 0.876688
1784010344.074989080 -1.147829 2.869888 -0.234780 0.069434 0.119406 -0.461671 0.876231
1784010344.079344988 -1.146603 2.867347 -0.234778 0.069631 0.119513 -0.462261 0.875890
1784010344.084911108 -1.145063 2.864141 -0.234807 0.069505 0.119242 -0.463102 0.875492
1784010344.089195967 -1.143902 2.861671 -0.234849 0.069356 0.118961 -0.463776 0.875186
1784010344.094921112 -1.142339 2.858343 -0.234901 0.069428 0.118888 -0.464637 0.874733
1784010344.099107981 -1.141196 2.855872 -0.234942 0.069598 0.119007 -0.465249 0.874378
1784010344.104976892 -1.139594 2.852430 -0.235014 0.069623 0.119020 -0.466134 0.873903
1784010344.108906984 -1.138545 2.850132 -0.235074 0.069502 0.118900 -0.466743 0.873604
1784010344.114912987 -1.136958 2.846632 -0.235160 0.069386 0.118603 -0.467702 0.873140
1784010344.119283915 -1.135818 2.844050 -0.235212 0.069483 0.118429 -0.468385 0.872790
1784010344.124728203 -1.134387 2.840812 -0.235259 0.069785 0.118414 -0.469188 0.872336
1784010344.124728203 -1.134387 2.840812 -0.235259 0.069785 0.118414 -0.469188 0.872336
1784010344.124950886 -1.134326 2.840684 -0.235259 0.069798 0.118414 -0.469221 0.872318
1784010344.129554987 -1.133060 2.838044 -0.235277 0.069996 0.118482 -0.469880 0.871938
1784010344.134927988 -1.131605 2.834993 -0.235307 0.069948 0.118345 -0.470692 0.871522
1784010344.139200926 -1.130478 2.832560 -0.235333 0.069987 0.118062 -0.471346 0.871204
1784010344.144941092 -1.128963 2.829265 -0.235352 0.070370 0.117870 -0.472171 0.870752
1784010344.149069071 -1.127873 2.826862 -0.235366 0.070699 0.117942 -0.472733 0.870411
1784010344.154993057 -1.126311 2.823438 -0.235407 0.070948 0.117936 -0.473561 0.869941
1784010344.159436941 -1.125167 2.820872 -0.235459 0.071009 0.117779 -0.474203 0.869608
1784010344.164720058 -1.123826 2.817820 -0.235526 0.071201 0.117549 -0.474970 0.869204
1784010344.169244051 -1.122687 2.815182 -0.235582 0.071467 0.117424 -0.475620 0.868844
1784010344.174761057 -1.121286 2.811957 -0.235656 0.071663 0.117424 -0.476441 0.868378
1784010344.179167986 -1.120172 2.809375 -0.235719 0.071690 0.117457 -0.477109 0.868004
1784010344.184942961 -1.118729 2.806021 -0.235795 0.071635 0.117394 -0.478015 0.867518
1784010344.189282894 -1.117666 2.803495 -0.235843 0.071613 0.117250 -0.478711 0.867156
1784010344.195100069 -1.116234 2.800101 -0.235882 0.071690 0.117133 -0.479639 0.866653
1784010344.199152946 -1.115234 2.797712 -0.235901 0.071752 0.117257 -0.480274 0.866279
1784010344.205104113 -1.113763 2.794223 -0.235928 0.071791 0.117410 -0.481209 0.865736
1784010344.208988905 -1.112824 2.791942 -0.235953 0.071772 0.117363 -0.481830 0.865399
1784010344.214936018 -1.111386 2.788464 -0.235999 0.071785 0.117237 -0.482778 0.864886
1784010344.219089985 -1.110388 2.786013 -0.236038 0.071825 0.117267 -0.483425 0.864517
1784010344.224586010 -1.109058 2.782771 -0.236103 0.071811 0.117356 -0.484276 0.864030
1784010344.224586010 -1.109058 2.782771 -0.236103 0.071811 0.117356 -0.484276 0.864030
1784010344.224838018 -1.108994 2.782625 -0.236106 0.071810 0.117359 -0.484314 0.864008
1784010344.229046106 -1.107921 2.780194 -0.236155 0.071755 0.117357 -0.484946 0.863658
1784010344.234956980 -1.106427 2.776790 -0.236229 0.071701 0.117238 -0.485831 0.863182
1784010344.239698887 -1.105257 2.774055 -0.236291 0.071688 0.117049 -0.486543 0.862807
1784010344.244891882 -1.103984 2.771055 -0.236355 0.071657 0.116803 -0.487330 0.862399
1784010344.249363899 -1.102891 2.768453 -0.236407 0.071654 0.116718 -0.488005 0.862029
1784010344.254717112 -1.101591 2.765328 -0.236454 0.071778 0.116673 -0.488776 0.861588
1784010344.259259939 -1.100510 2.762670 -0.236490 0.071906 0.116531 -0.489426 0.861227
1784010344.264930010 -1.099178 2.759357 -0.236533 0.072000 0.116274 -0.490250 0.860785
1784010344.269213915 -1.098188 2.756839 -0.236562 0.072130 0.116184 -0.490862 0.860438
1784010344.274864912 -1.096878 2.753501 -0.236595 0.072342 0.116204 -0.491646 0.859969
1784010344.279129982 -1.095905 2.750965 -0.236622 0.072497 0.116176 -0.492237 0.859622
1784010344.284905910 -1.094602 2.747532 -0.236668 0.072718 0.115978 -0.493046 0.859166
1784010344.289181948 -1.093663 2.744984 -0.236714 0.072883 0.115815 -0.493659 0.858822
1784010344.294979095 -1.092394 2.741528 -0.236799 0.073065 0.115593 -0.494505 0.858350
1784010344.299134016 -1.091498 2.739033 -0.236876 0.073166 0.115482 -0.495124 0.857999
1784010344.304900885 -1.090256 2.735553 -0.236989 0.073349 0.115405 -0.495986 0.857496
1784010344.309184074 -1.089357 2.732952 -0.237075 0.073565 0.115335 -0.496628 0.857115
1784010344.314939022 -1.088167 2.729468 -0.237199 0.073790 0.115121 -0.497514 0.856611
1784010344.319310904 -1.087284 2.726818 -0.237296 0.073908 0.114948 -0.498208 0.856220
1784010344.324611187 -1.086212 2.723592 -0.237399 0.074055 0.114913 -0.499052 0.855721
1784010344.324611187 -1.086212 2.723592 -0.237399 0.074055 0.114913 -0.499052 0.855721
1784010344.324754000 -1.086180 2.723505 -0.237400 0.074059 0.114911 -0.499075 0.855707
1784010344.328907013 -1.085264 2.720965 -0.237442 0.074258 0.114964 -0.499734 0.855298
1784010344.334875107 -1.083950 2.717305 -0.237474 0.074615 0.114896 -0.500667 0.854731
1784010344.339421034 -1.082973 2.714522 -0.237497 0.074734 0.114750 -0.501404 0.854308
1784010344.344989061 -1.081782 2.711118 -0.237529 0.074750 0.114535 -0.502332 0.853790
1784010344.349446058 -1.080847 2.708385 -0.237555 0.074843 0.114431 -0.503070 0.853361
1784010344.354655981 -1.079756 2.705177 -0.237585 0.075030 0.114352 -0.503926 0.852850
1784010344.359091997 -1.078837 2.702439 -0.237614 0.075147 0.114278 -0.504668 0.852410
1784010344.364969015 -1.077619 2.698808 -0.237661 0.075222 0.114121 -0.505659 0.851837
1784010344.369563103 -1.076689 2.695968 -0.237714 0.075259 0.113994 -0.506443 0.851385
1784010344.374619961 -1.075678 2.692838 -0.237781 0.075292 0.113842 -0.507326 0.850877
1784010344.379025936 -1.074808 2.690100 -0.237847 0.075358 0.113731 -0.508092 0.850429
1784010344.385054111 -1.073605 2.686336 -0.237934 0.075459 0.113724 -0.509127 0.849801
1784010344.388993979 -1.072835 2.683865 -0.237998 0.075527 0.113768 -0.509809 0.849381
1784010344.394908905 -1.071683 2.680153 -0.238100 0.075588 0.113709 -0.510847 0.848759
1784010344.399286985 -1.070858 2.677400 -0.238183 0.075680 0.113595 -0.511616 0.848303
1784010344.405072927 -1.069769 2.673745 -0.238292 0.075873 0.113490 -0.512621 0.847693
1784010344.409080982 -1.069028 2.671196 -0.238372 0.076021 0.113537 -0.513307 0.847258
1784010344.414937973 -1.067942 2.667456 -0.238493 0.076240 0.113687 -0.514314 0.846607
1784010344.419074059 -1.067202 2.664811 -0.238585 0.076365 0.113790 -0.515040 0.846141
1784010344.424570084 -1.066232 2.661298 -0.238702 0.076440 0.113796 -0.516023 0.845534
1784010344.424570084 -1.066232 2.661298 -0.238702 0.076440 0.113796 -0.516023 0.845534
1784010344.424688101 -1.066209 2.661224 -0.238704 0.076441 0.113796 -0.516045 0.845521
1784010344.428973913 -1.065382 2.658502 -0.238769 0.076510 0.113821 -0.516825 0.845034
1784010344.434957981 -1.064229 2.654692 -0.238832 0.076607 0.113739 -0.517915 0.844369
1784010344.439321995 -1.063410 2.651900 -0.238857 0.076751 0.113737 -0.518694 0.843878
1784010344.444927931 -1.062371 2.648318 -0.238864 0.076967 0.113637 -0.519690 0.843258
1784010344.449110985 -1.061628 2.645651 -0.238857 0.077050 0.113469 -0.520450 0.842805
1784010344.454888105 -1.060606 2.641972 -0.238838 0.077037 0.113214 -0.521534 0.842170
1784010344.459095001 -1.059881 2.639286 -0.238827 0.077032 0.113032 -0.522321 0.841707
1784010344.464890957 -1.058878 2.635580 -0.238822 0.077090 0.112935 -0.523402 0.841043
1784010344.468907118 -1.058200 2.632999 -0.238836 0.077136 0.112873 -0.524148 0.840582
1784010344.474888086 -1.057189 2.629156 -0.238879 0.077120 0.112835 -0.525308 0.839865
1784010344.479185104 -1.056491 2.626396 -0.238935 0.077114 0.112813 -0.526137 0.839349
1784010344.484952927 -1.055551 2.622681 -0.239020 0.077161 0.112791 -0.527245 0.838652
1784010344.488945007 -1.054913 2.620094 -0.239083 0.077199 0.112781 -0.528008 0.838169
1784010344.494910955 -1.053952 2.616227 -0.239172 0.077284 0.112820 -0.529155 0.837433
1784010344.499160051 -1.053290 2.613479 -0.239236 0.077350 0.112852 -0.529969 0.836908
1784010344.504931927 -1.052393 2.609749 -0.239314 0.077260 0.112780 -0.531115 0.836199
1784010344.509015083 -1.051780 2.607106 -0.239365 0.077202 0.112733 -0.531923 0.835697
1784010344.514872074 -1.050895 2.603303 -0.239427 0.077314 0.112807 -0.533038 0.834966
1784010344.519170046 -1.050263 2.600493 -0.239470 0.077402 0.112866 -0.533852 0.834429
1784010344.524795055 -1.049445 2.596812 -0.239524 0.077486 0.112795 -0.534943 0.833732
1784010344.524795055 -1.049445 2.596812 -0.239524 0.077486 0.112795 -0.534943 0.833732
1784010344.524933100 -1.049422 2.596723 -0.239525 0.077488 0.112792 -0.534969 0.833715
1784010344.529020071 -1.048772 2.594091 -0.239544 0.077561 0.112736 -0.535753 0.833213
1784010344.534940958 -1.047837 2.590276 -0.239568 0.077714 0.112517 -0.536889 0.832497
1784010344.539011002 -1.047215 2.587637 -0.239585 0.077822 0.112374 -0.537668 0.832003
1784010344.544975996 -1.046307 2.583766 -0.239600 0.078044 0.112228 -0.538824 0.831254
1784010344.549431086 -1.045659 2.580863 -0.239611 0.078213 0.112126 -0.539685 0.830693
1784010344.555103064 -1.044851 2.577171 -0.239623 0.078334 0.111894 -0.540833 0.829966
1784010344.559184074 -1.044300 2.574513 -0.239641 0.078424 0.111734 -0.541657 0.829441
1784010344.564928055 -1.043529 2.570761 -0.239664 0.078641 0.111622 -0.542828 0.828670
1784010344.569127083 -1.042980 2.567992 -0.239680 0.078802 0.111547 -0.543682 0.828105
1784010344.574906111 -1.042228 2.564183 -0.239704 0.079118 0.111387 -0.544843 0.827333
1784010344.579211950 -1.041690 2.561352 -0.239735 0.079357 0.111274 -0.545706 0.826756
1784010344.585041046 -1.040966 2.557525 -0.239778 0.079515 0.111126 -0.546913 0.825963
1784010344.588946104 -1.040499 2.554945 -0.239806 0.079623 0.111035 -0.547719 0.825430
1784010344.594878912 -1.039787 2.551028 -0.239848 0.079845 0.110929 -0.548937 0.824614
1784010344.599148035 -1.039297 2.548202 -0.239884 0.080007 0.110861 -0.549811 0.824024
1784010344.604933977 -1.038635 2.544379 -0.239938 0.080231 0.110650 -0.550983 0.823248
1784010344.609083891 -1.038179 2.541633 -0.239986 0.080394 0.110506 -0.551821 0.822690
1784010344.614681005 -1.037564 2.537931 -0.240052 0.080590 0.110396 -0.552967 0.821916
1784010344.619117975 -1.037092 2.534983 -0.240105 0.080721 0.110312 -0.553881 0.821299
1784010344.624785185 -1.036493 2.531220 -0.240166 0.081065 0.110205 -0.554997 0.820525
1784010344.624785185 -1.036493 2.531220 -0.240166 0.081065 0.110205 -0.554997 0.820525
1784010344.624906063 -1.036478 2.531141 -0.240166 0.081071 0.110202 -0.555021 0.820509
1784010344.629060030 -1.035986 2.528439 -0.240186 0.081304 0.110129 -0.555825 0.819951
1784010344.634927034 -1.035295 2.524633 -0.240204 0.081341 0.109937 -0.557013 0.819167
1784010344.639333963 -1.034796 2.521767 -0.240213 0.081377 0.109801 -0.557906 0.818574
1784010344.644884109 -1.034176 2.518153 -0.240211 0.081607 0.109758 -0.558997 0.817812
1784010344.649271965 -1.033706 2.515280 -0.240203 0.081796 0.109730 -0.559860 0.817206
1784010344.654930115 -1.033108 2.511574 -0.240187 0.081835 0.109552 -0.561026 0.816426
1784010344.658956051 -1.032701 2.508933 -0.240188 0.081871 0.109432 -0.561857 0.815867
1784010344.664860010 -1.032113 2.505072 -0.240208 0.081889 0.109334 -0.563083 0.815032
1784010344.669275999 -1.031700 2.502173 -0.240240 0.081957 0.109231 -0.564015 0.814395
1784010344.674705982 -1.031203 2.498596 -0.240285 0.082140 0.109135 -0.565150 0.813602
1784010344.679186106 -1.030806 2.495630 -0.240329 0.082343 0.109168 -0.566077 0.812932
1784010344.684947968 -1.030303 2.491826 -0.240399 0.082489 0.109133 -0.567280 0.812083
1784010344.689194918 -1.029954 2.489020 -0.240465 0.082529 0.109013 -0.568179 0.811466
1784010344.694664955 -1.029511 2.485398 -0.240539 0.082653 0.108929 -0.569331 0.810658
1784010344.699112892 -1.029164 2.482435 -0.240590 0.082811 0.108923 -0.570253 0.809993
1784010344.704921007 -1.028714 2.478566 -0.240646 0.082886 0.108779 -0.571460 0.809154
1784010344.709131956 -1.028408 2.475756 -0.240689 0.082915 0.108643 -0.572343 0.808545
1784010344.715166092 -1.027978 2.471739 -0.240748 0.082965 0.108462 -0.573605 0.807670
1784010344.719038963 -1.027724 2.469152 -0.240792 0.083010 0.108314 -0.574411 0.807112
1784010344.724645138 -1.027358 2.465401 -0.240855 0.083078 0.108044 -0.575569 0.806316
1784010344.724645138 -1.027358 2.465401 -0.240855 0.083078 0.108044 -0.575569 0.806316
1784010344.724895000 -1.027338 2.465236 -0.240856 0.083082 0.108033 -0.575622 0.806279
1784010344.729209900 -1.026995 2.462386 -0.240879 0.083200 0.107973 -0.576527 0.805628
1784010344.734869957 -1.026552 2.458650 -0.240914 0.083355 0.107919 -0.577716 0.804767
1784010344.739310980 -1.026230 2.455717 -0.240950 0.083459 0.107769 -0.578643 0.804110
1784010344.744868994 -1.025835 2.452046 -0.240986 0.083619 0.107637 -0.579801 0.803276
1784010344.749257088 -1.025540 2.449138 -0.241003 0.083790 0.107649 -0.580707 0.802602
1784010344.754895926 -1.025161 2.445404 -0.241001 0.083908 0.107672 -0.581895 0.801726
1784010344.759111881 -1.024896 2.442605 -0.240988 0.083964 0.107688 -0.582795 0.801064
1784010344.764759064 -1.024549 2.438862 -0.240945 0.084108 0.107698 -0.583997 0.800171
1784010344.769085884 -1.024305 2.435995 -0.240911 0.084182 0.107648 -0.584927 0.799491
1784010344.774949074 -1.023978 2.432118 -0.240873 0.084183 0.107482 -0.586210 0.798573
1784010344.779326916 -1.023752 2.429205 -0.240859 0.084286 0.107423 -0.587152 0.797877
1784010344.784754038 -1.023474 2.425581 -0.240858 0.084567 0.107518 -0.588297 0.796991
1784010344.789139032 -1.023269 2.422646 -0.240878 0.084792 0.107553 -0.589214 0.796285
1784010344.794959068 -1.023006 2.418771 -0.240926 0.084941 0.107457 -0.590467 0.795353
1784010344.799211025 -1.022836 2.415936 -0.240972 0.085019 0.107397 -0.591382 0.794673
1784010344.805008888 -1.022610 2.412068 -0.241023 0.085163 0.107363 -0.592626 0.793735
1784010344.809055090 -1.022473 2.409354 -0.241053 0.085292 0.107318 -0.593481 0.793088
1784010344.814860106 -1.022284 2.405466 -0.241070 0.085491 0.107218 -0.594715 0.792155
1784010344.819091082 -1.022170 2.402632 -0.241074 0.085610 0.107118 -0.595616 0.791478
1784010344.824781179 -1.022030 2.398835 -0.241067 0.085699 0.106822 -0.596843 0.790584
1784010344.824781179 -1.022030 2.398835 -0.241067 0.085699 0.106822 -0.596843 0.790584
1784010344.824875116 -1.022026 2.398775 -0.241066 0.085700 0.106818 -0.596863 0.790570
1784010344.829155922 -1.021868 2.395975 -0.241035 0.085781 0.106568 -0.597759 0.789917
1784010344.834887981 -1.021659 2.392217 -0.240984 0.086001 0.106363 -0.598933 0.789031
1784010344.839310884 -1.021514 2.389302 -0.240951 0.086192 0.106271 -0.599835 0.788337
1784010344.844926119 -1.021335 2.385610 -0.240926 0.086335 0.106137 -0.600993 0.787457
1784010344.848957062 -1.021228 2.382953 -0.240926 0.086441 0.106025 -0.601831 0.786820
1784010344.854639053 -1.021084 2.379210 -0.240938 0.086692 0.105875 -0.603001 0.785916
1784010344.859055042 -1.020990 2.376283 -0.240962 0.086916 0.105768 -0.603903 0.785213
1784010344.864778042 -1.020867 2.372486 -0.241013 0.087164 0.105692 -0.605062 0.784304
1784010344.868921995 -1.020792 2.369724 -0.241070 0.087312 0.105701 -0.605907 0.783633
1784010344.874835014 -1.020693 2.365799 -0.241169 0.087481 0.105689 -0.607126 0.782672
1784010344.879304886 -1.020643 2.362826 -0.241260 0.087575 0.105593 -0.608056 0.781952
1784010344.884788990 -1.020587 2.359170 -0.241374 0.087700 0.105526 -0.609190 0.781064
1784010344.889117956 -1.020553 2.356261 -0.241464 0.087888 0.105591 -0.610061 0.780353
1784010344.894948006 -1.020510 2.352345 -0.241574 0.088194 0.105727 -0.611222 0.779392
1784010344.899259090 -1.020501 2.349444 -0.241648 0.088422 0.105768 -0.612085 0.778682
1784010344.904691935 -1.020501 2.345802 -0.241711 0.088736 0.105737 -0.613164 0.777802
1784010344.909075022 -1.020516 2.342857 -0.241738 0.088951 0.105727 -0.614030 0.777095
1784010344.914881945 -1.020542 2.338955 -0.241732 0.089219 0.105632 -0.615160 0.776183
1784010344.919208050 -1.020582 2.336039 -0.241704 0.089455 0.105524 -0.615987 0.775515
1784010344.924540997 -1.020638 2.332460 -0.241659 0.089688 0.105451 -0.617012 0.774682
1784010344.924540997 -1.020638 2.332460 -0.241659 0.089688 0.105451 -0.617012 0.774682
1784010344.924890041 -1.020638 2.332230 -0.241654 0.089704 0.105448 -0.617079 0.774627
1784010344.928992987 -1.020630 2.329534 -0.241607 0.089777 0.105359 -0.617890 0.773984
1784010344.934937954 -1.020623 2.325630 -0.241555 0.089760 0.105209 -0.619092 0.773046
1784010344.939493895 -1.020640 2.322616 -0.241535 0.089849 0.105143 -0.620001 0.772315
1784010344.944946051 -1.020671 2.319003 -0.241540 0.090053 0.105086 -0.621092 0.771422
1784010344.948906898 -1.020710 2.316376 -0.241574 0.090109 0.105027 -0.621908 0.770766
1784010344.954874992 -1.020768 2.312434 -0.241655 0.090099 0.104926 -0.623156 0.769773
1784010344.958970070 -1.020826 2.309715 -0.241724 0.090166 0.104949 -0.624013 0.769067
1784010344.964849949 -1.020914 2.305803 -0.241813 0.090414 0.105010 -0.625227 0.768043
1784010344.969109058 -1.020997 2.302958 -0.241867 0.090607 0.104988 -0.626103 0.767309
1784010344.974668026 -1.021106 2.299261 -0.241923 0.090699 0.104897 -0.627263 0.766362
1784010344.979171038 -1.021206 2.296269 -0.241961 0.090708 0.104839 -0.628204 0.765598
1784010344.984951973 -1.021341 2.292427 -0.242001 0.090784 0.104834 -0.629402 0.764605
1784010344.989279985 -1.021464 2.289532 -0.242027 0.090939 0.104885 -0.630286 0.763851
1784010344.994735003 -1.021629 2.285879 -0.242056 0.091146 0.104969 -0.631403 0.762892
1784010344.999051094 -1.021781 2.282986 -0.242083 0.091236 0.104966 -0.632305 0.762134
1784010345.004853010 -1.021999 2.279118 -0.242121 0.091276 0.104844 -0.633529 0.761129
1784010345.009097099 -1.022183 2.276288 -0.242149 0.091310 0.104754 -0.634425 0.760391
1784010345.014890909 -1.022445 2.272417 -0.242170 0.091456 0.104720 -0.635633 0.759368
1784010345.019215107 -1.022664 2.269511 -0.242170 0.091661 0.104721 -0.636533 0.758589
1784010345.024857998 -1.022964 2.265726 -0.242155 0.091936 0.104681 -0.637701 0.757580
1784010345.024882078 -1.022964 2.265711 -0.242154 0.091936 0.104681 -0.637706 0.757575
1784010345.024882078 -1.022964 2.265711 -0.242154 0.091936 0.104681 -0.637706 0.757575
1784010345.029053926 -1.023142 2.262956 -0.242162 0.092038 0.104544 -0.638603 0.756826
1784010345.034877062 -1.023405 2.259128 -0.242186 0.092007 0.104284 -0.639888 0.755780
1784010345.039133072 -1.023616 2.256324 -0.242205 0.091997 0.104138 -0.640837 0.754996
1784010345.044853926 -1.023913 2.252538 -0.242231 0.092116 0.104042 -0.642101 0.753921
1784010345.049495935 -1.024175 2.249453 -0.242252 0.092319 0.103961 -0.643110 0.753046
1784010345.054802895 -1.024484 2.245937 -0.242287 0.092466 0.103817 -0.644274 0.752052
1784010345.058971882 -1.024740 2.243185 -0.242322 0.092470 0.103678 -0.645203 0.751275
1784010345.065006971 -1.025123 2.239203 -0.242377 0.092477 0.103432 -0.646548 0.750151
1784010345.069233894 -1.025411 2.236398 -0.242404 0.092551 0.103321 -0.647489 0.749344
1784010345.074857950 -1.025802 2.232663 -0.242434 0.092731 0.103162 -0.648732 0.748269
1784010345.079076052 -1.026108 2.229867 -0.242456 0.092779 0.103010 -0.649660 0.747477
1784010345.084871054 -1.026537 2.226047 -0.242500 0.092730 0.102735 -0.650951 0.746397
1784010345.089263916 -1.026884 2.223146 -0.242529 0.092812 0.102529 -0.651914 0.745575
1784010345.094969034 -1.027347 2.219360 -0.242556 0.093123 0.102400 -0.653143 0.744478
1784010345.098963976 -1.027686 2.216698 -0.242567 0.093384 0.102345 -0.653989 0.743709
1784010345.104878902 -1.028195 2.212773 -0.242595 0.093647 0.102185 -0.655246 0.742591
1784010345.109167099 -1.028585 2.209935 -0.242617 0.093811 0.102007 -0.656162 0.741785
1784010345.114778996 -1.029110 2.206223 -0.242651 0.094093 0.101734 -0.657359 0.740727
1784010345.119065046 -1.029527 2.203378 -0.242677 0.094288 0.101620 -0.658269 0.739909
1784010345.124436140 -1.030058 2.199806 -0.242719 0.094507 0.101527 -0.659417 0.738871
1784010345.124436140 -1.030058 2.199806 -0.242719 0.094507 0.101527 -0.659417 0.738871
1784010345.124835968 -1.030093 2.199544 -0.242722 0.094523 0.101524 -0.659501 0.738794
1784010345.129251003 -1.030479 2.196668 -0.242760 0.094691 0.101475 -0.660438 0.737942
1784010345.134871006 -1.030991 2.193027 -0.242824 0.094859 0.101270 -0.661643 0.736868
1784010345.139338970 -1.031417 2.190137 -0.242890 0.094926 0.101053 -0.662619 0.736012
1784010345.144625902 -1.031927 2.186705 -0.242978 0.095039 0.100944 -0.663765 0.734979
1784010345.149092913 -1.032369 2.183785 -0.243053 0.095266 0.100996 -0.664706 0.734091
1784010345.154817104 -1.032948 2.180049 -0.243147 0.095596 0.101027 -0.665901 0.732961
1784010345.158999920 -1.033389 2.177325 -0.243217 0.095775 0.100914 -0.666783 0.732150
1784010345.164900064 -1.034018 2.173495 -0.243309 0.095943 0.100693 -0.668031 0.731021
1784010345.169084072 -1.034474 2.170768 -0.243369 0.096047 0.100638 -0.668912 0.730208
1784010345.174865007 -1.035112 2.166999 -0.243439 0.096184 0.100598 -0.670120 0.729087
1784010345.179065943 -1.035592 2.164254 -0.243479 0.096312 0.100497 -0.670992 0.728281
1784010345.184927940 -1.036271 2.160441 -0.243523 0.096414 0.100339 -0.672230 0.727148
1784010345.189080954 -1.036767 2.157744 -0.243551 0.096388 0.100197 -0.673128 0.726339
1784010345.194855928 -1.037472 2.154000 -0.243589 0.096286 0.099916 -0.674393 0.725217
1784010345.199184895 -1.038018 2.151182 -0.243614 0.096270 0.099744 -0.675339 0.724362
1784010345.204706907 -1.038729 2.147582 -0.243641 0.096330 0.099599 -0.676540 0.723252
1784010345.209083080 -1.039305 2.144728 -0.243668 0.096350 0.099480 -0.677489 0.722377
1784010345.214950085 -1.040091 2.140916 -0.243717 0.096296 0.099309 -0.678778 0.721197
1784010345.219127893 -1.040670 2.138196 -0.243759 0.096335 0.099222 -0.679692 0.720342
1784010345.224845171 -1.041480 2.134462 -0.243823 0.096513 0.099166 -0.680923 0.719162
1784010345.224845171 -1.041480 2.134462 -0.243823 0.096513 0.099166 -0.680923 0.719162
1784010345.224909067 -1.041488 2.134421 -0.243824 0.096514 0.099165 -0.680938 0.719149
1784010345.229229927 -1.042060 2.131629 -0.243874 0.096722 0.099125 -0.681858 0.718254
1784010345.234867096 -1.042816 2.127991 -0.243957 0.096919 0.099114 -0.683076 0.717070
1784010345.239413977 -1.043444 2.125062 -0.244041 0.096990 0.099093 -0.684078 0.716108
1784010345.244597912 -1.044178 2.121730 -0.244149 0.097048 0.098984 -0.685232 0.715012
1784010345.248922110 -1.044809 2.118946 -0.244241 0.097152 0.098898 -0.686192 0.714087
1784010345.254841089 -1.045691 2.115127 -0.244360 0.097378 0.098737 -0.687496 0.712824
1784010345.259263039 -1.046368 2.112268 -0.244444 0.097540 0.098614 -0.688471 0.711877
1784010345.264838934 -1.047230 2.108675 -0.244548 0.097675 0.098469 -0.689700 0.710688
1784010345.269121885 -1.047911 2.105920 -0.244622 0.097762 0.098317 -0.690647 0.709777
1784010345.274677992 -1.048812 2.102347 -0.244703 0.097904 0.098123 -0.691881 0.708581
1784010345.278996944 -1.049534 2.099555 -0.244753 0.098083 0.097995 -0.692825 0.707652
1784010345.284856081 -1.050530 2.095770 -0.244808 0.098393 0.097793 -0.694091 0.706394
1784010345.289237022 -1.051295 2.092943 -0.244849 0.098608 0.097596 -0.695031 0.705466
1784010345.294801950 -1.052282 2.089366 -0.244905 0.098824 0.097315 -0.696234 0.704288
1784010345.299176931 -1.053079 2.086550 -0.244952 0.099059 0.097106 -0.697173 0.703354
1784010345.304836988 -1.054124 2.082899 -0.245020 0.099346 0.096970 -0.698393 0.702121
1784010345.309052944 -1.054921 2.080174 -0.245081 0.099488 0.096882 -0.699318 0.701192
1784010345.314871073 -1.056034 2.076430 -0.245182 0.099587 0.096670 -0.700627 0.699899
1784010345.318974972 -1.056834 2.073792 -0.245268 0.099589 0.096552 -0.701565 0.698975
1784010345.324741125 -1.057963 2.070088 -0.245403 0.099530 0.096511 -0.702903 0.697644
1784010345.324741125 -1.057963 2.070088 -0.245403 0.099530 0.096511 -0.702903 0.697644
1784010345.324856043 -1.057984 2.070015 -0.245405 0.099528 0.096510 -0.702930 0.697617
1784010345.329372883 -1.058833 2.067128 -0.245499 0.099548 0.096559 -0.703974 0.696553
1784010345.334846973 -1.059874 2.063622 -0.245604 0.099624 0.096629 -0.705244 0.695248
1784010345.339258909 -1.060725 2.060798 -0.245686 0.099646 0.096640 -0.706274 0.694196
1784010345.344845057 -1.061810 2.057232 -0.245798 0.099583 0.096633 -0.707585 0.692870
1784010345.349159002 -1.062660 2.054480 -0.245892 0.099559 0.096648 -0.708596 0.691837
1784010345.354845047 -1.063796 2.050848 -0.246017 0.099627 0.096709 -0.709914 0.690467
1784010345.359136105 -1.064672 2.048099 -0.246107 0.099804 0.096721 -0.710881 0.689444
1784010345.364928961 -1.065872 2.044390 -0.246218 0.100086 0.096666 -0.712169 0.688080
1784010345.369256973 -1.066786 2.041626 -0.246294 0.100267 0.096606 -0.713130 0.687066
1784010345.374650955 -1.067941 2.038198 -0.246375 0.100431 0.096451 -0.714324 0.685822
1784010345.378931999 -1.068874 2.035482 -0.246424 0.100558 0.096320 -0.715264 0.684841
1784010345.384871006 -1.070185 2.031712 -0.246469 0.100732 0.096231 -0.716568 0.683464
1784010345.389098883 -1.071137 2.029024 -0.246489 0.100896 0.096180 -0.717483 0.682486
1784010345.394830942 -1.072443 2.025393 -0.246523 0.101068 0.096060 -0.718729 0.681165
1784010345.399173975 -1.073451 2.022652 -0.246565 0.101134 0.095911 -0.719682 0.680169
1784010345.404917955 -1.074802 2.019036 -0.246648 0.101146 0.095680 -0.720958 0.678848
1784010345.409049988 -1.075793 2.016428 -0.246725 0.101216 0.095535 -0.721877 0.677880
1784010345.414997101 -1.077237 2.012662 -0.246858 0.101457 0.095401 -0.723181 0.676472
1784010345.418972015 -1.078216 2.010142 -0.246964 0.101634 0.095359 -0.724052 0.675519
1784010345.424766064 -1.079654 2.006486 -0.247143 0.101750 0.095223 -0.725345 0.674133
1784010345.424766064 -1.079654 2.006486 -0.247143 0.101750 0.095223 -0.725345 0.674133
1784010345.424992085 -1.079707 2.006344 -0.247150 0.101755 0.095218 -0.725397 0.674076
1784010345.428819895 -1.080614 2.003951 -0.247264 0.101806 0.095072 -0.726287 0.673130
1784010345.434902906 -1.082062 2.000140 -0.247441 0.101927 0.094890 -0.727707 0.671602
1784010345.439332008 -1.083135 1.997350 -0.247564 0.102073 0.094862 -0.728725 0.670479
1784010345.444673061 -1.084440 1.993990 -0.247699 0.102304 0.094806 -0.729937 0.669133
1784010345.449079037 -1.085530 1.991236 -0.247799 0.102469 0.094662 -0.730933 0.668039
1784010345.454869032 -1.086968 1.987633 -0.247912 0.102538 0.094412 -0.732269 0.666599
1784010345.459098101 -1.088040 1.985001 -0.247976 0.102648 0.094180 -0.733223 0.665565
1784010345.464725971 -1.089477 1.981496 -0.248034 0.102937 0.093922 -0.734466 0.664185
1784010345.469039917 -1.090587 1.978814 -0.248070 0.103075 0.093786 -0.735419 0.663127
1784010345.474847078 -1.092076 1.975228 -0.248116 0.103080 0.093548 -0.736726 0.661708
1784010345.479264021 -1.093225 1.972512 -0.248151 0.103123 0.093363 -0.737703 0.660638
1784010345.484872103 -1.094697 1.969064 -0.248197 0.103279 0.093191 -0.738950 0.659243
1784010345.488895893 -1.095772 1.966589 -0.248239 0.103406 0.093094 -0.739845 0.658232
1784010345.494836092 -1.097358 1.962944 -0.248315 0.103557 0.092928 -0.741179 0.656729
1784010345.499315023 -1.098565 1.960207 -0.248386 0.103686 0.092833 -0.742169 0.655603
1784010345.504679918 -1.100013 1.956945 -0.248480 0.103804 0.092669 -0.743360 0.654258
1784010345.509067059 -1.101209 1.954287 -0.248562 0.103862 0.092516 -0.744337 0.653159
1784010345.514862061 -1.102801 1.950771 -0.248663 0.103987 0.092419 -0.745636 0.651669
1784010345.519123077 -1.103990 1.948187 -0.248728 0.104151 0.092328 -0.746568 0.650588
1784010345.524752140 -1.105565 1.944798 -0.248810 0.104207 0.092105 -0.747823 0.649167
1784010345.524752140 -1.105565 1.944798 -0.248810 0.104207 0.092105 -0.747823 0.649167
1784010345.524878979 -1.105598 1.944723 -0.248812 0.104208 0.092100 -0.747851 0.649136
1784010345.529021978 -1.106704 1.942266 -0.248861 0.104146 0.091873 -0.748762 0.648127
1784010345.534856081 -1.108276 1.938812 -0.248921 0.104198 0.091617 -0.750036 0.646680
1784010345.539486885 -1.109549 1.936063 -0.248958 0.104429 0.091504 -0.751015 0.645522
1784010345.544776917 -1.111020 1.932928 -0.248998 0.104663 0.091336 -0.752140 0.644196
1784010345.549052954 -1.112224 1.930406 -0.249031 0.104813 0.091108 -0.753051 0.643139
1784010345.554807901 -1.113848 1.927035 -0.249078 0.105015 0.090786 -0.754264 0.641728
1784010345.559240103 -1.115112 1.924446 -0.249124 0.105145 0.090653 -0.755208 0.640615
1784010345.564935923 -1.116760 1.921122 -0.249178 0.105400 0.090449 -0.756420 0.639170
1784010345.568917990 -1.117937 1.918799 -0.249211 0.105670 0.090260 -0.757252 0.638167
1784010345.574677944 -1.119649 1.915453 -0.249261 0.105953 0.090031 -0.758478 0.636694
1784010345.579360008 -1.121055 1.912750 -0.249315 0.106085 0.089795 -0.759485 0.635504
1784010345.584753036 -1.122686 1.909650 -0.249389 0.106199 0.089584 -0.760662 0.634105
1784010345.589031935 -1.123999 1.907191 -0.249450 0.106313 0.089501 -0.761601 0.632970
1784010345.594829082 -1.125796 1.903861 -0.249525 0.106503 0.089350 -0.762874 0.631425
1784010345.599086046 -1.127133 1.901418 -0.249581 0.106661 0.089205 -0.763788 0.630312
1784010345.604831934 -1.128926 1.898136 -0.249667 0.106792 0.089082 -0.765024 0.628807
1784010345.609097958 -1.130261 1.895704 -0.249743 0.106880 0.089045 -0.765926 0.627698
1784010345.614823103 -1.132057 1.892442 -0.249840 0.107103 0.088988 -0.767110 0.626220
1784010345.619059086 -1.133400 1.890026 -0.249905 0.107328 0.088984 -0.767967 0.625132
1784010345.624747992 -1.135201 1.886791 -0.249984 0.107492 0.088945 -0.769133 0.623673
1784010345.624747992 -1.135201 1.886791 -0.249984 0.107492 0.088945 -0.769133 0.623673
1784010345.624821901 -1.135223 1.886750 -0.249985 0.107493 0.088944 -0.769149 0.623654
1784010345.629364967 -1.136620 1.884195 -0.250034 0.107519 0.088812 -0.770067 0.622534
1784010345.634844065 -1.138307 1.881124 -0.250091 0.107553 0.088694 -0.771173 0.621175
1784010345.639045954 -1.139611 1.878776 -0.250129 0.107616 0.088605 -0.772011 0.620134
1784010345.644903898 -1.141440 1.875511 -0.250174 0.107691 0.088410 -0.773191 0.618677
1784010345.649075031 -1.142756 1.873187 -0.250201 0.107731 0.088276 -0.774029 0.617641
1784010345.654879093 -1.144597 1.869959 -0.250238 0.107766 0.088161 -0.775201 0.616179
1784010345.659122944 -1.145958 1.867609 -0.250272 0.107764 0.088011 -0.776067 0.615110
1784010345.664865017 -1.147810 1.864450 -0.250330 0.107722 0.087670 -0.777244 0.613679
1784010345.669004917 -1.149158 1.862178 -0.250380 0.107739 0.087484 -0.778088 0.612633
1784010345.674823999 -1.151061 1.858988 -0.250457 0.107824 0.087356 -0.779270 0.611130
1784010345.678949118 -1.152428 1.856726 -0.250517 0.107882 0.087314 -0.780118 0.610044
1784010345.684824944 -1.154400 1.853514 -0.250599 0.108058 0.087152 -0.781319 0.608497
1784010345.689373016 -1.155950 1.851042 -0.250659 0.108269 0.086926 -0.782238 0.607310
1784010345.694703102 -1.157778 1.848159 -0.250736 0.108399 0.086729 -0.783340 0.605893
1784010345.698936939 -1.159243 1.845874 -0.250805 0.108508 0.086575 -0.784211 0.604768
1784010345.704827070 -1.161301 1.842691 -0.250900 0.108881 0.086506 -0.785408 0.603155
1784010345.709201097 -1.162851 1.840330 -0.250965 0.109173 0.086455 -0.786295 0.601953
1784010345.714924097 -1.164887 1.837273 -0.251052 0.109282 0.086120 -0.787495 0.600410
1784010345.718969107 -1.166333 1.835135 -0.251122 0.109367 0.085888 -0.788339 0.599319
1784010345.724733114 -1.168406 1.832099 -0.251220 0.109500 0.085582 -0.789560 0.597730
1784010345.724733114 -1.168406 1.832099 -0.251220 0.109500 0.085582 -0.789560 0.597730
1784010345.724812984 -1.168434 1.832057 -0.251221 0.109502 0.085578 -0.789578 0.597707
1784010345.729058981 -1.169942 1.829819 -0.251274 0.109689 0.085425 -0.790481 0.596498
1784010345.734843016 -1.172014 1.826766 -0.251345 0.109859 0.085221 -0.791729 0.594839
1784010345.739239931 -1.173603 1.824452 -0.251403 0.110001 0.085055 -0.792670 0.593582
1784010345.744617939 -1.175554 1.821635 -0.251476 0.110146 0.084800 -0.793830 0.592039
1784010345.749320984 -1.177273 1.819178 -0.251543 0.110207 0.084516 -0.794850 0.590699
1784010345.755036116 -1.179378 1.816189 -0.251608 0.110432 0.084110 -0.796066 0.589074
1784010345.758969069 -1.180843 1.814126 -0.251639 0.110593 0.083832 -0.796895 0.587963
1784010345.764859915 -1.183041 1.811036 -0.251680 0.110832 0.083708 -0.798115 0.586278
1784010345.769191980 -1.184661 1.808770 -0.251720 0.110968 0.083550 -0.799003 0.585063
1784010345.774697065 -1.186716 1.805900 -0.251774 0.111145 0.083347 -0.800125 0.583524
1784010345.779084921 -1.188354 1.803622 -0.251822 0.111290 0.083187 -0.801012 0.582300
1784010345.784883022 -1.190527 1.800617 -0.251883 0.111248 0.082950 -0.802246 0.580642
1784010345.788974047 -1.192081 1.798496 -0.251926 0.111225 0.082784 -0.803108 0.579477
1784010345.794800043 -1.194303 1.795488 -0.251994 0.111470 0.082897 -0.804310 0.577744
1784010345.799031019 -1.195922 1.793319 -0.252056 0.111654 0.082980 -0.805174 0.576492
1784010345.804656029 -1.198084 1.790440 -0.252147 0.111553 0.082840 -0.806389 0.574830
1784010345.809091091 -1.199806 1.788166 -0.252226 0.111479 0.082731 -0.807340 0.573524
1784010345.814804077 -1.202037 1.785234 -0.252343 0.111698 0.082795 -0.808529 0.571795
1784010345.819107056 -1.203730 1.783026 -0.252448 0.111869 0.082844 -0.809416 0.570498
1784010345.824715137 -1.205938 1.780162 -0.252589 0.111977 0.082698 -0.810564 0.568866
1784010345.824715137 -1.205938 1.780162 -0.252589 0.111977 0.082698 -0.810564 0.568866
1784010345.824841022 -1.205986 1.780098 -0.252590 0.111978 0.082694 -0.810589 0.568830
1784010345.829176903 -1.207647 1.777898 -0.252650 0.112051 0.082563 -0.811451 0.567605
1784010345.834825993 -1.209809 1.775048 -0.252709 0.112127 0.082449 -0.812525 0.566067
1784010345.839302063 -1.211531 1.772802 -0.252744 0.112195 0.082362 -0.813373 0.564848
1784010345.844552040 -1.213553 1.770177 -0.252757 0.112569 0.082180 -0.814289 0.563479
1784010345.849116087 -1.215313 1.767904 -0.252740 0.112898 0.082024 -0.815082 0.562288
1784010345.854893923 -1.217543 1.765044 -0.252694 0.112872 0.081711 -0.816134 0.560810
1784010345.858920097 -1.219108 1.763067 -0.252663 0.112864 0.081500 -0.816864 0.559779
1784010345.864789963 -1.221395 1.760194 -0.252621 0.113073 0.081328 -0.817900 0.558247
1784010345.869074106 -1.223079 1.758100 -0.252610 0.113236 0.081208 -0.818652 0.557128
1784010345.874816895 -1.225335 1.755303 -0.252614 0.113319 0.081042 -0.819680 0.555622
1784010345.879187107 -1.227053 1.753188 -0.252640 0.113391 0.080920 -0.820458 0.554475
1784010345.884628057 -1.229190 1.750570 -0.252695 0.113451 0.080803 -0.821431 0.553038
1784010345.889058113 -1.230939 1.748455 -0.252762 0.113442 0.080620 -0.822234 0.551872
1784010345.894831896 -1.233230 1.745707 -0.252858 0.113505 0.080403 -0.823284 0.550324
1784010345.898919106 -1.234868 1.743761 -0.252933 0.113560 0.080255 -0.824023 0.549226
1784010345.904802084 -1.237236 1.740972 -0.253034 0.113589 0.080016 -0.825102 0.547632
1784010345.909007072 -1.238943 1.738995 -0.253108 0.113620 0.079852 -0.825870 0.546492
1784010345.914887905 -1.241343 1.736239 -0.253198 0.113538 0.079665 -0.826968 0.544873
1784010345.919100046 -1.243084 1.734266 -0.253261 0.113490 0.079539 -0.827751 0.543712
1784010345.924513102 -1.245338 1.731734 -0.253321 0.113614 0.079363 -0.828732 0.542215
1784010345.924513102 -1.245338 1.731734 -0.253321 0.113614 0.079363 -0.828732 0.542215
1784010345.924808979 -1.245461 1.731596 -0.253323 0.113622 0.079354 -0.828786 0.542132
1784010345.929085970 -1.247237 1.729603 -0.253348 0.113738 0.079213 -0.829564 0.540937
1784010345.934834957 -1.249642 1.726931 -0.253366 0.113826 0.079092 -0.830632 0.539294
1784010345.939110994 -1.251444 1.724959 -0.253361 0.113923 0.078910 -0.831425 0.538078
1784010345.944780111 -1.253843 1.722366 -0.253331 0.113983 0.078618 -0.832488 0.536461
1784010345.949016094 -1.255647 1.720442 -0.253298 0.113976 0.078425 -0.833306 0.535220
1784010345.954817057 -1.258142 1.717813 -0.253230 0.114010 0.078142 -0.834433 0.533495
1784010345.958993912 -1.259959 1.715924 -0.253176 0.114084 0.077973 -0.835241 0.532239
1784010345.964771986 -1.262489 1.713322 -0.253110 0.114144 0.077664 -0.836379 0.530480
1784010345.969110966 -1.264401 1.711380 -0.253078 0.114140 0.077400 -0.837242 0.529157
1784010345.974761963 -1.266914 1.708855 -0.253059 0.114215 0.077066 -0.838369 0.527402
1784010345.979055882 -1.268844 1.706935 -0.253065 0.114335 0.076908 -0.839230 0.526029
1784010345.984832048 -1.271465 1.704351 -0.253095 0.114461 0.076725 -0.840405 0.524148
1784010345.989103079 -1.273424 1.702445 -0.253131 0.114516 0.076568 -0.841289 0.522739
1784010345.994858980 -1.276082 1.699881 -0.253185 0.114607 0.076312 -0.842484 0.520829
1784010345.999027014 -1.278021 1.698032 -0.253230 0.114663 0.076141 -0.843350 0.519437
1784010346.004822016 -1.280730 1.695465 -0.253281 0.114731 0.075873 -0.844563 0.517488
1784010346.009100914 -1.282746 1.693573 -0.253308 0.114835 0.075695 -0.845446 0.516046
1784010346.014887094 -1.285492 1.691009 -0.253322 0.114988 0.075421 -0.846635 0.514100
1784010346.019213915 -1.287561 1.689093 -0.253323 0.115062 0.075160 -0.847518 0.512665
1784010346.024500132 -1.290102 1.686753 -0.253320 0.115124 0.074856 -0.848596 0.510910
1784010346.024500132 -1.290102 1.686753 -0.253320 0.115124 0.074856 -0.848596 0.510910
1784010346.024876118 -1.290282 1.686587 -0.253319 0.115130 0.074837 -0.848672 0.510785
1784010346.029036045 -1.292276 1.684752 -0.253311 0.115226 0.074590 -0.849504 0.509414
1784010346.034871101 -1.295084 1.682181 -0.253304 0.115336 0.074239 -0.850667 0.507496
1784010346.039115906 -1.297138 1.680309 -0.253303 0.115439 0.074003 -0.851495 0.506116
1784010346.044815063 -1.299917 1.677785 -0.253306 0.115665 0.073708 -0.852582 0.504275
1784010346.049346924 -1.302143 1.675778 -0.253316 0.115906 0.073488 -0.853429 0.502816
1784010346.054634094 -1.304753 1.673451 -0.253337 0.116151 0.073114 -0.854421 0.501127
1784010346.058963060 -1.306900 1.671559 -0.253362 -0.116316 -0.072747 0.855235 -0.499751
1784010346.064841986 -1.309830 1.668989 -0.253405 -0.116546 -0.072381 0.856345 -0.497847
1784010346.069108963 -1.311974 1.667121 -0.253439 -0.116769 -0.072190 0.857141 -0.496450
1784010346.074767113 -1.314836 1.664648 -0.253482 -0.117075 -0.071906 0.858195 -0.494596
1784010346.079025030 -1.316996 1.662801 -0.253515 -0.117261 -0.071600 0.858983 -0.493226
1784010346.084816933 -1.319928 1.660298 -0.253570 -0.117344 -0.071204 0.860070 -0.491365
1784010346.089248896 -1.322174 1.658386 -0.253620 -0.117425 -0.071006 0.860892 -0.489934
1784010346.094970942 -1.325089 1.655914 -0.253680 -0.117712 -0.070741 0.861929 -0.488076
1784010346.099000931 -1.327149 1.654173 -0.253721 -0.117961 -0.070630 0.862640 -0.486773
1784010346.104796886 -1.330103 1.651679 -0.253779 -0.118247 -0.070399 0.863660 -0.484925
1784010346.109067917 -1.332271 1.649856 -0.253820 -0.118393 -0.070160 0.864397 -0.483609
1784010346.114801884 -1.335167 1.647414 -0.253876 -0.118545 -0.069911 0.865378 -0.481851
1784010346.118997097 -1.337283 1.645630 -0.253909 -0.118724 -0.069785 0.866075 -0.480572
1784010346.124572039 -1.340101 1.643262 -0.253937 -0.119019 -0.069654 0.866992 -0.478860
1784010346.124572039 -1.340101 1.643262 -0.253937 -0.119019 -0.069654 0.866992 -0.478860
1784010346.124789000 -1.340210 1.643170 -0.253936 -0.119031 -0.069649 0.867029 -0.478792
1784010346.129194975 -1.342415 1.641312 -0.253925 -0.119219 -0.069505 0.867771 -0.477420
1784010346.134804010 -1.345210 1.638973 -0.253906 -0.119289 -0.069190 0.868737 -0.475687
1784010346.139218092 -1.347403 1.637151 -0.253898 -0.119252 -0.068934 0.869496 -0.474345
1784010346.144505024 -1.350029 1.634974 -0.253890 -0.119294 -0.068707 0.870396 -0.472715
1784010346.149096012 -1.352319 1.633091 -0.253887 -0.119429 -0.068506 0.871157 -0.471306
1784010346.154799938 -1.355163 1.630766 -0.253894 -0.119525 -0.068237 0.872117 -0.469543
1784010346.158981085 -1.357247 1.629076 -0.253913 -0.119526 -0.068085 0.872817 -0.468261
1784010346.164967060 -1.360218 1.626675 -0.253952 -0.119500 -0.067831 0.873830 -0.466412
1784010346.168891907 -1.362169 1.625115 -0.253986 -0.119497 -0.067709 0.874484 -0.465202
1784010346.174803019 -1.365120 1.622780 -0.254030 -0.119581 -0.067523 0.875480 -0.463332
1784010346.179286957 -1.367380 1.621022 -0.254058 -0.119745 -0.067369 0.876219 -0.461912
1784010346.184716940 -1.370127 1.618913 -0.254082 -0.119994 -0.067179 0.877109 -0.460182
1784010346.189073086 -1.372337 1.617240 -0.254098 -0.120127 -0.067015 0.877827 -0.458801
1784010346.194873095 -1.375288 1.615039 -0.254111 -0.120236 -0.066767 0.878807 -0.456929
1784010346.199206114 -1.377512 1.613412 -0.254110 -0.120354 -0.066571 0.879533 -0.455527
1784010346.204946995 -1.380485 1.611277 -0.254093 -0.120528 -0.066230 0.880512 -0.453635
1784010346.208904982 -1.382555 1.609819 -0.254082 -0.120637 -0.065991 0.881185 -0.452333
1784010346.214816093 -1.385649 1.607664 -0.254068 -0.120790 -0.065652 0.882206 -0.450347
1784010346.219067097 -1.387880 1.606137 -0.254069 -0.120840 -0.065379 0.882945 -0.448923
1784010346.224405050 -1.390695 1.604231 -0.254076 -0.120865 -0.065076 0.883889 -0.447098
1784010346.224405050 -1.390695 1.604231 -0.254076 -0.120865 -0.065076 0.883889 -0.447098
1784010346.224816084 -1.390909 1.604084 -0.254076 -0.120869 -0.065055 0.883959 -0.446961
1784010346.229115963 -1.393154 1.602552 -0.254063 -0.121007 -0.064838 0.884684 -0.445518
1784010346.234817028 -1.396151 1.600525 -0.254037 -0.121248 -0.064510 0.885634 -0.443611
1784010346.239259005 -1.398500 1.598953 -0.254021 -0.121320 -0.064301 0.886375 -0.442138
1784010346.244697094 -1.401381 1.597041 -0.253992 -0.121430 -0.063925 0.887267 -0.440370
1784010346.248934031 -1.403637 1.595563 -0.253964 -0.121598 -0.063617 0.887940 -0.439009
1784010346.254853964 -1.406790 1.593499 -0.253921 -0.121734 -0.063353 0.888909 -0.437044
1784010346.259028912 -1.409033 1.592046 -0.253890 -0.121799 -0.063182 0.889589 -0.435665
1784010346.264823914 -1.412166 1.590033 -0.253841 -0.122032 -0.062823 0.890515 -0.433755
1784010346.268760920 -1.414304 1.588672 -0.253816 -0.122107 -0.062668 0.891154 -0.432443
1784010346.274804115 -1.417587 1.586601 -0.253797 -0.121986 -0.062344 0.892180 -0.430403
1784010346.279181957 -1.419986 1.585109 -0.253797 -0.121983 -0.062076 0.892910 -0.428927
1784010346.284770012 -1.423072 1.583192 -0.253812 -0.122222 -0.062019 0.893824 -0.426960
1784010346.289218903 -1.425553 1.581668 -0.253835 -0.122429 -0.061941 0.894550 -0.425387
1784010346.294792891 -1.428674 1.579773 -0.253876 -0.122492 -0.061717 0.895500 -0.423399
1784010346.299010992 -1.431050 1.578345 -0.253919 -0.122515 -0.061607 0.896218 -0.421886
1784010346.304831028 -1.434342 1.576382 -0.253988 -0.122629 -0.061464 0.897211 -0.419759
1784010346.309043884 -1.436743 1.574966 -0.254045 -0.122743 -0.061341 0.897918 -0.418229
1784010346.314881086 -1.440080 1.573008 -0.254114 -0.122963 -0.061164 0.898887 -0.416102
1784010346.319046974 -1.442479 1.571614 -0.254152 -0.123139 -0.061049 0.899565 -0.414599
1784010346.324398994 -1.445571 1.569832 -0.254177 -0.123409 -0.060781 0.900418 -0.412703
1784010346.324398994 -1.445571 1.569832 -0.254177 -0.123409 -0.060781 0.900418 -0.412703
1784010346.324789047 -1.445791 1.569703 -0.254177 -0.123426 -0.060765 0.900477 -0.412571
1784010346.329294920 -1.448318 1.568224 -0.254167 -0.123624 -0.060406 0.901145 -0.411103
1784010346.334800005 -1.451392 1.566431 -0.254138 -0.123781 -0.060031 0.901953 -0.409336
1784010346.339132071 -1.453823 1.565023 -0.254105 -0.123888 -0.059810 0.902590 -0.407930
1784010346.344769955 -1.457003 1.563192 -0.254044 -0.124164 -0.059555 0.903383 -0.406122
1784010346.348982096 -1.459396 1.561829 -0.253997 -0.124430 -0.059425 0.903963 -0.404767
1784010346.354617119 -1.462579 1.560026 -0.253955 -0.124481 -0.059166 0.904774 -0.402975
1784010346.358932972 -1.465022 1.558659 -0.253947 -0.124377 -0.058997 0.905417 -0.401583
1784010346.364842892 -1.468379 1.556798 -0.253954 -0.124471 -0.058739 0.906261 -0.399685
1784010346.369153023 -1.470849 1.555445 -0.253978 -0.124623 -0.058546 0.906870 -0.398283
1784010346.374799013 -1.474082 1.553674 -0.254043 -0.124652 -0.058462 0.907691 -0.396411
1784010346.378948927 -1.476466 1.552380 -0.254104 -0.124712 -0.058326 0.908286 -0.395045
1784010346.384793997 -1.479808 1.550569 -0.254201 -0.124814 -0.058183 0.909110 -0.393136
1784010346.389220953 -1.482340 1.549207 -0.254282 -0.124781 -0.058053 0.909749 -0.391685
1784010346.394809961 -1.485537 1.547494 -0.254375 -0.124796 -0.057784 0.910539 -0.389879
1784010346.399063110 -1.487981 1.546190 -0.254436 -0.124963 -0.057715 0.911113 -0.388493
1784010346.404748917 -1.491236 1.544450 -0.254512 -0.125106 -0.057739 0.911882 -0.386634
1784010346.408974886 -1.493660 1.543169 -0.254561 -0.125084 -0.057621 0.912467 -0.385275
1784010346.414808035 -1.497015 1.541405 -0.254600 -0.125012 -0.057425 0.913272 -0.383417
1784010346.419024944 -1.499469 1.540131 -0.254610 -0.125100 -0.057307 0.913837 -0.382058
1784010346.424678087 -1.502756 1.538439 -0.254605 -0.125284 -0.056913 0.914565 -0.380310
1784010346.424678087 -1.502756 1.538439 -0.254605 -0.125284 -0.056913 0.914565 -0.380310
1784010346.424916029 -1.502892 1.538368 -0.254604 -0.125294 -0.056894 0.914596 -0.380234
1784010346.428857088 -1.505143 1.537197 -0.254588 -0.125427 -0.056637 0.915110 -0.378990
1784010346.434866905 -1.508537 1.535425 -0.254560 -0.125681 -0.056372 0.915873 -0.377099
1784010346.439407110 -1.511079 1.534104 -0.254536 -0.125805 -0.056191 0.916441 -0.375702
1784010346.444788933 -1.514092 1.532548 -0.254501 -0.125813 -0.056077 0.917128 -0.374036
1784010346.449181080 -1.516563 1.531289 -0.254461 -0.125815 -0.055924 0.917687 -0.372684
1784010346.454622984 -1.519646 1.529738 -0.254413 -0.125739 -0.055732 0.918397 -0.370987
1784010346.458888054 -1.522085 1.528533 -0.254389 -0.125701 -0.055550 0.918953 -0.369647
1784010346.464796066 -1.525468 1.526889 -0.254369 -0.125866 -0.054979 0.919691 -0.367836
1784010346.469268084 -1.528031 1.525661 -0.254378 -0.125954 -0.054658 0.920255 -0.366440
1784010346.474649906 -1.531133 1.524188 -0.254407 -0.126024 -0.054480 0.920962 -0.364663
1784010346.478923082 -1.533621 1.523031 -0.254429 -0.126276 -0.054257 0.921503 -0.363240
1784010346.484853983 -1.537074 1.521448 -0.254453 -0.126543 -0.053934 0.922268 -0.361247
1784010346.489264965 -1.539637 1.520294 -0.254479 -0.126370 -0.053823 0.922902 -0.359701
1784010346.494520903 -1.542701 1.518947 -0.254488 -0.126164 -0.053450 0.923669 -0.357858
1784010346.499142885 -1.545414 1.517776 -0.254475 -0.126277 -0.053103 0.924298 -0.356239
1784010346.504862070 -1.548793 1.516334 -0.254449 -0.126456 -0.052959 0.925089 -0.354139
1784010346.509147882 -1.551348 1.515271 -0.254420 -0.126570 -0.052621 0.925686 -0.352585
1784010346.514836073 -1.554746 1.513881 -0.254371 -0.126720 -0.052120 0.926472 -0.350537
1784010346.519092083 -1.557292 1.512855 -0.254346 -0.126768 -0.051865 0.927061 -0.348994
1784010346.524753094 -1.560693 1.511510 -0.254330 -0.126690 -0.051366 0.927870 -0.346940
1784010346.524799109 -1.560720 1.511499 -0.254329 -0.126691 -0.051361 0.927877 -0.346923
1784010346.524799109 -1.560720 1.511499 -0.254329 -0.126691 -0.051361 0.927877 -0.346923
1784010346.528816938 -1.563156 1.510540 -0.254310 -0.126795 -0.051105 0.928424 -0.345456
1784010346.534753084 -1.566756 1.509135 -0.254293 -0.127274 -0.050732 0.929170 -0.343323
1784010346.539537907 -1.569640 1.508026 -0.254304 -0.127408 -0.050455 0.929796 -0.341615
1784010346.544787884 -1.572812 1.506821 -0.254334 -0.127304 -0.050228 0.930514 -0.339729
1784010346.549104929 -1.575444 1.505839 -0.254349 -0.127492 -0.049962 0.931058 -0.338202
1784010346.554965019 -1.579039 1.504512 -0.254357 -0.127714 -0.049623 0.931797 -0.336126
1784010346.558875084 -1.581450 1.503632 -0.254372 -0.127561 -0.049482 0.932333 -0.334717
1784010346.564765930 -1.585107 1.502308 -0.254376 -0.127510 -0.049099 0.933112 -0.332616
1784010346.569159985 -1.587832 1.501324 -0.254377 -0.127704 -0.049004 0.933647 -0.331049
1784010346.574925900 -1.591400 1.500041 -0.254396 -0.127544 -0.049098 0.934420 -0.328908
1784010346.578852892 -1.593845 1.499182 -0.254407 -0.127435 -0.048947 0.934955 -0.327450
1784010346.584793091 -1.597571 1.497883 -0.254385 -0.127717 -0.048626 0.935697 -0.325263
1784010346.588932037 -1.600170 1.496977 -0.254371 -0.127888 -0.048615 0.936215 -0.323703
1784010346.594794989 -1.603851 1.495708 -0.254356 -0.127722 -0.048414 0.937007 -0.321498
1784010346.598841906 -1.606397 1.494842 -0.254344 -0.127752 -0.048203 0.937525 -0.320005
1784010346.604770899 -1.610137 1.493574 -0.254313 -0.128099 -0.048190 0.938241 -0.317762
1784010346.609133959 -1.612893 1.492658 -0.254290 -0.128130 -0.048020 0.938800 -0.316119
1784010346.614840984 -1.616504 1.491468 -0.254264 -0.127927 -0.047719 0.939557 -0.313992
1784010346.618916035 -1.619090 1.490619 -0.254247 -0.127945 -0.047647 0.940064 -0.312474
1784010346.624641180 -1.622722 1.489434 -0.254228 -0.127969 -0.047527 0.940770 -0.310348
1784010346.624641180 -1.622722 1.489434 -0.254228 -0.127969 -0.047527 0.940770 -0.310348
1784010346.624758005 -1.622796 1.489410 -0.254228 -0.127972 -0.047523 0.940785 -0.310302
1784010346.629070044 -1.625521 1.488521 -0.254216 -0.127848 -0.047331 0.941346 -0.308678
1784010346.634794950 -1.629143 1.487342 -0.254202 -0.127729 -0.047120 0.942075 -0.306530
1784010346.639039993 -1.631846 1.486468 -0.254196 -0.127854 -0.047102 0.942572 -0.304947
1784010346.644836903 -1.635551 1.485289 -0.254192 -0.128044 -0.046918 0.943249 -0.302794
1784010346.648994923 -1.638213 1.484461 -0.254198 -0.128122 -0.046624 0.943729 -0.301308
1784010346.654766083 -1.641910 1.483323 -0.254208 -0.128306 -0.046327 0.944385 -0.299213
1784010346.659061909 -1.644672 1.482487 -0.254219 -0.128484 -0.046157 0.944860 -0.297659
1784010346.664745092 -1.648347 1.481398 -0.254225 -0.128722 -0.045916 0.945499 -0.295558
1784010346.668891907 -1.651051 1.480618 -0.254225 -0.128925 -0.045736 0.945956 -0.294031
1784010346.674820900 -1.654934 1.479528 -0.254210 -0.129186 -0.045443 0.946625 -0.291799
1784010346.679085016 -1.657735 1.478770 -0.254202 -0.129253 -0.045119 0.947115 -0.290226
1784010346.684783936 -1.661486 1.477784 -0.254194 -0.129251 -0.044643 0.947797 -0.288067
1784010346.688922882 -1.664231 1.477085 -0.254189 -0.129360 -0.044332 0.948278 -0.286479
1784010346.694530010 -1.667982 1.476158 -0.254171 -0.129690 -0.043812 0.948916 -0.284288
1784010346.698832989 -1.670875 1.475465 -0.254161 -0.129913 -0.043427 0.949403 -0.282615
1784010346.704756021 -1.674846 1.474535 -0.254155 -0.129972 -0.042906 0.950110 -0.280282
1784010346.709254980 -1.677861 1.473850 -0.254159 -0.129962 -0.042535 0.950643 -0.278529
1784010346.714714050 -1.681528 1.473038 -0.254152 -0.130085 -0.042038 0.951275 -0.276381
1784010346.718993902 -1.684416 1.472408 -0.254142 -0.130232 -0.041719 0.951758 -0.274691
1784010346.724522114 -1.688157 1.471599 -0.254122 -0.130502 -0.041424 0.952369 -0.272482
1784010346.724522114 -1.688157 1.471599 -0.254122 -0.130502 -0.041424 0.952369 -0.272482
1784010346.724733114 -1.688297 1.471568 -0.254120 -0.130510 -0.041415 0.952390 -0.272405
1784010346.729055882 -1.691171 1.470936 -0.254085 -0.130693 -0.041154 0.952820 -0.270851
1784010346.734787941 -1.694966 1.470109 -0.254048 -0.130774 -0.040881 0.953400 -0.268804
1784010346.739028931 -1.697779 1.469502 -0.254030 -0.130749 -0.040654 0.953838 -0.267292
1784010346.744735956 -1.701569 1.468681 -0.254014 -0.130869 -0.040463 0.954395 -0.265267
1784010346.749177933 -1.704530 1.468036 -0.254015 -0.131069 -0.040446 0.954811 -0.263668
1784010346.754986048 -1.708382 1.467203 -0.254034 -0.131185 -0.040371 0.955362 -0.261620
1784010346.759006977 -1.711045 1.466634 -0.254062 -0.131222 -0.040297 0.955744 -0.260213
1784010346.764806032 -1.714876 1.465821 -0.254109 -0.131302 -0.040255 0.956285 -0.258184
1784010346.769282103 -1.717845 1.465201 -0.254151 -0.131408 -0.040248 0.956699 -0.256590
1784010346.774586916 -1.721366 1.464478 -0.254198 -0.131518 -0.040161 0.957183 -0.254737
1784010346.778964996 -1.724271 1.463893 -0.254232 -0.131630 -0.040028 0.957574 -0.253227
1784010346.784799099 -1.728110 1.463129 -0.254266 -0.131660 -0.039842 0.958097 -0.251254
1784010346.789195061 -1.731001 1.462566 -0.254280 -0.131656 -0.039691 0.958494 -0.249760
1784010346.794737101 -1.734649 1.461874 -0.254260 -0.131863 -0.039342 0.958956 -0.247927
1784010346.798804998 -1.737337 1.461378 -0.254223 -0.132126 -0.039074 0.959276 -0.246588
1784010346.804721117 -1.741221 1.460675 -0.254150 -0.132340 -0.038745 0.959754 -0.244656
1784010346.809228897 -1.744175 1.460152 -0.254091 -0.132318 -0.038551 0.960143 -0.243169
1784010346.814683914 -1.747756 1.459536 -0.254016 -0.132356 -0.038338 0.960595 -0.241390
1784010346.819006920 -1.750611 1.459062 -0.253959 -0.132510 -0.038048 0.960939 -0.239979
1784010346.824618101 -1.754309 1.458458 -0.253916 -0.132624 -0.037732 0.961390 -0.238151
1784010346.824618101 -1.754309 1.458458 -0.253916 -0.132624 -0.037732 0.961390 -0.238151
1784010346.824748993 -1.754394 1.458444 -0.253915 -0.132627 -0.037722 0.961402 -0.238104
1784010346.829005957 -1.757153 1.457983 -0.253893 -0.132620 -0.037505 0.961778 -0.236618
1784010346.834825039 -1.760898 1.457359 -0.253893 -0.132610 -0.037200 0.962280 -0.234624
1784010346.838995934 -1.763573 1.456916 -0.253917 -0.132593 -0.037050 0.962629 -0.233219
1784010346.844624996 -1.767178 1.456318 -0.253964 -0.132512 -0.036982 0.963109 -0.231288
1784010346.848880053 -1.769916 1.455877 -0.253997 -0.132549 -0.036907 0.963451 -0.229849
1784010346.854913950 -1.773802 1.455265 -0.254028 -0.132553 -0.036763 0.963947 -0.227781
1784010346.859055996 -1.776479 1.454862 -0.254048 -0.132501 -0.036672 0.964294 -0.226353
1784010346.864748955 -1.780152 1.454331 -0.254054 -0.132500 -0.036387 0.964765 -0.224385
1784010346.869143963 -1.782989 1.453941 -0.254051 -0.132584 -0.036241 0.965116 -0.222843
1784010346.874855042 -1.786677 1.453462 -0.254028 -0.132642 -0.036096 0.965596 -0.220743
1784010346.879190922 -1.789495 1.453130 -0.253991 -0.132685 -0.035875 0.965966 -0.219127
1784010346.884607077 -1.793024 1.452747 -0.253919 -0.132861 -0.035401 0.966416 -0.217107
1784010346.889025927 -1.795900 1.452457 -0.253858 -0.132808 -0.035072 0.966807 -0.215445
1784010346.894747972 -1.799633 1.452099 -0.253786 -0.132436 -0.034843 0.967360 -0.213219
1784010346.898911953 -1.802387 1.451859 -0.253728 -0.132409 -0.034540 0.967728 -0.211609
1784010346.904906988 -1.806373 1.451534 -0.253640 -0.132802 -0.033985 0.968199 -0.209284
1784010346.908816099 -1.808971 1.451340 -0.253607 -0.132883 -0.033678 0.968524 -0.207770
1784010346.914783001 -1.812908 1.451066 -0.253586 -0.132630 -0.033151 0.969076 -0.205431
1784010346.919034004 -1.815724 1.450884 -0.253585 -0.132602 -0.032911 0.969442 -0.203752
1784010346.924475193 -1.819365 1.450666 -0.253583 -0.132788 -0.032632 0.969890 -0.201534
1784010346.924475193 -1.819365 1.450666 -0.253583 -0.132788 -0.032632 0.969890 -0.201534
1784010346.924746037 -1.819544 1.450654 -0.253583 -0.132798 -0.032622 0.969911 -0.201428
1784010346.928864956 -1.822273 1.450479 -0.253584 -0.132869 -0.032381 0.970241 -0.199824
1784010346.934767962 -1.826190 1.450239 -0.253587 -0.132930 -0.032068 0.970712 -0.197531
1784010346.939220905 -1.829151 1.450075 -0.253593 -0.132998 -0.031784 0.971061 -0.195812
1784010346.944466114 -1.832643 1.449896 -0.253605 -0.132995 -0.031443 0.971482 -0.193769
1784010346.948872089 -1.835607 1.449759 -0.253609 -0.133104 -0.031104 0.971822 -0.192036
1784010346.954781055 -1.839610 1.449583 -0.253593 -0.133564 -0.030606 0.972226 -0.189738
1784010346.959170103 -1.842590 1.449460 -0.253584 -0.133758 -0.030385 0.972543 -0.188006
1784010346.964739084 -1.846354 1.449320 -0.253584 -0.133575 -0.030108 0.972999 -0.185805
1784010346.969861984 -1.849830 1.449212 -0.253580 -0.133475 -0.029725 0.973405 -0.183800
1784010346.974400043 -1.852936 1.449126 -0.253570 -0.133689 -0.029393 0.973720 -0.182026
1784010346.979078054 -1.856151 1.449040 -0.253568 -0.133890 -0.029097 0.974043 -0.180188
1784010346.984932899 -1.860178 1.448938 -0.253579 -0.134002 -0.028785 0.974456 -0.177904
1784010346.989010096 -1.862997 1.448881 -0.253588 -0.134180 -0.028547 0.974728 -0.176313
1784010346.994781017 -1.866981 1.448819 -0.253606 -0.134493 -0.028107 0.975100 -0.174071
1784010346.999270916 -1.870085 1.448789 -0.253635 -0.134533 -0.027764 0.975416 -0.172321
1784010347.004928112 -1.874012 1.448754 -0.253681 -0.134620 -0.027467 0.975801 -0.170102
1784010347.008821964 -1.876744 1.448735 -0.253710 -0.134676 -0.027260 0.976065 -0.168570
1784010347.014779091 -1.880908 1.448707 -0.253764 -0.135185 -0.026945 0.976399 -0.166265
1784010347.019054890 -1.883877 1.448695 -0.253817 -0.135209 -0.026791 0.976679 -0.164618
1784010347.024306059 -1.887515 1.448682 -0.253881 -0.135201 -0.026737 0.977019 -0.162601
1784010347.024306059 -1.887515 1.448682 -0.253881 -0.135201 -0.026737 0.977019 -0.162601
1784010347.024785995 -1.887849 1.448679 -0.253885 -0.135197 -0.026728 0.977052 -0.162411
1784010347.028918028 -1.890727 1.448651 -0.253910 -0.135161 -0.026633 0.977332 -0.160761
1784010347.034761906 -1.894791 1.448602 -0.253942 -0.135443 -0.026229 0.977668 -0.158533
1784010347.039359093 -1.897959 1.448560 -0.253977 -0.135372 -0.026090 0.977960 -0.156808
1784010347.044748068 -1.901656 1.448508 -0.254016 -0.135249 -0.025924 0.978298 -0.154818
1784010347.048826933 -1.904454 1.448476 -0.254038 -0.135158 -0.025806 0.978550 -0.153319
1784010347.054812908 -1.908559 1.448436 -0.254061 -0.135396 -0.025451 0.978859 -0.151178
1784010347.059345007 -1.911659 1.448422 -0.254078 -0.135478 -0.025133 0.979102 -0.149575
1784010347.064398050 -1.915094 1.448410 -0.254099 -0.135475 -0.024831 0.979378 -0.147816
1784010347.068711996 -1.918005 1.448402 -0.254122 -0.135474 -0.024577 0.979609 -0.146318
1784010347.074897051 -1.922172 1.448396 -0.254155 -0.135373 -0.024311 0.979951 -0.144148
1784010347.078910112 -1.924878 1.448410 -0.254176 -0.135312 -0.024151 0.980168 -0.142751
1784010347.084750891 -1.928809 1.448438 -0.254210 -0.135354 -0.023886 0.980464 -0.140707
1784010347.089011908 -1.931661 1.448469 -0.254245 -0.135387 -0.023703 0.980676 -0.139225
1784010347.094506979 -1.935334 1.448522 -0.254295 -0.135160 -0.023456 0.980988 -0.137277
1784010347.099077940 -1.938391 1.448588 -0.254338 -0.134974 -0.023257 0.981243 -0.135662
1784010347.104787111 -1.942216 1.448693 -0.254393 -0.135078 -0.023012 0.981520 -0.133580
1784010347.108767033 -1.944888 1.448789 -0.254438 -0.135155 -0.022852 0.981708 -0.132138
1784010347.114902973 -1.949009 1.448958 -0.254503 -0.135275 -0.022510 0.982000 -0.129882
1784010347.118917942 -1.951701 1.449090 -0.254547 -0.135358 -0.022300 0.982186 -0.128418
1784010347.124611139 -1.955525 1.449305 -0.254596 -0.135396 -0.021922 0.982467 -0.126276
1784010347.124611139 -1.955525 1.449305 -0.254596 -0.135396 -0.021922 0.982467 -0.126276
1784010347.124730110 -1.955604 1.449309 -0.254597 -0.135397 -0.021916 0.982473 -0.126232
1784010347.129024982 -1.958484 1.449479 -0.254623 -0.135424 -0.021697 0.982677 -0.124641
1784010347.134742975 -1.962325 1.449735 -0.254650 -0.135560 -0.021288 0.982938 -0.122492
1784010347.139120102 -1.965269 1.449954 -0.254670 -0.135667 -0.020972 0.983132 -0.120852
1784010347.144715071 -1.969035 1.450260 -0.254694 -0.135610 -0.020613 0.983405 -0.118740
1784010347.148963928 -1.971901 1.450519 -0.254712 -0.135570 -0.020338 0.983608 -0.117142
1784010347.154581070 -1.975702 1.450888 -0.254731 -0.135631 -0.019971 0.983864 -0.114965
1784010347.158817053 -1.978586 1.451193 -0.254743 -0.135680 -0.019693 0.984053 -0.113328
1784010347.164750099 -1.982624 1.451640 -0.254759 -0.135688 -0.019307 0.984328 -0.110971
1784010347.168808937 -1.985381 1.451965 -0.254769 -0.135698 -0.019041 0.984511 -0.109365
1784010347.174133062 -1.988981 1.452406 -0.254778 -0.135672 -0.018789 0.984755 -0.107223
1784010347.179223061 -1.992420 1.452850 -0.254783 -0.135608 -0.018542 0.984995 -0.105131
1784010347.184540033 -1.996035 1.453336 -0.254779 -0.135612 -0.018339 0.985235 -0.102888
1784010347.189182043 -1.999213 1.453780 -0.254767 -0.135719 -0.018147 0.985427 -0.100920
1784010347.194453955 -2.002822 1.454301 -0.254764 -0.135729 -0.017905 0.985658 -0.098671
1784010347.198934078 -2.005884 1.454759 -0.254784 -0.135595 -0.017732 0.985871 -0.096737
1784010347.204818010 -2.009919 1.455373 -0.254840 -0.135544 -0.017569 0.986130 -0.094163
1784010347.209182024 -2.012937 1.455839 -0.254898 -0.135716 -0.017414 0.986288 -0.092269
1784010347.214772940 -2.016831 1.456436 -0.254997 -0.136001 -0.017303 0.986476 -0.089831
1784010347.218832016 -2.019670 1.456875 -0.255085 -0.136167 -0.017209 0.986612 -0.088090
1784010347.224554062 -2.023657 1.457486 -0.255230 -0.136303 -0.017159 0.986806 -0.085677
1784010347.224554062 -2.023657 1.457486 -0.255230 -0.136303 -0.017159 0.986806 -0.085677
1784010347.224745035 -2.023788 1.457505 -0.255235 -0.136306 -0.017157 0.986813 -0.085599
1784010347.229027987 -2.026728 1.457939 -0.255350 -0.136256 -0.017158 0.986968 -0.083873
1784010347.234785080 -2.030696 1.458534 -0.255480 -0.136169 -0.016924 0.987174 -0.081608
1784010347.239166975 -2.033745 1.458999 -0.255546 -0.136337 -0.016630 0.987293 -0.079925
1784010347.244905949 -2.037733 1.459609 -0.255598 -0.136644 -0.016229 0.987427 -0.077802
1784010347.249156952 -2.040667 1.460068 -0.255619 -0.136619 -0.015915 0.987556 -0.076256
1784010347.254723072 -2.044480 1.460680 -0.255629 -0.136452 -0.015489 0.987739 -0.074250
1784010347.258781910 -2.047269 1.461140 -0.255622 -0.136521 -0.015215 0.987844 -0.072767
1784010347.264775991 -2.051409 1.461841 -0.255602 -0.136855 -0.014782 0.987962 -0.070595
1784010347.268879890 -2.054250 1.462335 -0.255595 -0.137042 -0.014476 0.988045 -0.069114
1784010347.273900986 -2.057705 1.462943 -0.255611 -0.136948 -0.014246 0.988186 -0.067312
1784010347.279011011 -2.061219 1.463577 -0.255660 -0.136758 -0.014154 0.988339 -0.065442
1784010347.284794092 -2.065214 1.464330 -0.255734 -0.136782 -0.013743 0.988478 -0.063352
1784010347.288986921 -2.068124 1.464894 -0.255804 -0.136920 -0.013354 0.988559 -0.061849
1784010347.294590950 -2.071994 1.465643 -0.255938 -0.136936 -0.013088 0.988685 -0.059819
1784010347.298793077 -2.074884 1.466206 -0.256060 -0.136822 -0.012902 0.988794 -0.058311
1784010347.304523945 -2.078817 1.466977 -0.256234 -0.136728 -0.012653 0.988928 -0.056269
1784010347.308840036 -2.081788 1.467564 -0.256366 -0.136771 -0.012577 0.989012 -0.054687
1784010347.314778090 -2.085869 1.468376 -0.256533 -0.136828 -0.012383 0.989122 -0.052556
1784010347.318989992 -2.088754 1.468958 -0.256633 -0.136851 -0.012241 0.989200 -0.051048
1784010347.324613094 -2.092583 1.469736 -0.256738 -0.136820 -0.012122 0.989307 -0.049035
1784010347.324613094 -2.092583 1.469736 -0.256738 -0.136820 -0.012122 0.989307 -0.049035
1784010347.324712992 -2.092651 1.469750 -0.256740 -0.136819 -0.012120 0.989309 -0.048999
1784010347.329041958 -2.095598 1.470337 -0.256791 -0.136784 -0.011917 0.989392 -0.047451
1784010347.334769964 -2.099503 1.471128 -0.256816 -0.136880 -0.011559 0.989478 -0.045427
1784010347.339251041 -2.102553 1.471762 -0.256811 -0.137051 -0.011293 0.989529 -0.043842
1784010347.344639063 -2.106197 1.472533 -0.256793 -0.137126 -0.010960 0.989604 -0.041956
1784010347.348881006 -2.109042 1.473149 -0.256780 -0.137045 -0.010742 0.989680 -0.040467
1784010347.354739904 -2.112970 1.474008 -0.256779 -0.136957 -0.010534 0.989777 -0.038395
1784010347.359143972 -2.115926 1.474670 -0.256792 -0.137033 -0.010321 0.989827 -0.036842
1784010347.364362955 -2.119425 1.475470 -0.256830 -0.137127 -0.010009 0.989885 -0.034995
1784010347.369240046 -2.122683 1.476231 -0.256889 -0.137114 -0.009769 0.989949 -0.033253
1784010347.374715090 -2.126331 1.477102 -0.256978 -0.137018 -0.009524 0.990028 -0.031289
1784010347.379339933 -2.129407 1.477857 -0.257063 -0.136981 -0.009265 0.990087 -0.029626
1784010347.384592056 -2.132906 1.478729 -0.257168 -0.136933 -0.008962 0.990151 -0.027731
1784010347.388947964 -2.135811 1.479466 -0.257252 -0.136962 -0.008690 0.990193 -0.026155
1784010347.394754887 -2.139672 1.480454 -0.257347 -0.136962 -0.008243 0.990248 -0.024112
1784010347.399048090 -2.142507 1.481188 -0.257409 -0.136789 -0.008056 0.990310 -0.022588
1784010347.404514074 -2.146126 1.482137 -0.257472 -0.136488 -0.007844 0.990396 -0.020631
1784010347.408842087 -2.149009 1.482912 -0.257497 -0.136469 -0.007539 0.990432 -0.019097
1784010347.414716959 -2.152930 1.483971 -0.257517 -0.136574 -0.007087 0.990458 -0.017052
1784010347.419033051 -2.155792 1.484751 -0.257538 -0.136405 -0.006900 0.990507 -0.015529
1784010347.424626112 -2.159496 1.485766 -0.257576 -0.136119 -0.006726 0.990577 -0.013586
1784010347.424626112 -2.159496 1.485766 -0.257576 -0.136119 -0.006726 0.990577 -0.013586
1784010347.424727917 -2.159565 1.485784 -0.257577 -0.136112 -0.006724 0.990578 -0.013552
1784010347.428936005 -2.162407 1.486538 -0.257595 -0.136133 -0.006531 0.990595 -0.012139
1784010347.434755087 -2.166361 1.487596 -0.257621 -0.136335 -0.006218 0.990591 -0.010195
1784010347.439202070 -2.169377 1.488416 -0.257650 -0.136344 -0.005928 0.990605 -0.008715
1784010347.444598913 -2.173031 1.489411 -0.257694 -0.136262 -0.005672 0.990632 -0.006939
1784010347.448930979 -2.175960 1.490214 -0.257735 -0.136260 -0.005590 0.990642 -0.005487
1784010347.454773903 -2.179920 1.491314 -0.257787 -0.136152 -0.005376 0.990667 -0.003548
1784010347.459278107 -2.182975 1.492179 -0.257825 -0.136079 -0.005167 0.990682 -0.002038
1784010347.464559078 -2.186568 1.493197 -0.257870 -0.136039 -0.004995 0.990691 -0.000275
1784010347.468883991 -2.189505 1.494033 -0.257917 -0.135968 -0.004917 0.990700 0.001182
1784010347.474736929 -2.193480 1.495174 -0.257993 -0.135752 -0.004730 0.990727 0.003123
1784010347.479110003 -2.196452 1.496038 -0.258056 -0.135664 -0.004552 0.990734 0.004577
1784010347.484790087 -2.200339 1.497165 -0.258134 -0.135717 -0.004355 0.990717 0.006459
1784010347.488823891 -2.203098 1.497973 -0.258190 -0.135792 -0.004134 0.990698 0.007764
1784010347.494741917 -2.207124 1.499143 -0.258280 -0.135739 -0.003819 0.990691 0.009611
1784010347.499006033 -2.210003 1.499977 -0.258348 -0.135619 -0.003785 0.990693 0.010980
1784010347.504745007 -2.213901 1.501113 -0.258411 -0.135574 -0.003689 0.990677 0.012820
1784010347.508709908 -2.216607 1.501914 -0.258429 -0.135612 -0.003414 0.990656 0.014054
1784010347.514744997 -2.220743 1.503130 -0.258450 -0.135600 -0.003144 0.990631 0.015896
1784010347.518822908 -2.223523 1.503952 -0.258470 -0.135450 -0.002958 0.990632 0.017126
1784010347.524571180 -2.227438 1.505104 -0.258512 -0.135130 -0.002720 0.990646 0.018815
1784010347.524571180 -2.227438 1.505104 -0.258512 -0.135130 -0.002720 0.990646 0.018815
1784010347.524693012 -2.227521 1.505128 -0.258512 -0.135123 -0.002715 0.990646 0.018854
1784010347.528955936 -2.230445 1.505966 -0.258539 -0.135028 -0.002650 0.990632 0.020210
1784010347.534734011 -2.234430 1.507121 -0.258585 -0.135043 -0.002415 0.990591 0.022051
1784010347.539125919 -2.237466 1.508016 -0.258632 -0.135091 -0.002173 0.990554 0.023433
1784010347.544888973 -2.241433 1.509190 -0.258721 -0.134979 -0.002027 0.990524 0.025260
1784010347.548902035 -2.244185 1.510015 -0.258803 -0.134800 -0.001927 0.990516 0.026529
1784010347.554452896 -2.248009 1.511170 -0.258913 -0.134693 -0.001651 0.990483 0.028269
1784010347.559036970 -2.251194 1.512142 -0.258995 -0.134951 -0.001416 0.990406 0.029707
1784010347.564791918 -2.255192 1.513373 -0.259076 -0.135292 -0.000989 0.990305 0.031482
1784010347.568864107 -2.257999 1.514248 -0.259128 -0.135281 -0.000727 0.990267 0.032712
1784010347.574778080 -2.262064 1.515516 -0.259190 -0.135019 -0.000562 0.990241 0.034536
1784010347.579407930 -2.265259 1.516524 -0.259221 -0.134972 -0.000379 0.990197 0.035954
1784010347.584616899 -2.268867 1.517676 -0.259237 -0.135079 -0.000060 0.990124 0.037536
1784010347.588785887 -2.271751 1.518605 -0.259247 -0.135067 0.000158 0.990076 0.038807
1784010347.594731092 -2.275854 1.519931 -0.259257 -0.134874 0.000340 0.990029 0.040630
1784010347.599378109 -2.279061 1.520982 -0.259264 -0.134781 0.000540 0.989983 0.042038
1784010347.604602098 -2.282675 1.522179 -0.259269 -0.134748 0.000849 0.989919 0.043612
1784010347.609033108 -2.285740 1.523201 -0.259277 -0.134707 0.001083 0.989865 0.044940
1784010347.614772081 -2.289695 1.524519 -0.259292 -0.134614 0.001293 0.989798 0.046668
1784010347.618892908 -2.292527 1.525466 -0.259310 -0.134552 0.001374 0.989747 0.047907
1784010347.624387980 -2.296305 1.526740 -0.259334 -0.134493 0.001518 0.989673 0.049563
1784010347.624387980 -2.296305 1.526740 -0.259334 -0.134493 0.001518 0.989673 0.049563
1784010347.624697924 -2.296515 1.526811 -0.259334 -0.134490 0.001526 0.989669 0.049652
1784010347.629045963 -2.299458 1.527812 -0.259334 -0.134454 0.001766 0.989611 0.050882
1784010347.634758949 -2.303320 1.529132 -0.259347 -0.134418 0.001998 0.989531 0.052495
1784010347.639264107 -2.306364 1.530172 -0.259382 -0.134347 0.002023 0.989471 0.053794
1784010347.644711971 -2.310031 1.531432 -0.259444 -0.134226 0.002066 0.989401 0.055357
1784010347.649108887 -2.312995 1.532458 -0.259504 -0.134204 0.002117 0.989333 0.056611
1784010347.654453993 -2.316607 1.533714 -0.259586 -0.134270 0.002141 0.989236 0.058126
1784010347.658832073 -2.319573 1.534749 -0.259661 -0.134350 0.002192 0.989153 0.059348
1784010347.664693117 -2.323519 1.536135 -0.259767 -0.134363 0.002203 0.989053 0.060954
1784010347.669184923 -2.326534 1.537206 -0.259847 -0.134314 0.002234 0.988983 0.062184
1784010347.674391031 -2.330026 1.538466 -0.259917 -0.134254 0.002456 0.988902 0.063576
1784010347.678843975 -2.333022 1.539561 -0.259954 -0.134357 0.002736 0.988812 0.064746
1784010347.684556961 -2.336850 1.540974 -0.259973 -0.134446 0.003175 0.988702 0.066203
1784010347.688906908 -2.339754 1.542057 -0.259974 -0.134420 0.003424 0.988630 0.067312
1784010347.694674969 -2.343580 1.543504 -0.259955 -0.134269 0.003792 0.988549 0.068756
1784010347.698846102 -2.346352 1.544564 -0.259934 -0.134243 0.003998 0.988478 0.069820
1784010347.704711914 -2.350251 1.546072 -0.259904 -0.134328 0.004228 0.988358 0.071316
1784010347.709225893 -2.353252 1.547248 -0.259891 -0.134367 0.004467 0.988269 0.072461
1784010347.714721918 -2.356880 1.548679 -0.259898 -0.134286 0.004614 0.988174 0.073881
1784010347.719011068 -2.359705 1.549799 -0.259923 -0.134143 0.004613 0.988106 0.075036
1784010347.724608183 -2.363394 1.551274 -0.259957 -0.134019 0.004646 0.988006 0.076556
1784010347.724608183 -2.363394 1.551274 -0.259957 -0.134019 0.004646 0.988006 0.076556
1784010347.724698067 -2.363454 1.551297 -0.259957 -0.134016 0.004649 0.988005 0.076581
1784010347.729027033 -2.366323 1.552425 -0.259966 -0.134021 0.004749 0.987908 0.077808
1784010347.734709978 -2.370083 1.553908 -0.259979 -0.133954 0.004895 0.987787 0.079433
1784010347.739042997 -2.372932 1.555039 -0.259998 -0.133748 0.004959 0.987713 0.080682
1784010347.744716883 -2.376665 1.556517 -0.260031 -0.133482 0.004964 0.987613 0.082331
1784010347.748946905 -2.379461 1.557631 -0.260059 -0.133477 0.005016 0.987510 0.083558
1784010347.754683018 -2.383270 1.559151 -0.260095 -0.133661 0.005204 0.987344 0.085207
1784010347.758733988 -2.385951 1.560231 -0.260125 -0.133753 0.005330 0.987229 0.086375
1784010347.764508009 -2.389748 1.561766 -0.260166 -0.133592 0.005448 0.987102 0.088050
1784010347.768924952 -2.392641 1.562952 -0.260186 -0.133401 0.005541 0.987013 0.089324
1784010347.774727106 -2.396460 1.564529 -0.260175 -0.133358 0.005831 0.986868 0.090959
1784010347.778697968 -2.399078 1.565624 -0.260147 -0.133446 0.006106 0.986753 0.092048
1784010347.784384966 -2.402809 1.567193 -0.260099 -0.133396 0.006430 0.986611 0.093613
1784010347.789047956 -2.405847 1.568486 -0.260061 -0.133198 0.006639 0.986513 0.094900
1784010347.794574976 -2.409451 1.570036 -0.260022 -0.132971 0.006839 0.986394 0.096436
1784010347.798847914 -2.412244 1.571257 -0.260003 -0.132899 0.007073 0.986285 0.097620
1784010347.804804087 -2.416140 1.572976 -0.259998 -0.132799 0.007498 0.986131 0.099264
1784010347.809227943 -2.419022 1.574264 -0.260021 -0.132728 0.007738 0.986014 0.100499
1784010347.814682007 -2.422567 1.575863 -0.260072 -0.132586 0.008082 0.985874 0.102017
1784010347.818990946 -2.425369 1.577147 -0.260122 -0.132530 0.008372 0.985753 0.103236
1784010347.824484110 -2.428954 1.578811 -0.260181 -0.132526 0.008881 0.985586 0.104773
1784010347.824484110 -2.428954 1.578811 -0.260181 -0.132526 0.008881 0.985586 0.104773
1784010347.824750900 -2.429129 1.578890 -0.260182 -0.132526 0.008901 0.985578 0.104846
1784010347.828826904 -2.431810 1.580103 -0.260202 -0.132476 0.009259 0.985463 0.105955
1784010347.834716082 -2.435656 1.581844 -0.260233 -0.132165 0.009600 0.985328 0.107561
1784010347.839291096 -2.438629 1.583202 -0.260259 -0.131842 0.009764 0.985231 0.108824
1784010347.844712973 -2.442170 1.584829 -0.260267 -0.131697 0.010038 0.985082 0.110311
1784010347.848830938 -2.444870 1.586084 -0.260256 -0.131762 0.010365 0.984944 0.111428
1784010347.854681969 -2.448693 1.587859 -0.260234 -0.131718 0.010690 0.984765 0.113021
1784010347.859075069 -2.451542 1.589191 -0.260221 -0.131500 0.010847 0.984653 0.114229
1784010347.864701033 -2.455192 1.590901 -0.260195 -0.131320 0.011069 0.984496 0.115762
1784010347.869091988 -2.458051 1.592253 -0.260164 -0.131388 0.011344 0.984343 0.116954
1784010347.874634981 -2.461668 1.593964 -0.260120 -0.131520 0.011770 0.984144 0.118429
1784010347.879749060 -2.464994 1.595538 -0.260089 -0.131535 0.012018 0.983974 0.119790
1784010347.884309053 -2.467946 1.596936 -0.260073 -0.131482 0.012104 0.983830 0.121013
1784010347.889112949 -2.471050 1.598415 -0.260058 -0.131402 0.012251 0.983680 0.122299
1784010347.894691944 -2.474660 1.600146 -0.260042 -0.131359 0.012545 0.983497 0.123776
1784010347.898734093 -2.477278 1.601409 -0.260040 -0.131408 0.012691 0.983351 0.124864
1784010347.904546976 -2.481028 1.603209 -0.260057 -0.131405 0.012764 0.983152 0.126419
1784010347.908868074 -2.483799 1.604549 -0.260087 -0.131325 0.012808 0.983013 0.127574
1784010347.914777040 -2.487587 1.606389 -0.260126 -0.131214 0.012946 0.982823 0.129131
1784010347.918971062 -2.490279 1.607714 -0.260149 -0.131248 0.013152 0.982672 0.130217
1784010347.924437046 -2.493781 1.609436 -0.260175 -0.131266 0.013396 0.982482 0.131603
1784010347.924437046 -2.493781 1.609436 -0.260175 -0.131266 0.013396 0.982482 0.131603
1784010347.924674034 -2.493928 1.609507 -0.260175 -0.131272 0.013410 0.982472 0.131670
1784010347.929049015 -2.496621 1.610817 -0.260171 -0.131279 0.013584 0.982301 0.132912
1784010347.934710026 -2.500074 1.612511 -0.260149 -0.131233 0.013886 0.982084 0.134522
1784010347.939169884 -2.502802 1.613868 -0.260115 -0.131276 0.014164 0.981902 0.135771
1784010347.944570065 -2.506092 1.615521 -0.260059 -0.131339 0.014453 0.981674 0.137319
1784010347.948951960 -2.508757 1.616874 -0.260015 -0.131297 0.014613 0.981503 0.138566
1784010347.954758883 -2.512244 1.618660 -0.259955 -0.131144 0.014755 0.981281 0.140256
1784010347.958973885 -2.514776 1.619970 -0.259918 -0.131035 0.014818 0.981119 0.141479
1784010347.964705944 -2.518204 1.621759 -0.259867 -0.130975 0.014938 0.980879 0.143177
1784010347.969253063 -2.520939 1.623199 -0.259835 -0.131037 0.015074 0.980674 0.144499
1784010347.974710941 -2.524197 1.624929 -0.259808 -0.131098 0.015265 0.980426 0.146098
1784010347.979772091 -2.527199 1.626541 -0.259802 -0.131022 0.015384 0.980210 0.147598
1784010347.984111071 -2.529769 1.627939 -0.259804 -0.130899 0.015481 0.980031 0.148883
1784010347.989305973 -2.532846 1.629631 -0.259802 -0.130936 0.015643 0.979784 0.150444
1784010347.994462013 -2.535904 1.631334 -0.259793 -0.131111 0.015876 0.979519 0.151991
1784010347.998823881 -2.538483 1.632786 -0.259783 -0.131129 0.016105 0.979311 0.153285
1784010348.004726887 -2.541930 1.634744 -0.259760 -0.130982 0.016270 0.979042 0.155099
1784010348.008848906 -2.544347 1.636131 -0.259739 -0.130877 0.016345 0.978855 0.156353
1784010348.014756918 -2.547798 1.638139 -0.259684 -0.130938 0.016562 0.978548 0.158194
1784010348.018790007 -2.550168 1.639541 -0.259643 -0.130984 0.016787 0.978338 0.159424
1784010348.024399996 -2.553428 1.641494 -0.259587 -0.130928 0.017108 0.978051 0.161185
1784010348.024399996 -2.553428 1.641494 -0.259587 -0.130928 0.017108 0.978051 0.161185
1784010348.024641037 -2.553557 1.641575 -0.259584 -0.130920 0.017115 0.978044 0.161236
1784010348.029023886 -2.555892 1.643054 -0.259539 -0.130723 0.017171 0.977914 0.162173
1784010348.034673929 -2.558886 1.644974 -0.259485 -0.130513 0.017222 0.977754 0.163298
1784010348.039105892 -2.561259 1.646499 -0.259438 -0.130472 0.017432 0.977604 0.164209
1784010348.044555902 -2.564162 1.648385 -0.259379 -0.130470 0.017773 0.977424 0.165238
1784010348.048919916 -2.566490 1.649895 -0.259342 -0.130393 0.017952 0.977282 0.166119
1784010348.054676056 -2.569530 1.651885 -0.259310 -0.130173 0.018026 0.977124 0.167211
1784010348.058988094 -2.571827 1.653386 -0.259293 -0.130073 0.018131 0.976984 0.168089
1784010348.064683914 -2.574846 1.655381 -0.259280 -0.130008 0.018317 0.976807 0.169148
1784010348.069232941 -2.577274 1.656978 -0.259285 -0.129960 0.018393 0.976653 0.170062
1784010348.074693918 -2.580167 1.658890 -0.259315 -0.129826 0.018349 0.976486 0.171123
1784010348.079703093 -2.582825 1.660650 -0.259360 -0.129720 0.018323 0.976325 0.172126
1784010348.084820032 -2.585546 1.662462 -0.259412 -0.129698 0.018373 0.976149 0.173131
1784010348.088690996 -2.587624 1.663843 -0.259454 -0.129754 0.018453 0.975996 0.173940
1784010348.094926119 -2.590928 1.666067 -0.259528 -0.129834 0.018475 0.975779 0.175090
1784010348.098967075 -2.593085 1.667513 -0.259577 -0.129874 0.018523 0.975623 0.175926
1784010348.104741096 -2.596120 1.669582 -0.259634 -0.129755 0.018618 0.975444 0.176994
1784010348.108829021 -2.598286 1.671056 -0.259659 -0.129647 0.018706 0.975305 0.177826
1784010348.114876032 -2.601465 1.673252 -0.259657 -0.129585 0.018928 0.975116 0.178881
1784010348.118757010 -2.603524 1.674669 -0.259630 -0.129622 0.019170 0.974973 0.179607
1784010348.124600172 -2.606560 1.676793 -0.259570 -0.129501 0.019432 0.974804 0.180582
1784010348.124600172 -2.606560 1.676793 -0.259570 -0.129501 0.019432 0.974804 0.180582
1784010348.124689102 -2.606611 1.676827 -0.259569 -0.129504 0.019437 0.974800 0.180601
1784010348.129089117 -2.609040 1.678483 -0.259508 -0.129456 0.019620 0.974605 0.181662
1784010348.134721041 -2.612184 1.680624 -0.259415 -0.129680 0.019767 0.974323 0.182996
1784010348.138993979 -2.614550 1.682255 -0.259341 -0.129966 0.019925 0.974089 0.184018
1784010348.144686937 -2.617697 1.684434 -0.259253 -0.130034 0.020136 0.973820 0.185365
1784010348.148988962 -2.620035 1.686073 -0.259208 -0.129921 0.020140 0.973631 0.186437
1784010348.154690981 -2.623162 1.688266 -0.259160 -0.130005 0.020180 0.973350 0.187835
1784010348.158792019 -2.625394 1.689853 -0.259142 -0.130171 0.020354 0.973132 0.188827
1784010348.164647102 -2.628603 1.692120 -0.259146 -0.130333 0.020483 0.972836 0.190218
1784010348.168633938 -2.630745 1.693648 -0.259175 -0.130311 0.020522 0.972651 0.191177
1784010348.174628019 -2.633989 1.695945 -0.259234 -0.130280 0.020472 0.972379 0.192582
1784010348.179229021 -2.636454 1.697710 -0.259290 -0.130301 0.020440 0.972156 0.193694
1784010348.184664965 -2.639386 1.699812 -0.259352 -0.130465 0.020562 0.971877 0.194965
1784010348.189150095 -2.641784 1.701540 -0.259398 -0.130648 0.020655 0.971643 0.195993
1784010348.194706917 -2.644744 1.703667 -0.259443 -0.130691 0.020588 0.971384 0.197255
1784010348.198986053 -2.646984 1.705302 -0.259460 -0.130529 0.020622 0.971207 0.198229
1784010348.204574108 -2.649936 1.707467 -0.259440 -0.130533 0.020817 0.970950 0.199461
1784010348.209182024 -2.652360 1.709266 -0.259393 -0.130734 0.021118 0.970712 0.200453
1784010348.214757919 -2.655288 1.711447 -0.259323 -0.130798 0.021413 0.970451 0.201639
1784010348.219039917 -2.657497 1.713116 -0.259274 -0.130662 0.021496 0.970269 0.202593
1784010348.224471092 -2.660312 1.715257 -0.259212 -0.130508 0.021620 0.970034 0.203798
1784010348.224471092 -2.660312 1.715257 -0.259212 -0.130508 0.021620 0.970034 0.203798
1784010348.224680901 -2.660425 1.715343 -0.259210 -0.130499 0.021626 0.970025 0.203850
1784010348.228913069 -2.662709 1.717084 -0.259175 -0.130506 0.021828 0.969798 0.204901
1784010348.234724045 -2.665842 1.719494 -0.259149 -0.130518 0.022210 0.969483 0.206337
1784010348.239146948 -2.668203 1.721318 -0.259152 -0.130432 0.022397 0.969254 0.207443
1784010348.244539976 -2.671083 1.723538 -0.259169 -0.130307 0.022439 0.968972 0.208830
1784010348.248974085 -2.673453 1.725362 -0.259180 -0.130312 0.022501 0.968725 0.209961
1784010348.254715919 -2.676533 1.727734 -0.259183 -0.130375 0.022670 0.968396 0.211419
1784010348.259069920 -2.678860 1.729525 -0.259177 -0.130315 0.022767 0.968158 0.212534
1784010348.264676094 -2.681855 1.731823 -0.259154 -0.130136 0.022784 0.967865 0.213970
1784010348.269005060 -2.684162 1.733587 -0.259125 -0.129955 0.022809 0.967648 0.215055
1784010348.274684906 -2.687217 1.735913 -0.259077 -0.129860 0.022850 0.967344 0.216470
1784010348.278745890 -2.689411 1.737578 -0.259038 -0.129788 0.022884 0.967127 0.217478
1784010348.284701109 -2.692645 1.740022 -0.258986 -0.129874 0.023182 0.966798 0.218852
1784010348.288894892 -2.694907 1.741726 -0.258959 -0.129930 0.023397 0.966567 0.219817
1784010348.294398069 -2.697882 1.743965 -0.258931 -0.129852 0.023436 0.966287 0.221084
1784010348.299377918 -2.700584 1.746001 -0.258903 -0.129911 0.023634 0.966020 0.222193
1784010348.304677963 -2.703472 1.748177 -0.258870 -0.130082 0.023912 0.965724 0.223345
1784010348.308754921 -2.705689 1.749848 -0.258848 -0.130211 0.024130 0.965497 0.224229
1784010348.314675093 -2.708920 1.752270 -0.258828 -0.130054 0.024262 0.965228 0.225462
1784010348.318897009 -2.711213 1.753978 -0.258828 -0.129937 0.024361 0.965036 0.226338
1784010348.324371099 -2.714202 1.756196 -0.258833 -0.130002 0.024685 0.964778 0.227363
1784010348.324371099 -2.714202 1.756196 -0.258833 -0.130002 0.024685 0.964778 0.227363
1784010348.324681997 -2.714376 1.756324 -0.258833 -0.130006 0.024704 0.964763 0.227421
1784010348.328891039 -2.716742 1.758064 -0.258826 -0.130058 0.024959 0.964566 0.228200
1784010348.334691048 -2.720015 1.760455 -0.258828 -0.130084 0.025137 0.964316 0.229220
1784010348.339030981 -2.722456 1.762222 -0.258850 -0.130100 0.025274 0.964128 0.229982
1784010348.344639063 -2.725622 1.764498 -0.258890 -0.130024 0.025448 0.963914 0.230901
1784010348.348798037 -2.727976 1.766186 -0.258924 -0.129964 0.025580 0.963756 0.231581
1784010348.354679108 -2.731325 1.768571 -0.258971 -0.130041 0.025914 0.963531 0.232434
1784010348.359035015 -2.733807 1.770324 -0.259002 -0.130093 0.026166 0.963365 0.233065
1784010348.364685059 -2.737037 1.772579 -0.259039 -0.130051 0.026316 0.963188 0.233799
1784010348.369155884 -2.739585 1.774338 -0.259071 -0.130014 0.026439 0.963049 0.234379
1784010348.374670982 -2.742749 1.776495 -0.259093 -0.130140 0.026651 0.962879 0.234985
1784010348.379323006 -2.745427 1.778296 -0.259094 -0.130334 0.026814 0.962734 0.235453
1784010348.384691000 -2.748507 1.780342 -0.259095 -0.130317 0.026828 0.962603 0.235993
1784010348.388767958 -2.750827 1.781869 -0.259101 -0.130300 0.026842 0.962505 0.236402
1784010348.394695997 -2.754221 1.784084 -0.259094 -0.130297 0.026892 0.962369 0.236950
1784010348.398983002 -2.756692 1.785691 -0.259069 -0.130290 0.026933 0.962272 0.237344
1784010348.404732943 -2.760019 1.787836 -0.259043 -0.130223 0.026907 0.962152 0.237867
1784010348.409117937 -2.762540 1.789446 -0.259049 -0.130168 0.026891 0.962062 0.238264
1784010348.414778948 -2.765803 1.791520 -0.259076 -0.130107 0.026818 0.961946 0.238775
1784010348.418987036 -2.768233 1.793065 -0.259104 -0.130058 0.026768 0.961859 0.239154
1784010348.424602032 -2.771490 1.795131 -0.259149 -0.130126 0.026794 0.961731 0.239630
1784010348.424602032 -2.771490 1.795131 -0.259149 -0.130126 0.026794 0.961731 0.239630
1784010348.424866915 -2.771647 1.795230 -0.259150 -0.130132 0.026795 0.961725 0.239653
1784010348.428904057 -2.774039 1.796730 -0.259179 -0.130221 0.026814 0.961626 0.239998
1784010348.434674978 -2.777467 1.798872 -0.259217 -0.130407 0.026841 0.961488 0.240447
1784010348.439090967 -2.780083 1.800502 -0.259242 -0.130535 0.026867 0.961384 0.240789
1784010348.444641113 -2.783380 1.802552 -0.259254 -0.130612 0.027036 0.961272 0.241175
1784010348.448844910 -2.785878 1.804106 -0.259243 -0.130657 0.027169 0.961189 0.241465
1784010348.454700947 -2.789358 1.806275 -0.259207 -0.130681 0.027223 0.961076 0.241898
1784010348.459053993 -2.791927 1.807883 -0.259178 -0.130684 0.027269 0.960994 0.242218
1784010348.464694977 -2.795265 1.809966 -0.259136 -0.130677 0.027343 0.960892 0.242615
1784010348.468842030 -2.797726 1.811493 -0.259109 -0.130658 0.027403 0.960820 0.242905
1784010348.474654913 -2.801199 1.813631 -0.259073 -0.130707 0.027414 0.960720 0.243273
1784010348.478638887 -2.803579 1.815088 -0.259054 -0.130718 0.027482 0.960664 0.243478
1784010348.484535933 -2.807108 1.817230 -0.259025 -0.130792 0.027701 0.960589 0.243709
1784010348.488763094 -2.809632 1.818743 -0.259005 -0.130856 0.027855 0.960546 0.243829
1784010348.494651079 -2.813170 1.820823 -0.258967 -0.130933 0.027960 0.960501 0.243951
1784010348.498681068 -2.815600 1.822225 -0.258936 -0.130985 0.027958 0.960481 0.244003
1784010348.504502058 -2.819129 1.824231 -0.258881 -0.131089 0.027900 0.960452 0.244069
1784010348.508908987 -2.821792 1.825726 -0.258842 -0.131048 0.027823 0.960452 0.244100
1784010348.514724016 -2.825315 1.827672 -0.258806 -0.130876 0.027590 0.960472 0.244140
1784010348.518862963 -2.827831 1.829042 -0.258795 -0.130841 0.027380 0.960478 0.244158
1784010348.524446011 -2.831253 1.830892 -0.258794 -0.131042 0.027134 0.960456 0.244165
1784010348.524446011 -2.831253 1.830892 -0.258794 -0.131042 0.027134 0.960456 0.244165
1784010348.524704933 -2.831413 1.830978 -0.258794 -0.131048 0.027123 0.960456 0.244164
1784010348.529052019 -2.834085 1.832434 -0.258794 -0.131140 0.027034 0.960453 0.244133
1784010348.534668922 -2.837526 1.834306 -0.258826 -0.131168 0.026862 0.960460 0.244112
1784010348.538930893 -2.840138 1.835719 -0.258872 -0.131199 0.026706 0.960460 0.244112
1784010348.544652939 -2.843662 1.837624 -0.258944 -0.131402 0.026530 0.960442 0.244092
1784010348.549067974 -2.846394 1.839099 -0.259004 -0.131648 0.026428 0.960415 0.244075
1784010348.554689884 -2.849861 1.840988 -0.259066 -0.131892 0.026467 0.960393 0.244029
1784010348.558725119 -2.852334 1.842341 -0.259101 -0.131910 0.026544 0.960399 0.243986
1784010348.564659119 -2.855964 1.844326 -0.259134 -0.131811 0.026545 0.960432 0.243909
1784010348.569088936 -2.858682 1.845810 -0.259144 -0.131823 0.026543 0.960447 0.243844
1784010348.574572086 -2.862032 1.847661 -0.259134 -0.132083 0.026671 0.960434 0.243741
1784010348.578799009 -2.864536 1.849106 -0.259126 -0.132496 0.026622 0.960360 0.243813
1784010348.584362030 -2.867556 1.851059 -0.259128 -0.132945 0.026476 0.960234 0.244080
1784010348.588814020 -2.869710 1.852651 -0.259143 -0.132768 0.026756 0.960162 0.244428
1784010348.594733953 -2.872208 1.854649 -0.259173 -0.132836 0.026916 0.960075 0.244718
1784010348.599359035 -2.873824 1.856004 -0.259185 -0.132808 0.027274 0.960134 0.244462
1784010348.604408979 -2.875205 1.857184 -0.259183 -0.132861 0.027799 0.960334 0.243585
1784010348.608710051 -2.876047 1.857924 -0.259187 -0.133756 0.027679 0.960493 0.242480
1784010348.614675999 -2.876573 1.858640 -0.259145 -0.135332 0.027819 0.960794 0.240389
1784010348.619110107 -2.876430 1.858967 -0.259103 -0.135438 0.027596 0.961209 0.238690
1784010348.624373913 -2.875742 1.859195 -0.259078 -0.134911 0.026726 0.961836 0.236550
1784010348.624459982 -2.875727 1.859198 -0.259077 -0.134910 0.026718 0.961846 0.236512
1784010348.624459982 -2.875727 1.859198 -0.259077 -0.134910 0.026718 0.961846 0.236512
1784010348.628928900 -2.874791 1.859292 -0.259056 -0.134795 0.026274 0.962354 0.234551
1784010348.634710073 -2.873274 1.859266 -0.259090 -0.134825 0.025510 0.962993 0.231985
1784010348.639122963 -2.871944 1.859155 -0.259136 -0.134887 0.025349 0.963490 0.229891
1784010348.644649029 -2.870133 1.858948 -0.259166 -0.134885 0.025925 0.964127 0.227139
1784010348.649069071 -2.868619 1.858723 -0.259165 -0.134333 0.026182 0.964681 0.225079
1784010348.654794931 -2.866740 1.858407 -0.259114 -0.132960 0.026463 0.965450 0.222550
1784010348.658732891 -2.865584 1.858194 -0.259087 -0.132909 0.026184 0.965828 0.220964
1784010348.664649963 -2.863956 1.857877 -0.259051 -0.133076 0.024652 0.966293 0.219001
1784010348.669090986 -2.862767 1.857695 -0.258944 -0.132172 0.025111 0.966665 0.217850
1784010348.674727917 -2.861448 1.857521 -0.258793 -0.131072 0.025755 0.967022 0.216852
1784010348.679043055 -2.860644 1.857398 -0.258739 -0.131182 0.025705 0.967110 0.216401
1784010348.684564114 -2.859748 1.857240 -0.258697 -0.132309 0.026399 0.967003 0.216109
1784010348.689080000 -2.859023 1.857058 -0.258723 -0.133047 0.026508 0.966857 0.216296
1784010348.694632053 -2.858094 1.856754 -0.258742 -0.132831 0.026381 0.966750 0.216921
1784010348.698719025 -2.857468 1.856503 -0.258703 -0.132469 0.026889 0.966710 0.217257
1784010348.704658985 -2.856779 1.856064 -0.258637 -0.132927 0.026420 0.966539 0.217793
1784010348.709069014 -2.856370 1.855681 -0.258601 -0.133512 0.025524 0.966355 0.218361
1784010348.714521885 -2.855793 1.855163 -0.258580 -0.133327 0.024972 0.966270 0.218914
1784010348.718897104 -2.855287 1.854707 -0.258605 -0.132538 0.024707 0.966291 0.219327
1784010348.724591970 -2.854685 1.854089 -0.258659 -0.132169 0.024248 0.966268 0.219704
1784010348.724591970 -2.854685 1.854089 -0.258659 -0.132169 0.024248 0.966268 0.219704
1784010348.724752903 -2.854669 1.854071 -0.258660 -0.132158 0.024236 0.966267 0.219715
1784010348.728838921 -2.854273 1.853622 -0.258679 -0.132682 0.024174 0.966170 0.219835
1784010348.734668016 -2.853699 1.852965 -0.258741 -0.133204 0.023715 0.966100 0.219875
1784010348.739054918 -2.853231 1.852474 -0.258812 -0.132959 0.023543 0.966170 0.219736
1784010348.744846106 -2.852603 1.851875 -0.258871 -0.132850 0.023659 0.966265 0.219368
1784010348.748814106 -2.852190 1.851495 -0.258885 -0.133120 0.023533 0.966297 0.219079
1784010348.754666090 -2.851591 1.850985 -0.258876 -0.133027 0.023156 0.966420 0.218632
1784010348.759042025 -2.851154 1.850665 -0.258847 -0.133015 0.022954 0.966507 0.218275
1784010348.764677048 -2.850566 1.850332 -0.258776 -0.133437 0.023135 0.966546 0.217824
1784010348.768691063 -2.850117 1.850138 -0.258731 -0.133505 0.023263 0.966595 0.217551
1784010348.774631977 -2.849436 1.849911 -0.258675 -0.133066 0.023361 0.966706 0.217316
1784010348.779000998 -2.848963 1.849802 -0.258623 -0.133158 0.023533 0.966711 0.217222
1784010348.784641027 -2.848367 1.849720 -0.258550 -0.133811 0.023855 0.966617 0.217204
1784010348.789104939 -2.847865 1.849677 -0.258512 -0.133828 0.024172 0.966588 0.217284
1784010348.794733047 -2.847215 1.849621 -0.258502 -0.133366 0.024200 0.966590 0.217557
1784010348.798887968 -2.846759 1.849583 -0.258505 -0.133340 0.024067 0.966539 0.217818
1784010348.804533005 -2.846157 1.849537 -0.258489 -0.133610 0.024210 0.966420 0.218162
1784010348.808892965 -2.845694 1.849494 -0.258479 -0.133639 0.024312 0.966348 0.218451
1784010348.814692020 -2.845087 1.849410 -0.258458 -0.133438 0.024327 0.966281 0.218868
1784010348.818847895 -2.844679 1.849334 -0.258427 -0.133307 0.024397 0.966244 0.219105
1784010348.824654102 -2.844166 1.849199 -0.258373 -0.133260 0.024431 0.966190 0.219368
1784010348.824669123 -2.844164 1.849198 -0.258372 -0.133260 0.024431 0.966190 0.219368
1784010348.824669123 -2.844164 1.849198 -0.258372 -0.133260 0.024431 0.966190 0.219368
1784010348.829051018 -2.843795 1.849071 -0.258312 -0.133210 0.024493 0.966166 0.219498
1784010348.834652901 -2.843353 1.848874 -0.258240 -0.133124 0.024621 0.966160 0.219558
1784010348.838982105 -2.843035 1.848689 -0.258205 -0.133151 0.024535 0.966157 0.219568
1784010348.844666958 -2.842630 1.848416 -0.258177 -0.133092 0.024423 0.966177 0.219525
1784010348.848746061 -2.842353 1.848209 -0.258160 -0.133142 0.024444 0.966191 0.219434
1784010348.854608059 -2.841986 1.847903 -0.258122 -0.133298 0.024363 0.966208 0.219274
1784010348.858890057 -2.841744 1.847685 -0.258090 -0.133259 0.024262 0.966245 0.219142
1784010348.864629030 -2.841437 1.847413 -0.258040 -0.133059 0.024180 0.966312 0.218980
1784010348.869169950 -2.841204 1.847217 -0.258002 -0.133037 0.024200 0.966341 0.218860
1784010348.874710083 -2.840918 1.846998 -0.257969 -0.133034 0.024319 0.966372 0.218713
1784010348.879236937 -2.840683 1.846827 -0.257963 -0.132944 0.024295 0.966401 0.218642
1784010348.884912014 -2.840393 1.846632 -0.257965 -0.132875 0.024145 0.966426 0.218591
1784010348.888844013 -2.840196 1.846518 -0.257961 -0.132982 0.024189 0.966417 0.218563
1784010348.894695997 -2.839895 1.846375 -0.257947 -0.133102 0.024345 0.966402 0.218536
1784010348.899039030 -2.839669 1.846283 -0.257935 -0.132994 0.024356 0.966408 0.218573
1784010348.904238939 -2.839408 1.846194 -0.257905 -0.132731 0.024298 0.966429 0.218647
1784010348.908732891 -2.839209 1.846140 -0.257865 -0.132696 0.024332 0.966421 0.218700
1784010348.914642096 -2.838962 1.846093 -0.257808 -0.132810 0.024491 0.966386 0.218770
1784010348.918979883 -2.838776 1.846061 -0.257782 -0.132762 0.024589 0.966377 0.218826
1784010348.924631119 -2.838533 1.846018 -0.257772 -0.132546 0.024587 0.966383 0.218929
1784010348.924631119 -2.838533 1.846018 -0.257772 -0.132546 0.024587 0.966383 0.218929
1784010348.924839973 -2.838524 1.846016 -0.257772 -0.132539 0.024586 0.966384 0.218933
1784010348.928963900 -2.838348 1.845986 -0.257770 -0.132552 0.024578 0.966367 0.219000
1784010348.934679985 -2.838113 1.845950 -0.257761 -0.132810 0.024711 0.966312 0.219069
1784010348.939091921 -2.837935 1.845918 -0.257754 -0.132805 0.024807 0.966302 0.219108
1784010348.944642067 -2.837730 1.845869 -0.257742 -0.132588 0.024763 0.966322 0.219155
1784010348.948853970 -2.837593 1.845828 -0.257725 -0.132589 0.024739 0.966318 0.219173
1784010348.954691887 -2.837408 1.845761 -0.257697 -0.132650 0.024864 0.966310 0.219158
1784010348.958887100 -2.837287 1.845706 -0.257686 -0.132533 0.024861 0.966329 0.219148
1784010348.964658022 -2.837155 1.845626 -0.257672 -0.132418 0.024750 0.966350 0.219137
1784010348.968744993 -2.837084 1.845573 -0.257658 -0.132486 0.024748 0.966347 0.219109
1784010348.974623919 -2.836999 1.845498 -0.257645 -0.132483 0.024793 0.966358 0.219056
1784010348.979383945 -2.836952 1.845443 -0.257644 -0.132377 0.024742 0.966377 0.219041
1784010348.984766960 -2.836930 1.845393 -0.257642 -0.132415 0.024687 0.966377 0.219025
1784010348.989147902 -2.836933 1.845364 -0.257639 -0.132486 0.024664 0.966370 0.219014
1784010348.994395971 -2.836949 1.845344 -0.257639 -0.132437 0.024679 0.966377 0.219011
1784010348.998948097 -2.836982 1.845339 -0.257641 -0.132411 0.024682 0.966381 0.219012
1784010349.004658937 -2.837045 1.845350 -0.257641 -0.132465 0.024680 0.966371 0.219021
1784010349.008838892 -2.837104 1.845368 -0.257645 -0.132420 0.024660 0.966376 0.219031
1784010349.014478922 -2.837196 1.845408 -0.257653 -0.132329 0.024665 0.966386 0.219043
1784010349.019084930 -2.837290 1.845455 -0.257657 -0.132409 0.024702 0.966373 0.219044
1784010349.024523020 -2.837411 1.845518 -0.257664 -0.132488 0.024729 0.966363 0.219038
1784010349.024557114 -2.837412 1.845518 -0.257664 -0.132486 0.024729 0.966363 0.219038
1784010349.024557114 -2.837412 1.845518 -0.257664 -0.132486 0.024729 0.966363 0.219038
1784010349.028819084 -2.837493 1.845569 -0.257671 -0.132427 0.024718 0.966371 0.219042
1784010349.034646988 -2.837612 1.845645 -0.257676 -0.132425 0.024733 0.966373 0.219032
1784010349.039027929 -2.837714 1.845706 -0.257676 -0.132546 0.024775 0.966360 0.219012
1784010349.044778109 -2.837846 1.845785 -0.257679 -0.132570 0.024800 0.966360 0.218994
1784010349.048839092 -2.837941 1.845839 -0.257686 -0.132505 0.024778 0.966371 0.218988
1784010349.054644108 -2.838081 1.845915 -0.257689 -0.132554 0.024762 0.966366 0.218984
1784010349.058942080 -2.838190 1.845971 -0.257690 -0.132622 0.024780 0.966357 0.218980
1784010349.064814091 -2.838335 1.846042 -0.257699 -0.132558 0.024761 0.966363 0.218994
1784010349.068650961 -2.838434 1.846086 -0.257707 -0.132520 0.024738 0.966366 0.219003
1784010349.074630976 -2.838592 1.846152 -0.257716 -0.132619 0.024720 0.966352 0.219009
1784010349.079083920 -2.838713 1.846200 -0.257724 -0.132659 0.024714 0.966345 0.219015
1784010349.084656954 -2.838859 1.846256 -0.257736 -0.132585 0.024686 0.966355 0.219022
1784010349.089119911 -2.838980 1.846301 -0.257746 -0.132582 0.024648 0.966355 0.219027
1784010349.094640017 -2.839130 1.846358 -0.257757 -0.132656 0.024620 0.966346 0.219025
1784010349.098771095 -2.839242 1.846401 -0.257768 -0.132657 0.024608 0.966347 0.219020
1784010349.104674101 -2.839398 1.846462 -0.257783 -0.132629 0.024578 0.966354 0.219011
1784010349.108850002 -2.839511 1.846507 -0.257793 -0.132660 0.024566 0.966352 0.219002
1784010349.114644051 -2.839664 1.846572 -0.257809 -0.132681 0.024561 0.966352 0.218988
1784010349.118803024 -2.839772 1.846620 -0.257822 -0.132666 0.024562 0.966357 0.218978
1784010349.124598026 -2.839921 1.846692 -0.257840 -0.132690 0.024554 0.966356 0.218967
1784010349.124598026 -2.839921 1.846692 -0.257840 -0.132690 0.024554 0.966356 0.218967
1784010349.124628067 -2.839922 1.846692 -0.257840 -0.132690 0.024554 0.966356 0.218967
1784010349.128956079 -2.840019 1.846744 -0.257846 -0.132717 0.024531 0.966354 0.218962
1784010349.134629965 -2.840140 1.846812 -0.257855 -0.132669 0.024521 0.966362 0.218956
1784010349.138989925 -2.840233 1.846865 -0.257863 -0.132634 0.024527 0.966368 0.218953
1784010349.144670963 -2.840355 1.846933 -0.257872 -0.132659 0.024530 0.966364 0.218954
1784010349.148749113 -2.840443 1.846981 -0.257879 -0.132661 0.024529 0.966362 0.218959
1784010349.154607058 -2.840566 1.847048 -0.257891 -0.132599 0.024514 0.966370 0.218965
1784010349.158854961 -2.840657 1.847095 -0.257900 -0.132588 0.024511 0.966371 0.218967
1784010349.164647102 -2.840780 1.847157 -0.257911 -0.132603 0.024517 0.966369 0.218969
1784010349.168651104 -2.840865 1.847196 -0.257923 -0.132588 0.024499 0.966371 0.218971
1784010349.174321890 -2.840983 1.847248 -0.257939 -0.132536 0.024464 0.966380 0.218965
1784010349.178600073 -2.841074 1.847286 -0.257952 -0.132545 0.024452 0.966381 0.218957
1784010349.184495926 -2.841197 1.847336 -0.257969 -0.132552 0.024435 0.966382 0.218947
1784010349.188611984 -2.841283 1.847369 -0.257984 -0.132520 0.024430 0.966387 0.218947
1784010349.194700003 -2.841405 1.847417 -0.258004 -0.132492 0.024390 0.966392 0.218946
1784010349.198972940 -2.841493 1.847452 -0.258019 -0.132505 0.024371 0.966391 0.218944
1784010349.204701900 -2.841604 1.847498 -0.258039 -0.132483 0.024366 0.966395 0.218943
1784010349.208962917 -2.841687 1.847532 -0.258056 -0.132465 0.024350 0.966398 0.218941
1784010349.214842081 -2.841797 1.847579 -0.258079 -0.132459 0.024323 0.966400 0.218937
1784010349.218724966 -2.841871 1.847611 -0.258096 -0.132462 0.024314 0.966400 0.218937
1784010349.224537134 -2.841975 1.847659 -0.258120 -0.132426 0.024296 0.966405 0.218938
1784010349.224537134 -2.841975 1.847659 -0.258120 -0.132426 0.024296 0.966405 0.218938
1784010349.224638939 -2.841976 1.847659 -0.258120 -0.132424 0.024296 0.966405 0.218938
1784010349.228924990 -2.842040 1.847683 -0.258130 -0.132406 0.024303 0.966408 0.218939
1784010349.234642029 -2.842121 1.847712 -0.258141 -0.132401 0.024298 0.966409 0.218938
1784010349.239034891 -2.842183 1.847735 -0.258152 -0.132384 0.024293 0.966411 0.218937
1784010349.244631052 -2.842258 1.847761 -0.258166 -0.132340 0.024290 0.966415 0.218947
1784010349.248924017 -2.842316 1.847781 -0.258179 -0.132333 0.024295 0.966417 0.218945
1784010349.254671097 -2.842390 1.847803 -0.258195 -0.132316 0.024301 0.966421 0.218933
1784010349.258784056 -2.842443 1.847819 -0.258209 -0.132294 0.024289 0.966425 0.218932
1784010349.264607906 -2.842514 1.847837 -0.258227 -0.132259 0.024274 0.966431 0.218928
1784010349.268676996 -2.842565 1.847850 -0.258241 -0.132253 0.024269 0.966433 0.218923
1784010349.274570942 -2.842633 1.847864 -0.258261 -0.132225 0.024260 0.966437 0.218925
1784010349.279268980 -2.842687 1.847874 -0.258279 -0.132193 0.024255 0.966442 0.218923
1784010349.284583092 -2.842747 1.847883 -0.258300 -0.132176 0.024253 0.966444 0.218922
1784010349.288611889 -2.842792 1.847890 -0.258317 -0.132174 0.024243 0.966444 0.218925
1784010349.294589043 -2.842855 1.847896 -0.258342 -0.132130 0.024228 0.966449 0.218930
1784010349.298937082 -2.842900 1.847902 -0.258362 -0.132102 0.024220 0.966452 0.218934
1784010349.304675102 -2.842956 1.847907 -0.258388 -0.132076 0.024213 0.966456 0.218934
1784010349.309114933 -2.842998 1.847912 -0.258409 -0.132062 0.024204 0.966458 0.218935
1784010349.314631939 -2.843047 1.847916 -0.258437 -0.132032 0.024184 0.966463 0.218933
1784010349.319040060 -2.843086 1.847919 -0.258460 -0.132016 0.024185 0.966465 0.218935
1784010349.324174166 -2.843130 1.847922 -0.258486 -0.132001 0.024191 0.966466 0.218939
1784010349.324174166 -2.843130 1.847922 -0.258486 -0.132001 0.024191 0.966466 0.218939
1784010349.324613094 -2.843133 1.847921 -0.258488 -0.132000 0.024192 0.966466 0.218939
1784010349.328763962 -2.843156 1.847911 -0.258498 -0.131978 0.024191 0.966470 0.218933
1784010349.334635973 -2.843183 1.847894 -0.258512 -0.131928 0.024198 0.966479 0.218927
1784010349.338980913 -2.843203 1.847882 -0.258524 -0.131910 0.024193 0.966482 0.218923
1784010349.344645977 -2.843226 1.847864 -0.258538 -0.131870 0.024176 0.966489 0.218919
1784010349.348742962 -2.843243 1.847850 -0.258551 -0.131856 0.024165 0.966491 0.218918
1784010349.354609013 -2.843263 1.847828 -0.258569 -0.131842 0.024150 0.966494 0.218916
1784010349.358907938 -2.843277 1.847813 -0.258583 -0.131809 0.024153 0.966498 0.218916
1784010349.364664078 -2.843288 1.847785 -0.258602 -0.131771 0.024180 0.966508 0.218894
1784010349.368829012 -2.843290 1.847761 -0.258620 -0.131776 0.024212 0.966510 0.218878
1784010349.374603033 -2.843276 1.847715 -0.258646 -0.131711 0.024202 0.966520 0.218873
1784010349.379268885 -2.843268 1.847678 -0.258669 -0.131648 0.024124 0.966529 0.218879
1784010349.384629965 -2.843266 1.847644 -0.258688 -0.131722 0.024064 0.966521 0.218878
1784010349.389111042 -2.843242 1.847618 -0.258720 -0.132013 0.024283 0.966486 0.218831
1784010349.394603014 -2.843100 1.847517 -0.258779 -0.132262 0.024610 0.966461 0.218754
1784010349.398768902 -2.842904 1.847378 -0.258836 -0.131951 0.024241 0.966496 0.218832
1784010349.404371023 -2.842652 1.847206 -0.258863 -0.131613 0.024058 0.966535 0.218882
1784010349.409074068 -2.842522 1.847115 -0.258832 -0.131850 0.024274 0.966500 0.218872
1784010349.414624929 -2.842323 1.846966 -0.258787 -0.133034 0.024568 0.966348 0.218792
1784010349.418896914 -2.842011 1.846765 -0.258770 -0.132666 0.024446 0.966407 0.218770
1784010349.424606085 -2.841507 1.846476 -0.258780 -0.131127 0.024119 0.966620 0.218792
1784010349.424606085 -2.841507 1.846476 -0.258780 -0.131127 0.024119 0.966620 0.218792
1784010349.424659967 -2.841501 1.846473 -0.258780 -0.131112 0.024115 0.966622 0.218793
1784010349.428986073 -2.841183 1.846292 -0.258745 -0.130951 0.023841 0.966624 0.218909
1784010349.434631109 -2.840862 1.846110 -0.258664 -0.132173 0.024184 0.966451 0.218902
1784010349.438977003 -2.840537 1.845931 -0.258612 -0.132888 0.024348 0.966360 0.218854
1784010349.444607973 -2.839943 1.845618 -0.258603 -0.131478 0.023881 0.966557 0.218885
1784010349.448766947 -2.839522 1.845419 -0.258610 -0.130758 0.023801 0.966646 0.218934
1784010349.454596043 -2.839048 1.845202 -0.258589 -0.131610 0.023800 0.966512 0.219014
1784010349.458839893 -2.838682 1.845033 -0.258580 -0.132421 0.024226 0.966401 0.218967
1784010349.464564085 -2.838036 1.844707 -0.258604 -0.131889 0.024076 0.966457 0.219058
1784010349.469017982 -2.837516 1.844427 -0.258640 -0.131074 0.023505 0.966564 0.219137
1784010349.474621058 -2.836951 1.844142 -0.258594 -0.131096 0.023480 0.966557 0.219155
1784010349.478828907 -2.836568 1.843964 -0.258549 -0.131647 0.023826 0.966493 0.219074
1784010349.484602928 -2.835914 1.843642 -0.258536 -0.132084 0.024012 0.966427 0.219079
1784010349.488964081 -2.835282 1.843319 -0.258536 -0.131505 0.023846 0.966498 0.219135
1784010349.494659901 -2.834449 1.842894 -0.258516 -0.131151 0.023891 0.966567 0.219036
1784010349.498862982 -2.833937 1.842624 -0.258495 -0.131285 0.023680 0.966537 0.219110
1784010349.504610062 -2.833222 1.842244 -0.258436 -0.132168 0.023988 0.966419 0.219065
1784010349.508879900 -2.832568 1.841895 -0.258394 -0.132066 0.023836 0.966434 0.219080
1784010349.514674902 -2.831614 1.841400 -0.258366 -0.130737 0.023489 0.966618 0.219100
1784010349.519124985 -2.830971 1.841075 -0.258349 -0.130566 0.023312 0.966625 0.219194
1784010349.524345160 -2.830241 1.840713 -0.258293 -0.131656 0.023542 0.966465 0.219223
1784010349.524345160 -2.830241 1.840713 -0.258293 -0.131656 0.023542 0.966465 0.219223
1784010349.524461031 -2.830222 1.840703 -0.258289 -0.131679 0.023549 0.966461 0.219223
1784010349.529150963 -2.829405 1.840306 -0.258186 -0.131691 0.023897 0.966455 0.219208
1784010349.534672022 -2.828388 1.839789 -0.258117 -0.130490 0.023403 0.966598 0.219345
1784010349.538990021 -2.827656 1.839412 -0.258049 -0.130344 0.023234 0.966604 0.219424
1784010349.544764996 -2.826694 1.838936 -0.257918 -0.131641 0.023920 0.966433 0.219331
1784010349.548742056 -2.826005 1.838604 -0.257843 -0.132542 0.024389 0.966312 0.219268
1784010349.554601908 -2.824961 1.838100 -0.257737 -0.130990 0.024075 0.966494 0.219437
1784010349.558983088 -2.824247 1.837740 -0.257641 -0.130906 0.023731 0.966498 0.219506
1784010349.564433098 -2.823430 1.837338 -0.257440 -0.132025 0.023960 0.966344 0.219486
1784010349.569065094 -2.822706 1.837003 -0.257299 -0.132167 0.024251 0.966329 0.219436
1784010349.574603081 -2.821718 1.836532 -0.257161 -0.131405 0.024280 0.966424 0.219474
1784010349.578694105 -2.820897 1.836127 -0.257025 -0.130849 0.024299 0.966492 0.219503
1784010349.584584951 -2.819710 1.835532 -0.256794 -0.131133 0.024527 0.966460 0.219447
1784010349.588701010 -2.818963 1.835155 -0.256640 -0.131339 0.024684 0.966437 0.219409
1784010349.594618082 -2.817849 1.834589 -0.256378 -0.131925 0.024858 0.966352 0.219411
1784010349.598807096 -2.816975 1.834143 -0.256165 -0.132347 0.024979 0.966291 0.219413
1784010349.604609013 -2.815744 1.833523 -0.255879 -0.131315 0.024827 0.966432 0.219430
1784010349.608740091 -2.814923 1.833120 -0.255730 -0.130588 0.024715 0.966530 0.219444
1784010349.614352942 -2.813807 1.832591 -0.255537 -0.131926 0.025187 0.966331 0.219468
1784010349.618921041 -2.812873 1.832166 -0.255371 -0.133020 0.025569 0.966166 0.219488
1784010349.624565125 -2.811687 1.831655 -0.255189 -0.131666 0.025366 0.966346 0.219536
1784010349.624565125 -2.811687 1.831655 -0.255189 -0.131666 0.025366 0.966346 0.219536
1784010349.624677896 -2.811661 1.831644 -0.255184 -0.131641 0.025362 0.966349 0.219537
1784010349.628921986 -2.810698 1.831249 -0.255020 -0.130687 0.025204 0.966474 0.219574
1784010349.634654999 -2.809372 1.830729 -0.254817 -0.131845 0.025261 0.966299 0.219649
1784010349.638999939 -2.808360 1.830345 -0.254674 -0.132717 0.025302 0.966165 0.219708
1784010349.644659996 -2.807012 1.829803 -0.254541 -0.131709 0.025089 0.966285 0.219808
1784010349.649044991 -2.805952 1.829327 -0.254528 -0.130924 0.024921 0.966378 0.219888
1784010349.654481888 -2.804640 1.828729 -0.254534 -0.131672 0.024951 0.966266 0.219933
1784010349.658852100 -2.803620 1.828292 -0.254521 -0.132270 0.024974 0.966175 0.219970
1784010349.664658070 -2.802193 1.827679 -0.254491 -0.131778 0.025073 0.966224 0.220038
1784010349.668641090 -2.801126 1.827200 -0.254495 -0.131434 0.025138 0.966258 0.220087
1784010349.674596071 -2.799517 1.826460 -0.254481 -0.132179 0.025159 0.966155 0.220090
1784010349.679028988 -2.798396 1.825936 -0.254460 -0.132728 0.025171 0.966079 0.220095
1784010349.684209108 -2.797110 1.825348 -0.254418 -0.133006 0.025262 0.966027 0.220142
1784010349.688654900 -2.795993 1.824837 -0.254397 -0.132874 0.025335 0.966040 0.220159
1784010349.694432974 -2.794482 1.824138 -0.254400 -0.133935 0.025486 0.965915 0.220045
1784010349.698679924 -2.793328 1.823616 -0.254438 -0.134710 0.025594 0.965823 0.219963
1784010349.704598904 -2.791666 1.822845 -0.254523 -0.133877 0.025603 0.965916 0.220061
1784010349.709096909 -2.790390 1.822222 -0.254635 -0.133238 0.025608 0.965987 0.220137
1784010349.714420080 -2.788967 1.821498 -0.254718 -0.132910 0.025128 0.966017 0.220259
1784010349.718693972 -2.787931 1.820967 -0.254727 -0.133791 0.025321 0.965896 0.220236
1784010349.724482059 -2.786467 1.820248 -0.254790 -0.132482 0.024965 0.966075 0.220282
1784010349.724482059 -2.786467 1.820248 -0.254790 -0.132482 0.024965 0.966075 0.220282
1784010349.724996090 -2.786324 1.820180 -0.254795 -0.132356 0.024931 0.966092 0.220287
1784010349.728991985 -2.785167 1.819641 -0.254866 -0.131364 0.024661 0.966226 0.220326
1784010349.734646082 -2.783570 1.818915 -0.254951 -0.130038 0.024523 0.966383 0.220436
1784010349.738765001 -2.782518 1.818436 -0.254981 -0.130527 0.024323 0.966292 0.220572
1784010349.744549990 -2.781006 1.817766 -0.255019 -0.130127 0.024433 0.966329 0.220630
1784010349.748893976 -2.779755 1.817207 -0.255085 -0.129841 0.024518 0.966356 0.220674
1784010349.754664898 -2.778028 1.816421 -0.255203 -0.128591 0.023795 0.966508 0.220818
1784010349.758831024 -2.776851 1.815900 -0.255277 -0.128497 0.023788 0.966506 0.220881
1784010349.764602900 -2.775275 1.815225 -0.255335 -0.129399 0.024081 0.966356 0.220978
1784010349.768824100 -2.774110 1.814726 -0.255404 -0.129447 0.024276 0.966339 0.221004
1784010349.774660110 -2.772478 1.814004 -0.255519 -0.128634 0.023946 0.966424 0.221143
1784010349.778845072 -2.771291 1.813474 -0.255608 -0.129238 0.023986 0.966340 0.221156
1784010349.784630060 -2.769441 1.812670 -0.255742 -0.129462 0.024326 0.966303 0.221146
1784010349.788729906 -2.768014 1.812038 -0.255881 -0.128596 0.024353 0.966401 0.221221
1784010349.794672012 -2.766012 1.811092 -0.256033 -0.128700 0.023773 0.966386 0.221291
1784010349.798834085 -2.764661 1.810442 -0.256088 -0.129549 0.023813 0.966278 0.221260
1784010349.804663897 -2.762627 1.809482 -0.256153 -0.129497 0.023960 0.966304 0.221165
1784010349.808912992 -2.761056 1.808735 -0.256245 -0.128469 0.023585 0.966437 0.221220
1784010349.814570904 -2.758945 1.807749 -0.256331 -0.128043 0.023554 0.966493 0.221229
1784010349.818705082 -2.757413 1.807042 -0.256391 -0.128565 0.023828 0.966426 0.221188
1784010349.824518204 -2.755197 1.806001 -0.256525 -0.128719 0.023865 0.966401 0.221205
1784010349.824518204 -2.755197 1.806001 -0.256525 -0.128719 0.023865 0.966401 0.221205
1784010349.824533939 -2.755191 1.805998 -0.256524 -0.128719 0.023865 0.966401 0.221205
1784010349.829051018 -2.753401 1.805145 -0.256600 -0.128288 0.023496 0.966441 0.221320
1784010349.834651947 -2.751161 1.804100 -0.256666 -0.128212 0.023402 0.966436 0.221393
1784010349.838972092 -2.749424 1.803314 -0.256713 -0.128421 0.023575 0.966397 0.221424
1784010349.844608068 -2.747115 1.802278 -0.256791 -0.128435 0.023802 0.966358 0.221561
1784010349.848762989 -2.745381 1.801497 -0.256866 -0.128270 0.023759 0.966351 0.221692
1784010349.854588032 -2.742935 1.800396 -0.256946 -0.128305 0.023663 0.966312 0.221854
1784010349.858758926 -2.741174 1.799613 -0.257000 -0.128367 0.023651 0.966274 0.221985
1784010349.864599943 -2.738674 1.798517 -0.257069 -0.128129 0.023725 0.966256 0.222193
1784010349.868897915 -2.736819 1.797710 -0.257124 -0.127998 0.023817 0.966238 0.222335
1784010349.874453068 -2.734420 1.796663 -0.257188 -0.128008 0.023849 0.966192 0.222528
1784010349.878750086 -2.732562 1.795850 -0.257250 -0.127905 0.023812 0.966169 0.222689
1784010349.884664059 -2.729997 1.794726 -0.257329 -0.127675 0.023762 0.966146 0.222928
1784010349.888984919 -2.728129 1.793906 -0.257385 -0.127732 0.023869 0.966103 0.223067
1784010349.894742012 -2.725646 1.792807 -0.257450 -0.127939 0.023999 0.966033 0.223239
1784010349.898819923 -2.723885 1.792020 -0.257508 -0.127896 0.023988 0.966008 0.223372
1784010349.904578924 -2.721398 1.790906 -0.257572 -0.127673 0.023957 0.965994 0.223565
1784010349.908826113 -2.719575 1.790088 -0.257607 -0.127706 0.024005 0.965960 0.223686
1784010349.914604902 -2.717105 1.788979 -0.257635 -0.127771 0.024118 0.965912 0.223846
1784010349.919069052 -2.715197 1.788117 -0.257663 -0.127623 0.024145 0.965901 0.223974
1784010349.924143076 -2.713038 1.787131 -0.257698 -0.127466 0.024062 0.965889 0.224126
1784010349.924143076 -2.713038 1.787131 -0.257698 -0.127466 0.024062 0.965889 0.224126
1784010349.924585104 -2.712850 1.787045 -0.257698 -0.127456 0.024055 0.965887 0.224139
1784010349.928709984 -2.711103 1.786241 -0.257693 -0.127484 0.024060 0.965861 0.224236
1784010349.934643984 -2.708597 1.785087 -0.257692 -0.127486 0.024121 0.965827 0.224374
1784010349.938903093 -2.706802 1.784258 -0.257707 -0.127415 0.024109 0.965812 0.224480
1784010349.944727898 -2.704359 1.783122 -0.257735 -0.127327 0.024071 0.965793 0.224617
1784010349.948729038 -2.702690 1.782342 -0.257763 -0.127355 0.024025 0.965769 0.224710
1784010349.954549074 -2.700272 1.781211 -0.257805 -0.127398 0.024006 0.965731 0.224848
1784010349.958810091 -2.698508 1.780387 -0.257840 -0.127455 0.024018 0.965703 0.224937
1784010349.964539051 -2.696143 1.779279 -0.257885 -0.127541 0.024023 0.965661 0.225065
1784010349.968673944 -2.694439 1.778481 -0.257926 -0.127559 0.023995 0.965636 0.225168
1784010349.974545002 -2.692022 1.777351 -0.257980 -0.127505 0.023955 0.965606 0.225328
1784010349.978816032 -2.690267 1.776534 -0.258021 -0.127484 0.023964 0.965584 0.225437
1784010349.984592915 -2.687898 1.775434 -0.258072 -0.127458 0.024012 0.965554 0.225574
1784010349.988866091 -2.686150 1.774623 -0.258118 -0.127438 0.023997 0.965529 0.225693
1784010349.994555950 -2.683832 1.773547 -0.258177 -0.127444 0.024013 0.965493 0.225840
1784010349.998756886 -2.682127 1.772758 -0.258226 -0.127493 0.024046 0.965462 0.225942
1784010350.004564047 -2.679787 1.771673 -0.258288 -0.127470 0.024065 0.965431 0.226088
1784010350.009063005 -2.677996 1.770844 -0.258338 -0.127355 0.024041 0.965423 0.226189
1784010350.014498949 -2.675874 1.769861 -0.258386 -0.127281 0.024100 0.965409 0.226285
1784010350.018733025 -2.674254 1.769108 -0.258422 -0.127280 0.024114 0.965391 0.226359
1784010350.024515152 -2.672080 1.768098 -0.258476 -0.127145 0.024127 0.965387 0.226453
1784010350.024515152 -2.672080 1.768098 -0.258476 -0.127145 0.024127 0.965387 0.226453
1784010350.024615049 -2.672043 1.768081 -0.258476 -0.127143 0.024128 0.965386 0.226454
1784010350.029011011 -2.670425 1.767325 -0.258490 -0.127069 0.024140 0.965381 0.226520
1784010350.034605980 -2.668412 1.766385 -0.258511 -0.127095 0.024222 0.965359 0.226589
1784010350.039124012 -2.666823 1.765643 -0.258542 -0.127124 0.024275 0.965340 0.226646
1784010350.044363976 -2.665017 1.764798 -0.258584 -0.127160 0.024337 0.965319 0.226711
1784010350.048758030 -2.663528 1.764103 -0.258622 -0.127233 0.024433 0.965295 0.226761
1784010350.054569960 -2.661593 1.763200 -0.258672 -0.127273 0.024503 0.965270 0.226839
1784010350.058820009 -2.660203 1.762553 -0.258709 -0.127238 0.024582 0.965259 0.226895
1784010350.064610958 -2.658353 1.761693 -0.258741 -0.127302 0.024736 0.965228 0.226972
1784010350.068679094 -2.657079 1.761098 -0.258763 -0.127396 0.024803 0.965199 0.227038
1784010350.074604034 -2.655251 1.760243 -0.258789 -0.127340 0.024849 0.965181 0.227141
1784010350.078943968 -2.653936 1.759629 -0.258812 -0.127279 0.024885 0.965170 0.227219
1784010350.084573984 -2.652270 1.758851 -0.258835 -0.127368 0.024973 0.965134 0.227312
1784010350.088768005 -2.651052 1.758283 -0.258855 -0.127444 0.025053 0.965106 0.227377
1784010350.094552040 -2.649398 1.757505 -0.258886 -0.127433 0.025085 0.965084 0.227474
1784010350.098674059 -2.648240 1.756957 -0.258912 -0.127449 0.025091 0.965066 0.227542
1784010350.104247093 -2.646705 1.756227 -0.258933 -0.127538 0.025136 0.965036 0.227611
1784010350.108704090 -2.645500 1.755653 -0.258948 -0.127568 0.025160 0.965017 0.227674
1784010350.114578962 -2.643939 1.754905 -0.258954 -0.127546 0.025183 0.965000 0.227756
1784010350.118648052 -2.642875 1.754395 -0.258960 -0.127563 0.025175 0.964985 0.227812
1784010350.124148130 -2.641459 1.753714 -0.258964 -0.127623 0.025185 0.964960 0.227884
1784010350.124148130 -2.641459 1.753714 -0.258964 -0.127623 0.025185 0.964960 0.227884
1784010350.124423027 -2.641391 1.753680 -0.258963 -0.127625 0.025185 0.964958 0.227888
1784010350.129117966 -2.640237 1.753112 -0.258944 -0.127623 0.025176 0.964940 0.227967
1784010350.134644985 -2.638907 1.752455 -0.258924 -0.127645 0.025201 0.964921 0.228033
1784010350.138699055 -2.637947 1.751981 -0.258911 -0.127696 0.025196 0.964904 0.228079
1784010350.144582987 -2.636580 1.751303 -0.258897 -0.127714 0.025216 0.964889 0.228130
1784010350.148884058 -2.635591 1.750813 -0.258895 -0.127719 0.025189 0.964875 0.228189
1784010350.154608011 -2.634297 1.750173 -0.258891 -0.127781 0.025204 0.964852 0.228250
1784010350.158842087 -2.633347 1.749706 -0.258889 -0.127801 0.025193 0.964836 0.228307
1784010350.164583921 -2.632087 1.749085 -0.258884 -0.127753 0.025147 0.964823 0.228391
1784010350.168828964 -2.631169 1.748636 -0.258878 -0.127759 0.025154 0.964810 0.228444
1784010350.174618006 -2.629942 1.748036 -0.258866 -0.127812 0.025198 0.964787 0.228507
1784010350.178787947 -2.629065 1.747609 -0.258864 -0.127794 0.025211 0.964779 0.228548
1784010350.184573889 -2.627869 1.747026 -0.258860 -0.127791 0.025213 0.964759 0.228636
1784010350.188937902 -2.626974 1.746594 -0.258858 -0.127848 0.025265 0.964738 0.228684
1784010350.194556952 -2.625843 1.746046 -0.258855 -0.127876 0.025269 0.964717 0.228760
1784010350.198939085 -2.624976 1.745626 -0.258855 -0.127865 0.025268 0.964706 0.228812
1784010350.204428911 -2.623915 1.745112 -0.258849 -0.127956 0.025317 0.964680 0.228865
1784010350.208760977 -2.623084 1.744711 -0.258848 -0.128018 0.025337 0.964660 0.228910
1784010350.214642048 -2.621975 1.744174 -0.258858 -0.127946 0.025371 0.964657 0.228962
1784010350.218826056 -2.621192 1.743795 -0.258871 -0.127975 0.025367 0.964640 0.229015
1784010350.224359035 -2.620171 1.743302 -0.258887 -0.128097 0.025430 0.964611 0.229063
1784010350.224379063 -2.620168 1.743300 -0.258887 -0.128096 0.025431 0.964611 0.229063
1784010350.224379063 -2.620168 1.743300 -0.258887 -0.128096 0.025431 0.964611 0.229063
1784010350.228604078 -2.619416 1.742926 -0.258897 -0.128111 0.025451 0.964596 0.229118
1784010350.234534025 -2.618381 1.742406 -0.258903 -0.128039 0.025373 0.964583 0.229220
1784010350.238863945 -2.617647 1.742039 -0.258899 -0.128019 0.025364 0.964575 0.229266
1784010350.244613886 -2.616700 1.741563 -0.258886 -0.128155 0.025399 0.964543 0.229322
1784010350.248866081 -2.616000 1.741214 -0.258880 -0.128160 0.025423 0.964530 0.229369
1784010350.254440069 -2.615095 1.740761 -0.258883 -0.128019 0.025426 0.964533 0.229434
1784010350.258800030 -2.614400 1.740413 -0.258887 -0.128105 0.025405 0.964507 0.229498
1784010350.264605045 -2.613484 1.739958 -0.258891 -0.128234 0.025475 0.964472 0.229565
1784010350.268765926 -2.612828 1.739636 -0.258897 -0.128234 0.025498 0.964460 0.229616
1784010350.274600029 -2.611920 1.739188 -0.258899 -0.128275 0.025476 0.964431 0.229714
1784010350.278898001 -2.611255 1.738862 -0.258891 -0.128266 0.025497 0.964420 0.229767
1784010350.284636021 -2.610407 1.738441 -0.258873 -0.128088 0.025451 0.964425 0.229848
1784010350.289020061 -2.609794 1.738139 -0.258851 -0.128088 0.025444 0.964414 0.229893
1784010350.294646025 -2.609030 1.737765 -0.258825 -0.128306 0.025600 0.964376 0.229913
1784010350.299745083 -2.608329 1.737424 -0.258830 -0.128234 0.025609 0.964374 0.229962
1784010350.303703070 -2.607785 1.737159 -0.258853 -0.128066 0.025556 0.964384 0.230021
1784010350.308768034 -2.607109 1.736833 -0.258878 -0.128209 0.025578 0.964350 0.230080
1784010350.314734936 -2.606322 1.736459 -0.258902 -0.128525 0.025736 0.964293 0.230128
1784010350.318902969 -2.605767 1.736197 -0.258920 -0.128485 0.025754 0.964283 0.230187
1784010350.324253082 -2.605062 1.735863 -0.258931 -0.128382 0.025730 0.964279 0.230266
1784010350.324253082 -2.605062 1.735863 -0.258931 -0.128382 0.025730 0.964279 0.230266
1784010350.324623108 -2.605016 1.735840 -0.258930 -0.128376 0.025728 0.964278 0.230271
1784010350.328694105 -2.604512 1.735594 -0.258914 -0.128417 0.025743 0.964264 0.230306
1784010350.334609985 -2.603794 1.735241 -0.258880 -0.128365 0.025794 0.964259 0.230351
1784010350.338846922 -2.603297 1.734993 -0.258853 -0.128180 0.025763 0.964277 0.230383
1784010350.344582081 -2.602685 1.734681 -0.258801 -0.128124 0.025747 0.964284 0.230387
1784010350.348714113 -2.602273 1.734471 -0.258766 -0.128253 0.025770 0.964266 0.230386
1784010350.354583025 -2.601688 1.734176 -0.258751 -0.128256 0.025901 0.964268 0.230362
1784010350.358797073 -2.601262 1.733961 -0.258769 -0.128179 0.025899 0.964275 0.230375
1784010350.364559889 -2.600709 1.733678 -0.258800 -0.128322 0.025846 0.964251 0.230403
1784010350.368877888 -2.600302 1.733474 -0.258820 -0.128525 0.025893 0.964219 0.230417
1784010350.374572992 -2.599761 1.733210 -0.258837 -0.128607 0.025985 0.964199 0.230447
1784010350.378694057 -2.599364 1.733018 -0.258843 -0.128548 0.026006 0.964198 0.230479
1784010350.384563923 -2.598815 1.732748 -0.258831 -0.128506 0.025980 0.964192 0.230531
1784010350.388782024 -2.598431 1.732558 -0.258814 -0.128398 0.025934 0.964199 0.230567
1784010350.394579887 -2.597942 1.732314 -0.258779 -0.128230 0.025949 0.964214 0.230599
1784010350.399440050 -2.597561 1.732124 -0.258751 -0.128312 0.025992 0.964200 0.230606
1784010350.404048920 -2.597205 1.731947 -0.258742 -0.128413 0.026040 0.964184 0.230609
1784010350.409106970 -2.596808 1.731749 -0.258762 -0.128292 0.026003 0.964195 0.230636
1784010350.414554119 -2.596394 1.731541 -0.258797 -0.128243 0.025986 0.964197 0.230659
1784010350.418792009 -2.596090 1.731388 -0.258812 -0.128426 0.026017 0.964169 0.230669
1784010350.424480200 -2.595716 1.731199 -0.258819 -0.128530 0.026072 0.964156 0.230661
1784010350.424480200 -2.595716 1.731199 -0.258819 -0.128530 0.026072 0.964156 0.230661
1784010350.424514055 -2.595715 1.731198 -0.258819 -0.128530 0.026073 0.964155 0.230661
1784010350.428960085 -2.595479 1.731070 -0.258800 -0.128456 0.026102 0.964161 0.230674
1784010350.434590101 -2.595201 1.730919 -0.258765 -0.128387 0.026165 0.964167 0.230680
1784010350.438937902 -2.594996 1.730808 -0.258744 -0.128386 0.026198 0.964167 0.230678
1784010350.444526911 -2.594740 1.730671 -0.258731 -0.128359 0.026202 0.964162 0.230713
1784010350.448859930 -2.594537 1.730566 -0.258732 -0.128338 0.026212 0.964161 0.230730
1784010350.454617023 -2.594284 1.730432 -0.258735 -0.128398 0.026240 0.964147 0.230751
1784010350.458775997 -2.594108 1.730337 -0.258738 -0.128433 0.026248 0.964136 0.230775
1784010350.464557886 -2.593888 1.730219 -0.258731 -0.128368 0.026325 0.964142 0.230779
1784010350.468765020 -2.593738 1.730139 -0.258719 -0.128409 0.026378 0.964133 0.230786
1784010350.474627972 -2.593545 1.730032 -0.258696 -0.128414 0.026450 0.964129 0.230792
1784010350.478965998 -2.593411 1.729957 -0.258686 -0.128286 0.026418 0.964145 0.230801
1784010350.484545946 -2.593275 1.729875 -0.258668 -0.128240 0.026361 0.964148 0.230820
1784010350.488820076 -2.593186 1.729824 -0.258653 -0.128298 0.026422 0.964141 0.230809
1784010350.494452953 -2.593095 1.729766 -0.258646 -0.128260 0.026457 0.964147 0.230805
1784010350.498579979 -2.593042 1.729729 -0.258653 -0.128207 0.026440 0.964152 0.230813
1784010350.503961086 -2.593000 1.729697 -0.258661 -0.128293 0.026499 0.964141 0.230804
1784010350.508919001 -2.592973 1.729676 -0.258672 -0.128450 0.026573 0.964120 0.230797
1784010350.514580011 -2.592942 1.729656 -0.258690 -0.128474 0.026617 0.964111 0.230814
1784010350.519228935 -2.592910 1.729638 -0.258706 -0.128422 0.026633 0.964114 0.230829
1784010350.524232149 -2.592880 1.729622 -0.258717 -0.128411 0.026619 0.964109 0.230857
1784010350.524232149 -2.592880 1.729622 -0.258717 -0.128411 0.026619 0.964109 0.230857
1784010350.524602890 -2.592882 1.729622 -0.258717 -0.128412 0.026617 0.964109 0.230859
1784010350.528753996 -2.592901 1.729619 -0.258705 -0.128434 0.026623 0.964101 0.230878
1784010350.534557104 -2.592937 1.729618 -0.258682 -0.128437 0.026644 0.964095 0.230901
1784010350.539048910 -2.592963 1.729616 -0.258663 -0.128439 0.026645 0.964092 0.230910
1784010350.544575930 -2.593003 1.729616 -0.258643 -0.128399 0.026643 0.964097 0.230914
1784010350.548662901 -2.593031 1.729618 -0.258633 -0.128390 0.026649 0.964098 0.230913
1784010350.554553032 -2.593084 1.729623 -0.258620 -0.128457 0.026671 0.964090 0.230905
1784010350.558859110 -2.593123 1.729627 -0.258615 -0.128522 0.026670 0.964084 0.230895
1784010350.564548969 -2.593180 1.729633 -0.258611 -0.128523 0.026648 0.964088 0.230883
1784010350.568675041 -2.593217 1.729638 -0.258609 -0.128505 0.026639 0.964092 0.230876
1784010350.574538946 -2.593280 1.729651 -0.258598 -0.128534 0.026668 0.964089 0.230868
1784010350.578814030 -2.593324 1.729662 -0.258590 -0.128560 0.026686 0.964087 0.230861
1784010350.584332943 -2.593384 1.729680 -0.258581 -0.128531 0.026662 0.964090 0.230866
1784010350.588917017 -2.593432 1.729696 -0.258576 -0.128493 0.026641 0.964094 0.230872
1784010350.594544888 -2.593499 1.729723 -0.258570 -0.128516 0.026656 0.964089 0.230878
1784010350.598577976 -2.593544 1.729743 -0.258569 -0.128553 0.026675 0.964083 0.230882
1784010350.604577065 -2.593620 1.729775 -0.258569 -0.128556 0.026668 0.964079 0.230899
1784010350.608694077 -2.593669 1.729797 -0.258571 -0.128552 0.026663 0.964078 0.230903
1784010350.614578009 -2.593748 1.729832 -0.258568 -0.128587 0.026696 0.964073 0.230904
1784010350.618591070 -2.593798 1.729857 -0.258567 -0.128613 0.026715 0.964069 0.230903
1784010350.624387980 -2.593876 1.729894 -0.258563 -0.128602 0.026704 0.964070 0.230905
1784010350.624387980 -2.593876 1.729894 -0.258563 -0.128602 0.026704 0.964070 0.230905
1784010350.624598026 -2.593880 1.729895 -0.258562 -0.128601 0.026703 0.964071 0.230904
1784010350.628947020 -2.593970 1.729926 -0.258555 -0.128576 0.026681 0.964077 0.230895
1784010350.634685040 -2.594094 1.729967 -0.258546 -0.128566 0.026677 0.964083 0.230874
1784010350.638793945 -2.594180 1.729998 -0.258543 -0.128568 0.026691 0.964086 0.230859
1784010350.644541025 -2.594306 1.730042 -0.258540 -0.128569 0.026693 0.964091 0.230838
1784010350.648854017 -2.594399 1.730076 -0.258541 -0.128565 0.026683 0.964094 0.230829
1784010350.654711962 -2.594529 1.730125 -0.258540 -0.128560 0.026681 0.964101 0.230804
1784010350.658730030 -2.594615 1.730160 -0.258540 -0.128570 0.026681 0.964103 0.230788
1784010350.664547920 -2.594744 1.730212 -0.258538 -0.128577 0.026671 0.964107 0.230770
1784010350.668807983 -2.594836 1.730250 -0.258537 -0.128570 0.026665 0.964110 0.230760
1784010350.674537897 -2.594962 1.730303 -0.258537 -0.128556 0.026649 0.964114 0.230753
1784010350.678805113 -2.595054 1.730343 -0.258537 -0.128557 0.026650 0.964116 0.230747
1784010350.684564114 -2.595181 1.730400 -0.258539 -0.128554 0.026653 0.964119 0.230735
1784010350.688800097 -2.595272 1.730442 -0.258542 -0.128551 0.026650 0.964121 0.230727
1784010350.694602013 -2.595400 1.730500 -0.258548 -0.128543 0.026646 0.964126 0.230711
1784010350.698765039 -2.595488 1.730543 -0.258554 -0.128550 0.026643 0.964127 0.230705
1784010350.704615116 -2.595616 1.730604 -0.258562 -0.128556 0.026633 0.964130 0.230688
1784010350.709284067 -2.595715 1.730652 -0.258570 -0.128554 0.026632 0.964134 0.230672
1784010350.714257002 -2.595821 1.730704 -0.258578 -0.128547 0.026626 0.964139 0.230659
1784010350.718908072 -2.595918 1.730754 -0.258586 -0.128541 0.026623 0.964143 0.230643
1784010350.724436998 -2.596035 1.730813 -0.258596 -0.128535 0.026617 0.964149 0.230625
1784010350.724436998 -2.596035 1.730813 -0.258596 -0.128535 0.026617 0.964149 0.230625
1784010350.724524021 -2.596038 1.730814 -0.258596 -0.128534 0.026616 0.964149 0.230625
1784010350.729064941 -2.596165 1.730866 -0.258601 -0.128511 0.026609 0.964152 0.230626
1784010350.734549046 -2.596319 1.730929 -0.258608 -0.128478 0.026597 0.964155 0.230634
1784010350.738677025 -2.596432 1.730976 -0.258614 -0.128467 0.026584 0.964157 0.230631
1784010350.744517088 -2.596596 1.731044 -0.258625 -0.128442 0.026574 0.964159 0.230637
1784010350.748825073 -2.596712 1.731095 -0.258633 -0.128428 0.026566 0.964161 0.230639
1784010350.754595041 -2.596870 1.731163 -0.258646 -0.128403 0.026550 0.964163 0.230644
1784010350.758776903 -2.596980 1.731213 -0.258656 -0.128387 0.026542 0.964165 0.230647
1784010350.764550924 -2.597134 1.731283 -0.258669 -0.128352 0.026527 0.964170 0.230649
1784010350.768765926 -2.597241 1.731334 -0.258680 -0.128332 0.026511 0.964172 0.230653
1784010350.774555922 -2.597392 1.731405 -0.258695 -0.128302 0.026484 0.964176 0.230657
1784010350.778918028 -2.597501 1.731458 -0.258708 -0.128288 0.026474 0.964178 0.230655
1784010350.784482956 -2.597642 1.731525 -0.258725 -0.128263 0.026466 0.964182 0.230654
1784010350.788733959 -2.597746 1.731576 -0.258740 -0.128253 0.026454 0.964183 0.230658
1784010350.794567108 -2.597890 1.731648 -0.258759 -0.128228 0.026434 0.964185 0.230666
1784010350.798526049 -2.597982 1.731696 -0.258773 -0.128217 0.026423 0.964186 0.230669
1784010350.804512024 -2.598125 1.731770 -0.258794 -0.128181 0.026400 0.964189 0.230677
1784010350.808988094 -2.598226 1.731825 -0.258810 -0.128158 0.026392 0.964192 0.230679
1784010350.814563990 -2.598353 1.731894 -0.258832 -0.128128 0.026378 0.964195 0.230683
1784010350.818717003 -2.598443 1.731944 -0.258850 -0.128111 0.026370 0.964197 0.230686
1784010350.824133158 -2.598562 1.732010 -0.258875 -0.128084 0.026352 0.964202 0.230684
1784010350.824133158 -2.598562 1.732010 -0.258875 -0.128084 0.026352 0.964202 0.230684
1784010350.824327946 -2.598568 1.732013 -0.258875 -0.128085 0.026351 0.964202 0.230684
1784010350.828581095 -2.598696 1.732069 -0.258887 -0.128115 0.026331 0.964201 0.230671
1784010350.834538937 -2.598877 1.732150 -0.258903 -0.128167 0.026306 0.964199 0.230655
1784010350.838892937 -2.599003 1.732207 -0.258916 -0.128198 0.026280 0.964198 0.230644
1784010350.844568968 -2.599168 1.732283 -0.258933 -0.128249 0.026236 0.964195 0.230632
1784010350.848735094 -2.599283 1.732338 -0.258947 -0.128282 0.026208 0.964193 0.230625
1784010350.854532957 -2.599446 1.732414 -0.258966 -0.128329 0.026183 0.964191 0.230613
1784010350.858726978 -2.599558 1.732468 -0.258981 -0.128359 0.026170 0.964189 0.230606
1784010350.864563942 -2.599717 1.732543 -0.259002 -0.128404 0.026142 0.964187 0.230590
1784010350.868947983 -2.599830 1.732599 -0.259019 -0.128434 0.026125 0.964186 0.230580
1784010350.874547958 -2.599974 1.732671 -0.259040 -0.128487 0.026092 0.964183 0.230567
1784010350.878799915 -2.600078 1.732724 -0.259059 -0.128523 0.026070 0.964181 0.230558
1784010350.884542942 -2.600219 1.732797 -0.259083 -0.128578 0.026026 0.964179 0.230540
1784010350.889019012 -2.600322 1.732852 -0.259105 -0.128611 0.026007 0.964179 0.230527
1784010350.894351959 -2.600445 1.732917 -0.259130 -0.128658 0.025979 0.964175 0.230518
1784010350.898494005 -2.600536 1.732967 -0.259151 -0.128690 0.025959 0.964173 0.230512
1784010350.904467106 -2.600670 1.733040 -0.259180 -0.128743 0.025931 0.964170 0.230499
1784010350.908714056 -2.600758 1.733091 -0.259201 -0.128776 0.025916 0.964168 0.230491
1784010350.914484978 -2.600878 1.733161 -0.259231 -0.128829 0.025893 0.964164 0.230479
1784010350.918778896 -2.600961 1.733211 -0.259255 -0.128864 0.025880 0.964162 0.230471
1784010350.924487114 -2.601073 1.733279 -0.259286 -0.128910 0.025856 0.964160 0.230456
1784010350.924487114 -2.601073 1.733279 -0.259286 -0.128910 0.025856 0.964160 0.230456
1784010350.924555063 -2.601075 1.733280 -0.259287 -0.128909 0.025856 0.964160 0.230456
1784010350.928730965 -2.601184 1.733330 -0.259300 -0.128893 0.025844 0.964162 0.230458
1784010350.934531927 -2.601336 1.733399 -0.259318 -0.128865 0.025821 0.964165 0.230462
1784010350.939033985 -2.601448 1.733451 -0.259333 -0.128849 0.025808 0.964167 0.230464
1784010350.944222927 -2.601576 1.733510 -0.259351 -0.128823 0.025783 0.964170 0.230470
1784010350.948894024 -2.601687 1.733563 -0.259368 -0.128811 0.025754 0.964172 0.230472
1784010350.954663992 -2.601822 1.733627 -0.259389 -0.128781 0.025742 0.964176 0.230472
1784010350.958719015 -2.601910 1.733670 -0.259406 -0.128766 0.025738 0.964179 0.230470
1784010350.964510918 -2.602037 1.733732 -0.259429 -0.128732 0.025714 0.964183 0.230474
1784010350.968821049 -2.602126 1.733778 -0.259448 -0.128713 0.025701 0.964185 0.230476
1784010350.974504948 -2.602242 1.733837 -0.259472 -0.128686 0.025679 0.964188 0.230483
1784010350.978800058 -2.602324 1.733881 -0.259492 -0.128672 0.025666 0.964189 0.230487
1784010350.984527111 -2.602433 1.733939 -0.259518 -0.128638 0.025643 0.964192 0.230494
1784010350.988776922 -2.602508 1.733981 -0.259540 -0.128620 0.025630 0.964194 0.230498
1784010350.994518995 -2.602609 1.734035 -0.259570 -0.128590 0.025619 0.964197 0.230507
1784010350.998629093 -2.602675 1.734073 -0.259593 -0.128574 0.025616 0.964198 0.230512
1784010351.004532099 -2.602771 1.734126 -0.259625 -0.128529 0.025593 0.964203 0.230517
1784010351.008553982 -2.602830 1.734162 -0.259649 -0.128506 0.025581 0.964206 0.230519
1784010351.014580011 -2.602919 1.734214 -0.259682 -0.128481 0.025548 0.964209 0.230525
1784010351.018606901 -2.602971 1.734248 -0.259705 -0.128471 0.025531 0.964210 0.230528
1784010351.024336100 -2.603045 1.734295 -0.259737 -0.128439 0.025518 0.964212 0.230536
1784010351.024404049 -2.603046 1.734296 -0.259737 -0.128438 0.025517 0.964212 0.230537
1784010351.024404049 -2.603046 1.734296 -0.259737 -0.128438 0.025517 0.964212 0.230537
1784010351.029071093 -2.603135 1.734333 -0.259745 -0.128416 0.025515 0.964215 0.230537
1784010351.034574986 -2.603237 1.734374 -0.259754 -0.128390 0.025503 0.964219 0.230536
1784010351.038947105 -2.603312 1.734406 -0.259763 -0.128376 0.025497 0.964222 0.230535
1784010351.044378996 -2.603404 1.734444 -0.259774 -0.128348 0.025481 0.964225 0.230539
1784010351.048723936 -2.603470 1.734473 -0.259785 -0.128331 0.025471 0.964227 0.230540
1784010351.054462910 -2.603557 1.734510 -0.259798 -0.128293 0.025470 0.964231 0.230544
1784010351.058794975 -2.603616 1.734537 -0.259810 -0.128278 0.025462 0.964233 0.230545
1784010351.064529896 -2.603692 1.734571 -0.259825 -0.128247 0.025445 0.964237 0.230547
1784010351.068737984 -2.603741 1.734595 -0.259839 -0.128233 0.025433 0.964239 0.230547
1784010351.074474096 -2.603807 1.734625 -0.259855 -0.128206 0.025430 0.964244 0.230545
1784010351.078824043 -2.603851 1.734647 -0.259871 -0.128186 0.025431 0.964246 0.230545
1784010351.084517956 -2.603906 1.734674 -0.259889 -0.128155 0.025401 0.964251 0.230545
1784010351.088732004 -2.603940 1.734693 -0.259906 -0.128137 0.025390 0.964253 0.230546
1784010351.094573975 -2.603987 1.734718 -0.259926 -0.128100 0.025382 0.964259 0.230543
1784010351.098970890 -2.604015 1.734735 -0.259944 -0.128080 0.025380 0.964262 0.230543
1784010351.104285002 -2.604047 1.734754 -0.259965 -0.128051 0.025376 0.964265 0.230546
1784010351.108531952 -2.604067 1.734767 -0.259985 -0.128039 0.025369 0.964267 0.230547
1784010351.114564896 -2.604097 1.734785 -0.260009 -0.128005 0.025360 0.964272 0.230547
1784010351.118859053 -2.604110 1.734797 -0.260030 -0.127988 0.025352 0.964274 0.230548
1784010351.124147177 -2.604125 1.734810 -0.260055 -0.127955 0.025341 0.964277 0.230553
1784010351.124147177 -2.604125 1.734810 -0.260055 -0.127955 0.025341 0.964277 0.230553
1784010351.124560118 -2.604128 1.734811 -0.260054 -0.127956 0.025340 0.964277 0.230553
1784010351.128580093 -2.604162 1.734824 -0.260043 -0.127965 0.025334 0.964276 0.230552
1784010351.134571075 -2.604212 1.734843 -0.260021 -0.127987 0.025318 0.964274 0.230551
1784010351.139154911 -2.604243 1.734855 -0.260009 -0.128006 0.025307 0.964272 0.230551
1784010351.144644976 -2.604279 1.734867 -0.259992 -0.128028 0.025295 0.964270 0.230547
1784010351.148639917 -2.604299 1.734875 -0.259984 -0.128043 0.025289 0.964270 0.230541
1784010351.154499054 -2.604329 1.734885 -0.259967 -0.128062 0.025283 0.964268 0.230539
1784010351.158767939 -2.604343 1.734892 -0.259959 -0.128078 0.025278 0.964266 0.230539
1784010351.164546013 -2.604361 1.734899 -0.259944 -0.128098 0.025256 0.964263 0.230541
1784010351.168720961 -2.604368 1.734903 -0.259938 -0.128107 0.025250 0.964263 0.230537
1784010351.174521923 -2.604377 1.734907 -0.259925 -0.128123 0.025243 0.964261 0.230538
1784010351.178740978 -2.604378 1.734908 -0.259921 -0.128138 0.025240 0.964260 0.230537
1784010351.184478998 -2.604379 1.734909 -0.259910 -0.128158 0.025229 0.964259 0.230531
1784010351.188635111 -2.604373 1.734909 -0.259907 -0.128174 0.025222 0.964257 0.230528
1784010351.194664955 -2.604366 1.734908 -0.259898 -0.128200 0.025204 0.964254 0.230527
1784010351.198770046 -2.604353 1.734906 -0.259896 -0.128216 0.025197 0.964252 0.230530
1784010351.204494953 -2.604337 1.734903 -0.259890 -0.128234 0.025181 0.964249 0.230532
1784010351.208578110 -2.604319 1.734899 -0.259891 -0.128243 0.025175 0.964248 0.230533
1784010351.214236021 -2.604296 1.734893 -0.259888 -0.128264 0.025155 0.964248 0.230526
1784010351.218772888 -2.604272 1.734886 -0.259888 -0.128283 0.025143 0.964247 0.230520
1784010351.224148989 -2.604242 1.734878 -0.259887 -0.128301 0.025136 0.964246 0.230515
1784010351.224148989 -2.604242 1.734878 -0.259887 -0.128301 0.025136 0.964246 0.230515
1784010351.224533081 -2.604243 1.734878 -0.259885 -0.128302 0.025138 0.964246 0.230515
1784010351.228727102 -2.604249 1.734876 -0.259864 -0.128317 0.025153 0.964243 0.230514
1784010351.234513998 -2.604258 1.734874 -0.259832 -0.128339 0.025180 0.964239 0.230516
1784010351.239053965 -2.604259 1.734871 -0.259810 -0.128356 0.025196 0.964236 0.230517
1784010351.244339943 -2.604260 1.734866 -0.259784 -0.128378 0.025221 0.964234 0.230514
1784010351.248802900 -2.604257 1.734860 -0.259763 -0.128392 0.025247 0.964232 0.230512
1784010351.254549980 -2.604255 1.734853 -0.259736 -0.128413 0.025277 0.964228 0.230511
1784010351.258861065 -2.604247 1.734847 -0.259718 -0.128428 0.025296 0.964225 0.230513
1784010351.264520884 -2.604239 1.734839 -0.259693 -0.128451 0.025325 0.964224 0.230503
1784010351.268693924 -2.604227 1.734832 -0.259677 -0.128469 0.025340 0.964221 0.230502
1784010351.274530888 -2.604213 1.734823 -0.259652 -0.128489 0.025374 0.964217 0.230504
1784010351.278846979 -2.604198 1.734814 -0.259637 -0.128504 0.025394 0.964216 0.230500
1784010351.284672022 -2.604178 1.734803 -0.259615 -0.128525 0.025425 0.964212 0.230499
1784010351.288729906 -2.604160 1.734794 -0.259603 -0.128542 0.025439 0.964209 0.230501
1784010351.294542074 -2.604136 1.734782 -0.259582 -0.128561 0.025476 0.964206 0.230497
1784010351.298873901 -2.604113 1.734772 -0.259570 -0.128575 0.025499 0.964206 0.230489
1784010351.304517031 -2.604085 1.734759 -0.259551 -0.128599 0.025526 0.964202 0.230487
1784010351.308733940 -2.604059 1.734748 -0.259540 -0.128618 0.025537 0.964199 0.230488
1784010351.314290047 -2.604026 1.734735 -0.259524 -0.128641 0.025564 0.964196 0.230487
1784010351.318587065 -2.603997 1.734723 -0.259515 -0.128655 0.025586 0.964194 0.230485
1784010351.324279070 -2.603960 1.734707 -0.259501 -0.128680 0.025611 0.964191 0.230480
1784010351.324279070 -2.603960 1.734707 -0.259501 -0.128680 0.025611 0.964191 0.230480
1784010351.324439049 -2.603960 1.734707 -0.259500 -0.128680 0.025611 0.964191 0.230480
1784010351.329056025 -2.603957 1.734704 -0.259479 -0.128688 0.025617 0.964189 0.230483
1784010351.334531069 -2.603954 1.734701 -0.259455 -0.128694 0.025634 0.964188 0.230482
1784010351.338665962 -2.603948 1.734698 -0.259437 -0.128696 0.025652 0.964188 0.230480
1784010351.344588995 -2.603942 1.734696 -0.259410 -0.128703 0.025669 0.964188 0.230475
1784010351.348777056 -2.603933 1.734693 -0.259394 -0.128713 0.025674 0.964186 0.230476
1784010351.354515076 -2.603923 1.734689 -0.259371 -0.128720 0.025699 0.964185 0.230475
1784010351.358901024 -2.603912 1.734686 -0.259356 -0.128727 0.025709 0.964184 0.230472
1784010351.364335060 -2.603899 1.734682 -0.259336 -0.128728 0.025722 0.964183 0.230476
1784010351.368697882 -2.603885 1.734679 -0.259322 -0.128725 0.025742 0.964183 0.230475
1784010351.374547005 -2.603869 1.734677 -0.259302 -0.128728 0.025759 0.964181 0.230479
1784010351.378599882 -2.603854 1.734674 -0.259290 -0.128736 0.025771 0.964179 0.230481
1784010351.384516001 -2.603835 1.734671 -0.259272 -0.128745 0.025791 0.964178 0.230479
1784010351.388789892 -2.603817 1.734667 -0.259261 -0.128750 0.025807 0.964177 0.230477
1784010351.394547939 -2.603796 1.734663 -0.259246 -0.128760 0.025825 0.964177 0.230469
1784010351.399163961 -2.603776 1.734660 -0.259236 -0.128767 0.025835 0.964175 0.230475
1784010351.404495955 -2.603752 1.734656 -0.259224 -0.128759 0.025860 0.964176 0.230473
1784010351.408876896 -2.603730 1.734653 -0.259215 -0.128763 0.025872 0.964175 0.230473
1784010351.414594889 -2.603703 1.734651 -0.259203 -0.128770 0.025888 0.964175 0.230468
1784010351.419188976 -2.603678 1.734648 -0.259195 -0.128773 0.025902 0.964173 0.230470
1784010351.424242020 -2.603650 1.734644 -0.259188 -0.128774 0.025928 0.964173 0.230468
1784010351.424288988 -2.603651 1.734644 -0.259188 -0.128774 0.025928 0.964173 0.230468
1784010351.424288988 -2.603651 1.734644 -0.259188 -0.128774 0.025928 0.964173 0.230468
1784010351.428678036 -2.603665 1.734650 -0.259177 -0.128750 0.025921 0.964177 0.230466
1784010351.434559107 -2.603690 1.734658 -0.259162 -0.128699 0.025915 0.964185 0.230461
1784010351.438996077 -2.603702 1.734663 -0.259153 -0.128664 0.025913 0.964191 0.230457
1784010351.444180012 -2.603719 1.734671 -0.259142 -0.128617 0.025912 0.964198 0.230453
1784010351.448749065 -2.603730 1.734677 -0.259132 -0.128585 0.025910 0.964202 0.230455
1784010351.454317093 -2.603746 1.734686 -0.259122 -0.128541 0.025908 0.964208 0.230454
1784010351.458718061 -2.603754 1.734692 -0.259114 -0.128516 0.025906 0.964212 0.230451
1784010351.464488029 -2.603768 1.734701 -0.259105 -0.128473 0.025901 0.964219 0.230446
1784010351.468699932 -2.603774 1.734707 -0.259100 -0.128447 0.025905 0.964222 0.230446
1784010351.474489927 -2.603785 1.734717 -0.259093 -0.128397 0.025898 0.964230 0.230445
1784010351.478749037 -2.603788 1.734724 -0.259088 -0.128368 0.025892 0.964234 0.230444
1784010351.484540939 -2.603797 1.734734 -0.259082 -0.128318 0.025886 0.964241 0.230442
1784010351.488565922 -2.603797 1.734741 -0.259079 -0.128298 0.025884 0.964244 0.230441
1784010351.494510889 -2.603803 1.734752 -0.259076 -0.128250 0.025884 0.964251 0.230440
1784010351.498732090 -2.603802 1.734759 -0.259074 -0.128222 0.025893 0.964255 0.230437
1784010351.504570007 -2.603805 1.734770 -0.259073 -0.128174 0.025890 0.964262 0.230435
1784010351.509332895 -2.603803 1.734778 -0.259073 -0.128142 0.025889 0.964266 0.230437
1784010351.513668060 -2.603798 1.734786 -0.259073 -0.128111 0.025888 0.964272 0.230430
1784010351.518690109 -2.603793 1.734796 -0.259074 -0.128073 0.025883 0.964278 0.230426
1784010351.524152994 -2.603788 1.734807 -0.259076 -0.128032 0.025875 0.964282 0.230430
1784010351.524152994 -2.603788 1.734807 -0.259076 -0.128032 0.025875 0.964282 0.230430
1784010351.524552107 -2.603791 1.734809 -0.259076 -0.128033 0.025874 0.964282 0.230430
1784010351.528856993 -2.603838 1.734830 -0.259078 -0.128037 0.025869 0.964284 0.230420
1784010351.534528017 -2.603904 1.734860 -0.259081 -0.128039 0.025861 0.964288 0.230405
1784010351.538984060 -2.603950 1.734882 -0.259085 -0.128038 0.025866 0.964289 0.230400
1784010351.544472933 -2.604009 1.734911 -0.259090 -0.128038 0.025860 0.964292 0.230389
1784010351.548743963 -2.604048 1.734932 -0.259095 -0.128037 0.025854 0.964294 0.230381
1784010351.554505110 -2.604107 1.734962 -0.259103 -0.128030 0.025847 0.964299 0.230363
1784010351.558805943 -2.604143 1.734984 -0.259109 -0.128035 0.025837 0.964299 0.230361
1784010351.564502954 -2.604195 1.735013 -0.259118 -0.128033 0.025835 0.964300 0.230359
1784010351.568747044 -2.604227 1.735033 -0.259126 -0.128037 0.025832 0.964301 0.230354
1784010351.574513912 -2.604276 1.735062 -0.259138 -0.128036 0.025825 0.964305 0.230339
1784010351.578615904 -2.604303 1.735081 -0.259146 -0.128038 0.025818 0.964306 0.230333
1784010351.584474087 -2.604348 1.735111 -0.259159 -0.128035 0.025818 0.964311 0.230316
1784010351.588768959 -2.604372 1.735132 -0.259169 -0.128033 0.025821 0.964314 0.230304
1784010351.594469070 -2.604410 1.735160 -0.259184 -0.128032 0.025814 0.964315 0.230298
1784010351.598828077 -2.604431 1.735181 -0.259196 -0.128040 0.025799 0.964315 0.230298
1784010351.604121923 -2.604460 1.735206 -0.259212 -0.128042 0.025800 0.964317 0.230288
1784010351.608721018 -2.604481 1.735227 -0.259227 -0.128060 0.025784 0.964316 0.230282
1784010351.613919020 -2.604493 1.735256 -0.259259 -0.128147 0.025806 0.964308 0.230265
1784010351.618989944 -2.604429 1.735260 -0.259311 -0.128630 0.026063 0.964248 0.230217
1784010351.624387980 -2.604201 1.735178 -0.259373 -0.128584 0.026222 0.964243 0.230249
1784010351.624387980 -2.604201 1.735178 -0.259373 -0.128584 0.026222 0.964243 0.230249
1784010351.624650955 -2.604187 1.735172 -0.259377 -0.128583 0.026231 0.964242 0.230251
1784010351.628901958 -2.603983 1.735076 -0.259433 -0.128174 0.026086 0.964300 0.230251
1784010351.634560108 -2.603828 1.735008 -0.259473 -0.128348 0.025688 0.964268 0.230337
1784010351.638797998 -2.603716 1.734977 -0.259450 -0.129340 0.026156 0.964132 0.230298
1784010351.644562960 -2.603318 1.734820 -0.259439 -0.129340 0.026351 0.964142 0.230234
1784010351.648910046 -2.602904 1.734640 -0.259489 -0.127792 0.026122 0.964346 0.230270
1784010351.654525042 -2.602543 1.734477 -0.259542 -0.127490 0.025545 0.964366 0.230418
1784010351.658689976 -2.602353 1.734399 -0.259539 -0.128885 0.025804 0.964168 0.230439
1784010351.664573908 -2.601835 1.734181 -0.259563 -0.130006 0.026450 0.964042 0.230265
1784010351.668833017 -2.601267 1.733929 -0.259648 -0.128652 0.026300 0.964212 0.230329
1784010351.674535036 -2.600628 1.733660 -0.259731 -0.127318 0.025968 0.964360 0.230489
1784010351.678730965 -2.600282 1.733519 -0.259734 -0.128679 0.026133 0.964170 0.230510
1784010351.684509039 -2.599631 1.733238 -0.259726 -0.130226 0.026787 0.963964 0.230430
1784010351.688812017 -2.598945 1.732936 -0.259758 -0.129351 0.026595 0.964073 0.230488
1784010351.694367886 -2.598120 1.732574 -0.259784 -0.127488 0.026029 0.964275 0.230745
1784010351.698616028 -2.597603 1.732366 -0.259726 -0.128709 0.026429 0.964112 0.230702
1784010351.704524040 -2.596722 1.731954 -0.259663 -0.130093 0.026528 0.963907 0.230773
1784010351.708612919 -2.595910 1.731562 -0.259669 -0.129110 0.026310 0.964040 0.230791
1784010351.714502096 -2.594826 1.731054 -0.259647 -0.127625 0.026661 0.964208 0.230877
1784010351.719207048 -2.594143 1.730709 -0.259537 -0.128982 0.026692 0.964010 0.230944
1784010351.724170923 -2.593429 1.730336 -0.259451 -0.129857 0.026947 0.963904 0.230869
1784010351.724243164 -2.593418 1.730330 -0.259451 -0.129842 0.026938 0.963906 0.230871
1784010351.724243164 -2.593418 1.730330 -0.259451 -0.129842 0.026938 0.963906 0.230871
1784010351.728907108 -2.592631 1.729923 -0.259446 -0.128845 0.026354 0.964019 0.231023
1784010351.734512091 -2.591524 1.729410 -0.259408 -0.128463 0.026553 0.964079 0.230964
1784010351.739074945 -2.590594 1.729006 -0.259377 -0.128520 0.027117 0.964064 0.230930
1784010351.744044065 -2.589672 1.728587 -0.259358 -0.128346 0.026840 0.964057 0.231088
1784010351.748953104 -2.588847 1.728196 -0.259327 -0.128953 0.026786 0.963951 0.231198
1784010351.754736900 -2.587776 1.727663 -0.259267 -0.130023 0.026511 0.963794 0.231284
1784010351.758701086 -2.586877 1.727232 -0.259215 -0.129578 0.026587 0.963846 0.231307
1784010351.764517069 -2.585532 1.726620 -0.259170 -0.127945 0.026865 0.964057 0.231306
1784010351.768713951 -2.584682 1.726229 -0.259124 -0.128034 0.026774 0.964013 0.231453
1784010351.774496078 -2.583609 1.725742 -0.259016 -0.129335 0.027306 0.963823 0.231459
1784010351.778666973 -2.582792 1.725360 -0.258964 -0.129863 0.027445 0.963743 0.231476
1784010351.784512043 -2.581425 1.724681 -0.258923 -0.129357 0.026920 0.963786 0.231641
1784010351.788769960 -2.580293 1.724148 -0.258884 -0.128548 0.026750 0.963900 0.231638
1784010351.794425011 -2.578895 1.723525 -0.258822 -0.128063 0.027187 0.963943 0.231678
1784010351.798640966 -2.577971 1.723107 -0.258775 -0.128827 0.027325 0.963822 0.231741
1784010351.804497957 -2.576603 1.722430 -0.258707 -0.130088 0.027541 0.963625 0.231830
1784010351.808635950 -2.575488 1.721848 -0.258659 -0.129680 0.026988 0.963667 0.231950
1784010351.814534903 -2.573884 1.721065 -0.258565 -0.128244 0.026834 0.963866 0.231940
1784010351.818439007 -2.572900 1.720607 -0.258471 -0.128185 0.026852 0.963850 0.232036
1784010351.823949099 -2.571558 1.720009 -0.258335 -0.128823 0.027249 0.963746 0.232068
1784010351.824347973 -2.571460 1.719967 -0.258325 -0.128849 0.027292 0.963742 0.232067
1784010351.824347973 -2.571460 1.719967 -0.258325 -0.128849 0.027292 0.963742 0.232067
1784010351.828788996 -2.570356 1.719462 -0.258246 -0.129144 0.027761 0.963691 0.232059
1784010351.834450960 -2.568838 1.718702 -0.258186 -0.129070 0.027126 0.963672 0.232253
1784010351.839180946 -2.567491 1.718045 -0.258121 -0.128668 0.026840 0.963725 0.232291
1784010351.844203949 -2.566106 1.717416 -0.258031 -0.128384 0.027191 0.963746 0.232320
1784010351.848666906 -2.564940 1.716895 -0.257951 -0.128829 0.027294 0.963662 0.232409
1784010351.854496956 -2.563355 1.716157 -0.257869 -0.129609 0.027745 0.963536 0.232445
1784010351.858856916 -2.562065 1.715526 -0.257826 -0.129311 0.027456 0.963551 0.232582
1784010351.864305973 -2.560427 1.714724 -0.257767 -0.128833 0.027139 0.963615 0.232619
1784010351.868686914 -2.559166 1.714127 -0.257693 -0.128793 0.026981 0.963590 0.232762
1784010351.874490976 -2.557545 1.713402 -0.257605 -0.129247 0.027541 0.963507 0.232788
1784010351.878895998 -2.556249 1.712804 -0.257582 -0.130098 0.028047 0.963388 0.232746
1784010351.884644985 -2.554306 1.711861 -0.257599 -0.129637 0.027151 0.963396 0.233076
1784010351.888622046 -2.552850 1.711185 -0.257600 -0.128887 0.027404 0.963487 0.233086
1784010351.894484997 -2.550863 1.710240 -0.257579 -0.128965 0.027339 0.963455 0.233184
1784010351.898855925 -2.549454 1.709535 -0.257533 -0.129937 0.027498 0.963303 0.233256
1784010351.904248953 -2.547556 1.708571 -0.257457 -0.129854 0.027306 0.963309 0.233297
1784010351.908989906 -2.545810 1.707690 -0.257436 -0.128636 0.026735 0.963456 0.233431
1784010351.914479971 -2.543876 1.706736 -0.257379 -0.128099 0.026667 0.963481 0.233633
1784010351.919352055 -2.542207 1.705936 -0.257308 -0.129017 0.027137 0.963341 0.233652
1784010351.924005985 -2.540522 1.705127 -0.257265 -0.129254 0.027671 0.963292 0.233661
1784010351.924005985 -2.540522 1.705127 -0.257265 -0.129254 0.027671 0.963292 0.233661
1784010351.924108028 -2.540484 1.705107 -0.257264 -0.129259 0.027682 0.963290 0.233661
1784010351.928872108 -2.538674 1.704202 -0.257271 -0.128039 0.027047 0.963433 0.233819
1784010351.934446096 -2.536621 1.703187 -0.257272 -0.127395 0.026855 0.963489 0.233962
1784010351.938637018 -2.535161 1.702481 -0.257212 -0.128264 0.026937 0.963342 0.234084
1784010351.944516897 -2.533088 1.701493 -0.257190 -0.129300 0.027492 0.963192 0.234065
1784010351.948508978 -2.531570 1.700767 -0.257217 -0.129154 0.027529 0.963190 0.234150
1784010351.954436064 -2.529160 1.699633 -0.257253 -0.128158 0.027233 0.963311 0.234236
1784010351.958688021 -2.527453 1.698850 -0.257264 -0.127926 0.027529 0.963324 0.234275
1784010351.964476109 -2.525257 1.697830 -0.257220 -0.128722 0.027400 0.963172 0.234478
1784010351.968800068 -2.523638 1.697077 -0.257201 -0.128919 0.027573 0.963132 0.234514
1784010351.974314928 -2.521475 1.696052 -0.257190 -0.128836 0.027632 0.963123 0.234588
1784010351.978645086 -2.519662 1.695184 -0.257197 -0.128483 0.027543 0.963157 0.234654
1784010351.984471083 -2.517206 1.694022 -0.257250 -0.127688 0.027460 0.963251 0.234712
1784010351.988615036 -2.515532 1.693241 -0.257287 -0.127834 0.027502 0.963207 0.234806
1784010351.994421005 -2.513255 1.692171 -0.257309 -0.128961 0.027866 0.963021 0.234913
1784010351.998930931 -2.511469 1.691320 -0.257335 -0.129117 0.027959 0.962998 0.234910
1784010352.004420996 -2.509245 1.690254 -0.257378 -0.128564 0.027929 0.963060 0.234959
1784010352.008465052 -2.507588 1.689456 -0.257411 -0.128491 0.027854 0.963073 0.234956
1784010352.014627934 -2.505069 1.688265 -0.257480 -0.128532 0.027789 0.963065 0.234974
1784010352.018407106 -2.503538 1.687561 -0.257535 -0.128612 0.027911 0.963030 0.235060
1784010352.024023056 -2.501298 1.686509 -0.257593 -0.129185 0.027877 0.962919 0.235203
1784010352.024023056 -2.501298 1.686509 -0.257593 -0.129185 0.027877 0.962919 0.235203
1784010352.024416924 -2.501143 1.686434 -0.257595 -0.129224 0.027875 0.962912 0.235212
1784010352.028655052 -2.499461 1.685620 -0.257608 -0.129473 0.027852 0.962872 0.235239
1784010352.034447908 -2.497135 1.684494 -0.257636 -0.129035 0.027759 0.962919 0.235300
1784010352.038832903 -2.495363 1.683640 -0.257673 -0.128774 0.027612 0.962938 0.235385
1784010352.044234991 -2.493187 1.682609 -0.257706 -0.128929 0.027891 0.962896 0.235438
1784010352.048863888 -2.491341 1.681734 -0.257735 -0.129272 0.028044 0.962826 0.235519
1784010352.054210901 -2.489212 1.680711 -0.257775 -0.129279 0.027788 0.962788 0.235698
1784010352.058746099 -2.487395 1.679839 -0.257803 -0.128996 0.027709 0.962808 0.235783
1784010352.064419985 -2.485131 1.678756 -0.257827 -0.128909 0.027706 0.962795 0.235883
1784010352.068555117 -2.483498 1.677974 -0.257844 -0.129008 0.027734 0.962762 0.235961
1784010352.074443102 -2.481177 1.676857 -0.257875 -0.128862 0.027782 0.962754 0.236065
1784010352.078694105 -2.479508 1.676047 -0.257901 -0.128812 0.027711 0.962744 0.236142
1784010352.084459066 -2.477263 1.674955 -0.257912 -0.129030 0.027672 0.962693 0.236237
1784010352.088804960 -2.475572 1.674140 -0.257907 -0.129090 0.027780 0.962672 0.236278
1784010352.094153881 -2.473486 1.673131 -0.257910 -0.128924 0.027744 0.962676 0.236357
1784010352.098756075 -2.471702 1.672262 -0.257922 -0.128803 0.027652 0.962676 0.236433
1784010352.104429960 -2.469521 1.671200 -0.257929 -0.128891 0.027639 0.962647 0.236503
1784010352.108656883 -2.467910 1.670418 -0.257926 -0.128959 0.027630 0.962625 0.236556
1784010352.114494085 -2.465693 1.669342 -0.257911 -0.128872 0.027640 0.962622 0.236618
1784010352.118546963 -2.464151 1.668597 -0.257900 -0.128815 0.027648 0.962618 0.236660
1784010352.124161005 -2.462023 1.667570 -0.257890 -0.128880 0.027650 0.962595 0.236722
1784010352.124161005 -2.462023 1.667570 -0.257890 -0.128880 0.027650 0.962595 0.236722
1784010352.124274969 -2.461980 1.667549 -0.257889 -0.128881 0.027650 0.962594 0.236723
1784010352.128642082 -2.460347 1.666744 -0.257877 -0.128938 0.027656 0.962574 0.236775
1784010352.134430885 -2.458199 1.665681 -0.257863 -0.128951 0.027704 0.962553 0.236847
1784010352.139051914 -2.456498 1.664839 -0.257851 -0.128884 0.027601 0.962547 0.236920
1784010352.144186020 -2.454637 1.663921 -0.257831 -0.128727 0.027519 0.962552 0.236992
1784010352.148734093 -2.453017 1.663133 -0.257805 -0.128589 0.027447 0.962557 0.237055
1784010352.154532909 -2.451000 1.662154 -0.257765 -0.128618 0.027549 0.962537 0.237108
1784010352.158584118 -2.449624 1.661489 -0.257742 -0.128641 0.027621 0.962523 0.237145
1784010352.164453983 -2.447674 1.660541 -0.257716 -0.128489 0.027523 0.962529 0.237216
1784010352.168651104 -2.446304 1.659877 -0.257713 -0.128384 0.027454 0.962533 0.237266
1784010352.174468994 -2.444450 1.658976 -0.257713 -0.128518 0.027526 0.962497 0.237330
1784010352.178627968 -2.443159 1.658354 -0.257715 -0.128617 0.027578 0.962471 0.237376
1784010352.184475899 -2.441380 1.657490 -0.257713 -0.128616 0.027478 0.962451 0.237468
1784010352.188652039 -2.440123 1.656877 -0.257710 -0.128618 0.027407 0.962437 0.237533
1784010352.194511890 -2.438394 1.656034 -0.257688 -0.128648 0.027428 0.962415 0.237602
1784010352.198734999 -2.437176 1.655448 -0.257658 -0.128673 0.027443 0.962399 0.237650
1784010352.204153061 -2.435642 1.654712 -0.257611 -0.128635 0.027470 0.962387 0.237718
1784010352.208862066 -2.434329 1.654081 -0.257579 -0.128603 0.027493 0.962376 0.237776
1784010352.214318991 -2.432835 1.653362 -0.257551 -0.128610 0.027421 0.962358 0.237855
1784010352.218446016 -2.431728 1.652834 -0.257536 -0.128617 0.027366 0.962344 0.237914
1784010352.224106073 -2.430242 1.652124 -0.257522 -0.128645 0.027403 0.962320 0.237991
1784010352.224106073 -2.430242 1.652124 -0.257522 -0.128645 0.027403 0.962320 0.237991
1784010352.224464893 -2.430150 1.652079 -0.257520 -0.128648 0.027405 0.962319 0.237995
1784010352.228945017 -2.429018 1.651520 -0.257489 -0.128676 0.027426 0.962303 0.238041
1784010352.234488010 -2.427642 1.650839 -0.257457 -0.128689 0.027350 0.962292 0.238085
1784010352.238609076 -2.426630 1.650340 -0.257440 -0.128701 0.027296 0.962284 0.238120
1784010352.244491100 -2.425218 1.649644 -0.257415 -0.128687 0.027309 0.962276 0.238157
1784010352.248766899 -2.424213 1.649156 -0.257402 -0.128680 0.027320 0.962269 0.238186
1784010352.254446030 -2.422907 1.648521 -0.257389 -0.128635 0.027316 0.962269 0.238214
1784010352.258727074 -2.421933 1.648049 -0.257392 -0.128602 0.027314 0.962267 0.238236
1784010352.264447927 -2.420656 1.647431 -0.257403 -0.128546 0.027279 0.962263 0.238288
1784010352.268534899 -2.419757 1.647002 -0.257420 -0.128507 0.027255 0.962260 0.238327
1784010352.274430990 -2.418488 1.646394 -0.257447 -0.128503 0.027232 0.962249 0.238374
1784010352.278740883 -2.417575 1.645956 -0.257477 -0.128501 0.027218 0.962240 0.238412
1784010352.284485102 -2.416381 1.645377 -0.257516 -0.128537 0.027235 0.962226 0.238449
1784010352.288554907 -2.415543 1.644970 -0.257546 -0.128565 0.027250 0.962214 0.238478
1784010352.294393063 -2.414363 1.644396 -0.257589 -0.128528 0.027243 0.962210 0.238517
1784010352.298738003 -2.413495 1.643978 -0.257628 -0.128503 0.027240 0.962206 0.238548
1784010352.304400921 -2.412381 1.643441 -0.257678 -0.128530 0.027227 0.962193 0.238585
1784010352.308536053 -2.411575 1.643055 -0.257718 -0.128581 0.027240 0.962181 0.238604
1784010352.314482927 -2.410434 1.642501 -0.257771 -0.128515 0.027177 0.962178 0.238660
1784010352.318948984 -2.409596 1.642097 -0.257811 -0.128436 0.027119 0.962182 0.238694
1784010352.324130058 -2.408647 1.641641 -0.257847 -0.128483 0.027161 0.962169 0.238714
1784010352.324130058 -2.408647 1.641641 -0.257847 -0.128483 0.027161 0.962169 0.238714
1784010352.324459076 -2.408588 1.641612 -0.257847 -0.128486 0.027164 0.962168 0.238716
1784010352.329241991 -2.407736 1.641190 -0.257853 -0.128513 0.027193 0.962155 0.238754
1784010352.334448099 -2.406821 1.640735 -0.257874 -0.128401 0.027164 0.962161 0.238790
1784010352.338562965 -2.406108 1.640381 -0.257895 -0.128407 0.027143 0.962150 0.238833
1784010352.344439983 -2.405103 1.639886 -0.257924 -0.128517 0.027178 0.962125 0.238875
1784010352.348742962 -2.404373 1.639530 -0.257952 -0.128546 0.027202 0.962110 0.238917
1784010352.354444027 -2.403415 1.639058 -0.257981 -0.128492 0.027183 0.962100 0.238987
1784010352.358818054 -2.402701 1.638707 -0.257999 -0.128393 0.027121 0.962106 0.239024
1784010352.364434958 -2.401822 1.638278 -0.258008 -0.128419 0.027056 0.962092 0.239072
1784010352.368593931 -2.401178 1.637969 -0.258013 -0.128467 0.027149 0.962077 0.239096
1784010352.374456882 -2.400274 1.637531 -0.258042 -0.128355 0.027110 0.962084 0.239132
1784010352.378703117 -2.399632 1.637217 -0.258083 -0.128274 0.026999 0.962087 0.239177
1784010352.384445906 -2.398777 1.636804 -0.258133 -0.128357 0.027020 0.962064 0.239223
1784010352.388524055 -2.398172 1.636516 -0.258173 -0.128438 0.027062 0.962046 0.239248
1784010352.394416094 -2.397309 1.636103 -0.258225 -0.128433 0.027066 0.962035 0.239292
1784010352.398895025 -2.396658 1.635790 -0.258262 -0.128443 0.027066 0.962025 0.239330
1784010352.404315948 -2.395879 1.635415 -0.258297 -0.128360 0.026943 0.962025 0.239385
1784010352.408632994 -2.395284 1.635130 -0.258316 -0.128154 0.026873 0.962047 0.239416
1784010352.414308071 -2.394555 1.634791 -0.258321 -0.128187 0.026927 0.962037 0.239431
1784010352.418695927 -2.394006 1.634538 -0.258328 -0.128418 0.027027 0.962005 0.239427
1784010352.424206972 -2.393297 1.634207 -0.258372 -0.128248 0.026968 0.962023 0.239451
1784010352.424206972 -2.393297 1.634207 -0.258372 -0.128248 0.026968 0.962023 0.239451
1784010352.424499035 -2.393259 1.634189 -0.258374 -0.128241 0.026965 0.962024 0.239453
1784010352.428742886 -2.392722 1.633932 -0.258404 -0.128002 0.026842 0.962049 0.239492
1784010352.434448957 -2.392030 1.633610 -0.258428 -0.128270 0.026919 0.962001 0.239535
1784010352.439152956 -2.391464 1.633354 -0.258439 -0.128651 0.027149 0.961942 0.239542
1784010352.444103956 -2.390860 1.633075 -0.258458 -0.128595 0.027141 0.961936 0.239597
1784010352.448667049 -2.390307 1.632815 -0.258473 -0.128418 0.026990 0.961948 0.239659
1784010352.454469919 -2.389616 1.632497 -0.258465 -0.128504 0.026990 0.961925 0.239704
1784010352.458690882 -2.389111 1.632271 -0.258456 -0.128540 0.027062 0.961908 0.239744
1784010352.464422941 -2.388447 1.631965 -0.258441 -0.128239 0.027024 0.961938 0.239792
1784010352.468750954 -2.387986 1.631744 -0.258428 -0.128170 0.026898 0.961948 0.239802
1784010352.474473953 -2.387423 1.631481 -0.258404 -0.128417 0.026859 0.961911 0.239821
1784010352.478789091 -2.386994 1.631291 -0.258404 -0.128472 0.026978 0.961905 0.239803
1784010352.484443903 -2.386421 1.631036 -0.258432 -0.128277 0.027046 0.961925 0.239818
1784010352.488636971 -2.386011 1.630850 -0.258470 -0.128318 0.027007 0.961914 0.239847
1784010352.494462967 -2.385469 1.630603 -0.258512 -0.128599 0.026951 0.961870 0.239881
1784010352.498550892 -2.385089 1.630436 -0.258538 -0.128745 0.027003 0.961846 0.239892
1784010352.504446983 -2.384528 1.630195 -0.258558 -0.128763 0.027075 0.961830 0.239938
1784010352.508826017 -2.384104 1.630011 -0.258556 -0.128715 0.027055 0.961827 0.239978
1784010352.514208078 -2.383624 1.629791 -0.258511 -0.127998 0.026701 0.961910 0.240069
1784010352.518526077 -2.383343 1.629662 -0.258447 -0.127418 0.026411 0.961992 0.240081
1784010352.524340153 -2.383141 1.629601 -0.258333 -0.127970 0.026678 0.961923 0.240032
1784010352.524340153 -2.383141 1.629601 -0.258333 -0.127970 0.026678 0.961923 0.240032
1784010352.524506092 -2.383138 1.629601 -0.258328 -0.127986 0.026685 0.961921 0.240031
1784010352.528554916 -2.383063 1.629602 -0.258219 -0.128161 0.026909 0.961897 0.240010
1784010352.534468889 -2.383040 1.629629 -0.258110 -0.126786 0.026323 0.962070 0.240112
1784010352.538777113 -2.383171 1.629740 -0.258064 -0.126475 0.026138 0.962109 0.240141
1784010352.544434071 -2.383496 1.630002 -0.257987 -0.127460 0.027115 0.961980 0.240028
1784010352.548784971 -2.383773 1.630199 -0.257966 -0.127975 0.027375 0.961924 0.239949
1784010352.554193020 -2.384204 1.630451 -0.258019 -0.126950 0.026751 0.962075 0.239956
1784010352.558717012 -2.384688 1.630733 -0.258058 -0.127226 0.026796 0.962056 0.239883
1784010352.564383984 -2.385280 1.631088 -0.258049 -0.128788 0.027158 0.961857 0.239806
1784010352.568680048 -2.385657 1.631329 -0.258049 -0.128326 0.027276 0.961937 0.239719
1784010352.574407101 -2.386373 1.631749 -0.258039 -0.126224 0.026981 0.962211 0.239769
1784010352.578649044 -2.387126 1.632146 -0.257959 -0.127158 0.027148 0.962094 0.239725
1784010352.584466934 -2.388179 1.632672 -0.257840 -0.128221 0.027151 0.961978 0.239627
1784010352.588793039 -2.388908 1.633032 -0.257826 -0.127088 0.026800 0.962144 0.239603
1784010352.594439030 -2.390038 1.633607 -0.257804 -0.125763 0.026341 0.962309 0.239691
1784010352.598597050 -2.391059 1.634140 -0.257753 -0.126607 0.026759 0.962214 0.239579
1784010352.604407072 -2.392560 1.634883 -0.257735 -0.127783 0.027589 0.962088 0.239369
1784010352.608858109 -2.393687 1.635390 -0.257819 -0.127167 0.026986 0.962182 0.239386
1784010352.614424944 -2.395168 1.636083 -0.257896 -0.126600 0.026781 0.962284 0.239301
1784010352.618680954 -2.396428 1.636706 -0.257902 -0.127067 0.027147 0.962246 0.239163
1784010352.624167204 -2.398163 1.637540 -0.257921 -0.127792 0.027681 0.962202 0.238892
1784010352.624167204 -2.398163 1.637540 -0.257921 -0.127792 0.027681 0.962202 0.238892
1784010352.624411106 -2.398243 1.637577 -0.257922 -0.127825 0.027705 0.962200 0.238881
1784010352.628525972 -2.399598 1.638191 -0.257936 -0.127631 0.027664 0.962251 0.238785
1784010352.634476900 -2.401596 1.639082 -0.257954 -0.127346 0.027356 0.962329 0.238659
1784010352.638839960 -2.403135 1.639772 -0.257969 -0.127026 0.027144 0.962408 0.238536
1784010352.644418955 -2.405233 1.640713 -0.257977 -0.127126 0.027375 0.962453 0.238272
1784010352.649056911 -2.407034 1.641510 -0.257991 -0.127426 0.027403 0.962455 0.238099
1784010352.654135942 -2.409021 1.642382 -0.258036 -0.127444 0.027385 0.962512 0.237862
1784010352.658637047 -2.410818 1.643165 -0.258104 -0.126913 0.027257 0.962631 0.237680
1784010352.664441109 -2.413259 1.644210 -0.258174 -0.127067 0.027320 0.962687 0.237362
1784010352.668577909 -2.415059 1.644972 -0.258204 -0.127611 0.027644 0.962682 0.237053
1784010352.674410105 -2.417632 1.646017 -0.258278 -0.127831 0.027676 0.962757 0.236628
1784010352.678687096 -2.419535 1.646756 -0.258365 -0.127281 0.027314 0.962906 0.236358
1784010352.684411049 -2.422184 1.647770 -0.258430 -0.127277 0.027407 0.963035 0.235823
1784010352.688498020 -2.424140 1.648504 -0.258457 -0.127872 0.027503 0.963059 0.235392
1784010352.694411039 -2.426983 1.649539 -0.258516 -0.127908 0.027413 0.963198 0.234813
1784010352.698621035 -2.429005 1.650256 -0.258575 -0.127364 0.027253 0.963376 0.234398
1784010352.704428911 -2.431899 1.651257 -0.258622 -0.127436 0.027155 0.963532 0.233726
1784010352.708792925 -2.434133 1.652017 -0.258646 -0.127925 0.027258 0.963604 0.233152
1784010352.714512110 -2.437064 1.652982 -0.258715 -0.127867 0.027218 0.963790 0.232417
1784010352.718972921 -2.439350 1.653709 -0.258793 -0.127482 0.026943 0.963986 0.231849
1784010352.724427938 -2.442222 1.654616 -0.258848 -0.127631 0.026986 0.964161 0.231034
1784010352.724507093 -2.442265 1.654630 -0.258848 -0.127639 0.026988 0.964162 0.231021
1784010352.724507093 -2.442265 1.654630 -0.258848 -0.127639 0.026988 0.964162 0.231021
1784010352.729073048 -2.444788 1.655397 -0.258841 -0.128104 0.027109 0.964275 0.230280
1784010352.734446049 -2.447794 1.656281 -0.258842 -0.127964 0.026938 0.964502 0.229426
1784010352.738703012 -2.450205 1.656976 -0.258847 -0.127680 0.026812 0.964715 0.228701
1784010352.744471073 -2.453538 1.657917 -0.258828 -0.128037 0.026787 0.964910 0.227678
1784010352.748529911 -2.455899 1.658566 -0.258825 -0.128182 0.026794 0.965068 0.226924
1784010352.754416943 -2.459366 1.659484 -0.258851 -0.127779 0.026551 0.965388 0.225816
1784010352.758743048 -2.461954 1.660146 -0.258872 -0.127805 0.026507 0.965592 0.224934
1784010352.764430046 -2.465407 1.660998 -0.258883 -0.128347 0.026578 0.965806 0.223697
1784010352.768584013 -2.467941 1.661600 -0.258907 -0.128282 0.026556 0.966033 0.222752
1784010352.774409056 -2.471541 1.662407 -0.258958 -0.127950 0.026342 0.966394 0.221401
1784010352.778732061 -2.474244 1.662983 -0.258991 -0.128183 0.026172 0.966606 0.220355
1784010352.784575939 -2.477931 1.663730 -0.259034 -0.128426 0.026029 0.966922 0.218839
1784010352.788577080 -2.480460 1.664216 -0.259078 -0.128312 0.025820 0.967180 0.217788
1784010352.794441938 -2.484190 1.664899 -0.259119 -0.128352 0.025580 0.967533 0.216221
1784010352.798789024 -2.486967 1.665386 -0.259131 -0.128526 0.025446 0.967782 0.215015
1784010352.804595947 -2.490723 1.666021 -0.259131 -0.128480 0.025137 0.968153 0.213404
1784010352.808475018 -2.493247 1.666437 -0.259123 -0.128462 0.025039 0.968400 0.212301
1784010352.814507008 -2.497185 1.667062 -0.259095 -0.128588 0.024948 0.968762 0.210579
1784010352.818553925 -2.499829 1.667459 -0.259088 -0.128435 0.024668 0.969037 0.209437
1784010352.824110031 -2.503511 1.667994 -0.259074 -0.128187 0.024226 0.969420 0.207860
1784010352.824110031 -2.503511 1.667994 -0.259074 -0.128187 0.024226 0.969420 0.207860
1784010352.824366093 -2.503684 1.668019 -0.259072 -0.128176 0.024208 0.969438 0.207787
1784010352.828360081 -2.506381 1.668399 -0.259035 -0.128356 0.024044 0.969665 0.206630
1784010352.834430933 -2.510479 1.668953 -0.258985 -0.128486 0.023799 0.970035 0.204832
1784010352.838653088 -2.513325 1.669317 -0.258971 -0.128128 0.023566 0.970356 0.203560
1784010352.844465971 -2.517288 1.669799 -0.258946 -0.128034 0.023287 0.970750 0.201764
1784010352.848861933 -2.520320 1.670150 -0.258921 -0.128400 0.023156 0.971001 0.200337
1784010352.854120016 -2.523957 1.670544 -0.258908 -0.128590 0.022999 0.971339 0.198586
1784010352.858943939 -2.527294 1.670878 -0.258914 -0.128479 0.022748 0.971687 0.196978
1784010352.864411116 -2.531096 1.671235 -0.258918 -0.128571 0.022568 0.972060 0.195088
1784010352.868690968 -2.534091 1.671498 -0.258925 -0.128729 0.022407 0.972347 0.193569
1784010352.874491930 -2.538177 1.671829 -0.258956 -0.128806 0.022090 0.972751 0.191514
1784010352.878700972 -2.541155 1.672055 -0.258992 -0.128927 0.021897 0.973035 0.190001
1784010352.884407997 -2.545210 1.672344 -0.259044 -0.129294 0.021668 0.973396 0.187920
1784010352.888732910 -2.548288 1.672548 -0.259099 -0.129433 0.021455 0.973685 0.186346
1784010352.894571066 -2.552467 1.672807 -0.259183 -0.129490 0.021176 0.974091 0.184203
1784010352.898603916 -2.555376 1.672979 -0.259243 -0.129761 0.021008 0.974342 0.182699
1784010352.904393911 -2.559568 1.673217 -0.259324 -0.130286 0.020848 0.974679 0.180532
1784010352.908668995 -2.562657 1.673380 -0.259386 -0.130402 0.020701 0.974960 0.178939
1784010352.914496899 -2.566878 1.673580 -0.259457 -0.130381 0.020442 0.975368 0.176750
1784010352.918581963 -2.569850 1.673708 -0.259492 -0.130464 0.020337 0.975643 0.175177
1784010352.924134970 -2.573910 1.673864 -0.259525 -0.130619 0.020215 0.976009 0.173021
1784010352.924134970 -2.573910 1.673864 -0.259525 -0.130619 0.020215 0.976009 0.173021
1784010352.924400091 -2.574105 1.673871 -0.259526 -0.130627 0.020208 0.976027 0.172917
1784010352.929358006 -2.577740 1.673978 -0.259527 -0.130652 0.020038 0.976369 0.170976
1784010352.934247017 -2.581322 1.674054 -0.259516 -0.130652 0.019815 0.976709 0.169049
1784010352.938504934 -2.584443 1.674095 -0.259498 -0.130598 0.019533 0.977014 0.167351
1784010352.944385052 -2.588777 1.674120 -0.259463 -0.130408 0.019076 0.977452 0.164979
1784010352.948905945 -2.592127 1.674122 -0.259434 -0.130403 0.018793 0.977767 0.163134
1784010352.954363108 -2.596173 1.674094 -0.259405 -0.130612 0.018527 0.978118 0.160880
1784010352.958575010 -2.599286 1.674041 -0.259400 -0.130627 0.018216 0.978407 0.159135
1784010352.964351892 -2.603574 1.673932 -0.259408 -0.130478 0.017650 0.978826 0.156726
1784010352.968729973 -2.606850 1.673837 -0.259417 -0.130589 0.017254 0.979111 0.154891
1784010352.974423885 -2.611119 1.673701 -0.259430 -0.130865 0.016917 0.979457 0.152484
1784010352.978518963 -2.614179 1.673586 -0.259454 -0.130859 0.016635 0.979729 0.150766
1784010352.984389067 -2.618572 1.673389 -0.259490 -0.130761 0.016163 0.980127 0.148297
1784010352.988692045 -2.621815 1.673233 -0.259510 -0.130872 0.015881 0.980395 0.146443
1784010352.994427919 -2.626162 1.673016 -0.259533 -0.131119 0.015630 0.980737 0.143940
1784010352.998507023 -2.629252 1.672852 -0.259564 -0.131115 0.015533 0.981000 0.142150
1784010353.004416943 -2.633726 1.672578 -0.259629 -0.131101 0.015254 0.981378 0.139557
1784010353.008920908 -2.637147 1.672341 -0.259691 -0.131214 0.014903 0.981649 0.137573
1784010353.014275074 -2.641225 1.672042 -0.259755 -0.131355 0.014544 0.981967 0.135186
1784010353.018410921 -2.644372 1.671795 -0.259791 -0.131370 0.014280 0.982221 0.133342
1784010353.023983002 -2.648599 1.671430 -0.259806 -0.131302 0.013802 0.982568 0.130877
1784010353.023983002 -2.648599 1.671430 -0.259806 -0.131302 0.013802 0.982568 0.130877
1784010353.024470091 -2.648969 1.671395 -0.259803 -0.131298 0.013760 0.982598 0.130661
1784010353.029175997 -2.652554 1.671046 -0.259740 -0.131299 0.013334 0.982879 0.128576
1784010353.034434080 -2.656565 1.670631 -0.259625 -0.131435 0.013011 0.983174 0.126194
1784010353.038814068 -2.659901 1.670263 -0.259509 -0.131560 0.012757 0.983415 0.124194
1784010353.044162035 -2.663965 1.669778 -0.259367 -0.131545 0.012330 0.983726 0.121764
1784010353.048439980 -2.667216 1.669368 -0.259267 -0.131527 0.011950 0.983973 0.119813
1784010353.054371119 -2.671737 1.668772 -0.259143 -0.131784 0.011464 0.984274 0.117077
1784010353.058877945 -2.675171 1.668306 -0.259077 -0.131953 0.011125 0.984499 0.115006
1784010353.063960075 -2.679036 1.667768 -0.259028 -0.131943 0.010792 0.984772 0.112686
1784010353.068681002 -2.682624 1.667255 -0.259004 -0.131977 0.010557 0.985017 0.110512
1784010353.074388027 -2.686965 1.666616 -0.258999 -0.132120 0.010256 0.985294 0.107868
1784010353.078644037 -2.690201 1.666128 -0.259015 -0.132128 0.010075 0.985509 0.105886
1784010353.084388971 -2.694570 1.665453 -0.259033 -0.132124 0.009942 0.985797 0.103188
1784010353.088622093 -2.697784 1.664942 -0.259049 -0.132132 0.009870 0.986007 0.101166
1784010353.094438076 -2.702201 1.664206 -0.259062 -0.132025 0.009719 0.986306 0.098365
1784010353.098603964 -2.705368 1.663658 -0.259076 -0.131916 0.009567 0.986521 0.096344
1784010353.104265928 -2.709685 1.662886 -0.259082 -0.132020 0.009311 0.986776 0.093584
1784010353.108536005 -2.712937 1.662285 -0.259082 -0.132154 0.009138 0.986957 0.091477
1784010353.114484072 -2.717450 1.661414 -0.259070 -0.132204 0.008883 0.987222 0.088518
1784010353.118884087 -2.720780 1.660744 -0.259059 -0.132262 0.008638 0.987411 0.086320
1784010353.124034166 -2.724689 1.659938 -0.259022 -0.132550 0.008364 0.987598 0.083732
1784010353.124034166 -2.724689 1.659938 -0.259022 -0.132550 0.008364 0.987598 0.083732
1784010353.124264956 -2.724866 1.659901 -0.259017 -0.132559 0.008351 0.987607 0.083615
1784010353.128576040 -2.728165 1.659195 -0.258921 -0.132784 0.008174 0.987759 0.081449
1784010353.134417057 -2.732620 1.658213 -0.258768 -0.132895 0.007943 0.987982 0.078531
1784010353.138941050 -2.736053 1.657433 -0.258648 -0.132829 0.007715 0.988169 0.076286
1784010353.144397020 -2.740193 1.656463 -0.258506 -0.132727 0.007366 0.988390 0.073584
1784010353.148817062 -2.743551 1.655656 -0.258408 -0.132743 0.007013 0.988549 0.071424
1784010353.154474974 -2.747849 1.654604 -0.258299 -0.132797 0.006575 0.988739 0.068683
1784010353.158622026 -2.750990 1.653826 -0.258240 -0.132769 0.006339 0.988882 0.066673
1784010353.164463997 -2.755415 1.652705 -0.258176 -0.132695 0.006039 0.989081 0.063837
1784010353.168569088 -2.758525 1.651902 -0.258153 -0.132692 0.005801 0.989209 0.061841
1784010353.174397945 -2.762945 1.650741 -0.258133 -0.132754 0.005482 0.989376 0.058997
1784010353.178647995 -2.766162 1.649886 -0.258130 -0.132808 0.005262 0.989490 0.056946
1784010353.184464931 -2.770556 1.648688 -0.258112 -0.132813 0.004881 0.989649 0.054152
1784010353.188553095 -2.773636 1.647826 -0.258095 -0.132761 0.004504 0.989763 0.052191
1784010353.194397926 -2.778036 1.646556 -0.258036 -0.132657 0.003877 0.989924 0.049376
1784010353.198705912 -2.781267 1.645602 -0.257972 -0.132600 0.003459 0.990035 0.047284
1784010353.204222918 -2.785393 1.644355 -0.257853 -0.132538 0.003034 0.990171 0.044572
1784010353.208456993 -2.788541 1.643379 -0.257746 -0.132471 0.002730 0.990273 0.042472
1784010353.214384079 -2.792904 1.641973 -0.257601 -0.132456 0.002144 0.990398 0.039539
1784010353.218624115 -2.795969 1.640959 -0.257525 -0.132388 0.001477 0.990486 0.037520
1784010353.224267006 -2.799967 1.639634 -0.257415 -0.131939 0.001104 0.990647 0.034785
1784010353.224267006 -2.799967 1.639634 -0.257415 -0.131939 0.001104 0.990647 0.034785
1784010353.224443913 -2.800090 1.639592 -0.257409 -0.131925 0.001092 0.990652 0.034696
1784010353.228801012 -2.803146 1.638547 -0.257269 -0.131653 0.000951 0.990763 0.032472
1784010353.234369993 -2.807057 1.637182 -0.257113 -0.131813 0.000272 0.990829 0.029726
1784010353.238784075 -2.810138 1.636099 -0.257009 -0.131991 -0.000148 0.990867 0.027578
1784010353.244191885 -2.813852 1.634783 -0.256896 -0.131964 -0.000471 0.990941 0.024933
1784010353.248466969 -2.816761 1.633754 -0.256830 -0.131940 -0.000802 0.990993 0.022903
1784010353.254385948 -2.820782 1.632347 -0.256739 -0.131918 -0.001416 0.991053 0.020225
1784010353.258619070 -2.823653 1.631373 -0.256678 -0.132012 -0.001779 0.991075 0.018416
1784010353.264415026 -2.827558 1.630089 -0.256580 -0.132006 -0.002170 0.991117 0.016004
1784010353.268739939 -2.830462 1.629175 -0.256519 -0.132021 -0.002434 0.991141 0.014319
1784010353.274554968 -2.834328 1.627999 -0.256443 -0.132261 -0.002894 0.991135 0.012224
1784010353.278587103 -2.836959 1.627238 -0.256390 -0.132393 -0.003018 0.991133 0.010862
1784010353.284388065 -2.840666 1.626198 -0.256285 -0.132102 -0.002611 0.991193 0.008828
1784010353.288520098 -2.843305 1.625465 -0.256227 -0.132041 -0.002806 0.991212 0.007523
1784010353.294372082 -2.847043 1.624435 -0.256129 -0.132658 -0.003324 0.991140 0.005770
1784010353.298618078 -2.849687 1.623729 -0.256041 -0.133120 -0.003287 0.991084 0.004456
1784010353.304419994 -2.853162 1.622809 -0.255914 -0.132858 -0.003030 0.991127 0.002635
1784010353.308595896 -2.855635 1.622151 -0.255837 -0.132291 -0.003028 0.991205 0.001404
1784010353.314400911 -2.859108 1.621200 -0.255727 -0.132617 -0.003651 0.991161 -0.000222
1784010353.318974972 -2.861787 1.620458 -0.255649 -0.133407 -0.004143 0.991052 -0.001438
1784010353.324203014 -2.864693 1.619682 -0.255562 -0.133358 -0.003922 0.991056 -0.002902
1784010353.324203014 -2.864693 1.619682 -0.255562 -0.133358 -0.003922 0.991056 -0.002902
1784010353.324259043 -2.864721 1.619673 -0.255560 -0.133357 -0.003921 0.991056 -0.002918
1784010353.328758001 -2.867023 1.619022 -0.255410 -0.132947 -0.003817 0.991108 -0.004000
1784010353.334445000 -2.869489 1.618362 -0.255187 -0.134106 -0.005147 0.990942 -0.004708
1784010353.339056969 -2.870750 1.618145 -0.255136 -0.136009 -0.006294 0.990679 -0.004213
1784010353.344033957 -2.871154 1.618203 -0.255257 -0.135596 -0.005135 0.990745 -0.003407
1784010353.348463058 -2.870709 1.618406 -0.255433 -0.135229 -0.004100 0.990802 -0.002688
1784010353.354260921 -2.869493 1.618633 -0.255506 -0.133434 -0.004833 0.991042 -0.002663
1784010353.358458042 -2.868473 1.618649 -0.255326 -0.132135 -0.005353 0.991214 -0.002636
1784010353.364351988 -2.866864 1.618576 -0.255003 -0.134441 -0.005527 0.990902 -0.002761
1784010353.368570089 -2.865642 1.618536 -0.254876 -0.135085 -0.005566 0.990815 -0.002761
1784010353.374362946 -2.863872 1.618483 -0.254849 -0.134998 -0.005188 0.990829 -0.002636
1784010353.378431082 -2.862609 1.618457 -0.254955 -0.134937 -0.004913 0.990839 -0.002539
1784010353.384403944 -2.860707 1.618455 -0.255250 -0.132753 -0.005305 0.991132 -0.002314
1784010353.388624907 -2.859366 1.618510 -0.255559 -0.131731 -0.005523 0.991268 -0.002054
1784010353.394371033 -2.857573 1.618667 -0.256060 -0.131535 -0.005710 0.991294 -0.001668
1784010353.398680925 -2.856310 1.618869 -0.256485 -0.131388 -0.005841 0.991313 -0.001370
1784010353.404401064 -2.854725 1.619205 -0.256978 -0.131907 -0.005875 0.991244 -0.000745
1784010353.408566952 -2.853666 1.619493 -0.257229 -0.132285 -0.005891 0.991194 -0.000282
1784010353.414414883 -2.852149 1.619904 -0.257531 -0.132031 -0.006036 0.991227 0.000349
1784010353.419089079 -2.850942 1.620272 -0.257715 -0.131273 -0.005676 0.991330 0.000864
1784010353.424056053 -2.849747 1.620692 -0.257801 -0.132532 -0.004923 0.991166 0.001289
1784010353.424056053 -2.849747 1.620692 -0.257801 -0.132532 -0.004923 0.991166 0.001289
1784010353.424223900 -2.849704 1.620704 -0.257802 -0.132573 -0.004896 0.991160 0.001305
1784010353.428857088 -2.848547 1.621026 -0.257807 -0.133707 -0.004140 0.991011 0.001748
1784010353.434390068 -2.847206 1.621387 -0.257758 -0.132685 -0.004116 0.991147 0.002382
1784010353.438915968 -2.846123 1.621678 -0.257674 -0.132638 -0.004321 0.991151 0.002826
1784010353.444118977 -2.844872 1.622008 -0.257573 -0.132831 -0.004395 0.991123 0.003290
1784010353.448777914 -2.843752 1.622311 -0.257519 -0.133008 -0.004461 0.991098 0.003706
1784010353.454122066 -2.842496 1.622627 -0.257496 -0.133315 -0.004089 0.991057 0.004062
1784010353.458597898 -2.841507 1.622847 -0.257511 -0.133577 -0.003778 0.991022 0.004360
1784010353.464442968 -2.840231 1.623085 -0.257555 -0.133166 -0.003500 0.991077 0.004680
1784010353.468712091 -2.839304 1.623243 -0.257601 -0.132874 -0.003298 0.991115 0.004913
1784010353.474347115 -2.838083 1.623416 -0.257638 -0.132913 -0.003384 0.991109 0.005144
1784010353.478657961 -2.837183 1.623525 -0.257637 -0.132950 -0.003451 0.991103 0.005321
1784010353.484420061 -2.835974 1.623604 -0.257625 -0.132581 -0.003756 0.991150 0.005453
1784010353.488496065 -2.835120 1.623608 -0.257634 -0.132330 -0.003973 0.991182 0.005546
1784010353.494385004 -2.833882 1.623558 -0.257626 -0.132385 -0.004025 0.991175 0.005489
1784010353.498590946 -2.833034 1.623505 -0.257594 -0.132433 -0.004064 0.991169 0.005448
1784010353.504349947 -2.831887 1.623423 -0.257520 -0.132174 -0.004094 0.991203 0.005381
1784010353.508578062 -2.831074 1.623375 -0.257456 -0.131993 -0.004117 0.991228 0.005332
1784010353.514358044 -2.829965 1.623323 -0.257366 -0.132142 -0.004281 0.991207 0.005305
1784010353.518841028 -2.829122 1.623306 -0.257310 -0.132266 -0.004409 0.991190 0.005284
1784010353.524355173 -2.828097 1.623303 -0.257244 -0.132142 -0.004400 0.991207 0.005294
1784010353.524355173 -2.828097 1.623303 -0.257244 -0.132142 -0.004400 0.991207 0.005294
1784010353.524385929 -2.828090 1.623303 -0.257244 -0.132141 -0.004400 0.991207 0.005294
1784010353.528636932 -2.827276 1.623285 -0.257173 -0.132084 -0.004395 0.991215 0.005299
1784010353.534374952 -2.826184 1.623283 -0.257085 -0.132090 -0.004434 0.991213 0.005364
1784010353.538760900 -2.825351 1.623308 -0.257033 -0.132096 -0.004465 0.991212 0.005414
1784010353.544359922 -2.824307 1.623369 -0.256957 -0.132120 -0.004473 0.991208 0.005520
1784010353.548681021 -2.823539 1.623447 -0.256880 -0.132139 -0.004480 0.991205 0.005603
1784010353.554383039 -2.822545 1.623570 -0.256786 -0.131900 -0.004359 0.991237 0.005739
1784010353.558568001 -2.821825 1.623672 -0.256746 -0.131726 -0.004270 0.991260 0.005840
1784010353.564251900 -2.820862 1.623817 -0.256700 -0.131603 -0.004305 0.991275 0.006024
1784010353.568528891 -2.820159 1.623938 -0.256658 -0.131843 -0.004254 0.991242 0.006148
1784010353.574522972 -2.819173 1.624110 -0.256600 -0.131686 -0.004238 0.991262 0.006358
1784010353.578598022 -2.818505 1.624231 -0.256565 -0.131582 -0.004227 0.991275 0.006501
1784010353.584352016 -2.817571 1.624397 -0.256486 -0.131599 -0.004121 0.991272 0.006659
1784010353.588649035 -2.816901 1.624517 -0.256413 -0.131645 -0.004102 0.991265 0.006775
1784010353.594386101 -2.816044 1.624662 -0.256308 -0.131487 -0.004153 0.991285 0.006917
1784010353.598615885 -2.815448 1.624767 -0.256226 -0.131492 -0.004043 0.991284 0.006973
1784010353.604386091 -2.814642 1.624888 -0.256124 -0.131695 -0.003923 0.991257 0.007059
1784010353.608546972 -2.814060 1.624963 -0.256080 -0.131609 -0.003896 0.991269 0.007120
1784010353.614449978 -2.813236 1.625045 -0.256039 -0.131455 -0.003839 0.991289 0.007183
1784010353.618460894 -2.812695 1.625089 -0.256017 -0.131658 -0.003854 0.991261 0.007218
1784010353.624245167 -2.811913 1.625134 -0.255989 -0.131902 -0.003874 0.991229 0.007265
1784010353.624245167 -2.811913 1.625134 -0.255989 -0.131902 -0.003874 0.991229 0.007265
1784010353.624377966 -2.811894 1.625134 -0.255988 -0.131907 -0.003874 0.991228 0.007266
1784010353.628566027 -2.811304 1.625134 -0.255954 -0.131780 -0.003905 0.991244 0.007308
1784010353.634392023 -2.810484 1.625120 -0.255888 -0.131631 -0.003951 0.991264 0.007352
1784010353.638673067 -2.809896 1.625107 -0.255827 -0.131597 -0.003985 0.991268 0.007371
1784010353.644335032 -2.809150 1.625083 -0.255736 -0.131391 -0.004123 0.991294 0.007420
1784010353.648689032 -2.808617 1.625072 -0.255658 -0.131263 -0.004193 0.991311 0.007449
1784010353.654309988 -2.807977 1.625068 -0.255548 -0.131340 -0.004175 0.991300 0.007468
1784010353.658915043 -2.807468 1.625077 -0.255476 -0.131386 -0.004122 0.991294 0.007488
1784010353.664151907 -2.806880 1.625094 -0.255427 -0.131216 -0.004118 0.991317 0.007540
1784010353.668459892 -2.806404 1.625115 -0.255404 -0.131213 -0.004116 0.991317 0.007583
1784010353.674380064 -2.805773 1.625153 -0.255364 -0.131579 -0.004079 0.991268 0.007631
1784010353.678726912 -2.805312 1.625191 -0.255333 -0.131761 -0.004010 0.991244 0.007670
1784010353.684528112 -2.804683 1.625246 -0.255283 -0.131616 -0.004013 0.991262 0.007747
1784010353.688524961 -2.804252 1.625292 -0.255238 -0.131533 -0.003991 0.991273 0.007786
1784010353.694354057 -2.803630 1.625360 -0.255156 -0.131544 -0.003953 0.991271 0.007844
1784010353.698642015 -2.803175 1.625415 -0.255096 -0.131461 -0.003928 0.991282 0.007897
1784010353.704504013 -2.802564 1.625484 -0.255009 -0.131252 -0.003910 0.991309 0.007956
1784010353.708540916 -2.802169 1.625530 -0.254948 -0.131232 -0.003931 0.991312 0.007983
1784010353.714373112 -2.801634 1.625595 -0.254854 -0.131231 -0.003904 0.991312 0.008002
1784010353.718704939 -2.801257 1.625646 -0.254797 -0.131138 -0.003835 0.991324 0.008008
1784010353.724341154 -2.800788 1.625707 -0.254743 -0.131105 -0.003793 0.991329 0.008020
1784010353.724341154 -2.800788 1.625707 -0.254743 -0.131105 -0.003793 0.991329 0.008020
1784010353.724514961 -2.800774 1.625708 -0.254741 -0.131103 -0.003792 0.991329 0.008020
1784010353.728549957 -2.800446 1.625728 -0.254700 -0.131229 -0.003792 0.991312 0.008033
1784010353.734360933 -2.799973 1.625757 -0.254650 -0.131327 -0.003830 0.991299 0.008101
1784010353.738893986 -2.799613 1.625784 -0.254612 -0.131260 -0.003839 0.991307 0.008165
1784010353.744360924 -2.799208 1.625811 -0.254542 -0.131230 -0.003863 0.991310 0.008223
1784010353.748743057 -2.798914 1.625835 -0.254474 -0.131210 -0.003897 0.991312 0.008268
1784010353.754401922 -2.798542 1.625868 -0.254380 -0.131129 -0.003812 0.991323 0.008318
1784010353.758651972 -2.798254 1.625892 -0.254318 -0.131034 -0.003766 0.991335 0.008363
1784010353.764350891 -2.797868 1.625912 -0.254247 -0.130907 -0.003782 0.991352 0.008412
1784010353.768460035 -2.797597 1.625922 -0.254199 -0.130956 -0.003830 0.991345 0.008434
1784010353.774501085 -2.797202 1.625933 -0.254132 -0.131100 -0.003921 0.991325 0.008472
1784010353.778512001 -2.796941 1.625950 -0.254090 -0.131095 -0.003908 0.991326 0.008495
1784010353.784298897 -2.796573 1.625968 -0.254020 -0.130980 -0.003857 0.991341 0.008510
1784010353.788719893 -2.796295 1.625970 -0.253978 -0.131141 -0.003942 0.991320 0.008483
1784010353.794503927 -2.795827 1.625976 -0.253933 -0.131688 -0.004174 0.991246 0.008541
1784010353.798523903 -2.795397 1.626001 -0.253901 -0.131515 -0.003762 0.991271 0.008463
1784010353.804367065 -2.794743 1.626011 -0.253843 -0.131224 -0.003802 0.991310 0.008435
1784010353.808732986 -2.794297 1.626003 -0.253794 -0.131393 -0.004365 0.991284 0.008560
1784010353.814137936 -2.793728 1.626028 -0.253708 -0.131905 -0.004311 0.991215 0.008665
1784010353.818463087 -2.793140 1.626072 -0.253622 -0.131906 -0.004058 0.991216 0.008686
1784010353.824221134 -2.792250 1.626124 -0.253552 -0.130841 -0.003190 0.991361 0.008561
1784010353.824221134 -2.792250 1.626124 -0.253552 -0.130841 -0.003190 0.991361 0.008561
1784010353.824356079 -2.792229 1.626124 -0.253550 -0.130816 -0.003169 0.991365 0.008558
1784010353.828850985 -2.791595 1.626105 -0.253502 -0.130588 -0.003635 0.991392 0.008716
1784010353.834369898 -2.790919 1.626070 -0.253442 -0.131411 -0.004392 0.991278 0.008895
1784010353.838895082 -2.790236 1.626077 -0.253388 -0.132400 -0.004263 0.991147 0.008933
1784010353.844506025 -2.789084 1.626108 -0.253366 -0.131433 -0.003167 0.991281 0.008745
1784010353.848359108 -2.788250 1.626102 -0.253372 -0.130646 -0.002985 0.991387 0.008673
1784010353.854350090 -2.787043 1.626053 -0.253373 -0.132387 -0.004093 0.991151 0.008759
1784010353.858871937 -2.786031 1.626063 -0.253350 -0.133402 -0.003816 0.991015 0.008839
1784010353.864253998 -2.784547 1.626071 -0.253350 -0.132343 -0.003171 0.991160 0.008764
1784010353.868792057 -2.783264 1.626012 -0.253384 -0.131189 -0.003849 0.991311 0.008826
1784010353.874346018 -2.781816 1.625929 -0.253296 -0.132355 -0.003722 0.991158 0.008622
1784010353.878592968 -2.780601 1.625866 -0.253194 -0.133507 -0.003545 0.991005 0.008460
1784010353.884315968 -2.778723 1.625782 -0.253172 -0.131572 -0.003249 0.991268 0.008099
1784010353.888586998 -2.777381 1.625732 -0.253206 -0.130320 -0.003137 0.991435 0.007995
1784010353.894418955 -2.775619 1.625644 -0.253170 -0.132543 -0.003518 0.991140 0.007871
1784010353.898597956 -2.774211 1.625580 -0.253152 -0.132896 -0.003331 0.991094 0.007709
1784010353.904334068 -2.772155 1.625439 -0.253232 -0.130249 -0.003638 0.991447 0.007468
1784010353.908561945 -2.770748 1.625313 -0.253291 -0.130054 -0.004403 0.991469 0.007425
1784010353.914328098 -2.768864 1.625193 -0.253277 -0.132068 -0.004081 0.991207 0.007100
1784010353.918498039 -2.767383 1.625128 -0.253275 -0.132143 -0.003384 0.991201 0.006826
1784010353.924292088 -2.765241 1.624969 -0.253317 -0.130893 -0.003544 0.991369 0.006553
1784010353.924292088 -2.765241 1.624969 -0.253317 -0.130893 -0.003544 0.991369 0.006553
1784010353.924295902 -2.765239 1.624969 -0.253317 -0.130892 -0.003544 0.991369 0.006553
1784010353.928844929 -2.763591 1.624798 -0.253279 -0.131177 -0.003801 0.991331 0.006351
1784010353.934360027 -2.761607 1.624609 -0.253185 -0.132093 -0.003644 0.991212 0.006019
1784010353.939042091 -2.759843 1.624435 -0.253159 -0.131645 -0.003889 0.991272 0.005816
1784010353.943917990 -2.757947 1.624248 -0.253155 -0.130712 -0.004365 0.991394 0.005687
1784010353.948699951 -2.756085 1.624077 -0.253121 -0.131048 -0.004200 0.991353 0.005351
1784010353.954364061 -2.753870 1.623855 -0.253108 -0.131425 -0.004362 0.991304 0.005076
1784010353.958720922 -2.752149 1.623673 -0.253132 -0.131215 -0.004594 0.991331 0.004906
1784010353.964168072 -2.749972 1.623450 -0.253140 -0.131226 -0.004651 0.991331 0.004606
1784010353.968571901 -2.748186 1.623275 -0.253135 -0.131604 -0.004615 0.991282 0.004333
1784010353.974332094 -2.745803 1.623044 -0.253143 -0.131556 -0.004333 0.991291 0.003934
1784010353.978738070 -2.743975 1.622860 -0.253170 -0.131290 -0.004476 0.991327 0.003720
1784010353.984215975 -2.741702 1.622618 -0.253182 -0.131440 -0.004830 0.991306 0.003415
1784010353.988565922 -2.739866 1.622426 -0.253176 -0.131598 -0.004910 0.991286 0.003113
1784010353.994348049 -2.737386 1.622160 -0.253193 -0.131274 -0.005093 0.991329 0.002724
1784010353.998698950 -2.735537 1.621963 -0.253217 -0.131094 -0.005287 0.991353 0.002473
1784010354.004385948 -2.733169 1.621717 -0.253225 -0.131436 -0.005236 0.991309 0.002066
1784010354.008851051 -2.731308 1.621520 -0.253235 -0.131800 -0.005180 0.991261 0.001691
1784010354.014422894 -2.728914 1.621253 -0.253263 -0.131582 -0.005303 0.991290 0.001258
1784010354.018506050 -2.727133 1.621054 -0.253294 -0.131352 -0.005371 0.991321 0.000907
1784010354.024193048 -2.724688 1.620779 -0.253324 -0.131444 -0.005564 0.991308 0.000476
1784010354.024193048 -2.724688 1.620779 -0.253324 -0.131444 -0.005564 0.991308 0.000476
1784010354.024358988 -2.724618 1.620770 -0.253324 -0.131448 -0.005569 0.991307 0.000464
1784010354.028495073 -2.722867 1.620568 -0.253316 -0.131687 -0.005567 0.991276 0.000112
1784010354.034356117 -2.720362 1.620269 -0.253304 -0.131818 -0.005492 0.991259 -0.000404
1784010354.038844109 -2.718415 1.620018 -0.253306 -0.131652 -0.005698 0.991279 -0.000811
1784010354.044203997 -2.716097 1.619716 -0.253313 -0.131475 -0.005908 0.991301 -0.001319
1784010354.048496008 -2.714264 1.619486 -0.253313 -0.131538 -0.005907 0.991292 -0.001699
1784010354.054310083 -2.711796 1.619173 -0.253296 -0.131849 -0.005793 0.991250 -0.002276
1784010354.058293104 -2.710104 1.618950 -0.253285 -0.131978 -0.005813 0.991232 -0.002676
1784010354.064400911 -2.707507 1.618592 -0.253268 -0.131944 -0.006020 0.991233 -0.003308
1784010354.068480015 -2.705777 1.618358 -0.253261 -0.131839 -0.006131 0.991245 -0.003710
1784010354.074328899 -2.703302 1.618029 -0.253234 -0.131896 -0.006099 0.991235 -0.004306
1784010354.078622103 -2.701491 1.617784 -0.253210 -0.132059 -0.006044 0.991212 -0.004759
1784010354.084382057 -2.699071 1.617430 -0.253184 -0.132268 -0.006305 0.991179 -0.005381
1784010354.088443995 -2.697368 1.617172 -0.253173 -0.132252 -0.006569 0.991177 -0.005792
1784010354.094301939 -2.694914 1.616813 -0.253155 -0.132203 -0.006791 0.991179 -0.006412
1784010354.098606110 -2.693122 1.616564 -0.253135 -0.132182 -0.006745 0.991179 -0.006880
1784010354.104387045 -2.690721 1.616235 -0.253133 -0.132523 -0.006674 0.991129 -0.007540
1784010354.108437061 -2.688983 1.615993 -0.253144 -0.132890 -0.006559 0.991076 -0.008044
1784010354.114335060 -2.686323 1.615602 -0.253197 -0.132478 -0.006894 0.991124 -0.008689
1784010354.118892908 -2.684282 1.615301 -0.253264 -0.132324 -0.007310 0.991137 -0.009138
1784010354.124232054 -2.681986 1.614971 -0.253275 -0.132663 -0.007488 0.991086 -0.009674
1784010354.124232054 -2.681986 1.614971 -0.253275 -0.132663 -0.007488 0.991086 -0.009674
1784010354.124532938 -2.681858 1.614953 -0.253272 -0.132681 -0.007500 0.991083 -0.009704
1784010354.128336906 -2.680231 1.614719 -0.253244 -0.133142 -0.007469 0.991017 -0.010178
1784010354.134330988 -2.677581 1.614339 -0.253234 -0.132453 -0.007663 0.991100 -0.010836
1784010354.138437033 -2.675742 1.614074 -0.253252 -0.131770 -0.007791 0.991185 -0.011300
1784010354.144134998 -2.673250 1.613703 -0.253271 -0.132040 -0.008031 0.991140 -0.011970
1784010354.148746967 -2.671272 1.613410 -0.253286 -0.132652 -0.007991 0.991051 -0.012569
1784010354.154360056 -2.668857 1.613051 -0.253328 -0.132848 -0.008104 0.991015 -0.013225
1784010354.158396959 -2.667112 1.612789 -0.253367 -0.132792 -0.008346 0.991014 -0.013698
1784010354.164314985 -2.664561 1.612429 -0.253394 -0.132688 -0.008287 0.991018 -0.014472
1784010354.168740034 -2.662667 1.612174 -0.253411 -0.132685 -0.008267 0.991010 -0.015016
1784010354.173921108 -2.660465 1.611878 -0.253424 -0.132688 -0.008307 0.991000 -0.015601
1784010354.178452015 -2.658554 1.611620 -0.253416 -0.132948 -0.008344 0.990956 -0.016155
1784010354.184313059 -2.656089 1.611292 -0.253394 -0.133123 -0.008598 0.990920 -0.016812
1784010354.188533068 -2.654309 1.611074 -0.253386 -0.132862 -0.008637 0.990946 -0.017283
1784010354.194379091 -2.651863 1.610794 -0.253375 -0.132577 -0.008504 0.990974 -0.017932
1784010354.198704958 -2.650081 1.610592 -0.253372 -0.132776 -0.008447 0.990939 -0.018419
1784010354.204345942 -2.647782 1.610325 -0.253392 -0.132897 -0.008577 0.990910 -0.019010
1784010354.208514929 -2.646099 1.610131 -0.253424 -0.132714 -0.008721 0.990925 -0.019434
1784010354.214224100 -2.643842 1.609880 -0.253458 -0.132639 -0.008804 0.990923 -0.020030
1784010354.218385935 -2.642241 1.609711 -0.253474 -0.132842 -0.008726 0.990887 -0.020482
1784010354.224071980 -2.640087 1.609483 -0.253507 -0.132835 -0.008689 0.990876 -0.021080
1784010354.224071980 -2.640087 1.609483 -0.253507 -0.132835 -0.008689 0.990876 -0.021080
1784010354.224323034 -2.639993 1.609472 -0.253508 -0.132834 -0.008687 0.990876 -0.021106
1784010354.228852034 -2.638297 1.609274 -0.253527 -0.132619 -0.008712 0.990894 -0.021586
1784010354.234333038 -2.636298 1.609036 -0.253544 -0.132597 -0.008778 0.990883 -0.022158
1784010354.238585949 -2.634790 1.608860 -0.253557 -0.132778 -0.008765 0.990849 -0.022602
1784010354.244335890 -2.632783 1.608628 -0.253583 -0.132831 -0.008702 0.990829 -0.023193
1784010354.248445988 -2.631366 1.608466 -0.253611 -0.132780 -0.008706 0.990826 -0.023613
1784010354.254343033 -2.629370 1.608232 -0.253650 -0.132778 -0.008753 0.990811 -0.024210
1784010354.258865118 -2.627871 1.608061 -0.253681 -0.132819 -0.008770 0.990795 -0.024663
1784010354.264162064 -2.626151 1.607869 -0.253712 -0.132878 -0.008725 0.990774 -0.025186
1784010354.268589973 -2.624739 1.607714 -0.253732 -0.133011 -0.008683 0.990745 -0.025621
1784010354.274331093 -2.622933 1.607515 -0.253761 -0.133097 -0.008699 0.990719 -0.026166
1784010354.278587103 -2.621609 1.607373 -0.253790 -0.133016 -0.008731 0.990720 -0.026557
1784010354.284423113 -2.619825 1.607186 -0.253827 -0.132912 -0.008773 0.990719 -0.027074
1784010354.288610935 -2.618574 1.607059 -0.253855 -0.132969 -0.008787 0.990701 -0.027438
1784010354.294337034 -2.616891 1.606892 -0.253900 -0.133034 -0.008805 0.990679 -0.027924
1784010354.298552036 -2.615667 1.606773 -0.253945 -0.133027 -0.008824 0.990670 -0.028282
1784010354.304405928 -2.613988 1.606608 -0.254011 -0.133093 -0.008910 0.990646 -0.028759
1784010354.308558941 -2.612815 1.606497 -0.254059 -0.133146 -0.008943 0.990629 -0.029103
1784010354.314335108 -2.611210 1.606343 -0.254120 -0.133148 -0.008999 0.990614 -0.029569
1784010354.318447113 -2.610090 1.606237 -0.254158 -0.133158 -0.009055 0.990603 -0.029891
1784010354.323935986 -2.608615 1.606095 -0.254194 -0.133209 -0.009118 0.990582 -0.030315
1784010354.323935986 -2.608615 1.606095 -0.254194 -0.133209 -0.009118 0.990582 -0.030315
1784010354.324316025 -2.608514 1.606084 -0.254195 -0.133213 -0.009123 0.990581 -0.030344
1784010354.329015017 -2.607270 1.605939 -0.254207 -0.133157 -0.009184 0.990577 -0.030708
1784010354.334388018 -2.605862 1.605775 -0.254217 -0.133066 -0.009258 0.990576 -0.031102
1784010354.338781118 -2.604728 1.605644 -0.254220 -0.133076 -0.009311 0.990564 -0.031431
1784010354.344373941 -2.603313 1.605477 -0.254224 -0.133042 -0.009436 0.990555 -0.031810
1784010354.348714113 -2.602238 1.605357 -0.254228 -0.133008 -0.009491 0.990549 -0.032108
1784010354.354357958 -2.600863 1.605206 -0.254235 -0.132945 -0.009481 0.990546 -0.032483
1784010354.358495951 -2.599869 1.605102 -0.254247 -0.132922 -0.009512 0.990540 -0.032746
1784010354.364286900 -2.598497 1.604959 -0.254267 -0.132846 -0.009534 0.990538 -0.033098
1784010354.368640900 -2.597478 1.604861 -0.254283 -0.132876 -0.009544 0.990525 -0.033366
1784010354.374528885 -2.596120 1.604728 -0.254298 -0.132897 -0.009592 0.990510 -0.033719
1784010354.378568888 -2.595203 1.604644 -0.254308 -0.132819 -0.009629 0.990512 -0.033948
1784010354.384351015 -2.593925 1.604529 -0.254308 -0.132778 -0.009623 0.990506 -0.034276
1784010354.388448000 -2.593032 1.604453 -0.254305 -0.132796 -0.009605 0.990496 -0.034516
1784010354.394303083 -2.591775 1.604341 -0.254318 -0.132678 -0.009671 0.990499 -0.034843
1784010354.398549080 -2.590879 1.604267 -0.254333 -0.132636 -0.009696 0.990497 -0.035070
1784010354.404335976 -2.589677 1.604165 -0.254351 -0.132740 -0.009665 0.990471 -0.035399
1784010354.408495903 -2.588821 1.604093 -0.254372 -0.132792 -0.009688 0.990455 -0.035643
1784010354.414297104 -2.587636 1.603983 -0.254405 -0.132640 -0.009695 0.990463 -0.035995
1784010354.418530941 -2.586795 1.603903 -0.254428 -0.132552 -0.009696 0.990465 -0.036272
1784010354.424163103 -2.585724 1.603794 -0.254447 -0.132713 -0.009749 0.990429 -0.036636
1784010354.424261093 -2.585705 1.603792 -0.254448 -0.132715 -0.009748 0.990429 -0.036643
1784010354.424261093 -2.585705 1.603792 -0.254448 -0.132715 -0.009748 0.990429 -0.036643
1784010354.428529024 -2.584907 1.603679 -0.254467 -0.132801 -0.009692 0.990407 -0.036937
1784010354.434359074 -2.583816 1.603519 -0.254521 -0.132599 -0.009740 0.990419 -0.037321
1784010354.438852072 -2.582993 1.603403 -0.254571 -0.132500 -0.009846 0.990421 -0.037588
1784010354.444358110 -2.582003 1.603271 -0.254624 -0.132633 -0.009806 0.990391 -0.037924
1784010354.448959112 -2.581185 1.603172 -0.254675 -0.132702 -0.009798 0.990372 -0.038188
1784010354.454091072 -2.580279 1.603068 -0.254737 -0.132648 -0.009810 0.990369 -0.038435
1784010354.458405972 -2.579527 1.602991 -0.254780 -0.132688 -0.009796 0.990356 -0.038647
1784010354.464262962 -2.578537 1.602894 -0.254832 -0.132611 -0.009837 0.990355 -0.038907
1784010354.468611956 -2.577843 1.602838 -0.254863 -0.132491 -0.009903 0.990365 -0.039046
1784010354.474272966 -2.576980 1.602785 -0.254894 -0.132606 -0.009870 0.990344 -0.039215
1784010354.478676081 -2.576315 1.602762 -0.254922 -0.132681 -0.009831 0.990330 -0.039318
1784010354.484302044 -2.575462 1.602738 -0.254993 -0.132438 -0.009880 0.990358 -0.039426
1784010354.488612890 -2.574823 1.602731 -0.255061 -0.132368 -0.009899 0.990364 -0.039500
1784010354.494379044 -2.573996 1.602728 -0.255146 -0.132772 -0.009906 0.990305 -0.039607
1784010354.498593092 -2.573398 1.602741 -0.255203 -0.132979 -0.009841 0.990276 -0.039671
1784010354.504194021 -2.572601 1.602763 -0.255274 -0.132881 -0.009700 0.990287 -0.039748
1784010354.508546114 -2.571985 1.602784 -0.255319 -0.132827 -0.009698 0.990292 -0.039810
1784010354.514389038 -2.571165 1.602805 -0.255369 -0.132810 -0.009716 0.990290 -0.039902
1784010354.518608093 -2.570591 1.602823 -0.255399 -0.132611 -0.009726 0.990314 -0.039968
1784010354.524229050 -2.569886 1.602838 -0.255433 -0.132457 -0.009766 0.990330 -0.040070
1784010354.524229050 -2.569886 1.602838 -0.255433 -0.132457 -0.009766 0.990330 -0.040070
1784010354.524311066 -2.569875 1.602837 -0.255435 -0.132452 -0.009767 0.990331 -0.040072
1784010354.528475046 -2.569373 1.602801 -0.255493 -0.132573 -0.009784 0.990312 -0.040127
1784010354.534316063 -2.568657 1.602749 -0.255613 -0.132608 -0.009687 0.990305 -0.040217
1784010354.538769960 -2.568100 1.602716 -0.255735 -0.132312 -0.009679 0.990343 -0.040261
1784010354.544301987 -2.567434 1.602669 -0.255901 -0.132212 -0.009711 0.990354 -0.040311
1784010354.548752069 -2.566928 1.602637 -0.256020 -0.132500 -0.009704 0.990314 -0.040357
1784010354.554312944 -2.566284 1.602597 -0.256172 -0.132694 -0.009644 0.990286 -0.040409
1784010354.558446884 -2.565798 1.602575 -0.256277 -0.132527 -0.009639 0.990308 -0.040412
1784010354.564178944 -2.565136 1.602537 -0.256407 -0.132336 -0.009681 0.990333 -0.040423
1784010354.568377018 -2.564678 1.602516 -0.256478 -0.132222 -0.009699 0.990347 -0.040438
1784010354.574342012 -2.564051 1.602483 -0.256586 -0.132053 -0.009639 0.990370 -0.040442
1784010354.578783989 -2.563596 1.602467 -0.256668 -0.132033 -0.009595 0.990374 -0.040441
1784010354.584183931 -2.563037 1.602440 -0.256801 -0.131987 -0.009617 0.990379 -0.040450
1784010354.588530064 -2.562588 1.602421 -0.256913 -0.131723 -0.009669 0.990414 -0.040451
1784010354.594254971 -2.562094 1.602374 -0.257033 -0.130858 -0.009713 0.990528 -0.040457
1784010354.598568916 -2.561879 1.602333 -0.257090 -0.130907 -0.009675 0.990519 -0.040525
1784010354.604454041 -2.561716 1.602266 -0.257174 -0.131556 -0.009535 0.990432 -0.040569
1784010354.608431101 -2.561613 1.602228 -0.257250 -0.131239 -0.009470 0.990473 -0.040610
1784010354.614352942 -2.561573 1.602162 -0.257408 -0.129901 -0.009648 0.990649 -0.040586
1784010354.618460894 -2.561705 1.602131 -0.257502 -0.129939 -0.009644 0.990644 -0.040591
1784010354.624142170 -2.561989 1.602087 -0.257607 -0.130896 -0.009136 0.990520 -0.040647
1784010354.624142170 -2.561989 1.602087 -0.257607 -0.130896 -0.009136 0.990520 -0.040647
1784010354.624315023 -2.561997 1.602083 -0.257613 -0.130926 -0.009122 0.990516 -0.040649
1784010354.628432989 -2.562208 1.601987 -0.257738 -0.131646 -0.008781 0.990423 -0.040686
1784010354.634330988 -2.562629 1.601848 -0.257866 -0.130775 -0.009215 0.990538 -0.040597
1784010354.639040947 -2.563063 1.601752 -0.257921 -0.131459 -0.009126 0.990447 -0.040620
1784010354.644315958 -2.563540 1.601662 -0.257997 -0.131873 -0.009040 0.990392 -0.040627
1784010354.648313046 -2.563875 1.601625 -0.258059 -0.132197 -0.008971 0.990350 -0.040632
1784010354.654334068 -2.564502 1.601549 -0.258122 -0.131574 -0.009100 0.990434 -0.040576
1784010354.658672094 -2.565135 1.601470 -0.258096 -0.132026 -0.009329 0.990373 -0.040541
1784010354.664479017 -2.566073 1.601367 -0.258024 -0.132252 -0.009245 0.990344 -0.040535
1784010354.668401003 -2.566704 1.601342 -0.257955 -0.132418 -0.009183 0.990322 -0.040530
1784010354.674488068 -2.567788 1.601304 -0.257836 -0.131548 -0.009361 0.990438 -0.040490
1784010354.678363085 -2.568599 1.601282 -0.257733 -0.131009 -0.009468 0.990510 -0.040464
1784010354.684349060 -2.569918 1.601238 -0.257582 -0.131332 -0.009688 0.990466 -0.040432
1784010354.688673973 -2.570872 1.601222 -0.257476 -0.131578 -0.009842 0.990433 -0.040408
1784010354.694473028 -2.572212 1.601197 -0.257322 -0.131459 -0.009884 0.990449 -0.040405
1784010354.698514938 -2.573222 1.601188 -0.257176 -0.131388 -0.009909 0.990458 -0.040402
1784010354.704288006 -2.574713 1.601165 -0.256966 -0.130951 -0.009983 0.990514 -0.040430
1784010354.708648920 -2.575852 1.601150 -0.256807 -0.130632 -0.010035 0.990555 -0.040450
1784010354.714463949 -2.577439 1.601108 -0.256609 -0.130742 -0.010169 0.990535 -0.040530
1784010354.718514919 -2.578623 1.601070 -0.256463 -0.130831 -0.010258 0.990520 -0.040585
1784010354.724038124 -2.580275 1.600995 -0.256295 -0.130955 -0.010005 0.990500 -0.040744
1784010354.724038124 -2.580275 1.600995 -0.256295 -0.130955 -0.010005 0.990500 -0.040744
1784010354.724313974 -2.580356 1.600988 -0.256291 -0.130965 -0.009992 0.990499 -0.040752
1784010354.728734970 -2.581661 1.600866 -0.256230 -0.131115 -0.009777 0.990476 -0.040881
1784010354.734287024 -2.583374 1.600711 -0.256143 -0.130776 -0.009783 0.990514 -0.041027
1784010354.738996029 -2.584934 1.600584 -0.256035 -0.131360 -0.009649 0.990432 -0.041175
1784010354.744290113 -2.586712 1.600431 -0.255928 -0.132050 -0.009580 0.990334 -0.041343
1784010354.748709917 -2.588168 1.600305 -0.255864 -0.132628 -0.009521 0.990252 -0.041483
1784010354.754488945 -2.590148 1.600114 -0.255776 -0.132253 -0.009547 0.990293 -0.041687
1784010354.758596897 -2.591671 1.599960 -0.255679 -0.131989 -0.009563 0.990322 -0.041832
1784010354.764336109 -2.593846 1.599723 -0.255562 -0.132488 -0.009296 0.990248 -0.042069
1784010354.768738985 -2.595493 1.599544 -0.255509 -0.132872 -0.009089 0.990191 -0.042251
1784010354.774308920 -2.597607 1.599305 -0.255447 -0.132623 -0.009315 0.990214 -0.042437
1784010354.778371096 -2.599206 1.599127 -0.255372 -0.132443 -0.009477 0.990231 -0.042572
1784010354.784271955 -2.601576 1.598830 -0.255272 -0.132730 -0.009507 0.990179 -0.042872
1784010354.788548946 -2.603312 1.598592 -0.255221 -0.132941 -0.009526 0.990141 -0.043090
1784010354.794354916 -2.605735 1.598227 -0.255146 -0.132974 -0.009662 0.990119 -0.043465
1784010354.798552036 -2.607559 1.597946 -0.255058 -0.133000 -0.009757 0.990102 -0.043736
1784010354.804312944 -2.610091 1.597531 -0.254947 -0.132706 -0.009786 0.990125 -0.044122
1784010354.808547974 -2.611939 1.597218 -0.254891 -0.132492 -0.009805 0.990140 -0.044405
1784010354.814357996 -2.614507 1.596768 -0.254806 -0.132804 -0.010206 0.990076 -0.044811
1784010354.818368912 -2.616332 1.596455 -0.254707 -0.133023 -0.010479 0.990031 -0.045091
1784010354.824191093 -2.618999 1.595972 -0.254559 -0.132587 -0.010443 0.990067 -0.045593
1784010354.824191093 -2.618999 1.595972 -0.254559 -0.132587 -0.010443 0.990067 -0.045593
1784010354.824269056 -2.619035 1.595964 -0.254557 -0.132582 -0.010443 0.990068 -0.045600
1784010354.828733921 -2.621066 1.595531 -0.254482 -0.132269 -0.010404 0.990092 -0.045992
1784010354.834335089 -2.623659 1.594952 -0.254385 -0.132537 -0.010496 0.990026 -0.046611
1784010354.838398933 -2.625608 1.594511 -0.254298 -0.132731 -0.010563 0.989978 -0.047058
1784010354.844373941 -2.628507 1.593835 -0.254187 -0.132355 -0.010585 0.989996 -0.047723
1784010354.848357916 -2.630426 1.593383 -0.254138 -0.132103 -0.010599 0.990008 -0.048164
1784010354.854286909 -2.633312 1.592674 -0.254098 -0.131746 -0.010804 0.990021 -0.048841
1784010354.858874083 -2.635596 1.592101 -0.254072 -0.131990 -0.011046 0.989958 -0.049388
1784010354.864097118 -2.638220 1.591432 -0.254062 -0.132213 -0.011186 0.989893 -0.050058
1784010354.868510008 -2.640434 1.590860 -0.254069 -0.132002 -0.011251 0.989891 -0.050643
1784010354.874269009 -2.643354 1.590088 -0.254070 -0.131851 -0.011321 0.989869 -0.051453
1784010354.878607988 -2.645589 1.589488 -0.254052 -0.132002 -0.011378 0.989814 -0.052104
1784010354.884208918 -2.648499 1.588684 -0.254038 -0.132041 -0.011562 0.989762 -0.052948
1784010354.888437986 -2.650700 1.588068 -0.254030 -0.131872 -0.011618 0.989747 -0.053618
1784010354.894270897 -2.653748 1.587196 -0.254018 -0.131835 -0.011665 0.989699 -0.054589
1784010354.898554087 -2.655999 1.586540 -0.254010 -0.131820 -0.011773 0.989659 -0.055315
1784010354.904330969 -2.659064 1.585629 -0.254005 -0.131632 -0.011855 0.989625 -0.056350
1784010354.908402920 -2.661251 1.584975 -0.253996 -0.131670 -0.011906 0.989576 -0.057108
1784010354.914345980 -2.664460 1.583997 -0.253988 -0.131976 -0.011990 0.989468 -0.058230
1784010354.918545008 -2.666720 1.583297 -0.253992 -0.131929 -0.012002 0.989426 -0.059044
1784010354.924012899 -2.669673 1.582351 -0.254017 -0.131733 -0.012258 0.989385 -0.060117
1784010354.924163103 -2.669754 1.582324 -0.254018 -0.131738 -0.012265 0.989382 -0.060147
1784010354.924163103 -2.669754 1.582324 -0.254018 -0.131738 -0.012265 0.989382 -0.060147
1784010354.928626060 -2.672199 1.581500 -0.254047 -0.131898 -0.012465 0.989302 -0.061070
1784010354.934277058 -2.675313 1.580442 -0.254070 -0.132175 -0.012482 0.989188 -0.062299
1784010354.938601971 -2.677697 1.579621 -0.254087 -0.132131 -0.012523 0.989134 -0.063232
1784010354.944295883 -2.680842 1.578516 -0.254098 -0.132075 -0.012583 0.989059 -0.064504
1784010354.948860884 -2.683372 1.577614 -0.254091 -0.132178 -0.012659 0.988976 -0.065535
1784010354.954195976 -2.686339 1.576539 -0.254080 -0.132184 -0.012814 0.988893 -0.066737
1784010354.958456993 -2.688714 1.575672 -0.254063 -0.132122 -0.012869 0.988835 -0.067701
1784010354.964306116 -2.691987 1.574461 -0.254030 -0.132162 -0.012953 0.988735 -0.069047
1784010354.968699932 -2.694453 1.573539 -0.254004 -0.132125 -0.013088 0.988668 -0.070052
1784010354.974437952 -2.697686 1.572314 -0.253979 -0.132015 -0.013256 0.988586 -0.071370
1784010354.978697062 -2.700093 1.571397 -0.253959 -0.132092 -0.013370 0.988502 -0.072362
1784010354.984457970 -2.703348 1.570138 -0.253941 -0.132244 -0.013535 0.988381 -0.073701
1784010354.988528013 -2.705648 1.569242 -0.253935 -0.132175 -0.013628 0.988317 -0.074653
1784010354.994343042 -2.708955 1.567936 -0.253930 -0.132142 -0.013819 0.988214 -0.076028
1784010354.998519897 -2.711343 1.566990 -0.253923 -0.132242 -0.013950 0.988122 -0.077019
1784010355.004302025 -2.714645 1.565672 -0.253922 -0.132188 -0.014007 0.988019 -0.078415
1784010355.008479118 -2.717028 1.564715 -0.253929 -0.132047 -0.014092 0.987957 -0.079403
1784010355.014291048 -2.720361 1.563362 -0.253939 -0.132053 -0.014289 0.987841 -0.080795
1784010355.018807888 -2.722961 1.562302 -0.253948 -0.132054 -0.014428 0.987749 -0.081885
1784010355.024290085 -2.726121 1.561002 -0.253973 -0.131868 -0.014641 0.987661 -0.083205
1784010355.024294138 -2.726124 1.561000 -0.253973 -0.131869 -0.014642 0.987660 -0.083207
1784010355.024294138 -2.726124 1.561000 -0.253973 -0.131869 -0.014642 0.987660 -0.083207
1784010355.028383017 -2.728463 1.560005 -0.253992 -0.131790 -0.014740 0.987587 -0.084184
1784010355.034295082 -2.731847 1.558550 -0.254010 -0.131912 -0.014874 0.987445 -0.085617
1784010355.038765907 -2.734409 1.557441 -0.254024 -0.131946 -0.014995 0.987344 -0.086699
1784010355.044449091 -2.737669 1.556017 -0.254030 -0.131927 -0.015176 0.987222 -0.088072
1784010355.048768044 -2.740160 1.554930 -0.254018 -0.132009 -0.015301 0.987115 -0.089123
1784010355.054462910 -2.743444 1.553493 -0.253984 -0.132074 -0.015351 0.986978 -0.090521
1784010355.058429003 -2.745729 1.552490 -0.253958 -0.131973 -0.015377 0.986903 -0.091488
1784010355.064142942 -2.749016 1.551025 -0.253918 -0.131883 -0.015537 0.986783 -0.092870
1784010355.068434000 -2.751492 1.549914 -0.253886 -0.131898 -0.015723 0.986680 -0.093908
1784010355.074274063 -2.754867 1.548390 -0.253845 -0.131855 -0.015987 0.986547 -0.095303
1784010355.078597069 -2.757372 1.547263 -0.253817 -0.131750 -0.016111 0.986460 -0.096332
1784010355.084270000 -2.760653 1.545777 -0.253786 -0.131650 -0.016181 0.986338 -0.097695
1784010355.088740110 -2.763235 1.544595 -0.253776 -0.131553 -0.016317 0.986242 -0.098764
1784010355.094157934 -2.766363 1.543138 -0.253782 -0.131450 -0.016614 0.986120 -0.100058
1784010355.098532915 -2.768905 1.541950 -0.253792 -0.131532 -0.016851 0.985998 -0.101114
1784010355.104361057 -2.772303 1.540360 -0.253802 -0.131779 -0.017039 0.985815 -0.102528
1784010355.108521938 -2.774730 1.539226 -0.253814 -0.131810 -0.017095 0.985704 -0.103549
1784010355.114294052 -2.778076 1.537635 -0.253839 -0.131657 -0.017208 0.985570 -0.104986
1784010355.118640900 -2.780598 1.536422 -0.253862 -0.131610 -0.017388 0.985456 -0.106083
1784010355.123855114 -2.783638 1.534952 -0.253889 -0.131722 -0.017609 0.985292 -0.107418
1784010355.123855114 -2.783638 1.534952 -0.253889 -0.131722 -0.017609 0.985292 -0.107418
1784010355.124269009 -2.783877 1.534834 -0.253889 -0.131731 -0.017628 0.985279 -0.107524
1784010355.128439903 -2.786291 1.533640 -0.253891 -0.131865 -0.017745 0.985141 -0.108597
1784010355.134298086 -2.789670 1.531950 -0.253902 -0.132000 -0.017927 0.984954 -0.110093
1784010355.138534069 -2.792104 1.530717 -0.253925 -0.131933 -0.018097 0.984838 -0.111179
1784010355.144248962 -2.795376 1.529030 -0.253965 -0.131734 -0.018376 0.984688 -0.112684
1784010355.148323059 -2.797720 1.527814 -0.253998 -0.131697 -0.018572 0.984564 -0.113775
1784010355.154364109 -2.801211 1.525993 -0.254034 -0.131919 -0.018778 0.984342 -0.115393
1784010355.158335924 -2.803515 1.524789 -0.254060 -0.132051 -0.018896 0.984197 -0.116453
1784010355.164257050 -2.806923 1.522976 -0.254097 -0.131999 -0.019133 0.984012 -0.118024
1784010355.168407917 -2.809305 1.521695 -0.254128 -0.131809 -0.019315 0.983900 -0.119141
1784010355.174269915 -2.812675 1.519868 -0.254156 -0.131617 -0.019563 0.983728 -0.120724
1784010355.178843021 -2.815327 1.518432 -0.254173 -0.131659 -0.019660 0.983566 -0.121973
1784010355.184140921 -2.818403 1.516755 -0.254189 -0.131833 -0.019797 0.983359 -0.123423
1784010355.188529015 -2.820944 1.515357 -0.254208 -0.131916 -0.019960 0.983192 -0.124635
1784010355.194259882 -2.824231 1.513523 -0.254233 -0.131889 -0.020172 0.982986 -0.126240
1784010355.198498964 -2.826650 1.512162 -0.254250 -0.131818 -0.020339 0.982838 -0.127434
1784010355.204263926 -2.829935 1.510299 -0.254257 -0.131749 -0.020589 0.982630 -0.129060
1784010355.208592892 -2.832417 1.508891 -0.254252 -0.131787 -0.020785 0.982460 -0.130280
1784010355.214413881 -2.835754 1.506989 -0.254228 -0.131954 -0.021001 0.982214 -0.131920
1784010355.218466043 -2.838065 1.505666 -0.254218 -0.131944 -0.021117 0.982059 -0.133059
1784010355.224170923 -2.841291 1.503787 -0.254221 -0.131614 -0.021377 0.981881 -0.134652
1784010355.224277020 -2.841350 1.503752 -0.254221 -0.131610 -0.021384 0.981877 -0.134682
1784010355.224277020 -2.841350 1.503752 -0.254221 -0.131610 -0.021384 0.981877 -0.134682
1784010355.228483915 -2.843683 1.502342 -0.254202 -0.131346 -0.021626 0.981749 -0.135830
1784010355.234345913 -2.846950 1.500363 -0.254169 -0.131381 -0.021919 0.981517 -0.137415
1784010355.239022017 -2.849556 1.498782 -0.254152 -0.131437 -0.022078 0.981327 -0.138688
1784010355.244153023 -2.852360 1.497042 -0.254140 -0.131231 -0.022332 0.981153 -0.140069
1784010355.248466969 -2.854592 1.495601 -0.254122 -0.131468 -0.022873 0.980961 -0.141097
1784010355.254327059 -2.857203 1.493835 -0.254109 -0.132102 -0.023273 0.980686 -0.142347
1784010355.258573055 -2.858680 1.492799 -0.254147 -0.132794 -0.023340 0.980598 -0.142295
1784010355.264345884 -2.859851 1.491861 -0.254284 -0.133832 -0.024096 0.980655 -0.140799
1784010355.268722057 -2.860021 1.491539 -0.254396 -0.134444 -0.023540 0.980833 -0.139061
1784010355.274312973 -2.859350 1.491398 -0.254434 -0.133876 -0.021616 0.981345 -0.136276
1784010355.278325081 -2.858428 1.491329 -0.254378 -0.133345 -0.021103 0.981744 -0.133988
1784010355.284259081 -2.856832 1.491209 -0.254118 -0.133587 -0.021069 0.982187 -0.130460
1784010355.288516998 -2.855649 1.491152 -0.253844 -0.133324 -0.020750 0.982553 -0.127998
1784010355.294275045 -2.854087 1.491068 -0.253486 -0.132052 -0.019854 0.983145 -0.124874
1784010355.298634052 -2.852964 1.490937 -0.253330 -0.130927 -0.020278 0.983595 -0.122424
1784010355.304408073 -2.851546 1.490723 -0.253300 -0.129351 -0.021297 0.984126 -0.119628
1784010355.308450937 -2.850642 1.490601 -0.253368 -0.128982 -0.021096 0.984363 -0.118103
1784010355.314321995 -2.849445 1.490454 -0.253577 -0.128823 -0.021043 0.984649 -0.115877
1784010355.318587065 -2.848670 1.490359 -0.253816 -0.128216 -0.020665 0.984885 -0.114608
1784010355.324033022 -2.847827 1.490202 -0.254201 -0.128273 -0.020281 0.985030 -0.113359
1784010355.324033022 -2.847827 1.490202 -0.254201 -0.128273 -0.020281 0.985030 -0.113359
1784010355.324121952 -2.847814 1.490199 -0.254207 -0.128275 -0.020276 0.985032 -0.113340
1784010355.328453064 -2.847257 1.490028 -0.254489 -0.128973 -0.020676 0.985026 -0.112528
1784010355.334346056 -2.846642 1.489829 -0.254799 -0.130418 -0.020334 0.984896 -0.112059
1784010355.339322090 -2.846204 1.489710 -0.254973 -0.130837 -0.020271 0.984868 -0.111829
1784010355.343977928 -2.845871 1.489648 -0.255013 -0.130891 -0.020558 0.984882 -0.111590
1784010355.348526001 -2.845673 1.489681 -0.254945 -0.130625 -0.020937 0.984965 -0.111101
1784010355.354233980 -2.845596 1.489884 -0.254789 -0.130614 -0.019633 0.985040 -0.110687
1784010355.358486891 -2.845621 1.490077 -0.254692 -0.130527 -0.018732 0.985117 -0.110255
1784010355.364309072 -2.845785 1.490234 -0.254582 -0.130248 -0.018997 0.985226 -0.109568
1784010355.368809938 -2.846089 1.490292 -0.254505 -0.130392 -0.019250 0.985238 -0.109239
1784010355.374155045 -2.846564 1.490312 -0.254454 -0.131054 -0.018566 0.985162 -0.109254
1784010355.378460884 -2.846893 1.490283 -0.254477 -0.131066 -0.018995 0.985149 -0.109283
1784010355.384303093 -2.847405 1.490253 -0.254583 -0.129755 -0.019023 0.985302 -0.109459
1784010355.388639927 -2.847975 1.490215 -0.254676 -0.129932 -0.018130 0.985247 -0.109893
1784010355.394095898 -2.848748 1.490083 -0.254790 -0.131783 -0.018315 0.984962 -0.110220
1784010355.398504019 -2.849230 1.489964 -0.254881 -0.132814 -0.018119 0.984777 -0.110661
1784010355.404278040 -2.849759 1.489772 -0.255004 -0.131039 -0.017758 0.984946 -0.111333
1784010355.408364058 -2.850257 1.489555 -0.255078 -0.130066 -0.017671 0.985019 -0.111836
1784010355.414237022 -2.851093 1.489146 -0.255132 -0.131777 -0.018218 0.984685 -0.112688
1784010355.418495893 -2.851611 1.488857 -0.255168 -0.132363 -0.018155 0.984554 -0.113151
1784010355.423974037 -2.852125 1.488476 -0.255246 -0.131525 -0.018008 0.984602 -0.113738
1784010355.423974037 -2.852125 1.488476 -0.255246 -0.131525 -0.018008 0.984602 -0.113738
1784010355.424072027 -2.852133 1.488467 -0.255247 -0.131509 -0.018005 0.984603 -0.113748
1784010355.428392887 -2.852512 1.488095 -0.255282 -0.130544 -0.018420 0.984679 -0.114135
1784010355.434278965 -2.853174 1.487538 -0.255247 -0.131315 -0.018027 0.984505 -0.114811
1784010355.438756943 -2.853702 1.487084 -0.255233 -0.132190 -0.018277 0.984339 -0.115188
1784010355.444180012 -2.854223 1.486546 -0.255289 -0.131681 -0.018701 0.984366 -0.115475
1784010355.448395014 -2.854588 1.486150 -0.255343 -0.130683 -0.018746 0.984470 -0.115711
1784010355.454274893 -2.855160 1.485580 -0.255369 -0.131220 -0.018815 0.984352 -0.116096
1784010355.458682060 -2.855587 1.485170 -0.255383 -0.132111 -0.019231 0.984211 -0.116214
1784010355.464034081 -2.855956 1.484778 -0.255446 -0.131894 -0.019722 0.984254 -0.116014
1784010355.468292952 -2.856130 1.484573 -0.255513 -0.131369 -0.019990 0.984353 -0.115722
1784010355.474272966 -2.856234 1.484406 -0.255567 -0.131739 -0.019660 0.984364 -0.115260
1784010355.478770018 -2.856176 1.484337 -0.255609 -0.131911 -0.019532 0.984402 -0.114760
1784010355.484261036 -2.855929 1.484286 -0.255661 -0.131573 -0.019842 0.984511 -0.114158
1784010355.488430023 -2.855665 1.484283 -0.255679 -0.131448 -0.020110 0.984568 -0.113771
1784010355.494285107 -2.855266 1.484350 -0.255680 -0.131514 -0.019927 0.984609 -0.113369
1784010355.498435974 -2.854976 1.484436 -0.255696 -0.131588 -0.019754 0.984618 -0.113236
1784010355.504251957 -2.854540 1.484569 -0.255754 -0.131402 -0.019867 0.984643 -0.113216
1784010355.508522987 -2.854209 1.484688 -0.255818 -0.131149 -0.019966 0.984663 -0.113314
1784010355.514309883 -2.853771 1.484888 -0.255902 -0.130977 -0.019951 0.984653 -0.113601
1784010355.518522978 -2.853471 1.485066 -0.255965 -0.131073 -0.019846 0.984612 -0.113866
1784010355.523985147 -2.853098 1.485331 -0.256040 -0.131324 -0.019580 0.984540 -0.114242
1784010355.523985147 -2.853098 1.485331 -0.256040 -0.131324 -0.019580 0.984540 -0.114242
1784010355.524269104 -2.853078 1.485345 -0.256043 -0.131337 -0.019567 0.984536 -0.114263
1784010355.528603077 -2.852773 1.485573 -0.256071 -0.131488 -0.019358 0.984486 -0.114554
1784010355.534265041 -2.852380 1.485895 -0.256082 -0.131583 -0.019153 0.984448 -0.114813
1784010355.539333105 -2.852041 1.486206 -0.256075 -0.131641 -0.018972 0.984430 -0.114926
1784010355.543843985 -2.851754 1.486495 -0.256066 -0.131610 -0.018813 0.984439 -0.114914
1784010355.548790932 -2.851452 1.486817 -0.256051 -0.131586 -0.018621 0.984464 -0.114756
1784010355.554265022 -2.851128 1.487160 -0.256028 -0.131614 -0.018411 0.984497 -0.114475
1784010355.558500051 -2.850884 1.487405 -0.256021 -0.131538 -0.018343 0.984541 -0.114190
1784010355.564093113 -2.850577 1.487694 -0.256018 -0.131417 -0.018309 0.984610 -0.113744
1784010355.568351030 -2.850366 1.487890 -0.256018 -0.131473 -0.018243 0.984646 -0.113381
1784010355.574073076 -2.850094 1.488125 -0.256027 -0.131565 -0.018144 0.984691 -0.112890
1784010355.578372955 -2.849884 1.488279 -0.256054 -0.131531 -0.018089 0.984737 -0.112537
1784010355.584244967 -2.849561 1.488452 -0.256118 -0.131310 -0.018200 0.984820 -0.112056
1784010355.588428974 -2.849324 1.488554 -0.256172 -0.131236 -0.018335 0.984862 -0.111750
1784010355.594264984 -2.848994 1.488675 -0.256230 -0.131362 -0.018435 0.984881 -0.111418
1784010355.598417997 -2.848753 1.488751 -0.256263 -0.131424 -0.018431 0.984889 -0.111269
1784010355.604269981 -2.848389 1.488844 -0.256296 -0.131312 -0.018425 0.984920 -0.111136
1784010355.608546019 -2.848122 1.488907 -0.256313 -0.131246 -0.018385 0.984935 -0.111087
1784010355.614372015 -2.847761 1.488986 -0.256322 -0.131330 -0.018343 0.984923 -0.111100
1784010355.618366003 -2.847515 1.489036 -0.256330 -0.131344 -0.018402 0.984915 -0.111141
1784010355.624176025 -2.847151 1.489107 -0.256344 -0.131131 -0.018561 0.984931 -0.111229
1784010355.624176025 -2.847151 1.489107 -0.256344 -0.131131 -0.018561 0.984931 -0.111229
1784010355.624229908 -2.847147 1.489108 -0.256344 -0.131129 -0.018563 0.984931 -0.111230
1784010355.628529072 -2.846855 1.489177 -0.256331 -0.131035 -0.018641 0.984932 -0.111313
1784010355.634262085 -2.846482 1.489288 -0.256312 -0.131110 -0.018582 0.984910 -0.111430
1784010355.639642954 -2.846151 1.489402 -0.256303 -0.131197 -0.018532 0.984890 -0.111514
1784010355.644273043 -2.845884 1.489505 -0.256302 -0.131195 -0.018514 0.984886 -0.111557
1784010355.648653030 -2.845654 1.489610 -0.256298 -0.131195 -0.018492 0.984885 -0.111572
1784010355.654212952 -2.845388 1.489757 -0.256287 -0.131241 -0.018434 0.984881 -0.111561
1784010355.658478975 -2.845203 1.489873 -0.256288 -0.131175 -0.018411 0.984894 -0.111523
1784010355.664253950 -2.844977 1.490031 -0.256298 -0.131025 -0.018514 0.984925 -0.111410
1784010355.668574095 -2.844834 1.490152 -0.256308 -0.131083 -0.018558 0.984929 -0.111299
1784010355.674283028 -2.844647 1.490332 -0.256321 -0.131292 -0.018506 0.984924 -0.111111
1784010355.678514957 -2.844508 1.490474 -0.256340 -0.131297 -0.018472 0.984944 -0.110926
1784010355.684325933 -2.844320 1.490669 -0.256359 -0.131246 -0.018474 0.984982 -0.110648
1784010355.688607931 -2.844192 1.490811 -0.256368 -0.131356 -0.018434 0.984989 -0.110466
1784010355.694103003 -2.844017 1.490993 -0.256367 -0.131464 -0.018279 0.985000 -0.110262
1784010355.698431015 -2.843872 1.491126 -0.256365 -0.131386 -0.018230 0.985029 -0.110108
1784010355.704246044 -2.843663 1.491285 -0.256360 -0.131304 -0.018291 0.985056 -0.109950
1784010355.708380938 -2.843514 1.491386 -0.256357 -0.131328 -0.018326 0.985061 -0.109873
1784010355.714205027 -2.843290 1.491519 -0.256352 -0.131351 -0.018345 0.985065 -0.109808
1784010355.718503952 -2.843123 1.491606 -0.256354 -0.131292 -0.018374 0.985073 -0.109798
1784010355.724285126 -2.842891 1.491714 -0.256355 -0.131268 -0.018343 0.985073 -0.109834
1784010355.724285126 -2.842891 1.491714 -0.256355 -0.131268 -0.018343 0.985073 -0.109834
1784010355.724294901 -2.842890 1.491715 -0.256355 -0.131267 -0.018344 0.985073 -0.109835
1784010355.728694916 -2.842666 1.491829 -0.256346 -0.131342 -0.018384 0.985057 -0.109879
1784010355.734308958 -2.842313 1.491995 -0.256381 -0.132091 -0.018554 0.984945 -0.109958
1784010355.738415003 -2.841934 1.492152 -0.256423 -0.132389 -0.018458 0.984906 -0.109963
1784010355.744209051 -2.841257 1.492421 -0.256467 -0.131819 -0.018388 0.984981 -0.109990
1784010355.748647928 -2.840784 1.492608 -0.256509 -0.131665 -0.018643 0.984996 -0.109994
1784010355.754287958 -2.840158 1.492870 -0.256489 -0.133030 -0.018980 0.984823 -0.109848
1784010355.758295059 -2.839554 1.493112 -0.256449 -0.133254 -0.018909 0.984801 -0.109783
1784010355.764255047 -2.838546 1.493528 -0.256426 -0.130956 -0.018674 0.985121 -0.109717
1784010355.768552065 -2.837942 1.493801 -0.256405 -0.130765 -0.018688 0.985160 -0.109598
1784010355.774251938 -2.837039 1.494180 -0.256305 -0.133234 -0.019080 0.984854 -0.109308
1784010355.778599024 -2.836097 1.494545 -0.256259 -0.133213 -0.018841 0.984850 -0.109409
1784010355.783881903 -2.834904 1.495021 -0.256278 -0.130769 -0.018352 0.985207 -0.109227
1784010355.788543940 -2.834020 1.495390 -0.256238 -0.131340 -0.018811 0.985154 -0.108940
1784010355.794291019 -2.832803 1.495883 -0.256102 -0.134449 -0.018795 0.984750 -0.108798
1784010355.798659086 -2.831608 1.496321 -0.256067 -0.133130 -0.019103 0.984938 -0.108672
1784010355.804141045 -2.830146 1.496894 -0.256023 -0.130322 -0.018481 0.985350 -0.108440
1784010355.808474064 -2.829210 1.497298 -0.255888 -0.131506 -0.018678 0.985213 -0.108229
1784010355.814332962 -2.827843 1.497840 -0.255738 -0.134566 -0.018940 0.984813 -0.108055
1784010355.818628073 -2.826538 1.498291 -0.255703 -0.133361 -0.018968 0.984987 -0.107961
1784010355.824071884 -2.824760 1.498903 -0.255661 -0.131612 -0.018246 0.985236 -0.107960
1784010355.824257135 -2.824702 1.498924 -0.255659 -0.131642 -0.018252 0.985233 -0.107954
1784010355.824257135 -2.824702 1.498924 -0.255659 -0.131642 -0.018252 0.985233 -0.107954
1784010355.828411102 -2.823425 1.499408 -0.255538 -0.132318 -0.018310 0.985153 -0.107848
1784010355.834248066 -2.821752 1.500050 -0.255345 -0.133289 -0.018392 0.985019 -0.107860
1784010355.838747978 -2.820426 1.500520 -0.255243 -0.133004 -0.018424 0.985061 -0.107820
1784010355.844046116 -2.818644 1.501097 -0.255126 -0.133223 -0.019347 0.985024 -0.107729
1784010355.848364115 -2.817048 1.501639 -0.255018 -0.132964 -0.018198 0.985052 -0.107995
1784010355.854156971 -2.814882 1.502306 -0.254933 -0.132162 -0.017615 0.985157 -0.108114
1784010355.858230114 -2.813394 1.502616 -0.254959 -0.132416 -0.018330 0.985106 -0.108150
1784010355.864236116 -2.811072 1.503003 -0.254996 -0.133405 -0.017640 0.984954 -0.108436
1784010355.868699074 -2.809177 1.503258 -0.255052 -0.133436 -0.018113 0.984931 -0.108522
1784010355.874310017 -2.806691 1.503582 -0.255128 -0.132154 -0.018226 0.985060 -0.108900
1784010355.878658056 -2.804800 1.503836 -0.255136 -0.132173 -0.017491 0.985022 -0.109342
1784010355.884350061 -2.802306 1.504130 -0.255161 -0.133130 -0.018091 0.984843 -0.109692
1784010355.888318062 -2.800502 1.504301 -0.255214 -0.133801 -0.018522 0.984718 -0.109928
1784010355.894232035 -2.797695 1.504507 -0.255331 -0.133121 -0.018213 0.984758 -0.110451
1784010355.898598909 -2.795593 1.504611 -0.255429 -0.132966 -0.018802 0.984732 -0.110766
1784010355.904270887 -2.792889 1.504765 -0.255530 -0.133057 -0.019130 0.984660 -0.111243
1784010355.908330917 -2.790976 1.504898 -0.255596 -0.133127 -0.019376 0.984608 -0.111577
1784010355.914257050 -2.788106 1.505145 -0.255700 -0.132977 -0.019260 0.984582 -0.112004
1784010355.918564081 -2.785973 1.505330 -0.255789 -0.132585 -0.019058 0.984598 -0.112356
1784010355.924159050 -2.783237 1.505567 -0.255883 -0.132970 -0.019248 0.984501 -0.112726
1784010355.924159050 -2.783237 1.505567 -0.255883 -0.132970 -0.019248 0.984501 -0.112726
1784010355.924253941 -2.783190 1.505572 -0.255884 -0.132975 -0.019252 0.984499 -0.112733
1784010355.928311110 -2.781221 1.505779 -0.255916 -0.133234 -0.019444 0.984431 -0.112989
1784010355.934365988 -2.778240 1.506103 -0.255985 -0.132848 -0.019281 0.984433 -0.113450
1784010355.939001083 -2.775918 1.506354 -0.256059 -0.132442 -0.019294 0.984448 -0.113797
1784010355.944396019 -2.773219 1.506648 -0.256128 -0.132740 -0.019543 0.984359 -0.114174
1784010355.948617935 -2.771102 1.506880 -0.256174 -0.132980 -0.019740 0.984289 -0.114464
1784010355.954437017 -2.768146 1.507194 -0.256255 -0.132513 -0.019598 0.984296 -0.114967
1784010355.958265066 -2.766172 1.507380 -0.256340 -0.132217 -0.019506 0.984300 -0.115291
1784010355.964236975 -2.763052 1.507669 -0.256476 -0.132627 -0.019459 0.984173 -0.115905
1784010355.968424082 -2.760850 1.507867 -0.256565 -0.132925 -0.019427 0.984084 -0.116329
1784010355.974179029 -2.757787 1.508147 -0.256665 -0.132619 -0.019381 0.984053 -0.116943
1784010355.978480101 -2.755472 1.508356 -0.256722 -0.132398 -0.019348 0.984030 -0.117397
1784010355.984316111 -2.752297 1.508640 -0.256794 -0.132504 -0.019372 0.983926 -0.118143
1784010355.988646030 -2.749926 1.508837 -0.256861 -0.132591 -0.019390 0.983848 -0.118690
1784010355.994353056 -2.746778 1.509084 -0.256948 -0.132501 -0.019588 0.983768 -0.119418
1784010355.998398066 -2.744537 1.509241 -0.257008 -0.132447 -0.019730 0.983710 -0.119927
1784010356.004265070 -2.741253 1.509471 -0.257095 -0.132295 -0.019865 0.983627 -0.120754
1784010356.008575916 -2.738816 1.509641 -0.257168 -0.132194 -0.019966 0.983565 -0.121355
1784010356.014245987 -2.735613 1.509868 -0.257261 -0.132054 -0.020226 0.983482 -0.122132
1784010356.018565893 -2.733204 1.510032 -0.257326 -0.131956 -0.020426 0.983418 -0.122719
1784010356.023934126 -2.730188 1.510233 -0.257413 -0.131960 -0.020463 0.983317 -0.123510
1784010356.023934126 -2.730188 1.510233 -0.257413 -0.131960 -0.020463 0.983317 -0.123510
1784010356.024265051 -2.729998 1.510246 -0.257418 -0.131964 -0.020466 0.983311 -0.123559
1784010356.028326035 -2.727651 1.510406 -0.257488 -0.132015 -0.020498 0.983228 -0.124158
1784010356.034265041 -2.724228 1.510625 -0.257582 -0.131858 -0.020724 0.983131 -0.125047
1784010356.038661957 -2.721747 1.510768 -0.257629 -0.131741 -0.020892 0.983060 -0.125698
1784010356.044212103 -2.718626 1.510942 -0.257682 -0.131846 -0.021081 0.982927 -0.126596
1784010356.048782110 -2.716035 1.511086 -0.257735 -0.131931 -0.021236 0.982817 -0.127331
1784010356.054291964 -2.712894 1.511263 -0.257792 -0.131850 -0.021485 0.982708 -0.128214
1784010356.058664083 -2.710399 1.511404 -0.257821 -0.131786 -0.021682 0.982621 -0.128909
1784010356.064371109 -2.707153 1.511576 -0.257844 -0.131817 -0.021787 0.982488 -0.129870
1784010356.068291903 -2.704940 1.511677 -0.257854 -0.131837 -0.021859 0.982398 -0.130523
1784010356.074271917 -2.701564 1.511831 -0.257870 -0.132004 -0.022129 0.982225 -0.131605
1784010356.078694105 -2.699062 1.511954 -0.257889 -0.132127 -0.022329 0.982097 -0.132397
1784010356.084086895 -2.695988 1.512126 -0.257930 -0.132019 -0.022523 0.981978 -0.133349
1784010356.088618040 -2.693381 1.512288 -0.257973 -0.131782 -0.022521 0.981905 -0.134120
1784010356.094252110 -2.690142 1.512490 -0.258017 -0.132020 -0.022877 0.981731 -0.135101
1784010356.098288059 -2.687841 1.512627 -0.258043 -0.132191 -0.023132 0.981606 -0.135797
1784010356.104204893 -2.684465 1.512841 -0.258079 -0.132058 -0.023443 0.981469 -0.136858
1784010356.108443975 -2.682033 1.513011 -0.258111 -0.131963 -0.023667 0.981371 -0.137611
1784010356.114286900 -2.678661 1.513277 -0.258150 -0.131998 -0.023505 0.981209 -0.138756
1784010356.118479013 -2.676246 1.513474 -0.258181 -0.132023 -0.023390 0.981093 -0.139570
1784010356.124097109 -2.673030 1.513725 -0.258229 -0.132224 -0.023718 0.980914 -0.140581
1784010356.124097109 -2.673030 1.513725 -0.258229 -0.132224 -0.023718 0.980914 -0.140581
1784010356.124216080 -2.672962 1.513731 -0.258230 -0.132228 -0.023725 0.980910 -0.140601
1784010356.128463984 -2.670516 1.513922 -0.258257 -0.132363 -0.023883 0.980776 -0.141380
1784010356.134260893 -2.667175 1.514193 -0.258289 -0.132522 -0.024045 0.980590 -0.142488
1784010356.138643980 -2.664653 1.514405 -0.258313 -0.132553 -0.024175 0.980460 -0.143329
1784010356.144094944 -2.661519 1.514689 -0.258342 -0.132506 -0.024234 0.980315 -0.144353
1784010356.148221970 -2.659154 1.514917 -0.258362 -0.132538 -0.024262 0.980198 -0.145108
1784010356.154196024 -2.655736 1.515243 -0.258385 -0.132695 -0.024386 0.980012 -0.146200
1784010356.158941984 -2.653039 1.515497 -0.258402 -0.132900 -0.024648 0.979849 -0.147055
1784010356.163858891 -2.650250 1.515775 -0.258415 -0.132940 -0.024813 0.979706 -0.147944
1784010356.168457031 -2.647644 1.516056 -0.258414 -0.132768 -0.024807 0.979604 -0.148775
1784010356.174002886 -2.644504 1.516417 -0.258400 -0.132646 -0.024801 0.979472 -0.149748
1784010356.178303003 -2.642070 1.516710 -0.258380 -0.132699 -0.024716 0.979354 -0.150485
1784010356.184206963 -2.638727 1.517098 -0.258355 -0.132713 -0.024638 0.979194 -0.151525
1784010356.188324928 -2.636417 1.517349 -0.258345 -0.132782 -0.025014 0.979072 -0.152189
1784010356.194232941 -2.633114 1.517727 -0.258306 -0.132889 -0.025156 0.978892 -0.153228
1784010356.198664904 -2.630641 1.518030 -0.258271 -0.132872 -0.025165 0.978769 -0.154024
1784010356.204104900 -2.627603 1.518404 -0.258239 -0.132714 -0.025324 0.978636 -0.154978
1784010356.208343029 -2.625251 1.518698 -0.258222 -0.132573 -0.025307 0.978533 -0.155748
1784010356.214241982 -2.621999 1.519095 -0.258208 -0.132694 -0.025429 0.978343 -0.156812
1784010356.218485117 -2.619675 1.519373 -0.258207 -0.132894 -0.025641 0.978190 -0.157565
1784010356.224045038 -2.616637 1.519752 -0.258213 -0.132960 -0.025799 0.978019 -0.158543
1784010356.224045038 -2.616637 1.519752 -0.258213 -0.132960 -0.025799 0.978019 -0.158543
1784010356.224220991 -2.616539 1.519764 -0.258214 -0.132961 -0.025804 0.978013 -0.158572
1784010356.228363991 -2.614241 1.520055 -0.258219 -0.132911 -0.025893 0.977907 -0.159252
1784010356.234222889 -2.610996 1.520475 -0.258233 -0.132829 -0.025915 0.977760 -0.160218
1784010356.238833904 -2.608448 1.520806 -0.258256 -0.132804 -0.025949 0.977635 -0.160999
1784010356.243752003 -2.605745 1.521150 -0.258287 -0.132732 -0.026220 0.977507 -0.161786
1784010356.248517036 -2.603119 1.521495 -0.258349 -0.133334 -0.026355 0.977285 -0.162605
1784010356.254193068 -2.599801 1.521946 -0.258456 -0.134399 -0.026237 0.976969 -0.163646
1784010356.258377075 -2.597173 1.522304 -0.258543 -0.134224 -0.026555 0.976865 -0.164356
1784010356.264219046 -2.593423 1.522823 -0.258602 -0.133977 -0.027060 0.976720 -0.165337
1784010356.268414974 -2.590770 1.523204 -0.258570 -0.134242 -0.027034 0.976550 -0.166125
1784010356.274285078 -2.586985 1.523741 -0.258453 -0.134844 -0.026917 0.976274 -0.167277
1784010356.278436899 -2.584192 1.524140 -0.258371 -0.134499 -0.027553 0.976192 -0.167926
1784010356.284199953 -2.580250 1.524756 -0.258261 -0.132996 -0.027537 0.976221 -0.168958
1784010356.288645983 -2.577253 1.525257 -0.258147 -0.132860 -0.027503 0.976103 -0.169748
1784010356.294001102 -2.573662 1.525882 -0.258019 -0.133498 -0.027547 0.975855 -0.170665
1784010356.298445940 -2.570644 1.526436 -0.257961 -0.133233 -0.027432 0.975759 -0.171436
1784010356.304220915 -2.566664 1.527176 -0.257935 -0.132545 -0.027942 0.975694 -0.172257
1784010356.308388948 -2.563800 1.527730 -0.257913 -0.132758 -0.028356 0.975543 -0.172879
1784010356.314222097 -2.559797 1.528558 -0.257892 -0.133011 -0.028663 0.975349 -0.173728
1784010356.318484068 -2.556875 1.529200 -0.257901 -0.132841 -0.028869 0.975270 -0.174266
1784010356.324213982 -2.552931 1.530099 -0.257890 -0.132628 -0.029186 0.975166 -0.174954
1784010356.324269056 -2.552892 1.530108 -0.257890 -0.132629 -0.029188 0.975165 -0.174960
1784010356.324269056 -2.552892 1.530108 -0.257890 -0.132629 -0.029188 0.975165 -0.174960
1784010356.328408957 -2.550077 1.530749 -0.257844 -0.132718 -0.029296 0.975066 -0.175428
1784010356.334222078 -2.546127 1.531678 -0.257792 -0.132590 -0.029654 0.974971 -0.175990
1784010356.338459015 -2.543242 1.532394 -0.257769 -0.132266 -0.029739 0.974941 -0.176383
1784010356.344254017 -2.539341 1.533412 -0.257726 -0.132324 -0.029722 0.974846 -0.176868
1784010356.348440886 -2.536532 1.534180 -0.257699 -0.132530 -0.029732 0.974757 -0.177202
1784010356.354180098 -2.532691 1.535270 -0.257688 -0.132393 -0.029678 0.974706 -0.177594
1784010356.358460903 -2.529823 1.536115 -0.257705 -0.132035 -0.029728 0.974705 -0.177857
1784010356.364275932 -2.525988 1.537298 -0.257726 -0.131961 -0.029762 0.974663 -0.178135
1784010356.368419886 -2.523283 1.538179 -0.257733 -0.132243 -0.029699 0.974595 -0.178311
1784010356.374181986 -2.519554 1.539444 -0.257733 -0.132533 -0.029567 0.974532 -0.178461
1784010356.378381014 -2.516838 1.540404 -0.257729 -0.132484 -0.029471 0.974528 -0.178537
1784010356.384166956 -2.513137 1.541764 -0.257701 -0.132378 -0.029401 0.974548 -0.178518
1784010356.388592958 -2.510326 1.542845 -0.257669 -0.132379 -0.029280 0.974558 -0.178482
1784010356.394310951 -2.506735 1.544285 -0.257618 -0.132400 -0.028974 0.974591 -0.178337
1784010356.398323059 -2.504224 1.545324 -0.257584 -0.132444 -0.028794 0.974613 -0.178213
1784010356.404192924 -2.500582 1.546857 -0.257550 -0.132397 -0.028655 0.974675 -0.177929
1784010356.408510923 -2.497907 1.548002 -0.257546 -0.132345 -0.028580 0.974724 -0.177709
1784010356.414237976 -2.494393 1.549531 -0.257556 -0.132424 -0.028353 0.974780 -0.177383
1784010356.418337107 -2.491888 1.550634 -0.257573 -0.132661 -0.028195 0.974791 -0.177169
1784010356.423930168 -2.488484 1.552130 -0.257602 -0.132867 -0.028006 0.974826 -0.176853
1784010356.423930168 -2.488484 1.552130 -0.257602 -0.132867 -0.028006 0.974826 -0.176853
1784010356.424221039 -2.488317 1.552203 -0.257603 -0.132881 -0.027997 0.974825 -0.176845
1784010356.428461075 -2.485883 1.553251 -0.257611 -0.132862 -0.028028 0.974851 -0.176711
1784010356.434251070 -2.482591 1.554655 -0.257599 -0.132843 -0.028156 0.974881 -0.176543
1784010356.438471079 -2.480190 1.555676 -0.257566 -0.132925 -0.028193 0.974887 -0.176443
1784010356.444247007 -2.476944 1.557039 -0.257488 -0.132957 -0.028246 0.974898 -0.176349
1784010356.448748112 -2.474418 1.558090 -0.257419 -0.132818 -0.028298 0.974926 -0.176291
1784010356.453994989 -2.471499 1.559287 -0.257318 -0.132717 -0.028273 0.974946 -0.176260
1784010356.458391905 -2.469075 1.560269 -0.257206 -0.132371 -0.028364 0.974998 -0.176217
1784010356.464107037 -2.466104 1.561473 -0.257023 -0.131605 -0.028218 0.975096 -0.176272
1784010356.468282938 -2.464075 1.562309 -0.256900 -0.131669 -0.028150 0.975085 -0.176294
1784010356.474164963 -2.461394 1.563415 -0.256789 -0.132046 -0.028138 0.975045 -0.176237
1784010356.478708029 -2.459402 1.564249 -0.256734 -0.131567 -0.028191 0.975128 -0.176129
1784010356.484345913 -2.457139 1.565229 -0.256675 -0.131225 -0.028048 0.975190 -0.176063
1784010356.488394976 -2.455655 1.565904 -0.256646 -0.131541 -0.027796 0.975154 -0.176063
1784010356.494194984 -2.453687 1.566789 -0.256620 -0.132108 -0.027202 0.975086 -0.176110
1784010356.498485088 -2.452276 1.567382 -0.256625 -0.131887 -0.027296 0.975104 -0.176159
1784010356.504218102 -2.450571 1.568070 -0.256618 -0.131470 -0.027976 0.975133 -0.176203
1784010356.508311033 -2.449501 1.568536 -0.256570 -0.131719 -0.027865 0.975085 -0.176305
1784010356.514189005 -2.448177 1.569147 -0.256455 -0.131993 -0.027478 0.975040 -0.176408
1784010356.518374920 -2.447333 1.569539 -0.256375 -0.131788 -0.027352 0.975062 -0.176459
1784010356.523770094 -2.446430 1.569955 -0.256301 -0.131485 -0.027419 0.975090 -0.176522
1784010356.523770094 -2.446430 1.569955 -0.256301 -0.131485 -0.027419 0.975090 -0.176522
1784010356.524209976 -2.446366 1.569981 -0.256295 -0.131453 -0.027425 0.975093 -0.176525
1784010356.528395891 -2.445813 1.570192 -0.256249 -0.131367 -0.027446 0.975100 -0.176548
1784010356.534236908 -2.445232 1.570407 -0.256197 -0.131213 -0.027344 0.975109 -0.176627
1784010356.538714886 -2.444954 1.570511 -0.256166 -0.131247 -0.027353 0.975092 -0.176697
1784010356.543848038 -2.444789 1.570582 -0.256155 -0.131824 -0.027324 0.975006 -0.176746
1784010356.548382044 -2.444675 1.570646 -0.256169 -0.132368 -0.027071 0.974925 -0.176825
1784010356.554265022 -2.444492 1.570708 -0.256245 -0.131752 -0.027191 0.975007 -0.176816
1784010356.558790922 -2.444467 1.570715 -0.256316 -0.131261 -0.027172 0.975065 -0.176864
1784010356.563775063 -2.444616 1.570655 -0.256303 -0.131973 -0.027155 0.974969 -0.176866
1784010356.568439960 -2.444830 1.570561 -0.256270 -0.133048 -0.027234 0.974813 -0.176905
1784010356.574158907 -2.445029 1.570461 -0.256295 -0.132519 -0.027377 0.974875 -0.176938
1784010356.578413963 -2.445123 1.570421 -0.256330 -0.131743 -0.027241 0.974987 -0.176923
1784010356.584166050 -2.445272 1.570370 -0.256380 -0.131731 -0.027342 0.974996 -0.176869
1784010356.588264942 -2.445425 1.570324 -0.256377 -0.131991 -0.027093 0.974970 -0.176856
1784010356.594203949 -2.445787 1.570128 -0.256381 -0.131428 -0.027240 0.975034 -0.176900
1784010356.598484993 -2.446196 1.569907 -0.256400 -0.131594 -0.027638 0.974992 -0.176943
1784010356.604195118 -2.446742 1.569634 -0.256347 -0.132011 -0.027258 0.974914 -0.177121
1784010356.608459949 -2.447137 1.569435 -0.256349 -0.130942 -0.027138 0.975035 -0.177272
1784010356.614181995 -2.447903 1.569076 -0.256409 -0.129775 -0.027298 0.975160 -0.177417
1784010356.618419886 -2.448600 1.568783 -0.256422 -0.131196 -0.027305 0.974949 -0.177531
1784010356.624121189 -2.449461 1.568403 -0.256472 -0.131767 -0.027485 0.974838 -0.177690
1784010356.624121189 -2.449461 1.568403 -0.256472 -0.131767 -0.027485 0.974838 -0.177690
1784010356.624222994 -2.449474 1.568395 -0.256474 -0.131779 -0.027489 0.974835 -0.177694
1784010356.628504038 -2.450141 1.568046 -0.256576 -0.130577 -0.027351 0.974961 -0.177914
1784010356.634212017 -2.451257 1.567505 -0.256614 -0.131261 -0.027438 0.974834 -0.178090
1784010356.638674974 -2.452156 1.567082 -0.256563 -0.132982 -0.027393 0.974562 -0.178309
1784010356.644186020 -2.453230 1.566552 -0.256604 -0.131542 -0.027319 0.974711 -0.178573
1784010356.648349047 -2.454141 1.566115 -0.256653 -0.130218 -0.027475 0.974873 -0.178637
1784010356.653984070 -2.455509 1.565484 -0.256618 -0.131667 -0.027583 0.974631 -0.178876
1784010356.658443928 -2.456645 1.564982 -0.256586 -0.132063 -0.027368 0.974540 -0.179113
1784010356.664100885 -2.458147 1.564284 -0.256630 -0.131028 -0.027338 0.974642 -0.179326
1784010356.668922901 -2.459515 1.563647 -0.256662 -0.131524 -0.027559 0.974543 -0.179465
1784010356.674006939 -2.460970 1.562979 -0.256682 -0.132578 -0.027450 0.974353 -0.179739
1784010356.678354025 -2.462197 1.562399 -0.256755 -0.131790 -0.027421 0.974423 -0.179941
1784010356.684233904 -2.463988 1.561546 -0.256809 -0.130781 -0.027391 0.974509 -0.180218
1784010356.688484907 -2.465421 1.560876 -0.256773 -0.131825 -0.027458 0.974315 -0.180493
1784010356.694243908 -2.467373 1.559937 -0.256747 -0.132805 -0.027637 0.974107 -0.180873
1784010356.698546886 -2.468799 1.559246 -0.256769 -0.132144 -0.027541 0.974151 -0.181136
1784010356.704193115 -2.470713 1.558299 -0.256785 -0.131542 -0.027558 0.974160 -0.181521
1784010356.708334923 -2.472200 1.557565 -0.256769 -0.131871 -0.027689 0.974056 -0.181818
1784010356.714238882 -2.474386 1.556480 -0.256740 -0.132301 -0.027440 0.973907 -0.182344
1784010356.718591928 -2.476032 1.555666 -0.256736 -0.132359 -0.027365 0.973832 -0.182713
1784010356.724129200 -2.478116 1.554602 -0.256755 -0.132195 -0.027739 0.973764 -0.183135
1784010356.724129200 -2.478116 1.554602 -0.256755 -0.132195 -0.027739 0.973764 -0.183135
1784010356.724385023 -2.478207 1.554551 -0.256756 -0.132186 -0.027758 0.973761 -0.183155
1784010356.728382111 -2.479646 1.553757 -0.256765 -0.132129 -0.027711 0.973697 -0.183543
1784010356.734205961 -2.481797 1.552550 -0.256785 -0.132036 -0.027838 0.973599 -0.184109
1784010356.738610983 -2.483489 1.551601 -0.256801 -0.132108 -0.027913 0.973505 -0.184545
1784010356.744057894 -2.485607 1.550412 -0.256804 -0.132364 -0.027783 0.973357 -0.185159
1784010356.748380899 -2.487297 1.549455 -0.256813 -0.132359 -0.027901 0.973270 -0.185604
1784010356.754175901 -2.489572 1.548152 -0.256830 -0.131854 -0.028096 0.973216 -0.186216
1784010356.758316040 -2.491254 1.547206 -0.256826 -0.131735 -0.028099 0.973142 -0.186685
1784010356.764261961 -2.493709 1.545817 -0.256802 -0.132069 -0.028355 0.972964 -0.187338
1784010356.768740892 -2.495574 1.544763 -0.256788 -0.132028 -0.028352 0.972868 -0.187862
1784010356.774218082 -2.497852 1.543453 -0.256782 -0.131501 -0.028430 0.972813 -0.188507
1784010356.778422117 -2.499644 1.542418 -0.256772 -0.131428 -0.028591 0.972718 -0.189019
1784010356.783915997 -2.502028 1.541032 -0.256752 -0.131771 -0.028702 0.972526 -0.189754
1784010356.788239956 -2.503921 1.539930 -0.256754 -0.131858 -0.028753 0.972399 -0.190333
1784010356.794141054 -2.506480 1.538402 -0.256779 -0.131547 -0.028872 0.972279 -0.191140
1784010356.798342943 -2.508329 1.537289 -0.256797 -0.131491 -0.028995 0.972166 -0.191737
1784010356.804163933 -2.510911 1.535702 -0.256816 -0.131653 -0.029286 0.971966 -0.192590
1784010356.808557034 -2.512881 1.534487 -0.256836 -0.131646 -0.029406 0.971833 -0.193248
1784010356.814096928 -2.515363 1.532927 -0.256870 -0.131447 -0.029529 0.971684 -0.194112
1784010356.818383932 -2.517305 1.531693 -0.256896 -0.131417 -0.029726 0.971547 -0.194789
1784010356.823917150 -2.519814 1.530071 -0.256931 -0.131400 -0.029984 0.971355 -0.195717
1784010356.823917150 -2.519814 1.530071 -0.256931 -0.131400 -0.029984 0.971355 -0.195717
1784010356.824183941 -2.519931 1.529991 -0.256933 -0.131401 -0.029994 0.971346 -0.195760
1784010356.828468084 -2.521808 1.528704 -0.256962 -0.131294 -0.030141 0.971217 -0.196446
1784010356.834197998 -2.524329 1.526957 -0.256993 -0.131216 -0.030332 0.971030 -0.197392
1784010356.838726997 -2.526345 1.525561 -0.257008 -0.131305 -0.030467 0.970858 -0.198157
1784010356.844228029 -2.528804 1.523841 -0.257026 -0.131316 -0.030623 0.970658 -0.199101
1784010356.848357916 -2.530669 1.522535 -0.257042 -0.131232 -0.030774 0.970518 -0.199817
1784010356.854245901 -2.533345 1.520656 -0.257059 -0.131359 -0.030954 0.970277 -0.200870
1784010356.858635902 -2.535360 1.519256 -0.257072 -0.131467 -0.031030 0.970097 -0.201658
1784010356.864221096 -2.537925 1.517469 -0.257102 -0.131368 -0.031082 0.969899 -0.202666
1784010356.868350983 -2.539844 1.516141 -0.257130 -0.131313 -0.031120 0.969751 -0.203400
1784010356.874205112 -2.542579 1.514244 -0.257167 -0.131513 -0.031173 0.969496 -0.204475
1784010356.878586054 -2.544647 1.512820 -0.257202 -0.131556 -0.031142 0.969320 -0.205286
1784010356.884169102 -2.547289 1.510996 -0.257254 -0.131472 -0.031058 0.969114 -0.206321
1784010356.888495922 -2.549356 1.509574 -0.257292 -0.131525 -0.031023 0.968934 -0.207136
1784010356.893963099 -2.551968 1.507764 -0.257340 -0.131633 -0.030962 0.968694 -0.208198
1784010356.898365974 -2.554079 1.506299 -0.257383 -0.131569 -0.030884 0.968519 -0.209063
1784010356.904180050 -2.556879 1.504340 -0.257427 -0.131588 -0.030828 0.968266 -0.210228
1784010356.908493996 -2.558983 1.502872 -0.257451 -0.131759 -0.030858 0.968053 -0.211095
1784010356.914201021 -2.561764 1.500915 -0.257484 -0.131868 -0.030870 0.967784 -0.212254
1784010356.918365002 -2.563797 1.499483 -0.257514 -0.131772 -0.030863 0.967613 -0.213095
1784010356.923772097 -2.566436 1.497607 -0.257552 -0.131728 -0.030925 0.967373 -0.214198
1784010356.923772097 -2.566436 1.497607 -0.257552 -0.131728 -0.030925 0.967373 -0.214198
1784010356.924140930 -2.566612 1.497476 -0.257554 -0.131723 -0.030931 0.967357 -0.214273
1784010356.928423882 -2.568661 1.495945 -0.257575 -0.131744 -0.031052 0.967156 -0.215147
1784010356.934187889 -2.571424 1.493859 -0.257608 -0.131737 -0.031269 0.966888 -0.216322
1784010356.938481092 -2.573497 1.492294 -0.257635 -0.131745 -0.031428 0.966687 -0.217190
1784010356.944163084 -2.576240 1.490206 -0.257671 -0.131794 -0.031642 0.966414 -0.218344
1784010356.948577881 -2.578371 1.488576 -0.257711 -0.131695 -0.031802 0.966220 -0.219235
1784010356.954196930 -2.581076 1.486478 -0.257776 -0.131423 -0.032031 0.965987 -0.220390
1784010356.958594084 -2.583209 1.484815 -0.257832 -0.131386 -0.032254 0.965777 -0.221298
1784010356.964329958 -2.586002 1.482618 -0.257906 -0.131538 -0.032575 0.965470 -0.222498
1784010356.968182087 -2.587886 1.481133 -0.257965 -0.131544 -0.032752 0.965278 -0.223298
1784010356.974185944 -2.590807 1.478803 -0.258060 -0.131393 -0.033042 0.964993 -0.224571
1784010356.978734016 -2.593023 1.477031 -0.258131 -0.131303 -0.033196 0.964771 -0.225553
1784010356.984195948 -2.595678 1.474885 -0.258211 -0.131174 -0.033396 0.964501 -0.226751
1784010356.988496065 -2.597774 1.473182 -0.258267 -0.131069 -0.033576 0.964286 -0.227699
1784010356.994185925 -2.600559 1.470904 -0.258314 -0.131094 -0.033795 0.963969 -0.228989
1784010356.998279095 -2.602574 1.469262 -0.258332 -0.131176 -0.033923 0.963732 -0.229918
1784010357.004348993 -2.605535 1.466818 -0.258345 -0.130997 -0.033992 0.963418 -0.231324
1784010357.008352995 -2.607485 1.465203 -0.258351 -0.130723 -0.034082 0.963229 -0.232250
1784010357.014219999 -2.610347 1.462811 -0.258342 -0.130497 -0.034291 0.962918 -0.233630
1784010357.018451929 -2.612432 1.461077 -0.258330 -0.130507 -0.034377 0.962670 -0.234632
1784010357.023766041 -2.615046 1.458886 -0.258329 -0.130462 -0.034543 0.962368 -0.235868
1784010357.023766041 -2.615046 1.458886 -0.258329 -0.130462 -0.034543 0.962368 -0.235868
1784010357.024156094 -2.615234 1.458723 -0.258329 -0.130462 -0.034554 0.962345 -0.235961
1784010357.028666973 -2.617395 1.456836 -0.258331 -0.130404 -0.034772 0.962078 -0.237050
1784010357.034235954 -2.620046 1.454494 -0.258345 -0.130318 -0.035068 0.961738 -0.238428
1784010357.038477898 -2.622064 1.452703 -0.258366 -0.130161 -0.035325 0.961493 -0.239461
1784010357.043931961 -2.624659 1.450387 -0.258390 -0.129973 -0.035548 0.961168 -0.240830
1784010357.048588991 -2.626889 1.448393 -0.258402 -0.130030 -0.035719 0.960861 -0.241995
1784010357.054202080 -2.629570 1.445970 -0.258411 -0.130181 -0.036001 0.960471 -0.243418
1784010357.058294058 -2.631517 1.444199 -0.258422 -0.130102 -0.036152 0.960214 -0.244451
1784010357.064168930 -2.634287 1.441641 -0.258437 -0.129858 -0.036346 0.959850 -0.245977
1784010357.068223000 -2.636206 1.439861 -0.258450 -0.129754 -0.036528 0.959588 -0.247023
1784010357.074157953 -2.639010 1.437235 -0.258471 -0.129664 -0.036782 0.959180 -0.248610
1784010357.078599930 -2.641117 1.435256 -0.258499 -0.129631 -0.036975 0.958875 -0.249775
1784010357.084208012 -2.643762 1.432746 -0.258545 -0.129711 -0.037266 0.958462 -0.251272
1784010357.088315010 -2.645694 1.430900 -0.258589 -0.129746 -0.037462 0.958160 -0.252371
1784010357.094125032 -2.648410 1.428278 -0.258660 -0.129610 -0.037728 0.957749 -0.253959
1784010357.098718882 -2.650568 1.426195 -0.258713 -0.129507 -0.037929 0.957426 -0.255197
1784010357.103920937 -2.653017 1.423832 -0.258753 -0.129584 -0.038089 0.957031 -0.256610
1784010357.108257055 -2.655058 1.421861 -0.258779 -0.129637 -0.038170 0.956705 -0.257786
1784010357.114202023 -2.657834 1.419154 -0.258805 -0.129530 -0.038295 0.956270 -0.259428
1784010357.118422031 -2.659807 1.417225 -0.258815 -0.129465 -0.038429 0.955963 -0.260569
1784010357.123861074 -2.662349 1.414733 -0.258811 -0.129455 -0.038546 0.955551 -0.262065
1784010357.123861074 -2.662349 1.414733 -0.258811 -0.129455 -0.038546 0.955551 -0.262065
1784010357.124209881 -2.662506 1.414574 -0.258810 -0.129451 -0.038553 0.955527 -0.262154
1784010357.128393888 -2.664375 1.412662 -0.258798 -0.129359 -0.038588 0.955244 -0.263221
1784010357.134201050 -2.666950 1.410008 -0.258790 -0.129236 -0.038617 0.954849 -0.264710
1784010357.138673067 -2.668936 1.407957 -0.258798 -0.129219 -0.038710 0.954529 -0.265853
1784010357.144247055 -2.671394 1.405387 -0.258825 -0.129161 -0.038926 0.954131 -0.267275
1784010357.148349047 -2.673215 1.403488 -0.258851 -0.129115 -0.039082 0.953837 -0.268322
1784010357.154207945 -2.675807 1.400772 -0.258879 -0.129169 -0.039224 0.953399 -0.269827
1784010357.158613920 -2.677762 1.398731 -0.258892 -0.129223 -0.039220 0.953067 -0.270974
1784010357.164186954 -2.680201 1.396141 -0.258913 -0.129090 -0.039296 0.952669 -0.272420
1784010357.168330908 -2.682005 1.394200 -0.258936 -0.128993 -0.039355 0.952372 -0.273494
1784010357.174173117 -2.684528 1.391454 -0.258954 -0.128910 -0.039623 0.951935 -0.275014
1784010357.178380966 -2.686358 1.389471 -0.258953 -0.128856 -0.039720 0.951620 -0.276111
1784010357.184165955 -2.688848 1.386743 -0.258947 -0.128678 -0.039756 0.951196 -0.277647
1784010357.188132048 -2.690553 1.384872 -0.258944 -0.128558 -0.039784 0.950903 -0.278698
1784010357.194122076 -2.693094 1.382031 -0.258950 -0.128324 -0.039997 0.950452 -0.280310
1784010357.198215961 -2.694834 1.380071 -0.258965 -0.128166 -0.040147 0.950142 -0.281411
1784010357.204184055 -2.697354 1.377202 -0.258994 -0.128190 -0.040310 0.949646 -0.283046
1784010357.208388090 -2.699146 1.375176 -0.259013 -0.128209 -0.040428 0.949295 -0.284196
1784010357.214128971 -2.701567 1.372408 -0.259045 -0.128021 -0.040467 0.948837 -0.285800
1784010357.218274117 -2.703306 1.370407 -0.259076 -0.127887 -0.040498 0.948505 -0.286956
1784010357.224143982 -2.705752 1.367562 -0.259119 -0.127761 -0.040710 0.948011 -0.288608
1784010357.224179029 -2.705765 1.367545 -0.259120 -0.127760 -0.040710 0.948008 -0.288618
1784010357.224179029 -2.705765 1.367545 -0.259120 -0.127760 -0.040710 0.948008 -0.288618
1784010357.228413105 -2.707515 1.365482 -0.259134 -0.127736 -0.040889 0.947631 -0.289840
1784010357.234143019 -2.709880 1.362683 -0.259152 -0.127880 -0.040987 0.947097 -0.291502
1784010357.238535881 -2.711687 1.360537 -0.259175 -0.127835 -0.041042 0.946709 -0.292772
1784010357.244215965 -2.714004 1.357759 -0.259213 -0.127643 -0.041174 0.946217 -0.294425
1784010357.248596907 -2.715778 1.355609 -0.259252 -0.127484 -0.041275 0.945838 -0.295693
1784010357.253688097 -2.717837 1.353098 -0.259298 -0.127508 -0.041528 0.945368 -0.297148
1784010357.258536100 -2.719808 1.350687 -0.259335 -0.127528 -0.041769 0.944918 -0.298532
1784010357.264297962 -2.722137 1.347816 -0.259373 -0.127419 -0.042126 0.944408 -0.300138
1784010357.268382072 -2.723768 1.345784 -0.259399 -0.127328 -0.042377 0.944049 -0.301269
1784010357.274136066 -2.726048 1.342914 -0.259425 -0.126843 -0.042670 0.943581 -0.302895
1784010357.278471947 -2.727764 1.340739 -0.259439 -0.126465 -0.042889 0.943230 -0.304113
1784010357.284138918 -2.730001 1.337877 -0.259454 -0.126448 -0.043263 0.942695 -0.305722
1784010357.288427114 -2.731696 1.335695 -0.259474 -0.126423 -0.043545 0.942292 -0.306933
1784010357.294135094 -2.733945 1.332781 -0.259510 -0.126372 -0.043879 0.941741 -0.308591
1784010357.298388004 -2.735618 1.330607 -0.259551 -0.126322 -0.044127 0.941333 -0.309820
1784010357.303997993 -2.737813 1.327729 -0.259619 -0.126246 -0.044404 0.940781 -0.311484
1784010357.308423042 -2.739536 1.325447 -0.259687 -0.126177 -0.044620 0.940346 -0.312790
1784010357.314209938 -2.741790 1.322452 -0.259768 -0.126441 -0.045109 0.939718 -0.314497
1784010357.318423033 -2.743441 1.320268 -0.259810 -0.126620 -0.045463 0.939262 -0.315732
1784010357.323950052 -2.745593 1.317406 -0.259854 -0.126538 -0.045615 0.938707 -0.317390
1784010357.323950052 -2.745593 1.317406 -0.259854 -0.126538 -0.045615 0.938707 -0.317390
1784010357.324143887 -2.745665 1.317307 -0.259855 -0.126532 -0.045620 0.938689 -0.317446
1784010357.328488111 -2.747259 1.315084 -0.259884 -0.126410 -0.045728 0.938270 -0.318715
1784010357.334177017 -2.749342 1.312163 -0.259913 -0.126258 -0.045962 0.937710 -0.320386
1784010357.338447094 -2.750942 1.309943 -0.259926 -0.126142 -0.046138 0.937288 -0.321638
1784010357.343971968 -2.753022 1.307057 -0.259944 -0.126333 -0.046348 0.936697 -0.323251
1784010357.348431110 -2.754701 1.304728 -0.259975 -0.126460 -0.046430 0.936226 -0.324550
1784010357.354141951 -2.756822 1.301746 -0.260035 -0.126297 -0.046663 0.935656 -0.326219
1784010357.358593941 -2.758478 1.299404 -0.260092 -0.126167 -0.046846 0.935211 -0.327518
1784010357.364068031 -2.760515 1.296512 -0.260164 -0.126075 -0.047021 0.934646 -0.329138
1784010357.368261099 -2.762096 1.294287 -0.260216 -0.126142 -0.047080 0.934192 -0.330389
1784010357.374207973 -2.764313 1.291125 -0.260293 -0.126075 -0.047138 0.933565 -0.332173
1784010357.378231049 -2.765810 1.288976 -0.260353 -0.126028 -0.047178 0.933140 -0.333378
1784010357.384131908 -2.767987 1.285819 -0.260431 -0.125839 -0.047296 0.932517 -0.335172
1784010357.388253927 -2.769528 1.283604 -0.260473 -0.125706 -0.047379 0.932080 -0.336423
1784010357.394170046 -2.771728 1.280418 -0.260524 -0.125582 -0.047407 0.931440 -0.338234
1784010357.398360014 -2.773294 1.278147 -0.260566 -0.125459 -0.047511 0.930990 -0.339501
1784010357.404130936 -2.775423 1.275010 -0.260628 -0.125339 -0.047776 0.930355 -0.341243
1784010357.408420086 -2.777006 1.272670 -0.260676 -0.125236 -0.048030 0.929881 -0.342536
1784010357.414239883 -2.779139 1.269491 -0.260734 -0.125028 -0.048280 0.929243 -0.344302
1784010357.418509960 -2.780719 1.267150 -0.260764 -0.124956 -0.048351 0.928765 -0.345607
1784010357.423977137 -2.782727 1.264145 -0.260791 -0.125065 -0.048524 0.928119 -0.347275
1784010357.423977137 -2.782727 1.264145 -0.260791 -0.125065 -0.048524 0.928119 -0.347275
1784010357.423988104 -2.782728 1.264139 -0.260790 -0.125068 -0.048526 0.928116 -0.347280
1784010357.428369999 -2.784196 1.261768 -0.260789 -0.125090 -0.048783 0.927581 -0.348664
1784010357.434190989 -2.786116 1.258620 -0.260780 -0.124922 -0.049025 0.926884 -0.350537
1784010357.438551903 -2.787571 1.256249 -0.260765 -0.124912 -0.049156 0.926347 -0.351940
1784010357.444303989 -2.789470 1.253121 -0.260735 -0.125088 -0.049292 0.925599 -0.353822
1784010357.448271036 -2.790775 1.250957 -0.260730 -0.125001 -0.049405 0.925114 -0.355103
1784010357.454123974 -2.792654 1.247764 -0.260737 -0.124714 -0.049708 0.924401 -0.357014
1784010357.458661079 -2.794120 1.245275 -0.260743 -0.124697 -0.049916 0.923818 -0.358497
1784010357.464107990 -2.795871 1.242283 -0.260740 -0.124807 -0.050093 0.923092 -0.360299
1784010357.468328953 -2.797230 1.239957 -0.260742 -0.124727 -0.050213 0.922559 -0.361673
1784010357.474107027 -2.799055 1.236774 -0.260731 -0.124630 -0.050395 0.921810 -0.363585
1784010357.478425026 -2.800422 1.234384 -0.260718 -0.124675 -0.050585 0.921230 -0.365010
1784010357.484186888 -2.802212 1.231194 -0.260694 -0.124682 -0.050872 0.920455 -0.366917
1784010357.488450050 -2.803542 1.228822 -0.260676 -0.124608 -0.051024 0.919893 -0.368329
1784010357.494187117 -2.805311 1.225622 -0.260643 -0.124633 -0.051345 0.919107 -0.370232
1784010357.498301029 -2.806583 1.223319 -0.260629 -0.124624 -0.051600 0.918550 -0.371580
1784010357.504113913 -2.808330 1.220072 -0.260633 -0.124403 -0.051968 0.917776 -0.373511
1784010357.508409023 -2.809621 1.217659 -0.260655 -0.124222 -0.052338 0.917208 -0.374911
1784010357.514215946 -2.811360 1.214382 -0.260685 -0.124273 -0.052827 0.916386 -0.376832
1784010357.518335104 -2.812614 1.212043 -0.260716 -0.124351 -0.053095 0.915803 -0.378183
1784010357.523974180 -2.814299 1.208848 -0.260776 -0.124350 -0.053370 0.915012 -0.380055
1784010357.523974180 -2.814299 1.208848 -0.260776 -0.124350 -0.053370 0.915012 -0.380055
1784010357.524175882 -2.814352 1.208735 -0.260777 -0.124344 -0.053371 0.914997 -0.380094
1784010357.528323889 -2.815441 1.206406 -0.260812 -0.124156 -0.053473 0.914660 -0.380949
1784010357.534202099 -2.816947 1.203092 -0.260874 -0.123867 -0.053724 0.914250 -0.381991
1784010357.538678885 -2.818103 1.200565 -0.260922 -0.123736 -0.053864 0.913878 -0.382903
1784010357.544003963 -2.819413 1.197589 -0.260971 -0.123823 -0.053943 0.913448 -0.383890
1784010357.548407078 -2.820407 1.195186 -0.261016 -0.123938 -0.053959 0.913069 -0.384751
1784010357.554146051 -2.821486 1.192168 -0.261085 -0.123790 -0.053901 0.912664 -0.385765
1784010357.558464050 -2.822157 1.189988 -0.261136 -0.123800 -0.054101 0.912380 -0.386405
1784010357.564155102 -2.822819 1.187275 -0.261163 -0.124052 -0.054782 0.912123 -0.386835
1784010357.568614006 -2.823187 1.185311 -0.261158 -0.124073 -0.054857 0.911962 -0.387198
1784010357.574330091 -2.823411 1.183021 -0.261142 -0.123636 -0.055078 0.911967 -0.387294
1784010357.578325033 -2.823444 1.181585 -0.261138 -0.123481 -0.055053 0.911983 -0.387310
1784010357.584150076 -2.823287 1.179714 -0.261142 -0.123450 -0.054861 0.912206 -0.386820
1784010357.588498116 -2.823056 1.178476 -0.261167 -0.123638 -0.055032 0.912370 -0.386350
1784010357.594144106 -2.822599 1.177105 -0.261221 -0.123591 -0.055077 0.912789 -0.385367
1784010357.598388910 -2.822199 1.176250 -0.261270 -0.123504 -0.054868 0.913189 -0.384475
1784010357.604170084 -2.821579 1.175294 -0.261340 -0.123395 -0.054724 0.913942 -0.382738
1784010357.608407021 -2.821120 1.174731 -0.261396 -0.123200 -0.054532 0.914546 -0.381383
1784010357.614300013 -2.820446 1.174115 -0.261470 -0.122601 -0.054252 0.915583 -0.379122
1784010357.618263960 -2.820018 1.173796 -0.261523 -0.122247 -0.054190 0.916261 -0.377605
1784010357.623881102 -2.819429 1.173474 -0.261595 -0.121867 -0.053720 0.917306 -0.375250
1784010357.623881102 -2.819429 1.173474 -0.261595 -0.121867 -0.053720 0.917306 -0.375250
1784010357.624155998 -2.819402 1.173463 -0.261597 -0.121854 -0.053709 0.917337 -0.375180
1784010357.628334999 -2.819006 1.173320 -0.261619 -0.121775 -0.053533 0.917784 -0.374135
1784010357.634150028 -2.818529 1.173161 -0.261606 -0.121514 -0.053142 0.918362 -0.372855
1784010357.638632059 -2.818239 1.173030 -0.261579 -0.122005 -0.052379 0.918683 -0.372013
1784010357.644179106 -2.817898 1.172843 -0.261601 -0.123230 -0.052126 0.918933 -0.371025
1784010357.648366928 -2.817571 1.172748 -0.261642 -0.123593 -0.052480 0.919139 -0.370343
1784010357.654114008 -2.817163 1.172652 -0.261666 -0.122432 -0.052109 0.919549 -0.369764
1784010357.658747911 -2.816964 1.172489 -0.261665 -0.122476 -0.052079 0.919715 -0.369339
1784010357.663844109 -2.816775 1.172275 -0.261633 -0.123501 -0.052551 0.919728 -0.368898
1784010357.668390989 -2.816559 1.172163 -0.261601 -0.123661 -0.052542 0.919742 -0.368812
1784010357.674119949 -2.816368 1.172000 -0.261596 -0.122587 -0.051881 0.919853 -0.368987
1784010357.678625107 -2.816307 1.171763 -0.261602 -0.122881 -0.052441 0.919781 -0.368989
1784010357.684274912 -2.816256 1.171514 -0.261560 -0.123929 -0.053093 0.919490 -0.369272
1784010357.688271046 -2.816218 1.171413 -0.261559 -0.123600 -0.052516 0.919382 -0.369732
1784010357.694120884 -2.816229 1.171204 -0.261623 -0.122576 -0.052846 0.919296 -0.370239
1784010357.698451996 -2.816288 1.171028 -0.261653 -0.123065 -0.053586 0.919042 -0.370602
1784010357.704123020 -2.816383 1.170923 -0.261688 -0.124042 -0.053312 0.918619 -0.371363
1784010357.708278894 -2.816413 1.170928 -0.261759 -0.123486 -0.053309 0.918535 -0.371757
1784010357.714241028 -2.816518 1.170923 -0.261801 -0.122683 -0.053314 0.918430 -0.372280
1784010357.718260050 -2.816672 1.170869 -0.261748 -0.123240 -0.053020 0.918204 -0.372695
1784010357.723773003 -2.816881 1.170757 -0.261668 -0.124739 -0.053053 0.917785 -0.373224
1784010357.723773003 -2.816881 1.170757 -0.261668 -0.124739 -0.053053 0.917785 -0.373224
1784010357.724112988 -2.816887 1.170747 -0.261665 -0.124827 -0.053050 0.917766 -0.373243
1784010357.728480101 -2.816903 1.170673 -0.261641 -0.124769 -0.053130 0.917745 -0.373301
1784010357.734158039 -2.816834 1.170668 -0.261654 -0.123946 -0.052141 0.917805 -0.373569
1784010357.738394976 -2.816774 1.170639 -0.261689 -0.123692 -0.052485 0.917849 -0.373494
1784010357.744119883 -2.816687 1.170583 -0.261702 -0.124427 -0.053428 0.917763 -0.373329
1784010357.748542070 -2.816602 1.170599 -0.261691 -0.124487 -0.053186 0.917780 -0.373301
1784010357.754122972 -2.816434 1.170624 -0.261697 -0.123561 -0.053274 0.917941 -0.373200
1784010357.758466959 -2.816309 1.170635 -0.261697 -0.123198 -0.053520 0.917998 -0.373145
1784010357.764132977 -2.816184 1.170653 -0.261683 -0.123404 -0.053235 0.917982 -0.373158
1784010357.768395901 -2.816102 1.170672 -0.261703 -0.123456 -0.053340 0.917977 -0.373136
1784010357.774132013 -2.815987 1.170711 -0.261748 -0.123199 -0.053458 0.917994 -0.373165
1784010357.778318882 -2.815934 1.170760 -0.261767 -0.123361 -0.053389 0.917939 -0.373256
1784010357.784168005 -2.815877 1.170835 -0.261795 -0.123536 -0.053630 0.917856 -0.373368
1784010357.788521051 -2.815854 1.170920 -0.261824 -0.123228 -0.053484 0.917857 -0.373487
1784010357.794023037 -2.815854 1.171013 -0.261838 -0.122872 -0.053339 0.917852 -0.373637
1784010357.798207998 -2.815889 1.171063 -0.261828 -0.123162 -0.053624 0.917774 -0.373693
1784010357.804126024 -2.815946 1.171152 -0.261796 -0.123574 -0.053554 0.917675 -0.373809
1784010357.808523893 -2.815991 1.171248 -0.261787 -0.123472 -0.053176 0.917676 -0.373896
1784010357.814094067 -2.816033 1.171348 -0.261784 -0.123453 -0.053164 0.917671 -0.373917
1784010357.818392992 -2.816061 1.171420 -0.261783 -0.123703 -0.053234 0.917627 -0.373931
1784010357.823974133 -2.816063 1.171518 -0.261796 -0.123749 -0.053210 0.917617 -0.373944
1784010357.823974133 -2.816063 1.171518 -0.261796 -0.123749 -0.053210 0.917617 -0.373944
1784010357.824126959 -2.816061 1.171519 -0.261796 -0.123751 -0.053209 0.917617 -0.373944
1784010357.828438044 -2.815994 1.171556 -0.261808 -0.123559 -0.053337 0.917649 -0.373909
1784010357.834161043 -2.815895 1.171608 -0.261820 -0.123327 -0.053503 0.917691 -0.373859
1784010357.838442087 -2.815832 1.171660 -0.261825 -0.123319 -0.053530 0.917711 -0.373810
1784010357.843991041 -2.815752 1.171732 -0.261833 -0.123339 -0.053554 0.917744 -0.373719
1784010357.848484039 -2.815695 1.171800 -0.261840 -0.123368 -0.053491 0.917760 -0.373678
1784010357.854137897 -2.815622 1.171888 -0.261849 -0.123391 -0.053470 0.917769 -0.373652
1784010357.858203888 -2.815576 1.171958 -0.261859 -0.123346 -0.053496 0.917776 -0.373645
1784010357.864115953 -2.815518 1.172051 -0.261866 -0.123287 -0.053490 0.917773 -0.373674
1784010357.868499994 -2.815495 1.172122 -0.261867 -0.123341 -0.053566 0.917750 -0.373701
1784010357.874087095 -2.815478 1.172212 -0.261865 -0.123364 -0.053609 0.917721 -0.373758
1784010357.878314972 -2.815480 1.172287 -0.261864 -0.123344 -0.053524 0.917707 -0.373812
1784010357.884093046 -2.815495 1.172372 -0.261856 -0.123506 -0.053505 0.917664 -0.373867
1784010357.888480902 -2.815516 1.172436 -0.261849 -0.123719 -0.053476 0.917617 -0.373916
1784010357.894139051 -2.815528 1.172512 -0.261848 -0.123745 -0.053393 0.917595 -0.373974
1784010357.898195982 -2.815532 1.172568 -0.261856 -0.123610 -0.053411 0.917602 -0.373997
1784010357.904138088 -2.815529 1.172637 -0.261863 -0.123460 -0.053454 0.917605 -0.374034
1784010357.908353090 -2.815533 1.172690 -0.261874 -0.123431 -0.053451 0.917599 -0.374058
1784010357.914164066 -2.815531 1.172758 -0.261902 -0.123326 -0.053517 0.917614 -0.374046
1784010357.918368101 -2.815538 1.172814 -0.261927 -0.123284 -0.053527 0.917631 -0.374019
1784010357.923739195 -2.815556 1.172881 -0.261954 -0.123332 -0.053467 0.917639 -0.373992
1784010357.923739195 -2.815556 1.172881 -0.261954 -0.123332 -0.053467 0.917639 -0.373992
1784010357.924134016 -2.815554 1.172882 -0.261954 -0.123333 -0.053461 0.917640 -0.373989
1784010357.928400993 -2.815524 1.172897 -0.261951 -0.123350 -0.053424 0.917655 -0.373952
1784010357.934123993 -2.815469 1.172916 -0.261942 -0.123310 -0.053383 0.917670 -0.373934
1784010357.938539982 -2.815427 1.172939 -0.261941 -0.123186 -0.053418 0.917680 -0.373945
1784010357.944273949 -2.815376 1.172962 -0.261937 -0.123005 -0.053525 0.917692 -0.373960
1784010357.948139906 -2.815358 1.172982 -0.261933 -0.123014 -0.053539 0.917679 -0.373987
1784010357.954097986 -2.815316 1.173033 -0.261930 -0.123244 -0.053510 0.917625 -0.374047
1784010357.958399057 -2.815273 1.173105 -0.261946 -0.123326 -0.053550 0.917601 -0.374075
1784010357.964155912 -2.815211 1.173212 -0.261970 -0.123137 -0.053376 0.917615 -0.374127
1784010357.968419075 -2.815188 1.173279 -0.261979 -0.123209 -0.053399 0.917592 -0.374156
1784010357.974164963 -2.815143 1.173385 -0.261983 -0.123649 -0.053724 0.917517 -0.374149
1784010357.978205919 -2.815079 1.173527 -0.262004 -0.123891 -0.053654 0.917470 -0.374193
1784010357.984090090 -2.814880 1.173827 -0.262079 -0.123679 -0.053651 0.917500 -0.374192
1784010357.988503933 -2.814684 1.174102 -0.262146 -0.123572 -0.053847 0.917516 -0.374159
1784010357.994137049 -2.814395 1.174482 -0.262187 -0.123927 -0.054032 0.917446 -0.374186
1784010357.998471975 -2.814140 1.174810 -0.262198 -0.124070 -0.054207 0.917404 -0.374217
1784010358.004107952 -2.813764 1.175296 -0.262187 -0.123829 -0.054223 0.917407 -0.374286
1784010358.008280993 -2.813487 1.175700 -0.262164 -0.123699 -0.054036 0.917409 -0.374353
1784010358.014153957 -2.813100 1.176278 -0.262129 -0.123599 -0.053908 0.917413 -0.374394
1784010358.018574953 -2.812830 1.176714 -0.262119 -0.123439 -0.053847 0.917423 -0.374432
1784010358.023828983 -2.812531 1.177225 -0.262116 -0.123332 -0.053865 0.917429 -0.374449
1784010358.023828983 -2.812531 1.177225 -0.262116 -0.123332 -0.053865 0.917429 -0.374449
1784010358.024096012 -2.812514 1.177249 -0.262115 -0.123328 -0.053866 0.917429 -0.374449
1784010358.028517008 -2.812235 1.177668 -0.262105 -0.123427 -0.054100 0.917430 -0.374380
1784010358.034137011 -2.811911 1.178259 -0.262101 -0.123218 -0.054165 0.917523 -0.374212
1784010358.038451910 -2.811698 1.178755 -0.262095 -0.122908 -0.053981 0.917662 -0.373999
1784010358.044154882 -2.811471 1.179407 -0.262043 -0.122902 -0.053818 0.917832 -0.373608
1784010358.048297882 -2.811359 1.179863 -0.261979 -0.123147 -0.053663 0.917933 -0.373301
1784010358.054270983 -2.811222 1.180495 -0.261895 -0.123458 -0.053457 0.918098 -0.372822
1784010358.058130980 -2.811142 1.180909 -0.261860 -0.123548 -0.053336 0.918227 -0.372492
1784010358.064105034 -2.811007 1.181561 -0.261832 -0.123574 -0.053115 0.918463 -0.371934
1784010358.068325996 -2.810921 1.182018 -0.261831 -0.123625 -0.052997 0.918625 -0.371533
1784010358.074131966 -2.810789 1.182621 -0.261839 -0.123735 -0.053023 0.918836 -0.370970
1784010358.078320026 -2.810686 1.183050 -0.261849 -0.123767 -0.052969 0.918982 -0.370605
1784010358.084141970 -2.810504 1.183617 -0.261861 -0.123702 -0.052840 0.919171 -0.370177
1784010358.088413000 -2.810359 1.184009 -0.261865 -0.123674 -0.052797 0.919280 -0.369920
1784010358.094162941 -2.810146 1.184488 -0.261853 -0.123710 -0.052561 0.919376 -0.369703
1784010358.098223925 -2.809988 1.184791 -0.261838 -0.123732 -0.052488 0.919417 -0.369605
1784010358.104118109 -2.809722 1.185176 -0.261810 -0.123644 -0.052424 0.919449 -0.369564
1784010358.108474016 -2.809518 1.185422 -0.261793 -0.123487 -0.052362 0.919451 -0.369621
1784010358.113979101 -2.809250 1.185681 -0.261785 -0.123394 -0.052535 0.919415 -0.369717
1784010358.118365049 -2.809031 1.185871 -0.261791 -0.123465 -0.052640 0.919354 -0.369830
1784010358.123960018 -2.808732 1.186101 -0.261809 -0.123523 -0.052708 0.919272 -0.370005
1784010358.123960018 -2.808732 1.186101 -0.261809 -0.123523 -0.052708 0.919272 -0.370005
1784010358.124166012 -2.808718 1.186108 -0.261809 -0.123525 -0.052711 0.919269 -0.370012
1784010358.128479958 -2.808431 1.186254 -0.261816 -0.123573 -0.052871 0.919210 -0.370118
1784010358.134149075 -2.808061 1.186443 -0.261810 -0.123676 -0.053051 0.919142 -0.370226
1784010358.138396025 -2.807800 1.186597 -0.261798 -0.123702 -0.053076 0.919110 -0.370295
1784010358.144089937 -2.807460 1.186823 -0.261783 -0.123591 -0.053081 0.919106 -0.370339
1784010358.148479939 -2.807207 1.187033 -0.261787 -0.123874 -0.053159 0.919068 -0.370329
1784010358.154030085 -2.806809 1.187395 -0.261816 -0.124063 -0.053285 0.919083 -0.370209
1784010358.158143044 -2.806468 1.187730 -0.261843 -0.123711 -0.053316 0.919167 -0.370116
1784010358.164043903 -2.806006 1.188218 -0.261868 -0.123692 -0.053520 0.919201 -0.370007
1784010358.168476105 -2.805665 1.188625 -0.261875 -0.124590 -0.053830 0.919133 -0.369831
1784010358.173922062 -2.805094 1.189316 -0.261886 -0.125060 -0.053963 0.919147 -0.369618
1784010358.178209066 -2.804539 1.189993 -0.261897 -0.124370 -0.053380 0.919297 -0.369561
1784010358.184142113 -2.803791 1.190878 -0.261873 -0.123662 -0.053612 0.919463 -0.369352
1784010358.188477039 -2.803326 1.191464 -0.261817 -0.124099 -0.053835 0.919451 -0.369204
1784010358.194103003 -2.802621 1.192339 -0.261749 -0.125258 -0.054086 0.919407 -0.368885
1784010358.198371887 -2.801928 1.193163 -0.261754 -0.124889 -0.053957 0.919515 -0.368761
1784010358.204087019 -2.800908 1.194349 -0.261772 -0.123567 -0.053185 0.919744 -0.368745
1784010358.208539009 -2.800162 1.195216 -0.261773 -0.123651 -0.053403 0.919766 -0.368632
1784010358.214303017 -2.799224 1.196315 -0.261739 -0.124881 -0.053793 0.919640 -0.368475
1784010358.218188047 -2.798513 1.197152 -0.261717 -0.125309 -0.053991 0.919624 -0.368340
1784010358.223633051 -2.797382 1.198456 -0.261716 -0.124191 -0.053453 0.919831 -0.368279
1784010358.223633051 -2.797382 1.198456 -0.261716 -0.124191 -0.053453 0.919831 -0.368279
1784010358.224097013 -2.797278 1.198570 -0.261714 -0.124096 -0.053406 0.919849 -0.368275
1784010358.228447914 -2.796317 1.199602 -0.261681 -0.123753 -0.053101 0.919914 -0.368272
1784010358.234107018 -2.795079 1.200884 -0.261605 -0.124466 -0.053873 0.919843 -0.368097
1784010358.238495111 -2.794080 1.201934 -0.261538 -0.124996 -0.053819 0.919788 -0.368063
1784010358.244271994 -2.792627 1.203436 -0.261484 -0.124365 -0.053498 0.919926 -0.367978
1784010358.248233080 -2.791583 1.204497 -0.261443 -0.124049 -0.053477 0.919988 -0.367932
1784010358.254116058 -2.790035 1.206063 -0.261344 -0.124517 -0.053633 0.919937 -0.367878
1784010358.258307934 -2.788928 1.207199 -0.261275 -0.124785 -0.053694 0.919929 -0.367798
1784010358.264082909 -2.787321 1.208852 -0.261200 -0.124597 -0.053676 0.920014 -0.367653
1784010358.268418074 -2.786062 1.210164 -0.261149 -0.124481 -0.053428 0.920070 -0.367587
1784010358.274087906 -2.784362 1.211918 -0.261081 -0.124676 -0.053374 0.920086 -0.367490
1784010358.278507948 -2.783013 1.213309 -0.261035 -0.124770 -0.053488 0.920126 -0.367340
1784010358.284163952 -2.781247 1.215138 -0.260969 -0.124967 -0.053354 0.920155 -0.367221
1784010358.288100004 -2.779989 1.216455 -0.260924 -0.125027 -0.053300 0.920186 -0.367130
1784010358.294047117 -2.778019 1.218519 -0.260855 -0.125173 -0.053098 0.920228 -0.367005
1784010358.298269987 -2.776581 1.220037 -0.260813 -0.125112 -0.052951 0.920286 -0.366902
1784010358.303909063 -2.774625 1.222094 -0.260756 -0.124990 -0.052827 0.920359 -0.366779
1784010358.308315992 -2.773083 1.223720 -0.260713 -0.125025 -0.052788 0.920385 -0.366706
1784010358.314059973 -2.771017 1.225885 -0.260665 -0.125040 -0.052788 0.920437 -0.366571
1784010358.318406105 -2.769410 1.227577 -0.260634 -0.125075 -0.052643 0.920467 -0.366504
1784010358.323852062 -2.767347 1.229723 -0.260612 -0.124732 -0.052454 0.920553 -0.366432
1784010358.323970079 -2.767302 1.229769 -0.260612 -0.124735 -0.052458 0.920553 -0.366431
1784010358.323970079 -2.767302 1.229769 -0.260612 -0.124735 -0.052458 0.920553 -0.366431
1784010358.328242064 -2.765612 1.231443 -0.260598 -0.124841 -0.052613 0.920554 -0.366370
1784010358.334125996 -2.763201 1.233800 -0.260575 -0.125047 -0.052849 0.920554 -0.366266
1784010358.338401079 -2.761394 1.235561 -0.260563 -0.124784 -0.052724 0.920601 -0.366254
1784010358.344137907 -2.758951 1.237909 -0.260548 -0.124478 -0.052869 0.920634 -0.366254
1784010358.348210096 -2.757217 1.239572 -0.260523 -0.124721 -0.053129 0.920601 -0.366218
1784010358.354087114 -2.754633 1.242036 -0.260491 -0.124824 -0.053103 0.920584 -0.366228
1784010358.358539104 -2.752628 1.243931 -0.260490 -0.124458 -0.053134 0.920625 -0.366247
1784010358.364026070 -2.750141 1.246268 -0.260471 -0.124536 -0.053495 0.920585 -0.366269
1784010358.368278027 -2.748215 1.248103 -0.260440 -0.124792 -0.053486 0.920536 -0.366306
1784010358.374082088 -2.745542 1.250640 -0.260422 -0.124798 -0.053559 0.920530 -0.366309
1784010358.378411055 -2.743523 1.252562 -0.260413 -0.124762 -0.053634 0.920535 -0.366296
1784010358.384084940 -2.740843 1.255120 -0.260395 -0.124869 -0.053534 0.920506 -0.366347
1784010358.388319016 -2.738834 1.257045 -0.260388 -0.124887 -0.053662 0.920501 -0.366335
1784010358.394166946 -2.736040 1.259735 -0.260374 -0.124787 -0.053759 0.920534 -0.366272
1784010358.398413897 -2.734008 1.261720 -0.260359 -0.124850 -0.053688 0.920530 -0.366271
1784010358.404064894 -2.731268 1.264397 -0.260344 -0.124871 -0.053771 0.920548 -0.366206
1784010358.408500910 -2.729108 1.266525 -0.260337 -0.124874 -0.053728 0.920565 -0.366169
1784010358.414004087 -2.726418 1.269188 -0.260322 -0.124929 -0.053682 0.920590 -0.366094
1784010358.418329954 -2.724298 1.271298 -0.260304 -0.125002 -0.053680 0.920605 -0.366031
1784010358.423876047 -2.721552 1.274032 -0.260277 -0.125044 -0.053581 0.920628 -0.365974
1784010358.423876047 -2.721552 1.274032 -0.260277 -0.125044 -0.053581 0.920628 -0.365974
1784010358.424073935 -2.721450 1.274129 -0.260276 -0.125046 -0.053577 0.920629 -0.365972
1784010358.428241014 -2.719296 1.276192 -0.260257 -0.125072 -0.053590 0.920645 -0.365920
1784010358.434118032 -2.716223 1.279114 -0.260235 -0.125043 -0.053762 0.920676 -0.365828
1784010358.438586950 -2.713880 1.281349 -0.260215 -0.124970 -0.053877 0.920705 -0.365762
1784010358.443989038 -2.711026 1.284069 -0.260182 -0.124910 -0.053984 0.920728 -0.365708
1784010358.448343039 -2.708716 1.286274 -0.260145 -0.124875 -0.054049 0.920740 -0.365682
1784010358.454129934 -2.705629 1.289206 -0.260097 -0.124832 -0.054232 0.920753 -0.365636
1784010358.458389997 -2.703356 1.291367 -0.260063 -0.124899 -0.054357 0.920744 -0.365617
1784010358.464072943 -2.700283 1.294270 -0.260017 -0.124903 -0.054416 0.920738 -0.365621
1784010358.468374968 -2.697954 1.296473 -0.259984 -0.124793 -0.054382 0.920741 -0.365658
1784010358.474075079 -2.694878 1.299362 -0.259942 -0.124776 -0.054436 0.920721 -0.365707
1784010358.478307962 -2.692619 1.301481 -0.259910 -0.124765 -0.054477 0.920704 -0.365747
1784010358.484081984 -2.689503 1.304380 -0.259880 -0.124689 -0.054341 0.920676 -0.365862
1784010358.488332033 -2.687174 1.306547 -0.259876 -0.124636 -0.054243 0.920654 -0.365950
1784010358.494087934 -2.684002 1.309488 -0.259868 -0.124645 -0.054099 0.920617 -0.366061
1784010358.498289108 -2.681716 1.311621 -0.259846 -0.124655 -0.053995 0.920588 -0.366146
1784010358.504092932 -2.678539 1.314576 -0.259811 -0.124699 -0.053862 0.920535 -0.366285
1784010358.508054972 -2.676355 1.316613 -0.259789 -0.124732 -0.053772 0.920496 -0.366384
1784010358.514163017 -2.672959 1.319754 -0.259750 -0.124889 -0.053641 0.920401 -0.366589
1784010358.518279076 -2.670682 1.321858 -0.259713 -0.124998 -0.053555 0.920334 -0.366732
1784010358.523639202 -2.667697 1.324597 -0.259661 -0.125018 -0.053532 0.920258 -0.366920
1784010358.523639202 -2.667697 1.324597 -0.259661 -0.125018 -0.053532 0.920258 -0.366920
1784010358.524081945 -2.667443 1.324823 -0.259657 -0.125019 -0.053532 0.920251 -0.366936
1784010358.528445005 -2.664921 1.327053 -0.259624 -0.125023 -0.053528 0.920186 -0.367100
1784010358.534151077 -2.661607 1.329968 -0.259590 -0.125166 -0.053633 0.920068 -0.367331
1784010358.538487911 -2.659099 1.332177 -0.259576 -0.125280 -0.053710 0.919977 -0.367509
1784010358.544234037 -2.655750 1.335102 -0.259580 -0.125253 -0.053795 0.919867 -0.367779
1784010358.548250914 -2.653395 1.337152 -0.259602 -0.125240 -0.053853 0.919789 -0.367970
1784010358.554048061 -2.649961 1.340078 -0.259651 -0.125318 -0.053814 0.919624 -0.368363
1784010358.558312893 -2.647429 1.342189 -0.259693 -0.125382 -0.053784 0.919501 -0.368653
1784010358.564038038 -2.643994 1.345006 -0.259741 -0.125198 -0.054140 0.919326 -0.369098
1784010358.568310022 -2.641415 1.347122 -0.259756 -0.125066 -0.054403 0.919194 -0.369433
1784010358.574085951 -2.637904 1.349954 -0.259759 -0.124770 -0.054538 0.918985 -0.370032
1784010358.578278065 -2.635367 1.351969 -0.259749 -0.124561 -0.054635 0.918832 -0.370469
1784010358.584052086 -2.631858 1.354712 -0.259725 -0.124536 -0.054850 0.918549 -0.371148
1784010358.588182926 -2.629350 1.356668 -0.259700 -0.124523 -0.055003 0.918344 -0.371635
1784010358.594069004 -2.625771 1.359445 -0.259659 -0.124601 -0.055092 0.918026 -0.372383
1784010358.598408937 -2.623153 1.361490 -0.259626 -0.124663 -0.055155 0.917789 -0.372935
1784010358.603740931 -2.619936 1.363988 -0.259600 -0.124699 -0.055190 0.917499 -0.373631
1784010358.608417988 -2.617113 1.366167 -0.259593 -0.124639 -0.055354 0.917246 -0.374248
1784010358.614252090 -2.613592 1.368870 -0.259596 -0.124611 -0.055658 0.916903 -0.375051
1784010358.618165970 -2.611254 1.370676 -0.259599 -0.124599 -0.055859 0.916671 -0.375592
1784010358.623950005 -2.607806 1.373339 -0.259604 -0.124639 -0.056118 0.916328 -0.376377
1784010358.623950005 -2.607806 1.373339 -0.259604 -0.124639 -0.056118 0.916328 -0.376377
1784010358.624279022 -2.607606 1.373490 -0.259605 -0.124643 -0.056132 0.916307 -0.376423
1784010358.628175974 -2.605237 1.375273 -0.259609 -0.124691 -0.056302 0.916068 -0.376965
1784010358.634104013 -2.601632 1.377981 -0.259615 -0.124680 -0.056292 0.915689 -0.377888
1784010358.638521910 -2.598958 1.379997 -0.259619 -0.124673 -0.056283 0.915407 -0.378575
1784010358.644114017 -2.595580 1.382545 -0.259616 -0.124736 -0.056397 0.915047 -0.379406
1784010358.648519039 -2.592940 1.384553 -0.259602 -0.124787 -0.056485 0.914764 -0.380059
1784010358.654278040 -2.589496 1.387183 -0.259553 -0.124825 -0.056620 0.914392 -0.380921
1784010358.658205032 -2.587176 1.388972 -0.259492 -0.124497 -0.056626 0.914199 -0.381490
1784010358.664086103 -2.583780 1.391600 -0.259359 -0.124666 -0.056483 0.913799 -0.382412
1784010358.668236971 -2.581445 1.393433 -0.259247 -0.124787 -0.056381 0.913517 -0.383062
1784010358.674168110 -2.578072 1.396069 -0.259098 -0.124783 -0.056344 0.913135 -0.383978
1784010358.678514957 -2.575623 1.397982 -0.259001 -0.123880 -0.056310 0.912989 -0.384622
1784010358.683810949 -2.572805 1.400183 -0.258886 -0.123509 -0.056502 0.912703 -0.385392
1784010358.688106060 -2.570651 1.401891 -0.258790 -0.124303 -0.056725 0.912347 -0.385945
1784010358.694092989 -2.567604 1.404323 -0.258684 -0.124884 -0.056645 0.911893 -0.386841
1784010358.698194027 -2.565510 1.406015 -0.258648 -0.123859 -0.056531 0.911808 -0.387387
1784010358.704036951 -2.562756 1.408292 -0.258613 -0.123222 -0.056460 0.911612 -0.388063
1784010358.708224058 -2.560952 1.409835 -0.258573 -0.124191 -0.056406 0.911270 -0.388565
1784010358.714135885 -2.558326 1.412040 -0.258541 -0.125797 -0.056664 0.910706 -0.389330
1784010358.718426943 -2.556327 1.413704 -0.258578 -0.125245 -0.056916 0.910528 -0.389889
1784010358.723988056 -2.553773 1.415831 -0.258610 -0.123848 -0.056831 0.910441 -0.390551
1784010358.723988056 -2.553773 1.415831 -0.258610 -0.123848 -0.056831 0.910441 -0.390551
1784010358.724128962 -2.553708 1.415882 -0.258609 -0.123812 -0.056829 0.910438 -0.390568
1784010358.728198051 -2.551900 1.417338 -0.258558 -0.124288 -0.056974 0.910151 -0.391066
1784010358.734096050 -2.549326 1.419375 -0.258461 -0.124712 -0.057670 0.909793 -0.391659
1784010358.738574028 -2.547399 1.420918 -0.258381 -0.124415 -0.057552 0.909609 -0.392198
1784010358.743954897 -2.545166 1.422737 -0.258258 -0.124188 -0.057346 0.909407 -0.392769
1784010358.748338938 -2.543404 1.424188 -0.258161 -0.123956 -0.057253 0.909252 -0.393214
1784010358.754117012 -2.541152 1.426068 -0.258056 -0.123651 -0.056618 0.909041 -0.393890
1784010358.758436918 -2.539534 1.427421 -0.258005 -0.123905 -0.056684 0.908839 -0.394266
1784010358.763914108 -2.537537 1.429077 -0.257965 -0.124064 -0.057248 0.908620 -0.394640
1784010358.768171072 -2.536036 1.430358 -0.257929 -0.124151 -0.057088 0.908441 -0.395048
1784010358.774060011 -2.534007 1.432094 -0.257881 -0.124012 -0.056965 0.908246 -0.395558
1784010358.778594971 -2.532499 1.433394 -0.257833 -0.124180 -0.056956 0.908062 -0.395928
1784010358.784074068 -2.530732 1.434930 -0.257758 -0.124497 -0.056839 0.907826 -0.396386
1784010358.788429976 -2.529365 1.436130 -0.257698 -0.124555 -0.056903 0.907666 -0.396724
1784010358.794054985 -2.527642 1.437662 -0.257622 -0.124360 -0.056981 0.907514 -0.397121
1784010358.798341036 -2.526383 1.438821 -0.257561 -0.124292 -0.056975 0.907403 -0.397397
1784010358.804047108 -2.524764 1.440350 -0.257491 -0.124311 -0.057003 0.907259 -0.397717
1784010358.808628082 -2.523515 1.441573 -0.257453 -0.124288 -0.056907 0.907163 -0.397957
1784010358.814083099 -2.522076 1.443012 -0.257432 -0.124203 -0.056857 0.907076 -0.398188
1784010358.818301916 -2.521014 1.444107 -0.257426 -0.124308 -0.056951 0.907004 -0.398305
1784010358.824006081 -2.519633 1.445577 -0.257413 -0.124678 -0.056964 0.906898 -0.398430
1784010358.824006081 -2.519633 1.445577 -0.257413 -0.124678 -0.056964 0.906898 -0.398430
1784010358.824023962 -2.519627 1.445581 -0.257414 -0.124679 -0.056963 0.906898 -0.398431
1784010358.828296900 -2.518568 1.446672 -0.257439 -0.124797 -0.056904 0.906858 -0.398492
1784010358.834076881 -2.517157 1.448142 -0.257486 -0.124643 -0.056866 0.906858 -0.398546
1784010358.838484049 -2.516118 1.449250 -0.257510 -0.124546 -0.056841 0.906862 -0.398572
1784010358.843900919 -2.514879 1.450588 -0.257534 -0.124617 -0.056844 0.906847 -0.398582
1784010358.848251104 -2.513916 1.451649 -0.257547 -0.124686 -0.056844 0.906839 -0.398578
1784010358.854060888 -2.512647 1.453050 -0.257572 -0.124705 -0.056777 0.906835 -0.398592
1784010358.858339071 -2.511739 1.454069 -0.257588 -0.124698 -0.056768 0.906837 -0.398590
1784010358.864058018 -2.510547 1.455408 -0.257615 -0.124712 -0.056781 0.906837 -0.398584
1784010358.868401051 -2.509671 1.456409 -0.257635 -0.124724 -0.056771 0.906837 -0.398583
1784010358.874088049 -2.508538 1.457698 -0.257671 -0.124783 -0.056772 0.906827 -0.398587
1784010358.878104925 -2.507757 1.458592 -0.257695 -0.124841 -0.056827 0.906814 -0.398591
1784010358.884051085 -2.506604 1.459892 -0.257743 -0.124933 -0.056891 0.906790 -0.398607
1784010358.888498068 -2.505764 1.460848 -0.257772 -0.124962 -0.056927 0.906775 -0.398626
1784010358.894074917 -2.504726 1.462026 -0.257803 -0.125024 -0.056938 0.906752 -0.398658
1784010358.898310900 -2.503959 1.462907 -0.257816 -0.125063 -0.056942 0.906739 -0.398674
1784010358.903907061 -2.502951 1.464057 -0.257843 -0.125070 -0.056970 0.906725 -0.398700
1784010358.908305883 -2.502173 1.464952 -0.257857 -0.125000 -0.057000 0.906727 -0.398713
1784010358.914093971 -2.501187 1.466075 -0.257832 -0.124407 -0.056839 0.906801 -0.398754
1784010358.918637037 -2.500515 1.466849 -0.257767 -0.123962 -0.056699 0.906850 -0.398801
1784010358.923859119 -2.499881 1.467606 -0.257704 -0.124494 -0.056914 0.906784 -0.398755
1784010358.923859119 -2.499881 1.467606 -0.257704 -0.124494 -0.056914 0.906784 -0.398755
1784010358.923882008 -2.499877 1.467609 -0.257705 -0.124496 -0.056915 0.906783 -0.398755
1784010358.928261995 -2.499326 1.468212 -0.257769 -0.124868 -0.056854 0.906742 -0.398740
1784010358.934072018 -2.498520 1.469083 -0.257941 -0.124892 -0.056606 0.906730 -0.398796
1784010358.938496113 -2.497861 1.469785 -0.258088 -0.124598 -0.056676 0.906750 -0.398832
1784010358.944106102 -2.497107 1.470565 -0.258276 -0.123631 -0.056477 0.906860 -0.398911
1784010358.948178053 -2.496700 1.470996 -0.258381 -0.124116 -0.056687 0.906772 -0.398931
1784010358.954169035 -2.496161 1.471573 -0.258497 -0.125929 -0.057390 0.906521 -0.398832
1784010358.958072901 -2.495768 1.472005 -0.258540 -0.126014 -0.057299 0.906491 -0.398888
1784010358.964003086 -2.495227 1.472598 -0.258658 -0.123670 -0.056478 0.906801 -0.399035
1784010358.968280077 -2.495017 1.472873 -0.258752 -0.123351 -0.056283 0.906853 -0.399043
1784010358.974044085 -2.494754 1.473208 -0.258832 -0.124910 -0.056898 0.906682 -0.398858
1784010358.978286982 -2.494532 1.473465 -0.258910 -0.124654 -0.056629 0.906681 -0.398978
1784010358.984075069 -2.494407 1.473615 -0.259108 -0.123139 -0.056521 0.906926 -0.398908
1784010358.988538027 -2.494451 1.473615 -0.259222 -0.124408 -0.056985 0.906802 -0.398729
1784010358.994071007 -2.494427 1.473683 -0.259389 -0.125509 -0.056947 0.906620 -0.398804
1784010358.998307943 -2.494415 1.473702 -0.259623 -0.123445 -0.056425 0.906922 -0.398836
1784010359.004045963 -2.494604 1.473555 -0.259854 -0.124163 -0.056543 0.906858 -0.398741
1784010359.008218050 -2.494783 1.473411 -0.259880 -0.126118 -0.057149 0.906572 -0.398693
1784010359.014065981 -2.495020 1.473177 -0.259941 -0.123592 -0.056506 0.906925 -0.398772
1784010359.018286943 -2.495349 1.472866 -0.259962 -0.122755 -0.056047 0.907019 -0.398881
1784010359.023756027 -2.495854 1.472373 -0.259888 -0.125996 -0.057079 0.906567 -0.398752
1784010359.023756027 -2.495854 1.472373 -0.259888 -0.125996 -0.057079 0.906567 -0.398752
1784010359.024101973 -2.495879 1.472344 -0.259885 -0.126201 -0.057146 0.906538 -0.398744
1784010359.028424978 -2.496112 1.472063 -0.259916 -0.126483 -0.057199 0.906429 -0.398894
1784010359.034097910 -2.496389 1.471690 -0.260079 -0.122418 -0.055544 0.907004 -0.399089
1784010359.038502932 -2.496797 1.471158 -0.260144 -0.121874 -0.055728 0.907053 -0.399118
1784010359.044051886 -2.497476 1.470276 -0.260129 -0.124907 -0.057279 0.906584 -0.399027
1784010359.048259974 -2.497977 1.469645 -0.260140 -0.125496 -0.057172 0.906444 -0.399175
1784010359.054124117 -2.498641 1.468775 -0.260258 -0.123513 -0.056053 0.906656 -0.399471
1784010359.058229923 -2.499195 1.468063 -0.260340 -0.123015 -0.056234 0.906691 -0.399521
1784010359.064105988 -2.500141 1.466952 -0.260379 -0.125309 -0.056045 0.906288 -0.399747
1784010359.068627119 -2.500858 1.466092 -0.260443 -0.125878 -0.055934 0.906149 -0.399899
1784010359.074273109 -2.501701 1.464977 -0.260600 -0.124045 -0.056327 0.906362 -0.399934
1784010359.078552008 -2.502429 1.464066 -0.260652 -0.123848 -0.056285 0.906332 -0.400069
1784010359.084115028 -2.503462 1.462768 -0.260613 -0.123979 -0.056812 0.906238 -0.400169
1784010359.088676929 -2.504365 1.461659 -0.260506 -0.123873 -0.056305 0.906184 -0.400394
1784010359.093846083 -2.505441 1.460338 -0.260378 -0.124337 -0.055899 0.906027 -0.400662
1784010359.098275900 -2.506373 1.459129 -0.260292 -0.124389 -0.056432 0.905949 -0.400748
1784010359.104048014 -2.507614 1.457523 -0.260177 -0.124264 -0.056220 0.905823 -0.401101
1784010359.108458042 -2.508609 1.456261 -0.260080 -0.123856 -0.056105 0.905782 -0.401336
1784010359.113823891 -2.509879 1.454645 -0.259962 -0.124339 -0.056235 0.905576 -0.401633
1784010359.118160009 -2.510941 1.453298 -0.259871 -0.124438 -0.056280 0.905447 -0.401888
1784010359.123644114 -2.512280 1.451549 -0.259779 -0.124243 -0.056272 0.905314 -0.402248
1784010359.123644114 -2.512280 1.451549 -0.259779 -0.124243 -0.056272 0.905314 -0.402248
1784010359.124048948 -2.512374 1.451417 -0.259775 -0.124230 -0.056271 0.905304 -0.402275
1784010359.128585100 -2.513430 1.449896 -0.259729 -0.123985 -0.056538 0.905196 -0.402557
1784010359.134116888 -2.514776 1.447972 -0.259647 -0.124259 -0.056584 0.904964 -0.402988
1784010359.138425112 -2.515867 1.446442 -0.259573 -0.124489 -0.056502 0.904792 -0.403312
1784010359.144062042 -2.517283 1.444409 -0.259504 -0.124432 -0.056380 0.904613 -0.403748
1784010359.148211002 -2.518338 1.442873 -0.259463 -0.124147 -0.056459 0.904506 -0.404064
1784010359.154094934 -2.519865 1.440612 -0.259408 -0.124101 -0.056754 0.904289 -0.404524
1784010359.158135891 -2.520952 1.439023 -0.259370 -0.124131 -0.056929 0.904134 -0.404837
1784010359.164050102 -2.522549 1.436666 -0.259340 -0.124003 -0.056880 0.903928 -0.405343
1784010359.168167114 -2.523683 1.434989 -0.259332 -0.123817 -0.056884 0.903790 -0.405706
1784010359.174082994 -2.525332 1.432501 -0.259330 -0.123925 -0.057180 0.903515 -0.406244
1784010359.178237915 -2.526519 1.430720 -0.259332 -0.124004 -0.057366 0.903315 -0.406638
1784010359.184065104 -2.528185 1.428194 -0.259354 -0.123907 -0.057463 0.903057 -0.407226
1784010359.188483000 -2.529469 1.426247 -0.259373 -0.123804 -0.057616 0.902858 -0.407677
1784010359.194031954 -2.531099 1.423746 -0.259395 -0.123855 -0.057953 0.902565 -0.408263
1784010359.198227882 -2.532356 1.421825 -0.259406 -0.123795 -0.058159 0.902353 -0.408719
1784010359.204046965 -2.534110 1.419130 -0.259407 -0.123657 -0.058205 0.902062 -0.409396
1784010359.208395958 -2.535450 1.417085 -0.259386 -0.123616 -0.058234 0.901826 -0.409925
1784010359.214055061 -2.537222 1.414358 -0.259351 -0.123622 -0.058346 0.901496 -0.410632
1784010359.218370914 -2.538606 1.412238 -0.259319 -0.123708 -0.058463 0.901227 -0.411178
1784010359.223701954 -2.540312 1.409607 -0.259278 -0.123697 -0.058496 0.900914 -0.411864
1784010359.223899126 -2.540375 1.409510 -0.259277 -0.123685 -0.058492 0.900903 -0.411892
1784010359.223899126 -2.540375 1.409510 -0.259277 -0.123685 -0.058492 0.900903 -0.411892
1784010359.228234053 -2.541701 1.407336 -0.259269 -0.123402 -0.058398 0.900660 -0.412520
1784010359.234059095 -2.543512 1.404322 -0.259261 -0.123207 -0.058508 0.900282 -0.413388
1784010359.238517046 -2.544930 1.401962 -0.259247 -0.123539 -0.058785 0.899925 -0.414027
1784010359.243942976 -2.546638 1.399090 -0.259251 -0.123701 -0.058832 0.899513 -0.414864
1784010359.248250008 -2.547990 1.396798 -0.259282 -0.123344 -0.058795 0.899243 -0.415562
1784010359.254117966 -2.549848 1.393591 -0.259321 -0.123291 -0.059029 0.898793 -0.416516
1784010359.258413076 -2.551230 1.391200 -0.259330 -0.123637 -0.059357 0.898393 -0.417231
1784010359.264095068 -2.553036 1.388026 -0.259365 -0.123513 -0.059457 0.897930 -0.418247
1784010359.268063068 -2.554295 1.385795 -0.259402 -0.123078 -0.059489 0.897659 -0.418952
1784010359.274065018 -2.556197 1.382361 -0.259425 -0.123058 -0.059835 0.897140 -0.420019
1784010359.278245926 -2.557537 1.379935 -0.259419 -0.123177 -0.060098 0.896740 -0.420801
1784010359.283860922 -2.559320 1.376648 -0.259420 -0.122770 -0.060313 0.896274 -0.421879
1784010359.288033009 -2.560649 1.374187 -0.259414 -0.122383 -0.060431 0.895942 -0.422680
1784010359.294085979 -2.562601 1.370551 -0.259388 -0.122313 -0.060621 0.895369 -0.423886
1784010359.298360109 -2.564004 1.367935 -0.259373 -0.122374 -0.060834 0.894938 -0.424747
1784010359.304023027 -2.565841 1.364441 -0.259380 -0.122182 -0.061166 0.894399 -0.425887
1784010359.308228016 -2.567208 1.361837 -0.259398 -0.122003 -0.061325 0.893990 -0.426775
1784010359.314107895 -2.569127 1.358157 -0.259427 -0.121959 -0.061525 0.893384 -0.428025
1784010359.318655014 -2.570621 1.355289 -0.259449 -0.122022 -0.061605 0.892889 -0.429028
1784010359.323958158 -2.572351 1.351926 -0.259480 -0.121883 -0.061530 0.892318 -0.430264
1784010359.323958158 -2.572351 1.351926 -0.259480 -0.121883 -0.061530 0.892318 -0.430264
1784010359.324029922 -2.572373 1.351880 -0.259481 -0.121882 -0.061529 0.892310 -0.430281
1784010359.328175068 -2.573665 1.349212 -0.259510 -0.121708 -0.061585 0.891866 -0.431242
1784010359.334058046 -2.575499 1.345375 -0.259533 -0.121677 -0.061748 0.891181 -0.432642
1784010359.338589907 -2.576922 1.342393 -0.259543 -0.121726 -0.061771 0.890628 -0.433761
1784010359.343842030 -2.578552 1.338921 -0.259562 -0.121577 -0.061809 0.890010 -0.435064
1784010359.348253965 -2.579915 1.335984 -0.259584 -0.121379 -0.061842 0.889481 -0.436195
1784010359.354073048 -2.581709 1.332056 -0.259615 -0.121286 -0.062085 0.888738 -0.437698
1784010359.358330965 -2.583034 1.329156 -0.259632 -0.121370 -0.062277 0.888171 -0.438797
1784010359.364053965 -2.584796 1.325249 -0.259648 -0.121354 -0.062337 0.887419 -0.440311
1784010359.368386984 -2.586124 1.322280 -0.259652 -0.121113 -0.062485 0.886874 -0.441454
1784010359.373615980 -2.587720 1.318670 -0.259638 -0.120900 -0.062810 0.886193 -0.442832
1784010359.378532887 -2.589222 1.315266 -0.259603 -0.120828 -0.063011 0.885534 -0.444140
1784010359.383897066 -2.590845 1.311547 -0.259560 -0.120578 -0.063172 0.884838 -0.445568
1784010359.388005972 -2.592090 1.308685 -0.259523 -0.120279 -0.063252 0.884321 -0.446664
1784010359.394048929 -2.593931 1.304424 -0.259460 -0.120181 -0.063410 0.883498 -0.448294
1784010359.398020983 -2.595157 1.301602 -0.259423 -0.120274 -0.063586 0.882936 -0.449349
1784010359.404055119 -2.596993 1.297314 -0.259404 -0.120169 -0.063727 0.882125 -0.450947
1784010359.408091068 -2.598221 1.294443 -0.259410 -0.119980 -0.063857 0.881594 -0.452016
1784010359.414127111 -2.600059 1.290112 -0.259421 -0.119938 -0.064160 0.880759 -0.453610
1784010359.418231964 -2.601326 1.287148 -0.259425 -0.120016 -0.064317 0.880177 -0.454696
1784010359.423794031 -2.603032 1.283124 -0.259441 -0.119972 -0.064478 0.879415 -0.456156
1784010359.423794031 -2.603032 1.283124 -0.259441 -0.119972 -0.064478 0.879415 -0.456156
1784010359.424030066 -2.603100 1.282952 -0.259442 -0.119970 -0.064485 0.879382 -0.456219
1784010359.428471088 -2.604386 1.279723 -0.259461 -0.119902 -0.064575 0.878769 -0.457404
1784010359.434065104 -2.605994 1.275642 -0.259480 -0.119896 -0.064602 0.877972 -0.458930
1784010359.438266993 -2.607203 1.272562 -0.259496 -0.119834 -0.064554 0.877369 -0.460105
1784010359.444099903 -2.608858 1.268255 -0.259532 -0.119708 -0.064596 0.876518 -0.461750
1784010359.448296070 -2.610046 1.265140 -0.259569 -0.119671 -0.064688 0.875890 -0.462937
1784010359.454050064 -2.611647 1.260855 -0.259639 -0.119518 -0.064772 0.875032 -0.464586
1784010359.458198071 -2.612800 1.257755 -0.259703 -0.119286 -0.064744 0.874418 -0.465803
1784010359.464236021 -2.614455 1.253205 -0.259809 -0.119016 -0.064817 0.873501 -0.467579
1784010359.468199015 -2.615541 1.250202 -0.259890 -0.118953 -0.064965 0.872871 -0.468750
1784010359.474000931 -2.617092 1.245801 -0.260026 -0.118819 -0.065111 0.871938 -0.470496
1784010359.478290081 -2.618225 1.242540 -0.260132 -0.118634 -0.065254 0.871246 -0.471803
1784010359.484069109 -2.619732 1.238106 -0.260248 -0.118514 -0.065597 0.870274 -0.473577
1784010359.488603115 -2.620920 1.234604 -0.260310 -0.118585 -0.065860 0.869480 -0.474979
1784010359.493894100 -2.622282 1.230511 -0.260363 -0.118581 -0.066035 0.868557 -0.476641
1784010359.498194933 -2.623374 1.227180 -0.260392 -0.118466 -0.066163 0.867806 -0.478017
1784010359.504002094 -2.624820 1.222657 -0.260403 -0.118369 -0.066400 0.866767 -0.479890
1784010359.508194923 -2.625863 1.219375 -0.260396 -0.118396 -0.066540 0.865992 -0.481261
1784010359.514096975 -2.627294 1.214741 -0.260394 -0.118303 -0.066707 0.864909 -0.483205
1784010359.518239021 -2.628286 1.211484 -0.260403 -0.118178 -0.066820 0.864150 -0.484575
1784010359.523566008 -2.629536 1.207274 -0.260423 -0.118044 -0.066976 0.863151 -0.486364
1784010359.523566008 -2.629536 1.207274 -0.260423 -0.118044 -0.066976 0.863151 -0.486364
1784010359.523874998 -2.629603 1.207028 -0.260424 -0.118037 -0.066985 0.863093 -0.486468
1784010359.528129101 -2.630510 1.203634 -0.260442 -0.117913 -0.067176 0.862289 -0.487896
1784010359.534034014 -2.631741 1.198899 -0.260480 -0.117682 -0.067452 0.861175 -0.489876
1784010359.538518906 -2.632675 1.195293 -0.260514 -0.117584 -0.067585 0.860310 -0.491399
1784010359.543844938 -2.633755 1.190999 -0.260556 -0.117480 -0.067764 0.859274 -0.493209
1784010359.548316956 -2.634640 1.187382 -0.260598 -0.117240 -0.067962 0.858410 -0.494741
1784010359.554035902 -2.635728 1.182735 -0.260654 -0.116806 -0.068356 0.857305 -0.496702
1784010359.558337927 -2.636538 1.179228 -0.260688 -0.116540 -0.068688 0.856459 -0.498176
1784010359.564055920 -2.637586 1.174558 -0.260713 0.116244 0.068987 -0.855315 0.500165
1784010359.568298101 -2.638360 1.171086 -0.260722 0.116011 0.069149 -0.854457 0.501661
1784010359.574147940 -2.639397 1.166287 -0.260717 0.115930 0.069325 -0.853212 0.503769
1784010359.578398943 -2.640140 1.162804 -0.260716 0.115898 0.069440 -0.852287 0.505324
1784010359.583942890 -2.641072 1.158260 -0.260728 0.115629 0.069581 -0.851104 0.507356
1784010359.588130951 -2.641776 1.154815 -0.260740 0.115439 0.069677 -0.850200 0.508900
1784010359.594042063 -2.642758 1.149920 -0.260748 0.115491 0.069912 -0.848861 0.511086
1784010359.598422050 -2.643485 1.146287 -0.260765 0.115513 0.070102 -0.847869 0.512699
1784010359.604178905 -2.644399 1.141523 -0.260812 0.115258 0.070270 -0.846603 0.514821
1784010359.608093023 -2.645017 1.138281 -0.260852 0.115146 0.070344 -0.845724 0.516279
1784010359.613857985 -2.645912 1.133470 -0.260897 0.115412 0.070583 -0.844343 0.518442
1784010359.618349075 -2.646606 1.129709 -0.260935 0.115700 0.070793 -0.843247 0.520130
1784010359.623821020 -2.647416 1.125134 -0.260998 0.115766 0.070997 -0.841954 0.522179
1784010359.623821020 -2.647416 1.125134 -0.260998 0.115766 0.070997 -0.841954 0.522179
1784010359.623904943 -2.647425 1.125064 -0.260998 0.115767 0.071000 -0.841935 0.522210
1784010359.628213882 -2.647960 1.121456 -0.261035 0.115726 0.071150 -0.840923 0.523826
1784010359.634000063 -2.648639 1.116586 -0.261081 0.115801 0.071542 -0.839520 0.526002
1784010359.638387918 -2.649135 1.112883 -0.261122 0.115754 0.071971 -0.838466 0.527632
1784010359.644057035 -2.649727 1.108104 -0.261184 0.115339 0.072459 -0.837149 0.529744
1784010359.648355007 -2.650165 1.104471 -0.261229 0.115020 0.072797 -0.836139 0.531359
1784010359.654036999 -2.650717 1.099642 -0.261273 0.114928 0.073433 -0.834752 0.533468
1784010359.658201933 -2.651110 1.096100 -0.261307 0.114801 0.073852 -0.833743 0.535014
1784010359.664012909 -2.651605 1.091168 -0.261374 0.114170 0.074235 -0.832392 0.537195
1784010359.668339968 -2.651966 1.087487 -0.261431 0.113682 0.074538 -0.831379 0.538822
1784010359.674038887 -2.652433 1.082618 -0.261484 0.113463 0.074947 -0.829983 0.540960
1784010359.678287983 -2.652784 1.078990 -0.261523 0.113321 0.075105 -0.828935 0.542572
1784010359.684082031 -2.653221 1.074051 -0.261583 0.112735 0.075286 -0.827556 0.544770
1784010359.688448906 -2.653549 1.070318 -0.261619 0.112400 0.075433 -0.826483 0.546444
1784010359.693866968 -2.653952 1.065668 -0.261635 0.112407 0.075655 -0.825081 0.548527
1784010359.698175907 -2.654271 1.061972 -0.261647 0.112403 0.075766 -0.823968 0.550184
1784010359.704047918 -2.654661 1.056935 -0.261682 0.112059 0.075934 -0.822488 0.552440
1784010359.708312988 -2.654936 1.053261 -0.261716 0.111857 0.076272 -0.821390 0.554065
1784010359.714102983 -2.655289 1.048261 -0.261753 0.111825 0.076801 -0.819864 0.556255
1784010359.718087912 -2.655537 1.044820 -0.261774 0.111798 0.077163 -0.818810 0.557761
1784010359.724003077 -2.655872 1.039708 -0.261793 0.111199 0.077538 -0.817336 0.559986
1784010359.724039078 -2.655873 1.039677 -0.261793 0.111197 0.077541 -0.817327 0.560000
1784010359.724039078 -2.655873 1.039677 -0.261793 0.111197 0.077541 -0.817327 0.560000
1784010359.728434086 -2.656032 1.035872 -0.261780 0.110923 0.077888 -0.816186 0.561668
1784010359.734042883 -2.656217 1.031011 -0.261751 0.110843 0.078226 -0.814678 0.563821
1784010359.738317966 -2.656348 1.027313 -0.261739 0.110627 0.078348 -0.813556 0.565465
1784010359.744051933 -2.656484 1.022350 -0.261750 0.110190 0.078551 -0.812067 0.567657
1784010359.748368979 -2.656578 1.018595 -0.261775 0.110026 0.078904 -0.810910 0.569292
1784010359.753981113 -2.656673 1.013705 -0.261829 0.109976 0.079453 -0.809377 0.571403
1784010359.758172989 -2.656736 1.010058 -0.261890 0.109931 0.079860 -0.808231 0.572975
1784010359.764045954 -2.656793 1.004949 -0.261971 0.109606 0.080122 -0.806667 0.575200
1784010359.768368006 -2.656831 1.001181 -0.262015 0.109543 0.080368 -0.805474 0.576848
1784010359.773821115 -2.656852 0.996431 -0.262051 0.109568 0.080726 -0.803952 0.578912
1784010359.778201103 -2.656858 0.992626 -0.262067 0.109582 0.081011 -0.802728 0.580565
1784010359.784022093 -2.656830 0.987567 -0.262069 0.109465 0.081109 -0.801103 0.582814
1784010359.788541079 -2.656796 0.983625 -0.262062 0.109427 0.081341 -0.799821 0.584548
1784010359.794032097 -2.656729 0.978839 -0.262063 0.109378 0.081608 -0.798260 0.586650
1784010359.798238993 -2.656671 0.975183 -0.262079 0.109334 0.081811 -0.797062 0.588256
1784010359.804008007 -2.656565 0.970169 -0.262114 0.109065 0.081894 -0.795427 0.590504
1784010359.808214903 -2.656487 0.966499 -0.262150 0.108862 0.081953 -0.794233 0.592138
1784010359.814075947 -2.656350 0.961390 -0.262214 0.108960 0.082220 -0.792505 0.594393
1784010359.818459988 -2.656245 0.957580 -0.262276 0.109026 0.082418 -0.791211 0.596076
1784010359.823671103 -2.656103 0.953053 -0.262355 0.108861 0.082414 -0.789702 0.598103
1784010359.823852062 -2.656097 0.952895 -0.262358 0.108855 0.082414 -0.789650 0.598173
1784010359.823852062 -2.656097 0.952895 -0.262358 0.108855 0.082414 -0.789650 0.598173
1784010359.828316927 -2.655880 0.949030 -0.262419 0.108677 0.082427 -0.788362 0.599900
1784010359.834012985 -2.655576 0.944104 -0.262500 0.108613 0.082760 -0.786699 0.602045
1784010359.838608027 -2.655318 0.940136 -0.262573 0.108560 0.083024 -0.785354 0.603772
1784010359.843822956 -2.655010 0.935633 -0.262647 0.108301 0.083256 -0.783862 0.605723
1784010359.848187923 -2.654757 0.931850 -0.262690 0.108084 0.083446 -0.782609 0.607353
1784010359.853996038 -2.654391 0.926823 -0.262741 0.108162 0.083766 -0.780875 0.609523
1784010359.858210087 -2.654115 0.923186 -0.262784 0.108218 0.083993 -0.779614 0.611094
1784010359.863987923 -2.653707 0.918204 -0.262834 0.108077 0.084227 -0.777907 0.613259
1784010359.868419886 -2.653394 0.914369 -0.262853 0.107968 0.084402 -0.776594 0.614916
1784010359.874008894 -2.652968 0.909542 -0.262876 0.107823 0.084721 -0.774958 0.616958
1784010359.878406048 -2.652616 0.905758 -0.262906 0.107709 0.084968 -0.773667 0.618562
1784010359.884069920 -2.652132 0.900891 -0.262941 0.107258 0.085302 -0.772047 0.620615
1784010359.888107061 -2.651786 0.897409 -0.262954 0.106937 0.085534 -0.770890 0.622075
1784010359.894074917 -2.651232 0.892277 -0.262985 0.106572 0.085822 -0.769166 0.624228
1784010359.898087025 -2.650847 0.888838 -0.263027 0.106327 0.086009 -0.768004 0.625673
1784010359.903951883 -2.650238 0.883814 -0.263108 0.105789 0.086515 -0.766299 0.627782
1784010359.908360958 -2.649767 0.880016 -0.263179 0.105385 0.086890 -0.765014 0.629363
1784010359.913847923 -2.649153 0.875284 -0.263279 0.105113 0.087334 -0.763361 0.631351
1784010359.918313026 -2.648645 0.871439 -0.263374 0.104935 0.087538 -0.761993 0.633003
1784010359.923627138 -2.648014 0.866864 -0.263486 0.104815 0.087831 -0.760296 0.635019
1784010359.923627138 -2.648014 0.866864 -0.263486 0.104815 0.087831 -0.760296 0.635019
1784010359.923998117 -2.647963 0.866546 -0.263493 0.104807 0.087850 -0.760177 0.635160
1784010359.928551912 -2.647317 0.862642 -0.263562 0.104715 0.088088 -0.758714 0.636890
1784010359.934010983 -2.646514 0.857971 -0.263631 0.104835 0.088220 -0.756895 0.639012
1784010359.938427925 -2.645851 0.854214 -0.263680 0.104931 0.088324 -0.755420 0.640725
1784010359.944175005 -2.644944 0.849348 -0.263738 0.104685 0.088573 -0.753517 0.642968
1784010359.948122025 -2.644310 0.845998 -0.263771 0.104514 0.088740 -0.752208 0.644503
1784010359.953984976 -2.643331 0.841010 -0.263806 0.104402 0.089123 -0.750231 0.646770
1784010359.958446980 -2.642580 0.837202 -0.263839 0.104260 0.089378 -0.748744 0.648478
1784010359.963761091 -2.641660 0.832666 -0.263892 0.104059 0.089682 -0.746983 0.650497
1784010359.968199015 -2.640881 0.828870 -0.263951 0.104086 0.090014 -0.745470 0.652179
1784010359.974005938 -2.639820 0.823915 -0.264054 0.104129 0.090533 -0.743470 0.654380
1784010359.978342056 -2.639015 0.820223 -0.264149 0.103985 0.090820 -0.742004 0.656025
1784010359.984137058 -2.637905 0.815296 -0.264270 0.103775 0.091132 -0.740048 0.658221
1784010359.988100052 -2.637140 0.811916 -0.264343 0.103684 0.091483 -0.738701 0.659698
1784010359.993997097 -2.635960 0.806906 -0.264435 0.103482 0.092019 -0.736698 0.661891
1784010359.998301029 -2.635092 0.803267 -0.264492 0.103218 0.092149 -0.735251 0.663521
1784010360.004081964 -2.633878 0.798390 -0.264547 0.102839 0.092338 -0.733282 0.665729
1784010360.008356094 -2.632964 0.794771 -0.264579 0.102644 0.092639 -0.731786 0.667362
1784010360.013833046 -2.631762 0.790148 -0.264616 0.102480 0.092972 -0.729840 0.669468
1784010360.018177986 -2.630800 0.786497 -0.264646 0.102289 0.093088 -0.728305 0.671151
1784010360.023638010 -2.629556 0.781918 -0.264684 0.102028 0.093239 -0.726347 0.673288
1784010360.023638010 -2.629556 0.781918 -0.264684 0.102028 0.093239 -0.726347 0.673288
1784010360.023977995 -2.629472 0.781635 -0.264686 0.102012 0.093248 -0.726225 0.673421
1784010360.028393984 -2.628357 0.777962 -0.264706 0.101921 0.093493 -0.724600 0.675149
1784010360.033992052 -2.626918 0.773320 -0.264737 0.101856 0.093762 -0.722516 0.677351
1784010360.038423061 -2.625775 0.769660 -0.264771 0.101736 0.093779 -0.720873 0.679115
1784010360.043941021 -2.624321 0.765104 -0.264816 0.101630 0.093869 -0.718806 0.681306
1784010360.048324108 -2.623149 0.761473 -0.264853 0.101622 0.094162 -0.717136 0.683025
1784010360.054029942 -2.621577 0.756778 -0.264906 0.101365 0.094679 -0.715004 0.685223
1784010360.058067083 -2.620454 0.753479 -0.264943 0.100845 0.094870 -0.713558 0.686779
1784010360.063980103 -2.618773 0.748652 -0.264966 0.100259 0.095075 -0.711376 0.689096
1784010360.068373919 -2.617512 0.745052 -0.264962 0.100125 0.095470 -0.709707 0.690780
1784010360.073808908 -2.615920 0.740631 -0.264960 0.099948 0.095859 -0.707627 0.692882
1784010360.078428030 -2.614547 0.736893 -0.264976 0.099543 0.095902 -0.705880 0.694714
1784010360.083739996 -2.612923 0.732580 -0.265009 0.099271 0.096310 -0.703800 0.696803
1784010360.088347912 -2.611494 0.728836 -0.265053 0.099218 0.096939 -0.701953 0.698585
1784010360.094029903 -2.609705 0.724269 -0.265153 0.098929 0.097310 -0.699716 0.700815
1784010360.098543882 -2.608268 0.720660 -0.265268 0.098348 0.097471 -0.697986 0.702597
1784010360.103998899 -2.606503 0.716289 -0.265401 0.097972 0.097936 -0.695821 0.704729
1784010360.108171940 -2.605156 0.712944 -0.265491 0.097961 0.098342 -0.694137 0.706333
1784010360.114181042 -2.603191 0.708181 -0.265626 0.097642 0.098585 -0.691774 0.708658
1784010360.118240118 -2.601864 0.704980 -0.265713 0.097265 0.098590 -0.690210 0.710232
1784010360.123550177 -2.600105 0.700791 -0.265788 0.097119 0.098920 -0.688106 0.712245
1784010360.123550177 -2.600105 0.700791 -0.265788 0.097119 0.098920 -0.688106 0.712245
1784010360.123811960 -2.600013 0.700587 -0.265790 0.097111 0.098937 -0.688003 0.712344
1784010360.128221989 -2.598455 0.697163 -0.265821 0.097119 0.099320 -0.686279 0.713950
1784010360.134016037 -2.596392 0.692715 -0.265862 0.096775 0.099445 -0.684106 0.716061
1784010360.138638020 -2.594742 0.689183 -0.265894 0.096423 0.099539 -0.682374 0.717747
1784010360.143862963 -2.592852 0.685192 -0.265922 0.096279 0.100021 -0.680367 0.719602
1784010360.148264885 -2.591257 0.681844 -0.265951 0.096159 0.100382 -0.678701 0.721139
1784010360.153980970 -2.589170 0.677548 -0.266003 0.095693 0.100346 -0.676597 0.723180
1784010360.158293009 -2.587589 0.674311 -0.266048 0.095434 0.100415 -0.674967 0.724726
1784010360.163974047 -2.585472 0.670052 -0.266109 0.095377 0.100885 -0.672772 0.726707
1784010360.168278933 -2.583869 0.666847 -0.266167 0.095237 0.101031 -0.671132 0.728220
1784010360.173880100 -2.581758 0.662717 -0.266263 0.094703 0.100883 -0.669066 0.730209
1784010360.178095102 -2.580153 0.659602 -0.266351 0.094317 0.101096 -0.667481 0.731678
1784010360.184010029 -2.577873 0.655238 -0.266477 0.094095 0.101737 -0.665229 0.733667
1784010360.188226938 -2.576262 0.652149 -0.266575 0.093910 0.101886 -0.663636 0.735111
1784010360.194013119 -2.574023 0.647935 -0.266710 0.093419 0.101832 -0.661463 0.737137
1784010360.199244022 -2.571975 0.644099 -0.266812 0.093373 0.102146 -0.659399 0.738945
1784010360.203706980 -2.570222 0.640823 -0.266877 0.093495 0.102653 -0.657623 0.740441
1784010360.208372116 -2.568390 0.637440 -0.266922 0.093453 0.102693 -0.655797 0.742059
1784010360.214175940 -2.566070 0.633261 -0.266942 0.093183 0.102496 -0.653518 0.744127
1784010360.218204975 -2.564432 0.630349 -0.266935 0.092996 0.102811 -0.651892 0.745533
1784010360.223623991 -2.562189 0.626469 -0.266903 0.092795 0.103242 -0.649706 0.747403
1784010360.223623991 -2.562189 0.626469 -0.266903 0.092795 0.103242 -0.649706 0.747403
1784010360.224047899 -2.562005 0.626171 -0.266899 0.092777 0.103275 -0.649534 0.747550
1784010360.228252888 -2.560150 0.623243 -0.266856 0.092325 0.103292 -0.647855 0.749060
1784010360.234024048 -2.557544 0.619231 -0.266796 0.091643 0.103385 -0.645519 0.751145
1784010360.238239050 -2.555619 0.616287 -0.266748 0.091450 0.103643 -0.643726 0.752670
1784010360.243967056 -2.552955 0.612325 -0.266707 0.091188 0.103960 -0.641262 0.754758
1784010360.248296976 -2.550924 0.609352 -0.266715 0.090663 0.103964 -0.639414 0.756387
1784010360.253953934 -2.548224 0.605468 -0.266747 0.090092 0.104087 -0.636936 0.758526
1784010360.258255005 -2.546161 0.602496 -0.266775 0.090010 0.104460 -0.634970 0.760132
1784010360.264002085 -2.543381 0.598547 -0.266828 0.089975 0.104734 -0.632300 0.762320
1784010360.268208027 -2.541346 0.595669 -0.266880 0.089749 0.104719 -0.630373 0.763943
1784010360.273993969 -2.538505 0.591698 -0.266934 0.089524 0.104840 -0.627676 0.766170
1784010360.278260946 -2.536405 0.588734 -0.266959 0.089535 0.105091 -0.625654 0.767787
1784010360.283991098 -2.533577 0.584756 -0.266985 0.089644 0.105216 -0.622985 0.769924
1784010360.288193941 -2.531513 0.581851 -0.267010 0.089552 0.105138 -0.621086 0.771478
1784010360.293781042 -2.528724 0.577996 -0.267048 0.089234 0.105200 -0.618591 0.773509
1784010360.298223019 -2.526483 0.574903 -0.267083 0.089021 0.105501 -0.616587 0.775091
1784010360.303947926 -2.523566 0.570917 -0.267129 0.088954 0.105928 -0.613987 0.777101
1784010360.308250904 -2.521383 0.567946 -0.267173 0.088732 0.106101 -0.612069 0.778614
1784010360.313946009 -2.518474 0.564043 -0.267228 0.088263 0.105980 -0.609566 0.780645
1784010360.318099976 -2.516342 0.561174 -0.267263 0.088111 0.106192 -0.607699 0.782088
1784010360.323657990 -2.513471 0.557336 -0.267294 0.088059 0.106972 -0.605225 0.783904
1784010360.323657990 -2.513471 0.557336 -0.267294 0.088059 0.106972 -0.605225 0.783904
1784010360.324002028 -2.513288 0.557103 -0.267294 0.088054 0.107019 -0.605073 0.784016
1784010360.328182936 -2.511072 0.554297 -0.267294 0.087850 0.107153 -0.603292 0.785392
1784010360.333996058 -2.507978 0.550443 -0.267299 0.087142 0.106896 -0.600895 0.787340
1784010360.338061094 -2.505805 0.547738 -0.267308 0.086687 0.107176 -0.599210 0.788636
1784010360.343992949 -2.502626 0.543807 -0.267313 0.086539 0.107771 -0.596715 0.790460
1784010360.348407984 -2.500285 0.540914 -0.267330 0.086235 0.107919 -0.594916 0.791828
1784010360.353970051 -2.497329 0.537309 -0.267364 0.085628 0.107721 -0.592689 0.793589
1784010360.358258963 -2.495047 0.534528 -0.267391 0.085435 0.107817 -0.590922 0.794913
1784010360.364000082 -2.491977 0.530836 -0.267430 0.085286 0.108256 -0.588583 0.796603
1784010360.368115902 -2.489790 0.528214 -0.267468 0.085087 0.108170 -0.586913 0.797867
1784010360.373991966 -2.486622 0.524496 -0.267524 0.084708 0.108021 -0.584480 0.799712
1784010360.378098011 -2.484395 0.521897 -0.267559 0.084519 0.108331 -0.582759 0.800945
1784010360.383996010 -2.481189 0.518211 -0.267597 0.084353 0.108521 -0.580270 0.802742
1784010360.388299942 -2.478857 0.515544 -0.267625 0.084076 0.108356 -0.578444 0.804110
1784010360.393975973 -2.475728 0.512037 -0.267640 0.083795 0.108525 -0.575960 0.805898
1784010360.398235083 -2.473364 0.509409 -0.267631 0.083633 0.108915 -0.574073 0.807207
1784010360.404023886 -2.470126 0.505890 -0.267607 0.083234 0.109087 -0.571535 0.809024
1784010360.408260107 -2.467741 0.503328 -0.267587 0.082731 0.109082 -0.569665 0.810394
1784010360.413986921 -2.464464 0.499868 -0.267538 0.082366 0.109447 -0.566994 0.812253
1784010360.418423891 -2.461912 0.497197 -0.267498 0.082222 0.109724 -0.564891 0.813695
1784010360.423640013 -2.458883 0.494092 -0.267483 0.081718 0.109729 -0.562416 0.815457
1784010360.423640013 -2.458883 0.494092 -0.267483 0.081718 0.109729 -0.562416 0.815457
1784010360.423755884 -2.458813 0.494025 -0.267483 0.081707 0.109730 -0.562360 0.815497
1784010360.428128958 -2.456166 0.491477 -0.267485 0.081237 0.109759 -0.560237 0.816999
1784010360.433976889 -2.452575 0.488057 -0.267502 0.081036 0.110370 -0.557273 0.818962
1784010360.438512087 -2.449784 0.485409 -0.267539 0.080908 0.110709 -0.554970 0.820491
1784010360.443789005 -2.446520 0.482362 -0.267618 0.080398 0.110660 -0.552360 0.822307
1784010360.448049068 -2.443866 0.479904 -0.267695 0.079884 0.110728 -0.550253 0.823760
1784010360.453918934 -2.440174 0.476500 -0.267786 0.079576 0.111176 -0.547283 0.825705
1784010360.458539009 -2.437270 0.473813 -0.267854 0.079455 0.111383 -0.544966 0.827220
1784010360.463964939 -2.433847 0.470682 -0.267931 0.079146 0.111319 -0.542303 0.829006
1784010360.468310118 -2.431091 0.468174 -0.267981 0.078896 0.111424 -0.540164 0.830411
1784010360.474102974 -2.427375 0.464828 -0.268022 0.078690 0.111840 -0.537274 0.832248
1784010360.478252888 -2.424710 0.462436 -0.268044 0.078451 0.112012 -0.535227 0.833565
1784010360.483956099 -2.421030 0.459178 -0.268062 0.077995 0.112058 -0.532430 0.835391
1784010360.488389969 -2.418159 0.456642 -0.268057 0.077802 0.112190 -0.530210 0.836802
1784010360.494004011 -2.414487 0.453435 -0.268034 0.077739 0.112547 -0.527330 0.838578
1784010360.498353004 -2.411634 0.450960 -0.268021 0.077541 0.112740 -0.525126 0.839952
1784010360.503947973 -2.407950 0.447805 -0.268008 0.077233 0.112738 -0.522283 0.841752
1784010360.508352995 -2.405044 0.445322 -0.268003 0.077088 0.112762 -0.520000 0.843174
1784010360.513994932 -2.401278 0.442146 -0.268027 0.076907 0.113168 -0.517046 0.844950
1784010360.518253088 -2.398432 0.439759 -0.268078 0.076558 0.113586 -0.514889 0.846242
1784010360.523514032 -2.394929 0.436832 -0.268166 0.076060 0.113782 -0.512263 0.847853
1784010360.523514032 -2.394929 0.436832 -0.268166 0.076060 0.113782 -0.512263 0.847853
1784010360.523823023 -2.394719 0.436664 -0.268172 0.076030 0.113794 -0.512110 0.847947
1784010360.528019905 -2.391864 0.434379 -0.268252 0.075728 0.114038 -0.510036 0.849190
1784010360.534009933 -2.387772 0.431122 -0.268378 0.075412 0.114870 -0.507117 0.850852
1784010360.538336039 -2.384845 0.428774 -0.268473 0.075177 0.115275 -0.505063 0.852040
1784010360.543971062 -2.381059 0.425752 -0.268576 0.074875 0.115297 -0.502439 0.853613
1784010360.548335075 -2.378138 0.423417 -0.268632 0.074656 0.115453 -0.500424 0.854794
1784010360.553702116 -2.374546 0.420569 -0.268669 0.074419 0.115861 -0.497994 0.856177
1784010360.558151007 -2.371593 0.418243 -0.268677 0.074132 0.115920 -0.496044 0.857325
1784010360.564035892 -2.367679 0.415220 -0.268650 0.073514 0.115691 -0.493490 0.858882
1784010360.568353891 -2.364796 0.413014 -0.268605 0.073103 0.115699 -0.491574 0.860015
1784010360.574023008 -2.360986 0.410154 -0.268533 0.072610 0.115957 -0.489072 0.861447
1784010360.578077078 -2.358264 0.408135 -0.268489 0.072167 0.115929 -0.487276 0.862505
1784010360.583956957 -2.354271 0.405248 -0.268448 0.071397 0.115910 -0.484615 0.864069
1784010360.588238001 -2.351342 0.403148 -0.268436 0.070974 0.116189 -0.482615 0.865185
1784010360.594063044 -2.347343 0.400322 -0.268448 0.070579 0.116566 -0.479848 0.866705
1784010360.598206043 -2.344505 0.398332 -0.268485 0.070235 0.116589 -0.477854 0.867830
1784010360.603565931 -2.340796 0.395773 -0.268555 0.069812 0.116761 -0.475216 0.869289
1784010360.608381987 -2.337438 0.393473 -0.268625 0.069660 0.117234 -0.472778 0.870565
1784010360.614037991 -2.333490 0.390801 -0.268713 0.069646 0.117560 -0.469889 0.872086
1784010360.618258953 -2.330545 0.388827 -0.268788 0.069424 0.117516 -0.467743 0.873262
1784010360.623537064 -2.326817 0.386370 -0.268884 0.069095 0.117664 -0.465037 0.874712
1784010360.623537064 -2.326817 0.386370 -0.268884 0.069095 0.117664 -0.465037 0.874712
1784010360.623708010 -2.326693 0.386294 -0.268887 0.069084 0.117669 -0.464949 0.874759
1784010360.628402948 -2.323279 0.384198 -0.268952 0.068853 0.118062 -0.462512 0.876015
1784010360.633982897 -2.319210 0.381749 -0.269033 0.068445 0.118272 -0.459639 0.877530
1784010360.638334990 -2.316035 0.379856 -0.269101 0.067928 0.118199 -0.457430 0.878734
1784010360.643970013 -2.311883 0.377413 -0.269155 0.067471 0.118375 -0.454512 0.880258
1784010360.648452044 -2.308563 0.375465 -0.269171 0.067312 0.118712 -0.452131 0.881450
1784010360.653979063 -2.304462 0.373106 -0.269174 0.066949 0.118885 -0.449203 0.882950
1784010360.657938957 -2.301529 0.371427 -0.269163 0.066664 0.118780 -0.447115 0.884045
1784010360.664031029 -2.296968 0.368860 -0.269106 0.066361 0.119013 -0.443836 0.885687
1784010360.668580055 -2.293543 0.366940 -0.269052 0.066070 0.119448 -0.441399 0.886867
1784010360.673949003 -2.289507 0.364714 -0.269002 0.065482 0.119562 -0.438593 0.888287
1784010360.678131104 -2.286375 0.362989 -0.268975 0.064952 0.119405 -0.436421 0.889416
1784010360.684000969 -2.281940 0.360560 -0.268942 0.064472 0.119676 -0.433326 0.890926
1784010360.688061953 -2.278865 0.358863 -0.268934 0.064290 0.120069 -0.431176 0.891929
1784010360.693944931 -2.274423 0.356441 -0.268961 0.063897 0.120267 -0.428111 0.893406
1784010360.698362112 -2.271105 0.354623 -0.269003 0.063656 0.120208 -0.425817 0.894527
1784010360.703705072 -2.267070 0.352419 -0.269050 0.063623 0.120507 -0.422996 0.895826
1784010360.708817959 -2.263208 0.350316 -0.269104 0.063612 0.120927 -0.420304 0.897037
1784010360.713831902 -2.259441 0.348283 -0.269173 0.063387 0.120922 -0.417716 0.898261
1784010360.718292952 -2.256095 0.346483 -0.269232 0.063098 0.120883 -0.415440 0.899342
1784010360.723685026 -2.252040 0.344309 -0.269270 0.062989 0.121191 -0.412659 0.900588
1784010360.723685026 -2.252040 0.344309 -0.269270 0.062989 0.121191 -0.412659 0.900588
1784010360.723778963 -2.251968 0.344274 -0.269270 0.062987 0.121197 -0.412610 0.900609
1784010360.728147984 -2.248636 0.342619 -0.269259 0.062954 0.121408 -0.410382 0.901601
1784010360.733994007 -2.244181 0.340466 -0.269230 0.062494 0.121289 -0.407504 0.902953
1784010360.738466978 -2.240765 0.338834 -0.269191 0.061956 0.121306 -0.405322 0.903969
1784010360.743961096 -2.236545 0.336848 -0.269099 0.061482 0.121710 -0.402595 0.905165
1784010360.748070002 -2.233401 0.335372 -0.269017 0.061218 0.121865 -0.400559 0.906065
1784010360.753973961 -2.228883 0.333309 -0.268905 0.060608 0.121722 -0.397670 0.907397
1784010360.758246899 -2.225606 0.331821 -0.268837 0.060225 0.121800 -0.395545 0.908340
1784010360.764020920 -2.221151 0.329832 -0.268763 0.059952 0.122398 -0.392616 0.909548
1784010360.768100023 -2.218024 0.328433 -0.268736 0.059820 0.122566 -0.390559 0.910419
1784010360.774008989 -2.213493 0.326467 -0.268734 0.059522 0.122346 -0.387581 0.911740
1784010360.778465033 -2.210057 0.325002 -0.268769 0.059144 0.122481 -0.385323 0.912703
1784010360.784010887 -2.205750 0.323213 -0.268849 0.058689 0.122945 -0.382483 0.913864
1784010360.788369894 -2.202378 0.321825 -0.268938 0.058332 0.123087 -0.380296 0.914780
1784010360.793781996 -2.198185 0.320142 -0.269058 0.057765 0.122919 -0.377578 0.915963
1784010360.798141956 -2.194783 0.318788 -0.269153 0.057439 0.123033 -0.375311 0.916900
1784010360.804034948 -2.190154 0.316990 -0.269266 0.057098 0.123637 -0.372264 0.918081
1784010360.808686972 -2.186523 0.315590 -0.269350 0.056803 0.123759 -0.369862 0.919053
1784010360.813745975 -2.182572 0.314088 -0.269416 0.056449 0.123635 -0.367219 0.920151
1784010360.817989111 -2.179240 0.312822 -0.269444 0.056242 0.123989 -0.364965 0.921013
1784010360.823544025 -2.174884 0.311193 -0.269446 0.056097 0.124607 -0.362024 0.922098
1784010360.823544025 -2.174884 0.311193 -0.269446 0.056097 0.124607 -0.362024 0.922098
1784010360.824008942 -2.174513 0.311068 -0.269443 0.056085 0.124653 -0.361777 0.922189
1784010360.828114033 -2.171238 0.309990 -0.269410 0.055876 0.124575 -0.359616 0.923058
1784010360.833956003 -2.166544 0.308477 -0.269341 0.055447 0.124458 -0.356554 0.924286
1784010360.838458061 -2.162918 0.307293 -0.269267 0.055385 0.124837 -0.354153 0.925162
1784010360.844014883 -2.158456 0.305856 -0.269184 0.055386 0.125111 -0.351220 0.926242
1784010360.848383904 -2.154972 0.304739 -0.269151 0.055097 0.124885 -0.348986 0.927134
1784010360.854098082 -2.150380 0.303293 -0.269126 0.054678 0.124722 -0.346058 0.928277
1784010360.858011007 -2.147232 0.302287 -0.269121 0.054534 0.124967 -0.344036 0.929004
1784010360.863929033 -2.142470 0.300807 -0.269156 0.054304 0.125151 -0.341019 0.930104
1784010360.868222952 -2.139035 0.299743 -0.269222 0.053866 0.124967 -0.338898 0.930930
1784010360.873785973 -2.134547 0.298377 -0.269307 0.053423 0.125025 -0.336096 0.931962
1784010360.878159046 -2.131009 0.297293 -0.269357 0.053300 0.125443 -0.333860 0.932717
1784010360.883999109 -2.126296 0.295899 -0.269409 0.052979 0.125650 -0.330884 0.933767
1784010360.888329029 -2.122824 0.294881 -0.269435 0.052585 0.125402 -0.328700 0.934594
1784010360.894006014 -2.118228 0.293562 -0.269409 0.052142 0.125545 -0.325783 0.935620
1784010360.898165941 -2.114858 0.292588 -0.269350 0.051911 0.125885 -0.323632 0.936334
1784010360.903944016 -2.110192 0.291287 -0.269248 0.051446 0.125771 -0.320682 0.937389
1784010360.908056021 -2.106882 0.290369 -0.269172 0.050884 0.125476 -0.318634 0.938157
1784010360.913954020 -2.102080 0.289062 -0.269031 0.050285 0.125647 -0.315608 0.939189
1784010360.918435097 -2.098434 0.288058 -0.268916 0.050016 0.125891 -0.313288 0.939947
1784010360.923551083 -2.094293 0.286933 -0.268818 0.049563 0.125612 -0.310658 0.940881
1784010360.923551083 -2.094293 0.286933 -0.268818 0.049563 0.125612 -0.310658 0.940881
1784010360.923752069 -2.094127 0.286894 -0.268814 0.049544 0.125602 -0.310554 0.940918
1784010360.928244114 -2.090398 0.286003 -0.268731 0.049075 0.125256 -0.308242 0.941748
1784010360.933980942 -2.085582 0.284842 -0.268646 0.048759 0.125670 -0.305228 0.942690
1784010360.938122034 -2.082107 0.283984 -0.268618 0.048630 0.126076 -0.303058 0.943343
1784010360.943981886 -2.077202 0.282787 -0.268643 0.048232 0.126109 -0.300053 0.944319
1784010360.948435068 -2.073481 0.281852 -0.268700 0.047791 0.126184 -0.297865 0.945024
1784010360.953924894 -2.068873 0.280649 -0.268762 0.047465 0.126900 -0.295203 0.945779
1784010360.958333015 -2.065198 0.279636 -0.268817 0.047291 0.127300 -0.293165 0.946368
1784010360.963773012 -2.060697 0.278359 -0.268896 0.046840 0.127222 -0.290830 0.947121
1784010360.968168020 -2.057078 0.277281 -0.268957 0.046400 0.127191 -0.289095 0.947678
1784010360.973934889 -2.052328 0.275794 -0.269013 0.045979 0.127665 -0.286933 0.948292
1784010360.978061914 -2.048965 0.274672 -0.269050 0.045765 0.127836 -0.285520 0.948705
1784010360.983927965 -2.044220 0.273037 -0.269101 0.045300 0.127571 -0.283699 0.949309
1784010360.988516092 -2.040532 0.271704 -0.269135 0.044927 0.127541 -0.282373 0.949726
1784010360.993912935 -2.036216 0.270086 -0.269147 0.044646 0.127855 -0.280887 0.950138
1784010360.998085976 -2.032927 0.268796 -0.269148 0.044574 0.127788 -0.279795 0.950473
1784010361.003782034 -2.028445 0.267007 -0.269128 0.044355 0.127500 -0.278387 0.950935
1784010361.008069038 -2.025065 0.265621 -0.269100 0.044190 0.127276 -0.277335 0.951280
1784010361.013993025 -2.020401 0.263674 -0.269047 0.044047 0.127834 -0.275984 0.951604
1784010361.018243074 -2.017102 0.262247 -0.269024 0.043919 0.127809 -0.275100 0.951870
1784010361.023634195 -2.012929 0.260425 -0.269010 0.043541 0.127517 -0.274051 0.952229
1784010361.023634195 -2.012929 0.260425 -0.269010 0.043541 0.127517 -0.274051 0.952229
1784010361.023978949 -2.012657 0.260312 -0.269006 0.043517 0.127496 -0.273986 0.952251
1784010361.028224945 -2.009284 0.258919 -0.268958 0.043295 0.127557 -0.273190 0.952482
1784010361.033911943 -2.004753 0.257028 -0.268904 0.043126 0.127987 -0.272135 0.952734
1784010361.038255930 -2.001313 0.255559 -0.268887 0.042998 0.128315 -0.271331 0.952925
1784010361.043922901 -1.996816 0.253624 -0.268876 0.042802 0.128214 -0.270355 0.953225
1784010361.048435926 -1.993228 0.252051 -0.268877 0.042691 0.128360 -0.269601 0.953423
1784010361.053916931 -1.988871 0.250125 -0.268890 0.042606 0.128623 -0.268707 0.953644
1784010361.058379889 -1.985351 0.248544 -0.268921 0.042454 0.128486 -0.268041 0.953857
1784010361.064110041 -1.980831 0.246492 -0.268954 0.042332 0.128231 -0.267210 0.954130
1784010361.068101883 -1.977683 0.245024 -0.268970 0.042247 0.128053 -0.266634 0.954319
1784010361.073949099 -1.973094 0.242885 -0.268975 0.042354 0.128196 -0.265796 0.954528
1784010361.078397036 -1.969664 0.241270 -0.268978 0.042436 0.128304 -0.265161 0.954687
1784010361.083729982 -1.965547 0.239335 -0.268943 0.042135 0.128093 -0.264468 0.954921
1784010361.087985039 -1.962229 0.237765 -0.268873 0.041895 0.127923 -0.263915 0.955107
1784010361.094007015 -1.957541 0.235566 -0.268757 0.041836 0.128003 -0.263120 0.955318
1784010361.098203897 -1.954337 0.234053 -0.268702 0.041795 0.128058 -0.262568 0.955465
1784010361.103943110 -1.949940 0.231985 -0.268624 0.041481 0.127774 -0.261823 0.955721
1784010361.108129978 -1.946699 0.230439 -0.268561 0.041252 0.127566 -0.261281 0.955907
1784010361.113970995 -1.942180 0.228293 -0.268505 0.041522 0.127861 -0.260425 0.956089
1784010361.118212938 -1.938956 0.226751 -0.268526 0.041718 0.128073 -0.259805 0.956221
1784010361.123540163 -1.934908 0.224812 -0.268574 0.041651 0.128016 -0.259096 0.956424
1784010361.123540163 -1.934908 0.224812 -0.268574 0.041651 0.128016 -0.259096 0.956424
1784010361.123975992 -1.934568 0.224659 -0.268573 0.041646 0.128010 -0.259039 0.956440
1784010361.128480911 -1.931030 0.223066 -0.268554 0.041595 0.127949 -0.258445 0.956611
1784010361.133944988 -1.926749 0.221144 -0.268558 0.041770 0.128101 -0.257726 0.956777
1784010361.138216972 -1.923451 0.219662 -0.268615 0.041906 0.128222 -0.257164 0.956906
1784010361.143637896 -1.919268 0.217786 -0.268684 0.041780 0.127989 -0.256530 0.957113
1784010361.148118973 -1.915794 0.216199 -0.268708 0.041676 0.127797 -0.256006 0.957284
1784010361.153990030 -1.911233 0.214118 -0.268720 0.041918 0.127967 -0.255300 0.957439
1784010361.158350945 -1.907870 0.212568 -0.268749 0.042096 0.128094 -0.254776 0.957554
1784010361.163959980 -1.903538 0.210581 -0.268777 0.042171 0.128135 -0.254142 0.957713
1784010361.168035984 -1.900388 0.209120 -0.268790 0.042225 0.128167 -0.253682 0.957829
1784010361.173913956 -1.895829 0.207034 -0.268813 0.042229 0.128313 -0.253045 0.957977
1784010361.178169012 -1.892541 0.205530 -0.268861 0.042231 0.128421 -0.252584 0.958085
1784010361.183988094 -1.888033 0.203488 -0.268929 0.042278 0.128612 -0.251936 0.958227
1784010361.187912941 -1.884998 0.202097 -0.268975 0.042308 0.128742 -0.251500 0.958323
1784010361.193914890 -1.880343 0.199993 -0.269049 0.042077 0.128597 -0.250919 0.958505
1784010361.198079109 -1.877130 0.198538 -0.269126 0.041916 0.128499 -0.250517 0.958631
1784010361.203932047 -1.872601 0.196507 -0.269239 0.041771 0.128416 -0.249922 0.958803
1784010361.208287001 -1.869234 0.194982 -0.269331 0.041662 0.128356 -0.249480 0.958931
1784010361.213968992 -1.864831 0.193003 -0.269463 0.041370 0.128089 -0.248904 0.959129
1784010361.218322039 -1.861467 0.191484 -0.269588 0.041145 0.127886 -0.248464 0.959280
1784010361.223649979 -1.857334 0.189628 -0.269739 0.040869 0.127814 -0.247893 0.959449
1784010361.223841190 -1.857185 0.189562 -0.269745 0.040867 0.127820 -0.247870 0.959454
1784010361.223841190 -1.857185 0.189562 -0.269745 0.040867 0.127820 -0.247870 0.959454
1784010361.228212118 -1.853706 0.188111 -0.269822 0.040799 0.127961 -0.247353 0.959572
1784010361.233957052 -1.849129 0.186208 -0.269904 0.040861 0.128167 -0.246641 0.959725
1784010361.238260984 -1.845716 0.184777 -0.269955 0.040835 0.128284 -0.246111 0.959846
1784010361.244055986 -1.841111 0.182860 -0.269986 0.040774 0.128477 -0.245376 0.960011
1784010361.248014927 -1.837973 0.181534 -0.269985 0.040786 0.128658 -0.244857 0.960119
1784010361.253902912 -1.833301 0.179574 -0.269959 0.040730 0.128901 -0.244132 0.960273
1784010361.258493900 -1.829679 0.178040 -0.269938 0.040581 0.128974 -0.243595 0.960406
1784010361.263801098 -1.825492 0.176268 -0.269915 0.040337 0.128996 -0.242989 0.960567
1784010361.268168926 -1.822050 0.174798 -0.269904 0.040188 0.129065 -0.242487 0.960691
1784010361.273919106 -1.817515 0.172873 -0.269905 0.039993 0.129134 -0.241829 0.960856
1784010361.278188944 -1.814162 0.171436 -0.269931 0.039786 0.129090 -0.241374 0.960985
1784010361.283927917 -1.809642 0.169508 -0.269974 0.039546 0.128999 -0.240760 0.961161
1784010361.288156033 -1.806319 0.168071 -0.270011 0.039477 0.129010 -0.240277 0.961283
1784010361.293941021 -1.801774 0.166118 -0.270071 0.039369 0.128982 -0.239630 0.961453
1784010361.298011065 -1.798594 0.164740 -0.270129 0.039153 0.128840 -0.239212 0.961585
1784010361.303774118 -1.794071 0.162797 -0.270198 0.038898 0.128701 -0.238591 0.961768
1784010361.308233023 -1.790571 0.161276 -0.270237 0.038849 0.128790 -0.238061 0.961889
1784010361.313926935 -1.786106 0.159340 -0.270274 0.038866 0.128858 -0.237367 0.962051
1784010361.318537951 -1.782511 0.157764 -0.270300 0.038894 0.128752 -0.236808 0.962202
1784010361.323688030 -1.778484 0.155998 -0.270310 0.039024 0.128768 -0.236132 0.962360
1784010361.323688030 -1.778484 0.155998 -0.270310 0.039024 0.128768 -0.236132 0.962360
1784010361.323940992 -1.778282 0.155916 -0.270308 0.039031 0.128768 -0.236099 0.962368
1784010361.327930927 -1.775087 0.154628 -0.270281 0.039190 0.128962 -0.235549 0.962471
1784010361.333926916 -1.770295 0.152711 -0.270250 0.039378 0.129075 -0.234742 0.962645
1784010361.338429928 -1.766719 0.151260 -0.270246 0.039447 0.128991 -0.234166 0.962794
1784010361.343969107 -1.762304 0.149474 -0.270246 0.039542 0.129135 -0.233432 0.962949
1784010361.348186016 -1.758942 0.148099 -0.270258 0.039610 0.129406 -0.232880 0.963043
1784010361.353992939 -1.754314 0.146226 -0.270309 0.039576 0.129543 -0.232172 0.963197
1784010361.358112097 -1.751041 0.144890 -0.270371 0.039493 0.129563 -0.231680 0.963316
1784010361.363982916 -1.746348 0.142994 -0.270463 0.039489 0.129872 -0.230943 0.963452
1784010361.368208885 -1.742976 0.141622 -0.270544 0.039492 0.130143 -0.230414 0.963542
1784010361.373922110 -1.738423 0.139800 -0.270676 0.039272 0.130159 -0.229754 0.963706
1784010361.378122091 -1.735087 0.138460 -0.270777 0.039042 0.130104 -0.229277 0.963836
1784010361.383779049 -1.730579 0.136667 -0.270882 0.038796 0.130199 -0.228616 0.963991
1784010361.388051987 -1.727188 0.135307 -0.270942 0.038626 0.130170 -0.228125 0.964118
1784010361.393902063 -1.722546 0.133464 -0.270994 0.038355 0.129812 -0.227477 0.964330
1784010361.398322105 -1.719039 0.132056 -0.271006 0.038224 0.129673 -0.226954 0.964477
1784010361.403767109 -1.714699 0.130316 -0.270984 0.038215 0.129894 -0.226277 0.964607
1784010361.408093929 -1.711265 0.128923 -0.270959 0.038260 0.130009 -0.225758 0.964711
1784010361.413919926 -1.706639 0.127068 -0.270940 0.038148 0.129976 -0.225091 0.964876
1784010361.418584108 -1.702933 0.125568 -0.270936 0.038012 0.130073 -0.224543 0.964996
1784010361.423532009 -1.698999 0.123965 -0.270937 0.038042 0.130300 -0.223946 0.965103
1784010361.423532009 -1.698999 0.123965 -0.270937 0.038042 0.130300 -0.223946 0.965103
1784010361.423588991 -1.698952 0.123949 -0.270937 0.038042 0.130303 -0.223939 0.965104
1784010361.428237915 -1.695190 0.122556 -0.270946 0.038065 0.130368 -0.223399 0.965219
1784010361.433952093 -1.690562 0.120857 -0.270992 0.038012 0.130340 -0.222736 0.965378
1784010361.438539982 -1.686840 0.119479 -0.271046 0.038102 0.130465 -0.222162 0.965490
1784010361.443933010 -1.682457 0.117869 -0.271129 0.038297 0.130693 -0.221452 0.965615
1784010361.448147058 -1.679044 0.116616 -0.271216 0.038328 0.130643 -0.220918 0.965742
1784010361.453931093 -1.674335 0.114932 -0.271345 0.038161 0.130458 -0.220181 0.965942
1784010361.457881927 -1.671105 0.113779 -0.271425 0.037915 0.130545 -0.219672 0.966056
1784010361.463932991 -1.666153 0.112053 -0.271511 0.037514 0.130676 -0.218896 0.966230
1784010361.468133926 -1.662745 0.110857 -0.271546 0.037276 0.130426 -0.218349 0.966397
1784010361.473903894 -1.658042 0.109248 -0.271539 0.037011 0.130054 -0.217542 0.966639
1784010361.478240967 -1.654488 0.108036 -0.271496 0.036911 0.130119 -0.216857 0.966788
1784010361.483928919 -1.649815 0.106466 -0.271411 0.037003 0.130333 -0.215890 0.966972
1784010361.488212109 -1.646317 0.105286 -0.271350 0.037054 0.130287 -0.215165 0.967138
1784010361.493907928 -1.641650 0.103741 -0.271281 0.036961 0.130243 -0.214179 0.967367
1784010361.498163939 -1.638161 0.102574 -0.271238 0.036865 0.130367 -0.213432 0.967519
1784010361.503720045 -1.633621 0.101054 -0.271191 0.036921 0.130328 -0.212458 0.967736
1784010361.508121967 -1.630053 0.099839 -0.271167 0.036997 0.130023 -0.211688 0.967943
1784010361.513938904 -1.625319 0.098242 -0.271137 0.037124 0.129865 -0.210657 0.968184
1784010361.518456936 -1.621639 0.096985 -0.271108 0.037350 0.130059 -0.209814 0.968332
1784010361.523586988 -1.617470 0.095559 -0.271082 0.037719 0.130161 -0.208846 0.968514
1784010361.523586988 -1.617470 0.095559 -0.271082 0.037719 0.130161 -0.208846 0.968514
1784010361.523801088 -1.617293 0.095505 -0.271080 0.037734 0.130166 -0.208805 0.968521
1784010361.528095961 -1.613752 0.094420 -0.271053 0.037949 0.130116 -0.208016 0.968689
1784010361.533921003 -1.608922 0.092973 -0.271033 0.038064 0.130294 -0.206975 0.968884
1784010361.538333893 -1.605249 0.091880 -0.271052 0.037929 0.130630 -0.206219 0.969005
1784010361.543730021 -1.600739 0.090581 -0.271133 0.037499 0.130982 -0.205350 0.969159
1784010361.548204899 -1.596993 0.089512 -0.271244 0.037075 0.131278 -0.204648 0.969284
1784010361.553908110 -1.592211 0.088163 -0.271392 0.036811 0.131767 -0.203685 0.969430
1784010361.558340073 -1.588512 0.087112 -0.271498 0.036900 0.131911 -0.202863 0.969579
1784010361.563704014 -1.584051 0.085878 -0.271597 0.037007 0.131726 -0.201826 0.969817
1784010361.568095922 -1.580402 0.084888 -0.271645 0.036948 0.131519 -0.200948 0.970030
1784010361.573909044 -1.575539 0.083611 -0.271646 0.036826 0.131542 -0.199727 0.970283
1784010361.578192949 -1.571954 0.082667 -0.271612 0.036787 0.131654 -0.198797 0.970461
1784010361.583978891 -1.567126 0.081425 -0.271550 0.036659 0.131539 -0.197544 0.970737
1784010361.588270903 -1.563561 0.080513 -0.271514 0.036346 0.131245 -0.196634 0.970973
1784010361.593571901 -1.559138 0.079412 -0.271497 0.035713 0.130987 -0.195516 0.971257
1784010361.598212004 -1.555254 0.078442 -0.271509 0.035334 0.131040 -0.194498 0.971468
1784010361.603899002 -1.550483 0.077255 -0.271554 0.035177 0.131359 -0.193202 0.971689
1784010361.608241081 -1.546843 0.076335 -0.271609 0.035147 0.131644 -0.192204 0.971850
1784010361.613930941 -1.542067 0.075144 -0.271681 0.035104 0.132023 -0.190885 0.972060
1784010361.618149996 -1.538539 0.074251 -0.271730 0.035059 0.132225 -0.189914 0.972224
1784010361.623800993 -1.533820 0.073067 -0.271770 0.034905 0.132243 -0.188668 0.972470
1784010361.623800993 -1.533820 0.073067 -0.271770 0.034905 0.132243 -0.188668 0.972470
1784010361.623944998 -1.533697 0.073040 -0.271770 0.034901 0.132243 -0.188635 0.972476
1784010361.628021002 -1.530248 0.072271 -0.271756 0.034758 0.132200 -0.187745 0.972660
1784010361.633981943 -1.525196 0.071168 -0.271689 0.034501 0.132191 -0.186452 0.972919
1784010361.638433933 -1.521435 0.070349 -0.271626 0.034201 0.132111 -0.185517 0.973119
1784010361.643892050 -1.516826 0.069370 -0.271543 0.033771 0.131806 -0.184360 0.973395
1784010361.648215055 -1.513170 0.068590 -0.271473 0.033589 0.131679 -0.183400 0.973600
1784010361.653747082 -1.508476 0.067608 -0.271385 0.033472 0.131804 -0.182123 0.973827
1784010361.658169031 -1.504733 0.066828 -0.271339 0.033339 0.131811 -0.181095 0.974022
1784010361.663944006 -1.499833 0.065840 -0.271315 0.033000 0.131723 -0.179759 0.974293
1784010361.668411970 -1.496032 0.065073 -0.271315 0.032754 0.131892 -0.178704 0.974473
1784010361.673810959 -1.491432 0.064157 -0.271328 0.032563 0.132256 -0.177383 0.974671
1784010361.678175926 -1.487731 0.063417 -0.271356 0.032346 0.132310 -0.176331 0.974862
1784010361.683973074 -1.482813 0.062448 -0.271392 0.032081 0.132244 -0.174945 0.975129
1784010361.688318968 -1.479122 0.061701 -0.271404 0.032056 0.132365 -0.173874 0.975305
1784010361.693877935 -1.474404 0.060755 -0.271407 0.032061 0.132534 -0.172498 0.975526
1784010361.698036909 -1.470897 0.060045 -0.271419 0.031957 0.132356 -0.171510 0.975728
1784010361.703910112 -1.465935 0.059059 -0.271433 0.031734 0.132019 -0.170113 0.976025
1784010361.708152056 -1.462345 0.058330 -0.271435 0.031634 0.132030 -0.169095 0.976204
1784010361.713942051 -1.457446 0.057346 -0.271440 0.031535 0.132122 -0.167713 0.976433
1784010361.718581915 -1.453541 0.056555 -0.271460 0.031384 0.131976 -0.166645 0.976641
1784010361.723627090 -1.449290 0.055696 -0.271477 0.031225 0.131915 -0.165484 0.976851
1784010361.723627090 -1.449290 0.055696 -0.271477 0.031225 0.131915 -0.165484 0.976851
1784010361.723716021 -1.449213 0.055684 -0.271477 0.031222 0.131913 -0.165464 0.976855
1784010361.728274107 -1.445306 0.055009 -0.271479 0.031264 0.132120 -0.164358 0.977013
1784010361.734080076 -1.440336 0.054158 -0.271474 0.031304 0.132383 -0.162965 0.977209
1784010361.738063097 -1.436944 0.053558 -0.271469 0.031226 0.132376 -0.162069 0.977361
1784010361.743959904 -1.431909 0.052671 -0.271438 0.031155 0.132496 -0.160753 0.977565
1784010361.748378038 -1.428136 0.051982 -0.271396 0.031013 0.132793 -0.159808 0.977684
1784010361.753839970 -1.423492 0.051135 -0.271355 0.030656 0.132864 -0.158724 0.977862
1784010361.758152008 -1.419846 0.050451 -0.271336 0.030370 0.132624 -0.157902 0.978037
1784010361.763942003 -1.414925 0.049530 -0.271324 0.030038 0.132634 -0.156810 0.978221
1784010361.768073082 -1.411408 0.048850 -0.271328 0.029851 0.132888 -0.156048 0.978314
1784010361.773906946 -1.406452 0.047906 -0.271386 0.029587 0.132909 -0.155003 0.978485
1784010361.778127909 -1.402878 0.047212 -0.271461 0.029307 0.132786 -0.154282 0.978625
1784010361.783880949 -1.397987 0.046270 -0.271573 0.028995 0.132855 -0.153270 0.978783
1784010361.788319111 -1.394222 0.045522 -0.271659 0.028901 0.132898 -0.152474 0.978905
1784010361.794039965 -1.389383 0.044573 -0.271777 0.028746 0.132648 -0.151461 0.979100
1784010361.798120022 -1.385940 0.043885 -0.271850 0.028626 0.132472 -0.150739 0.979239
1784010361.803910017 -1.381035 0.042916 -0.271911 0.028641 0.132507 -0.149650 0.979401
1784010361.808482885 -1.377167 0.042136 -0.271925 0.028673 0.132545 -0.148781 0.979527
1784010361.813699961 -1.372765 0.041255 -0.271923 0.028599 0.132356 -0.147821 0.979700
1784010361.817924023 -1.369203 0.040539 -0.271902 0.028413 0.132263 -0.147056 0.979834
1784010361.823470116 -1.364513 0.039614 -0.271855 0.027977 0.132365 -0.146077 0.979979
1784010361.823470116 -1.364513 0.039614 -0.271855 0.027977 0.132365 -0.146077 0.979979
1784010361.823709965 -1.364308 0.039580 -0.271853 0.027955 0.132371 -0.146035 0.979985
1784010361.827967882 -1.360672 0.038975 -0.271806 0.027607 0.132341 -0.145312 0.980106
1784010361.833862066 -1.355643 0.038160 -0.271749 0.027163 0.132105 -0.144315 0.980298
1784010361.838231087 -1.351912 0.037547 -0.271717 0.026886 0.132123 -0.143546 0.980416
1784010361.843910933 -1.347041 0.036762 -0.271694 0.026625 0.132342 -0.142510 0.980544
1784010361.848244905 -1.343332 0.036152 -0.271702 0.026518 0.132405 -0.141714 0.980654
1784010361.853869915 -1.338523 0.035378 -0.271751 0.026262 0.132373 -0.140709 0.980810
1784010361.858139038 -1.334874 0.034782 -0.271813 0.025998 0.132391 -0.139958 0.980922
1784010361.864038944 -1.329821 0.033973 -0.271921 0.025541 0.132493 -0.138940 0.981065
1784010361.868117094 -1.326342 0.033396 -0.272005 0.025282 0.132451 -0.138253 0.981175
1784010361.874016047 -1.321316 0.032573 -0.272116 0.024996 0.132239 -0.137261 0.981350
1784010361.878040075 -1.317892 0.031993 -0.272177 0.024847 0.132178 -0.136581 0.981457
1784010361.883893967 -1.312896 0.031164 -0.272233 0.024696 0.132280 -0.135569 0.981587
1784010361.888397932 -1.309063 0.030509 -0.272253 0.024703 0.132335 -0.134772 0.981689
1784010361.893939972 -1.304347 0.029714 -0.272260 0.024640 0.132378 -0.133803 0.981818
1784010361.897974014 -1.300916 0.029124 -0.272256 0.024524 0.132477 -0.133110 0.981901
1784010361.903877020 -1.295889 0.028278 -0.272248 0.024353 0.132687 -0.132096 0.982014
1784010361.908082962 -1.292322 0.027661 -0.272251 0.024275 0.132761 -0.131382 0.982102
1784010361.913959980 -1.287338 0.026823 -0.272269 0.024163 0.132855 -0.130372 0.982226
1784010361.918647051 -1.283363 0.026139 -0.272290 0.024209 0.133058 -0.129527 0.982310
1784010361.923516035 -1.279229 0.025421 -0.272308 0.024471 0.133427 -0.128639 0.982370
1784010361.923681974 -1.279088 0.025397 -0.272309 0.024479 0.133440 -0.128611 0.982372
1784010361.923681974 -1.279088 0.025397 -0.272309 0.024479 0.133440 -0.128611 0.982372
1784010361.928124905 -1.275276 0.024866 -0.272300 0.024818 0.133717 -0.127845 0.982425
1784010361.933947086 -1.270294 0.024193 -0.272284 0.025058 0.133825 -0.126922 0.982524
1784010361.938323975 -1.266562 0.023680 -0.272267 0.025083 0.133716 -0.126290 0.982620
1784010361.943674088 -1.262002 0.023061 -0.272238 0.025030 0.133479 -0.125572 0.982745
1784010361.947961092 -1.258357 0.022556 -0.272218 0.024955 0.133171 -0.125050 0.982856
1784010361.953861952 -1.253336 0.021894 -0.272208 0.024688 0.132566 -0.124368 0.983031
1784010361.958199978 -1.249640 0.021412 -0.272224 0.024353 0.132165 -0.123847 0.983159
1784010361.963881969 -1.244794 0.020809 -0.272275 0.024024 0.131820 -0.123063 0.983312
1784010361.968105078 -1.241207 0.020351 -0.272336 0.023938 0.131540 -0.122398 0.983434
1784010361.973860979 -1.236299 0.019735 -0.272426 0.024143 0.131280 -0.121373 0.983591
1784010361.977993011 -1.232753 0.019278 -0.272486 0.024223 0.131592 -0.120610 0.983641
1784010361.983743906 -1.227811 0.018671 -0.272544 0.024123 0.132290 -0.119528 0.983682
1784010361.987901926 -1.224270 0.018228 -0.272569 0.023904 0.132337 -0.118779 0.983772
1784010361.993904114 -1.219171 0.017603 -0.272552 0.023566 0.131931 -0.117693 0.983965
1784010361.998328924 -1.215406 0.017118 -0.272499 0.023413 0.131920 -0.116901 0.984065
1784010362.003891945 -1.210669 0.016520 -0.272414 0.023249 0.132086 -0.115910 0.984163
1784010362.008187056 -1.207028 0.016054 -0.272360 0.023028 0.131929 -0.115184 0.984275
1784010362.013712883 -1.202340 0.015465 -0.272302 0.022833 0.131645 -0.114242 0.984427
1784010362.018429041 -1.198334 0.014947 -0.272265 0.022803 0.131667 -0.113415 0.984521
1784010362.023705959 -1.193859 0.014371 -0.272258 0.022820 0.131636 -0.112495 0.984630
1784010362.023710012 -1.193855 0.014372 -0.272257 0.022822 0.131635 -0.112494 0.984630
1784010362.023710012 -1.193855 0.014372 -0.272257 0.022822 0.131635 -0.112494 0.984630
1784010362.028045893 -1.190160 0.014011 -0.272283 0.022598 0.131402 -0.111813 0.984744
1784010362.033889055 -1.185151 0.013537 -0.272330 0.022233 0.131245 -0.110890 0.984878
1784010362.038196087 -1.181434 0.013163 -0.272359 0.022145 0.131419 -0.110166 0.984938
1784010362.043888092 -1.176525 0.012675 -0.272399 0.022127 0.131638 -0.109235 0.985012
1784010362.047894001 -1.173093 0.012320 -0.272430 0.022172 0.131603 -0.108576 0.985089
1784010362.053917885 -1.167938 0.011820 -0.272461 0.022261 0.131573 -0.107545 0.985204
1784010362.058717966 -1.163831 0.011423 -0.272469 0.022182 0.131726 -0.106717 0.985275
1784010362.063747883 -1.159532 0.011009 -0.272471 0.022091 0.131794 -0.105851 0.985362
1784010362.068110943 -1.155807 0.010639 -0.272471 0.022041 0.131719 -0.105104 0.985453
1784010362.073879957 -1.150872 0.010162 -0.272469 0.021944 0.131787 -0.104111 0.985551
1784010362.078176975 -1.147205 0.009797 -0.272476 0.021831 0.131855 -0.103378 0.985622
1784010362.084048986 -1.142208 0.009325 -0.272526 0.021551 0.131709 -0.102417 0.985748
1784010362.087898970 -1.138931 0.009003 -0.272574 0.021402 0.131681 -0.101786 0.985820
1784010362.093787909 -1.133895 0.008516 -0.272635 0.021442 0.132033 -0.100774 0.985876
1784010362.098218918 -1.130114 0.008137 -0.272678 0.021518 0.132242 -0.100008 0.985925
1784010362.103840113 -1.125344 0.007682 -0.272740 0.021351 0.132086 -0.099102 0.986041
1784010362.108176947 -1.121672 0.007326 -0.272772 0.021164 0.131932 -0.098409 0.986135
1784010362.113905907 -1.116797 0.006863 -0.272766 0.020937 0.132006 -0.097480 0.986222
1784010362.118060112 -1.113256 0.006513 -0.272739 0.020774 0.132015 -0.096810 0.986290
1784010362.123562098 -1.108573 0.006064 -0.272692 0.020586 0.131788 -0.095932 0.986410
1784010362.123906136 -1.108281 0.006035 -0.272689 0.020579 0.131779 -0.095875 0.986417
1784010362.123906136 -1.108281 0.006035 -0.272689 0.020579 0.131779 -0.095875 0.986417
1784010362.128124952 -1.104677 0.005797 -0.272654 0.020495 0.131656 -0.095159 0.986505
1784010362.133876085 -1.099756 0.005489 -0.272612 0.020441 0.131725 -0.094136 0.986595
1784010362.138421059 -1.095867 0.005233 -0.272590 0.020454 0.131825 -0.093317 0.986659
1784010362.144021034 -1.091066 0.004923 -0.272580 0.020510 0.132024 -0.092305 0.986726
1784010362.147926092 -1.087715 0.004694 -0.272581 0.020489 0.132277 -0.091598 0.986759
1784010362.153925896 -1.082576 0.004367 -0.272609 0.020382 0.132518 -0.090516 0.986829
1784010362.157984972 -1.079115 0.004135 -0.272647 0.020259 0.132476 -0.089795 0.986903
1784010362.163851976 -1.074100 0.003818 -0.272725 0.020036 0.132448 -0.088762 0.987004
1784010362.168401957 -1.070196 0.003556 -0.272793 0.019962 0.132597 -0.087946 0.987059
1784010362.173655033 -1.065687 0.003263 -0.272895 0.019868 0.132683 -0.087007 0.987132
1784010362.178198099 -1.061795 0.003014 -0.273011 0.019641 0.132564 -0.086234 0.987221
1784010362.183912992 -1.056892 0.002725 -0.273178 0.019223 0.132392 -0.085280 0.987335
1784010362.187937021 -1.053436 0.002514 -0.273291 0.018892 0.132345 -0.084616 0.987405
1784010362.193896055 -1.048331 0.002229 -0.273433 0.018399 0.132186 -0.083648 0.987518
1784010362.198014975 -1.044817 0.002023 -0.273501 0.018100 0.131960 -0.082979 0.987610
1784010362.203892946 -1.039787 0.001753 -0.273539 0.017768 0.131748 -0.081976 0.987728
1784010362.208105087 -1.036171 0.001545 -0.273519 0.017657 0.131772 -0.081213 0.987790
1784010362.213936090 -1.031171 0.001273 -0.273459 0.017666 0.131815 -0.080116 0.987874
1784010362.218031883 -1.027673 0.001071 -0.273414 0.017613 0.131761 -0.079366 0.987942
1784010362.223584890 -1.022921 0.000816 -0.273369 0.017358 0.131738 -0.078357 0.988030
1784010362.223589182 -1.022917 0.000817 -0.273369 0.017358 0.131738 -0.078356 0.988030
1784010362.223589182 -1.022917 0.000817 -0.273369 0.017358 0.131738 -0.078356 0.988030
1784010362.228213072 -1.018933 0.000719 -0.273351 0.017079 0.131838 -0.077531 0.988087
1784010362.233880997 -1.014053 0.000596 -0.273370 0.016791 0.131906 -0.076549 0.988159
1784010362.238326073 -1.010240 0.000485 -0.273425 0.016575 0.131797 -0.075804 0.988235
1784010362.243843079 -1.005500 0.000357 -0.273534 0.016261 0.131712 -0.074892 0.988321
1784010362.248301029 -1.001654 0.000237 -0.273640 0.016116 0.131906 -0.074154 0.988353
1784010362.253845930 -0.996868 0.000089 -0.273792 0.016118 0.132216 -0.073212 0.988382
1784010362.258065939 -0.993238 -0.000031 -0.273923 0.016057 0.132254 -0.072525 0.988429
1784010362.263905048 -0.988210 -0.000167 -0.274111 0.015762 0.132224 -0.071601 0.988505
1784010362.268229961 -0.984482 -0.000277 -0.274239 0.015524 0.132331 -0.070928 0.988543
1784010362.273888111 -0.979615 -0.000407 -0.274384 0.015326 0.132356 -0.070028 0.988607
1784010362.278139114 -0.975979 -0.000516 -0.274474 0.015228 0.132186 -0.069343 0.988679
1784010362.283883095 -0.971060 -0.000645 -0.274559 0.015043 0.132091 -0.068405 0.988760
1784010362.288090944 -0.967448 -0.000751 -0.274589 0.014993 0.132213 -0.067688 0.988794
1784010362.293874979 -0.962505 -0.000877 -0.274608 0.015044 0.132229 -0.066659 0.988861
1784010362.297939062 -0.959058 -0.000972 -0.274614 0.015085 0.132246 -0.065938 0.988906
1784010362.303798914 -0.954084 -0.001090 -0.274611 0.014889 0.132117 -0.064908 0.988995
1784010362.307904005 -0.950581 -0.001193 -0.274601 0.014757 0.132033 -0.064187 0.989055
1784010362.314057112 -0.945337 -0.001326 -0.274609 0.014783 0.131997 -0.063059 0.989132
1784010362.317967892 -0.942027 -0.001424 -0.274646 0.014807 0.131982 -0.062342 0.989179
1784010362.323681116 -0.937186 -0.001553 -0.274721 0.014599 0.132014 -0.061336 0.989241
1784010362.323681116 -0.937186 -0.001553 -0.274721 0.014599 0.132014 -0.061336 0.989241
1784010362.323869944 -0.937025 -0.001553 -0.274724 0.014592 0.132016 -0.061303 0.989242
1784010362.328254938 -0.933274 -0.001554 -0.274775 0.014543 0.132280 -0.060515 0.989256
1784010362.333868980 -0.928477 -0.001547 -0.274853 0.014521 0.132352 -0.059519 0.989308
1784010362.338136911 -0.924855 -0.001551 -0.274927 0.014508 0.132408 -0.058761 0.989346
1784010362.343821049 -0.920030 -0.001541 -0.275019 0.014413 0.132493 -0.057758 0.989395
1784010362.348273993 -0.916232 -0.001543 -0.275070 0.014341 0.132562 -0.056972 0.989432
1784010362.353854895 -0.911476 -0.001533 -0.275116 0.014264 0.132466 -0.056017 0.989501
1784010362.358285904 -0.907724 -0.001530 -0.275143 0.014206 0.132391 -0.055259 0.989554
1784010362.363653898 -0.903182 -0.001515 -0.275160 0.014021 0.132523 -0.054353 0.989589
1784010362.368083954 -0.899427 -0.001509 -0.275157 0.013871 0.132633 -0.053605 0.989617
1784010362.374000072 -0.894411 -0.001478 -0.275147 0.013585 0.132351 -0.052640 0.989711
1784010362.378087044 -0.890955 -0.001464 -0.275149 0.013391 0.132158 -0.051973 0.989775
1784010362.383965015 -0.885984 -0.001421 -0.275161 0.013203 0.132363 -0.050977 0.989802
1784010362.388108969 -0.882477 -0.001401 -0.275182 0.013075 0.132510 -0.050273 0.989820
1784010362.393809080 -0.877650 -0.001354 -0.275236 0.012662 0.132085 -0.049381 0.989927
1784010362.398109913 -0.874014 -0.001324 -0.275304 0.012354 0.131767 -0.048707 0.990006
1784010362.403846025 -0.869159 -0.001267 -0.275428 0.012100 0.131965 -0.047750 0.990030
1784010362.408056021 -0.865591 -0.001237 -0.275542 0.011917 0.132113 -0.047048 0.990046
1784010362.413707018 -0.860797 -0.001186 -0.275707 0.011664 0.132009 -0.046114 0.990107
1784010362.417962074 -0.857189 -0.001164 -0.275834 0.011477 0.131933 -0.045410 0.990151
1784010362.423611164 -0.852401 -0.001124 -0.275995 0.011559 0.132336 -0.044364 0.990144
1784010362.423611164 -0.852401 -0.001124 -0.275995 0.011559 0.132336 -0.044364 0.990144
1784010362.423804045 -0.852237 -0.001118 -0.276000 0.011563 0.132351 -0.044329 0.990144
1784010362.428219080 -0.848485 -0.000986 -0.276111 0.011653 0.132679 -0.043521 0.990135
1784010362.433881998 -0.843672 -0.000810 -0.276228 0.011621 0.132545 -0.042539 0.990196
1784010362.438061953 -0.840121 -0.000697 -0.276290 0.011598 0.132445 -0.041811 0.990240
1784010362.443536997 -0.835459 -0.000541 -0.276337 0.011604 0.132530 -0.040834 0.990270
1784010362.448024988 -0.831637 -0.000421 -0.276363 0.011556 0.132678 -0.040053 0.990282
1784010362.453860998 -0.826673 -0.000253 -0.276394 0.011502 0.132682 -0.039062 0.990322
1784010362.458148956 -0.823028 -0.000142 -0.276413 0.011462 0.132685 -0.038330 0.990351
1784010362.463933945 -0.818120 0.000023 -0.276447 0.011463 0.132918 -0.037311 0.990358
1784010362.468069077 -0.814625 0.000133 -0.276486 0.011463 0.133085 -0.036579 0.990363
1784010362.473897934 -0.809709 0.000307 -0.276554 0.011341 0.133205 -0.035597 0.990384
1784010362.477988958 -0.806263 0.000419 -0.276603 0.011255 0.133289 -0.034905 0.990398
1784010362.483831882 -0.801340 0.000601 -0.276669 0.010939 0.133293 -0.033975 0.990434
1784010362.488224983 -0.797653 0.000734 -0.276723 0.010701 0.133296 -0.033273 0.990460
1784010362.493751049 -0.793034 0.000921 -0.276797 0.010310 0.133119 -0.032414 0.990516
1784010362.498136997 -0.789370 0.001064 -0.276852 0.010066 0.133026 -0.031709 0.990554
1784010362.503910065 -0.784540 0.001262 -0.276912 0.009880 0.133111 -0.030763 0.990574
1784010362.508430004 -0.780766 0.001406 -0.276956 0.009778 0.133159 -0.030021 0.990592
1784010362.513675928 -0.776398 0.001580 -0.277010 0.009647 0.133088 -0.029171 0.990628
1784010362.518193960 -0.772639 0.001722 -0.277051 0.009571 0.133063 -0.028412 0.990654
1784010362.523778200 -0.767990 0.001900 -0.277093 0.009530 0.133155 -0.027459 0.990669
1784010362.523778200 -0.767990 0.001900 -0.277093 0.009530 0.133155 -0.027459 0.990669
1784010362.523809910 -0.767963 0.001903 -0.277092 0.009529 0.133155 -0.027453 0.990669
1784010362.528245926 -0.764265 0.002150 -0.277104 0.009482 0.133153 -0.026685 0.990691
1784010362.533819914 -0.759624 0.002465 -0.277118 0.009465 0.133024 -0.025705 0.990734
1784010362.538285017 -0.755902 0.002698 -0.277126 0.009586 0.133064 -0.024879 0.990749
1784010362.543979883 -0.751148 0.002998 -0.277132 0.009849 0.133303 -0.023791 0.990741
1784010362.548010111 -0.747795 0.003198 -0.277151 0.009952 0.133404 -0.023056 0.990743
1784010362.553855896 -0.742939 0.003516 -0.277185 0.009895 0.133358 -0.022031 0.990774
1784010362.558093071 -0.739420 0.003741 -0.277208 0.009697 0.133387 -0.021306 0.990788
1784010362.563786030 -0.734694 0.004065 -0.277222 0.009321 0.133437 -0.020363 0.990804
1784010362.568147898 -0.731088 0.004308 -0.277233 0.009016 0.133296 -0.019671 0.990840
1784010362.573700905 -0.726504 0.004642 -0.277246 0.008595 0.133034 -0.018780 0.990896
1784010362.578085899 -0.722881 0.004907 -0.277259 0.008304 0.132967 -0.018056 0.990921
1784010362.583906889 -0.718066 0.005286 -0.277295 0.008011 0.132983 -0.017057 0.990939
1784010362.588052034 -0.714644 0.005552 -0.277351 0.007804 0.132943 -0.016353 0.990958
1784010362.593852997 -0.709850 0.005947 -0.277458 0.007486 0.132883 -0.015352 0.990985
1784010362.598141909 -0.706306 0.006231 -0.277555 0.007250 0.132892 -0.014608 0.990996
1784010362.603902102 -0.701555 0.006622 -0.277688 0.006959 0.132834 -0.013613 0.991020
1784010362.608374119 -0.697883 0.006913 -0.277790 0.006800 0.132709 -0.012845 0.991048
1784010362.613771915 -0.693449 0.007271 -0.277883 0.006598 0.132627 -0.011914 0.991072
1784010362.618185997 -0.689816 0.007552 -0.277928 0.006482 0.132706 -0.011136 0.991072
1784010362.623691082 -0.685289 0.007902 -0.277947 0.006500 0.132840 -0.010146 0.991064
1784010362.623691082 -0.685289 0.007902 -0.277947 0.006500 0.132840 -0.010146 0.991064
1784010362.623850107 -0.685158 0.007916 -0.277947 0.006501 0.132845 -0.010118 0.991064
1784010362.628473043 -0.681360 0.008312 -0.277934 0.006537 0.132886 -0.009299 0.991066
1784010362.633863926 -0.676931 0.008787 -0.277924 0.006346 0.132914 -0.008394 0.991072
1784010362.638160944 -0.673395 0.009156 -0.277923 0.006144 0.133027 -0.007696 0.991063
1784010362.643927097 -0.668653 0.009653 -0.277937 0.006042 0.133190 -0.006756 0.991049
1784010362.648329973 -0.665045 0.010023 -0.277975 0.005952 0.133201 -0.006060 0.991053
1784010362.653872967 -0.660498 0.010506 -0.278049 0.005783 0.133261 -0.005189 0.991050
1784010362.657960892 -0.657138 0.010854 -0.278116 0.005734 0.133443 -0.004532 0.991029
1784010362.663821936 -0.652328 0.011371 -0.278218 0.005726 0.133680 -0.003583 0.991002
1784010362.668144941 -0.648795 0.011748 -0.278305 0.005663 0.133617 -0.002894 0.991013
1784010362.674011946 -0.644000 0.012284 -0.278414 0.005437 0.133421 -0.001968 0.991043
1784010362.678056002 -0.640691 0.012645 -0.278482 0.005252 0.133390 -0.001334 0.991049
1784010362.683855057 -0.635963 0.013172 -0.278555 0.005118 0.133266 -0.000408 0.991067
1784010362.688026905 -0.632581 0.013539 -0.278601 0.005069 0.132967 0.000266 0.991107
1784010362.693860054 -0.627842 0.014075 -0.278638 0.004859 0.132652 0.001203 0.991150
1784010362.698113918 -0.624374 0.014455 -0.278647 0.004772 0.132711 0.001920 0.991141
1784010362.703859091 -0.619701 0.014976 -0.278642 0.004844 0.132837 0.002942 0.991122
1784010362.708303928 -0.616102 0.015371 -0.278643 0.004840 0.132785 0.003720 0.991126
1784010362.713911057 -0.611554 0.015883 -0.278634 0.004767 0.132881 0.004709 0.991109
1784010362.718182087 -0.608080 0.016262 -0.278624 0.004714 0.133165 0.005462 0.991068
1784010362.723596096 -0.603693 0.016746 -0.278613 0.004690 0.133380 0.006414 0.991033
1784010362.723596096 -0.603693 0.016746 -0.278613 0.004690 0.133380 0.006414 0.991033
1784010362.723902941 -0.603445 0.016779 -0.278611 0.004689 0.133393 0.006467 0.991031
1784010362.728380919 -0.599822 0.017279 -0.278587 0.004644 0.133323 0.007222 0.991036
1784010362.733871937 -0.595375 0.017904 -0.278556 0.004470 0.133365 0.008113 0.991024
1784010362.738123894 -0.591932 0.018379 -0.278531 0.004322 0.133484 0.008787 0.991003
1784010362.743609905 -0.587511 0.019000 -0.278505 0.004201 0.133335 0.009637 0.991015
1784010362.748351097 -0.583706 0.019533 -0.278488 0.004049 0.133003 0.010346 0.991053
1784010362.753850937 -0.579279 0.020158 -0.278458 0.003919 0.132854 0.011175 0.991065
1784010362.758151054 -0.575816 0.020639 -0.278433 0.003851 0.132873 0.011840 0.991055
1784010362.763905048 -0.571205 0.021301 -0.278414 0.003708 0.132619 0.012727 0.991078
1784010362.767999887 -0.567935 0.021762 -0.278410 0.003610 0.132367 0.013362 0.991104
1784010362.773864031 -0.563234 0.022445 -0.278395 0.003458 0.132368 0.014288 0.991092
1784010362.777937889 -0.559963 0.022910 -0.278390 0.003334 0.132488 0.014943 0.991066
1784010362.783854008 -0.555233 0.023603 -0.278391 0.003182 0.132387 0.015903 0.991065
1784010362.788122892 -0.551830 0.024091 -0.278394 0.003116 0.132304 0.016615 0.991065
1784010362.793803930 -0.547286 0.024751 -0.278391 0.003032 0.132483 0.017567 0.991025
1784010362.798067093 -0.543876 0.025234 -0.278398 0.002948 0.132587 0.018253 0.990999
1784010362.803788900 -0.539318 0.025886 -0.278427 0.002764 0.132412 0.019118 0.991006
1784010362.807878971 -0.536067 0.026333 -0.278461 0.002650 0.132230 0.019728 0.991019
1784010362.813879967 -0.531280 0.026992 -0.278524 0.002481 0.132150 0.020583 0.991013
1784010362.818516970 -0.527576 0.027481 -0.278598 0.002300 0.132129 0.021205 0.991003
1784010362.823543072 -0.523565 0.028002 -0.278701 0.002072 0.132080 0.021841 0.990996
1784010362.823748112 -0.523401 0.028023 -0.278706 0.002069 0.132083 0.021867 0.990995
1784010362.823748112 -0.523401 0.028023 -0.278706 0.002069 0.132083 0.021867 0.990995
1784010362.828254938 -0.519788 0.028586 -0.278774 0.001992 0.132126 0.022451 0.990977
1784010362.833831072 -0.515307 0.029275 -0.278841 0.002043 0.132355 0.023181 0.990929
1784010362.838589907 -0.511488 0.029848 -0.278886 0.002066 0.132506 0.023791 0.990895
1784010362.843636036 -0.507450 0.030452 -0.278912 0.001990 0.132517 0.024408 0.990878
1784010362.847878933 -0.504061 0.030945 -0.278904 0.001955 0.132496 0.024918 0.990868
1784010362.853828907 -0.499304 0.031647 -0.278840 0.001901 0.132517 0.025634 0.990847
1784010362.858427048 -0.495637 0.032178 -0.278773 0.001723 0.132484 0.026151 0.990839
1784010362.864038944 -0.491175 0.032837 -0.278680 0.001408 0.132264 0.026771 0.990852
1784010362.868119955 -0.487933 0.033299 -0.278613 0.001239 0.132120 0.027235 0.990859
1784010362.873836040 -0.483383 0.033948 -0.278522 0.001169 0.132130 0.027904 0.990839
1784010362.878104925 -0.479986 0.034416 -0.278480 0.001107 0.132180 0.028385 0.990819
1784010362.884001017 -0.475293 0.035072 -0.278458 0.000877 0.132201 0.029006 0.990798
1784010362.888027906 -0.472088 0.035499 -0.278468 0.000795 0.132240 0.029440 0.990780
1784010362.893867016 -0.467437 0.036118 -0.278497 0.000760 0.132328 0.030066 0.990750
1784010362.898119926 -0.464056 0.036552 -0.278539 0.000632 0.132301 0.030486 0.990740
1784010362.903809071 -0.459538 0.037136 -0.278603 0.000381 0.132125 0.031010 0.990748
1784010362.908010960 -0.456199 0.037542 -0.278648 0.000322 0.132047 0.031399 0.990746
1784010362.913814068 -0.451580 0.038095 -0.278690 0.000381 0.132016 0.031944 0.990733
1784010362.918153048 -0.448131 0.038482 -0.278724 0.000413 0.131929 0.032322 0.990732
1784010362.923715115 -0.443717 0.038966 -0.278759 0.000371 0.131687 0.032747 0.990750
1784010362.923715115 -0.443717 0.038966 -0.278759 0.000371 0.131687 0.032747 0.990750
1784010362.923875093 -0.443590 0.038984 -0.278760 0.000370 0.131680 0.032760 0.990751
1784010362.927906036 -0.440381 0.039402 -0.278773 0.000348 0.131547 0.033051 0.990759
1784010362.933851957 -0.435638 0.040014 -0.278765 0.000276 0.131497 0.033453 0.990752
1784010362.938034058 -0.432306 0.040420 -0.278744 0.000171 0.131460 0.033705 0.990748
1784010362.943847895 -0.427686 0.040975 -0.278683 0.000136 0.131330 0.034038 0.990754
1784010362.947962999 -0.424416 0.041343 -0.278616 0.000209 0.131325 0.034286 0.990746
1784010362.953716040 -0.419833 0.041864 -0.278501 0.000294 0.131544 0.034653 0.990704
1784010362.957945108 -0.416470 0.042232 -0.278419 0.000351 0.131686 0.034921 0.990676
1784010362.963798046 -0.411831 0.042748 -0.278326 0.000346 0.131664 0.035282 0.990666
1784010362.968113899 -0.408416 0.043113 -0.278280 0.000362 0.131598 0.035553 0.990665
1784010362.973855019 -0.403866 0.043610 -0.278256 0.000294 0.131596 0.035900 0.990653
1784010362.978087902 -0.400516 0.043970 -0.278278 0.000138 0.131565 0.036133 0.990649
1784010362.983875036 -0.395943 0.044479 -0.278358 -0.000146 0.131338 0.036428 0.990668
1784010362.987915993 -0.392745 0.044825 -0.278444 -0.000322 0.131257 0.036633 0.990671
1784010362.993818045 -0.388061 0.045346 -0.278598 -0.000554 0.131396 0.036927 0.990642
1784010362.998416901 -0.384418 0.045743 -0.278743 -0.000716 0.131470 0.037145 0.990624
1784010363.003804922 -0.380159 0.046213 -0.278919 -0.000861 0.131329 0.037399 0.990633
1784010363.008048058 -0.376799 0.046574 -0.279042 -0.000912 0.131343 0.037616 0.990623
1784010363.013816118 -0.372227 0.047077 -0.279161 -0.000941 0.131592 0.037929 0.990578
1784010363.018106937 -0.368841 0.047442 -0.279220 -0.000989 0.131636 0.038150 0.990563
1784010363.023362160 -0.364704 0.047891 -0.279248 -0.001024 0.131472 0.038414 0.990575
1784010363.023362160 -0.364704 0.047891 -0.279248 -0.001024 0.131472 0.038414 0.990575
1784010363.023855925 -0.364314 0.047942 -0.279246 -0.001027 0.131458 0.038437 0.990576
1784010363.028435946 -0.360685 0.048428 -0.279201 -0.001004 0.131524 0.038670 0.990558
1784010363.033844948 -0.356391 0.049001 -0.279122 -0.001016 0.131815 0.038935 0.990509
1784010363.038122892 -0.353009 0.049443 -0.279066 -0.001066 0.131838 0.039121 0.990498
1784010363.043806076 -0.348524 0.050033 -0.279008 -0.001165 0.131682 0.039356 0.990510
1784010363.048191071 -0.345057 0.050469 -0.278978 -0.001192 0.131699 0.039550 0.990500
1784010363.053822041 -0.340599 0.051027 -0.278970 -0.001171 0.131772 0.039780 0.990481
1784010363.057810068 -0.337450 0.051408 -0.278996 -0.001189 0.131678 0.039927 0.990487
1784010363.063828945 -0.332694 0.051994 -0.279060 -0.001221 0.131516 0.040158 0.990500
1784010363.068218946 -0.329216 0.052405 -0.279122 -0.001200 0.131554 0.040345 0.990487
1784010363.073795080 -0.324801 0.052935 -0.279217 -0.001278 0.131619 0.040550 0.990470
1784010363.078090906 -0.321414 0.053335 -0.279307 -0.001414 0.131507 0.040698 0.990478
1784010363.083765984 -0.316938 0.053875 -0.279412 -0.001643 0.131343 0.040899 0.990492
1784010363.088069916 -0.313536 0.054271 -0.279469 -0.001700 0.131400 0.041084 0.990476
1784010363.093688011 -0.309100 0.054790 -0.279503 -0.001593 0.131506 0.041361 0.990451
1784010363.098081112 -0.305646 0.055189 -0.279506 -0.001549 0.131473 0.041593 0.990446
1784010363.103792906 -0.301156 0.055720 -0.279469 -0.001585 0.131427 0.041891 0.990439
1784010363.108417988 -0.297513 0.056135 -0.279406 -0.001515 0.131540 0.042155 0.990413
1784010363.113843918 -0.293243 0.056619 -0.279311 -0.001409 0.131755 0.042453 0.990372
1784010363.118268013 -0.289778 0.057006 -0.279241 -0.001441 0.131751 0.042665 0.990363
1784010363.123430967 -0.285740 0.057460 -0.279171 -0.001554 0.131610 0.042897 0.990372
1784010363.123430967 -0.285740 0.057460 -0.279171 -0.001554 0.131610 0.042897 0.990372
1784010363.123631001 -0.285583 0.057481 -0.279168 -0.001559 0.131605 0.042906 0.990372
1784010363.128281116 -0.281925 0.057980 -0.279106 -0.001628 0.131617 0.043124 0.990361
1784010363.133801937 -0.277581 0.058569 -0.279048 -0.001657 0.131756 0.043371 0.990332
1784010363.138216019 -0.274120 0.059029 -0.279021 -0.001693 0.131710 0.043550 0.990330
1784010363.143662930 -0.269852 0.059600 -0.279001 -0.001759 0.131526 0.043758 0.990345
1784010363.148108006 -0.266367 0.060053 -0.278989 -0.001764 0.131487 0.043946 0.990342
1784010363.153829098 -0.261888 0.060639 -0.278982 -0.001736 0.131452 0.044181 0.990336
1784010363.158153057 -0.258517 0.061071 -0.278991 -0.001780 0.131295 0.044346 0.990349
1784010363.163697958 -0.254192 0.061637 -0.279006 -0.001912 0.131123 0.044563 0.990362
1784010363.167862892 -0.250936 0.062048 -0.279009 -0.001942 0.131173 0.044744 0.990347
1784010363.173877001 -0.246237 0.062645 -0.279004 -0.001829 0.131308 0.045028 0.990317
1784010363.178025961 -0.243008 0.063041 -0.278999 -0.001749 0.131319 0.045230 0.990306
1784010363.183834076 -0.238487 0.063606 -0.278986 -0.001696 0.131318 0.045510 0.990294
1784010363.188009024 -0.235238 0.063998 -0.278970 -0.001664 0.131353 0.045707 0.990280
1784010363.193806887 -0.230731 0.064548 -0.278952 -0.001625 0.131339 0.045967 0.990270
1784010363.197896004 -0.227563 0.064924 -0.278952 -0.001639 0.131225 0.046137 0.990277
1784010363.203855038 -0.222943 0.065488 -0.278974 -0.001821 0.131065 0.046347 0.990288
1784010363.208292961 -0.219502 0.065894 -0.279005 -0.001929 0.131002 0.046498 0.990289
1784010363.213804960 -0.215232 0.066398 -0.279064 -0.001967 0.130963 0.046684 0.990286
1784010363.218406916 -0.211670 0.066810 -0.279132 -0.002011 0.130989 0.046844 0.990274
1784010363.223623991 -0.207623 0.067282 -0.279219 -0.002048 0.131156 0.047036 0.990243
1784010363.223623991 -0.207623 0.067282 -0.279219 -0.002048 0.131156 0.047036 0.990243
1784010363.223812103 -0.207475 0.067303 -0.279221 -0.002050 0.131163 0.047043 0.990242
1784010363.227901936 -0.204273 0.067758 -0.279276 -0.002059 0.131398 0.047209 0.990203
1784010363.233822107 -0.199643 0.068430 -0.279341 -0.002099 0.131645 0.047431 0.990159
1784010363.238042116 -0.196358 0.068897 -0.279376 -0.002147 0.131661 0.047587 0.990150
1784010363.243792057 -0.191882 0.069552 -0.279394 -0.002344 0.131653 0.047797 0.990140
1784010363.248373985 -0.188316 0.070065 -0.279383 -0.002514 0.131700 0.047968 0.990125
1784010363.253817081 -0.184085 0.070676 -0.279340 -0.002629 0.131740 0.048185 0.990109
1784010363.257931948 -0.180895 0.071128 -0.279297 -0.002683 0.131720 0.048364 0.990103
1784010363.263823986 -0.176318 0.071793 -0.279231 -0.002803 0.131753 0.048641 0.990084
1784010363.267884970 -0.173165 0.072236 -0.279189 -0.002865 0.131834 0.048838 0.990064
1784010363.273827076 -0.168556 0.072891 -0.279141 -0.002879 0.131936 0.049136 0.990036
1784010363.278243065 -0.165140 0.073360 -0.279127 -0.002911 0.131921 0.049353 0.990027
1784010363.283677101 -0.160928 0.073940 -0.279131 -0.003026 0.131961 0.049609 0.990008
1784010363.288086891 -0.157507 0.074396 -0.279152 -0.003128 0.132060 0.049805 0.989985
1784010363.293826103 -0.153058 0.074989 -0.279202 -0.003240 0.132132 0.050048 0.989963
1784010363.298016071 -0.149821 0.075404 -0.279256 -0.003281 0.132070 0.050222 0.989962
1784010363.303806067 -0.145336 0.075983 -0.279340 -0.003278 0.132023 0.050478 0.989955
1784010363.307796001 -0.142240 0.076365 -0.279401 -0.003232 0.132093 0.050663 0.989937
1784010363.313880920 -0.137521 0.076957 -0.279494 -0.003126 0.132189 0.050932 0.989910
1784010363.317795992 -0.134500 0.077321 -0.279555 -0.003125 0.132126 0.051089 0.989911
1784010363.323457003 -0.130127 0.077868 -0.279621 -0.003333 0.132039 0.051294 0.989911
1784010363.323457003 -0.130127 0.077868 -0.279621 -0.003333 0.132039 0.051294 0.989911
1784010363.323797941 -0.129861 0.077908 -0.279622 -0.003343 0.132030 0.051309 0.989911
1784010363.328078985 -0.126520 0.078422 -0.279621 -0.003472 0.131973 0.051503 0.989908
1784010363.333879948 -0.121995 0.079125 -0.279574 -0.003548 0.131878 0.051780 0.989906
1784010363.338321924 -0.118546 0.079650 -0.279510 -0.003562 0.131743 0.051992 0.989913
1784010363.343632936 -0.114417 0.080281 -0.279402 -0.003495 0.131651 0.052282 0.989910
1784010363.347986937 -0.111026 0.080788 -0.279299 -0.003385 0.131748 0.052539 0.989884
1784010363.353756905 -0.106540 0.081467 -0.279168 -0.003219 0.131913 0.052906 0.989843
1784010363.358139992 -0.103151 0.081970 -0.279091 -0.003152 0.131893 0.053169 0.989832
1784010363.363779068 -0.098789 0.082626 -0.279026 -0.003195 0.131778 0.053499 0.989829
1784010363.368170023 -0.095388 0.083126 -0.279001 -0.003292 0.131761 0.053730 0.989819
1784010363.373591900 -0.091186 0.083749 -0.279005 -0.003411 0.131725 0.054001 0.989808
1784010363.378050089 -0.087737 0.084254 -0.279044 -0.003543 0.131579 0.054202 0.989816
1784010363.383848906 -0.083238 0.084926 -0.279128 -0.003769 0.131444 0.054458 0.989819
1784010363.388041973 -0.079981 0.085400 -0.279208 -0.003889 0.131485 0.054632 0.989804
1784010363.393810987 -0.075500 0.086068 -0.279342 -0.004015 0.131512 0.054877 0.989786
1784010363.398077011 -0.072192 0.086554 -0.279458 -0.004168 0.131473 0.055037 0.989782
1784010363.403808117 -0.067731 0.087224 -0.279605 -0.004355 0.131570 0.055254 0.989756
1784010363.407823086 -0.064609 0.087680 -0.279692 -0.004427 0.131720 0.055411 0.989727
1784010363.413774967 -0.059996 0.088373 -0.279788 -0.004466 0.131705 0.055675 0.989714
1784010363.417885065 -0.056824 0.088839 -0.279827 -0.004492 0.131599 0.055857 0.989718
1784010363.423479080 -0.052489 0.089482 -0.279821 -0.004511 0.131647 0.056133 0.989696
1784010363.423479080 -0.052489 0.089482 -0.279821 -0.004511 0.131647 0.056133 0.989696
1784010363.423782110 -0.052252 0.089522 -0.279819 -0.004513 0.131652 0.056147 0.989694
1784010363.427923918 -0.049018 0.090069 -0.279774 -0.004430 0.131816 0.056347 0.989661
1784010363.433856010 -0.044403 0.090861 -0.279697 -0.004325 0.131790 0.056623 0.989650
1784010363.438374996 -0.040904 0.091456 -0.279644 -0.004415 0.131635 0.056804 0.989660
1784010363.443650961 -0.036807 0.092149 -0.279592 -0.004541 0.131546 0.057014 0.989659
1784010363.447886944 -0.033512 0.092686 -0.279564 -0.004537 0.131515 0.057182 0.989653
1784010363.453794956 -0.028920 0.093438 -0.279567 -0.004512 0.131366 0.057399 0.989661
1784010363.457890034 -0.025744 0.093945 -0.279601 -0.004555 0.131232 0.057543 0.989670
1784010363.463800907 -0.021136 0.094689 -0.279676 -0.004639 0.131270 0.057759 0.989652
1784010363.468087912 -0.017791 0.095217 -0.279745 -0.004724 0.131393 0.057904 0.989627
1784010363.473803997 -0.013342 0.095926 -0.279848 -0.004830 0.131386 0.058095 0.989616
1784010363.478008986 -0.010078 0.096440 -0.279922 -0.004952 0.131299 0.058235 0.989618
1784010363.483752966 -0.005603 0.097157 -0.279998 -0.005153 0.131396 0.058441 0.989592
1784010363.488152981 -0.002177 0.097694 -0.280031 -0.005217 0.131512 0.058610 0.989567
1784010363.493606091 0.002050 0.098361 -0.280042 -0.005217 0.131425 0.058833 0.989565
1784010363.498090029 0.005514 0.098903 -0.280027 -0.005234 0.131258 0.059026 0.989576
1784010363.503990889 0.010087 0.099626 -0.279967 -0.005279 0.131236 0.059293 0.989562
1784010363.507936001 0.013142 0.100094 -0.279910 -0.005264 0.131294 0.059487 0.989543
1784010363.513828039 0.017691 0.100804 -0.279823 -0.005235 0.131207 0.059760 0.989538
1784010363.518204927 0.021061 0.101321 -0.279763 -0.005292 0.131126 0.059946 0.989538
1784010363.523320198 0.025009 0.101925 -0.279694 -0.005342 0.131193 0.060172 0.989515
1784010363.523320198 0.025009 0.101925 -0.279694 -0.005342 0.131193 0.060172 0.989515
1784010363.523850918 0.025422 0.101997 -0.279687 -0.005347 0.131200 0.060195 0.989512
1784010363.527900934 0.028573 0.102551 -0.279634 -0.005347 0.131263 0.060368 0.989493
1784010363.533804893 0.033154 0.103365 -0.279577 -0.005326 0.131136 0.060605 0.989496
1784010363.538500071 0.036787 0.104000 -0.279546 -0.005349 0.130982 0.060789 0.989505
1784010363.543495893 0.040658 0.104677 -0.279525 -0.005476 0.130949 0.060965 0.989498
1784010363.547899961 0.044073 0.105268 -0.279515 -0.005588 0.130920 0.061121 0.989491
1784010363.553783894 0.048635 0.106066 -0.279510 -0.005573 0.130746 0.061340 0.989501
1784010363.557962894 0.051861 0.106617 -0.279514 -0.005561 0.130625 0.061496 0.989507
1784010363.563932896 0.056477 0.107414 -0.279516 -0.005565 0.130615 0.061746 0.989493
1784010363.567914963 0.059560 0.107930 -0.279513 -0.005567 0.130610 0.061915 0.989483
1784010363.573800087 0.064116 0.108700 -0.279499 -0.005373 0.130674 0.062182 0.989459
1784010363.578142881 0.067459 0.109249 -0.279481 -0.005230 0.130724 0.062380 0.989441
1784010363.583653927 0.071700 0.109952 -0.279454 -0.005290 0.130574 0.062606 0.989446
1784010363.588042021 0.075080 0.110505 -0.279435 -0.005338 0.130457 0.062786 0.989450
1784010363.593805075 0.079517 0.111239 -0.279415 -0.005239 0.130377 0.063021 0.989446
1784010363.598052025 0.082772 0.111764 -0.279410 -0.005165 0.130321 0.063195 0.989442
1784010363.603846073 0.087217 0.112491 -0.279412 -0.005381 0.130151 0.063361 0.989453
1784010363.608083963 0.090475 0.113012 -0.279420 -0.005538 0.130028 0.063485 0.989460
1784010363.613861084 0.094918 0.113728 -0.279441 -0.005391 0.130062 0.063690 0.989444
1784010363.618185043 0.098230 0.114245 -0.279466 -0.005280 0.130089 0.063845 0.989431
1784010363.623578072 0.102367 0.114900 -0.279504 -0.005339 0.130271 0.064049 0.989393
1784010363.623578072 0.102367 0.114900 -0.279504 -0.005339 0.130271 0.064049 0.989393
1784010363.623766899 0.102514 0.114928 -0.279504 -0.005341 0.130277 0.064057 0.989392
1784010363.628200054 0.105958 0.115572 -0.279508 -0.005390 0.130419 0.064256 0.989360
1784010363.633811951 0.110315 0.116394 -0.279502 -0.005489 0.130529 0.064478 0.989330
1784010363.638309956 0.113783 0.117033 -0.279488 -0.005591 0.130396 0.064639 0.989337
1784010363.643779993 0.117994 0.117814 -0.279445 -0.005942 0.130230 0.064799 0.989346
1784010363.648123980 0.121339 0.118429 -0.279390 -0.006221 0.130100 0.064922 0.989354
1784010363.653781891 0.125713 0.119234 -0.279288 -0.006243 0.129877 0.065131 0.989369
1784010363.658030033 0.129010 0.119816 -0.279202 -0.006259 0.129713 0.065284 0.989380
1784010363.663798094 0.133495 0.120605 -0.279088 -0.006422 0.129843 0.065501 0.989348
1784010363.667841911 0.136628 0.121139 -0.279030 -0.006536 0.129938 0.065649 0.989325
1784010363.673748970 0.141204 0.121913 -0.278956 -0.006583 0.129866 0.065814 0.989323
1784010363.678005934 0.144496 0.122438 -0.278919 -0.006616 0.129818 0.065929 0.989321
1784010363.683635950 0.148858 0.123112 -0.278875 -0.006771 0.129797 0.065940 0.989322
1784010363.687972069 0.152218 0.123597 -0.278853 -0.006890 0.129783 0.065944 0.989323
1784010363.693778992 0.156738 0.124212 -0.278818 -0.006843 0.129616 0.065865 0.989351
1784010363.698143959 0.160145 0.124622 -0.278788 -0.006807 0.129493 0.065802 0.989371
1784010363.703716993 0.164509 0.125118 -0.278763 -0.006763 0.129418 0.065664 0.989390
1784010363.708067894 0.167915 0.125478 -0.278777 -0.006728 0.129362 0.065553 0.989405
1784010363.713867903 0.172469 0.125931 -0.278808 -0.006670 0.129426 0.065288 0.989415
1784010363.718525887 0.176136 0.126246 -0.278839 -0.006623 0.129480 0.065072 0.989422
1784010363.723417997 0.179993 0.126542 -0.278862 -0.006798 0.129330 0.064661 0.989468
1784010363.723417997 0.179993 0.126542 -0.278862 -0.006798 0.129330 0.064661 0.989468
1784010363.723851919 0.180338 0.126574 -0.278861 -0.006813 0.129315 0.064623 0.989472
1784010363.728243113 0.183830 0.126894 -0.278836 -0.006971 0.129156 0.064241 0.989517
1784010363.733782053 0.188238 0.127259 -0.278765 -0.006901 0.128989 0.063650 0.989577
1784010363.738193035 0.191742 0.127500 -0.278675 -0.006845 0.128864 0.063178 0.989624
1784010363.743797064 0.196204 0.127769 -0.278521 -0.006640 0.128837 0.062522 0.989671
1784010363.747912884 0.199491 0.127928 -0.278392 -0.006489 0.128826 0.062039 0.989704
1784010363.753777027 0.204173 0.128125 -0.278207 -0.006211 0.128881 0.061277 0.989746
1784010363.758440971 0.207871 0.128240 -0.278093 -0.005989 0.128932 0.060669 0.989778
1784010363.763629913 0.211980 0.128338 -0.277998 -0.005883 0.128683 0.059913 0.989857
1784010363.767908096 0.215377 0.128385 -0.277947 -0.005828 0.128562 0.059244 0.989913
1784010363.773808002 0.220081 0.128424 -0.277904 -0.005761 0.128692 0.058285 0.989954
1784010363.778151035 0.223534 0.128418 -0.277916 -0.005757 0.128686 0.057531 0.989998
1784010363.783658028 0.227918 0.128396 -0.277974 -0.005850 0.128454 0.056507 0.990087
1784010363.788024902 0.231407 0.128348 -0.278044 -0.005870 0.128497 0.055679 0.990128
1784010363.793728113 0.235980 0.128265 -0.278146 -0.005805 0.128799 0.054581 0.990151
1784010363.798075914 0.239458 0.128173 -0.278251 -0.005811 0.128834 0.053689 0.990195
1784010363.803915977 0.244137 0.128040 -0.278400 -0.005922 0.128705 0.052442 0.990278
1784010363.808001041 0.247414 0.127916 -0.278496 -0.005934 0.128812 0.051567 0.990310
1784010363.813870907 0.252126 0.127719 -0.278595 -0.005799 0.128963 0.050306 0.990356
1784010363.818286896 0.255657 0.127538 -0.278650 -0.005677 0.128873 0.049338 0.990417
1784010363.823626995 0.259936 0.127298 -0.278670 -0.005511 0.128787 0.048159 0.990487
1784010363.823626995 0.259936 0.127298 -0.278670 -0.005511 0.128787 0.048159 0.990487
1784010363.823759079 0.260043 0.127295 -0.278669 -0.005508 0.128785 0.048129 0.990489
1784010363.828195095 0.263631 0.127145 -0.278636 -0.005289 0.128943 0.047155 0.990516
1784010363.833776951 0.268141 0.126933 -0.278570 -0.005039 0.129044 0.045888 0.990564
1784010363.838104963 0.271623 0.126742 -0.278523 -0.004923 0.128936 0.044869 0.990625
1784010363.843780041 0.276199 0.126467 -0.278466 -0.004788 0.128817 0.043519 0.990701
1784010363.848089933 0.279683 0.126223 -0.278435 -0.004612 0.128857 0.042495 0.990742
1784010363.853950024 0.284419 0.125870 -0.278431 -0.004430 0.128880 0.041046 0.990800
1784010363.857831955 0.287545 0.125607 -0.278459 -0.004376 0.128769 0.040051 0.990856
1784010363.863787889 0.292363 0.125181 -0.278523 -0.004257 0.128726 0.038495 0.990924
1784010363.868268013 0.295997 0.124822 -0.278587 -0.004130 0.128884 0.037311 0.990949
1784010363.873656988 0.300363 0.124366 -0.278686 -0.004023 0.129002 0.035838 0.990988
1784010363.878038883 0.303900 0.123968 -0.278777 -0.004021 0.128925 0.034596 0.991042
1784010363.883786917 0.308548 0.123421 -0.278873 -0.004022 0.128873 0.032952 0.991105
1784010363.887968063 0.311931 0.122986 -0.278913 -0.003844 0.128953 0.031772 0.991134
1784010363.893754959 0.316603 0.122364 -0.278930 -0.003484 0.128997 0.030161 0.991180
1784010363.897926092 0.319955 0.121891 -0.278921 -0.003246 0.128938 0.029000 0.991223
1784010363.903755903 0.324652 0.121216 -0.278869 -0.002945 0.128919 0.027373 0.991273
1784010363.907888889 0.327987 0.120709 -0.278815 -0.002669 0.129102 0.026235 0.991281
1784010363.913836002 0.332781 0.119969 -0.278731 -0.002254 0.129369 0.024601 0.991289
1784010363.917831898 0.335985 0.119450 -0.278686 -0.002072 0.129403 0.023471 0.991312
1784010363.923711061 0.340698 0.118686 -0.278634 -0.001944 0.129322 0.021800 0.991361
1784010363.923711061 0.340698 0.118686 -0.278634 -0.001944 0.129322 0.021800 0.991361
1784010363.923850060 0.340811 0.118670 -0.278632 -0.001941 0.129320 0.021759 0.991362
1784010363.928426981 0.344512 0.118139 -0.278596 -0.001802 0.129359 0.020433 0.991386
1784010363.933774948 0.348836 0.117503 -0.278569 -0.001561 0.129485 0.018882 0.991400
1784010363.937822104 0.352098 0.117002 -0.278559 -0.001392 0.129505 0.017703 0.991420
1784010363.943797112 0.356909 0.116259 -0.278548 -0.001152 0.129400 0.015963 0.991463
1784010363.948422909 0.360629 0.115658 -0.278538 -0.000941 0.129340 0.014630 0.991492
1784010363.953531981 0.364726 0.114980 -0.278530 -0.000701 0.129301 0.013151 0.991518
1784010363.957954884 0.368250 0.114376 -0.278525 -0.000579 0.129163 0.011847 0.991552
1784010363.963810921 0.372907 0.113571 -0.278519 -0.000500 0.128906 0.010115 0.991605
1784010363.968125105 0.376334 0.112957 -0.278510 -0.000414 0.128865 0.008861 0.991622
1784010363.973820925 0.380864 0.112142 -0.278490 -0.000242 0.128908 0.007234 0.991630
1784010363.978050947 0.384229 0.111522 -0.278477 -0.000098 0.128875 0.006049 0.991642
1784010363.983697891 0.388737 0.110694 -0.278463 0.000064 0.128893 0.004483 0.991648
1784010363.988131046 0.392271 0.110019 -0.278457 0.000276 0.129011 0.003261 0.991638
1784010363.993771076 0.396751 0.109143 -0.278472 0.000744 0.128979 0.001717 0.991646
1784010363.997968912 0.400079 0.108479 -0.278505 0.001021 0.128882 0.000578 0.991659
1784010364.003760099 0.404700 0.107580 -0.278558 0.001210 0.129113 -0.000970 0.991629
1784010364.008049965 0.408128 0.106905 -0.278604 0.001448 0.129420 -0.002057 0.991587
1784010364.013778925 0.412684 0.106028 -0.278682 0.001741 0.129488 -0.003486 0.991573
1784010364.017846107 0.415901 0.105415 -0.278742 0.001931 0.129384 -0.004451 0.991583
1784010364.023569107 0.420448 0.104601 -0.278798 0.002157 0.129464 -0.005706 0.991565
1784010364.023569107 0.420448 0.104601 -0.278798 0.002157 0.129464 -0.005706 0.991565
1784010364.023827076 0.420656 0.104570 -0.278799 0.002168 0.129469 -0.005762 0.991564
1784010364.027882099 0.423920 0.104096 -0.278804 0.002368 0.129610 -0.006553 0.991541
1784010364.033791065 0.428665 0.103465 -0.278793 0.002820 0.129593 -0.007554 0.991534
1784010364.038311958 0.432278 0.103017 -0.278777 0.003083 0.129540 -0.008244 0.991535
1784010364.043817997 0.436694 0.102532 -0.278740 0.003297 0.129630 -0.008957 0.991517
1784010364.048136950 0.440156 0.102179 -0.278704 0.003464 0.129754 -0.009430 0.991495
1784010364.053718090 0.444621 0.101780 -0.278662 0.003541 0.129771 -0.009979 0.991487
1784010364.058078051 0.448095 0.101497 -0.278640 0.003448 0.129700 -0.010363 0.991493
1784010364.063764095 0.452639 0.101174 -0.278604 0.003262 0.129711 -0.010824 0.991487
1784010364.067877054 0.455923 0.100950 -0.278578 0.003162 0.129802 -0.011108 0.991473
1784010364.073756933 0.460614 0.100662 -0.278544 0.003070 0.129792 -0.011463 0.991470
1784010364.078181982 0.464129 0.100450 -0.278528 0.002987 0.129692 -0.011723 0.991481
1784010364.083939075 0.468716 0.100193 -0.278501 0.002913 0.129649 -0.012027 0.991483
1784010364.088085890 0.472015 0.100003 -0.278479 0.002950 0.129673 -0.012207 0.991477
1784010364.093936920 0.476664 0.099752 -0.278453 0.003007 0.129556 -0.012430 0.991490
1784010364.097928047 0.479822 0.099574 -0.278444 0.003008 0.129399 -0.012570 0.991508
1784010364.103782892 0.484472 0.099332 -0.278419 0.003092 0.129322 -0.012714 0.991516
1784010364.108127117 0.487920 0.099143 -0.278395 0.003241 0.129386 -0.012764 0.991507
1784010364.113744974 0.492369 0.098906 -0.278360 0.003556 0.129375 -0.012773 0.991507
1784010364.118211031 0.495895 0.098710 -0.278333 0.003851 0.129325 -0.012752 0.991513
1784010364.123713017 0.500255 0.098481 -0.278285 0.004211 0.129486 -0.012684 0.991491
1784010364.123713017 0.500255 0.098481 -0.278285 0.004211 0.129486 -0.012684 0.991491
1784010364.123719931 0.500261 0.098482 -0.278285 0.004211 0.129486 -0.012684 0.991491
1784010364.127975941 0.503650 0.098393 -0.278236 0.004397 0.129693 -0.012618 0.991464
1784010364.133761883 0.508243 0.098298 -0.278174 0.004434 0.129645 -0.012554 0.991471
1784010364.138396025 0.511915 0.098221 -0.278124 0.004381 0.129484 -0.012501 0.991493
1784010364.143639088 0.516082 0.098141 -0.278049 0.004244 0.129532 -0.012465 0.991488
1784010364.148015022 0.519552 0.098071 -0.277983 0.004089 0.129565 -0.012454 0.991484
1784010364.153723001 0.524057 0.097998 -0.277916 0.003811 0.129167 -0.012472 0.991537
1784010364.158056021 0.527475 0.097940 -0.277881 0.003582 0.128866 -0.012493 0.991577
1784010364.163508892 0.531803 0.097873 -0.277846 0.003434 0.128881 -0.012473 0.991576
1784010364.167767048 0.535184 0.097813 -0.277845 0.003368 0.128943 -0.012451 0.991568
1784010364.173769951 0.539944 0.097744 -0.277899 0.003123 0.128746 -0.012469 0.991594
1784010364.178066015 0.543348 0.097682 -0.277961 0.002964 0.128655 -0.012475 0.991606
1784010364.183806896 0.547914 0.097598 -0.278034 0.002889 0.128816 -0.012458 0.991586
1784010364.187880993 0.551146 0.097524 -0.278080 0.002852 0.128850 -0.012441 0.991582
1784010364.193773985 0.555816 0.097426 -0.278118 0.002799 0.128622 -0.012420 0.991612
1784010364.198126078 0.559271 0.097341 -0.278109 0.002798 0.128600 -0.012386 0.991615
1784010364.203612089 0.563644 0.097232 -0.278054 0.002836 0.128842 -0.012325 0.991584
1784010364.208050966 0.567170 0.097128 -0.277997 0.002886 0.128898 -0.012297 0.991577
1784010364.213821888 0.571746 0.096996 -0.277935 0.002784 0.128737 -0.012332 0.991598
1784010364.218262911 0.575275 0.096877 -0.277899 0.002707 0.128769 -0.012359 0.991594
1784010364.223745108 0.579648 0.096720 -0.277873 0.002774 0.128959 -0.012374 0.991569
1784010364.223745108 0.579648 0.096720 -0.277873 0.002774 0.128959 -0.012374 0.991569
1784010364.223839998 0.579725 0.096719 -0.277873 0.002775 0.128962 -0.012374 0.991568
1784010364.228349924 0.583356 0.096667 -0.277862 0.002841 0.129025 -0.012402 0.991560
1784010364.233997107 0.587904 0.096602 -0.277888 0.002908 0.129035 -0.012464 0.991557
1784010364.237940073 0.591082 0.096541 -0.277922 0.003050 0.129172 -0.012489 0.991539
1784010364.243782997 0.595804 0.096459 -0.277981 0.003259 0.129455 -0.012514 0.991501
1784010364.248004913 0.599204 0.096390 -0.278039 0.003318 0.129455 -0.012559 0.991500
1784010364.253736973 0.603817 0.096307 -0.278116 0.003329 0.129269 -0.012641 0.991523
1784010364.257929087 0.607188 0.096238 -0.278162 0.003294 0.129193 -0.012684 0.991533
1784010364.263812065 0.611923 0.096148 -0.278191 0.003259 0.129042 -0.012738 0.991552
1784010364.268068075 0.615331 0.096071 -0.278192 0.003280 0.128780 -0.012761 0.991586
1784010364.273761034 0.619894 0.095974 -0.278158 0.003320 0.128441 -0.012764 0.991629
1784010364.277808905 0.623140 0.095894 -0.278113 0.003396 0.128395 -0.012738 0.991636
1784010364.283746958 0.627913 0.095781 -0.278023 0.003585 0.128506 -0.012661 0.991621
1784010364.288134098 0.631431 0.095683 -0.277956 0.003731 0.128602 -0.012596 0.991609
1784010364.293535948 0.635766 0.095566 -0.277872 0.003846 0.128734 -0.012520 0.991593
1784010364.297971964 0.639330 0.095458 -0.277808 0.003931 0.128926 -0.012448 0.991568
1784010364.303553104 0.643813 0.095323 -0.277734 0.004065 0.129139 -0.012375 0.991541
1784010364.307791948 0.647202 0.095209 -0.277694 0.004133 0.129175 -0.012346 0.991536
1784010364.313765049 0.651979 0.095054 -0.277647 0.004171 0.129125 -0.012337 0.991543
1784010364.318288088 0.655598 0.094920 -0.277617 0.004226 0.129144 -0.012344 0.991540
1784010364.323414087 0.659698 0.094764 -0.277581 0.004329 0.129168 -0.012349 0.991536
1784010364.323414087 0.659698 0.094764 -0.277581 0.004329 0.129168 -0.012349 0.991536
1784010364.323721886 0.659945 0.094760 -0.277578 0.004336 0.129170 -0.012348 0.991536
1784010364.328480959 0.663761 0.094704 -0.277527 0.004401 0.129021 -0.012355 0.991555
1784010364.333776951 0.667999 0.094647 -0.277473 0.004366 0.128678 -0.012388 0.991599
1784010364.337794065 0.671217 0.094597 -0.277423 0.004351 0.128526 -0.012405 0.991619
1784010364.343813896 0.676042 0.094532 -0.277326 0.004374 0.128479 -0.012412 0.991625
1784010364.347877026 0.679280 0.094479 -0.277261 0.004347 0.128282 -0.012428 0.991650
1784010364.353737116 0.683954 0.094424 -0.277166 0.004086 0.127828 -0.012471 0.991710
1784010364.358253956 0.687566 0.094373 -0.277085 0.003897 0.127740 -0.012493 0.991721
1784010364.363775969 0.691979 0.094307 -0.276980 0.003863 0.127797 -0.012484 0.991714
1784010364.367957115 0.695305 0.094250 -0.276919 0.003810 0.127614 -0.012486 0.991738
1784010364.373738050 0.699925 0.094178 -0.276846 0.003701 0.127433 -0.012487 0.991762
1784010364.377906084 0.703271 0.094107 -0.276794 0.003774 0.127662 -0.012443 0.991733
1784010364.383728981 0.707934 0.094006 -0.276741 0.004006 0.127958 -0.012364 0.991694
1784010364.388216019 0.711506 0.093916 -0.276736 0.004032 0.127820 -0.012352 0.991712
1784010364.393765926 0.715942 0.093802 -0.276741 0.004030 0.127798 -0.012336 0.991715
1784010364.397885084 0.719243 0.093699 -0.276743 0.004036 0.128064 -0.012328 0.991681
1784010364.403748989 0.723916 0.093554 -0.276757 0.004123 0.128095 -0.012335 0.991677
1784010364.408035994 0.727312 0.093436 -0.276784 0.004109 0.127778 -0.012378 0.991717
1784010364.413441896 0.731621 0.093293 -0.276793 0.004036 0.127773 -0.012418 0.991718
1784010364.417893887 0.735178 0.093162 -0.276775 0.004116 0.128073 -0.012414 0.991679
1784010364.423580170 0.739693 0.092994 -0.276745 0.004367 0.128041 -0.012380 0.991682
1784010364.423580170 0.739693 0.092994 -0.276745 0.004367 0.128041 -0.012380 0.991682
1784010364.423736095 0.739817 0.092992 -0.276743 0.004373 0.128041 -0.012379 0.991682
1784010364.427758932 0.743032 0.092941 -0.276708 0.004507 0.127857 -0.012378 0.991705
1784010364.433727980 0.747838 0.092880 -0.276625 0.004628 0.128099 -0.012346 0.991674
1784010364.438254118 0.751483 0.092825 -0.276552 0.004692 0.128450 -0.012307 0.991629
1784010364.443568945 0.755734 0.092767 -0.276482 0.004612 0.128371 -0.012314 0.991639
1784010364.447902918 0.759189 0.092716 -0.276432 0.004450 0.128146 -0.012340 0.991669
1784010364.453775883 0.763904 0.092653 -0.276341 0.004269 0.128332 -0.012352 0.991645
1784010364.458071947 0.767350 0.092594 -0.276271 0.004166 0.128544 -0.012363 0.991618
1784010364.463721037 0.771856 0.092525 -0.276203 0.004009 0.128289 -0.012397 0.991651
1784010364.468143940 0.775375 0.092461 -0.276160 0.003909 0.128061 -0.012423 0.991681
1784010364.473763943 0.779878 0.092382 -0.276092 0.003823 0.128309 -0.012433 0.991649
1784010364.477768898 0.783080 0.092311 -0.276046 0.003845 0.128438 -0.012416 0.991632
1784010364.483710051 0.787811 0.092218 -0.275996 0.003831 0.128104 -0.012413 0.991676
1784010364.487876892 0.791124 0.092139 -0.275965 0.003769 0.127943 -0.012409 0.991697
1784010364.493700027 0.795780 0.092021 -0.275897 0.003836 0.128183 -0.012362 0.991666
1784010364.498033047 0.799233 0.091909 -0.275842 0.004021 0.128303 -0.012289 0.991651
1784010364.503910065 0.803906 0.091753 -0.275775 0.004302 0.128145 -0.012194 0.991671
1784010364.508024931 0.807181 0.091622 -0.275726 0.004524 0.128211 -0.012119 0.991663
1784010364.513580084 0.811617 0.091442 -0.275647 0.004809 0.128647 -0.012007 0.991606
1784010364.517772913 0.814945 0.091294 -0.275597 0.004968 0.128761 -0.011938 0.991591
1784010364.523615122 0.819576 0.091103 -0.275538 0.004927 0.128507 -0.011913 0.991625
1784010364.523615122 0.819576 0.091103 -0.275538 0.004927 0.128507 -0.011913 0.991625
1784010364.523741961 0.819678 0.091102 -0.275536 0.004926 0.128501 -0.011912 0.991626
1784010364.527941942 0.823046 0.091041 -0.275474 0.004779 0.128493 -0.011897 0.991627
1784010364.533770084 0.827724 0.090966 -0.275368 0.004579 0.128698 -0.011890 0.991602
1784010364.538140059 0.831206 0.090904 -0.275294 0.004396 0.128548 -0.011898 0.991622
1784010364.543714046 0.835641 0.090841 -0.275217 0.004091 0.128009 -0.011939 0.991693
1784010364.547866106 0.838960 0.090792 -0.275162 0.003918 0.127943 -0.011946 0.991702
1784010364.553776026 0.843702 0.090736 -0.275105 0.003761 0.128224 -0.011907 0.991667
1784010364.557987928 0.847063 0.090691 -0.275103 0.003649 0.128192 -0.011880 0.991671
1784010364.563708067 0.851632 0.090644 -0.275138 0.003393 0.127953 -0.011869 0.991703
1784010364.567941904 0.855027 0.090599 -0.275166 0.003240 0.128109 -0.011837 0.991684
1784010364.573757887 0.859694 0.090539 -0.275192 0.003151 0.128459 -0.011765 0.991640
1784010364.577908039 0.863000 0.090482 -0.275205 0.003129 0.128411 -0.011707 0.991647
1784010364.583703041 0.867613 0.090407 -0.275181 0.003135 0.128235 -0.011627 0.991671
1784010364.587856054 0.870928 0.090340 -0.275126 0.003138 0.128379 -0.011565 0.991653
1784010364.593787909 0.875667 0.090252 -0.275019 0.003128 0.128680 -0.011480 0.991615
1784010364.598164082 0.879140 0.090173 -0.274943 0.003132 0.128629 -0.011441 0.991622
1784010364.603637934 0.883485 0.090076 -0.274859 0.003041 0.128501 -0.011413 0.991639
1784010364.607949018 0.886917 0.089987 -0.274806 0.002979 0.128566 -0.011385 0.991631
1784010364.613781929 0.891566 0.089871 -0.274775 0.002959 0.128725 -0.011341 0.991611
1784010364.617938042 0.894866 0.089777 -0.274792 0.002957 0.128712 -0.011320 0.991613
1784010364.623599052 0.899375 0.089654 -0.274844 0.003007 0.128809 -0.011281 0.991601
1784010364.623599052 0.899375 0.089654 -0.274844 0.003007 0.128809 -0.011281 0.991601
1784010364.623712063 0.899467 0.089654 -0.274844 0.003006 0.128811 -0.011281 0.991600
1784010364.627929926 0.902870 0.089629 -0.274882 0.003059 0.129071 -0.011237 0.991567
1784010364.633745909 0.907556 0.089606 -0.274949 0.003088 0.129282 -0.011176 0.991540
1784010364.637933016 0.910910 0.089580 -0.275006 0.003065 0.129162 -0.011147 0.991556
1784010364.643723011 0.915556 0.089553 -0.275066 0.002953 0.128947 -0.011101 0.991585
1784010364.647878885 0.918897 0.089519 -0.275084 0.002865 0.128927 -0.011066 0.991588
1784010364.653736115 0.923589 0.089477 -0.275077 0.002829 0.128785 -0.010992 0.991608
1784010364.657943964 0.926941 0.089434 -0.275055 0.002806 0.128465 -0.010923 0.991650
1784010364.663950920 0.931748 0.089379 -0.274984 0.002758 0.128304 -0.010821 0.991672
1784010364.667871952 0.934895 0.089327 -0.274913 0.002800 0.128491 -0.010727 0.991649
1784010364.673711061 0.939574 0.089255 -0.274799 0.002975 0.128789 -0.010557 0.991611
1784010364.678164005 0.943131 0.089189 -0.274717 0.003041 0.128848 -0.010447 0.991605
1784010364.683559895 0.947460 0.089110 -0.274614 0.003040 0.129128 -0.010315 0.991570
1784010364.687798023 0.950859 0.089036 -0.274537 0.003065 0.129434 -0.010213 0.991531
1784010364.693701029 0.955565 0.088939 -0.274458 0.003106 0.129474 -0.010092 0.991527
1784010364.698014975 0.958987 0.088859 -0.274423 0.003020 0.129317 -0.010041 0.991548
1784010364.703728914 0.963544 0.088758 -0.274376 0.002861 0.129385 -0.009993 0.991540
1784010364.707906961 0.966879 0.088669 -0.274339 0.002844 0.129542 -0.009944 0.991520
1784010364.713685036 0.971461 0.088549 -0.274300 0.002912 0.129373 -0.009865 0.991543
1784010364.718096972 0.974943 0.088451 -0.274278 0.002872 0.129033 -0.009829 0.991587
1784010364.723659992 0.979357 0.088338 -0.274234 0.002733 0.128879 -0.009789 0.991608
1784010364.723659992 0.979357 0.088338 -0.274234 0.002733 0.128879 -0.009789 0.991608
1784010364.723721027 0.979408 0.088339 -0.274232 0.002732 0.128876 -0.009788 0.991609
1784010364.727994919 0.982877 0.088334 -0.274164 0.002714 0.128888 -0.009709 0.991608
1784010364.733786106 0.987564 0.088341 -0.274075 0.002701 0.128616 -0.009599 0.991644
1784010364.738190889 0.991110 0.088348 -0.274019 0.002470 0.128269 -0.009555 0.991690
1784010364.743752956 0.995620 0.088366 -0.273929 0.002111 0.128178 -0.009492 0.991704
1784010364.747946024 0.999014 0.088362 -0.273852 0.002079 0.128267 -0.009402 0.991693
1784010364.753803015 1.003753 0.088366 -0.273759 0.002090 0.128122 -0.009271 0.991713
1784010364.758148909 1.007257 0.088361 -0.273709 0.001992 0.128006 -0.009198 0.991729
1784010364.763849974 1.011890 0.088352 -0.273635 0.002016 0.128218 -0.009054 0.991703
1784010364.767754078 1.015052 0.088326 -0.273592 0.002155 0.128441 -0.008929 0.991675
1784010364.773732901 1.019897 0.088296 -0.273557 0.002251 0.128386 -0.008785 0.991683
1784010364.777884960 1.023245 0.088265 -0.273557 0.002187 0.128320 -0.008710 0.991692
1784010364.783519030 1.027815 0.088225 -0.273558 0.002086 0.128472 -0.008598 0.991674
1784010364.787976980 1.031417 0.088179 -0.273568 0.002117 0.128546 -0.008499 0.991665
1784010364.793916941 1.036216 0.088128 -0.273591 0.002106 0.128365 -0.008390 0.991689
1784010364.797902107 1.039423 0.088087 -0.273608 0.002025 0.128332 -0.008327 0.991694
1784010364.803781033 1.044189 0.088035 -0.273594 0.002056 0.128546 -0.008184 0.991668
1784010364.807967901 1.047562 0.087982 -0.273570 0.002244 0.128639 -0.008044 0.991656
1784010364.813770056 1.052240 0.087926 -0.273525 0.002425 0.128522 -0.007855 0.991673
1784010364.818030119 1.055667 0.087880 -0.273485 0.002415 0.128550 -0.007726 0.991670
1784010364.823391199 1.059995 0.087830 -0.273415 0.002398 0.128743 -0.007548 0.991646
1784010364.823391199 1.059995 0.087830 -0.273415 0.002398 0.128743 -0.007548 0.991646
1784010364.823755026 1.060288 0.087832 -0.273410 0.002396 0.128759 -0.007538 0.991644
1784010364.828260899 1.063902 0.087872 -0.273360 0.002345 0.128793 -0.007436 0.991641
1784010364.833719015 1.068272 0.087932 -0.273306 0.002111 0.128589 -0.007346 0.991669
1784010364.838176012 1.071849 0.087974 -0.273259 0.001924 0.128577 -0.007259 0.991671
1784010364.843708038 1.076300 0.088029 -0.273201 0.001781 0.128764 -0.007137 0.991648
1784010364.847990990 1.079735 0.088061 -0.273167 0.001733 0.128731 -0.007047 0.991653
1784010364.853662968 1.084293 0.088110 -0.273133 0.001617 0.128527 -0.006937 0.991680
1784010364.857824087 1.087642 0.088137 -0.273117 0.001534 0.128379 -0.006854 0.991700
1784010364.863697052 1.092370 0.088177 -0.273104 0.001513 0.128576 -0.006706 0.991676
1784010364.868146896 1.095929 0.088192 -0.273105 0.001565 0.128482 -0.006581 0.991689
1784010364.873783112 1.100439 0.088216 -0.273107 0.001499 0.128270 -0.006451 0.991717
1784010364.877866983 1.103717 0.088224 -0.273103 0.001452 0.128118 -0.006355 0.991738
1784010364.883737087 1.108433 0.088233 -0.273090 0.001768 0.128381 -0.006140 0.991704
1784010364.888005018 1.111844 0.088210 -0.273079 0.001999 0.128574 -0.005981 0.991680
1784010364.893724918 1.116425 0.088177 -0.273053 0.002262 0.128538 -0.005794 0.991685
1784010364.897826910 1.119719 0.088141 -0.273024 0.002452 0.128514 -0.005657 0.991689
1784010364.903676987 1.124416 0.088092 -0.272981 0.002585 0.128651 -0.005489 0.991671
1784010364.907980919 1.127845 0.088038 -0.272958 0.002683 0.128753 -0.005363 0.991659
1784010364.913773060 1.132466 0.087975 -0.272921 0.002452 0.128594 -0.005291 0.991680
1784010364.917960882 1.135818 0.087927 -0.272883 0.002287 0.128481 -0.005236 0.991696
1784010364.923465967 1.140223 0.087873 -0.272839 0.002162 0.128367 -0.005164 0.991711
1784010364.923465967 1.140223 0.087873 -0.272839 0.002162 0.128367 -0.005164 0.991711
1784010364.923744917 1.140449 0.087875 -0.272838 0.002156 0.128360 -0.005159 0.991712
1784010364.928025007 1.143914 0.087900 -0.272816 0.002059 0.128250 -0.005089 0.991727
1784010364.933729887 1.148545 0.087948 -0.272806 0.001834 0.128072 -0.005013 0.991750
1784010364.938286066 1.152263 0.087990 -0.272813 0.001655 0.127935 -0.004952 0.991769
1784010364.943711042 1.156696 0.088051 -0.272852 0.001479 0.128005 -0.004864 0.991760
1784010364.948235989 1.160371 0.088095 -0.272922 0.001333 0.128067 -0.004791 0.991753
1784010364.953556061 1.164700 0.088153 -0.273019 0.001087 0.128044 -0.004721 0.991757
1784010364.957959890 1.168299 0.088200 -0.273090 0.000883 0.128029 -0.004664 0.991759
1784010364.963716984 1.173001 0.088268 -0.273159 0.000945 0.128048 -0.004510 0.991757
1784010364.967849970 1.176344 0.088300 -0.273183 0.000991 0.128069 -0.004401 0.991755
1784010364.973766088 1.181135 0.088354 -0.273174 0.000992 0.127997 -0.004277 0.991765
1784010364.978121042 1.184668 0.088382 -0.273130 0.000994 0.127951 -0.004185 0.991771
1784010364.983616114 1.189126 0.088426 -0.273063 0.001034 0.128067 -0.004055 0.991757
1784010364.987891912 1.192567 0.088456 -0.273021 0.001066 0.128162 -0.003953 0.991745
1784010364.993690968 1.197245 0.088499 -0.272978 0.000963 0.128081 -0.003874 0.991756
1784010364.997992992 1.200727 0.088512 -0.272954 0.000887 0.128027 -0.003816 0.991763
1784010365.003887892 1.205504 0.088535 -0.272959 0.000894 0.128128 -0.003732 0.991750
1784010365.007915974 1.208744 0.088543 -0.272999 0.000900 0.128204 -0.003674 0.991741
1784010365.013751984 1.213455 0.088566 -0.273077 0.000970 0.128337 -0.003583 0.991724
1784010365.017945051 1.216849 0.088573 -0.273131 0.001022 0.128439 -0.003518 0.991711
1784010365.023604155 1.221438 0.088589 -0.273206 0.001096 0.128713 -0.003412 0.991675
1784010365.023604155 1.221438 0.088589 -0.273206 0.001096 0.128713 -0.003412 0.991675
1784010365.023694038 1.221513 0.088591 -0.273207 0.001096 0.128717 -0.003411 0.991675
1784010365.028093100 1.225145 0.088671 -0.273270 0.001088 0.128591 -0.003345 0.991691
1784010365.033744097 1.229813 0.088780 -0.273327 0.000936 0.128445 -0.003269 0.991711
1784010365.038328886 1.233603 0.088856 -0.273332 0.000817 0.128330 -0.003208 0.991726
1784010365.043699026 1.238039 0.088943 -0.273303 0.000837 0.128311 -0.003088 0.991729
1784010365.047754049 1.241361 0.089000 -0.273275 0.000826 0.127997 -0.002999 0.991770
1784010365.053705931 1.246272 0.089094 -0.273201 0.000743 0.127580 -0.002879 0.991824
1784010365.058125019 1.249935 0.089148 -0.273112 0.000791 0.127806 -0.002753 0.991795
1784010365.063883066 1.254717 0.089214 -0.272979 0.001045 0.128312 -0.002534 0.991730
1784010365.067766905 1.257912 0.089248 -0.272899 0.001146 0.128334 -0.002413 0.991727
1784010365.073718071 1.262841 0.089313 -0.272777 0.001131 0.128334 -0.002247 0.991728
1784010365.078191042 1.266549 0.089347 -0.272681 0.001106 0.128648 -0.002127 0.991687
1784010365.083655119 1.271065 0.089386 -0.272579 0.001187 0.128865 -0.001987 0.991659
1784010365.088005066 1.274628 0.089408 -0.272524 0.001160 0.128605 -0.001920 0.991693
1784010365.093554974 1.279201 0.089443 -0.272457 0.001022 0.128429 -0.001860 0.991716
1784010365.098005056 1.282871 0.089458 -0.272395 0.001047 0.128615 -0.001798 0.991692
1784010365.103549957 1.287418 0.089473 -0.272330 0.001172 0.128553 -0.001710 0.991700
1784010365.107851028 1.290914 0.089479 -0.272294 0.001153 0.128063 -0.001690 0.991764
1784010365.113709927 1.295725 0.089504 -0.272222 0.000968 0.127715 -0.001651 0.991809
1784010365.117820978 1.299106 0.089511 -0.272151 0.000860 0.127822 -0.001610 0.991795
1784010365.123241186 1.303543 0.089527 -0.272065 0.000795 0.127654 -0.001558 0.991817
1784010365.123241186 1.303543 0.089527 -0.272065 0.000795 0.127654 -0.001558 0.991817
1784010365.123788118 1.303994 0.089537 -0.272058 0.000793 0.127642 -0.001553 0.991819
1784010365.127835035 1.307346 0.089618 -0.272007 0.000615 0.127219 -0.001553 0.991873
1784010365.133743048 1.312291 0.089749 -0.271903 0.000375 0.127077 -0.001529 0.991892
1784010365.138456106 1.316247 0.089836 -0.271797 0.000416 0.127404 -0.001449 0.991850
1784010365.143562078 1.320514 0.089927 -0.271703 0.000544 0.127441 -0.001359 0.991845
1784010365.147795916 1.324033 0.089998 -0.271650 0.000503 0.127213 -0.001318 0.991874
1784010365.153752089 1.329024 0.090092 -0.271570 0.000572 0.127340 -0.001238 0.991858
1784010365.158046961 1.332620 0.090135 -0.271516 0.000803 0.127676 -0.001130 0.991815
1784010365.163767099 1.337398 0.090205 -0.271490 0.000905 0.127713 -0.001055 0.991810
1784010365.168086052 1.340983 0.090250 -0.271501 0.000831 0.127579 -0.001037 0.991828
1784010365.173300028 1.345332 0.090296 -0.271507 0.000855 0.127697 -0.000996 0.991812
1784010365.178076029 1.349318 0.090327 -0.271511 0.000956 0.127933 -0.000956 0.991782
1784010365.183681011 1.353983 0.090371 -0.271525 0.000988 0.127877 -0.000941 0.991789
1784010365.188020945 1.357576 0.090401 -0.271536 0.000994 0.127765 -0.000926 0.991804
1784010365.193682909 1.362293 0.090444 -0.271521 0.001093 0.127951 -0.000871 0.991780
1784010365.198060989 1.365932 0.090466 -0.271491 0.001340 0.128178 -0.000781 0.991750
1784010365.203701973 1.370613 0.090513 -0.271448 0.001534 0.128181 -0.000684 0.991749
1784010365.207921028 1.374101 0.090549 -0.271412 0.001478 0.128144 -0.000624 0.991754
1784010365.213855028 1.379026 0.090609 -0.271327 0.001464 0.128311 -0.000525 0.991733
1784010365.217942953 1.382397 0.090639 -0.271260 0.001449 0.128374 -0.000463 0.991725
1784010365.223555088 1.387026 0.090699 -0.271171 0.001280 0.128120 -0.000399 0.991758
1784010365.223555088 1.387026 0.090699 -0.271171 0.001280 0.128120 -0.000399 0.991758
1784010365.223696947 1.387147 0.090703 -0.271168 0.001275 0.128113 -0.000397 0.991759
1784010365.227988005 1.390795 0.090827 -0.271076 0.001080 0.128001 -0.000348 0.991773
1784010365.233696938 1.395675 0.090996 -0.270945 0.000954 0.128195 -0.000260 0.991748
1784010365.237930059 1.399268 0.091110 -0.270867 0.000923 0.128194 -0.000181 0.991749
1784010365.243721008 1.404193 0.091277 -0.270788 0.000781 0.127856 -0.000100 0.991792
1784010365.248096943 1.407914 0.091389 -0.270743 0.000688 0.127815 -0.000033 0.991798
1784010365.253650904 1.412659 0.091525 -0.270680 0.000715 0.128034 0.000080 0.991770
1784010365.257910013 1.416271 0.091615 -0.270648 0.000739 0.127983 0.000169 0.991776
1784010365.263453007 1.420978 0.091736 -0.270606 0.000692 0.127681 0.000258 0.991815
1784010365.268054008 1.424888 0.091816 -0.270557 0.000775 0.127694 0.000369 0.991813
1784010365.273727894 1.429730 0.091896 -0.270470 0.001071 0.127993 0.000538 0.991774
1784010365.277841091 1.433210 0.091930 -0.270412 0.001368 0.128042 0.000668 0.991768
1784010365.283735991 1.438206 0.091982 -0.270318 0.001645 0.127913 0.000831 0.991784
1784010365.287961960 1.441781 0.092005 -0.270241 0.001709 0.127995 0.000922 0.991773
1784010365.293890953 1.446826 0.092040 -0.270102 0.001824 0.128160 0.001047 0.991751
1784010365.297883987 1.450199 0.092050 -0.270009 0.001849 0.128077 0.001106 0.991762
1784010365.303693056 1.455124 0.092086 -0.269860 0.001633 0.127816 0.001142 0.991796
1784010365.307966948 1.458736 0.092105 -0.269750 0.001445 0.127709 0.001163 0.991810
1784010365.313715935 1.463609 0.092139 -0.269607 0.001307 0.127578 0.001189 0.991827
1784010365.317935944 1.467164 0.092159 -0.269530 0.001215 0.127365 0.001216 0.991854
1784010365.323578119 1.471949 0.092203 -0.269458 0.001015 0.127117 0.001252 0.991886
1784010365.323578119 1.471949 0.092203 -0.269458 0.001015 0.127117 0.001252 0.991886
1784010365.323704958 1.472059 0.092207 -0.269457 0.001011 0.127110 0.001253 0.991887
1784010365.328188896 1.475935 0.092317 -0.269432 0.000893 0.127128 0.001309 0.991885
1784010365.333688974 1.480692 0.092460 -0.269445 0.000760 0.127213 0.001375 0.991874
1784010365.338284969 1.484650 0.092579 -0.269490 0.000585 0.127091 0.001420 0.991890
1784010365.343311071 1.488993 0.092709 -0.269539 0.000411 0.126983 0.001475 0.991904
1784010365.347980976 1.493038 0.092818 -0.269559 0.000392 0.127144 0.001560 0.991883
1784010365.353671074 1.497952 0.092952 -0.269549 0.000518 0.127216 0.001705 0.991873
1784010365.358021021 1.501679 0.093043 -0.269520 0.000540 0.126982 0.001787 0.991903
1784010365.363768101 1.506629 0.093166 -0.269432 0.000577 0.126835 0.001904 0.991922
1784010365.367933035 1.510219 0.093242 -0.269336 0.000618 0.126993 0.001981 0.991901
1784010365.373707056 1.515210 0.093355 -0.269202 0.000648 0.126928 0.002068 0.991910
1784010365.377859116 1.518800 0.093425 -0.269123 0.000582 0.126732 0.002102 0.991935
1784010365.383692980 1.523871 0.093524 -0.269022 0.000609 0.126835 0.002166 0.991921
1784010365.387856960 1.527476 0.093581 -0.268977 0.000685 0.126974 0.002220 0.991903
1784010365.393631935 1.532484 0.093672 -0.268965 0.000714 0.126795 0.002270 0.991926
1784010365.398077965 1.536349 0.093732 -0.268976 0.000788 0.126810 0.002312 0.991924
1784010365.403548002 1.541134 0.093806 -0.268991 0.000976 0.127233 0.002406 0.991869
1784010365.407948971 1.544963 0.093861 -0.269019 0.001104 0.127360 0.002466 0.991853
1784010365.413698912 1.549931 0.093950 -0.269079 0.001071 0.126906 0.002513 0.991911
1784010365.417782068 1.553440 0.094006 -0.269119 0.000936 0.126645 0.002531 0.991944
1784010365.423619032 1.558483 0.094088 -0.269127 0.000855 0.126544 0.002576 0.991957
1784010365.423619032 1.558483 0.094088 -0.269127 0.000855 0.126544 0.002576 0.991957
1784010365.423702002 1.558557 0.094092 -0.269126 0.000855 0.126546 0.002576 0.991957
1784010365.428148985 1.562481 0.094218 -0.269102 0.000866 0.126489 0.002611 0.991964
1784010365.433716059 1.567383 0.094386 -0.269039 0.000836 0.126110 0.002674 0.992012
1784010365.438549995 1.571654 0.094522 -0.268950 0.000844 0.125867 0.002753 0.992043
1784010365.443593025 1.576156 0.094650 -0.268823 0.001036 0.126205 0.002881 0.991999
1784010365.447671890 1.579789 0.094739 -0.268714 0.001367 0.126663 0.003025 0.991940
1784010365.453716993 1.585149 0.094888 -0.268595 0.001638 0.126817 0.003207 0.991920
1784010365.457916975 1.588864 0.094987 -0.268537 0.001556 0.126795 0.003278 0.991922
1784010365.463686943 1.594014 0.095114 -0.268444 0.001593 0.127330 0.003378 0.991853
1784010365.467956066 1.597806 0.095182 -0.268376 0.001820 0.127736 0.003473 0.991800
1784010365.473692894 1.602879 0.095288 -0.268327 0.001893 0.127467 0.003520 0.991835
1784010365.478137016 1.606808 0.095366 -0.268302 0.001789 0.127190 0.003521 0.991870
1784010365.483859062 1.611904 0.095462 -0.268237 0.001903 0.127491 0.003554 0.991832
1784010365.487695932 1.615299 0.095509 -0.268187 0.002055 0.127656 0.003599 0.991810
1784010365.493673086 1.620574 0.095602 -0.268134 0.002112 0.126994 0.003588 0.991895
1784010365.498119116 1.624493 0.095668 -0.268095 0.002032 0.126601 0.003582 0.991945
1784010365.503485918 1.629248 0.095751 -0.268021 0.001911 0.126766 0.003596 0.991924
1784010365.507952929 1.633185 0.095815 -0.267964 0.001862 0.126799 0.003626 0.991920
1784010365.513680935 1.638229 0.095910 -0.267917 0.001594 0.126188 0.003598 0.991998
1784010365.517930031 1.641979 0.095970 -0.267874 0.001523 0.126102 0.003631 0.992010
1784010365.523360014 1.646795 0.096043 -0.267800 0.001651 0.126611 0.003738 0.991944
1784010365.523360014 1.646795 0.096043 -0.267800 0.001651 0.126611 0.003738 0.991944
1784010365.523678064 1.647082 0.096053 -0.267793 0.001656 0.126636 0.003746 0.991941
1784010365.527896881 1.650890 0.096184 -0.267728 0.001720 0.126669 0.003836 0.991936
1784010365.533642054 1.656088 0.096362 -0.267657 0.001711 0.126248 0.003912 0.991990
1784010365.538392067 1.660407 0.096487 -0.267592 0.001864 0.126415 0.004033 0.991967
1784010365.543679953 1.665224 0.096621 -0.267531 0.002007 0.126907 0.004170 0.991904
1784010365.547954082 1.669089 0.096723 -0.267521 0.001954 0.126822 0.004218 0.991915
1784010365.553693056 1.674285 0.096861 -0.267529 0.001816 0.126441 0.004248 0.991963
1784010365.557771921 1.677989 0.096941 -0.267524 0.001823 0.126640 0.004291 0.991938
1784010365.563673973 1.683359 0.097064 -0.267509 0.001979 0.127112 0.004383 0.991877
1784010365.568069935 1.687325 0.097148 -0.267510 0.001990 0.126927 0.004422 0.991900
1784010365.573714018 1.692433 0.097262 -0.267490 0.002062 0.126628 0.004494 0.991938
1784010365.578023911 1.696345 0.097337 -0.267445 0.002224 0.126877 0.004594 0.991905
1784010365.583679914 1.701468 0.097453 -0.267373 0.002398 0.127148 0.004736 0.991870
1784010365.588010073 1.705362 0.097544 -0.267327 0.002304 0.126844 0.004794 0.991908
1784010365.593478918 1.710310 0.097668 -0.267242 0.002150 0.126658 0.004892 0.991932
1784010365.598124027 1.714521 0.097767 -0.267137 0.002059 0.126979 0.004984 0.991891
1784010365.603668928 1.719524 0.097896 -0.267022 0.001936 0.126980 0.005100 0.991890
1784010365.607783079 1.723216 0.097985 -0.266956 0.001761 0.126573 0.005143 0.991942
1784010365.613707066 1.728586 0.098123 -0.266845 0.001605 0.126654 0.005242 0.991932
1784010365.618069887 1.732544 0.098211 -0.266760 0.001586 0.127072 0.005347 0.991878
1784010365.623491049 1.737438 0.098327 -0.266696 0.001556 0.126931 0.005475 0.991895
1784010365.623504162 1.737451 0.098329 -0.266695 0.001555 0.126929 0.005475 0.991895
1784010365.623504162 1.737451 0.098329 -0.266695 0.001555 0.126929 0.005475 0.991895
1784010365.627712965 1.741299 0.098486 -0.266665 0.001452 0.126543 0.005539 0.991945
1784010365.633719921 1.746837 0.098710 -0.266605 0.001428 0.126700 0.005664 0.991924
1784010365.637932062 1.750713 0.098849 -0.266562 0.001507 0.126964 0.005785 0.991889
1784010365.643682957 1.755986 0.099040 -0.266528 0.001534 0.126605 0.005910 0.991934
1784010365.648186922 1.760112 0.099174 -0.266503 0.001621 0.126276 0.006011 0.991976
1784010365.653501034 1.765014 0.099317 -0.266439 0.001881 0.126633 0.006194 0.991929
1784010365.657809973 1.768977 0.099414 -0.266380 0.002219 0.126973 0.006361 0.991883
1784010365.663611889 1.774299 0.099549 -0.266312 0.002476 0.126667 0.006523 0.991921
1784010365.667706013 1.778053 0.099638 -0.266254 0.002495 0.126599 0.006629 0.991929
1784010365.673698902 1.783574 0.099771 -0.266115 0.002429 0.127107 0.006762 0.991863
1784010365.678198099 1.787684 0.099855 -0.266002 0.002445 0.127154 0.006855 0.991856
1784010365.683674097 1.792675 0.099971 -0.265865 0.002220 0.126524 0.006902 0.991937
1784010365.687860966 1.796501 0.100062 -0.265750 0.001994 0.126382 0.006947 0.991955
1784010365.693701029 1.801858 0.100190 -0.265584 0.001913 0.126698 0.007062 0.991914
1784010365.697726011 1.805521 0.100268 -0.265504 0.001931 0.126545 0.007147 0.991933
1784010365.703624010 1.810906 0.100410 -0.265451 0.001662 0.125938 0.007210 0.992011
1784010365.707977057 1.814901 0.100511 -0.265444 0.001456 0.126048 0.007276 0.991996
1784010365.713814020 1.820277 0.100650 -0.265463 0.001337 0.126589 0.007402 0.991927
1784010365.717866898 1.823984 0.100738 -0.265513 0.001203 0.126558 0.007467 0.991930
1784010365.723467112 1.829121 0.100867 -0.265583 0.000958 0.126251 0.007526 0.991969
1784010365.723467112 1.829121 0.100867 -0.265583 0.000958 0.126251 0.007526 0.991969
1784010365.723789930 1.829424 0.100878 -0.265583 0.000942 0.126232 0.007530 0.991972
1784010365.727704048 1.833108 0.101019 -0.265573 0.000935 0.126411 0.007629 0.991948
1784010365.733695030 1.838758 0.101238 -0.265506 0.001091 0.126802 0.007827 0.991897
1784010365.738275051 1.843035 0.101393 -0.265441 0.001159 0.126579 0.007933 0.991924
1784010365.743208885 1.847657 0.101562 -0.265338 0.001193 0.126389 0.008042 0.991947
1784010365.747747898 1.851921 0.101714 -0.265212 0.001107 0.126729 0.008132 0.991903
1784010365.753706932 1.857507 0.101914 -0.265045 0.001115 0.126919 0.008259 0.991878
1784010365.758079052 1.861571 0.102045 -0.264958 0.001044 0.126531 0.008292 0.991927
1784010365.763708115 1.866850 0.102215 -0.264851 0.000998 0.126483 0.008355 0.991933
1784010365.768029928 1.870906 0.102334 -0.264781 0.001038 0.126902 0.008432 0.991879
1784010365.773511887 1.876041 0.102494 -0.264738 0.001063 0.127014 0.008513 0.991864
1784010365.777743101 1.879986 0.102609 -0.264743 0.001040 0.126744 0.008546 0.991898
1784010365.783678055 1.885573 0.102778 -0.264732 0.001113 0.126998 0.008637 0.991865
1784010365.788137913 1.889758 0.102899 -0.264723 0.001090 0.127349 0.008722 0.991819
1784010365.793523073 1.894800 0.103051 -0.264730 0.000914 0.126912 0.008772 0.991875
1784010365.797703028 1.898708 0.103160 -0.264736 0.000777 0.126446 0.008797 0.991934
1784010365.803771019 1.904425 0.103320 -0.264673 0.000712 0.126608 0.008888 0.991913
1784010365.807811022 1.908198 0.103414 -0.264618 0.000769 0.126696 0.009002 0.991900
1784010365.813702106 1.913708 0.103564 -0.264525 0.000713 0.126014 0.009112 0.991986
1784010365.817903996 1.917645 0.103661 -0.264439 0.000740 0.125967 0.009219 0.991991
1784010365.823645115 1.923072 0.103788 -0.264259 0.000995 0.126874 0.009465 0.991873
1784010365.823645115 1.923072 0.103788 -0.264259 0.000995 0.126874 0.009465 0.991873
1784010365.823698044 1.923123 0.103791 -0.264257 0.000997 0.126883 0.009466 0.991872
1784010365.827995062 1.927176 0.103952 -0.264146 0.001217 0.127255 0.009607 0.991823
1784010365.833656073 1.932491 0.104177 -0.264030 0.001141 0.126895 0.009696 0.991868
1784010365.838109016 1.936674 0.104345 -0.263936 0.001050 0.126947 0.009774 0.991861
1784010365.843709946 1.941955 0.104549 -0.263804 0.001046 0.127485 0.009874 0.991791
1784010365.847898006 1.945878 0.104687 -0.263728 0.001087 0.127473 0.009930 0.991792
1784010365.853668928 1.951283 0.104889 -0.263644 0.000963 0.126965 0.009936 0.991857
1784010365.857903957 1.955254 0.105027 -0.263577 0.000904 0.126983 0.009969 0.991854
1784010365.863652945 1.960649 0.105215 -0.263477 0.000988 0.127233 0.010047 0.991821
1784010365.868002892 1.964702 0.105346 -0.263422 0.001036 0.126922 0.010080 0.991861
1784010365.873584032 1.969918 0.105526 -0.263349 0.000945 0.126411 0.010101 0.991926
1784010365.877640009 1.973719 0.105653 -0.263283 0.000773 0.126504 0.010132 0.991914
1784010365.883661985 1.979352 0.105850 -0.263190 0.000578 0.126582 0.010186 0.991904
1784010365.887705088 1.983105 0.105969 -0.263150 0.000432 0.126171 0.010197 0.991956
1784010365.893639088 1.988658 0.106152 -0.263070 0.000282 0.125976 0.010229 0.991981
1784010365.898117065 1.992863 0.106276 -0.262989 0.000339 0.126393 0.010324 0.991926
1784010365.903358936 1.997771 0.106420 -0.262918 0.000452 0.126597 0.010434 0.991899
1784010365.907850027 2.001955 0.106533 -0.262885 0.000449 0.126325 0.010474 0.991933
1784010365.913676977 2.007424 0.106671 -0.262831 0.000660 0.126463 0.010592 0.991915
1784010365.917798996 2.011300 0.106755 -0.262796 0.000726 0.126918 0.010675 0.991856
1784010365.923197031 2.016356 0.106873 -0.262791 0.000670 0.127004 0.010717 0.991844
1784010365.923197031 2.016356 0.106873 -0.262791 0.000670 0.127004 0.010717 0.991844
1784010365.923645020 2.016775 0.106890 -0.262794 0.000666 0.127013 0.010724 0.991843
1784010365.927887917 2.020753 0.107057 -0.262815 0.000565 0.126816 0.010768 0.991868
1784010365.933630943 2.026172 0.107288 -0.262824 0.000460 0.127170 0.010860 0.991821
1784010365.938414097 2.030690 0.107468 -0.262821 0.000557 0.127658 0.010970 0.991757
1784010365.943733931 2.035687 0.107670 -0.262828 0.000717 0.127610 0.011096 0.991762
1784010365.947776079 2.039477 0.107820 -0.262832 0.000787 0.127469 0.011182 0.991779
1784010365.953663111 2.045027 0.108054 -0.262791 0.000939 0.127894 0.011362 0.991722
1784010365.958265066 2.049351 0.108235 -0.262743 0.000993 0.128231 0.011517 0.991677
1784010365.963365078 2.054119 0.108444 -0.262695 0.000889 0.127990 0.011637 0.991707
1784010365.967864990 2.058330 0.108626 -0.262637 0.000791 0.127859 0.011756 0.991722
1784010365.973644018 2.063756 0.108872 -0.262523 0.000645 0.128285 0.011930 0.991665
1784010365.978207111 2.068021 0.109061 -0.262440 0.000554 0.128408 0.012070 0.991648
1784010365.983477116 2.072943 0.109286 -0.262367 0.000403 0.128087 0.012194 0.991688
1784010365.987839937 2.077037 0.109465 -0.262309 0.000314 0.128229 0.012312 0.991668
1784010365.993680954 2.082524 0.109708 -0.262235 0.000271 0.128828 0.012508 0.991588
1784010365.997806072 2.086372 0.109864 -0.262215 0.000261 0.128773 0.012628 0.991594
1784010366.003658056 2.091842 0.110091 -0.262209 0.000156 0.128365 0.012758 0.991645
1784010366.007834911 2.095768 0.110236 -0.262198 0.000163 0.128532 0.012878 0.991622
1784010366.013806105 2.101391 0.110443 -0.262178 0.000267 0.128989 0.013092 0.991560
1784010366.017883062 2.105208 0.110565 -0.262183 0.000354 0.128802 0.013217 0.991582
1784010366.023292065 2.110290 0.110720 -0.262182 0.000594 0.128587 0.013391 0.991608
1784010366.023292065 2.110290 0.110720 -0.262182 0.000594 0.128587 0.013391 0.991608
1784010366.023647070 2.110623 0.110735 -0.262179 0.000607 0.128570 0.013402 0.991610
1784010366.027839899 2.114545 0.110904 -0.262142 0.000780 0.128951 0.013562 0.991558
1784010366.033730984 2.120015 0.111133 -0.262086 0.001090 0.129398 0.013785 0.991496
1784010366.038184881 2.124131 0.111292 -0.262048 0.001213 0.129175 0.013908 0.991524
1784010366.043651104 2.129192 0.111505 -0.261958 0.001152 0.129096 0.014057 0.991532
1784010366.047981024 2.133223 0.111670 -0.261843 0.000993 0.129447 0.014166 0.991485
1784010366.053677082 2.138474 0.111884 -0.261677 0.000982 0.129428 0.014309 0.991485
1784010366.058468103 2.142869 0.112065 -0.261546 0.000886 0.128858 0.014406 0.991558
1784010366.063186884 2.147221 0.112261 -0.261420 0.000576 0.128700 0.014505 0.991577
1784010366.068083048 2.151749 0.112462 -0.261301 0.000364 0.128982 0.014632 0.991539
1784010366.073384047 2.156625 0.112672 -0.261234 0.000393 0.128831 0.014796 0.991556
1784010366.077707052 2.160578 0.112842 -0.261250 0.000200 0.128538 0.014872 0.991593
1784010366.083595037 2.165951 0.113087 -0.261329 -0.000193 0.128858 0.014982 0.991550
1784010366.087732077 2.169757 0.113253 -0.261406 -0.000334 0.129236 0.015086 0.991499
1784010366.093626976 2.175170 0.113507 -0.261551 -0.000606 0.129215 0.015190 0.991500
1784010366.098014116 2.179209 0.113686 -0.261660 -0.000751 0.129154 0.015258 0.991507
1784010366.103667974 2.184415 0.113911 -0.261743 -0.000762 0.129563 0.015400 0.991451
1784010366.107851982 2.188260 0.114064 -0.261777 -0.000693 0.129738 0.015520 0.991427
1784010366.113653898 2.193564 0.114286 -0.261790 -0.000697 0.129373 0.015636 0.991472
1784010366.117752075 2.197320 0.114438 -0.261774 -0.000694 0.129118 0.015716 0.991504
1784010366.123208046 2.202305 0.114640 -0.261729 -0.000789 0.129543 0.015832 0.991447
1784010366.123208046 2.202305 0.114640 -0.261729 -0.000789 0.129543 0.015832 0.991447
1784010366.123585939 2.202653 0.114659 -0.261722 -0.000794 0.129571 0.015839 0.991443
1784010366.127988100 2.206702 0.114878 -0.261653 -0.000802 0.129546 0.015895 0.991446
1784010366.133637905 2.211896 0.115159 -0.261591 -0.000880 0.129142 0.015924 0.991498
1784010366.137722015 2.215672 0.115347 -0.261560 -0.000933 0.128856 0.015946 0.991535
1784010366.143579960 2.221082 0.115619 -0.261544 -0.000871 0.129378 0.016036 0.991465
1784010366.148123980 2.225260 0.115819 -0.261577 -0.000862 0.129309 0.016072 0.991474
1784010366.153604984 2.230306 0.116063 -0.261637 -0.000829 0.129148 0.016126 0.991494
1784010366.157660007 2.234065 0.116236 -0.261679 -0.000801 0.129035 0.016167 0.991508
1784010366.163647890 2.239599 0.116499 -0.261743 -0.000927 0.129299 0.016229 0.991472
1784010366.167973995 2.243562 0.116675 -0.261808 -0.001014 0.129498 0.016275 0.991446
1784010366.173660994 2.248773 0.116909 -0.261863 -0.001182 0.129056 0.016312 0.991502
1784010366.177835941 2.252628 0.117070 -0.261861 -0.001302 0.128739 0.016340 0.991543
1784010366.183656931 2.257988 0.117301 -0.261832 -0.001209 0.128770 0.016488 0.991537
1784010366.188313961 2.262262 0.117480 -0.261804 -0.001121 0.128405 0.016600 0.991582
1784010366.193643093 2.267188 0.117686 -0.261730 -0.001025 0.128634 0.016766 0.991550
1784010366.197846889 2.271112 0.117843 -0.261635 -0.000947 0.128819 0.016897 0.991524
1784010366.203469038 2.276348 0.118067 -0.261508 -0.000799 0.128938 0.017071 0.991505
1784010366.207954884 2.280480 0.118247 -0.261452 -0.000679 0.129037 0.017212 0.991490
1784010366.213480949 2.285560 0.118471 -0.261388 -0.000819 0.129200 0.017316 0.991467
1784010366.217818022 2.289570 0.118627 -0.261321 -0.000926 0.129332 0.017399 0.991448
1784010366.223386049 2.294710 0.118834 -0.261251 -0.000942 0.129098 0.017471 0.991478
1784010366.223386049 2.294710 0.118834 -0.261251 -0.000942 0.129098 0.017471 0.991478
1784010366.223752975 2.295048 0.118853 -0.261245 -0.000942 0.129086 0.017477 0.991479
1784010366.227842093 2.298811 0.119076 -0.261191 -0.000944 0.128954 0.017535 0.991495
1784010366.233670950 2.304163 0.119402 -0.261116 -0.000949 0.129132 0.017617 0.991470
1784010366.237895012 2.308055 0.119624 -0.261051 -0.000951 0.129260 0.017676 0.991453
1784010366.243669987 2.313370 0.119939 -0.260966 -0.001022 0.128663 0.017719 0.991529
1784010366.247885942 2.317242 0.120170 -0.260933 -0.001072 0.128227 0.017750 0.991585
1784010366.253604889 2.322483 0.120493 -0.260890 -0.001289 0.128452 0.017817 0.991555
1784010366.258032084 2.326540 0.120733 -0.260852 -0.001455 0.128626 0.017869 0.991531
1784010366.263602972 2.331647 0.121038 -0.260794 -0.001608 0.128102 0.017912 0.991598
1784010366.268018007 2.335707 0.121272 -0.260750 -0.001727 0.127686 0.017946 0.991651
1784010366.273588896 2.340829 0.121567 -0.260695 -0.001592 0.128227 0.018090 0.991579
1784010366.277906895 2.344795 0.121782 -0.260669 -0.001487 0.128645 0.018202 0.991523
1784010366.283225060 2.349654 0.122046 -0.260666 -0.001404 0.128674 0.018308 0.991517
1784010366.287847042 2.353868 0.122261 -0.260686 -0.001350 0.128437 0.018374 0.991546
1784010366.293664932 2.359165 0.122530 -0.260726 -0.001344 0.128976 0.018473 0.991475
1784010366.297996998 2.363093 0.122725 -0.260793 -0.001338 0.129376 0.018547 0.991421
1784010366.303473949 2.368029 0.122979 -0.260910 -0.001500 0.129292 0.018576 0.991431
1784010366.307879925 2.371997 0.123174 -0.261015 -0.001568 0.129166 0.018607 0.991447
1784010366.313647985 2.377210 0.123426 -0.261116 -0.001474 0.129581 0.018697 0.991392
1784010366.317828894 2.380986 0.123599 -0.261187 -0.001321 0.129801 0.018779 0.991361
1784010366.323213100 2.385829 0.123830 -0.261277 -0.001219 0.129519 0.018855 0.991397
