1784010393.121824026 0.643337 5.489307 -0.353842 -0.136650 0.010977 0.983352 0.119268
1784010393.121874094 0.643285 5.489315 -0.353843 -0.136650 0.010977 0.983353 0.119259
1784010393.126290083 0.638717 5.489980 -0.353905 -0.136847 0.010968 0.983424 0.118445
1784010393.132091999 0.632734 5.490838 -0.353977 -0.136755 0.010980 0.983564 0.117381
1784010393.136424065 0.628281 5.491469 -0.354018 -0.136328 0.011017 0.983720 0.116571
1784010393.142049074 0.622487 5.492261 -0.354043 -0.135996 0.010853 0.983888 0.115552
1784010393.146281958 0.618120 5.492848 -0.354040 -0.135871 0.010719 0.983996 0.114786
1784010393.152062893 0.612163 5.493633 -0.354015 -0.135509 0.010651 0.984168 0.113744
1784010393.156470060 0.607626 5.494211 -0.353995 -0.135240 0.010301 0.984294 0.112999
1784010393.161937952 0.601995 5.494909 -0.353969 -0.135031 0.009825 0.984433 0.112077
1784010393.166146040 0.597656 5.495445 -0.353947 -0.134952 0.009647 0.984529 0.111348
1784010393.172050953 0.591548 5.496180 -0.353921 -0.135143 0.009410 0.984620 0.110326
1784010393.176145077 0.587306 5.496681 -0.353913 -0.135396 0.009239 0.984667 0.109611
1784010393.182064056 0.581166 5.497389 -0.353927 -0.135686 0.008963 0.984743 0.108581
1784010393.186368942 0.576703 5.497896 -0.353963 -0.135829 0.008650 0.984805 0.107870
1784010393.192080021 0.570791 5.498563 -0.354037 -0.135912 0.008322 0.984900 0.106915
1784010393.196271896 0.566458 5.499056 -0.354108 -0.135877 0.008160 0.984982 0.106209
1784010393.202213049 0.560321 5.499749 -0.354220 -0.135737 0.008052 0.985110 0.105212
1784010393.206240892 0.556167 5.500216 -0.354296 -0.135619 0.008005 0.985199 0.104529
1784010393.211985111 0.550251 5.500864 -0.354376 -0.135372 0.007885 0.985338 0.103546
1784010393.216470957 0.545638 5.501359 -0.354404 -0.135103 0.007672 0.985457 0.102774
1784010393.221733093 0.540223 5.501926 -0.354393 -0.134831 0.007274 0.985587 0.101909
1784010393.222104073 0.539842 5.501966 -0.354390 -0.134815 0.007251 0.985596 0.101847
1784010393.222104073 0.539842 5.501966 -0.354390 -0.134815 0.007251 0.985596 0.101847
1784010393.226505041 0.535300 5.502415 -0.354339 -0.134634 0.006983 0.985700 0.101097
1784010393.232043982 0.529592 5.502968 -0.354256 -0.134374 0.006729 0.985837 0.100122
1784010393.236057043 0.525464 5.503360 -0.354202 -0.134161 0.006504 0.985939 0.099415
1784010393.241893053 0.519438 5.503917 -0.354150 -0.133999 0.006198 0.986068 0.098370
1784010393.246360064 0.514797 5.504346 -0.354130 -0.134278 0.006140 0.986114 0.097525
1784010393.251910925 0.509025 5.504873 -0.354134 -0.134946 0.006183 0.986128 0.096453
1784010393.256465912 0.504304 5.505298 -0.354176 -0.135193 0.006154 0.986179 0.095585
1784010393.261825085 0.498752 5.505787 -0.354258 -0.135221 0.005942 0.986271 0.094605
1784010393.266391993 0.494022 5.506204 -0.354330 -0.135275 0.005821 0.986344 0.093767
1784010393.272075891 0.488144 5.506731 -0.354404 -0.135173 0.006007 0.986463 0.092648
1784010393.276202917 0.483872 5.507114 -0.354455 -0.134905 0.006069 0.986572 0.091865
1784010393.282072067 0.477778 5.507640 -0.354514 -0.134668 0.006003 0.986704 0.090797
1784010393.286345959 0.473337 5.508017 -0.354548 -0.134693 0.005948 0.986772 0.090014
1784010393.292212009 0.467241 5.508525 -0.354594 -0.134702 0.005910 0.986868 0.088952
1784010393.296190023 0.463106 5.508866 -0.354627 -0.134681 0.005797 0.986933 0.088270
1784010393.302129984 0.456925 5.509365 -0.354663 -0.134749 0.005588 0.987014 0.087265
1784010393.306191921 0.452701 5.509701 -0.354683 -0.134770 0.005363 0.987070 0.086609
1784010393.312077045 0.446573 5.510176 -0.354700 -0.134680 0.004942 0.987163 0.085704
1784010393.316488981 0.441963 5.510541 -0.354694 -0.134649 0.004825 0.987228 0.085007
1784010393.321602106 0.436594 5.510975 -0.354671 -0.134875 0.004921 0.987269 0.084175
1784010393.321602106 0.436594 5.510975 -0.354671 -0.134875 0.004921 0.987269 0.084175
1784010393.321844101 0.436339 5.510995 -0.354669 -0.134885 0.004925 0.987271 0.084135
1784010393.326477051 0.431473 5.511357 -0.354646 -0.135048 0.004992 0.987311 0.083388
1784010393.332082033 0.425620 5.511788 -0.354646 -0.134789 0.005102 0.987423 0.082472
1784010393.336093903 0.421428 5.512104 -0.354662 -0.134577 0.005205 0.987506 0.081818
1784010393.341913939 0.415311 5.512568 -0.354694 -0.134753 0.005261 0.987558 0.080889
1784010393.346378088 0.410623 5.512931 -0.354731 -0.134918 0.005337 0.987592 0.080196
1784010393.352005959 0.404750 5.513375 -0.354809 -0.134661 0.005220 0.987695 0.079363
1784010393.356302977 0.400277 5.513703 -0.354885 -0.134426 0.004842 0.987776 0.078767
1784010393.362061024 0.394273 5.514146 -0.354959 -0.134501 0.004441 0.987832 0.077963
1784010393.366200924 0.389959 5.514475 -0.354987 -0.134632 0.004328 0.987861 0.077375
1784010393.372021914 0.383908 5.514927 -0.355005 -0.134691 0.004141 0.987916 0.076568
1784010393.376579046 0.379182 5.515275 -0.355002 -0.134722 0.004002 0.987962 0.075924
1784010393.381916046 0.373653 5.515672 -0.354984 -0.134837 0.003808 0.988005 0.075167
1784010393.386292934 0.369128 5.515996 -0.354968 -0.134899 0.003659 0.988043 0.074560
1784010393.392131090 0.363109 5.516423 -0.354947 -0.134839 0.003573 0.988113 0.073750
1784010393.396433115 0.358686 5.516735 -0.354939 -0.134729 0.003479 0.988173 0.073150
1784010393.402091026 0.352880 5.517135 -0.354952 -0.134548 0.003393 0.988257 0.072339
1784010393.406460047 0.348400 5.517447 -0.354981 -0.134448 0.003401 0.988317 0.071713
1784010393.412076950 0.342642 5.517846 -0.355039 -0.134475 0.003498 0.988372 0.070885
1784010393.416251898 0.338368 5.518142 -0.355100 -0.134546 0.003521 0.988406 0.070282
1784010393.421606064 0.332900 5.518515 -0.355198 -0.134515 0.003494 0.988463 0.069524
1784010393.421606064 0.332900 5.518515 -0.355198 -0.134515 0.003494 0.988463 0.069524
1784010393.422060966 0.332435 5.518545 -0.355207 -0.134512 0.003492 0.988468 0.069461
1784010393.426527023 0.327876 5.518831 -0.355290 -0.134496 0.003477 0.988513 0.068850
1784010393.432058096 0.322230 5.519192 -0.355383 -0.134703 0.003587 0.988538 0.068078
1784010393.436589956 0.317607 5.519493 -0.355450 -0.134990 0.003736 0.988542 0.067444
1784010393.442034006 0.312069 5.519845 -0.355517 -0.135229 0.003739 0.988558 0.066722
1784010393.446336031 0.307710 5.520123 -0.355548 -0.135294 0.003644 0.988586 0.066176
1784010393.451899052 0.302091 5.520489 -0.355549 -0.135257 0.003589 0.988636 0.065503
1784010393.456306934 0.297652 5.520788 -0.355525 -0.135154 0.003421 0.988681 0.065045
1784010393.461940050 0.291999 5.521175 -0.355474 -0.134876 0.003108 0.988753 0.064540
1784010393.466131926 0.287807 5.521473 -0.355429 -0.134605 0.002923 0.988814 0.064188
1784010393.472054005 0.281889 5.521906 -0.355367 -0.134363 0.002733 0.988877 0.063736
1784010393.476301908 0.277648 5.522233 -0.355331 -0.134300 0.002692 0.988905 0.063430
1784010393.482021093 0.271945 5.522686 -0.355309 -0.134307 0.002762 0.988929 0.063027
1784010393.486299038 0.267684 5.523035 -0.355319 -0.134397 0.002739 0.988934 0.062761
1784010393.492059946 0.261955 5.523508 -0.355357 -0.134576 0.002683 0.988931 0.062435
1784010393.496220112 0.257827 5.523858 -0.355404 -0.134701 0.002645 0.988928 0.062202
1784010393.502051115 0.252051 5.524346 -0.355497 -0.134860 0.002555 0.988926 0.061897
1784010393.506534100 0.247617 5.524724 -0.355588 -0.135002 0.002503 0.988921 0.061669
1784010393.512203932 0.242017 5.525190 -0.355719 -0.135224 0.002394 0.988909 0.061384
1784010393.516257048 0.238023 5.525518 -0.355823 -0.135320 0.002218 0.988908 0.061190
1784010393.521691084 0.232688 5.525950 -0.355950 -0.135245 0.001961 0.988935 0.060937
1784010393.521691084 0.232688 5.525950 -0.355950 -0.135245 0.001961 0.988935 0.060937
1784010393.522196054 0.232192 5.525989 -0.355960 -0.135238 0.001937 0.988937 0.060913
1784010393.526261091 0.228208 5.526299 -0.356022 -0.135079 0.001786 0.988971 0.060718
1784010393.532072067 0.222530 5.526736 -0.356061 -0.134801 0.001591 0.989026 0.060447
1784010393.536278963 0.218433 5.527049 -0.356056 -0.134521 0.001493 0.989077 0.060231
1784010393.542052031 0.212819 5.527470 -0.356012 -0.134178 0.001461 0.989144 0.059897
1784010393.546531916 0.208461 5.527792 -0.355964 -0.134154 0.001376 0.989163 0.059644
1784010393.551733971 0.203397 5.528164 -0.355915 -0.134351 0.001257 0.989153 0.059360
1784010393.556344986 0.198915 5.528498 -0.355885 -0.134526 0.001210 0.989146 0.059093
1784010393.562081099 0.193356 5.528919 -0.355876 -0.134664 0.001191 0.989147 0.058758
1784010393.566257954 0.189318 5.529232 -0.355893 -0.134745 0.001187 0.989150 0.058518
1784010393.572061062 0.183713 5.529667 -0.355944 -0.134851 0.001215 0.989155 0.058186
1784010393.576111078 0.179796 5.529980 -0.356000 -0.135015 0.001214 0.989145 0.057981
1784010393.582122087 0.173966 5.530458 -0.356098 -0.135367 0.001265 0.989112 0.057719
1784010393.586435080 0.169782 5.530813 -0.356182 -0.135541 0.001350 0.989098 0.057549
1784010393.592195988 0.164204 5.531279 -0.356308 -0.135584 0.001457 0.989107 0.057299
1784010393.596143961 0.160399 5.531594 -0.356402 -0.135458 0.001456 0.989134 0.057131
1784010393.602051020 0.154711 5.532056 -0.356527 -0.135112 0.001430 0.989195 0.056883
1784010393.606537104 0.150376 5.532409 -0.356597 -0.134947 0.001425 0.989228 0.056697
1784010393.612108946 0.144953 5.532843 -0.356638 -0.135112 0.001476 0.989220 0.056450
1784010393.616352081 0.140815 5.533168 -0.356638 -0.135392 0.001500 0.989192 0.056260
1784010393.621590137 0.135720 5.533557 -0.356621 -0.135454 0.001442 0.989196 0.056042
1784010393.621590137 0.135720 5.533557 -0.356621 -0.135454 0.001442 0.989196 0.056042
1784010393.621953011 0.135366 5.533582 -0.356618 -0.135458 0.001439 0.989197 0.056027
1784010393.626465082 0.130951 5.533895 -0.356581 -0.135271 0.001308 0.989232 0.055856
1784010393.632026911 0.125476 5.534291 -0.356516 -0.135254 0.001300 0.989247 0.055631
1784010393.636393070 0.121173 5.534603 -0.356465 -0.135413 0.001383 0.989236 0.055447
1784010393.642059088 0.115594 5.534994 -0.356440 -0.135293 0.001250 0.989263 0.055248
1784010393.646311045 0.111407 5.535290 -0.356453 -0.135056 0.001138 0.989304 0.055103
1784010393.651887894 0.105898 5.535697 -0.356483 -0.135013 0.001326 0.989322 0.054886
1784010393.656254053 0.101591 5.536026 -0.356526 -0.135004 0.001543 0.989334 0.054680
1784010393.662185907 0.095730 5.536479 -0.356624 -0.134532 0.001828 0.989412 0.054414
1784010393.666466951 0.091492 5.536810 -0.356708 -0.134396 0.001920 0.989440 0.054238
1784010393.672030926 0.085970 5.537237 -0.356804 -0.134432 0.001883 0.989447 0.054029
1784010393.676290989 0.081727 5.537565 -0.356871 -0.134227 0.001758 0.989483 0.053878
1784010393.682029009 0.075975 5.538013 -0.356922 -0.134125 0.001489 0.989506 0.053720
1784010393.686322927 0.071679 5.538356 -0.356925 -0.134319 0.001507 0.989488 0.053565
1784010393.692066908 0.065945 5.538807 -0.356916 -0.134157 0.001445 0.989521 0.053364
1784010393.696255922 0.061742 5.539131 -0.356903 -0.133993 0.001283 0.989551 0.053232
1784010393.702106953 0.055825 5.539585 -0.356842 -0.134665 0.001176 0.989470 0.053033
1784010393.706635952 0.051259 5.539943 -0.356793 -0.135205 0.001272 0.989407 0.052838
1784010393.712127924 0.045753 5.540370 -0.356785 -0.134941 0.001208 0.989453 0.052652
1784010393.716650963 0.041223 5.540716 -0.356809 -0.134714 0.001042 0.989491 0.052525
1784010393.721650124 0.036203 5.541109 -0.356839 -0.134892 0.001048 0.989476 0.052345
1784010393.721650124 0.036203 5.541109 -0.356839 -0.134892 0.001048 0.989476 0.052345
1784010393.722003937 0.035843 5.541136 -0.356841 -0.134906 0.001046 0.989475 0.052333
1784010393.726185083 0.031593 5.541466 -0.356870 -0.135003 0.001203 0.989470 0.052172
1784010393.732043982 0.025632 5.541923 -0.356952 -0.134658 0.001226 0.989526 0.051993
1784010393.736043930 0.021572 5.542230 -0.357026 -0.134519 0.001196 0.989552 0.051867
1784010393.741622925 0.015893 5.542665 -0.357132 -0.134440 0.001185 0.989572 0.051686
1784010393.746366024 0.011052 5.543044 -0.357225 -0.134357 0.001283 0.989592 0.051525
1784010393.752023935 0.005269 5.543496 -0.357323 -0.134390 0.001392 0.989597 0.051327
1784010393.756342888 0.000861 5.543841 -0.357387 -0.134532 0.001497 0.989587 0.051145
1784010393.762037992 -0.004980 5.544300 -0.357451 -0.134730 0.001765 0.989574 0.050880
1784010393.766026974 -0.009077 5.544622 -0.357478 -0.135050 0.001872 0.989539 0.050699
1784010393.771987915 -0.015188 5.545095 -0.357478 -0.135596 0.001929 0.989478 0.050424
1784010393.776323080 -0.019601 5.545438 -0.357458 -0.135601 0.001948 0.989487 0.050231
1784010393.781977892 -0.025356 5.545875 -0.357408 -0.135357 0.001753 0.989531 0.050043
1784010393.786257029 -0.029711 5.546205 -0.357348 -0.135321 0.001513 0.989541 0.049937
1784010393.792018890 -0.035596 5.546663 -0.357247 -0.135205 0.001512 0.989566 0.049756
1784010393.796271086 -0.039940 5.547002 -0.357182 -0.134991 0.001470 0.989602 0.049640
1784010393.802014112 -0.045808 5.547452 -0.357126 -0.134717 0.001286 0.989645 0.049516
1784010393.806209087 -0.050088 5.547788 -0.357115 -0.134538 0.001314 0.989676 0.049393
1784010393.812073946 -0.056100 5.548266 -0.357142 -0.134533 0.001352 0.989683 0.049257
1784010393.816135883 -0.060265 5.548601 -0.357192 -0.134694 0.001332 0.989665 0.049183
1784010393.821717978 -0.065983 5.549065 -0.357289 -0.134811 0.001406 0.989656 0.049042
1784010393.821717978 -0.065983 5.549065 -0.357289 -0.134811 0.001406 0.989656 0.049042
1784010393.822068930 -0.066345 5.549093 -0.357296 -0.134818 0.001411 0.989655 0.049031
1784010393.826458931 -0.070879 5.549449 -0.357390 -0.134870 0.001370 0.989654 0.048919
1784010393.832057953 -0.076690 5.549901 -0.357515 -0.135135 0.001294 0.989625 0.048779
1784010393.836211920 -0.081011 5.550238 -0.357598 -0.135364 0.001303 0.989599 0.048665
1784010393.842062950 -0.087104 5.550696 -0.357713 -0.135555 0.001021 0.989579 0.048545
1784010393.846292973 -0.091491 5.551023 -0.357788 -0.135489 0.000647 0.989591 0.048508
1784010393.852034092 -0.097434 5.551481 -0.357844 -0.135147 0.000394 0.989641 0.048432
1784010393.856542110 -0.102108 5.551846 -0.357850 -0.134860 0.000288 0.989684 0.048362
1784010393.862023115 -0.107798 5.552289 -0.357818 -0.134745 0.000149 0.989703 0.048282
1784010393.866322041 -0.112243 5.552638 -0.357776 -0.134527 0.000232 0.989739 0.048158
1784010393.872004032 -0.118137 5.553090 -0.357728 -0.134171 0.000236 0.989796 0.047987
1784010393.876636982 -0.122972 5.553452 -0.357699 -0.134344 0.000019 0.989777 0.047898
1784010393.881918907 -0.128489 5.553879 -0.357674 -0.134741 0.000095 0.989731 0.047719
1784010393.886281967 -0.133030 5.554240 -0.357681 -0.134782 0.000220 0.989733 0.047564
1784010393.892174959 -0.139179 5.554726 -0.357740 -0.134667 0.000050 0.989756 0.047420
1784010393.896249056 -0.143439 5.555073 -0.357800 -0.134811 0.000134 0.989742 0.047291
1784010393.902008057 -0.149472 5.555571 -0.357919 -0.135203 0.000426 0.989699 0.047064
1784010393.906480074 -0.154154 5.555958 -0.358046 -0.135446 0.000565 0.989673 0.046925
1784010393.911801100 -0.159726 5.556414 -0.358215 -0.135680 0.000634 0.989647 0.046784
1784010393.916060925 -0.164186 5.556784 -0.358347 -0.135769 0.000643 0.989640 0.046684
1784010393.921617031 -0.170001 5.557277 -0.358490 -0.135760 0.000851 0.989648 0.046543
1784010393.921617031 -0.170001 5.557277 -0.358490 -0.135760 0.000851 0.989648 0.046543
1784010393.921984911 -0.170387 5.557309 -0.358498 -0.135758 0.000866 0.989648 0.046535
1784010393.926126003 -0.174728 5.557660 -0.358577 -0.135627 0.000990 0.989670 0.046446
1784010393.932022095 -0.180904 5.558139 -0.358649 -0.135293 0.000953 0.989721 0.046338
1784010393.936486959 -0.185601 5.558496 -0.358664 -0.135195 0.000881 0.989737 0.046274
1784010393.942169905 -0.191602 5.558943 -0.358632 -0.135611 0.000815 0.989684 0.046196
1784010393.946202040 -0.195844 5.559260 -0.358585 -0.135861 0.000890 0.989654 0.046108
1784010393.952025890 -0.201953 5.559714 -0.358526 -0.135601 0.000950 0.989694 0.046004
1784010393.956465006 -0.206618 5.560059 -0.358491 -0.135376 0.000895 0.989728 0.045949
1784010393.962151051 -0.212608 5.560506 -0.358452 -0.135455 0.000910 0.989720 0.045881
1784010393.966295958 -0.216972 5.560837 -0.358442 -0.135424 0.001048 0.989728 0.045810
1784010393.971843958 -0.222825 5.561282 -0.358473 -0.135058 0.001135 0.989781 0.045736
1784010393.976013899 -0.227235 5.561624 -0.358518 -0.134965 0.001280 0.989796 0.045672
1784010393.982011080 -0.233580 5.562117 -0.358609 -0.134950 0.001554 0.989804 0.045538
1784010393.986325026 -0.238137 5.562471 -0.358702 -0.134743 0.001602 0.989836 0.045461
1784010393.992048979 -0.244191 5.562933 -0.358832 -0.134531 0.001508 0.989868 0.045390
1784010393.996303082 -0.248685 5.563277 -0.358911 -0.134610 0.001400 0.989860 0.045330
1784010394.002039909 -0.254727 5.563731 -0.358990 -0.134604 0.001245 0.989866 0.045231
1784010394.006287098 -0.259190 5.564064 -0.359020 -0.134424 0.001070 0.989893 0.045171
1784010394.012100935 -0.265327 5.564518 -0.358998 -0.134439 0.000960 0.989897 0.045049
1784010394.016279936 -0.269752 5.564847 -0.358947 -0.134723 0.000918 0.989864 0.044932
1784010394.021802187 -0.275579 5.565277 -0.358883 -0.134882 0.000870 0.989848 0.044804
1784010394.021802187 -0.275579 5.565277 -0.358883 -0.134882 0.000870 0.989848 0.044804
1784010394.022023916 -0.275814 5.565293 -0.358881 -0.134889 0.000868 0.989847 0.044799
1784010394.026192904 -0.280225 5.565601 -0.358842 -0.134735 0.000813 0.989872 0.044704
1784010394.032054901 -0.286453 5.566035 -0.358811 -0.134683 0.000687 0.989885 0.044582
1784010394.036195993 -0.290858 5.566351 -0.358810 -0.134805 0.000710 0.989873 0.044482
1784010394.041996956 -0.297012 5.566798 -0.358857 -0.134720 0.000914 0.989891 0.044325
1784010394.046432018 -0.301705 5.567140 -0.358939 -0.134419 0.000944 0.989937 0.044231
1784010394.051768064 -0.307373 5.567554 -0.359061 -0.134343 0.000989 0.989952 0.044114
1784010394.056037903 -0.311911 5.567892 -0.359165 -0.134478 0.001101 0.989938 0.044008
1784010394.061989069 -0.318225 5.568359 -0.359322 -0.134341 0.001252 0.989963 0.043859
1784010394.066360950 -0.322859 5.568706 -0.359437 -0.134141 0.001318 0.989995 0.043758
1784010394.072065115 -0.328922 5.569161 -0.359550 -0.134252 0.001514 0.989987 0.043587
1784010394.076431036 -0.333564 5.569513 -0.359613 -0.134451 0.001718 0.989967 0.043425
1784010394.081702948 -0.339168 5.569930 -0.359663 -0.134568 0.001850 0.989958 0.043247
1784010394.086349010 -0.344109 5.570290 -0.359673 -0.134617 0.001779 0.989957 0.043124
1784010394.092081070 -0.350241 5.570738 -0.359638 -0.134652 0.001622 0.989960 0.042969
1784010394.096251965 -0.354710 5.571072 -0.359585 -0.134744 0.001594 0.989951 0.042870
1784010394.102041960 -0.360883 5.571523 -0.359510 -0.134620 0.001457 0.989974 0.042752
1784010394.106190920 -0.365285 5.571841 -0.359472 -0.134243 0.001353 0.990029 0.042658
1784010394.112046003 -0.371544 5.572292 -0.359424 -0.133944 0.001213 0.990075 0.042543
1784010394.116552114 -0.376381 5.572649 -0.359393 -0.134156 0.001246 0.990050 0.042449
1784010394.121507168 -0.381681 5.573045 -0.359385 -0.134169 0.001472 0.990054 0.042307
1784010394.121507168 -0.381681 5.573045 -0.359385 -0.134169 0.001472 0.990054 0.042307
1784010394.121985912 -0.382194 5.573081 -0.359384 -0.134173 0.001493 0.990054 0.042296
1784010394.126251936 -0.386776 5.573391 -0.359400 -0.133841 0.001443 0.990101 0.042236
1784010394.132080078 -0.393072 5.573811 -0.359450 -0.133696 0.001168 0.990123 0.042200
1784010394.136276960 -0.397620 5.574130 -0.359497 -0.133877 0.001245 0.990101 0.042125
1784010394.142081976 -0.403911 5.574557 -0.359605 -0.134134 0.001274 0.990071 0.042030
1784010394.146642923 -0.408839 5.574882 -0.359729 -0.134154 0.001034 0.990070 0.042000
1784010394.151844978 -0.414457 5.575249 -0.359874 -0.134308 0.000806 0.990051 0.041955
1784010394.156101942 -0.419051 5.575553 -0.359985 -0.134433 0.000619 0.990035 0.041917
1784010394.162188053 -0.425604 5.575990 -0.360102 -0.134431 0.000324 0.990036 0.041914
1784010394.166105986 -0.429793 5.576282 -0.360144 -0.134425 0.000135 0.990037 0.041909
1784010394.172013998 -0.436099 5.576711 -0.360155 -0.134145 0.000009 0.990078 0.041836
1784010394.176189899 -0.440547 5.577003 -0.360132 -0.133943 -0.000080 0.990108 0.041782
1784010394.182008028 -0.446742 5.577395 -0.360069 -0.133624 -0.000053 0.990158 0.041619
1784010394.186249971 -0.451252 5.577679 -0.360015 -0.133389 -0.000033 0.990195 0.041498
1784010394.192003012 -0.457364 5.578052 -0.359952 -0.133553 -0.000157 0.990181 0.041298
1784010394.196319103 -0.461939 5.578329 -0.359934 -0.133675 -0.000250 0.990171 0.041146
1784010394.202215910 -0.468188 5.578695 -0.359947 -0.133722 -0.000194 0.990176 0.040866
1784010394.206104040 -0.472303 5.578939 -0.359986 -0.133749 -0.000157 0.990180 0.040678
1784010394.211844921 -0.478376 5.579293 -0.360076 -0.133992 -0.000020 0.990161 0.040350
1784010394.216075897 -0.482838 5.579558 -0.360172 -0.134168 0.000082 0.990147 0.040106
1784010394.221971989 -0.489052 5.579920 -0.360327 -0.134497 0.000117 0.990115 0.039781
1784010394.221971989 -0.489052 5.579920 -0.360327 -0.134497 0.000117 0.990115 0.039781
1784010394.222017050 -0.489100 5.579921 -0.360328 -0.134499 0.000117 0.990115 0.039778
1784010394.226331949 -0.493653 5.580148 -0.360446 -0.134707 0.000139 0.990097 0.039515
1784010394.231998920 -0.499613 5.580438 -0.360594 -0.134599 0.000188 0.990125 0.039197
1784010394.236584902 -0.504414 5.580674 -0.360688 -0.134350 0.000212 0.990168 0.038940
1784010394.241683960 -0.509742 5.580926 -0.360751 -0.134143 0.000215 0.990208 0.038656
1784010394.246151924 -0.514405 5.581140 -0.360766 -0.133963 0.000219 0.990242 0.038408
1784010394.252012968 -0.520517 5.581404 -0.360737 -0.134023 0.000136 0.990246 0.038085
1784010394.256268024 -0.524951 5.581590 -0.360685 -0.134070 0.000077 0.990249 0.037853
1784010394.261800051 -0.530701 5.581824 -0.360594 -0.134149 0.000132 0.990250 0.037534
1784010394.266138077 -0.535192 5.582010 -0.360515 -0.134214 0.000177 0.990251 0.037286
1784010394.271989107 -0.541233 5.582253 -0.360422 -0.134017 0.000088 0.990289 0.036981
1784010394.276226044 -0.545599 5.582427 -0.360379 -0.133878 0.000025 0.990316 0.036762
1784010394.281991005 -0.551531 5.582662 -0.360355 -0.133739 0.000103 0.990346 0.036449
1784010394.286210060 -0.555863 5.582844 -0.360363 -0.133642 0.000161 0.990368 0.036222
1784010394.292048931 -0.561848 5.583089 -0.360409 -0.133433 0.000250 0.990408 0.035879
1784010394.296216965 -0.566112 5.583262 -0.360466 -0.133288 0.000315 0.990436 0.035636
1784010394.302047968 -0.572075 5.583496 -0.360556 -0.133033 0.000322 0.990483 0.035304
1784010394.306298971 -0.576421 5.583670 -0.360619 -0.132850 0.000329 0.990516 0.035064
1784010394.312015057 -0.582264 5.583894 -0.360678 -0.132599 0.000141 0.990560 0.034750
1784010394.316138983 -0.586477 5.584052 -0.360693 -0.132420 0.000007 0.990592 0.034526
1784010394.321686983 -0.592150 5.584250 -0.360678 -0.132489 -0.000214 0.990595 0.034167
1784010394.321686983 -0.592150 5.584250 -0.360678 -0.132489 -0.000214 0.990595 0.034167
1784010394.321963072 -0.592434 5.584258 -0.360676 -0.132493 -0.000224 0.990595 0.034150
1784010394.326428890 -0.597021 5.584379 -0.360638 -0.132555 -0.000391 0.990597 0.033866
1784010394.331984043 -0.602734 5.584517 -0.360575 -0.132637 -0.000386 0.990599 0.033466
1784010394.336538076 -0.607416 5.584625 -0.360523 -0.132707 -0.000382 0.990601 0.033139
1784010394.341768980 -0.612802 5.584734 -0.360470 -0.132815 -0.000467 0.990599 0.032770
1784010394.346055984 -0.617220 5.584818 -0.360440 -0.132981 -0.000602 0.990586 0.032478
1784010394.351979971 -0.623333 5.584929 -0.360432 -0.132897 -0.000640 0.990611 0.032049
1784010394.356484890 -0.627988 5.585017 -0.360453 -0.132836 -0.000669 0.990630 0.031724
1784010394.361996889 -0.633689 5.585121 -0.360513 -0.132801 -0.000645 0.990648 0.031313
1784010394.366297007 -0.638136 5.585203 -0.360586 -0.132732 -0.000630 0.990667 0.030992
1784010394.371812105 -0.643838 5.585303 -0.360706 -0.132601 -0.000594 0.990698 0.030580
1784010394.376092911 -0.648259 5.585379 -0.360809 -0.132493 -0.000534 0.990722 0.030242
1784010394.382074118 -0.654439 5.585473 -0.360951 -0.132324 -0.000523 0.990759 0.029762
1784010394.386394024 -0.658908 5.585544 -0.361043 -0.132230 -0.000486 0.990783 0.029410
1784010394.392168045 -0.664887 5.585630 -0.361135 -0.132295 -0.000289 0.990789 0.028903
1784010394.396157980 -0.669018 5.585686 -0.361181 -0.132372 -0.000246 0.990789 0.028556
1784010394.401993990 -0.675076 5.585760 -0.361221 -0.132461 -0.000235 0.990791 0.028049
1784010394.406372070 -0.679630 5.585817 -0.361222 -0.132684 -0.000201 0.990772 0.027663
1784010394.412029982 -0.685501 5.585874 -0.361199 -0.132992 -0.000323 0.990744 0.027187
1784010394.416207075 -0.689822 5.585912 -0.361172 -0.132960 -0.000513 0.990757 0.026864
1784010394.421627998 -0.695436 5.585961 -0.361118 -0.132839 -0.000692 0.990784 0.026457
1784010394.421627998 -0.695436 5.585961 -0.361118 -0.132839 -0.000692 0.990784 0.026457
1784010394.422025919 -0.695850 5.585962 -0.361111 -0.132831 -0.000705 0.990786 0.026429
1784010394.426230907 -0.700219 5.585977 -0.361040 -0.132892 -0.000841 0.990785 0.026141
1784010394.432001114 -0.706203 5.585998 -0.360952 -0.132761 -0.000964 0.990813 0.025744
1784010394.436572075 -0.710940 5.586023 -0.360903 -0.132459 -0.000971 0.990862 0.025438
1784010394.441976070 -0.716550 5.586052 -0.360868 -0.132334 -0.001005 0.990887 0.025102
1784010394.446614981 -0.721364 5.586079 -0.360862 -0.132262 -0.000998 0.990904 0.024798
1784010394.451885939 -0.726832 5.586106 -0.360891 -0.132071 -0.000999 0.990938 0.024469
1784010394.456100941 -0.731206 5.586129 -0.360942 -0.131990 -0.001055 0.990955 0.024215
1784010394.461962938 -0.737280 5.586159 -0.361027 -0.132089 -0.000956 0.990951 0.023823
1784010394.466447115 -0.741922 5.586180 -0.361106 -0.132165 -0.000955 0.990948 0.023532
1784010394.471944094 -0.747616 5.586189 -0.361199 -0.132299 -0.001086 0.990938 0.023190
1784010394.476329088 -0.752154 5.586188 -0.361253 -0.132445 -0.001314 0.990924 0.022931
1784010394.481981039 -0.757990 5.586169 -0.361289 -0.132417 -0.001645 0.990935 0.022608
1784010394.486169100 -0.762308 5.586147 -0.361299 -0.132232 -0.002013 0.990964 0.022402
1784010394.491952896 -0.768269 5.586108 -0.361283 -0.132033 -0.002421 0.990996 0.022101
1784010394.496150970 -0.772586 5.586083 -0.361257 -0.131890 -0.002552 0.991020 0.021837
1784010394.502003908 -0.778606 5.586038 -0.361222 -0.131604 -0.002730 0.991066 0.021479
1784010394.506309032 -0.783038 5.586005 -0.361201 -0.131466 -0.002845 0.991090 0.021207
1784010394.511944056 -0.788842 5.585965 -0.361170 -0.131490 -0.002819 0.991095 0.020813
1784010394.516282082 -0.793306 5.585939 -0.361157 -0.131538 -0.002760 0.991096 0.020487
1784010394.521763086 -0.798937 5.585902 -0.361160 -0.131572 -0.002840 0.991098 0.020119
1784010394.521763086 -0.798937 5.585902 -0.361160 -0.131572 -0.002840 0.991098 0.020119
1784010394.521841049 -0.799016 5.585901 -0.361160 -0.131573 -0.002841 0.991098 0.020112
1784010394.526258945 -0.803526 5.585872 -0.361158 -0.131588 -0.002894 0.991103 0.019757
1784010394.531996965 -0.809379 5.585845 -0.361167 -0.131585 -0.002981 0.991112 0.019311
1784010394.536294937 -0.813772 5.585836 -0.361188 -0.131629 -0.002924 0.991113 0.018981
1784010394.541798115 -0.819391 5.585827 -0.361227 -0.131773 -0.002802 0.991102 0.018543
1784010394.546199083 -0.823881 5.585814 -0.361278 -0.131867 -0.002837 0.991096 0.018211
1784010394.552000999 -0.829796 5.585795 -0.361361 -0.131933 -0.002883 0.991095 0.017781
1784010394.556340933 -0.834227 5.585779 -0.361428 -0.132116 -0.002915 0.991076 0.017473
1784010394.561769009 -0.839760 5.585753 -0.361500 -0.132398 -0.003029 0.991045 0.017092
1784010394.566303968 -0.844374 5.585729 -0.361542 -0.132420 -0.003075 0.991047 0.016779
1784010394.572036028 -0.850189 5.585690 -0.361545 -0.132315 -0.003087 0.991068 0.016363
1784010394.576284885 -0.854495 5.585648 -0.361508 -0.132298 -0.003168 0.991075 0.016061
1784010394.582021952 -0.860308 5.585586 -0.361411 -0.132331 -0.003212 0.991077 0.015618
1784010394.586307049 -0.864651 5.585535 -0.361312 -0.132393 -0.003130 0.991075 0.015273
1784010394.592056036 -0.870463 5.585450 -0.361175 -0.132490 -0.003210 0.991069 0.014809
1784010394.596398115 -0.874845 5.585381 -0.361083 -0.132431 -0.003278 0.991081 0.014456
1784010394.601798058 -0.880292 5.585298 -0.360990 -0.132234 -0.003270 0.991114 0.014015
1784010394.606154919 -0.884688 5.585232 -0.360945 -0.132110 -0.003289 0.991135 0.013671
1784010394.611963987 -0.890537 5.585143 -0.360932 -0.131844 -0.003277 0.991177 0.013189
1784010394.616321087 -0.894924 5.585074 -0.360960 -0.131594 -0.003331 0.991215 0.012850
1784010394.621739149 -0.900380 5.584988 -0.361014 -0.131422 -0.003389 0.991243 0.012428
1784010394.621739149 -0.900380 5.584988 -0.361014 -0.131422 -0.003389 0.991243 0.012428
1784010394.621995926 -0.900637 5.584983 -0.361016 -0.131415 -0.003391 0.991244 0.012409
1784010394.626234055 -0.904878 5.584898 -0.361050 -0.131383 -0.003389 0.991252 0.012073
1784010394.632000923 -0.910642 5.584772 -0.361087 -0.131231 -0.003508 0.991277 0.011634
1784010394.636435986 -0.915074 5.584673 -0.361091 -0.131089 -0.003606 0.991300 0.011288
1784010394.642016888 -0.920645 5.584538 -0.361048 -0.131066 -0.003786 0.991307 0.010850
1784010394.646249056 -0.924868 5.584434 -0.360984 -0.131069 -0.003913 0.991310 0.010513
1784010394.652055979 -0.930655 5.584281 -0.360857 -0.131039 -0.004009 0.991318 0.010025
1784010394.656398058 -0.934981 5.584163 -0.360748 -0.131120 -0.004133 0.991311 0.009669
1784010394.661628962 -0.940185 5.584021 -0.360618 -0.131232 -0.004234 0.991299 0.009245
1784010394.666120052 -0.944652 5.583905 -0.360522 -0.131237 -0.004199 0.991303 0.008858
1784010394.671997070 -0.950496 5.583742 -0.360441 -0.131336 -0.004240 0.991294 0.008359
1784010394.676489115 -0.954958 5.583614 -0.360427 -0.131462 -0.004297 0.991280 0.007986
1784010394.681854010 -0.960270 5.583460 -0.360468 -0.131514 -0.004227 0.991277 0.007499
1784010394.686398029 -0.964761 5.583326 -0.360548 -0.131495 -0.004203 0.991283 0.007088
1784010394.691787958 -0.970087 5.583158 -0.360670 -0.131469 -0.004263 0.991289 0.006616
1784010394.696221113 -0.974485 5.583019 -0.360780 -0.131377 -0.004307 0.991303 0.006233
1784010394.701971054 -0.980199 5.582829 -0.360908 -0.131343 -0.004239 0.991312 0.005691
1784010394.706234932 -0.984423 5.582678 -0.360991 -0.131273 -0.004231 0.991323 0.005267
1784010394.711976051 -0.990092 5.582462 -0.361086 -0.131003 -0.004207 0.991362 0.004679
1784010394.716640949 -0.994715 5.582282 -0.361133 -0.130937 -0.004039 0.991374 0.004171
1784010394.721451044 -0.999494 5.582075 -0.361144 -0.131290 -0.003993 0.991329 0.003634
1784010394.721451044 -0.999494 5.582075 -0.361144 -0.131290 -0.003993 0.991329 0.003634
1784010394.721977949 -1.000017 5.582048 -0.361142 -0.131328 -0.003990 0.991324 0.003574
1784010394.726083994 -1.004081 5.581826 -0.361118 -0.131545 -0.004039 0.991297 0.003091
1784010394.732029915 -1.009961 5.581490 -0.361069 -0.131414 -0.004060 0.991316 0.002381
1784010394.736388922 -1.014284 5.581234 -0.361018 -0.131571 -0.004258 0.991296 0.001885
1784010394.741722107 -1.019574 5.580911 -0.360940 -0.132033 -0.004506 0.991234 0.001268
1784010394.745944977 -1.023754 5.580654 -0.360882 -0.132127 -0.004581 0.991222 0.000753
1784010394.751611948 -1.029364 5.580297 -0.360816 -0.132104 -0.004811 0.991224 0.000083
1784010394.756263018 -1.033971 5.579999 -0.360769 -0.132296 -0.004911 0.991198 -0.000479
1784010394.761981010 -1.039624 5.579632 -0.360739 -0.132379 -0.004959 0.991186 -0.001200
1784010394.766165018 -1.043754 5.579368 -0.360743 -0.132180 -0.004976 0.991212 -0.001704
1784010394.771593094 -1.049121 5.579018 -0.360763 -0.131958 -0.004998 0.991240 -0.002354
1784010394.776324987 -1.053811 5.578711 -0.360795 -0.131881 -0.005070 0.991248 -0.002921
1784010394.781963110 -1.059411 5.578343 -0.360860 -0.131668 -0.005070 0.991274 -0.003594
1784010394.786366940 -1.063787 5.578055 -0.360927 -0.131575 -0.005084 0.991285 -0.004104
1784010394.792011976 -1.069401 5.577675 -0.361016 -0.131675 -0.005110 0.991268 -0.004776
1784010394.796206951 -1.073580 5.577388 -0.361082 -0.131756 -0.005194 0.991255 -0.005268
1784010394.801956892 -1.079317 5.576976 -0.361145 -0.131865 -0.005506 0.991235 -0.005901
1784010394.806246042 -1.083594 5.576664 -0.361164 -0.132015 -0.005737 0.991211 -0.006356
1784010394.812020063 -1.089348 5.576233 -0.361160 -0.132088 -0.006045 0.991195 -0.006983
1784010394.815994978 -1.093310 5.575931 -0.361154 -0.132004 -0.006292 0.991202 -0.007403
1784010394.821746111 -1.099046 5.575477 -0.361152 -0.132060 -0.006689 0.991187 -0.007992
1784010394.821746111 -1.099046 5.575477 -0.361152 -0.132060 -0.006689 0.991187 -0.007992
1784010394.822004080 -1.099305 5.575455 -0.361152 -0.132062 -0.006705 0.991186 -0.008018
1784010394.826591015 -1.103903 5.575058 -0.361167 -0.132248 -0.006907 0.991156 -0.008493
1784010394.832030058 -1.109357 5.574583 -0.361224 -0.132348 -0.007076 0.991137 -0.009059
1784010394.836215973 -1.113548 5.574219 -0.361292 -0.132416 -0.007170 0.991123 -0.009500
1784010394.841969013 -1.119296 5.573720 -0.361392 -0.132516 -0.007111 0.991103 -0.010159
1784010394.845978022 -1.123293 5.573376 -0.361460 -0.132475 -0.007029 0.991105 -0.010621
1784010394.851948977 -1.129263 5.572859 -0.361548 -0.132380 -0.006942 0.991111 -0.011288
1784010394.856250048 -1.133573 5.572486 -0.361597 -0.132476 -0.006907 0.991092 -0.011774
1784010394.861970901 -1.139310 5.571982 -0.361658 -0.132646 -0.006896 0.991062 -0.012426
1784010394.866183996 -1.143531 5.571614 -0.361706 -0.132679 -0.006850 0.991051 -0.012914
1784010394.871999979 -1.149361 5.571095 -0.361784 -0.132738 -0.006847 0.991034 -0.013579
1784010394.876210928 -1.153583 5.570714 -0.361853 -0.132860 -0.006916 0.991011 -0.014059
1784010394.882013083 -1.159424 5.570179 -0.361960 -0.133200 -0.006922 0.990956 -0.014727
1784010394.886368990 -1.163816 5.569770 -0.362041 -0.133704 -0.006952 0.990880 -0.015222
1784010394.891942024 -1.169428 5.569225 -0.362147 -0.134313 -0.007144 0.990787 -0.015832
1784010394.896065950 -1.173573 5.568815 -0.362222 -0.134521 -0.007321 0.990750 -0.016271
1784010394.901932955 -1.179471 5.568223 -0.362289 -0.134776 -0.007499 0.990704 -0.016895
1784010394.906204939 -1.183752 5.567793 -0.362303 -0.134904 -0.007516 0.990678 -0.017364
1784010394.912015915 -1.189565 5.567196 -0.362301 -0.134783 -0.007477 0.990683 -0.018028
1784010394.916105032 -1.193656 5.566766 -0.362289 -0.134679 -0.007518 0.990688 -0.018486
1784010394.921519041 -1.199074 5.566186 -0.362264 -0.134833 -0.007518 0.990655 -0.019118
1784010394.921519041 -1.199074 5.566186 -0.362264 -0.134833 -0.007518 0.990655 -0.019118
1784010394.921912909 -1.199467 5.566141 -0.362261 -0.134844 -0.007521 0.990653 -0.019164
1784010394.926350117 -1.203896 5.565626 -0.362237 -0.134922 -0.007452 0.990632 -0.019716
1784010394.932004929 -1.209544 5.564963 -0.362235 -0.134831 -0.007404 0.990631 -0.020411
1784010394.936491966 -1.214026 5.564434 -0.362260 -0.134813 -0.007443 0.990621 -0.020958
1784010394.941807032 -1.219322 5.563794 -0.362323 -0.134709 -0.007608 0.990620 -0.021609
1784010394.946259975 -1.223757 5.563247 -0.362407 -0.134513 -0.007948 0.990633 -0.022115
1784010394.952023983 -1.229507 5.562524 -0.362516 -0.134448 -0.008409 0.990624 -0.022762
1784010394.956118107 -1.233588 5.562013 -0.362577 -0.134619 -0.008586 0.990587 -0.023258
1784010394.961879969 -1.239306 5.561284 -0.362642 -0.134670 -0.008794 0.990561 -0.023987
1784010394.966238022 -1.243623 5.560733 -0.362664 -0.134545 -0.008939 0.990563 -0.024533
1784010394.971947908 -1.249295 5.559999 -0.362630 -0.134631 -0.009019 0.990532 -0.025272
1784010394.976198912 -1.253539 5.559452 -0.362571 -0.134881 -0.009123 0.990483 -0.025827
1784010394.981853008 -1.259179 5.558718 -0.362481 -0.135167 -0.009270 0.990424 -0.026537
1784010394.986280918 -1.263572 5.558146 -0.362419 -0.135083 -0.009379 0.990420 -0.027084
1784010394.991975069 -1.269226 5.557403 -0.362363 -0.134753 -0.009621 0.990443 -0.027775
1784010394.996129990 -1.273396 5.556868 -0.362341 -0.134793 -0.009713 0.990423 -0.028278
1784010395.001972914 -1.279277 5.556120 -0.362338 -0.135370 -0.009512 0.990324 -0.029035
1784010395.006196976 -1.283502 5.555583 -0.362382 -0.135533 -0.009406 0.990286 -0.029588
1784010395.012025118 -1.289336 5.554824 -0.362525 -0.135190 -0.009572 0.990310 -0.030299
1784010395.015966892 -1.293317 5.554310 -0.362649 -0.135297 -0.009720 0.990280 -0.030767
1784010395.021794081 -1.299198 5.553548 -0.362826 -0.135983 -0.009733 0.990162 -0.031508
1784010395.021836042 -1.299240 5.553542 -0.362827 -0.135983 -0.009734 0.990162 -0.031513
1784010395.021836042 -1.299240 5.553542 -0.362827 -0.135983 -0.009734 0.990162 -0.031513
1784010395.026077986 -1.303469 5.552950 -0.362960 -0.136015 -0.009751 0.990140 -0.032052
1784010395.031943083 -1.309313 5.552108 -0.363141 -0.135345 -0.009918 0.990207 -0.032764
1784010395.036508083 -1.313895 5.551438 -0.363232 -0.135389 -0.009989 0.990181 -0.033350
1784010395.041873932 -1.319283 5.550632 -0.363277 -0.135918 -0.010068 0.990082 -0.034104
1784010395.046222925 -1.323629 5.549974 -0.363291 -0.135820 -0.010045 0.990074 -0.034708
1784010395.051954985 -1.329342 5.549073 -0.363269 -0.135426 -0.010179 0.990099 -0.035510
1784010395.056025028 -1.333411 5.548418 -0.363223 -0.135487 -0.010493 0.990067 -0.036066
1784010395.061983109 -1.339375 5.547447 -0.363134 -0.135752 -0.010616 0.989996 -0.036961
1784010395.066325903 -1.343719 5.546736 -0.363078 -0.135793 -0.010707 0.989965 -0.037612
1784010395.071947098 -1.349334 5.545793 -0.363024 -0.136030 -0.010985 0.989896 -0.038475
1784010395.076551914 -1.353951 5.545018 -0.362992 -0.136373 -0.011083 0.989819 -0.039216
1784010395.081785917 -1.359209 5.544128 -0.362978 -0.136846 -0.011206 0.989718 -0.040067
1784010395.085997105 -1.363430 5.543413 -0.362983 -0.137075 -0.011282 0.989658 -0.040752
1784010395.091963053 -1.369384 5.542392 -0.363017 -0.136975 -0.011336 0.989629 -0.041759
1784010395.096282959 -1.373700 5.541651 -0.363064 -0.136778 -0.011487 0.989625 -0.042462
1784010395.101964951 -1.379382 5.540670 -0.363137 -0.136674 -0.011584 0.989598 -0.043390
1784010395.106086969 -1.383507 5.539960 -0.363196 -0.136602 -0.011590 0.989578 -0.044066
1784010395.111979961 -1.389393 5.538919 -0.363285 -0.136435 -0.011828 0.989555 -0.045007
1784010395.116235018 -1.393631 5.538162 -0.363344 -0.136217 -0.012000 0.989552 -0.045684
1784010395.121443033 -1.398796 5.537226 -0.363393 -0.135962 -0.012216 0.989546 -0.046513
1784010395.121443033 -1.398796 5.537226 -0.363393 -0.135962 -0.012216 0.989546 -0.046513
1784010395.121975899 -1.399322 5.537126 -0.363395 -0.135935 -0.012236 0.989546 -0.046598
1784010395.126147985 -1.403441 5.536333 -0.363402 -0.135812 -0.012378 0.989529 -0.047262
1784010395.131813049 -1.409035 5.535239 -0.363377 -0.135851 -0.012631 0.989478 -0.048155
1784010395.136121988 -1.413284 5.534401 -0.363341 -0.135850 -0.012762 0.989441 -0.048862
1784010395.141935110 -1.419013 5.533253 -0.363300 -0.135854 -0.013064 0.989392 -0.049756
1784010395.146198988 -1.423219 5.532409 -0.363284 -0.135947 -0.013300 0.989344 -0.050391
1784010395.151942015 -1.428883 5.531261 -0.363287 -0.136177 -0.013564 0.989264 -0.051268
1784010395.156219959 -1.433095 5.530401 -0.363322 -0.136271 -0.013785 0.989214 -0.051920
1784010395.161649942 -1.438431 5.529293 -0.363413 -0.136245 -0.014140 0.989169 -0.052743
1784010395.166218042 -1.442918 5.528358 -0.363516 -0.136262 -0.014332 0.989126 -0.053457
1784010395.171998978 -1.448594 5.527172 -0.363656 -0.136339 -0.014353 0.989062 -0.054428
1784010395.176331997 -1.452844 5.526284 -0.363765 -0.136319 -0.014266 0.989024 -0.055179
1784010395.182022095 -1.458406 5.525098 -0.363897 -0.136195 -0.014139 0.988986 -0.056194
1784010395.186032057 -1.462318 5.524253 -0.363978 -0.136082 -0.014136 0.988960 -0.056919
1784010395.191942930 -1.468108 5.522976 -0.364079 -0.135968 -0.014257 0.988913 -0.057967
1784010395.196265936 -1.472364 5.522032 -0.364135 -0.136134 -0.014422 0.988843 -0.058723
1784010395.201963902 -1.477950 5.520773 -0.364194 -0.136362 -0.014602 0.988749 -0.059724
1784010395.206240892 -1.482122 5.519819 -0.364244 -0.136234 -0.014808 0.988718 -0.060473
1784010395.212079048 -1.487841 5.518481 -0.364299 -0.136254 -0.015272 0.988648 -0.061455
1784010395.216141939 -1.491842 5.517542 -0.364317 -0.136754 -0.015530 0.988531 -0.062151
1784010395.221647978 -1.497251 5.516261 -0.364339 -0.137348 -0.015625 0.988385 -0.063145
1784010395.221647978 -1.497251 5.516261 -0.364339 -0.137348 -0.015625 0.988385 -0.063145
1784010395.221916914 -1.497515 5.516196 -0.364340 -0.137374 -0.015628 0.988378 -0.063194
1784010395.226243973 -1.501745 5.515132 -0.364363 -0.137421 -0.015753 0.988320 -0.063954
1784010395.231950998 -1.507315 5.513699 -0.364408 -0.137456 -0.016140 0.988245 -0.064941
1784010395.236110926 -1.511376 5.512659 -0.364440 -0.137487 -0.016263 0.988188 -0.065706
1784010395.241930008 -1.517047 5.511201 -0.364488 -0.137378 -0.016110 0.988131 -0.066815
1784010395.246279955 -1.521272 5.510115 -0.364533 -0.137146 -0.016054 0.988108 -0.067650
1784010395.251986027 -1.526798 5.508670 -0.364593 -0.136678 -0.016020 0.988095 -0.068775
1784010395.256524086 -1.531202 5.507510 -0.364640 -0.136342 -0.016141 0.988079 -0.069648
1784010395.261804104 -1.536336 5.506149 -0.364690 -0.136264 -0.016338 0.988015 -0.070657
1784010395.266217947 -1.540617 5.505015 -0.364722 -0.136208 -0.016384 0.987960 -0.071506
1784010395.271971941 -1.546189 5.503511 -0.364770 -0.135782 -0.016706 0.987936 -0.072572
1784010395.276349068 -1.550434 5.502351 -0.364801 -0.135498 -0.017140 0.987911 -0.073341
1784010395.282016993 -1.555933 5.500842 -0.364814 -0.135459 -0.017470 0.987832 -0.074383
1784010395.286377907 -1.560160 5.499682 -0.364814 -0.135449 -0.017610 0.987770 -0.075193
1784010395.291682959 -1.565305 5.498257 -0.364805 -0.135365 -0.017839 0.987704 -0.076155
1784010395.296093941 -1.569583 5.497068 -0.364788 -0.135367 -0.017898 0.987637 -0.076993
1784010395.301898003 -1.575206 5.495496 -0.364774 -0.135368 -0.017958 0.987547 -0.078123
1784010395.306176901 -1.579354 5.494345 -0.364778 -0.135322 -0.017909 0.987489 -0.078946
1784010395.311930895 -1.584934 5.492786 -0.364802 -0.135396 -0.017714 0.987391 -0.080088
1784010395.316226006 -1.589090 5.491616 -0.364845 -0.135418 -0.017810 0.987318 -0.080920
1784010395.321494102 -1.594165 5.490179 -0.364934 -0.135218 -0.017909 0.987260 -0.081931
1784010395.321494102 -1.594165 5.490179 -0.364934 -0.135218 -0.017909 0.987260 -0.081931
1784010395.321913958 -1.594567 5.490058 -0.364943 -0.135200 -0.017920 0.987256 -0.082012
1784010395.326159000 -1.598634 5.488827 -0.365050 -0.134980 -0.017941 0.987216 -0.082849
1784010395.331948996 -1.604181 5.487119 -0.365214 -0.135030 -0.018126 0.987109 -0.083984
1784010395.336412907 -1.608452 5.485800 -0.365342 -0.135051 -0.018254 0.987029 -0.084868
1784010395.341702938 -1.613495 5.484230 -0.365493 -0.134886 -0.018135 0.986958 -0.085973
1784010395.346337080 -1.617912 5.482838 -0.365614 -0.134914 -0.018135 0.986869 -0.086938
1784010395.351999998 -1.623302 5.481095 -0.365750 -0.135146 -0.018423 0.986729 -0.088097
1784010395.356352091 -1.627430 5.479748 -0.365837 -0.135110 -0.018586 0.986651 -0.088998
1784010395.361783981 -1.632556 5.478042 -0.365927 -0.134815 -0.018782 0.986584 -0.090132
1784010395.366136074 -1.636654 5.476656 -0.365981 -0.134622 -0.019138 0.986522 -0.091018
1784010395.371718884 -1.641892 5.474843 -0.366037 -0.134371 -0.019592 0.986440 -0.092180
1784010395.376275063 -1.646156 5.473356 -0.366065 -0.134134 -0.019807 0.986376 -0.093159
1784010395.381967068 -1.651472 5.471467 -0.366090 -0.133963 -0.020051 0.986273 -0.094429
1784010395.386137962 -1.655368 5.470075 -0.366102 -0.133960 -0.020241 0.986181 -0.095356
1784010395.391925097 -1.660765 5.468123 -0.366125 -0.133859 -0.020394 0.986063 -0.096669
1784010395.396327019 -1.664877 5.466641 -0.366148 -0.133797 -0.020451 0.985971 -0.097683
1784010395.401789904 -1.669977 5.464782 -0.366202 -0.133929 -0.020507 0.985822 -0.098984
1784010395.406173944 -1.674060 5.463287 -0.366272 -0.133966 -0.020604 0.985709 -0.100032
1784010395.411981106 -1.679462 5.461282 -0.366406 -0.133887 -0.020771 0.985574 -0.101427
1784010395.416050911 -1.683261 5.459874 -0.366515 -0.133846 -0.020886 0.985476 -0.102401
1784010395.421880007 -1.688689 5.457841 -0.366676 -0.134285 -0.021148 0.985263 -0.103810
1784010395.421880007 -1.688689 5.457841 -0.366676 -0.134285 -0.021148 0.985263 -0.103810
1784010395.421924114 -1.688729 5.457824 -0.366679 -0.134289 -0.021149 0.985262 -0.103821
1784010395.426127911 -1.692565 5.456302 -0.366826 -0.134237 -0.021230 0.985160 -0.104835
1784010395.431924105 -1.697868 5.454165 -0.367021 -0.133257 -0.021528 0.985142 -0.106179
1784010395.436541080 -1.702156 5.452435 -0.367135 -0.132918 -0.021984 0.985066 -0.107215
1784010395.441626072 -1.706881 5.450530 -0.367214 -0.133143 -0.021981 0.984901 -0.108442
1784010395.446147919 -1.711034 5.448863 -0.367252 -0.133343 -0.021980 0.984753 -0.109533
1784010395.451940060 -1.716370 5.446700 -0.367294 -0.131991 -0.022208 0.984783 -0.110852
1784010395.456408024 -1.720570 5.444996 -0.367309 -0.132007 -0.022380 0.984659 -0.111894
1784010395.462194920 -1.726012 5.442788 -0.367325 -0.133144 -0.022515 0.984343 -0.113288
1784010395.466243029 -1.729786 5.441279 -0.367348 -0.133940 -0.022613 0.984120 -0.114264
1784010395.471921921 -1.735116 5.439129 -0.367401 -0.132990 -0.022932 0.984089 -0.115575
1784010395.476166010 -1.739198 5.437473 -0.367441 -0.132280 -0.023173 0.984063 -0.116554
1784010395.482053995 -1.744860 5.435158 -0.367531 -0.133327 -0.023027 0.983747 -0.118048
1784010395.485996962 -1.748609 5.433642 -0.367612 -0.134028 -0.022934 0.983533 -0.119048
1784010395.491945982 -1.754279 5.431330 -0.367735 -0.133491 -0.023454 0.983427 -0.120421
1784010395.496351004 -1.758561 5.429589 -0.367791 -0.133093 -0.023844 0.983347 -0.121437
1784010395.501812935 -1.763872 5.427409 -0.367882 -0.133619 -0.023952 0.983106 -0.122779
1784010395.506161928 -1.768061 5.425683 -0.367998 -0.134037 -0.024041 0.982913 -0.123848
1784010395.512013912 -1.773713 5.423328 -0.368153 -0.133447 -0.024354 0.982812 -0.125215
1784010395.516163111 -1.777794 5.421631 -0.368213 -0.133029 -0.024579 0.982739 -0.126184
1784010395.521389008 -1.782916 5.419475 -0.368265 -0.133590 -0.024699 0.982503 -0.127404
1784010395.521389008 -1.782916 5.419475 -0.368265 -0.133590 -0.024699 0.982503 -0.127404
1784010395.521955013 -1.783458 5.419235 -0.368275 -0.133652 -0.024713 0.982477 -0.127539
1784010395.526138067 -1.787426 5.417457 -0.368352 -0.134111 -0.024818 0.982281 -0.128542
1784010395.531939030 -1.792939 5.414951 -0.368429 -0.133679 -0.025133 0.982143 -0.129971
1784010395.536355972 -1.797220 5.412999 -0.368440 -0.133349 -0.025375 0.982038 -0.131054
1784010395.542079926 -1.802752 5.410450 -0.368456 -0.134038 -0.025286 0.981747 -0.132540
1784010395.546211004 -1.806687 5.408633 -0.368489 -0.134533 -0.025224 0.981537 -0.133607
1784010395.551918030 -1.812124 5.406098 -0.368559 -0.134256 -0.025460 0.981366 -0.135086
1784010395.555922031 -1.815999 5.404294 -0.368605 -0.134059 -0.025628 0.981246 -0.136119
1784010395.561719894 -1.821600 5.401656 -0.368713 -0.134528 -0.025629 0.980963 -0.137687
1784010395.566178083 -1.825866 5.399637 -0.368835 -0.134886 -0.025632 0.980744 -0.138888
1784010395.572058916 -1.831488 5.396949 -0.369007 -0.134524 -0.026243 0.980566 -0.140376
1784010395.576267004 -1.835551 5.395007 -0.369100 -0.134262 -0.026683 0.980437 -0.141435
1784010395.581912994 -1.840985 5.392380 -0.369201 -0.134313 -0.026657 0.980211 -0.142957
1784010395.585988045 -1.844875 5.390490 -0.369253 -0.134348 -0.026641 0.980046 -0.144049
1784010395.592005968 -1.850626 5.387666 -0.369280 -0.133827 -0.026956 0.979863 -0.145711
1784010395.596116066 -1.854604 5.385718 -0.369239 -0.133470 -0.027174 0.979738 -0.146839
1784010395.601890087 -1.860177 5.382961 -0.369158 -0.134004 -0.027157 0.979419 -0.148470
1784010395.606177092 -1.864278 5.380927 -0.369096 -0.134399 -0.027148 0.979182 -0.149676
1784010395.611957073 -1.869798 5.378154 -0.369038 -0.133828 -0.027364 0.979002 -0.151316
1784010395.616054058 -1.873743 5.376165 -0.369017 -0.133423 -0.027521 0.978873 -0.152474
1784010395.621729136 -1.879195 5.373383 -0.369040 -0.133677 -0.027470 0.978582 -0.154118
1784010395.621729136 -1.879195 5.373383 -0.369040 -0.133677 -0.027470 0.978582 -0.154118
1784010395.621937990 -1.879394 5.373278 -0.369044 -0.133686 -0.027469 0.978571 -0.154181
1784010395.626173973 -1.883417 5.371145 -0.369127 -0.133869 -0.027454 0.978345 -0.155452
1784010395.631922007 -1.888866 5.368225 -0.369264 -0.133564 -0.027601 0.978099 -0.157228
1784010395.636590958 -1.893299 5.365832 -0.369369 -0.133315 -0.027718 0.977899 -0.158657
1784010395.641911030 -1.898351 5.363083 -0.369483 -0.133483 -0.027790 0.977606 -0.160300
1784010395.646423101 -1.902622 5.360746 -0.369575 -0.133614 -0.027743 0.977354 -0.161731
1784010395.651895046 -1.907775 5.357881 -0.369683 -0.133333 -0.027483 0.977095 -0.163561
1784010395.655939102 -1.911570 5.355734 -0.369749 -0.133268 -0.027528 0.976877 -0.164905
1784010395.661637068 -1.916881 5.352661 -0.369809 -0.133457 -0.027742 0.976512 -0.166865
1784010395.666286945 -1.921175 5.350129 -0.369828 -0.133373 -0.027780 0.976236 -0.168532
1784010395.671660900 -1.926102 5.347148 -0.369826 -0.133080 -0.028105 0.975929 -0.170474
1784010395.676403046 -1.930445 5.344470 -0.369797 -0.132965 -0.028466 0.975631 -0.172206
1784010395.681927919 -1.935502 5.341297 -0.369737 -0.133049 -0.028716 0.975235 -0.174328
1784010395.686279058 -1.939456 5.338767 -0.369697 -0.133033 -0.029011 0.974927 -0.176003
1784010395.692059994 -1.944665 5.335358 -0.369688 -0.132825 -0.029510 0.974527 -0.178278
1784010395.696041107 -1.948247 5.332993 -0.369699 -0.132792 -0.029798 0.974234 -0.179853
1784010395.701910973 -1.953523 5.329468 -0.369739 -0.133040 -0.030117 0.973747 -0.182235
1784010395.706134081 -1.957304 5.326922 -0.369785 -0.133161 -0.030240 0.973402 -0.183963
1784010395.711990118 -1.962509 5.323353 -0.369888 -0.132878 -0.030364 0.972971 -0.186411
1784010395.716195107 -1.966232 5.320768 -0.369968 -0.132662 -0.030479 0.972657 -0.188179
1784010395.721819162 -1.971203 5.317263 -0.370057 -0.132682 -0.030723 0.972176 -0.190590
1784010395.721819162 -1.971203 5.317263 -0.370057 -0.132682 -0.030723 0.972176 -0.190590
1784010395.721935987 -1.971306 5.317189 -0.370058 -0.132683 -0.030728 0.972166 -0.190641
1784010395.726145029 -1.975001 5.314501 -0.370104 -0.132680 -0.030989 0.971808 -0.192421
1784010395.731946945 -1.980040 5.310766 -0.370129 -0.132250 -0.031342 0.971359 -0.194909
1784010395.736243010 -1.983750 5.307977 -0.370116 -0.131873 -0.031564 0.971024 -0.196788
1784010395.741952896 -1.988687 5.304219 -0.370059 -0.131770 -0.031854 0.970501 -0.199371
1784010395.746143103 -1.992298 5.301441 -0.370006 -0.131879 -0.031979 0.970085 -0.201297
1784010395.751945972 -1.997256 5.297556 -0.369958 -0.131843 -0.032164 0.969515 -0.204019
1784010395.756933928 -2.001505 5.294179 -0.369949 -0.131836 -0.032492 0.969012 -0.206347
1784010395.761770964 -2.005627 5.290878 -0.369954 -0.132145 -0.032740 0.968470 -0.208643
1784010395.766154051 -2.009341 5.287878 -0.369971 -0.132416 -0.032750 0.967973 -0.210764
1784010395.771796942 -2.014069 5.283983 -0.370038 -0.132233 -0.032835 0.967385 -0.213546
1784010395.775979996 -2.017552 5.281067 -0.370118 -0.131915 -0.032951 0.966965 -0.215617
1784010395.781913042 -2.022497 5.276886 -0.370221 -0.132047 -0.032930 0.966268 -0.218646
1784010395.786468029 -2.026275 5.273655 -0.370304 -0.132304 -0.032895 0.965705 -0.220968
1784010395.791906118 -2.030724 5.269771 -0.370425 -0.132087 -0.032912 0.965096 -0.223741
1784010395.796171904 -2.034177 5.266699 -0.370526 -0.131608 -0.032994 0.964654 -0.225907
1784010395.801904917 -2.038815 5.262509 -0.370636 -0.131343 -0.033337 0.963985 -0.228845
1784010395.806200981 -2.042283 5.259337 -0.370700 -0.131412 -0.033672 0.963448 -0.231009
1784010395.812102079 -2.046993 5.254949 -0.370778 -0.131370 -0.034104 0.962721 -0.233980
1784010395.816101074 -2.050152 5.251957 -0.370827 -0.131337 -0.034400 0.962222 -0.236001
1784010395.821429968 -2.054339 5.247931 -0.370871 -0.131615 -0.034974 0.961497 -0.238698
1784010395.821429968 -2.054339 5.247931 -0.370871 -0.131615 -0.034974 0.961497 -0.238698
1784010395.821909904 -2.054713 5.247565 -0.370872 -0.131638 -0.035025 0.961432 -0.238944
1784010395.826303959 -2.058116 5.244206 -0.370880 -0.131845 -0.035409 0.960817 -0.241233
1784010395.831918955 -2.062417 5.239896 -0.370901 -0.131764 -0.035769 0.960062 -0.244213
1784010395.836353064 -2.065785 5.236467 -0.370936 -0.131695 -0.036126 0.959462 -0.246543
1784010395.841909885 -2.069975 5.232144 -0.370999 -0.131808 -0.036584 0.958666 -0.249496
1784010395.846276045 -2.073238 5.228734 -0.371064 -0.131750 -0.036845 0.958055 -0.251822
1784010395.851634026 -2.077194 5.224537 -0.371160 -0.131415 -0.037093 0.957321 -0.254735
1784010395.855855942 -2.080276 5.221215 -0.371235 -0.131067 -0.037325 0.956749 -0.257020
1784010395.861536980 -2.084371 5.216713 -0.371313 -0.130593 -0.037712 0.955948 -0.260166
1784010395.866009951 -2.087558 5.213137 -0.371358 -0.130190 -0.038123 0.955311 -0.262635
1784010395.871973991 -2.091755 5.208324 -0.371384 -0.129781 -0.038800 0.954410 -0.265995
1784010395.876033068 -2.094587 5.205025 -0.371382 -0.129657 -0.039227 0.953769 -0.268283
1784010395.881671906 -2.098478 5.200421 -0.371361 -0.129606 -0.039612 0.952825 -0.271582
1784010395.885988951 -2.101425 5.196876 -0.371349 -0.129558 -0.039908 0.952095 -0.274110
1784010395.891952038 -2.105453 5.191949 -0.371351 -0.129643 -0.040394 0.951031 -0.277671
1784010395.896270990 -2.108351 5.188363 -0.371370 -0.129857 -0.040672 0.950237 -0.280238
1784010395.902097940 -2.112221 5.183504 -0.371417 -0.130214 -0.040995 0.949128 -0.283759
1784010395.906162024 -2.114893 5.180103 -0.371474 -0.130367 -0.041212 0.948366 -0.286197
1784010395.911926031 -2.118632 5.175261 -0.371584 -0.130384 -0.041551 0.947284 -0.289700
1784010395.916217089 -2.121388 5.171641 -0.371684 -0.130242 -0.041853 0.946503 -0.292262
1784010395.921364069 -2.124673 5.167284 -0.371801 -0.130087 -0.042083 0.945548 -0.295372
1784010395.921364069 -2.124673 5.167284 -0.371801 -0.130087 -0.042083 0.945548 -0.295372
1784010395.921922922 -2.125023 5.166812 -0.371812 -0.130070 -0.042109 0.945449 -0.295695
1784010395.926156998 -2.127652 5.163231 -0.371889 -0.130010 -0.042215 0.944673 -0.298174
1784010395.931915998 -2.131160 5.158341 -0.371982 -0.129790 -0.042499 0.943620 -0.301547
1784010395.936387062 -2.133847 5.154522 -0.372036 -0.129482 -0.042755 0.942809 -0.304168
1784010395.941546917 -2.136915 5.150087 -0.372054 -0.129327 -0.043071 0.941826 -0.307218
1784010395.946254969 -2.139689 5.146014 -0.372039 -0.129318 -0.043483 0.940904 -0.309976
1784010395.951869965 -2.142940 5.141140 -0.372001 -0.129128 -0.043960 0.939813 -0.313281
1784010395.955971003 -2.145279 5.137566 -0.371972 -0.128781 -0.044372 0.939039 -0.315679
1784010395.961492062 -2.148386 5.132725 -0.371936 -0.128408 -0.045115 0.937961 -0.318913
1784010395.966305971 -2.151080 5.128478 -0.371909 -0.128333 -0.045707 0.936978 -0.321736
1784010395.971679926 -2.154050 5.123733 -0.371894 -0.128310 -0.046191 0.935863 -0.324905
1784010395.976177931 -2.156506 5.119756 -0.371905 -0.128143 -0.046450 0.934937 -0.327589
1784010395.981884003 -2.159587 5.114691 -0.371954 -0.127981 -0.046704 0.933728 -0.331047
1784010395.986394882 -2.162002 5.110668 -0.372020 -0.127952 -0.046938 0.932751 -0.333767
1784010395.991729021 -2.164815 5.105891 -0.372117 -0.127746 -0.047213 0.931593 -0.337025
1784010395.996094942 -2.167098 5.101950 -0.372204 -0.127486 -0.047508 0.930633 -0.339724
1784010396.001898050 -2.170093 5.096674 -0.372290 -0.127422 -0.048198 0.929304 -0.343271
1784010396.006186008 -2.172272 5.092765 -0.372320 -0.127347 -0.048594 0.928327 -0.345877
1784010396.011923075 -2.175113 5.087520 -0.372332 -0.126785 -0.048911 0.927039 -0.349474
1784010396.016021967 -2.177112 5.083736 -0.372325 -0.126379 -0.049297 0.926098 -0.352051
1784010396.021468163 -2.179733 5.078678 -0.372283 -0.126328 -0.049771 0.924752 -0.355525
1784010396.021468163 -2.179733 5.078678 -0.372283 -0.126328 -0.049771 0.924752 -0.355525
1784010396.021852016 -2.179914 5.078323 -0.372279 -0.126323 -0.049805 0.924658 -0.355767
1784010396.026113033 -2.181895 5.074382 -0.372236 -0.126272 -0.050141 0.923592 -0.358497
1784010396.031910896 -2.184538 5.069007 -0.372209 -0.125975 -0.050620 0.922149 -0.362227
1784010396.036459923 -2.186587 5.064770 -0.372214 -0.125909 -0.050927 0.920979 -0.365172
1784010396.041944981 -2.189033 5.059636 -0.372251 -0.125997 -0.051359 0.919522 -0.368735
1784010396.046567917 -2.191068 5.055290 -0.372320 -0.126004 -0.051729 0.918291 -0.371736
1784010396.051877975 -2.193363 5.050292 -0.372437 -0.125822 -0.052070 0.916895 -0.375182
1784010396.056356907 -2.195270 5.046063 -0.372556 -0.125732 -0.052325 0.915688 -0.378112
1784010396.061919928 -2.197606 5.040787 -0.372709 -0.125755 -0.052666 0.914141 -0.381782
1784010396.066158056 -2.199363 5.036750 -0.372828 -0.125792 -0.052852 0.912948 -0.384590
1784010396.071938992 -2.201691 5.031239 -0.372990 -0.125656 -0.053181 0.911328 -0.388413
1784010396.076370955 -2.203425 5.027000 -0.373113 -0.125411 -0.053544 0.910092 -0.391328
1784010396.081629038 -2.205424 5.021962 -0.373234 -0.125126 -0.054046 0.908608 -0.394783
1784010396.085956097 -2.207027 5.017804 -0.373316 -0.124979 -0.054533 0.907365 -0.397611
1784010396.091901064 -2.209158 5.012088 -0.373411 -0.124813 -0.055421 0.905636 -0.401464
1784010396.096075058 -2.210615 5.008080 -0.373465 -0.124744 -0.056055 0.904421 -0.404129
1784010396.101888895 -2.212595 5.002533 -0.373507 -0.124749 -0.056626 0.902705 -0.407865
1784010396.106230974 -2.214052 4.998392 -0.373526 -0.124797 -0.056981 0.901414 -0.410648
1784010396.111745119 -2.215873 4.993126 -0.373546 -0.125092 -0.057658 0.899735 -0.414131
1784010396.116091013 -2.217279 4.989000 -0.373560 -0.125355 -0.058164 0.898418 -0.416830
1784010396.121515036 -2.218977 4.983930 -0.373571 -0.125300 -0.058399 0.896832 -0.420216
1784010396.121515036 -2.218977 4.983930 -0.373571 -0.125300 -0.058399 0.896832 -0.420216
1784010396.121898890 -2.219091 4.983575 -0.373570 -0.125296 -0.058415 0.896723 -0.420448
1784010396.125956059 -2.220274 4.979817 -0.373565 -0.124935 -0.058462 0.895606 -0.422922
1784010396.131864071 -2.221945 4.974307 -0.373551 -0.124486 -0.059164 0.893963 -0.426419
1784010396.136204958 -2.223151 4.970264 -0.373528 -0.124337 -0.059493 0.892708 -0.429038
1784010396.141897917 -2.224659 4.964987 -0.373513 -0.123726 -0.059525 0.891096 -0.432547
1784010396.145884037 -2.225682 4.961279 -0.373534 -0.122995 -0.059884 0.890000 -0.434956
1784010396.151844025 -2.227168 4.955722 -0.373566 -0.122458 -0.060419 0.888279 -0.438537
1784010396.156363964 -2.228272 4.951519 -0.373599 -0.122339 -0.060659 0.886917 -0.441284
1784010396.162034035 -2.229594 4.946237 -0.373686 -0.121882 -0.061092 0.885245 -0.444695
1784010396.166091919 -2.230522 4.942439 -0.373768 -0.121686 -0.061474 0.884014 -0.447138
1784010396.171875000 -2.231807 4.937017 -0.373866 -0.122076 -0.062129 0.882163 -0.450584
1784010396.176151037 -2.232734 4.933010 -0.373941 -0.122246 -0.062575 0.880795 -0.453145
1784010396.181931019 -2.233935 4.927584 -0.374054 -0.122076 -0.063164 0.878998 -0.456585
1784010396.186352015 -2.234833 4.923436 -0.374139 -0.122031 -0.063748 0.877610 -0.459179
1784010396.191802025 -2.235910 4.918356 -0.374232 -0.122048 -0.064294 0.875907 -0.462340
1784010396.196047068 -2.236733 4.914412 -0.374319 -0.121811 -0.064546 0.874599 -0.464836
1784010396.201845884 -2.237831 4.909001 -0.374457 -0.121569 -0.065386 0.872829 -0.468097
1784010396.206089020 -2.238640 4.905057 -0.374560 -0.121550 -0.065987 0.871540 -0.470414
1784010396.211878061 -2.239721 4.899739 -0.374689 -0.121237 -0.066173 0.869849 -0.473587
1784010396.215960979 -2.240476 4.896003 -0.374785 -0.120767 -0.066473 0.868701 -0.475769
1784010396.221603155 -2.241509 4.890858 -0.374883 -0.120472 -0.067211 0.867109 -0.478636
1784010396.221603155 -2.241509 4.890858 -0.374883 -0.120472 -0.067211 0.867109 -0.478636
1784010396.221839905 -2.241549 4.890642 -0.374884 -0.120458 -0.067242 0.867038 -0.478762
1784010396.226155043 -2.242287 4.886723 -0.374897 -0.120414 -0.067420 0.865753 -0.481069
1784010396.231863976 -2.243242 4.881566 -0.374893 -0.120204 -0.067517 0.864074 -0.484116
1784010396.236329079 -2.243979 4.877540 -0.374882 -0.120108 -0.067781 0.862758 -0.486444
1784010396.241887093 -2.244873 4.872552 -0.374868 -0.120123 -0.068225 0.861106 -0.489297
1784010396.246296883 -2.245575 4.868624 -0.374872 -0.120052 -0.068445 0.859829 -0.491525
1784010396.251858950 -2.246432 4.863678 -0.374891 -0.120099 -0.068834 0.858200 -0.494298
1784010396.256103039 -2.247065 4.859916 -0.374920 -0.120091 -0.069342 0.856974 -0.496351
1784010396.261895895 -2.247897 4.854819 -0.374974 -0.119879 -0.069710 0.855357 -0.499133
1784010396.266164064 -2.248498 4.851080 -0.375029 0.119795 0.069762 -0.854164 0.501185
1784010396.271838903 -2.249241 4.846077 -0.375115 0.119928 0.070278 -0.852516 0.503879
1784010396.276232004 -2.249778 4.842196 -0.375199 0.119956 0.070738 -0.851243 0.505956
1784010396.281754971 -2.250388 4.837314 -0.375324 0.119789 0.071043 -0.849636 0.508648
1784010396.286217928 -2.250828 4.833359 -0.375439 0.119473 0.071674 -0.848353 0.510771
1784010396.291897058 -2.251318 4.828330 -0.375560 0.119106 0.072485 -0.846682 0.513506
1784010396.296120882 -2.251644 4.824593 -0.375625 0.118742 0.072787 -0.845416 0.515630
1784010396.301990986 -2.252018 4.819353 -0.375676 0.118271 0.073542 -0.843577 0.518634
1784010396.305977106 -2.252232 4.815791 -0.375682 0.118114 0.074040 -0.842268 0.520722
1784010396.311865091 -2.252480 4.810556 -0.375657 0.117730 0.074274 -0.840290 0.523962
1784010396.316207886 -2.252626 4.806689 -0.375632 0.117328 0.074376 -0.838812 0.526399
1784010396.321727037 -2.252768 4.801726 -0.375584 0.117228 0.074924 -0.836814 0.529515
1784010396.321727037 -2.252768 4.801726 -0.375584 0.117228 0.074924 -0.836814 0.529515
1784010396.322041035 -2.252770 4.801439 -0.375579 0.117221 0.074953 -0.836703 0.529689
1784010396.326138020 -2.252778 4.797699 -0.375528 0.117303 0.075309 -0.835192 0.531999
1784010396.331885099 -2.252724 4.792464 -0.375500 0.116905 0.075585 -0.833126 0.535277
1784010396.336276054 -2.252661 4.788461 -0.375521 0.116340 0.075868 -0.831568 0.537777
1784010396.341865063 -2.252572 4.783326 -0.375568 0.116185 0.076366 -0.829487 0.540944
1784010396.346298933 -2.252505 4.779244 -0.375627 0.116354 0.076748 -0.827798 0.543436
1784010396.351923943 -2.252375 4.774067 -0.375750 0.116088 0.077128 -0.825720 0.546591
1784010396.356082916 -2.252271 4.770237 -0.375861 0.115764 0.077332 -0.824192 0.548931
1784010396.361901999 -2.252112 4.764848 -0.375993 0.115868 0.077661 -0.821975 0.552179
1784010396.366185904 -2.251992 4.760887 -0.376079 0.115968 0.077867 -0.820336 0.554560
1784010396.371779919 -2.251776 4.755716 -0.376195 0.115450 0.078065 -0.818305 0.557633
1784010396.376127958 -2.251587 4.751684 -0.376277 0.114863 0.078345 -0.816740 0.560004
1784010396.381690025 -2.251327 4.746498 -0.376337 0.114576 0.078827 -0.814668 0.563005
1784010396.385930061 -2.251120 4.742553 -0.376369 0.114463 0.079125 -0.813092 0.565260
1784010396.391849041 -2.250778 4.737042 -0.376434 0.113818 0.079538 -0.810976 0.568363
1784010396.396197081 -2.250530 4.732980 -0.376493 0.113539 0.079994 -0.809396 0.570603
1784010396.401814938 -2.250221 4.727725 -0.376548 0.113917 0.080757 -0.807297 0.573387
1784010396.406147957 -2.249993 4.723705 -0.376589 0.114079 0.081072 -0.805714 0.575533
1784010396.411880016 -2.249669 4.718388 -0.376662 0.113828 0.081312 -0.803702 0.578356
1784010396.416127920 -2.249434 4.714433 -0.376724 0.113883 0.081829 -0.802188 0.580369
1784010396.421419144 -2.249135 4.709533 -0.376785 0.114211 0.082476 -0.800317 0.582791
1784010396.421419144 -2.249135 4.709533 -0.376785 0.114211 0.082476 -0.800317 0.582791
1784010396.421994925 -2.249093 4.708999 -0.376790 0.114245 0.082550 -0.800103 0.583068
1784010396.426103115 -2.248773 4.705203 -0.376826 0.114283 0.082520 -0.798573 0.585159
1784010396.431925058 -2.248266 4.699815 -0.376905 0.113989 0.082840 -0.796431 0.588084
1784010396.436507940 -2.247846 4.695577 -0.376972 0.113837 0.083378 -0.794777 0.590270
1784010396.441478968 -2.247373 4.691024 -0.377027 0.113681 0.083335 -0.792960 0.592745
1784010396.446259975 -2.246867 4.686655 -0.377097 0.113188 0.083242 -0.791218 0.595175
1784010396.452018976 -2.246180 4.681370 -0.377202 0.112368 0.084001 -0.789127 0.597993
1784010396.455878019 -2.245711 4.677844 -0.377262 0.111997 0.084206 -0.787736 0.599865
1784010396.461935043 -2.244900 4.672291 -0.377350 0.111470 0.084299 -0.785427 0.602969
1784010396.466376066 -2.244252 4.668195 -0.377423 0.111071 0.084912 -0.783704 0.605195
1784010396.472083092 -2.243377 4.662953 -0.377487 0.110922 0.085410 -0.781400 0.608124
1784010396.476027012 -2.242756 4.659352 -0.377524 0.110754 0.085472 -0.779780 0.610222
1784010396.481911898 -2.241768 4.653921 -0.377582 0.110549 0.086112 -0.777285 0.613345
1784010396.486474991 -2.240990 4.649698 -0.377604 0.110957 0.086609 -0.775265 0.615753
1784010396.491431952 -2.240108 4.645136 -0.377627 0.111220 0.086746 -0.773038 0.618480
1784010396.496074915 -2.239226 4.640856 -0.377683 0.110790 0.087120 -0.771017 0.621022
1784010396.501820087 -2.238092 4.635527 -0.377758 0.110550 0.087641 -0.768415 0.624209
1784010396.506099939 -2.237245 4.631560 -0.377811 0.110753 0.087895 -0.766435 0.626567
1784010396.511863947 -2.236047 4.626225 -0.377920 0.110645 0.088218 -0.763787 0.629766
1784010396.515970945 -2.235171 4.622419 -0.378032 0.110295 0.088304 -0.761936 0.632053
1784010396.521835089 -2.233887 4.616944 -0.378191 0.110337 0.088711 -0.759160 0.635320
1784010396.521835089 -2.233887 4.616944 -0.378191 0.110337 0.088711 -0.759160 0.635320
1784010396.521847010 -2.233883 4.616932 -0.378191 0.110338 0.088712 -0.759155 0.635326
1784010396.526125908 -2.232848 4.612927 -0.378290 0.110424 0.089089 -0.757266 0.637510
1784010396.531842947 -2.231420 4.607597 -0.378425 0.109973 0.089195 -0.754819 0.640467
1784010396.536206961 -2.230321 4.603515 -0.378512 0.109537 0.089344 -0.752974 0.642689
1784010396.541847944 -2.228873 4.598216 -0.378555 0.109615 0.089968 -0.750510 0.645466
1784010396.545933008 -2.227819 4.594400 -0.378552 0.109561 0.090221 -0.748751 0.647478
1784010396.551683903 -2.226270 4.589045 -0.378538 0.108632 0.090267 -0.746402 0.650334
1784010396.556001902 -2.225090 4.585010 -0.378513 0.108150 0.090552 -0.744586 0.652453
1784010396.561907053 -2.223448 4.579502 -0.378446 0.108046 0.091255 -0.742046 0.655261
1784010396.565901041 -2.222339 4.575801 -0.378412 0.107739 0.091402 -0.740362 0.657193
1784010396.571922064 -2.220603 4.570205 -0.378400 0.106899 0.091532 -0.737848 0.660132
1784010396.576286077 -2.219333 4.566121 -0.378409 0.106782 0.092055 -0.735952 0.662192
1784010396.581686974 -2.217754 4.561086 -0.378444 0.106908 0.092588 -0.733581 0.664723
1784010396.586255074 -2.216410 4.556851 -0.378526 0.106689 0.092622 -0.731610 0.666922
1784010396.591892004 -2.214695 4.551624 -0.378672 0.106113 0.093264 -0.729237 0.669519
1784010396.596235037 -2.213370 4.547605 -0.378781 0.105906 0.093900 -0.727398 0.671460
1784010396.601612091 -2.211703 4.542659 -0.378903 0.105554 0.094225 -0.725126 0.673923
1784010396.606026888 -2.210298 4.538607 -0.379008 0.104851 0.094682 -0.723318 0.675908
1784010396.611835003 -2.208409 4.533289 -0.379106 0.104177 0.095480 -0.720923 0.678455
1784010396.616089106 -2.207033 4.529416 -0.379142 0.103895 0.095718 -0.719133 0.680362
1784010396.621731997 -2.205154 4.524283 -0.379184 0.103277 0.095897 -0.716761 0.682929
1784010396.621731997 -2.205154 4.524283 -0.379184 0.103277 0.095897 -0.716761 0.682929
1784010396.621923923 -2.205085 4.524107 -0.379186 0.103257 0.095904 -0.716676 0.683020
1784010396.626136065 -2.203561 4.520257 -0.379218 0.102862 0.096267 -0.714807 0.684984
1784010396.631913900 -2.201460 4.515006 -0.379234 0.102701 0.096628 -0.712166 0.687703
1784010396.636291981 -2.199870 4.511056 -0.379241 0.102507 0.096618 -0.710143 0.689822
1784010396.641885996 -2.197792 4.506001 -0.379267 0.102161 0.096860 -0.707527 0.692522
1784010396.646409035 -2.196107 4.501921 -0.379294 0.102112 0.097305 -0.705402 0.694631
1784010396.651635885 -2.194149 4.497236 -0.379329 0.102099 0.097488 -0.702925 0.697114
1784010396.655822992 -2.192572 4.493505 -0.379373 0.101901 0.097668 -0.700947 0.699107
1784010396.661672115 -2.190351 4.488313 -0.379443 0.101670 0.098341 -0.698173 0.701817
1784010396.666054964 -2.188704 4.484446 -0.379494 0.101717 0.098492 -0.696120 0.703825
1784010396.671870947 -2.186475 4.479331 -0.379584 0.101623 0.098501 -0.693378 0.706539
1784010396.676156998 -2.184798 4.475558 -0.379677 0.101394 0.098874 -0.691403 0.708453
1784010396.681894064 -2.182525 4.470532 -0.379795 0.101368 0.099257 -0.688723 0.711009
1784010396.686187029 -2.180811 4.466805 -0.379879 0.101185 0.099307 -0.686758 0.712926
1784010396.691895962 -2.178445 4.461842 -0.379996 0.100500 0.099658 -0.684138 0.715488
1784010396.696355104 -2.176564 4.457963 -0.380073 0.100146 0.100098 -0.682069 0.717449
1784010396.701638937 -2.174319 4.453403 -0.380129 0.099892 0.100373 -0.679606 0.719779
1784010396.706003904 -2.172461 4.449679 -0.380154 0.099673 0.100594 -0.677578 0.721688
1784010396.711853027 -2.169927 4.444703 -0.380160 0.099212 0.101091 -0.674785 0.724294
1784010396.716106892 -2.168056 4.441071 -0.380149 0.098863 0.101444 -0.672769 0.726166
1784010396.721383095 -2.165704 4.436577 -0.380125 0.098763 0.101559 -0.670172 0.728561
1784010396.721383095 -2.165704 4.436577 -0.380125 0.098763 0.101559 -0.670172 0.728561
1784010396.721906900 -2.165461 4.436133 -0.380125 0.098745 0.101571 -0.669925 0.728789
1784010396.726041079 -2.163526 4.432650 -0.380119 0.098598 0.101679 -0.667973 0.730583
1784010396.731916904 -2.160742 4.427723 -0.380108 0.098394 0.102477 -0.665145 0.733076
1784010396.736314058 -2.158663 4.424056 -0.380097 0.098329 0.102823 -0.663036 0.734944
1784010396.741657019 -2.156110 4.419633 -0.380101 0.098059 0.102659 -0.660460 0.737318
1784010396.746063948 -2.153971 4.415986 -0.380123 0.097838 0.102514 -0.658330 0.739270
1784010396.751852036 -2.151129 4.411230 -0.380150 0.097334 0.103091 -0.655550 0.741722
1784010396.756129980 -2.149043 4.407748 -0.380149 0.096963 0.103504 -0.653492 0.743528
1784010396.761998892 -2.146121 4.402984 -0.380137 0.095749 0.103480 -0.650740 0.746098
1784010396.765846968 -2.144165 4.399846 -0.380129 0.094956 0.103448 -0.648932 0.747776
1784010396.771442890 -2.141255 4.395303 -0.380120 0.094412 0.103780 -0.646138 0.750214
1784010396.776201963 -2.138755 4.391472 -0.380112 0.093951 0.104054 -0.643756 0.752279
1784010396.781599998 -2.135891 4.387123 -0.380087 0.093168 0.104100 -0.641003 0.754717
1784010396.786248922 -2.133418 4.383337 -0.380038 0.092494 0.104131 -0.638626 0.756808
1784010396.791569948 -2.130550 4.379010 -0.379994 0.092431 0.104579 -0.635727 0.759191
1784010396.796114922 -2.128068 4.375354 -0.379998 0.092378 0.104953 -0.633244 0.761218
1784010396.801831007 -2.124913 4.370762 -0.380008 0.092086 0.105287 -0.630093 0.763817
1784010396.806240082 -2.122487 4.367188 -0.379987 0.091863 0.105531 -0.627658 0.765814
1784010396.811681032 -2.119477 4.362786 -0.379974 0.091680 0.105794 -0.624703 0.768211
1784010396.816113949 -2.117019 4.359230 -0.380002 0.091533 0.105998 -0.622290 0.770157
1784010396.821779013 -2.113886 4.354709 -0.380038 0.091256 0.106358 -0.619357 0.772500
1784010396.821779013 -2.113886 4.354709 -0.380038 0.091256 0.106358 -0.619357 0.772500
1784010396.821940899 -2.113795 4.354581 -0.380038 0.091251 0.106368 -0.619270 0.772570
1784010396.826069117 -2.111488 4.351302 -0.380033 0.091105 0.106610 -0.617056 0.774323
1784010396.831890106 -2.108211 4.346688 -0.380054 0.090542 0.106915 -0.614052 0.776731
1784010396.836170912 -2.105762 4.343305 -0.380129 0.090116 0.107127 -0.611856 0.778482
1784010396.841835022 -2.102522 4.338859 -0.380230 0.089762 0.107463 -0.609078 0.780653
1784010396.846035004 -2.100162 4.335591 -0.380266 0.089489 0.107700 -0.607031 0.782244
1784010396.851854086 -2.096883 4.331090 -0.380300 0.089001 0.108028 -0.604211 0.784435
1784010396.856086016 -2.094472 4.327825 -0.380333 0.088634 0.108253 -0.602175 0.786009
1784010396.861643076 -2.091294 4.323566 -0.380359 0.088508 0.108375 -0.599472 0.788070
1784010396.866683960 -2.088429 4.319734 -0.380353 0.088552 0.108448 -0.596964 0.789957
1784010396.871474981 -2.085689 4.316106 -0.380339 0.088591 0.108513 -0.594579 0.791740
1784010396.875996113 -2.083069 4.312705 -0.380331 0.088308 0.108952 -0.592391 0.793350
1784010396.881724119 -2.079745 4.308454 -0.380326 0.087701 0.109248 -0.589666 0.795404
1784010396.886133909 -2.077192 4.305202 -0.380325 0.087478 0.109089 -0.587501 0.797051
1784010396.891839027 -2.073831 4.301003 -0.380332 0.087300 0.109454 -0.584622 0.799134
1784010396.896048069 -2.071331 4.297929 -0.380349 0.087064 0.109855 -0.582564 0.800606
1784010396.901886940 -2.067802 4.293695 -0.380394 0.086648 0.110340 -0.579568 0.802757
1784010396.906277895 -2.065073 4.290518 -0.380448 0.086323 0.110693 -0.577328 0.804356
1784010396.911875963 -2.061552 4.286511 -0.380494 0.085904 0.110508 -0.574339 0.806562
1784010396.916125059 -2.058870 4.283506 -0.380504 0.085576 0.110356 -0.572083 0.808220
1784010396.921432972 -2.055431 4.279746 -0.380510 0.084831 0.110645 -0.569225 0.810274
1784010396.921432972 -2.055431 4.279746 -0.380510 0.084831 0.110645 -0.569225 0.810274
1784010396.922013044 -2.055044 4.279332 -0.380509 0.084745 0.110673 -0.568930 0.810487
1784010396.926014900 -2.052362 4.276488 -0.380485 0.084440 0.111235 -0.566798 0.811934
1784010396.931858063 -2.048429 4.272395 -0.380431 0.084266 0.111454 -0.563576 0.814162
1784010396.936067104 -2.045567 4.269483 -0.380406 0.083673 0.111412 -0.561301 0.815799
1784010396.941844940 -2.041579 4.265461 -0.380363 0.083147 0.111784 -0.558067 0.818017
1784010396.946118116 -2.038618 4.262477 -0.380314 0.083240 0.112141 -0.555561 0.819663
1784010396.951904058 -2.034587 4.258480 -0.380283 0.083042 0.112239 -0.552214 0.821928
1784010396.956152916 -2.031608 4.255567 -0.380302 0.082359 0.112043 -0.549840 0.823613
1784010396.961776972 -2.027639 4.251680 -0.380341 0.082017 0.112091 -0.546638 0.825770
1784010396.966514111 -2.024288 4.248392 -0.380379 0.082130 0.112432 -0.543892 0.827523
1784010396.971736908 -2.020564 4.244794 -0.380463 0.081892 0.112559 -0.540924 0.829473
1784010396.976036072 -2.017470 4.241844 -0.380566 0.081323 0.112523 -0.538528 0.831091
1784010396.981859922 -2.013248 4.237839 -0.380691 0.081096 0.112908 -0.535198 0.833210
1784010396.986033916 -2.010214 4.234976 -0.380769 0.081111 0.113205 -0.532775 0.834719
1784010396.991718054 -2.006037 4.231106 -0.380891 0.080673 0.113314 -0.529540 0.836803
1784010396.995981932 -2.002869 4.228214 -0.380980 0.080216 0.113534 -0.527099 0.838357
1784010397.001880884 -1.998451 4.224237 -0.381072 0.079851 0.114233 -0.523685 0.840434
1784010397.005949020 -1.995392 4.221520 -0.381139 0.079471 0.114573 -0.521328 0.841887
1784010397.012114048 -1.990726 4.217425 -0.381262 0.078487 0.115180 -0.517903 0.844008
1784010397.016176939 -1.987665 4.214733 -0.381337 0.078073 0.115761 -0.515650 0.845346
1784010397.021344185 -1.983810 4.211324 -0.381407 0.077796 0.116118 -0.512817 0.847044
1784010397.021344185 -1.983810 4.211324 -0.381407 0.077796 0.116118 -0.512817 0.847044
1784010397.021672964 -1.983564 4.211109 -0.381409 0.077779 0.116136 -0.512652 0.847143
1784010397.026036024 -1.980288 4.208259 -0.381449 0.077407 0.116229 -0.510597 0.848404
1784010397.031856060 -1.975934 4.204461 -0.381482 0.076833 0.116634 -0.508084 0.849908
1784010397.036308050 -1.972654 4.201552 -0.381463 0.076855 0.116662 -0.506066 0.851106
1784010397.041611910 -1.968739 4.198094 -0.381425 0.077181 0.116423 -0.503600 0.852570
1784010397.046014071 -1.965454 4.195228 -0.381415 0.076880 0.116831 -0.501660 0.853684
1784010397.051857948 -1.961120 4.191457 -0.381390 0.076322 0.117048 -0.499297 0.855089
1784010397.056169033 -1.957957 4.188679 -0.381360 0.076033 0.116660 -0.497492 0.856219
1784010397.061644077 -1.953874 4.185119 -0.381352 0.075151 0.116782 -0.495385 0.857501
1784010397.066152096 -1.950504 4.182160 -0.381359 0.074470 0.117125 -0.493658 0.858509
1784010397.070997953 -1.946923 4.178993 -0.381378 0.073738 0.116938 -0.491902 0.859605
1784010397.076057911 -1.943184 4.175656 -0.381440 0.072706 0.116549 -0.490144 0.860749
1784010397.081640005 -1.939029 4.171880 -0.381508 0.072354 0.116824 -0.488133 0.861883
1784010397.085999012 -1.935788 4.168889 -0.381564 0.072505 0.117589 -0.486386 0.862754
1784010397.091608047 -1.931648 4.165027 -0.381684 0.072280 0.118070 -0.484366 0.863843
1784010397.096154928 -1.928338 4.161835 -0.381789 0.072152 0.118275 -0.482775 0.864716
1784010397.101854086 -1.924240 4.157741 -0.381876 0.072195 0.119015 -0.480987 0.865606
1784010397.106096983 -1.921258 4.154627 -0.381923 0.072206 0.119362 -0.479726 0.866257
1784010397.111845970 -1.917299 4.150344 -0.381966 0.071863 0.118951 -0.478416 0.867067
1784010397.116199017 -1.914358 4.147024 -0.381975 0.071565 0.118879 -0.477500 0.867606
1784010397.121487141 -1.910840 4.142897 -0.381948 0.071659 0.119074 -0.476520 0.868110
1784010397.121487141 -1.910840 4.142897 -0.381948 0.071659 0.119074 -0.476520 0.868110
1784010397.121840000 -1.910604 4.142626 -0.381945 0.071658 0.119088 -0.476438 0.868153
1784010397.126091957 -1.907776 4.139342 -0.381925 0.071797 0.119041 -0.475572 0.868623
1784010397.131856918 -1.903997 4.134844 -0.381927 0.071802 0.118800 -0.474661 0.869154
1784010397.136183977 -1.901208 4.131413 -0.381944 0.071859 0.118856 -0.474007 0.869498
1784010397.141834021 -1.897606 4.126898 -0.381999 0.071834 0.118906 -0.473314 0.869871
1784010397.145996094 -1.894989 4.123539 -0.382065 0.071572 0.118821 -0.472878 0.870141
1784010397.151824951 -1.891339 4.118807 -0.382155 0.071054 0.118690 -0.472437 0.870441
1784010397.156341076 -1.888529 4.115077 -0.382207 0.070957 0.118739 -0.472036 0.870660
1784010397.162008047 -1.885004 4.110359 -0.382263 0.070990 0.118829 -0.471598 0.870882
1784010397.166125059 -1.882463 4.106915 -0.382306 0.070900 0.118776 -0.471286 0.871065
1784010397.171828032 -1.878961 4.102157 -0.382360 0.070755 0.118564 -0.470927 0.871300
1784010397.175914049 -1.876467 4.098718 -0.382394 0.070720 0.118522 -0.470622 0.871474
1784010397.181859016 -1.872817 4.093714 -0.382440 0.070525 0.118758 -0.470306 0.871628
1784010397.186228991 -1.870148 4.090014 -0.382472 0.070312 0.118876 -0.470063 0.871760
1784010397.191709995 -1.866806 4.085361 -0.382517 0.070161 0.118844 -0.469787 0.871925
1784010397.196034908 -1.864178 4.081660 -0.382556 0.070113 0.119019 -0.469567 0.872024
1784010397.201884985 -1.860631 4.076646 -0.382615 0.070118 0.119259 -0.469355 0.872105
1784010397.206279993 -1.857985 4.072853 -0.382668 0.070024 0.119345 -0.469197 0.872186
1784010397.211950064 -1.854556 4.067945 -0.382737 0.069577 0.119605 -0.469107 0.872234
1784010397.216022968 -1.852104 4.064386 -0.382778 0.069250 0.119821 -0.469037 0.872268
1784010397.221842051 -1.848617 4.059289 -0.382825 0.068951 0.119850 -0.469021 0.872296
1784010397.221842051 -1.848617 4.059289 -0.382825 0.068951 0.119850 -0.469021 0.872296
1784010397.226041079 -1.846031 4.055674 -0.382850 0.068780 0.119870 -0.468841 0.872404
1784010397.231832981 -1.842457 4.050690 -0.382884 0.068517 0.119931 -0.468616 0.872537
1784010397.236268997 -1.839728 4.046848 -0.382916 0.068355 0.119933 -0.468422 0.872654
1784010397.241986990 -1.836201 4.041872 -0.382955 0.068322 0.119998 -0.468153 0.872792
1784010397.246041059 -1.833720 4.038324 -0.382986 0.068454 0.120051 -0.467918 0.872900
1784010397.251678944 -1.830267 4.033398 -0.383041 0.068501 0.119933 -0.467621 0.873072
1784010397.256011009 -1.827618 4.029595 -0.383104 0.068401 0.119823 -0.467402 0.873212
1784010397.261807919 -1.824053 4.024493 -0.383194 0.068448 0.120003 -0.467090 0.873351
1784010397.266134977 -1.821404 4.020672 -0.383275 0.068537 0.120205 -0.466832 0.873453
1784010397.271816969 -1.817915 4.015651 -0.383401 0.068474 0.120269 -0.466542 0.873605
1784010397.276127100 -1.815271 4.011810 -0.383499 0.068607 0.120404 -0.466294 0.873708
1784010397.281816959 -1.811780 4.006736 -0.383602 0.069092 0.120818 -0.465911 0.873817
1784010397.286058903 -1.809196 4.002955 -0.383674 0.069286 0.120855 -0.465641 0.873940
1784010397.291662931 -1.805762 3.997963 -0.383753 0.069116 0.120713 -0.465376 0.874115
1784010397.296118975 -1.803033 3.993971 -0.383791 0.069077 0.120764 -0.465140 0.874236
1784010397.301640034 -1.799660 3.989033 -0.383806 0.069208 0.120798 -0.464835 0.874383
1784010397.306117058 -1.796939 3.985044 -0.383826 0.068973 0.120595 -0.464671 0.874517
1784010397.311863899 -1.793424 3.979925 -0.383858 0.068363 0.120251 -0.464526 0.874690
1784010397.316277981 -1.790722 3.975952 -0.383880 0.068282 0.120284 -0.464348 0.874786
1784010397.321582079 -1.787468 3.971166 -0.383919 0.068549 0.120618 -0.464102 0.874850
1784010397.321582079 -1.787468 3.971166 -0.383919 0.068549 0.120618 -0.464102 0.874850
1784010397.321752071 -1.787360 3.971017 -0.383920 0.068558 0.120621 -0.464093 0.874853
1784010397.326076031 -1.784631 3.967214 -0.383975 0.068567 0.120531 -0.463912 0.874961
1784010397.331882000 -1.780937 3.962108 -0.384092 0.068484 0.120359 -0.463675 0.875116
1784010397.336110115 -1.778236 3.958357 -0.384186 0.068653 0.120654 -0.463453 0.875180
1784010397.341880083 -1.774539 3.953262 -0.384333 0.068927 0.121087 -0.463160 0.875254
1784010397.346175909 -1.771797 3.949482 -0.384466 0.068680 0.121046 -0.463012 0.875357
1784010397.351778030 -1.768196 3.944548 -0.384635 0.068201 0.120959 -0.462849 0.875493
1784010397.355926991 -1.765538 3.940865 -0.384727 0.068186 0.121065 -0.462671 0.875574
1784010397.361831903 -1.761769 3.935656 -0.384820 0.068305 0.120778 -0.462399 0.875748
1784010397.366372108 -1.758887 3.931665 -0.384877 0.067878 0.120141 -0.462275 0.875934
1784010397.371900082 -1.755351 3.926796 -0.384908 0.067320 0.119434 -0.462108 0.876162
1784010397.376056910 -1.752689 3.923096 -0.384900 0.067236 0.119373 -0.461906 0.876283
1784010397.381810904 -1.749005 3.918000 -0.384898 0.067157 0.119422 -0.461660 0.876412
1784010397.386362076 -1.746110 3.913980 -0.384925 0.066757 0.119121 -0.461514 0.876561
1784010397.391716003 -1.742685 3.909223 -0.384970 0.066353 0.118936 -0.461316 0.876720
1784010397.396069050 -1.739897 3.905310 -0.385005 0.066512 0.119282 -0.461078 0.876787
1784010397.401803017 -1.736234 3.900165 -0.385084 0.066959 0.119591 -0.460725 0.876896
1784010397.406168938 -1.733463 3.896245 -0.385181 0.067030 0.119552 -0.460509 0.877009
1784010397.411830902 -1.729845 3.891144 -0.385315 0.067279 0.119841 -0.460210 0.877108
1784010397.416213036 -1.727054 3.887173 -0.385414 0.067674 0.120287 -0.459939 0.877159
1784010397.421595097 -1.723652 3.882322 -0.385547 0.067914 0.120209 -0.459654 0.877300
1784010397.421595097 -1.723652 3.882322 -0.385547 0.067914 0.120209 -0.459654 0.877300
1784010397.421642065 -1.723619 3.882282 -0.385547 0.067915 0.120210 -0.459651 0.877301
1784010397.426104069 -1.720691 3.878368 -0.385640 0.067838 0.119783 -0.459448 0.877472
1784010397.431833982 -1.716913 3.873326 -0.385722 0.067926 0.119567 -0.459140 0.877656
1784010397.436147928 -1.714085 3.869519 -0.385767 0.068138 0.119526 -0.458877 0.877783
1784010397.441862106 -1.710322 3.864516 -0.385839 0.067908 0.119151 -0.458627 0.877982
1784010397.446151972 -1.707491 3.860745 -0.385894 0.067588 0.119019 -0.458467 0.878108
1784010397.451704025 -1.703803 3.855844 -0.385925 0.067566 0.119380 -0.458172 0.878215
1784010397.456022024 -1.700960 3.852028 -0.385935 0.067715 0.119499 -0.457931 0.878313
1784010397.462007999 -1.697005 3.846795 -0.385967 0.067278 0.119158 -0.457726 0.878500
1784010397.466190100 -1.694243 3.843126 -0.385996 0.066917 0.119080 -0.457577 0.878616
1784010397.471796036 -1.690513 3.838194 -0.386005 0.066932 0.119468 -0.457286 0.878713
1784010397.476888895 -1.687147 3.833722 -0.386023 0.067012 0.119713 -0.457026 0.878809
1784010397.481303930 -1.684249 3.829869 -0.386063 0.066765 0.119513 -0.456857 0.878943
1784010397.485970974 -1.681180 3.825793 -0.386108 0.066557 0.119388 -0.456637 0.879090
1784010397.491755962 -1.677350 3.820725 -0.386159 0.066681 0.119670 -0.456304 0.879215
1784010397.496124029 -1.674473 3.816886 -0.386214 0.066841 0.119815 -0.456043 0.879319
1784010397.502006054 -1.670587 3.811744 -0.386313 0.066839 0.119670 -0.455728 0.879502
1784010397.505884886 -1.668030 3.808343 -0.386394 0.066778 0.119793 -0.455511 0.879602
1784010397.511792898 -1.664096 3.803184 -0.386511 0.066511 0.120190 -0.455203 0.879728
1784010397.516077042 -1.661253 3.799427 -0.386587 0.066240 0.120262 -0.455013 0.879837
1784010397.521669149 -1.657525 3.794525 -0.386648 0.065893 0.120395 -0.454769 0.879971
1784010397.521669149 -1.657525 3.794525 -0.386648 0.065893 0.120395 -0.454769 0.879971
1784010397.521820068 -1.657421 3.794395 -0.386648 0.065883 0.120402 -0.454747 0.879982
1784010397.526031017 -1.654535 3.790775 -0.386642 0.065721 0.120667 -0.454228 0.880226
1784010397.531821966 -1.650555 3.785842 -0.386628 0.065428 0.120697 -0.453361 0.880690
1784010397.536284924 -1.647469 3.782061 -0.386628 0.065136 0.120622 -0.452718 0.881053
1784010397.541523933 -1.643816 3.777631 -0.386610 0.065168 0.120816 -0.451793 0.881499
1784010397.546081066 -1.640618 3.773800 -0.386594 0.065391 0.121019 -0.450916 0.881903
1784010397.551831007 -1.636548 3.769032 -0.386601 0.065235 0.120935 -0.449722 0.882536
1784010397.555890083 -1.633645 3.765685 -0.386624 0.065059 0.120732 -0.448890 0.883000
1784010397.561852932 -1.629314 3.760782 -0.386641 0.065215 0.120880 -0.447364 0.883743
1784010397.566025019 -1.626252 3.757387 -0.386668 0.065392 0.121134 -0.446288 0.884238
1784010397.571911097 -1.621874 3.752700 -0.386760 0.065097 0.121017 -0.444603 0.885125
1784010397.576850891 -1.618129 3.748814 -0.386863 0.064876 0.121076 -0.443098 0.885887
1784010397.581500053 -1.614544 3.745177 -0.386936 0.065278 0.121728 -0.441476 0.886578
1784010397.585867882 -1.611142 3.741821 -0.386998 0.065740 0.122227 -0.439829 0.887293
1784010397.591856003 -1.606402 3.737359 -0.387099 0.065374 0.122211 -0.437481 0.888483
1784010397.596306086 -1.602817 3.734113 -0.387166 0.065000 0.122238 -0.435699 0.889381
1784010397.601762056 -1.598356 3.730199 -0.387194 0.064844 0.122700 -0.433291 0.890505
1784010397.605976105 -1.594873 3.727238 -0.387202 0.064636 0.122955 -0.431445 0.891381
1784010397.611819029 -1.589976 3.723230 -0.387214 0.063746 0.122823 -0.428792 0.892742
1784010397.615910053 -1.586507 3.720465 -0.387217 0.063255 0.122809 -0.426931 0.893670
1784010397.621687174 -1.581558 3.716611 -0.387203 0.062929 0.123261 -0.424095 0.894980
1784010397.621687174 -1.581558 3.716611 -0.387203 0.062929 0.123261 -0.424095 0.894980
1784010397.621886015 -1.581386 3.716480 -0.387201 0.062918 0.123275 -0.424013 0.895018
1784010397.626032114 -1.577800 3.713763 -0.387181 0.062676 0.123381 -0.422278 0.895841
1784010397.631817102 -1.572757 3.710028 -0.387179 0.062141 0.123198 -0.419823 0.897056
1784010397.636183977 -1.568909 3.707223 -0.387185 0.061898 0.123452 -0.417909 0.897931
1784010397.641827106 -1.563905 3.703633 -0.387192 0.061776 0.124057 -0.415368 0.899035
1784010397.646053076 -1.560151 3.700990 -0.387214 0.061505 0.124125 -0.413469 0.899919
1784010397.651784897 -1.555020 3.697467 -0.387261 0.060779 0.124074 -0.410870 0.901165
1784010397.656019926 -1.551199 3.694893 -0.387292 0.060317 0.124344 -0.408900 0.902054
1784010397.661943913 -1.545833 3.691356 -0.387329 0.059754 0.124744 -0.406043 0.903326
1784010397.666105986 -1.542050 3.688917 -0.387371 0.059007 0.124769 -0.404096 0.904244
1784010397.671623945 -1.537001 3.685710 -0.387417 0.057829 0.124767 -0.401512 0.905471
1784010397.675764084 -1.533195 3.683300 -0.387429 0.057371 0.124935 -0.399502 0.906365
1784010397.681615114 -1.527804 3.679925 -0.387440 0.056800 0.125200 -0.396613 0.907633
1784010397.686172009 -1.523603 3.677322 -0.387454 0.056248 0.125069 -0.394404 0.908647
1784010397.691454887 -1.518708 3.674300 -0.387446 0.055969 0.125074 -0.391765 0.909804
1784010397.696105957 -1.514373 3.671628 -0.387420 0.055958 0.125646 -0.389404 0.910739
1784010397.701862097 -1.509015 3.668353 -0.387399 0.055792 0.126271 -0.386532 0.911886
1784010397.706211090 -1.504986 3.665903 -0.387407 0.055343 0.126273 -0.384474 0.912783
1784010397.712044954 -1.499581 3.662605 -0.387419 0.054629 0.126334 -0.381738 0.913965
1784010397.715872049 -1.496043 3.660416 -0.387424 0.054462 0.126531 -0.379953 0.914691
1784010397.721724033 -1.490657 3.657083 -0.387470 0.054326 0.126650 -0.377212 0.915816
1784010397.721724033 -1.490657 3.657083 -0.387470 0.054326 0.126650 -0.377212 0.915816
1784010397.721801043 -1.490586 3.657040 -0.387471 0.054328 0.126651 -0.377182 0.915828
1784010397.725970984 -1.486763 3.654716 -0.387528 0.053823 0.126584 -0.375578 0.916526
1784010397.731822968 -1.481397 3.651411 -0.387615 0.053397 0.126893 -0.373413 0.917393
1784010397.736190081 -1.477415 3.648892 -0.387670 0.053334 0.127423 -0.371832 0.917965
1784010397.741640091 -1.472516 3.645740 -0.387738 0.053098 0.127647 -0.370070 0.918659
1784010397.746042967 -1.468616 3.643173 -0.387784 0.052682 0.127222 -0.368794 0.919255
1784010397.751787901 -1.463558 3.639766 -0.387781 0.052355 0.126930 -0.367252 0.919932
1784010397.755816936 -1.460026 3.637318 -0.387737 0.052333 0.127061 -0.366201 0.920334
1784010397.761758089 -1.454849 3.633659 -0.387637 0.052390 0.127026 -0.364801 0.920891
1784010397.765966892 -1.451204 3.631023 -0.387557 0.052350 0.127048 -0.363879 0.921255
1784010397.771780968 -1.446218 3.627358 -0.387438 0.052378 0.127250 -0.362720 0.921682
1784010397.776881933 -1.441901 3.624109 -0.387354 0.052524 0.127142 -0.361752 0.922069
1784010397.781773090 -1.437782 3.620968 -0.387303 0.052615 0.126942 -0.360897 0.922427
1784010397.786094904 -1.434141 3.618172 -0.387279 0.052654 0.127023 -0.360156 0.922703
1784010397.791836977 -1.429313 3.614448 -0.387270 0.052687 0.127273 -0.359252 0.923019
1784010397.796155930 -1.425704 3.611640 -0.387281 0.052530 0.127216 -0.358620 0.923281
1784010397.801580906 -1.421195 3.608118 -0.387292 0.052190 0.126974 -0.357928 0.923602
1784010397.805855036 -1.417655 3.605328 -0.387287 0.051949 0.126824 -0.357383 0.923848
1784010397.811836958 -1.412719 3.601422 -0.387245 0.051883 0.126540 -0.356642 0.924177
1784010397.816226959 -1.409104 3.598548 -0.387203 0.051778 0.126307 -0.356088 0.924428
1784010397.821526051 -1.404735 3.595075 -0.387146 0.051648 0.126161 -0.355434 0.924707
1784010397.821526051 -1.404735 3.595075 -0.387146 0.051648 0.126161 -0.355434 0.924707
1784010397.821676970 -1.404609 3.594981 -0.387144 0.051638 0.126154 -0.355417 0.924715
1784010397.825896978 -1.401110 3.592330 -0.387102 0.051590 0.126063 -0.354854 0.924946
1784010397.831814051 -1.396212 3.588639 -0.387054 0.051535 0.125990 -0.354135 0.925235
1784010397.836261034 -1.392539 3.585848 -0.387034 0.051436 0.125849 -0.353591 0.925467
1784010397.841953993 -1.387826 3.582285 -0.387029 0.051292 0.125702 -0.352905 0.925757
1784010397.845976114 -1.384493 3.579747 -0.387037 0.051195 0.125769 -0.352400 0.925946
1784010397.851790905 -1.379678 3.576104 -0.387093 0.050933 0.125806 -0.351765 0.926197
1784010397.856292009 -1.375958 3.573267 -0.387162 0.050762 0.125725 -0.351248 0.926413
1784010397.861632109 -1.371544 3.569903 -0.387257 0.050666 0.125697 -0.350641 0.926652
1784010397.865967989 -1.367966 3.567153 -0.387338 0.050621 0.125710 -0.350139 0.926843
1784010397.871783018 -1.363187 3.563482 -0.387447 0.050589 0.125457 -0.349540 0.927105
1784010397.875833988 -1.359878 3.560908 -0.387514 0.050541 0.125208 -0.349113 0.927302
1784010397.881494045 -1.355264 3.557333 -0.387596 0.050307 0.124922 -0.348600 0.927546
1784010397.886161089 -1.351468 3.554364 -0.387641 0.050076 0.124719 -0.348205 0.927734
1784010397.891880989 -1.346824 3.550727 -0.387670 0.049763 0.124575 -0.347797 0.927923
1784010397.896284103 -1.343265 3.547902 -0.387674 0.049502 0.124560 -0.347508 0.928048
1784010397.901707888 -1.338901 3.544421 -0.387668 0.049260 0.124490 -0.347209 0.928182
1784010397.905875921 -1.335564 3.541718 -0.387651 0.049193 0.124488 -0.346976 0.928273
1784010397.911809921 -1.330815 3.537865 -0.387616 0.049221 0.124727 -0.346719 0.928335
1784010397.916086912 -1.327400 3.535047 -0.387581 0.049306 0.125013 -0.346515 0.928368
1784010397.921773911 -1.322884 3.531305 -0.387533 0.049450 0.125242 -0.346322 0.928402
1784010397.921850204 -1.322824 3.531256 -0.387532 0.049448 0.125240 -0.346323 0.928402
1784010397.921850204 -1.322824 3.531256 -0.387532 0.049448 0.125240 -0.346323 0.928402
1784010397.926018000 -1.319521 3.528641 -0.387492 0.049567 0.125372 -0.346073 0.928471
1784010397.931767941 -1.314975 3.525039 -0.387435 0.049574 0.125377 -0.345786 0.928577
1784010397.936037064 -1.311604 3.522337 -0.387395 0.049623 0.125308 -0.345590 0.928657
1784010397.941840887 -1.307038 3.518679 -0.387336 0.049732 0.125224 -0.345357 0.928749
1784010397.945878029 -1.303876 3.516130 -0.387313 0.049604 0.124955 -0.345232 0.928838
1784010397.951786041 -1.299249 3.512419 -0.387289 0.049358 0.124392 -0.345053 0.928993
1784010397.956217051 -1.295778 3.509619 -0.387282 0.049239 0.124138 -0.344899 0.929091
1784010397.961796045 -1.291405 3.506110 -0.387293 0.049043 0.123981 -0.344723 0.929188
1784010397.966075897 -1.288047 3.503412 -0.387329 0.048765 0.123779 -0.344590 0.929278
1784010397.971935987 -1.283432 3.499727 -0.387386 0.048561 0.123833 -0.344356 0.929369
1784010397.975801945 -1.280376 3.497272 -0.387427 0.048409 0.123842 -0.344202 0.929433
1784010397.981599092 -1.275785 3.493609 -0.387492 0.048465 0.124365 -0.343896 0.929473
1784010397.986068964 -1.272245 3.490775 -0.387552 0.048488 0.124673 -0.343662 0.929517
1784010397.991679907 -1.267798 3.487226 -0.387620 0.048567 0.125248 -0.343362 0.929547
1784010397.995819092 -1.264516 3.484590 -0.387669 0.048612 0.125651 -0.343140 0.929572
1784010398.001785994 -1.259798 3.480815 -0.387725 0.048720 0.125800 -0.342854 0.929651
1784010398.006378889 -1.256181 3.477900 -0.387761 0.048749 0.125734 -0.342660 0.929730
1784010398.011776924 -1.251933 3.474474 -0.387779 0.048891 0.125690 -0.342424 0.929816
1784010398.016024113 -1.248592 3.471758 -0.387777 0.048992 0.125639 -0.342238 0.929886
1784010398.021603107 -1.244205 3.468203 -0.387777 0.049106 0.125551 -0.342004 0.929978
1784010398.021603107 -1.244205 3.468203 -0.387777 0.049106 0.125551 -0.342004 0.929978
1784010398.021799088 -1.244055 3.468086 -0.387777 0.049106 0.125541 -0.341992 0.929984
1784010398.026051044 -1.240792 3.465531 -0.387782 0.049115 0.125335 -0.341734 0.930106
1784010398.031800985 -1.236393 3.462097 -0.387815 0.048976 0.125369 -0.341400 0.930231
1784010398.036185980 -1.233021 3.459457 -0.387858 0.048869 0.125398 -0.341160 0.930321
1784010398.041785002 -1.228726 3.456101 -0.387925 0.048629 0.125281 -0.340852 0.930462
1784010398.046134949 -1.225379 3.453479 -0.387983 0.048443 0.125193 -0.340626 0.930566
1784010398.051809072 -1.221012 3.450062 -0.388036 0.048628 0.125612 -0.340233 0.930644
1784010398.055939913 -1.217801 3.447535 -0.388048 0.048763 0.125921 -0.339964 0.930694
1784010398.061769962 -1.213297 3.443998 -0.388040 0.048874 0.126068 -0.339587 0.930806
1784010398.066139936 -1.209934 3.441352 -0.388028 0.048957 0.126183 -0.339321 0.930883
1784010398.071779013 -1.205615 3.437954 -0.388001 0.048771 0.125943 -0.338994 0.931044
1784010398.075864077 -1.202467 3.435461 -0.387974 0.048637 0.125773 -0.338775 0.931154
1784010398.081593990 -1.198072 3.431989 -0.387933 0.048821 0.125803 -0.338392 0.931279
1784010398.085949898 -1.194730 3.429345 -0.387909 0.048962 0.125831 -0.338117 0.931368
1784010398.091763020 -1.190284 3.425835 -0.387892 0.049081 0.125740 -0.337717 0.931519
1784010398.095995903 -1.187022 3.423249 -0.387897 0.049168 0.125678 -0.337443 0.931622
1784010398.101763964 -1.182593 3.419745 -0.387922 0.049272 0.125733 -0.337067 0.931746
1784010398.106249094 -1.179148 3.417014 -0.387956 0.049353 0.125779 -0.336789 0.931835
1784010398.111780882 -1.174918 3.413665 -0.387986 0.048817 0.125599 -0.336542 0.931977
1784010398.116086960 -1.171619 3.411046 -0.387986 0.048401 0.125463 -0.336363 0.932082
1784010398.121613026 -1.167393 3.407701 -0.387957 0.048288 0.125265 -0.336050 0.932227
1784010398.121613026 -1.167393 3.407701 -0.387957 0.048288 0.125265 -0.336050 0.932227
1784010398.121964931 -1.167129 3.407500 -0.387953 0.048282 0.125251 -0.336053 0.932228
1784010398.126123905 -1.164013 3.405137 -0.387904 0.048219 0.125076 -0.336139 0.932224
1784010398.131810904 -1.159757 3.401929 -0.387820 0.048332 0.124873 -0.336247 0.932206
1784010398.136099100 -1.156551 3.399490 -0.387750 0.048414 0.124730 -0.336279 0.932210
1784010398.141552925 -1.152473 3.396400 -0.387669 0.048541 0.124769 -0.336356 0.932170
1784010398.146039009 -1.149113 3.393829 -0.387616 0.048643 0.124808 -0.336384 0.932150
1784010398.151819944 -1.144786 3.390530 -0.387580 0.048853 0.124767 -0.336462 0.932116
1784010398.156035900 -1.141631 3.388102 -0.387593 0.049002 0.124748 -0.336464 0.932110
1784010398.161726952 -1.137378 3.384841 -0.387645 0.049036 0.124800 -0.336583 0.932058
1784010398.166085005 -1.134122 3.382312 -0.387702 0.049058 0.124850 -0.336625 0.932035
1784010398.171828985 -1.129830 3.378982 -0.387803 0.049296 0.125040 -0.336722 0.931962
1784010398.175823927 -1.126842 3.376634 -0.387891 0.049458 0.125185 -0.336731 0.931931
1784010398.181257010 -1.122802 3.373475 -0.388025 0.049656 0.125261 -0.336815 0.931879
1784010398.186193943 -1.119152 3.370612 -0.388153 0.049747 0.125095 -0.336876 0.931875
1784010398.191646099 -1.115118 3.367454 -0.388285 0.049653 0.124807 -0.336999 0.931874
1784010398.196017981 -1.111869 3.364891 -0.388369 0.049611 0.124700 -0.337050 0.931872
1784010398.201504946 -1.107799 3.361684 -0.388433 0.049723 0.124581 -0.337144 0.931848
1784010398.205984116 -1.104482 3.359064 -0.388466 0.049626 0.124378 -0.337211 0.931856
1784010398.211932898 -1.100075 3.355616 -0.388490 0.049258 0.124051 -0.337413 0.931846
1784010398.216139078 -1.096945 3.353135 -0.388483 0.049243 0.124056 -0.337448 0.931834
1784010398.221523046 -1.092939 3.349960 -0.388453 0.049595 0.124399 -0.337490 0.931754
1784010398.221523046 -1.092939 3.349960 -0.388453 0.049595 0.124399 -0.337490 0.931754
1784010398.221790075 -1.092734 3.349807 -0.388451 0.049611 0.124419 -0.337475 0.931756
1784010398.225996971 -1.089503 3.347404 -0.388430 0.049722 0.124664 -0.337258 0.931796
1784010398.231813908 -1.085017 3.344091 -0.388414 0.049644 0.124826 -0.337003 0.931871
1784010398.236246109 -1.081605 3.341552 -0.388404 0.049802 0.125185 -0.336745 0.931907
1784010398.241662979 -1.077434 3.338447 -0.388395 0.050127 0.125798 -0.336432 0.931920
1784010398.246051073 -1.074092 3.335949 -0.388405 0.050188 0.125942 -0.336227 0.931972
1784010398.251780033 -1.069728 3.332707 -0.388427 0.049956 0.125647 -0.336009 0.932102
1784010398.256206036 -1.066362 3.330193 -0.388441 0.049803 0.125602 -0.335849 0.932174
1784010398.261756897 -1.062141 3.327034 -0.388444 0.049791 0.125583 -0.335620 0.932260
1784010398.266182899 -1.058812 3.324523 -0.388453 0.049760 0.125163 -0.335452 0.932379
1784010398.271922112 -1.054482 3.321283 -0.388476 0.049315 0.124377 -0.335298 0.932563
1784010398.275979042 -1.051426 3.318985 -0.388494 0.049022 0.124055 -0.335173 0.932666
1784010398.281361103 -1.047353 3.315924 -0.388515 0.048938 0.123900 -0.334950 0.932771
1784010398.286026001 -1.043831 3.313278 -0.388557 0.048772 0.123829 -0.334758 0.932858
1784010398.291735888 -1.039502 3.310046 -0.388623 0.048481 0.123846 -0.334517 0.932958
1784010398.296021938 -1.036257 3.307600 -0.388667 0.048501 0.124111 -0.334300 0.932999
1784010398.301908970 -1.031769 3.304217 -0.388720 0.048647 0.124783 -0.334014 0.933005
1784010398.305967093 -1.028702 3.301878 -0.388763 0.048677 0.125125 -0.333861 0.933012
1784010398.311781883 -1.024303 3.298522 -0.388831 0.048590 0.125353 -0.333704 0.933042
1784010398.316013098 -1.021123 3.296063 -0.388894 0.048421 0.125601 -0.333648 0.933037
1784010398.321530104 -1.016979 3.292833 -0.388985 0.048320 0.125919 -0.333608 0.933014
1784010398.321530104 -1.016979 3.292833 -0.388985 0.048320 0.125919 -0.333608 0.933014
1784010398.321751118 -1.016807 3.292702 -0.388987 0.048315 0.125931 -0.333603 0.933015
1784010398.326023102 -1.013485 3.290172 -0.389049 0.048310 0.125943 -0.333519 0.933043
1784010398.331765890 -1.009024 3.286745 -0.389141 0.048189 0.125739 -0.333457 0.933099
1784010398.336255074 -1.005565 3.284042 -0.389211 0.048252 0.125548 -0.333436 0.933129
1784010398.341542006 -1.001500 3.280832 -0.389292 0.048400 0.125385 -0.333419 0.933149
1784010398.346139908 -0.997981 3.278028 -0.389376 0.048342 0.125297 -0.333483 0.933141
1784010398.351763964 -0.993675 3.274568 -0.389485 0.048187 0.125304 -0.333599 0.933107
1784010398.356236935 -0.990279 3.271798 -0.389567 0.048141 0.125459 -0.333715 0.933047
1784010398.361780882 -0.986088 3.268352 -0.389659 0.048080 0.125551 -0.333882 0.932978
1784010398.366170883 -0.982796 3.265620 -0.389722 0.047944 0.125572 -0.334064 0.932917
1784010398.371978998 -0.978427 3.261973 -0.389762 0.047919 0.125845 -0.334274 0.932806
1784010398.376101017 -0.975343 3.259368 -0.389765 0.048034 0.126169 -0.334422 0.932704
1784010398.381753922 -0.971114 3.255787 -0.389769 0.048066 0.126460 -0.334638 0.932585
1784010398.385998011 -0.967973 3.253100 -0.389779 0.048016 0.126552 -0.334845 0.932501
1784010398.391767025 -0.963710 3.249430 -0.389792 0.047983 0.126581 -0.335126 0.932398
1784010398.395970106 -0.960632 3.246744 -0.389806 0.048023 0.126536 -0.335344 0.932324
1784010398.401832104 -0.956337 3.242978 -0.389830 0.048126 0.126427 -0.335639 0.932227
1784010398.406100988 -0.953237 3.240228 -0.389859 0.048216 0.126401 -0.335881 0.932138
1784010398.411602020 -0.949242 3.236651 -0.389915 0.048390 0.126433 -0.336209 0.932007
1784010398.415853024 -0.946178 3.233869 -0.389977 0.048562 0.126538 -0.336494 0.931881
1784010398.421590090 -0.942057 3.230099 -0.390077 0.048620 0.126635 -0.336919 0.931711
1784010398.421590090 -0.942057 3.230099 -0.390077 0.048620 0.126635 -0.336919 0.931711
1784010398.421714067 -0.941965 3.230018 -0.390079 0.048622 0.126637 -0.336929 0.931707
1784010398.426259995 -0.938622 3.227025 -0.390160 0.048530 0.126532 -0.337393 0.931558
1784010398.431735992 -0.934608 3.223404 -0.390249 0.048165 0.126394 -0.338045 0.931359
1784010398.436042070 -0.931481 3.220544 -0.390297 0.047953 0.126377 -0.338593 0.931174
1784010398.441783905 -0.927339 3.216711 -0.390323 0.047873 0.126285 -0.339320 0.930925
1784010398.445900917 -0.924401 3.213947 -0.390317 0.047909 0.126171 -0.339844 0.930748
1784010398.451735973 -0.920242 3.210010 -0.390266 0.048072 0.126048 -0.340572 0.930490
1784010398.456037045 -0.917191 3.207084 -0.390212 0.048239 0.125948 -0.341085 0.930307
1784010398.461771965 -0.913108 3.203144 -0.390142 0.048567 0.126016 -0.341766 0.930031
1784010398.466120958 -0.910038 3.200142 -0.390098 0.048876 0.126211 -0.342292 0.929795
1784010398.471752882 -0.906093 3.196256 -0.390080 0.049056 0.126106 -0.343021 0.929531
1784010398.476078033 -0.903087 3.193257 -0.390105 0.048999 0.125967 -0.343657 0.929318
1784010398.481750011 -0.899142 3.189284 -0.390161 0.049072 0.126182 -0.344506 0.928970
1784010398.486301899 -0.896010 3.186070 -0.390225 0.049307 0.126431 -0.345194 0.928669
1784010398.491888046 -0.892198 3.182103 -0.390349 0.049394 0.126374 -0.346129 0.928324
1784010398.495821953 -0.889545 3.179288 -0.390459 0.049469 0.126329 -0.346840 0.928060
1784010398.501761913 -0.885556 3.175008 -0.390624 0.049780 0.126453 -0.347910 0.927626
1784010398.506414890 -0.882475 3.171633 -0.390757 0.050053 0.126432 -0.348762 0.927294
1784010398.511859894 -0.878898 3.167663 -0.390907 0.050306 0.126187 -0.349828 0.926912
1784010398.515993118 -0.876213 3.164633 -0.391004 0.050483 0.126089 -0.350651 0.926605
1784010398.521239996 -0.872822 3.160776 -0.391101 0.050610 0.125963 -0.351722 0.926209
1784010398.521239996 -0.872822 3.160776 -0.391101 0.050610 0.125963 -0.351722 0.926209
1784010398.521787882 -0.872461 3.160373 -0.391107 0.050621 0.125949 -0.351835 0.926168
1784010398.526130915 -0.869593 3.157172 -0.391150 0.050678 0.125723 -0.352751 0.925847
1784010398.531783104 -0.865867 3.152975 -0.391169 0.050827 0.125657 -0.353947 0.925391
1784010398.536122084 -0.863027 3.149737 -0.391162 0.051028 0.125811 -0.354865 0.925007
1784010398.541613102 -0.859452 3.145626 -0.391154 0.051231 0.125912 -0.356051 0.924527
1784010398.546065092 -0.856579 3.142273 -0.391152 0.051504 0.126029 -0.357024 0.924120
1784010398.551767111 -0.852908 3.137954 -0.391148 0.051953 0.126495 -0.358269 0.923549
1784010398.556015015 -0.850197 3.134724 -0.391156 0.052156 0.126832 -0.359251 0.923110
1784010398.561728001 -0.846579 3.130365 -0.391179 0.052272 0.126907 -0.360627 0.922556
1784010398.565865993 -0.843993 3.127190 -0.391199 0.052374 0.126899 -0.361655 0.922149
1784010398.571567059 -0.840454 3.122797 -0.391227 0.052498 0.126856 -0.363113 0.921575
1784010398.575872898 -0.837814 3.119464 -0.391258 0.052564 0.126623 -0.364245 0.921157
1784010398.581821918 -0.834186 3.114849 -0.391313 0.052590 0.126151 -0.365821 0.920595
1784010398.586129904 -0.831590 3.111492 -0.391353 0.052622 0.125879 -0.366984 0.920167
1784010398.591789961 -0.828202 3.107053 -0.391393 0.052765 0.125394 -0.368510 0.919615
1784010398.595958948 -0.825735 3.103765 -0.391423 0.052862 0.125017 -0.369650 0.919204
1784010398.601788044 -0.822303 3.099151 -0.391471 0.052749 0.124703 -0.371298 0.918588
1784010398.605978012 -0.819867 3.095812 -0.391510 0.052603 0.124532 -0.372532 0.918120
1784010398.611844063 -0.816474 3.091089 -0.391559 0.052508 0.124498 -0.374311 0.917406
1784010398.616230965 -0.813972 3.087525 -0.391595 0.052511 0.124712 -0.375679 0.916818
1784010398.621323109 -0.811100 3.083362 -0.391646 0.052417 0.124893 -0.377324 0.916123
1784010398.621323109 -0.811100 3.083362 -0.391646 0.052417 0.124893 -0.377324 0.916123
1784010398.621594906 -0.810944 3.083139 -0.391648 0.052413 0.124903 -0.377412 0.916085
1784010398.625917912 -0.808464 3.079561 -0.391693 0.052307 0.125039 -0.378885 0.915465
1784010398.631773949 -0.805143 3.074657 -0.391746 0.052447 0.125340 -0.380904 0.914577
1784010398.636181116 -0.802694 3.070928 -0.391782 0.052692 0.125439 -0.382443 0.913907
1784010398.641787052 -0.799617 3.066134 -0.391833 0.052905 0.125298 -0.384498 0.913051
1784010398.646086931 -0.797300 3.062428 -0.391873 0.053161 0.125175 -0.386097 0.912378
1784010398.651792049 -0.794282 3.057492 -0.391925 0.053483 0.124959 -0.388236 0.911481
1784010398.655762911 -0.792224 3.054040 -0.391974 0.053542 0.124708 -0.389812 0.910839
1784010398.661819935 -0.789108 3.048706 -0.392058 0.053660 0.124471 -0.392289 0.909800
1784010398.665838957 -0.787082 3.045129 -0.392117 0.053953 0.124524 -0.393928 0.909067
1784010398.671713114 -0.784180 3.039869 -0.392229 0.054376 0.124323 -0.396359 0.908012
1784010398.675872087 -0.782175 3.036119 -0.392333 0.054557 0.124010 -0.398152 0.907260
1784010398.681814909 -0.779339 3.030708 -0.392488 0.055005 0.123994 -0.400712 0.906107
1784010398.686233044 -0.777273 3.026653 -0.392606 0.055467 0.124229 -0.402623 0.905199
1784010398.691766024 -0.774727 3.021549 -0.392762 0.055916 0.124391 -0.405095 0.904045
1784010398.695913076 -0.772866 3.017716 -0.392868 0.056179 0.124439 -0.406977 0.903177
1784010398.701708078 -0.770324 3.012352 -0.392967 0.056559 0.124335 -0.409592 0.901985
1784010398.705893993 -0.768542 3.008467 -0.393002 0.056821 0.124066 -0.411513 0.901130
1784010398.711761951 -0.766075 3.002985 -0.392986 0.057181 0.123745 -0.414254 0.899895
1784010398.715965986 -0.764338 2.999038 -0.392939 0.057419 0.123741 -0.416245 0.898961
1784010398.721292019 -0.762173 2.994009 -0.392870 0.057524 0.123626 -0.418844 0.897762
1784010398.721292019 -0.762173 2.994009 -0.392870 0.057524 0.123626 -0.418844 0.897762
1784010398.721755981 -0.761982 2.993568 -0.392864 0.057532 0.123619 -0.419073 0.897656
1784010398.725740910 -0.760354 2.989763 -0.392815 0.057644 0.123381 -0.421067 0.896748
1784010398.731753111 -0.757950 2.984002 -0.392777 0.057908 0.123059 -0.424094 0.895348
1784010398.736146927 -0.756245 2.979790 -0.392796 0.057947 0.122906 -0.426358 0.894290
1784010398.741941929 -0.754047 2.974214 -0.392877 0.057856 0.122514 -0.429439 0.892874
1784010398.746006966 -0.752544 2.970283 -0.392953 0.058037 0.122386 -0.431574 0.891850
1784010398.751722097 -0.750461 2.964717 -0.393053 0.058458 0.122464 -0.434560 0.890361
1784010398.756133080 -0.748894 2.960394 -0.393124 0.058834 0.122325 -0.436850 0.889234
1784010398.761617899 -0.746985 2.954984 -0.393195 0.059467 0.121932 -0.439668 0.887856
1784010398.765983105 -0.745507 2.950672 -0.393240 0.059938 0.121819 -0.441903 0.886730
1784010398.771590948 -0.743658 2.945132 -0.393297 0.060383 0.121529 -0.444804 0.885288
1784010398.775897980 -0.742277 2.940868 -0.393346 0.060637 0.121304 -0.447068 0.884160
1784010398.781579971 -0.740480 2.935224 -0.393396 0.060952 0.121387 -0.450035 0.882620
1784010398.785830021 -0.739173 2.931000 -0.393420 0.061252 0.121404 -0.452212 0.881484
1784010398.791754007 -0.737369 2.925110 -0.393464 0.061199 0.121230 -0.455320 0.879910
1784010398.796014071 -0.736099 2.920868 -0.393492 0.061209 0.121141 -0.457540 0.878769
1784010398.801918983 -0.734374 2.914970 -0.393504 0.061605 0.121110 -0.460522 0.877187
1784010398.805982113 -0.733220 2.910907 -0.393512 0.061804 0.121059 -0.462594 0.876089
1784010398.811629057 -0.731637 2.905245 -0.393533 0.061901 0.120786 -0.465506 0.874576
1784010398.815980911 -0.730447 2.900879 -0.393551 0.062109 0.120611 -0.467690 0.873419
1784010398.821573973 -0.728949 2.895265 -0.393583 0.062297 0.120420 -0.470484 0.871930
1784010398.821573973 -0.728949 2.895265 -0.393583 0.062297 0.120420 -0.470484 0.871930
1784010398.821748972 -0.728900 2.895089 -0.393584 0.062303 0.120415 -0.470573 0.871883
1784010398.825743914 -0.727815 2.891054 -0.393609 0.062416 0.120138 -0.472615 0.870808
1784010398.831828117 -0.726187 2.884884 -0.393645 0.062774 0.119838 -0.475701 0.869141
1784010398.836093903 -0.725078 2.880553 -0.393675 0.063049 0.119801 -0.477838 0.867954
1784010398.841865063 -0.723620 2.874681 -0.393733 0.063367 0.119506 -0.480753 0.866360
1784010398.845922947 -0.722633 2.870535 -0.393781 0.063749 0.119310 -0.482785 0.865228
1784010398.851809978 -0.721235 2.864497 -0.393846 0.064550 0.119337 -0.485678 0.863544
1784010398.855938911 -0.720296 2.860261 -0.393899 0.065073 0.119245 -0.487705 0.862375
1784010398.861808062 -0.718991 2.854225 -0.393978 0.065593 0.118917 -0.490647 0.860710
1784010398.865865946 -0.718119 2.850041 -0.394024 0.066032 0.118851 -0.492652 0.859540
1784010398.871768951 -0.716891 2.843952 -0.394077 0.066642 0.118682 -0.495578 0.857832
1784010398.876003981 -0.716054 2.839584 -0.394119 0.066923 0.118271 -0.497707 0.856633
1784010398.881573915 -0.714987 2.833816 -0.394163 0.067324 0.117717 -0.500532 0.855031
1784010398.885948896 -0.714178 2.829278 -0.394197 0.067748 0.117472 -0.502715 0.853750
1784010398.891309023 -0.713215 2.823722 -0.394264 0.067993 0.117108 -0.505425 0.852179
1784010398.896110058 -0.712384 2.818732 -0.394351 0.068142 0.116654 -0.507879 0.850769
1784010398.901776075 -0.711423 2.812815 -0.394463 0.068543 0.116589 -0.510740 0.849031
1784010398.905849934 -0.710755 2.808560 -0.394558 0.068784 0.116702 -0.512794 0.847757
1784010398.911746979 -0.709817 2.802395 -0.394725 0.068881 0.116497 -0.515845 0.845924
1784010398.916062117 -0.709156 2.797873 -0.394853 0.068986 0.116543 -0.518081 0.844542
1784010398.921277046 -0.708385 2.792403 -0.394982 0.069335 0.116817 -0.520744 0.842836
1784010398.921277046 -0.708385 2.792403 -0.394982 0.069335 0.116817 -0.520744 0.842836
1784010398.921910048 -0.708290 2.791740 -0.394994 0.069381 0.116850 -0.521064 0.842629
1784010398.925910950 -0.707697 2.787561 -0.395062 0.069608 0.116710 -0.523111 0.841361
1784010398.931745052 -0.706861 2.781474 -0.395118 0.069833 0.116196 -0.526122 0.839534
1784010398.936028957 -0.706270 2.777015 -0.395116 0.070268 0.115978 -0.528247 0.838193
1784010398.941803932 -0.705487 2.771042 -0.395089 0.070707 0.115742 -0.531077 0.836398
1784010398.945988894 -0.704934 2.766725 -0.395076 0.070750 0.115527 -0.533160 0.835098
1784010398.951734066 -0.704189 2.760793 -0.395053 0.071081 0.115478 -0.535948 0.833290
1784010398.955940008 -0.703666 2.756454 -0.395046 0.071352 0.115588 -0.537948 0.831962
1784010398.961801052 -0.702971 2.750418 -0.395098 0.071308 0.115521 -0.540815 0.830114
1784010398.966025114 -0.702506 2.746060 -0.395175 0.071425 0.115287 -0.542841 0.828813
1784010398.971611023 -0.701902 2.740310 -0.395303 0.071909 0.115213 -0.545426 0.827083
1784010398.975795031 -0.701465 2.736014 -0.395430 0.072004 0.115364 -0.547367 0.825770
1784010398.981683016 -0.700894 2.729953 -0.395615 0.072212 0.115268 -0.550124 0.823931
1784010398.986064911 -0.700512 2.725433 -0.395729 0.072598 0.115268 -0.552131 0.822553
1784010398.991394043 -0.700099 2.719966 -0.395831 0.072761 0.115162 -0.554586 0.820901
1784010398.996078968 -0.699796 2.715168 -0.395889 0.072695 0.114530 -0.556792 0.819500
1784010399.001729965 -0.699472 2.709358 -0.395894 0.072783 0.114050 -0.559461 0.817740
1784010399.005892992 -0.699268 2.705072 -0.395862 0.073022 0.114006 -0.561379 0.816409
1784010399.011749029 -0.699037 2.699032 -0.395808 0.073266 0.113561 -0.564139 0.814545
1784010399.016053915 -0.698911 2.694560 -0.395768 0.073510 0.113385 -0.566189 0.813124
1784010399.021398067 -0.698802 2.689000 -0.395716 0.074216 0.113429 -0.568660 0.811327
1784010399.021398067 -0.698802 2.689000 -0.395716 0.074216 0.113429 -0.568660 0.811327
1784010399.021583080 -0.698798 2.688810 -0.395713 0.074240 0.113431 -0.568744 0.811266
1784010399.025954008 -0.698723 2.684312 -0.395687 0.074637 0.113223 -0.570762 0.809840
1784010399.031739950 -0.698666 2.678352 -0.395706 0.074740 0.112668 -0.573559 0.807930
1784010399.036086082 -0.698652 2.673847 -0.395740 0.075037 0.112537 -0.575636 0.806442
1784010399.041748047 -0.698667 2.667986 -0.395801 0.075590 0.112540 -0.578303 0.804479
1784010399.045866966 -0.698710 2.663735 -0.395872 0.075670 0.112236 -0.580307 0.803070
1784010399.051712990 -0.698813 2.657687 -0.395979 0.075760 0.111533 -0.583149 0.801098
1784010399.055958033 -0.698918 2.653269 -0.396035 0.076285 0.111308 -0.585150 0.799619
1784010399.061722040 -0.699092 2.647286 -0.396107 0.076930 0.111061 -0.587816 0.797634
1784010399.066111088 -0.699255 2.642735 -0.396176 0.077128 0.110549 -0.589899 0.796147
1784010399.071991920 -0.699497 2.636625 -0.396246 0.077624 0.110214 -0.592625 0.794118
1784010399.075932980 -0.699675 2.632520 -0.396278 0.078131 0.110219 -0.594394 0.792744
1784010399.081743002 -0.699946 2.626499 -0.396346 0.078472 0.110041 -0.597014 0.790764
1784010399.086040974 -0.700156 2.622050 -0.396407 0.078577 0.109913 -0.598952 0.789304
1784010399.091362953 -0.700417 2.616561 -0.396451 0.079071 0.110056 -0.601218 0.787510
1784010399.096134901 -0.700658 2.611670 -0.396473 0.079425 0.110167 -0.603221 0.785926
1784010399.101594925 -0.700945 2.606106 -0.396489 0.079457 0.110023 -0.605546 0.784153
1784010399.106000900 -0.701194 2.601625 -0.396476 0.079691 0.109895 -0.607362 0.782741
1784010399.111793995 -0.701536 2.595773 -0.396439 0.080063 0.109698 -0.609687 0.780921
1784010399.115926027 -0.701794 2.591618 -0.396431 0.079985 0.109507 -0.611372 0.779637
1784010399.121325016 -0.702155 2.586196 -0.396433 0.080040 0.109051 -0.613531 0.777998
1784010399.121325016 -0.702155 2.586196 -0.396433 0.080040 0.109051 -0.613531 0.777998
1784010399.121654034 -0.702175 2.585869 -0.396433 0.080045 0.109025 -0.613663 0.777897
1784010399.126007080 -0.702441 2.581551 -0.396436 0.080384 0.108803 -0.615317 0.776586
1784010399.131755114 -0.702792 2.575882 -0.396482 0.080407 0.108746 -0.617530 0.774833
1784010399.136121988 -0.703086 2.571576 -0.396547 0.080396 0.108581 -0.619239 0.773492
1784010399.141931057 -0.703511 2.565861 -0.396633 0.080849 0.108463 -0.621434 0.771699
1784010399.145947933 -0.703835 2.561918 -0.396695 0.081032 0.108522 -0.622964 0.770437
1784010399.151731014 -0.704366 2.556226 -0.396786 0.081206 0.108370 -0.625256 0.768581
1784010399.156055927 -0.704826 2.551944 -0.396827 0.081820 0.108251 -0.626939 0.767160
1784010399.161856890 -0.705483 2.546243 -0.396862 0.082495 0.108280 -0.629203 0.765228
1784010399.165910006 -0.705985 2.542274 -0.396886 0.082531 0.108060 -0.630884 0.763870
1784010399.171720028 -0.706770 2.536551 -0.396884 0.082702 0.107582 -0.633359 0.761868
1784010399.175889969 -0.707383 2.532419 -0.396851 0.083078 0.107534 -0.635124 0.760363
1784010399.181742907 -0.708300 2.526667 -0.396812 0.083273 0.107069 -0.637652 0.758288
1784010399.186038017 -0.709018 2.522460 -0.396806 0.082975 0.106415 -0.639633 0.756743
1784010399.190876961 -0.709858 2.517692 -0.396805 0.082941 0.106145 -0.641843 0.754911
1784010399.195900917 -0.710772 2.512725 -0.396810 0.083437 0.106172 -0.644046 0.752974
1784010399.201792002 -0.711891 2.506921 -0.396872 0.083756 0.105866 -0.646689 0.750714
1784010399.205940962 -0.712707 2.502823 -0.396955 0.083760 0.105678 -0.648597 0.749092
1784010399.211757898 -0.713881 2.497052 -0.397076 0.084281 0.105766 -0.651169 0.746786
1784010399.215725899 -0.714714 2.493096 -0.397153 0.084647 0.105831 -0.652918 0.745206
1784010399.221538067 -0.715952 2.487301 -0.397283 0.084693 0.105750 -0.655559 0.742891
1784010399.221538067 -0.715952 2.487301 -0.397283 0.084693 0.105750 -0.655559 0.742891
1784010399.221723080 -0.715990 2.487118 -0.397288 0.084694 0.105748 -0.655642 0.742817
1784010399.225975037 -0.716881 2.482897 -0.397388 0.084773 0.105753 -0.657542 0.741126
1784010399.231743097 -0.718135 2.477177 -0.397462 0.085377 0.105623 -0.660026 0.738864
1784010399.236213923 -0.719144 2.472765 -0.397487 0.085679 0.105234 -0.661951 0.737160
1784010399.241568089 -0.720379 2.467491 -0.397492 0.085669 0.104428 -0.664308 0.735153
1784010399.245938063 -0.721409 2.463171 -0.397467 0.086025 0.104097 -0.666147 0.733493
1784010399.251729965 -0.722792 2.457457 -0.397435 0.086567 0.103968 -0.668533 0.731273
1784010399.255971909 -0.723830 2.453288 -0.397437 0.086643 0.103623 -0.670332 0.729665
1784010399.261662006 -0.725243 2.447687 -0.397464 0.086791 0.103227 -0.672735 0.727488
1784010399.266100883 -0.726360 2.443312 -0.397494 0.087282 0.103174 -0.674508 0.725793
1784010399.271748066 -0.727779 2.437790 -0.397587 0.087480 0.102972 -0.676761 0.723698
1784010399.275798082 -0.728801 2.433862 -0.397708 0.087633 0.102831 -0.678375 0.722187
1784010399.281730890 -0.730299 2.428118 -0.397896 0.088301 0.102750 -0.680655 0.719968
1784010399.285901070 -0.731364 2.424060 -0.398000 0.088784 0.102698 -0.682256 0.718399
1784010399.291666985 -0.732858 2.418470 -0.398130 0.089012 0.102431 -0.684454 0.716315
1784010399.296015024 -0.734019 2.414289 -0.398229 0.089195 0.102234 -0.686109 0.714736
1784010399.301702023 -0.735557 2.408867 -0.398331 0.089629 0.101939 -0.688207 0.712704
1784010399.306035995 -0.736742 2.404764 -0.398365 0.089970 0.101718 -0.689803 0.711148
1784010399.311804056 -0.738343 2.399309 -0.398369 0.089838 0.101182 -0.692072 0.709033
1784010399.315980911 -0.739540 2.395338 -0.398349 0.089755 0.100798 -0.693712 0.707494
1784010399.321218014 -0.741067 2.390374 -0.398329 0.090238 0.100686 -0.695663 0.705530
1784010399.321218014 -0.741067 2.390374 -0.398329 0.090238 0.100686 -0.695663 0.705530
1784010399.321789980 -0.741231 2.389836 -0.398330 0.090295 0.100674 -0.695876 0.705314
1784010399.326097012 -0.742473 2.385807 -0.398353 0.090703 0.100578 -0.697478 0.703691
1784010399.331708908 -0.744127 2.380568 -0.398386 0.091164 0.100197 -0.699671 0.701505
1784010399.335951090 -0.745418 2.376595 -0.398394 0.091521 0.099914 -0.701326 0.699844
1784010399.341686010 -0.747203 2.371239 -0.398432 0.091475 0.099633 -0.703637 0.697567
1784010399.345971107 -0.748571 2.367262 -0.398503 0.091451 0.099429 -0.705360 0.695857
1784010399.351764917 -0.750459 2.361903 -0.398603 0.091804 0.099104 -0.707719 0.693458
1784010399.356064081 -0.751897 2.357925 -0.398643 0.092077 0.098868 -0.709465 0.691669
1784010399.361850977 -0.753887 2.352572 -0.398696 0.091884 0.098247 -0.711869 0.689310
1784010399.365942955 -0.755344 2.348783 -0.398751 0.091758 0.097813 -0.713565 0.687632
1784010399.371690035 -0.757411 2.343483 -0.398844 0.092448 0.097643 -0.715766 0.685273
1784010399.375936985 -0.758936 2.339589 -0.398917 0.092968 0.097523 -0.717388 0.683520
1784010399.381715059 -0.761052 2.334288 -0.399000 0.092819 0.096807 -0.719737 0.681169
1784010399.386113882 -0.762728 2.330222 -0.399035 0.092714 0.096268 -0.721522 0.679370
1784010399.391696930 -0.764891 2.325081 -0.399091 0.093294 0.096381 -0.723588 0.677073
1784010399.395715952 -0.766459 2.321418 -0.399162 0.093722 0.096468 -0.725072 0.675411
1784010399.401654005 -0.768795 2.316009 -0.399252 0.093884 0.096096 -0.727372 0.672965
1784010399.405889034 -0.770493 2.312119 -0.399274 0.094011 0.095837 -0.729008 0.671211
1784010399.411693096 -0.772846 2.306806 -0.399314 0.094382 0.095680 -0.731149 0.668849
1784010399.416038036 -0.774633 2.302872 -0.399384 0.094670 0.095567 -0.732749 0.667071
1784010399.421707153 -0.776982 2.297758 -0.399471 0.095118 0.095283 -0.734846 0.664736
1784010399.421707153 -0.776982 2.297758 -0.399471 0.095118 0.095283 -0.734846 0.664736
1784010399.421717882 -0.776985 2.297748 -0.399471 0.095116 0.095283 -0.734851 0.664731
1784010399.426018953 -0.778746 2.293860 -0.399497 0.095455 0.095106 -0.736470 0.662915
1784010399.431718111 -0.781105 2.288716 -0.399534 0.095351 0.094643 -0.738663 0.660551
1784010399.436135054 -0.782968 2.284749 -0.399601 0.095281 0.094282 -0.740353 0.658718
1784010399.441865921 -0.785421 2.279595 -0.399695 0.095317 0.093713 -0.742539 0.656330
1784010399.445890903 -0.787166 2.275971 -0.399754 0.095772 0.093677 -0.744002 0.654610
1784010399.451719999 -0.789726 2.270719 -0.399837 0.095676 0.093005 -0.746242 0.652165
1784010399.455698967 -0.791520 2.267123 -0.399897 0.095624 0.092545 -0.747760 0.650497
1784010399.461693048 -0.794261 2.261689 -0.399961 0.096564 0.092557 -0.749869 0.647923
1784010399.465955019 -0.796233 2.257838 -0.399991 0.097247 0.092564 -0.751357 0.646094
1784010399.471725941 -0.798936 2.252661 -0.400038 0.097482 0.092137 -0.753497 0.643623
1784010399.475979090 -0.800970 2.248856 -0.400052 0.097777 0.091656 -0.755068 0.641803
1784010399.481683016 -0.803716 2.243772 -0.400013 0.098540 0.091417 -0.757105 0.639316
1784010399.485892057 -0.805754 2.240057 -0.399971 0.098693 0.091168 -0.758645 0.637499
1784010399.491694927 -0.808590 2.234959 -0.399904 0.098200 0.090331 -0.760903 0.634999
1784010399.495949030 -0.810698 2.231215 -0.399834 0.098236 0.089940 -0.762469 0.633168
1784010399.501734018 -0.813577 2.226135 -0.399738 0.098524 0.089787 -0.764548 0.630633
1784010399.506001949 -0.815720 2.222410 -0.399700 0.098406 0.089456 -0.766119 0.628789
1784010399.511795044 -0.818655 2.217349 -0.399681 0.098329 0.088977 -0.768240 0.626276
1784010399.516105890 -0.820859 2.213578 -0.399678 0.098784 0.089012 -0.769727 0.624371
1784010399.521242142 -0.823498 2.209109 -0.399710 0.099186 0.089001 -0.771505 0.622110
1784010399.521242142 -0.823498 2.209109 -0.399710 0.099186 0.089001 -0.771505 0.622110
1784010399.521676064 -0.823719 2.208732 -0.399716 0.099222 0.088999 -0.771652 0.621922
1784010399.525983095 -0.825919 2.204994 -0.399788 0.099165 0.088788 -0.773190 0.620049
1784010399.531702995 -0.828856 2.200029 -0.399885 0.099462 0.088779 -0.775164 0.617532
1784010399.536114931 -0.831133 2.196220 -0.399945 0.099821 0.088863 -0.776653 0.615588
1784010399.541409969 -0.833883 2.191686 -0.400014 0.099728 0.088666 -0.778539 0.613245
1784010399.545948982 -0.836270 2.187815 -0.400048 0.099667 0.088309 -0.780160 0.611243
1784010399.551695108 -0.839300 2.182939 -0.400028 0.100068 0.088015 -0.782102 0.608733
1784010399.555819988 -0.841477 2.179469 -0.399992 0.100117 0.087858 -0.783504 0.606942
1784010399.561650038 -0.844585 2.174580 -0.399943 0.099896 0.087356 -0.785547 0.604406
1784010399.566029072 -0.846956 2.170902 -0.399895 0.100258 0.087106 -0.786986 0.602506
1784010399.571650028 -0.850005 2.166204 -0.399844 0.100765 0.087056 -0.788779 0.600079
1784010399.576145887 -0.852460 2.162473 -0.399843 0.100708 0.086871 -0.790284 0.598132
1784010399.581685066 -0.855515 2.157878 -0.399869 0.100727 0.086517 -0.792107 0.595764
1784010399.585793018 -0.857794 2.154474 -0.399890 0.101088 0.086556 -0.793383 0.593997
1784010399.591684103 -0.861069 2.149630 -0.399942 0.101244 0.086652 -0.795243 0.591464
1784010399.595937014 -0.863466 2.146153 -0.399987 0.101129 0.086540 -0.796647 0.589608
1784010399.601679087 -0.866748 2.141469 -0.400000 0.101475 0.086493 -0.798478 0.587072
1784010399.605915070 -0.869200 2.138046 -0.399971 0.101794 0.086364 -0.799807 0.585225
1784010399.611722946 -0.872603 2.133401 -0.399918 0.101545 0.085743 -0.801745 0.582702
1784010399.615947962 -0.875123 2.130031 -0.399858 0.101441 0.085246 -0.803161 0.580841
1784010399.621337175 -0.878368 2.125744 -0.399756 0.101877 0.084888 -0.804866 0.578451
1784010399.621337175 -0.878368 2.125744 -0.399756 0.101877 0.084888 -0.804866 0.578451
1784010399.621504068 -0.878468 2.125611 -0.399752 0.101891 0.084877 -0.804919 0.578376
1784010399.626054049 -0.881207 2.122001 -0.399673 0.102027 0.084589 -0.806391 0.576341
1784010399.631733894 -0.884679 2.117502 -0.399594 0.101905 0.084025 -0.808304 0.573759
1784010399.636225939 -0.887477 2.113941 -0.399527 0.102360 0.083748 -0.809733 0.571701
1784010399.641680956 -0.890907 2.109650 -0.399465 0.102990 0.083470 -0.811443 0.569198
1784010399.646004915 -0.893647 2.106287 -0.399456 0.102891 0.083001 -0.812901 0.567200
1784010399.651715040 -0.897316 2.101840 -0.399463 0.102756 0.082380 -0.814840 0.564526
1784010399.655673981 -0.899896 2.098752 -0.399461 0.103208 0.082190 -0.816115 0.562627
1784010399.661722898 -0.903859 2.094079 -0.399485 0.103674 0.081746 -0.818092 0.559728
1784010399.665884972 -0.906608 2.090903 -0.399532 0.103465 0.081087 -0.819532 0.557752
1784010399.671752930 -0.910537 2.086407 -0.399581 0.103631 0.080374 -0.821492 0.554933
1784010399.676043034 -0.913444 2.083120 -0.399598 0.104324 0.080091 -0.822835 0.552851
1784010399.681850910 -0.917387 2.078711 -0.399647 0.104725 0.079426 -0.824702 0.550083
1784010399.685794115 -0.920076 2.075734 -0.399694 0.104694 0.079015 -0.826009 0.548183
1784010399.691637039 -0.924082 2.071311 -0.399718 0.105418 0.078790 -0.827813 0.545349
1784010399.696055889 -0.927114 2.067991 -0.399720 0.106080 0.078569 -0.829114 0.543272
1784010399.701668024 -0.930949 2.063814 -0.399755 0.106006 0.078169 -0.830897 0.540613
1784010399.705930948 -0.933872 2.060649 -0.399781 0.106140 0.077906 -0.832199 0.538619
1784010399.711726904 -0.937847 2.056347 -0.399781 0.106952 0.077753 -0.833859 0.535905
1784010399.715780020 -0.940620 2.053366 -0.399787 0.107234 0.077668 -0.835037 0.534024
1784010399.721158028 -0.944299 2.049440 -0.399807 0.107120 0.077067 -0.836678 0.531559
1784010399.721158028 -0.944299 2.049440 -0.399807 0.107120 0.077067 -0.836678 0.531559
1784010399.721673965 -0.944651 2.049062 -0.399808 0.107111 0.077010 -0.836834 0.531324
1784010399.725977898 -0.947582 2.045909 -0.399804 0.107383 0.076639 -0.838052 0.529400
1784010399.731667042 -0.951438 2.041759 -0.399794 0.107682 0.076387 -0.839649 0.526839
1784010399.736129999 -0.954459 2.038531 -0.399804 0.107556 0.076062 -0.840939 0.524850
1784010399.741823912 -0.958329 2.034425 -0.399812 0.107500 0.075513 -0.842552 0.522348
1784010399.745805979 -0.961038 2.031564 -0.399807 0.107796 0.075287 -0.843607 0.520615
1784010399.751672983 -0.965021 2.027368 -0.399822 0.107809 0.075106 -0.845173 0.518091
1784010399.756032944 -0.967997 2.024268 -0.399852 0.107714 0.074822 -0.846347 0.516233
1784010399.761663914 -0.971862 2.020287 -0.399871 0.108087 0.074445 -0.847776 0.513860
1784010399.765734911 -0.974673 2.017437 -0.399880 0.108405 0.074330 -0.848794 0.512125
1784010399.771678925 -0.978847 2.013303 -0.399885 0.108645 0.073879 -0.850356 0.509541
1784010399.776189089 -0.982070 2.010194 -0.399866 0.109112 0.073442 -0.851517 0.507562
1784010399.781646013 -0.985982 2.006482 -0.399823 0.109481 0.073139 -0.852949 0.505117
1784010399.785986900 -0.989120 2.003574 -0.399785 0.109299 0.072793 -0.854174 0.503132
1784010399.791723013 -0.993349 1.999755 -0.399705 0.109067 0.071946 -0.855841 0.500464
1784010399.795919895 -0.996489 1.996979 -0.399623 -0.109254 -0.071545 0.857033 -0.498437
1784010399.801722050 -1.000854 1.993203 -0.399525 -0.109173 -0.070952 0.858727 -0.495616
1784010399.806020975 -1.004119 1.990443 -0.399485 -0.108741 -0.070237 0.860054 -0.493508
1784010399.811791897 -1.008567 1.986721 -0.399447 -0.108687 -0.069730 0.861782 -0.490568
1784010399.815676928 -1.011599 1.984222 -0.399429 -0.109123 -0.069545 0.862876 -0.488569
1784010399.821328163 -1.016027 1.980626 -0.399459 -0.109344 -0.068929 0.864528 -0.485679
1784010399.821328163 -1.016027 1.980626 -0.399459 -0.109344 -0.068929 0.864528 -0.485679
1784010399.821681976 -1.016304 1.980400 -0.399463 -0.109362 -0.068895 0.864632 -0.485495
1784010399.825805902 -1.019534 1.977759 -0.399517 -0.109321 -0.068696 0.865885 -0.483293
1784010399.831692934 -1.024190 1.973975 -0.399585 -0.110033 -0.068767 0.867559 -0.480109
1784010399.836283922 -1.027850 1.971048 -0.399638 -0.110815 -0.068729 0.868815 -0.477657
1784010399.841466904 -1.031990 1.967777 -0.399724 -0.110947 -0.068487 0.870350 -0.474859
1784010399.845976114 -1.035618 1.964949 -0.399786 -0.111063 -0.068133 0.871672 -0.472452
1784010399.851721048 -1.040273 1.961365 -0.399799 -0.111717 -0.067646 0.873289 -0.469372
1784010399.855885029 -1.043655 1.958800 -0.399788 -0.111965 -0.067258 0.874471 -0.467162
1784010399.861660957 -1.048362 1.955270 -0.399757 -0.111689 -0.066398 0.876208 -0.464086
1784010399.865866899 -1.051816 1.952705 -0.399717 -0.111954 -0.065983 0.877381 -0.461860
1784010399.871695995 -1.056592 1.949163 -0.399659 -0.112514 -0.065697 0.878951 -0.458769
1784010399.876128912 -1.060220 1.946505 -0.399648 -0.112451 -0.065392 0.880186 -0.456454
1784010399.881833076 -1.064919 1.943096 -0.399658 -0.112470 -0.064695 0.881741 -0.453540
1784010399.885900021 -1.068282 1.940667 -0.399675 -0.113076 -0.064419 0.882730 -0.451500
1784010399.891666889 -1.073017 1.937238 -0.399752 -0.113591 -0.064291 0.884134 -0.448633
1784010399.895988941 -1.076560 1.934687 -0.399850 -0.113598 -0.064083 0.885229 -0.446496
1784010399.901700974 -1.081243 1.931318 -0.399957 -0.114224 -0.063887 0.886561 -0.443714
1784010399.905832052 -1.084623 1.928906 -0.400006 -0.114812 -0.063930 0.887479 -0.441716
1784010399.911725998 -1.089433 1.925524 -0.400043 -0.114776 -0.063612 0.888915 -0.438873
1784010399.916342020 -1.093216 1.922919 -0.400032 -0.114580 -0.063121 0.890059 -0.436672
1784010399.921430111 -1.097389 1.920077 -0.399957 -0.114781 -0.062724 0.891252 -0.434236
1784010399.921430111 -1.097389 1.920077 -0.399957 -0.114781 -0.062724 0.891252 -0.434236
1784010399.921693087 -1.097603 1.919928 -0.399951 -0.114791 -0.062703 0.891312 -0.434113
1784010399.925730944 -1.100901 1.917662 -0.399861 -0.114823 -0.062410 0.892255 -0.432207
1784010399.931665897 -1.105786 1.914356 -0.399727 -0.114786 -0.061749 0.893669 -0.429380
1784010399.936208963 -1.109543 1.911854 -0.399624 -0.115190 -0.061282 0.894680 -0.427228
1784010399.941806078 -1.114161 1.908812 -0.399528 -0.115452 -0.061021 0.895936 -0.424554
1784010399.945844889 -1.117512 1.906650 -0.399497 -0.115329 -0.060725 0.896913 -0.422563
1784010399.951740980 -1.122449 1.903513 -0.399464 -0.115587 -0.060291 0.898287 -0.419626
1784010399.955924034 -1.125964 1.901316 -0.399449 -0.115926 -0.060155 0.899235 -0.417515
1784010399.961658001 -1.130798 1.898350 -0.399459 -0.115738 -0.059969 0.900634 -0.414568
1784010399.965990067 -1.134501 1.896150 -0.399477 -0.115583 -0.059500 0.901726 -0.412299
1784010399.971441984 -1.139201 1.893412 -0.399474 -0.116109 -0.058758 0.902998 -0.409463
1784010399.975900888 -1.143052 1.891211 -0.399476 -0.116402 -0.058407 0.904043 -0.407119
1784010399.981734037 -1.148129 1.888382 -0.399484 -0.116184 -0.057591 0.905511 -0.404024
1784010399.986116886 -1.151991 1.886281 -0.399472 -0.116398 -0.056989 0.906561 -0.401684
1784010399.991663933 -1.156888 1.883638 -0.399431 -0.117079 -0.056864 0.907820 -0.398651
1784010399.996135950 -1.160833 1.881552 -0.399395 -0.117062 -0.056696 0.908918 -0.396169
1784010400.001823902 -1.165880 1.878927 -0.399332 -0.116605 -0.056222 0.910361 -0.393047
1784010400.005759001 -1.169401 1.877117 -0.399266 -0.116888 -0.056128 0.911264 -0.390877
1784010400.011732101 -1.174753 1.874397 -0.399158 -0.117611 -0.055955 0.912565 -0.387635
1784010400.015950918 -1.178541 1.872510 -0.399106 -0.117547 -0.055603 0.913555 -0.385367
1784010400.021413088 -1.183474 1.870071 -0.399048 -0.117676 -0.055197 0.914790 -0.382447
1784010400.021413088 -1.183474 1.870071 -0.399048 -0.117676 -0.055197 0.914790 -0.382447
1784010400.021703005 -1.183737 1.869938 -0.399044 -0.117684 -0.055176 0.914856 -0.382290
1784010400.026084900 -1.187710 1.867940 -0.398974 -0.118316 -0.054858 0.915762 -0.379963
1784010400.031760931 -1.192843 1.865386 -0.398921 -0.118526 -0.054435 0.917002 -0.376956
1784010400.035950899 -1.196636 1.863530 -0.398913 -0.118338 -0.054044 0.917971 -0.374705
1784010400.041651011 -1.201797 1.861018 -0.398880 -0.118613 -0.053400 0.919181 -0.371732
1784010400.046000004 -1.205722 1.859128 -0.398855 -0.118834 -0.053173 0.920086 -0.369449
1784010400.051671982 -1.210859 1.856684 -0.398847 -0.118471 -0.052767 0.921362 -0.366432
1784010400.055959940 -1.214773 1.854861 -0.398843 -0.118479 -0.052256 0.922279 -0.364189
1784010400.061757088 -1.220068 1.852406 -0.398827 -0.119079 -0.051829 0.923417 -0.361158
1784010400.066025972 -1.223966 1.850633 -0.398839 -0.119203 -0.051582 0.924288 -0.358918
1784010400.071693897 -1.229180 1.848309 -0.398860 -0.119251 -0.050762 0.925457 -0.355993
1784010400.075705051 -1.232884 1.846687 -0.398860 -0.119826 -0.050378 0.926198 -0.353923
1784010400.081610918 -1.238341 1.844329 -0.398855 -0.120587 -0.050095 0.927288 -0.350837
1784010400.086246967 -1.242640 1.842533 -0.398844 -0.120758 -0.049496 0.928209 -0.348419
1784010400.091491938 -1.247520 1.840535 -0.398794 -0.121100 -0.048843 0.929228 -0.345665
1784010400.095896006 -1.251605 1.838897 -0.398728 -0.121415 -0.048501 0.930072 -0.343325
1784010400.101722956 -1.257014 1.836787 -0.398637 -0.121096 -0.047825 0.931296 -0.340201
1784010400.105947018 -1.260963 1.835293 -0.398576 -0.120860 -0.047246 0.932189 -0.337911
1784010400.111753941 -1.266402 1.833250 -0.398489 -0.121179 -0.046744 0.933332 -0.334697
1784010400.115789890 -1.270174 1.831862 -0.398453 -0.121190 -0.046508 0.934144 -0.332452
1784010400.121364117 -1.275409 1.829954 -0.398461 -0.120735 -0.046126 0.935328 -0.329329
1784010400.121364117 -1.275409 1.829954 -0.398461 -0.120735 -0.046126 0.935328 -0.329329
1784010400.121643066 -1.275673 1.829855 -0.398462 -0.120714 -0.046109 0.935386 -0.329172
1784010400.126190901 -1.279981 1.828236 -0.398486 -0.121009 -0.045896 0.936241 -0.326656
1784010400.131664991 -1.285158 1.826305 -0.398546 -0.121606 -0.045719 0.937208 -0.323671
1784010400.135879993 -1.289140 1.824840 -0.398637 -0.121657 -0.045663 0.937998 -0.321362
1784010400.141665936 -1.294634 1.822836 -0.398755 -0.121965 -0.045592 0.939054 -0.318156
1784010400.146023035 -1.298769 1.821360 -0.398806 -0.122637 -0.045449 0.939772 -0.315789
1784010400.151824951 -1.304250 1.819443 -0.398845 -0.122916 -0.045114 0.940795 -0.312668
1784010400.155834913 -1.308034 1.818157 -0.398848 -0.122736 -0.044727 0.941551 -0.310512
1784010400.161664963 -1.313529 1.816298 -0.398773 -0.122914 -0.044194 0.942568 -0.307417
1784010400.165939093 -1.317542 1.814962 -0.398680 -0.123035 -0.044079 0.943303 -0.305121
1784010400.171709061 -1.322977 1.813192 -0.398546 -0.122752 -0.043757 0.944367 -0.301975
1784010400.175874949 -1.326922 1.811946 -0.398444 -0.122790 -0.043357 0.945086 -0.299760
1784010400.181657076 -1.332386 1.810238 -0.398321 -0.123074 -0.042920 0.946025 -0.296728
1784010400.185664892 -1.336154 1.809086 -0.398277 -0.122893 -0.042668 0.946717 -0.294624
1784010400.191649914 -1.341816 1.807374 -0.398260 -0.122562 -0.042261 0.947750 -0.291482
1784010400.195916891 -1.345877 1.806174 -0.398260 -0.122963 -0.042067 0.948387 -0.289264
1784010400.201647043 -1.351330 1.804598 -0.398292 -0.123456 -0.041960 0.949236 -0.286267
1784010400.205957890 -1.355439 1.803462 -0.398348 -0.123403 -0.041782 0.949934 -0.283993
1784010400.212014914 -1.361246 1.801914 -0.398393 -0.123622 -0.041343 0.950877 -0.280786
1784010400.215857983 -1.364931 1.800983 -0.398389 -0.123867 -0.041067 0.951452 -0.278764
1784010400.221343040 -1.370204 1.799703 -0.398365 -0.123636 -0.040594 0.952356 -0.275835
1784010400.221349001 -1.370210 1.799701 -0.398364 -0.123635 -0.040593 0.952357 -0.275831
1784010400.221349001 -1.370210 1.799701 -0.398364 -0.123635 -0.040593 0.952357 -0.275831
1784010400.225718975 -1.374465 1.798650 -0.398306 -0.123602 -0.040029 0.953081 -0.273416
1784010400.231715918 -1.380324 1.797238 -0.398172 -0.124336 -0.039466 0.953969 -0.270047
1784010400.236175060 -1.384672 1.796247 -0.398071 -0.124554 -0.039196 0.954667 -0.267509
1784010400.241435051 -1.389839 1.795136 -0.397953 -0.124362 -0.038341 0.955570 -0.264479
1784010400.245954990 -1.394321 1.794216 -0.397846 -0.124758 -0.037742 0.956266 -0.261851
1784010400.251622915 -1.399925 1.793095 -0.397744 -0.125418 -0.037187 0.957098 -0.258554
1784010400.255748034 -1.403985 1.792320 -0.397718 -0.125109 -0.036794 0.957813 -0.256102
1784010400.261624098 -1.409830 1.791237 -0.397691 -0.124763 -0.036099 0.958829 -0.252545
1784010400.265909910 -1.414132 1.790476 -0.397651 -0.125284 -0.035504 0.959454 -0.249985
1784010400.271601915 -1.419807 1.789479 -0.397627 -0.125655 -0.034612 0.960288 -0.246699
1784010400.276302099 -1.424463 1.788668 -0.397659 -0.125041 -0.033818 0.961067 -0.244072
1784010400.281718016 -1.429856 1.787698 -0.397680 -0.125184 -0.032735 0.961802 -0.241235
1784010400.285702944 -1.433822 1.786951 -0.397672 -0.125978 -0.032127 0.962206 -0.239284
1784010400.291635990 -1.439655 1.785751 -0.397701 -0.126353 -0.031630 0.962860 -0.236505
1784010400.296072006 -1.443981 1.784811 -0.397736 -0.126055 -0.031485 0.963401 -0.234473
1784010400.301501989 -1.449265 1.783611 -0.397705 -0.126416 -0.031200 0.963924 -0.232153
1784010400.305872917 -1.453489 1.782627 -0.397644 -0.126811 -0.031028 0.964305 -0.230374
1784010400.311693907 -1.459082 1.781255 -0.397587 -0.126380 -0.030896 0.964919 -0.228048
1784010400.316199064 -1.463413 1.780156 -0.397542 -0.126092 -0.030724 0.965356 -0.226371
1784010400.321352005 -1.468387 1.778852 -0.397458 -0.126791 -0.030324 0.965685 -0.224627
1784010400.321452141 -1.468484 1.778826 -0.397456 -0.126801 -0.030318 0.965691 -0.224595
1784010400.321452141 -1.468484 1.778826 -0.397456 -0.126801 -0.030318 0.965691 -0.224595
1784010400.326436043 -1.473282 1.777429 -0.397403 -0.127338 -0.030092 0.965997 -0.223001
1784010400.331661940 -1.478256 1.775949 -0.397396 -0.127097 -0.029456 0.966402 -0.221464
1784010400.336132050 -1.482468 1.774667 -0.397397 -0.126953 -0.029037 0.966715 -0.220233
1784010400.341702938 -1.487708 1.773019 -0.397386 -0.127091 -0.028910 0.967044 -0.218717
1784010400.345786095 -1.491554 1.771791 -0.397380 -0.127097 -0.028514 0.967275 -0.217745
1784010400.351617098 -1.497019 1.769952 -0.397375 -0.126820 -0.028221 0.967618 -0.216417
1784010400.355885983 -1.500994 1.768565 -0.397373 -0.126744 -0.028283 0.967822 -0.215536
1784010400.361619949 -1.506349 1.766653 -0.397364 -0.126686 -0.027840 0.968065 -0.214536
1784010400.365775108 -1.510232 1.765243 -0.397359 -0.126843 -0.027459 0.968195 -0.213903
1784010400.371644974 -1.515678 1.763185 -0.397360 -0.127267 -0.027185 0.968325 -0.213097
1784010400.375837088 -1.519538 1.761686 -0.397365 -0.127379 -0.026970 0.968416 -0.212646
1784010400.381653070 -1.524880 1.759518 -0.397350 -0.127461 -0.026994 0.968524 -0.212099
1784010400.386049032 -1.528894 1.757842 -0.397304 -0.127717 -0.027109 0.968557 -0.211780
1784010400.391382933 -1.533726 1.755770 -0.397204 -0.127803 -0.027015 0.968603 -0.211528
1784010400.395937920 -1.537825 1.753965 -0.397101 -0.127454 -0.027048 0.968683 -0.211368
1784010400.401664972 -1.542965 1.751638 -0.396944 -0.127150 -0.027157 0.968750 -0.211233
1784010400.405862093 -1.546721 1.749923 -0.396818 -0.127077 -0.027121 0.968763 -0.211222
1784010400.411783934 -1.552013 1.747468 -0.396673 -0.126715 -0.026986 0.968810 -0.211240
1784010400.416066885 -1.555841 1.745686 -0.396603 -0.126421 -0.026955 0.968844 -0.211265
1784010400.421096087 -1.560341 1.743583 -0.396552 -0.126377 -0.026918 0.968842 -0.211304
1784010400.421096087 -1.560341 1.743583 -0.396552 -0.126377 -0.026918 0.968842 -0.211304
1784010400.421550035 -1.560748 1.743386 -0.396549 -0.126375 -0.026917 0.968840 -0.211313
1784010400.425702095 -1.564476 1.741576 -0.396545 -0.126333 -0.026882 0.968830 -0.211392
1784010400.431760073 -1.569937 1.738915 -0.396599 -0.126207 -0.026849 0.968828 -0.211480
1784010400.435988903 -1.573762 1.737062 -0.396665 -0.126380 -0.026882 0.968798 -0.211510
1784010400.441648006 -1.578894 1.734575 -0.396775 -0.126705 -0.026883 0.968743 -0.211564
1784010400.445997000 -1.582845 1.732667 -0.396879 -0.126789 -0.026854 0.968724 -0.211608
1784010400.451793909 -1.588112 1.730101 -0.397009 -0.127044 -0.026881 0.968680 -0.211652
1784010400.455873966 -1.591807 1.728297 -0.397085 -0.127245 -0.026837 0.968633 -0.211751
1784010400.461698055 -1.597071 1.725693 -0.397161 -0.127194 -0.026588 0.968597 -0.211977
1784010400.465739012 -1.600715 1.723877 -0.397185 -0.127139 -0.026462 0.968567 -0.212164
1784010400.471651077 -1.606020 1.721186 -0.397164 -0.127158 -0.026322 0.968494 -0.212502
1784010400.475894928 -1.609811 1.719245 -0.397119 -0.126989 -0.026254 0.968460 -0.212767
1784010400.481628895 -1.614932 1.716584 -0.397035 -0.126758 -0.026321 0.968407 -0.213136
1784010400.486325026 -1.619118 1.714391 -0.396958 -0.126840 -0.026421 0.968322 -0.213462
1784010400.491453886 -1.623677 1.711978 -0.396889 -0.126910 -0.026500 0.968226 -0.213847
1784010400.495764971 -1.627506 1.709935 -0.396855 -0.126894 -0.026591 0.968146 -0.214208
1784010400.501614094 -1.632708 1.707124 -0.396830 -0.127265 -0.026733 0.967980 -0.214719
1784010400.505922079 -1.636533 1.705046 -0.396831 -0.127685 -0.026844 0.967832 -0.215124
1784010400.511658907 -1.641614 1.702250 -0.396866 -0.127996 -0.026908 0.967659 -0.215706
1784010400.515868902 -1.645334 1.700190 -0.396917 -0.128203 -0.027018 0.967531 -0.216144
1784010400.521131039 -1.649971 1.697595 -0.396988 -0.128517 -0.027314 0.967363 -0.216672
1784010400.521131039 -1.649971 1.697595 -0.396988 -0.128517 -0.027314 0.967363 -0.216672
1784010400.521502018 -1.650298 1.697407 -0.396991 -0.128539 -0.027337 0.967351 -0.216710
1784010400.525846958 -1.654125 1.695198 -0.397031 -0.128556 -0.027497 0.967241 -0.217168
1784010400.531692982 -1.659258 1.692219 -0.397053 -0.128246 -0.027516 0.967134 -0.217825
1784010400.536185026 -1.663186 1.689937 -0.397040 -0.128008 -0.027525 0.967049 -0.218338
1784010400.541429996 -1.667758 1.687262 -0.396997 -0.127609 -0.027517 0.966961 -0.218964
1784010400.545869112 -1.671615 1.684993 -0.396946 -0.127182 -0.027542 0.966892 -0.219512
1784010400.551645041 -1.676632 1.682024 -0.396863 -0.126917 -0.027680 0.966759 -0.220235
1784010400.555918932 -1.680348 1.679828 -0.396796 -0.126716 -0.027785 0.966660 -0.220771
1784010400.561616898 -1.685299 1.676889 -0.396716 -0.126640 -0.027931 0.966500 -0.221493
1784010400.565885067 -1.688999 1.674692 -0.396677 -0.126579 -0.028043 0.966381 -0.222035
1784010400.571626902 -1.693983 1.671726 -0.396633 -0.126651 -0.028291 0.966195 -0.222771
1784010400.575803041 -1.697619 1.669575 -0.396601 -0.126698 -0.028474 0.966059 -0.223308
1784010400.581624031 -1.702683 1.666572 -0.396549 -0.127002 -0.028502 0.965843 -0.224063
1784010400.585694075 -1.706208 1.664488 -0.396507 -0.127210 -0.028523 0.965693 -0.224593
1784010400.591646910 -1.711362 1.661434 -0.396439 -0.127080 -0.028508 0.965529 -0.225369
1784010400.595964909 -1.715106 1.659226 -0.396390 -0.126981 -0.028500 0.965411 -0.225934
1784010400.601507902 -1.719906 1.656381 -0.396337 -0.126962 -0.028243 0.965244 -0.226689
1784010400.605717897 -1.723536 1.654221 -0.396314 -0.126945 -0.028051 0.965116 -0.227263
1784010400.611644030 -1.728641 1.651164 -0.396288 -0.126809 -0.027962 0.964944 -0.228079
1784010400.616147995 -1.732527 1.648840 -0.396272 -0.126701 -0.027898 0.964813 -0.228701
1784010400.621421099 -1.737068 1.646099 -0.396264 -0.126742 -0.028010 0.964632 -0.229427
1784010400.621524096 -1.737157 1.646045 -0.396264 -0.126743 -0.028012 0.964629 -0.229441
1784010400.621524096 -1.737157 1.646045 -0.396264 -0.126743 -0.028012 0.964629 -0.229441
1784010400.625917912 -1.740927 1.643655 -0.396264 -0.126775 -0.028112 0.964477 -0.230050
1784010400.631616116 -1.745804 1.640522 -0.396255 -0.126778 -0.028303 0.964265 -0.230908
1784010400.636168957 -1.749695 1.638010 -0.396223 -0.126951 -0.028565 0.964070 -0.231596
1784010400.641675949 -1.754389 1.634954 -0.396154 -0.127100 -0.028862 0.963836 -0.232450
1784010400.646132946 -1.758171 1.632484 -0.396077 -0.127217 -0.029103 0.963646 -0.233141
1784010400.651535988 -1.762743 1.629471 -0.395968 -0.127062 -0.029280 0.963445 -0.234033
1784010400.655857086 -1.766393 1.627052 -0.395878 -0.126934 -0.029422 0.963284 -0.234747
1784010400.661704063 -1.771316 1.623761 -0.395763 -0.126743 -0.029581 0.963069 -0.235709
1784010400.665887117 -1.774825 1.621419 -0.395695 -0.126602 -0.029696 0.962916 -0.236397
1784010400.671632051 -1.779641 1.618188 -0.395617 -0.126462 -0.029897 0.962698 -0.237332
1784010400.675918102 -1.783242 1.615781 -0.395576 -0.126353 -0.030048 0.962535 -0.238030
1784010400.681580067 -1.787994 1.612591 -0.395545 -0.126534 -0.029976 0.962268 -0.239022
1784010400.685684919 -1.791431 1.610289 -0.395546 -0.126661 -0.029925 0.962074 -0.239741
1784010400.691612959 -1.796389 1.606944 -0.395552 -0.126812 -0.030032 0.961796 -0.240758
1784010400.696059942 -1.800112 1.604435 -0.395552 -0.126921 -0.030114 0.961588 -0.241522
1784010400.701447964 -1.804616 1.601385 -0.395530 -0.127151 -0.030326 0.961322 -0.242432
1784010400.705987930 -1.808402 1.598824 -0.395487 -0.127219 -0.030551 0.961116 -0.243183
1784010400.711846113 -1.813276 1.595516 -0.395386 -0.127164 -0.030681 0.960871 -0.244160
1784010400.715791941 -1.816556 1.593301 -0.395287 -0.127122 -0.030770 0.960707 -0.244818
1784010400.721500158 -1.821293 1.590083 -0.395124 -0.126983 -0.030862 0.960471 -0.245800
1784010400.721500158 -1.821293 1.590083 -0.395124 -0.126983 -0.030862 0.960471 -0.245800
1784010400.721621990 -1.821393 1.590012 -0.395120 -0.126981 -0.030864 0.960466 -0.245821
1784010400.726089001 -1.825084 1.587408 -0.394983 -0.126868 -0.030938 0.960280 -0.246595
1784010400.731647968 -1.829675 1.584157 -0.394831 -0.126677 -0.030920 0.960058 -0.247561
1784010400.736154079 -1.833402 1.581526 -0.394734 -0.126518 -0.030905 0.959877 -0.248345
1784010400.741482019 -1.837818 1.578410 -0.394650 -0.126356 -0.030853 0.959662 -0.249262
1784010400.745740891 -1.841349 1.575928 -0.394607 -0.126274 -0.030718 0.959484 -0.250002
1784010400.751612902 -1.846202 1.572488 -0.394590 -0.126126 -0.030623 0.959246 -0.251000
1784010400.755894899 -1.849738 1.569974 -0.394613 -0.125992 -0.030658 0.959071 -0.251733
1784010400.761641026 -1.854488 1.566574 -0.394660 -0.126102 -0.030635 0.958791 -0.252746
1784010400.765722036 -1.857859 1.564161 -0.394700 -0.126328 -0.030564 0.958567 -0.253488
1784010400.771595955 -1.862690 1.560652 -0.394771 -0.126530 -0.030468 0.958249 -0.254601
1784010400.775876999 -1.866194 1.558085 -0.394832 -0.126572 -0.030485 0.958024 -0.255423
1784010400.781644106 -1.870891 1.554590 -0.394902 -0.126664 -0.030669 0.957712 -0.256524
1784010400.785870075 -1.874324 1.552018 -0.394952 -0.126662 -0.030899 0.957489 -0.257327
1784010400.791498899 -1.878875 1.548564 -0.395008 -0.126573 -0.031238 0.957201 -0.258398
1784010400.795849085 -1.882372 1.545893 -0.395039 -0.126428 -0.031488 0.956989 -0.259222
1784010400.801616907 -1.886993 1.542329 -0.395048 -0.126186 -0.031738 0.956710 -0.260338
1784010400.806248903 -1.890699 1.539461 -0.395026 -0.126117 -0.031793 0.956462 -0.261273
1784010400.811548948 -1.894921 1.536161 -0.394971 -0.126197 -0.031834 0.956147 -0.262383
1784010400.815865040 -1.898342 1.533464 -0.394915 -0.126169 -0.031916 0.955896 -0.263298
1784010400.821217060 -1.902575 1.530086 -0.394839 -0.126201 -0.031985 0.955563 -0.264479
1784010400.821217060 -1.902575 1.530086 -0.394839 -0.126201 -0.031985 0.955563 -0.264479
1784010400.821777105 -1.903018 1.529722 -0.394829 -0.126204 -0.031993 0.955529 -0.264602
1784010400.826033115 -1.906372 1.526935 -0.394758 -0.126410 -0.032149 0.955235 -0.265541
1784010400.831687927 -1.910795 1.523206 -0.394689 -0.126549 -0.032418 0.954856 -0.266804
1784010400.836193085 -1.914293 1.520229 -0.394660 -0.126400 -0.032602 0.954577 -0.267849
1784010400.841459036 -1.918366 1.516728 -0.394641 -0.126320 -0.032864 0.954232 -0.269081
1784010400.845792055 -1.921708 1.513841 -0.394631 -0.126413 -0.033018 0.953917 -0.270132
1784010400.851635933 -1.926188 1.509918 -0.394631 -0.126371 -0.033100 0.953501 -0.271606
1784010400.855876923 -1.929414 1.507060 -0.394648 -0.126217 -0.033253 0.953200 -0.272715
1784010400.861660957 -1.933777 1.503127 -0.394669 -0.126100 -0.033618 0.952763 -0.274248
1784010400.865716934 -1.936815 1.500364 -0.394680 -0.125957 -0.033847 0.952453 -0.275358
1784010400.871571064 -1.941173 1.496342 -0.394671 -0.125626 -0.034126 0.952009 -0.277007
1784010400.876131058 -1.944548 1.493200 -0.394639 -0.125452 -0.034280 0.951638 -0.278336
1784010400.881664991 -1.948616 1.489359 -0.394566 -0.125402 -0.034424 0.951145 -0.280022
1784010400.885759115 -1.951610 1.486509 -0.394501 -0.125394 -0.034526 0.950763 -0.281306
1784010400.891750097 -1.955974 1.482295 -0.394392 -0.125583 -0.034680 0.950167 -0.283213
1784010400.895669937 -1.958821 1.479531 -0.394321 -0.125802 -0.034829 0.949752 -0.284486
1784010400.901762009 -1.963216 1.475206 -0.394219 -0.126062 -0.035052 0.949113 -0.286469
1784010400.905754089 -1.966071 1.472378 -0.394174 -0.126005 -0.035202 0.948722 -0.287769
1784010400.911309004 -1.970016 1.468415 -0.394136 -0.125732 -0.035437 0.948198 -0.289579
1784010400.915903091 -1.973271 1.465123 -0.394126 -0.125576 -0.035659 0.947751 -0.291079
1784010400.921278000 -1.977074 1.461257 -0.394126 -0.125616 -0.035825 0.947200 -0.292831
1784010400.921278000 -1.977074 1.461257 -0.394126 -0.125616 -0.035825 0.947200 -0.292831
1784010400.921459913 -1.977203 1.461122 -0.394127 -0.125617 -0.035830 0.947181 -0.292890
1784010400.925993919 -1.980392 1.457777 -0.394148 -0.125550 -0.035903 0.946732 -0.294358
1784010400.931600094 -1.984307 1.453611 -0.394206 -0.125164 -0.036120 0.946211 -0.296167
1784010400.936145067 -1.987471 1.450218 -0.394257 -0.124921 -0.036383 0.945768 -0.297647
1784010400.941762924 -1.991364 1.446008 -0.394289 -0.124940 -0.036583 0.945173 -0.299498
1784010400.945781946 -1.994130 1.442997 -0.394293 -0.124883 -0.036700 0.944747 -0.300848
1784010400.951565027 -1.998089 1.438624 -0.394266 -0.124729 -0.036969 0.944134 -0.302797
1784010400.955923080 -2.001059 1.435317 -0.394208 -0.124824 -0.037159 0.943627 -0.304314
1784010400.961637974 -2.004920 1.430955 -0.394104 -0.125013 -0.037392 0.942938 -0.306335
1784010400.965753078 -2.007670 1.427808 -0.394029 -0.124946 -0.037639 0.942459 -0.307804
1784010400.971765041 -2.011654 1.423174 -0.393925 -0.124794 -0.038102 0.941760 -0.309939
1784010400.975595951 -2.014180 1.420217 -0.393861 -0.124832 -0.038372 0.941282 -0.311339
1784010400.981602907 -2.018119 1.415542 -0.393794 -0.124952 -0.038846 0.940512 -0.313551
1784010400.985909939 -2.020923 1.412191 -0.393777 -0.124977 -0.039060 0.939959 -0.315171
1784010400.991600037 -2.024598 1.407746 -0.393794 -0.124998 -0.039292 0.939219 -0.317333
1784010400.995790005 -2.027283 1.404468 -0.393832 -0.124999 -0.039574 0.938669 -0.318920
1784010401.001302958 -2.030782 1.400131 -0.393890 -0.124884 -0.040020 0.937957 -0.320998
1784010401.005836010 -2.033627 1.396563 -0.393921 -0.124656 -0.040375 0.937382 -0.322715
1784010401.011595011 -2.037202 1.392007 -0.393918 -0.124199 -0.040837 0.936663 -0.324915
1784010401.015902042 -2.039852 1.388593 -0.393879 -0.123836 -0.041126 0.936115 -0.326592
1784010401.021165133 -2.043059 1.384402 -0.393796 -0.123491 -0.041394 0.935418 -0.328679
1784010401.021165133 -2.043059 1.384402 -0.393796 -0.123491 -0.041394 0.935418 -0.328679
1784010401.021632910 -2.043342 1.384022 -0.393785 -0.123458 -0.041418 0.935355 -0.328868
1784010401.025804043 -2.045854 1.380617 -0.393676 -0.123209 -0.041611 0.934772 -0.330589
1784010401.031629086 -2.049333 1.375824 -0.393515 -0.122988 -0.041933 0.933917 -0.333040
1784010401.036432981 -2.052180 1.371858 -0.393391 -0.122981 -0.042216 0.933171 -0.335090
1784010401.041711092 -2.055287 1.367487 -0.393275 -0.123075 -0.042395 0.932317 -0.337401
1784010401.046025991 -2.057815 1.363904 -0.393208 -0.123173 -0.042513 0.931601 -0.339323
1784010401.052229881 -2.061417 1.358716 -0.393153 -0.123498 -0.042793 0.930526 -0.342108
1784010401.055999041 -2.063585 1.355565 -0.393153 -0.123657 -0.043013 0.929869 -0.343806
1784010401.061773062 -2.066881 1.350712 -0.393173 -0.123725 -0.043274 0.928871 -0.346437
1784010401.065835953 -2.069189 1.347296 -0.393197 -0.123813 -0.043374 0.928158 -0.348298
1784010401.071598053 -2.072428 1.342435 -0.393223 -0.123981 -0.043432 0.927128 -0.350965
1784010401.075764894 -2.074739 1.338922 -0.393246 -0.123800 -0.043466 0.926418 -0.352893
1784010401.081590891 -2.077934 1.333980 -0.393262 -0.123320 -0.043516 0.925446 -0.355596
1784010401.086114883 -2.080391 1.330136 -0.393257 -0.123063 -0.043671 0.924674 -0.357668
1784010401.091590881 -2.083328 1.325468 -0.393230 -0.122760 -0.043920 0.923741 -0.360144
1784010401.095724106 -2.085514 1.321949 -0.393207 -0.122374 -0.044079 0.923059 -0.361999
1784010401.101562977 -2.088559 1.316952 -0.393156 -0.121927 -0.044391 0.922072 -0.364618
1784010401.105858088 -2.090780 1.313260 -0.393112 -0.121813 -0.044753 0.921311 -0.366531
1784010401.111691952 -2.093778 1.308211 -0.393044 -0.121907 -0.045301 0.920235 -0.369127
1784010401.115845919 -2.095901 1.304616 -0.392998 -0.122103 -0.045595 0.919454 -0.370967
1784010401.121105194 -2.098558 1.300050 -0.392940 -0.122371 -0.046018 0.918454 -0.373296
1784010401.121105194 -2.098558 1.300050 -0.392940 -0.122371 -0.046018 0.918454 -0.373296
1784010401.121403933 -2.098706 1.299786 -0.392939 -0.122386 -0.046041 0.918398 -0.373427
1784010401.125909090 -2.100922 1.295786 -0.392928 -0.122432 -0.046486 0.917569 -0.375388
1784010401.131612062 -2.103693 1.290710 -0.392927 -0.122392 -0.047010 0.916537 -0.377849
1784010401.135776043 -2.105699 1.287010 -0.392930 -0.122358 -0.047399 0.915786 -0.379628
1784010401.141365051 -2.108355 1.282027 -0.392951 -0.122189 -0.047858 0.914788 -0.382025
1784010401.145910025 -2.110492 1.277971 -0.392972 -0.121908 -0.048173 0.913983 -0.383995
1784010401.151710987 -2.113177 1.272784 -0.392993 -0.121527 -0.048464 0.912940 -0.386553
1784010401.155869007 -2.115075 1.269074 -0.392998 -0.121159 -0.048596 0.912188 -0.388421
1784010401.161624908 -2.117657 1.263910 -0.393008 -0.120481 -0.048845 0.911159 -0.391010
1784010401.165839911 -2.119523 1.260124 -0.393005 -0.120097 -0.049052 0.910368 -0.392938
1784010401.171673059 -2.122062 1.254851 -0.393000 -0.119819 -0.049393 0.909207 -0.395660
1784010401.175982952 -2.123916 1.250939 -0.393001 -0.119646 -0.049806 0.908323 -0.397685
1784010401.181421041 -2.126228 1.245981 -0.393004 -0.119667 -0.050319 0.907159 -0.400262
1784010401.185573101 -2.127980 1.242202 -0.392999 -0.119817 -0.050599 0.906241 -0.402257
1784010401.191627979 -2.130497 1.236664 -0.393009 -0.119908 -0.051010 0.904901 -0.405184
1784010401.195960999 -2.132286 1.232695 -0.393022 -0.120008 -0.051377 0.903931 -0.407268
1784010401.201569080 -2.134574 1.227553 -0.393039 -0.120311 -0.051766 0.902653 -0.409955
1784010401.206223011 -2.136446 1.223293 -0.393059 -0.120417 -0.052035 0.901600 -0.412202
1784010401.211384058 -2.138497 1.218554 -0.393101 -0.120338 -0.052355 0.900454 -0.414680
1784010401.215838909 -2.140253 1.214463 -0.393145 -0.120365 -0.052590 0.899451 -0.416814
1784010401.221481085 -2.142444 1.209277 -0.393208 -0.120303 -0.052921 0.898195 -0.419490
1784010401.221481085 -2.142444 1.209277 -0.393208 -0.120303 -0.052921 0.898195 -0.419490
1784010401.221652985 -2.142509 1.209116 -0.393209 -0.120300 -0.052932 0.898157 -0.419572
1784010401.225694895 -2.144039 1.205333 -0.393226 -0.119973 -0.053163 0.897290 -0.421487
1784010401.231590033 -2.146235 1.199801 -0.393227 -0.119344 -0.053554 0.896048 -0.424248
1784010401.236052990 -2.147875 1.195621 -0.393200 -0.118995 -0.053860 0.895093 -0.426318
1784010401.241750956 -2.149938 1.190274 -0.393126 -0.118601 -0.054072 0.893847 -0.429008
1784010401.245672941 -2.151341 1.186590 -0.393058 -0.118415 -0.054240 0.892966 -0.430868
1784010401.251620054 -2.153428 1.180977 -0.392931 -0.118412 -0.054796 0.891588 -0.433643
1784010401.256124973 -2.154980 1.176736 -0.392828 -0.118392 -0.055115 0.890537 -0.435763
1784010401.261442900 -2.156782 1.171722 -0.392712 -0.118197 -0.055384 0.889305 -0.438290
1784010401.265811920 -2.158237 1.167601 -0.392630 -0.118007 -0.055827 0.888298 -0.440323
1784010401.271596909 -2.160128 1.162144 -0.392534 -0.117774 -0.056340 0.886960 -0.443010
1784010401.275827885 -2.161492 1.158163 -0.392488 -0.117515 -0.056584 0.885982 -0.445000
1784010401.281558990 -2.163310 1.152749 -0.392439 -0.117286 -0.057017 0.884634 -0.447679
1784010401.286144018 -2.164742 1.148427 -0.392410 -0.117217 -0.057323 0.883540 -0.449813
1784010401.291162014 -2.166270 1.143700 -0.392387 -0.116891 -0.057603 0.882363 -0.452166
1784010401.296051979 -2.167718 1.139091 -0.392362 -0.116320 -0.057998 0.881245 -0.454436
1784010401.301412106 -2.169265 1.134039 -0.392303 -0.115817 -0.058467 0.879993 -0.456924
1784010401.305875063 -2.170523 1.129839 -0.392233 -0.115459 -0.058763 0.878922 -0.459033
1784010401.311597109 -2.172089 1.124430 -0.392133 -0.114942 -0.059261 0.877537 -0.461742
1784010401.316049099 -2.173281 1.120226 -0.392044 -0.114724 -0.059618 0.876422 -0.463863
1784010401.321408033 -2.174689 1.115167 -0.391927 -0.114619 -0.059845 0.875024 -0.466491
1784010401.321408033 -2.174689 1.115167 -0.391927 -0.114619 -0.059845 0.875024 -0.466491
1784010401.321544886 -2.174724 1.115035 -0.391923 -0.114617 -0.059851 0.874988 -0.466559
1784010401.325809002 -2.175806 1.110943 -0.391827 -0.114486 -0.060107 0.873867 -0.468654
1784010401.331556082 -2.177240 1.105424 -0.391709 -0.114506 -0.060560 0.872325 -0.471455
1784010401.336136103 -2.178369 1.101053 -0.391629 -0.114596 -0.060677 0.871077 -0.473721
1784010401.341567039 -2.179672 1.095857 -0.391579 -0.114424 -0.060959 0.869614 -0.476405
1784010401.345911026 -2.180695 1.091689 -0.391581 -0.114233 -0.061460 0.868458 -0.478491
1784010401.351458073 -2.181992 1.086383 -0.391595 -0.114282 -0.061820 0.866954 -0.481153
1784010401.355623007 -2.182955 1.082416 -0.391624 -0.114246 -0.061968 0.865825 -0.483171
1784010401.361567974 -2.184298 1.076733 -0.391690 -0.114015 -0.062471 0.864235 -0.486000
1784010401.365808964 -2.185246 1.072695 -0.391742 -0.113937 -0.062745 0.863116 -0.487968
1784010401.371562958 -2.186509 1.067246 -0.391772 -0.113879 -0.062744 0.861587 -0.490675
1784010401.375828028 -2.187417 1.063212 -0.391778 -0.113682 -0.062804 0.860458 -0.492691
1784010401.381607056 -2.188608 1.057731 -0.391753 -0.113375 -0.063254 0.858946 -0.495335
1784010401.385762930 -2.189444 1.053815 -0.391706 -0.113167 -0.063476 0.857878 -0.497202
1784010401.391596079 -2.190574 1.048316 -0.391601 -0.112791 -0.063535 0.856361 -0.499887
1784010401.395919085 -2.191384 1.044223 -0.391519 0.112550 0.063969 -0.855231 0.501817
1784010401.401490927 -2.192400 1.038957 -0.391396 0.112453 0.064488 -0.853755 0.504279
1784010401.405844927 -2.193174 1.034869 -0.391307 0.112347 0.064576 -0.852589 0.506261
1784010401.411039114 -2.194066 1.029968 -0.391226 0.112269 0.064979 -0.851176 0.508599
1784010401.416045904 -2.194910 1.025232 -0.391165 0.112538 0.065598 -0.849768 0.510810
1784010401.421298027 -2.195779 1.020294 -0.391109 0.112824 0.065950 -0.848295 0.513143
1784010401.421446085 -2.195803 1.020155 -0.391108 0.112824 0.065957 -0.848255 0.513209
1784010401.421446085 -2.195803 1.020155 -0.391108 0.112824 0.065957 -0.848255 0.513209
1784010401.426049948 -2.196502 1.015787 -0.391098 0.112799 0.066197 -0.847003 0.515248
1784010401.431689024 -2.197316 1.010429 -0.391085 0.112648 0.066739 -0.845482 0.517703
1784010401.435760975 -2.197882 1.006586 -0.391050 0.112578 0.066910 -0.844372 0.519504
1784010401.441570997 -2.198630 1.001109 -0.390984 0.112182 0.066878 -0.842802 0.522137
1784010401.445871115 -2.199138 0.997035 -0.390929 0.111653 0.067129 -0.841652 0.524069
1784010401.451600075 -2.199760 0.991604 -0.390841 0.111132 0.067556 -0.840052 0.526686
1784010401.455591917 -2.200162 0.987852 -0.390775 0.110663 0.067642 -0.838936 0.528549
1784010401.461414099 -2.200686 0.982359 -0.390726 0.109552 0.067800 -0.837349 0.531270
1784010401.466012001 -2.201077 0.977987 -0.390708 0.108939 0.068153 -0.836023 0.533436
1784010401.471532106 -2.201517 0.972726 -0.390700 0.108888 0.068628 -0.834308 0.536064
1784010401.475816965 -2.201830 0.968654 -0.390723 0.108652 0.068949 -0.832977 0.538135
1784010401.481571913 -2.202220 0.963151 -0.390790 0.108221 0.069367 -0.831189 0.540926
1784010401.485785961 -2.202508 0.959096 -0.390828 0.108510 0.069866 -0.829774 0.542974
1784010401.491427898 -2.202868 0.953671 -0.390873 0.109096 0.070539 -0.827839 0.545715
1784010401.495860100 -2.203120 0.949431 -0.390921 0.108962 0.070853 -0.826394 0.547887
1784010401.501710892 -2.203414 0.943817 -0.390993 0.108475 0.071373 -0.824530 0.550717
1784010401.505748034 -2.203612 0.939943 -0.391022 0.108446 0.071888 -0.823208 0.552630
1784010401.511619091 -2.203871 0.934310 -0.391075 0.108472 0.072406 -0.821280 0.555420
1784010401.515769005 -2.204030 0.930334 -0.391138 0.108066 0.072789 -0.819979 0.557367
1784010401.521490097 -2.204225 0.924860 -0.391241 0.107449 0.073524 -0.818227 0.559958
1784010401.521490097 -2.204225 0.924860 -0.391241 0.107449 0.073524 -0.818227 0.559958
1784010401.521588087 -2.204227 0.924765 -0.391243 0.107438 0.073537 -0.818197 0.560002
1784010401.525840998 -2.204343 0.920678 -0.391307 0.107119 0.073819 -0.816895 0.561925
1784010401.531572104 -2.204481 0.915159 -0.391394 0.106606 0.073985 -0.815170 0.564499
1784010401.535799980 -2.204573 0.911076 -0.391445 0.106243 0.074532 -0.813921 0.566296
1784010401.541732073 -2.204694 0.905392 -0.391473 0.105996 0.075084 -0.812165 0.568784
1784010401.545722008 -2.204776 0.901612 -0.391450 0.105765 0.075050 -0.810985 0.570512
1784010401.551589966 -2.204860 0.896020 -0.391413 0.105419 0.075454 -0.809258 0.572971
1784010401.555975914 -2.204915 0.891835 -0.391368 0.105485 0.076021 -0.807929 0.574755
1784010401.561584949 -2.204977 0.886526 -0.391318 0.105556 0.076265 -0.806241 0.577076
1784010401.565779924 -2.205016 0.882578 -0.391304 0.105330 0.076441 -0.805038 0.578771
1784010401.571693897 -2.205042 0.877001 -0.391331 0.105123 0.076980 -0.803338 0.581095
1784010401.576000929 -2.205056 0.872962 -0.391360 0.105093 0.077461 -0.802114 0.582725
1784010401.581552029 -2.205064 0.867798 -0.391431 0.105030 0.077565 -0.800551 0.584868
1784010401.585863113 -2.205052 0.863799 -0.391505 0.104902 0.077501 -0.799315 0.586587
1784010401.591629982 -2.204970 0.858427 -0.391627 0.104804 0.078100 -0.797653 0.588784
1784010401.595710039 -2.204888 0.854635 -0.391699 0.104757 0.078435 -0.796441 0.590386
1784010401.601521015 -2.204713 0.849220 -0.391798 0.104617 0.078549 -0.794674 0.592771
1784010401.606029034 -2.204527 0.845014 -0.391847 0.104359 0.079143 -0.793306 0.594569
1784010401.611774921 -2.204237 0.839707 -0.391857 0.103908 0.079424 -0.791531 0.596971
1784010401.615994930 -2.203990 0.835833 -0.391823 0.103327 0.079289 -0.790214 0.598831
1784010401.621382952 -2.203611 0.830837 -0.391754 0.102714 0.079739 -0.788471 0.601170
1784010401.621393204 -2.203610 0.830827 -0.391755 0.102715 0.079740 -0.788467 0.601174
1784010401.621393204 -2.203610 0.830827 -0.391755 0.102715 0.079740 -0.788467 0.601174
1784010401.625664949 -2.203233 0.826815 -0.391670 0.102781 0.080161 -0.786938 0.603108
1784010401.631560087 -2.202655 0.821309 -0.391571 0.102614 0.080319 -0.784817 0.605873
1784010401.635869026 -2.202200 0.817286 -0.391521 0.102148 0.080465 -0.783292 0.607902
1784010401.641628981 -2.201574 0.811872 -0.391475 0.102066 0.080853 -0.781141 0.610626
1784010401.645993948 -2.201099 0.807775 -0.391447 0.102320 0.081061 -0.779458 0.612703
1784010401.651278019 -2.200485 0.802832 -0.391489 0.101994 0.081231 -0.777514 0.615200
1784010401.655972004 -2.199918 0.798432 -0.391579 0.101426 0.081378 -0.775841 0.617383
1784010401.661565065 -2.199239 0.793158 -0.391701 0.101486 0.081768 -0.773745 0.619946
1784010401.665725946 -2.198731 0.789237 -0.391791 0.101692 0.082095 -0.772183 0.621814
1784010401.671557903 -2.197974 0.783757 -0.391962 0.101204 0.082249 -0.770124 0.624421
1784010401.675638914 -2.197428 0.779927 -0.392082 0.100665 0.082243 -0.768709 0.626250
1784010401.681581020 -2.196609 0.774332 -0.392232 0.100470 0.082553 -0.766565 0.628863
1784010401.685854912 -2.196006 0.770318 -0.392310 0.100390 0.082772 -0.765027 0.630717
1784010401.691606998 -2.195144 0.764930 -0.392416 0.099717 0.082813 -0.763013 0.633253
1784010401.695914030 -2.194475 0.760896 -0.392465 0.099303 0.083046 -0.761475 0.635136
1784010401.701617002 -2.193560 0.755555 -0.392494 0.099249 0.083693 -0.759377 0.637567
1784010401.705964088 -2.192851 0.751502 -0.392489 0.099069 0.083954 -0.757787 0.639450
1784010401.711661100 -2.191897 0.746185 -0.392487 0.098623 0.084245 -0.755716 0.641927
1784010401.716053009 -2.191158 0.742081 -0.392467 0.098616 0.084798 -0.754094 0.643760
1784010401.721104145 -2.190309 0.737378 -0.392449 0.098722 0.085377 -0.752254 0.645816
1784010401.721104145 -2.190309 0.737378 -0.392449 0.098722 0.085377 -0.752254 0.645816
1784010401.721568108 -2.190226 0.736944 -0.392448 0.098733 0.085430 -0.752086 0.646003
1784010401.725919962 -2.189440 0.732877 -0.392455 0.098683 0.085652 -0.750538 0.647779
1784010401.731559992 -2.188408 0.727618 -0.392486 0.098627 0.086181 -0.748564 0.649998
1784010401.735886097 -2.187621 0.723608 -0.392512 0.098659 0.086571 -0.747079 0.651647
1784010401.741476059 -2.186583 0.718454 -0.392579 0.098530 0.086831 -0.745197 0.653784
1784010401.745749950 -2.185776 0.714533 -0.392650 0.098253 0.087115 -0.743804 0.655373
1784010401.751575947 -2.184661 0.709229 -0.392743 0.098052 0.087318 -0.741915 0.657514
1784010401.755786896 -2.183847 0.705437 -0.392790 0.097870 0.087194 -0.740554 0.659089
1784010401.761524916 -2.182651 0.700276 -0.392872 0.097255 0.087200 -0.738693 0.661265
1784010401.765799999 -2.181712 0.696436 -0.392922 0.096670 0.087463 -0.737310 0.662857
1784010401.771542072 -2.180401 0.691306 -0.392962 0.096027 0.087433 -0.735391 0.665082
1784010401.775621891 -2.179446 0.687689 -0.392962 0.095460 0.087471 -0.733985 0.666710
1784010401.781584024 -2.177997 0.682416 -0.392951 0.094757 0.088148 -0.731855 0.669059
1784010401.785973072 -2.176910 0.678562 -0.392932 0.094523 0.088458 -0.730208 0.670848
1784010401.791630983 -2.175460 0.673602 -0.392935 0.094068 0.088682 -0.728008 0.673269
1784010401.795838118 -2.174354 0.669888 -0.392944 0.093846 0.089078 -0.726331 0.675057
1784010401.801487923 -2.172843 0.664880 -0.392947 0.094334 0.089869 -0.723924 0.677465
1784010401.805661917 -2.171725 0.661193 -0.392933 0.094688 0.090450 -0.722142 0.679238
1784010401.811559916 -2.170112 0.655985 -0.392930 0.094474 0.090684 -0.719678 0.681847
1784010401.815675974 -2.168968 0.652356 -0.392942 0.094317 0.090843 -0.717955 0.683661
1784010401.821439028 -2.167342 0.647281 -0.392966 0.094509 0.091413 -0.715512 0.686115
1784010401.821439028 -2.167342 0.647281 -0.392966 0.094509 0.091413 -0.715512 0.686115
1784010401.821564913 -2.167305 0.647169 -0.392965 0.094513 0.091426 -0.715459 0.686169
1784010401.825939894 -2.166022 0.643295 -0.392963 0.094501 0.091631 -0.713627 0.688048
1784010401.831597090 -2.164330 0.638278 -0.392971 0.094003 0.091654 -0.711310 0.690508
1784010401.835988045 -2.163001 0.634375 -0.392974 0.093712 0.091905 -0.709527 0.692346
1784010401.841432095 -2.161336 0.629547 -0.392967 0.093410 0.092349 -0.707362 0.694540
1784010401.845788956 -2.159997 0.625709 -0.392951 0.093162 0.092701 -0.705626 0.696289
1784010401.851571083 -2.158191 0.620612 -0.392911 0.092347 0.092931 -0.703422 0.698594
1784010401.856026888 -2.156783 0.616680 -0.392855 0.092044 0.093292 -0.701688 0.700327
1784010401.861396074 -2.155058 0.611964 -0.392770 0.091677 0.093496 -0.699598 0.702436
1784010401.865614891 -2.153679 0.608289 -0.392706 0.091383 0.093652 -0.697953 0.704088
1784010401.871526957 -2.151713 0.603139 -0.392602 0.091115 0.093845 -0.695559 0.706462
1784010401.876000881 -2.150211 0.599233 -0.392504 0.090906 0.093985 -0.693744 0.708253
1784010401.881486893 -2.148346 0.594447 -0.392400 0.090448 0.094280 -0.691553 0.710412
1784010401.885718107 -2.146895 0.590779 -0.392357 0.090089 0.094503 -0.689860 0.712072
1784010401.891601086 -2.144858 0.585687 -0.392330 0.089802 0.095120 -0.687467 0.714337
1784010401.895936012 -2.143357 0.581938 -0.392325 0.089583 0.095568 -0.685701 0.716000
1784010401.901412010 -2.141438 0.577198 -0.392355 0.089314 0.095769 -0.683485 0.718122
1784010401.905666113 -2.139926 0.573516 -0.392418 0.089098 0.095921 -0.681761 0.719766
1784010401.911725044 -2.137748 0.568299 -0.392522 0.088876 0.096681 -0.679364 0.721955
1784010401.915605068 -2.136354 0.564998 -0.392579 0.088725 0.097161 -0.677828 0.723351
1784010401.921363115 -2.134254 0.560121 -0.392629 0.087869 0.097552 -0.675635 0.725452
1784010401.921363115 -2.134254 0.560121 -0.392629 0.087869 0.097552 -0.675635 0.725452
1784010401.921526909 -2.134192 0.559981 -0.392629 0.087844 0.097564 -0.675573 0.725511
1784010401.925838947 -2.132559 0.556309 -0.392613 0.087180 0.097856 -0.673945 0.727064
1784010401.931554079 -2.130344 0.551462 -0.392562 0.086665 0.097828 -0.671711 0.729193
1784010401.935997009 -2.128585 0.547721 -0.392515 0.086262 0.097801 -0.669969 0.730845
1784010401.941548109 -2.126368 0.543070 -0.392416 0.085905 0.098179 -0.667730 0.732883
1784010401.945950031 -2.124623 0.539404 -0.392295 0.085619 0.098474 -0.665950 0.734495
1784010401.951538086 -2.122381 0.534754 -0.392140 0.085343 0.098527 -0.663640 0.736608
1784010401.955959082 -2.120570 0.531074 -0.392057 0.085121 0.098564 -0.661807 0.738276
1784010401.961705923 -2.118196 0.526306 -0.391982 0.085058 0.098895 -0.659402 0.740387
1784010401.965651035 -2.116577 0.523061 -0.391947 0.085010 0.099116 -0.657747 0.741835
1784010401.971626043 -2.114088 0.518149 -0.391942 0.084533 0.099453 -0.655284 0.744020
1784010401.975775957 -2.112320 0.514732 -0.391989 0.084197 0.099680 -0.653568 0.745536
1784010401.981594086 -2.109799 0.509954 -0.392098 0.084119 0.099833 -0.651115 0.747668
1784010401.985801935 -2.107963 0.506526 -0.392202 0.084059 0.099937 -0.649335 0.749207
1784010401.991398096 -2.105472 0.501966 -0.392365 0.083686 0.100020 -0.646968 0.751282
1784010401.995786905 -2.103489 0.498384 -0.392496 0.083536 0.100365 -0.645081 0.752874
1784010402.001554966 -2.100840 0.493687 -0.392649 0.083198 0.100482 -0.642572 0.755038
1784010402.005660057 -2.098917 0.490364 -0.392754 0.082953 0.100560 -0.640780 0.756576
1784010402.011308908 -2.096222 0.485789 -0.392860 0.082301 0.100822 -0.638356 0.758659
1784010402.015652895 -2.094139 0.482281 -0.392893 0.082135 0.101203 -0.636441 0.760233
1784010402.021217108 -2.091465 0.477832 -0.392886 0.081950 0.101316 -0.633993 0.762281
1784010402.021217108 -2.091465 0.477832 -0.392886 0.081950 0.101316 -0.633993 0.762281
1784010402.021585941 -2.091286 0.477537 -0.392882 0.081937 0.101323 -0.633829 0.762417
1784010402.025782108 -2.089225 0.474179 -0.392831 0.081520 0.101270 -0.631994 0.763991
1784010402.031630993 -2.086303 0.469478 -0.392732 0.081210 0.101964 -0.629396 0.766074
1784010402.036133051 -2.084053 0.465875 -0.392643 0.081321 0.102544 -0.627364 0.767649
1784010402.041352987 -2.081439 0.461738 -0.392560 0.081249 0.102670 -0.625039 0.769535
1784010402.045726061 -2.079220 0.458282 -0.392522 0.080899 0.102876 -0.623130 0.771091
1784010402.051618099 -2.076201 0.453631 -0.392477 0.080657 0.103649 -0.620532 0.773105
1784010402.056087017 -2.073916 0.450137 -0.392449 0.080580 0.103896 -0.618569 0.774651
1784010402.061374903 -2.071178 0.446032 -0.392444 0.080168 0.103808 -0.616264 0.776541
1784010402.065735102 -2.068877 0.442655 -0.392458 0.079651 0.104014 -0.614381 0.778057
1784010402.071540117 -2.065792 0.438191 -0.392457 0.079301 0.104288 -0.611821 0.780071
1784010402.076020956 -2.063392 0.434790 -0.392460 0.078896 0.104113 -0.609837 0.781687
1784010402.081265926 -2.060526 0.430817 -0.392473 0.077977 0.103920 -0.607521 0.783606
1784010402.086215019 -2.057780 0.427069 -0.392473 0.077463 0.104006 -0.605214 0.785429
1784010402.091703892 -2.054706 0.422950 -0.392468 0.077069 0.104186 -0.602601 0.787450
1784010402.095598936 -2.052500 0.420050 -0.392485 0.076470 0.104181 -0.600758 0.788916
1784010402.101535082 -2.049097 0.415595 -0.392495 0.075800 0.104581 -0.597897 0.791098
1784010402.105808973 -2.046645 0.412375 -0.392475 0.075919 0.105230 -0.595767 0.792606
1784010402.111746073 -2.043243 0.407943 -0.392445 0.076034 0.105530 -0.592793 0.794782
1784010402.115742922 -2.040940 0.404979 -0.392448 0.075676 0.105596 -0.590861 0.796245
1784010402.121061087 -2.037865 0.401020 -0.392431 0.075561 0.106341 -0.588293 0.798056
1784010402.121061087 -2.037865 0.401020 -0.392431 0.075561 0.106341 -0.588293 0.798056
1784010402.121542931 -2.037586 0.400661 -0.392425 0.075549 0.106407 -0.588060 0.798220
1784010402.125721931 -2.035175 0.397554 -0.392362 0.075848 0.106776 -0.586012 0.799648
1784010402.131544113 -2.031797 0.393263 -0.392303 0.075842 0.106767 -0.583216 0.801691
1784010402.135982990 -2.029190 0.390005 -0.392299 0.075404 0.107103 -0.581177 0.803167
1784010402.141535044 -2.025946 0.385945 -0.392294 0.075284 0.107531 -0.578612 0.804971
1784010402.145823956 -2.023461 0.382833 -0.392297 0.075340 0.107490 -0.576623 0.806396
1784010402.151535988 -2.020102 0.378721 -0.392355 0.074867 0.107590 -0.574048 0.808263
1784010402.155699015 -2.017630 0.375742 -0.392425 0.074368 0.107908 -0.572240 0.809547
1784010402.161528111 -2.014179 0.371602 -0.392499 0.073984 0.108100 -0.569730 0.811325
1784010402.165960073 -2.011541 0.368480 -0.392551 0.073617 0.108172 -0.567795 0.812704
1784010402.171583891 -2.008150 0.364546 -0.392600 0.073068 0.108511 -0.565321 0.814431
1784010402.175947905 -2.005514 0.361522 -0.392614 0.072837 0.108698 -0.563395 0.815761
1784010402.181550026 -2.002113 0.357681 -0.392608 0.072532 0.108783 -0.560877 0.817510
1784010402.185798883 -1.999507 0.354783 -0.392597 0.072388 0.108951 -0.558913 0.818844
1784010402.191582918 -1.995937 0.350869 -0.392562 0.072279 0.109466 -0.556231 0.820610
1784010402.195925951 -1.993259 0.347970 -0.392537 0.072070 0.109651 -0.554253 0.821940
1784010402.201740980 -1.989634 0.344115 -0.392521 0.071678 0.109757 -0.551569 0.823764
1784010402.205813885 -1.987065 0.341416 -0.392528 0.071412 0.110204 -0.549670 0.824996
1784010402.211570978 -1.983434 0.337629 -0.392540 0.071495 0.110763 -0.546923 0.826738
1784010402.215709925 -1.980824 0.334942 -0.392564 0.071514 0.110858 -0.544904 0.828055
1784010402.221175194 -1.977327 0.331415 -0.392620 0.071180 0.111209 -0.542252 0.829776
1784010402.221175194 -1.977327 0.331415 -0.392620 0.071180 0.111209 -0.542252 0.829776
1784010402.221556902 -1.977078 0.331169 -0.392624 0.071156 0.111232 -0.542067 0.829896
1784010402.225765944 -1.974324 0.328472 -0.392654 0.071004 0.111657 -0.539981 0.831211
1784010402.231545925 -1.970520 0.324823 -0.392664 0.070633 0.111890 -0.537094 0.833079
1784010402.235891104 -1.967634 0.322111 -0.392653 0.070095 0.111776 -0.534929 0.834532
1784010402.241558075 -1.963802 0.318581 -0.392611 0.069277 0.111922 -0.532064 0.836410
1784010402.245845079 -1.960879 0.315927 -0.392563 0.068842 0.112160 -0.529853 0.837817
1784010402.251343966 -1.957105 0.312572 -0.392511 0.068196 0.112097 -0.527035 0.839654
1784010402.255506992 -1.954223 0.310054 -0.392491 0.067533 0.112028 -0.524895 0.841055
1784010402.261559963 -1.949993 0.306378 -0.392457 0.067036 0.112412 -0.521709 0.843024
1784010402.265573978 -1.947187 0.303939 -0.392431 0.067012 0.112669 -0.519563 0.844316
1784010402.271543980 -1.942985 0.300342 -0.392427 0.066638 0.112644 -0.516393 0.846291
1784010402.275949001 -1.939857 0.297690 -0.392448 0.066263 0.112667 -0.514046 0.847745
1784010402.281585932 -1.935829 0.294282 -0.392477 0.066241 0.113144 -0.510991 0.849528
1784010402.285538912 -1.933001 0.291899 -0.392510 0.066260 0.113406 -0.508866 0.850767
1784010402.291568041 -1.928653 0.288293 -0.392607 0.065887 0.113528 -0.505673 0.852681
1784010402.295752048 -1.925615 0.285801 -0.392694 0.065608 0.113774 -0.503453 0.853982
1784010402.301683903 -1.921281 0.282295 -0.392821 0.065426 0.114347 -0.500278 0.855784
1784010402.305721998 -1.918316 0.279936 -0.392920 0.065074 0.114553 -0.498132 0.857034
1784010402.311539888 -1.914000 0.276555 -0.393078 0.064316 0.114730 -0.495034 0.858861
1784010402.315723896 -1.910884 0.274132 -0.393183 0.064007 0.115185 -0.492788 0.860114
1784010402.321125984 -1.906872 0.271038 -0.393301 0.063621 0.115697 -0.489946 0.861696
1784010402.321125984 -1.906872 0.271038 -0.393301 0.063621 0.115697 -0.489946 0.861696
1784010402.321501970 -1.906591 0.270824 -0.393306 0.063594 0.115733 -0.489749 0.861805
1784010402.326286077 -1.903008 0.268108 -0.393366 0.063143 0.115643 -0.487264 0.863257
1784010402.331537962 -1.899057 0.265130 -0.393402 0.062648 0.115918 -0.484576 0.864769
1784010402.335995913 -1.895709 0.262609 -0.393401 0.062409 0.116429 -0.482334 0.865970
1784010402.341468096 -1.891624 0.259540 -0.393374 0.062202 0.116539 -0.479599 0.867487
1784010402.345622063 -1.888527 0.257223 -0.393351 0.061926 0.116686 -0.477587 0.868597
1784010402.351614952 -1.884064 0.253893 -0.393295 0.061751 0.117450 -0.474729 0.870072
1784010402.355736017 -1.881026 0.251632 -0.393253 0.061747 0.117806 -0.472797 0.871075
1784010402.361505032 -1.876764 0.248520 -0.393218 0.061471 0.118008 -0.470124 0.872513
1784010402.365653038 -1.873683 0.246318 -0.393213 0.061095 0.118362 -0.468230 0.873510
1784010402.371411085 -1.869401 0.243304 -0.393200 0.060786 0.118907 -0.465584 0.874870
1784010402.375765085 -1.866162 0.241067 -0.393196 0.060680 0.118945 -0.463516 0.875970
1784010402.381515026 -1.861813 0.238175 -0.393217 0.060086 0.119208 -0.460766 0.877425
1784010402.385973930 -1.858411 0.235981 -0.393243 0.059577 0.119480 -0.458604 0.878554
1784010402.391691923 -1.854015 0.233223 -0.393274 0.059096 0.119444 -0.455705 0.880099
1784010402.395673990 -1.850911 0.231334 -0.393310 0.058490 0.119572 -0.453652 0.881182
1784010402.401503086 -1.846315 0.228608 -0.393356 0.057763 0.120010 -0.450509 0.882781
1784010402.405637980 -1.843047 0.226711 -0.393391 0.057363 0.120178 -0.448189 0.883965
1784010402.411531925 -1.838345 0.224048 -0.393451 0.056477 0.120251 -0.444854 0.885694
1784010402.415936947 -1.834806 0.222064 -0.393493 0.056044 0.120477 -0.442280 0.886980
1784010402.421266079 -1.830509 0.219663 -0.393505 0.056090 0.121040 -0.439037 0.888510
1784010402.421266079 -1.830509 0.219663 -0.393505 0.056090 0.121040 -0.439037 0.888510
1784010402.421482086 -1.830333 0.219566 -0.393504 0.056090 0.121062 -0.438904 0.888572
1784010402.426121950 -1.826534 0.217489 -0.393490 0.056006 0.121414 -0.436077 0.889921
1784010402.431489944 -1.822121 0.215098 -0.393469 0.055740 0.121622 -0.432851 0.891483
1784010402.435847044 -1.818531 0.213156 -0.393441 0.055688 0.121962 -0.430222 0.892711
1784010402.441505909 -1.813851 0.210653 -0.393402 0.055557 0.122526 -0.426858 0.894256
1784010402.445667028 -1.810405 0.208835 -0.393391 0.055181 0.122662 -0.424440 0.895410
1784010402.451643944 -1.805432 0.206235 -0.393389 0.054633 0.122681 -0.420979 0.897074
1784010402.455838919 -1.801936 0.204418 -0.393397 0.054407 0.122934 -0.418554 0.898187
1784010402.461539984 -1.797167 0.201984 -0.393429 0.053966 0.123203 -0.415314 0.899680
1784010402.465622902 -1.793745 0.200267 -0.393477 0.053434 0.123089 -0.413027 0.900779
1784010402.471563101 -1.788732 0.197781 -0.393536 0.052778 0.123187 -0.409676 0.902333
1784010402.475716114 -1.785228 0.196062 -0.393568 0.052480 0.123483 -0.407335 0.903369
1784010402.481581926 -1.780271 0.193703 -0.393613 0.051838 0.123494 -0.404040 0.904883
1784010402.486150980 -1.776395 0.191898 -0.393644 0.051225 0.123374 -0.401432 0.906095
1784010402.491411924 -1.771907 0.189824 -0.393627 0.051031 0.123905 -0.398331 0.907401
1784010402.495685101 -1.768273 0.188164 -0.393587 0.050917 0.124459 -0.395823 0.908428
1784010402.501514912 -1.763322 0.185941 -0.393539 0.050370 0.124420 -0.392446 0.909928
1784010402.505944014 -1.759556 0.184255 -0.393500 0.049981 0.124530 -0.389880 0.911037
1784010402.511456966 -1.754881 0.182148 -0.393427 0.049806 0.125241 -0.386726 0.912292
1784010402.515638113 -1.751377 0.180556 -0.393384 0.049842 0.125347 -0.384352 0.913278
1784010402.521215200 -1.746691 0.178451 -0.393387 0.049440 0.125254 -0.381297 0.914593
1784010402.521215200 -1.746691 0.178451 -0.393387 0.049440 0.125254 -0.381297 0.914593
1784010402.521279097 -1.746636 0.178427 -0.393387 0.049436 0.125254 -0.381263 0.914607
1784010402.525990963 -1.742602 0.176656 -0.393427 0.049137 0.125755 -0.378753 0.915597
1784010402.531563044 -1.737867 0.174572 -0.393471 0.049296 0.126287 -0.375734 0.916758
1784010402.535861015 -1.734239 0.172994 -0.393531 0.049188 0.126359 -0.373459 0.917683
1784010402.541234016 -1.729682 0.171064 -0.393641 0.048391 0.126592 -0.370754 0.918790
1784010402.545969963 -1.725682 0.169389 -0.393715 0.047869 0.126873 -0.368381 0.919732
1784010402.551491022 -1.721036 0.167477 -0.393765 0.047730 0.126767 -0.365503 0.920902
1784010402.555808067 -1.717381 0.166022 -0.393809 0.047227 0.126787 -0.363293 0.921799
1784010402.561484098 -1.712547 0.164154 -0.393853 0.046444 0.127081 -0.360418 0.922926
1784010402.565804005 -1.708889 0.162757 -0.393851 0.046269 0.127089 -0.358150 0.923816
1784010402.571527004 -1.704019 0.160944 -0.393820 0.046033 0.126896 -0.355088 0.925036
1784010402.575814962 -1.700357 0.159610 -0.393776 0.045902 0.126792 -0.352744 0.925953
1784010402.581283092 -1.695674 0.157957 -0.393723 0.045734 0.126840 -0.349727 0.927098
1784010402.585505962 -1.692047 0.156717 -0.393708 0.045238 0.126964 -0.347394 0.927982
1784010402.591555119 -1.686810 0.154955 -0.393699 0.044863 0.127028 -0.343912 0.929288
1784010402.595783949 -1.683144 0.153721 -0.393698 0.044918 0.127335 -0.341421 0.930161
1784010402.601557016 -1.678132 0.152081 -0.393746 0.044900 0.127764 -0.338066 0.931328
1784010402.605735064 -1.674493 0.150926 -0.393836 0.044597 0.127815 -0.335618 0.932221
1784010402.611591101 -1.669320 0.149312 -0.394017 0.044133 0.128363 -0.332171 0.933401
1784010402.615876913 -1.665519 0.148128 -0.394167 0.044125 0.129156 -0.329620 0.934196
1784010402.621325016 -1.660697 0.146660 -0.394392 0.043949 0.129697 -0.326424 0.935251
1784010402.621469975 -1.660569 0.146622 -0.394399 0.043934 0.129695 -0.326341 0.935281
1784010402.621469975 -1.660569 0.146622 -0.394399 0.043934 0.129695 -0.326341 0.935281
1784010402.625598907 -1.656867 0.145564 -0.394580 0.043485 0.129604 -0.323918 0.936157
1784010402.631556034 -1.651493 0.144056 -0.394782 0.043106 0.129697 -0.320332 0.937394
1784010402.635978937 -1.647504 0.142953 -0.394875 0.042995 0.130010 -0.317665 0.938263
1784010402.641504049 -1.642519 0.141636 -0.394956 0.042541 0.129816 -0.314391 0.939413
1784010402.645931959 -1.638500 0.140610 -0.394995 0.041954 0.129607 -0.311794 0.940333
1784010402.651530981 -1.633392 0.139336 -0.394986 0.041468 0.130084 -0.308469 0.941385
1784010402.655833006 -1.629488 0.138380 -0.394955 0.041313 0.130212 -0.305901 0.942212
1784010402.661509037 -1.624316 0.137175 -0.394953 0.040507 0.129893 -0.302571 0.943365
1784010402.665781975 -1.620395 0.136282 -0.394966 0.039848 0.130079 -0.300090 0.944160
1784010402.671397924 -1.615244 0.135114 -0.394963 0.039597 0.130874 -0.296778 0.945107
1784010402.675751925 -1.611277 0.134226 -0.394969 0.039448 0.131138 -0.294221 0.945875
1784010402.681519032 -1.606002 0.133096 -0.394999 0.038976 0.131105 -0.290830 0.946948
1784010402.685621023 -1.602236 0.132312 -0.395017 0.038687 0.131475 -0.288417 0.947646
1784010402.691514969 -1.596840 0.131235 -0.395031 0.038421 0.131890 -0.284907 0.948661
1784010402.696059942 -1.592695 0.130447 -0.395061 0.038070 0.131643 -0.282222 0.949511
1784010402.701529980 -1.587672 0.129544 -0.395124 0.037248 0.131558 -0.279048 0.950493
1784010402.705890894 -1.583665 0.128841 -0.395182 0.036745 0.131797 -0.276531 0.951215
1784010402.711529970 -1.578499 0.127968 -0.395289 0.036221 0.131734 -0.273293 0.952179
1784010402.715605021 -1.574759 0.127367 -0.395410 0.035466 0.131512 -0.271009 0.952891
1784010402.721044064 -1.569735 0.126596 -0.395597 0.034403 0.131750 -0.267933 0.953766
1784010402.721044064 -1.569735 0.126596 -0.395597 0.034403 0.131750 -0.267933 0.953766
1784010402.721514940 -1.569296 0.126537 -0.395611 0.034313 0.131767 -0.267671 0.953841
1784010402.726183891 -1.564953 0.125966 -0.395751 0.033838 0.132050 -0.265006 0.954563
1784010402.731559992 -1.559965 0.125327 -0.395910 0.033492 0.131922 -0.261861 0.955460
1784010402.735723972 -1.556088 0.124833 -0.396026 0.033187 0.132080 -0.259435 0.956110
1784010402.741492033 -1.550726 0.124160 -0.396129 0.033055 0.132912 -0.256045 0.956913
1784010402.745836973 -1.546731 0.123649 -0.396161 0.033187 0.133114 -0.253457 0.957569
1784010402.751416922 -1.541602 0.123032 -0.396178 0.032976 0.132958 -0.250198 0.958455
1784010402.755816936 -1.537553 0.122553 -0.396172 0.032588 0.133260 -0.247697 0.959075
1784010402.761564970 -1.532295 0.121940 -0.396131 0.032464 0.133541 -0.244445 0.959875
1784010402.765912056 -1.528346 0.121485 -0.396108 0.032333 0.133447 -0.242016 0.960507
1784010402.771511078 -1.523238 0.120940 -0.396116 0.031770 0.133484 -0.238967 0.961284
1784010402.775763035 -1.519363 0.120527 -0.396142 0.031471 0.133708 -0.236689 0.961826
1784010402.781658888 -1.514004 0.119985 -0.396219 0.031189 0.133748 -0.233593 0.962587
1784010402.785671949 -1.510356 0.119626 -0.396307 0.030748 0.133741 -0.231544 0.963097
1784010402.791322947 -1.505202 0.119141 -0.396441 0.030211 0.133966 -0.228665 0.963770
1784010402.795592070 -1.501322 0.118778 -0.396540 0.029957 0.134207 -0.226502 0.964255
1784010402.801496983 -1.495952 0.118318 -0.396690 0.029230 0.134201 -0.223561 0.964964
1784010402.806008101 -1.491837 0.117961 -0.396798 0.028719 0.134174 -0.221303 0.965504
1784010402.812021017 -1.486348 0.117480 -0.396887 0.028408 0.134627 -0.218284 0.966137
1784010402.815686941 -1.483031 0.117171 -0.396917 0.028283 0.134665 -0.216462 0.966545
1784010402.821261168 -1.477977 0.116716 -0.396958 0.028074 0.134168 -0.213683 0.967239
1784010402.821261168 -1.477977 0.116716 -0.396958 0.028074 0.134168 -0.213683 0.967239
1784010402.821513891 -1.477746 0.116697 -0.396959 0.028063 0.134144 -0.213556 0.967270
1784010402.825700998 -1.473905 0.116384 -0.396959 0.027643 0.134212 -0.211492 0.967726
1784010402.831523895 -1.468573 0.115932 -0.396932 0.027271 0.134638 -0.208623 0.968300
1784010402.835787058 -1.464691 0.115579 -0.396913 0.027271 0.134503 -0.206506 0.968773
1784010402.841372013 -1.459555 0.115116 -0.396912 0.026859 0.134459 -0.203813 0.969360
1784010402.845762014 -1.455498 0.114744 -0.396921 0.026334 0.135014 -0.201802 0.969718
1784010402.851514101 -1.450263 0.114226 -0.396938 0.025998 0.135284 -0.199197 0.970228
1784010402.855519056 -1.446676 0.113851 -0.396963 0.025666 0.134876 -0.197505 0.970640
1784010402.861573935 -1.441212 0.113272 -0.397004 0.024528 0.134678 -0.195093 0.971184
1784010402.865983009 -1.437213 0.112809 -0.397005 0.023983 0.134981 -0.193417 0.971491
1784010402.871488094 -1.432263 0.112185 -0.396977 0.023779 0.134897 -0.191385 0.971910
1784010402.875792980 -1.428412 0.111670 -0.396972 0.023345 0.134324 -0.189897 0.972292
1784010402.881527901 -1.423235 0.110935 -0.396979 0.022739 0.134068 -0.188031 0.972704
1784010402.885704041 -1.419460 0.110352 -0.396994 0.022437 0.134355 -0.186734 0.972921
1784010402.891503096 -1.414280 0.109477 -0.397044 0.022187 0.134374 -0.185055 0.973245
1784010402.895517111 -1.410719 0.108813 -0.397098 0.022082 0.134087 -0.183989 0.973489
1784010402.901562929 -1.405314 0.107729 -0.397163 0.021868 0.134531 -0.182529 0.973707
1784010402.905941963 -1.401413 0.106879 -0.397195 0.021830 0.134927 -0.181571 0.973833
1784010402.911550045 -1.396469 0.105713 -0.397246 0.021964 0.134485 -0.180424 0.974104
1784010402.915623903 -1.392872 0.104804 -0.397289 0.022072 0.134235 -0.179666 0.974276
1784010402.921108007 -1.387999 0.103520 -0.397333 0.022325 0.134824 -0.178739 0.974359
1784010402.921108007 -1.387999 0.103520 -0.397333 0.022325 0.134824 -0.178739 0.974359
1784010402.921483994 -1.387664 0.103431 -0.397334 0.022343 0.134865 -0.178681 0.974364
1784010402.925568104 -1.384043 0.102457 -0.397357 0.022461 0.135120 -0.178115 0.974430
1784010402.931526899 -1.378784 0.100992 -0.397435 0.022366 0.134558 -0.177453 0.974630
1784010402.935893059 -1.374906 0.099870 -0.397502 0.022336 0.134574 -0.176990 0.974713
1784010402.941483021 -1.369931 0.098389 -0.397573 0.022483 0.135249 -0.176450 0.974714
1784010402.945996046 -1.365956 0.097173 -0.397655 0.022509 0.135198 -0.176061 0.974791
1784010402.951524019 -1.361085 0.095658 -0.397776 0.022286 0.134547 -0.175710 0.974949
1784010402.955684900 -1.357392 0.094488 -0.397843 0.022336 0.134831 -0.175430 0.974960
1784010402.961347103 -1.352384 0.092882 -0.397910 0.022469 0.135460 -0.175060 0.974936
1784010402.965456963 -1.348785 0.091709 -0.397967 0.022445 0.135103 -0.174873 0.975019
1784010402.971503019 -1.343454 0.089961 -0.398013 0.022463 0.134418 -0.174592 0.975164
1784010402.975903034 -1.339541 0.088675 -0.398008 0.022499 0.134809 -0.174378 0.975148
1784010402.981311083 -1.334758 0.087097 -0.398004 0.022591 0.134988 -0.174111 0.975168
1784010402.985676050 -1.330911 0.085824 -0.398023 0.022537 0.134456 -0.173960 0.975270
1784010402.991466045 -1.325746 0.084131 -0.398025 0.022449 0.134758 -0.173725 0.975272
1784010402.995552063 -1.322087 0.082929 -0.398008 0.022605 0.135437 -0.173503 0.975214
1784010403.001475096 -1.316819 0.081205 -0.398027 0.022815 0.135455 -0.173206 0.975259
1784010403.005553961 -1.313194 0.080027 -0.398065 0.022689 0.135217 -0.173047 0.975324
1784010403.011521101 -1.307848 0.078299 -0.398090 0.022732 0.135940 -0.172734 0.975278
1784010403.015642881 -1.304160 0.077101 -0.398096 0.022853 0.136407 -0.172498 0.975251
1784010403.021187067 -1.299225 0.075511 -0.398129 0.022727 0.136010 -0.172264 0.975351
1784010403.021187067 -1.299225 0.075511 -0.398129 0.022727 0.136010 -0.172264 0.975351
1784010403.021482944 -1.298962 0.075429 -0.398131 0.022719 0.135986 -0.172252 0.975357
1784010403.025562048 -1.295321 0.074285 -0.398152 0.022490 0.135612 -0.172086 0.975443
1784010403.031533003 -1.289979 0.072606 -0.398152 0.022384 0.135691 -0.171808 0.975484
1784010403.035939932 -1.286052 0.071366 -0.398147 0.022387 0.135494 -0.171585 0.975551
1784010403.041224003 -1.281351 0.069887 -0.398166 0.022159 0.134557 -0.171378 0.975722
1784010403.045950890 -1.277123 0.068559 -0.398180 0.022001 0.134208 -0.171154 0.975813
1784010403.051470041 -1.272178 0.066997 -0.398195 0.022015 0.134240 -0.170852 0.975861
1784010403.055800915 -1.268307 0.065767 -0.398226 0.022032 0.133898 -0.170627 0.975947
1784010403.061492920 -1.263196 0.064150 -0.398284 0.021867 0.133486 -0.170364 0.976053
1784010403.065728903 -1.259371 0.062938 -0.398312 0.021874 0.133827 -0.170128 0.976047
1784010403.071561098 -1.254115 0.061268 -0.398357 0.022031 0.134125 -0.169782 0.976063
1784010403.075906038 -1.250203 0.060022 -0.398400 0.022046 0.133954 -0.169556 0.976126
1784010403.081331968 -1.245291 0.058465 -0.398445 0.022020 0.134210 -0.169269 0.976141
1784010403.085763931 -1.241275 0.057186 -0.398472 0.022105 0.134677 -0.169018 0.976118
1784010403.091555119 -1.236043 0.055526 -0.398549 0.022050 0.134583 -0.168757 0.976177
1784010403.095654964 -1.232349 0.054356 -0.398644 0.022011 0.134525 -0.168571 0.976219
1784010403.101478100 -1.227103 0.052697 -0.398808 0.021863 0.134805 -0.168356 0.976220
1784010403.105520964 -1.223457 0.051535 -0.398920 0.021760 0.135007 -0.168206 0.976220
1784010403.111455917 -1.218100 0.049833 -0.399107 0.021759 0.134482 -0.167996 0.976329
1784010403.115658045 -1.214306 0.048632 -0.399259 0.021759 0.134117 -0.167846 0.976405
1784010403.120963097 -1.209519 0.047125 -0.399448 0.021822 0.134265 -0.167605 0.976425
1784010403.120963097 -1.209519 0.047125 -0.399448 0.021822 0.134265 -0.167605 0.976425
1784010403.121211052 -1.209294 0.047056 -0.399455 0.021825 0.134273 -0.167593 0.976426
1784010403.125669003 -1.205261 0.045824 -0.399558 0.021865 0.134422 -0.167383 0.976440
1784010403.131498098 -1.199971 0.044221 -0.399652 0.021591 0.134010 -0.167172 0.976539
1784010403.136091948 -1.195788 0.042953 -0.399685 0.021393 0.134172 -0.166988 0.976553
1784010403.141140938 -1.191199 0.041558 -0.399692 0.021324 0.134386 -0.166754 0.976565
1784010403.145761013 -1.187020 0.040282 -0.399695 0.021261 0.134583 -0.166540 0.976576
1784010403.151467085 -1.181854 0.038701 -0.399680 0.021148 0.134636 -0.166283 0.976614
1784010403.155738115 -1.177969 0.037505 -0.399651 0.021066 0.134679 -0.166091 0.976643
1784010403.161500931 -1.172722 0.035890 -0.399632 0.021130 0.134866 -0.165799 0.976665
1784010403.165642023 -1.168963 0.034724 -0.399658 0.021179 0.135003 -0.165590 0.976681
1784010403.171253920 -1.163876 0.033149 -0.399727 0.021026 0.135370 -0.165354 0.976673
1784010403.175721884 -1.159832 0.031896 -0.399800 0.020907 0.135663 -0.165166 0.976667
1784010403.181493044 -1.154613 0.030282 -0.399923 0.020757 0.135442 -0.164953 0.976737
1784010403.185703993 -1.150808 0.029101 -0.400039 0.020649 0.135283 -0.164798 0.976787
1784010403.191535950 -1.145545 0.027474 -0.400197 0.020842 0.135430 -0.164492 0.976815
1784010403.195765972 -1.141738 0.026298 -0.400294 0.020984 0.135538 -0.164269 0.976834
1784010403.201495886 -1.136568 0.024714 -0.400385 0.020865 0.135287 -0.164009 0.976915
1784010403.205733061 -1.132727 0.023545 -0.400420 0.020779 0.135103 -0.163816 0.976975
1784010403.211467028 -1.127538 0.021972 -0.400439 0.020555 0.135077 -0.163566 0.977025
1784010403.215735912 -1.123705 0.020802 -0.400442 0.020390 0.135060 -0.163379 0.977062
1784010403.221177101 -1.118824 0.019321 -0.400444 0.019968 0.134509 -0.163197 0.977177
1784010403.221294165 -1.118719 0.019289 -0.400444 0.019959 0.134507 -0.163193 0.977178
1784010403.221294165 -1.118719 0.019289 -0.400444 0.019959 0.134507 -0.163193 0.977178
1784010403.225595951 -1.114830 0.018145 -0.400405 0.019626 0.134393 -0.163046 0.977225
1784010403.231515884 -1.109472 0.016571 -0.400371 0.019466 0.134300 -0.162785 0.977285
1784010403.235985041 -1.105441 0.015384 -0.400394 0.019351 0.134236 -0.162589 0.977328
1784010403.241287947 -1.100663 0.013974 -0.400444 0.019438 0.134396 -0.162311 0.977351
1784010403.245506048 -1.096861 0.012845 -0.400481 0.019511 0.134529 -0.162091 0.977368
1784010403.251262903 -1.091687 0.011308 -0.400558 0.019653 0.134769 -0.161743 0.977390
1784010403.255934954 -1.087501 0.010061 -0.400663 0.019606 0.134397 -0.161508 0.977480
1784010403.261534929 -1.082487 0.008564 -0.400804 0.019746 0.134673 -0.161184 0.977493
1784010403.265837908 -1.078645 0.007408 -0.400911 0.019858 0.134891 -0.160935 0.977502
1784010403.271529913 -1.073550 0.005874 -0.401039 0.019789 0.134430 -0.160678 0.977609
1784010403.275554895 -1.069932 0.004777 -0.401122 0.019746 0.134111 -0.160497 0.977683
1784010403.281491041 -1.064597 0.003160 -0.401244 0.019917 0.134398 -0.160181 0.977692
1784010403.285727978 -1.060808 0.002004 -0.401347 0.020044 0.134610 -0.159957 0.977697
1784010403.291646004 -1.055517 0.000400 -0.401507 0.020051 0.134347 -0.159697 0.977776
1784010403.295460939 -1.052096 -0.000637 -0.401610 0.020020 0.134330 -0.159517 0.977808
1784010403.301249027 -1.046894 -0.002208 -0.401743 0.020111 0.134815 -0.159204 0.977791
1784010403.305596113 -1.042999 -0.003384 -0.401852 0.020115 0.134900 -0.158978 0.977816
1784010403.311453104 -1.037753 -0.004958 -0.402011 0.019874 0.134577 -0.158735 0.977904
1784010403.315954924 -1.033722 -0.006168 -0.402125 0.019785 0.134657 -0.158526 0.977929
1784010403.321053982 -1.029166 -0.007534 -0.402250 0.019722 0.134829 -0.158277 0.977947
1784010403.321053982 -1.029166 -0.007534 -0.402250 0.019722 0.134829 -0.158277 0.977947
1784010403.321381092 -1.028874 -0.007619 -0.402257 0.019720 0.134842 -0.158263 0.977948
1784010403.325587034 -1.025119 -0.008706 -0.402358 0.019583 0.134690 -0.158130 0.977993
1784010403.331507921 -1.019820 -0.010234 -0.402485 0.019360 0.134516 -0.157960 0.978049
1784010403.336122990 -1.015687 -0.011435 -0.402555 0.019459 0.134720 -0.157761 0.978051
1784010403.341154099 -1.011201 -0.012732 -0.402633 0.019502 0.134792 -0.157552 0.978074
1784010403.345897913 -1.006984 -0.013943 -0.402716 0.019431 0.134586 -0.157378 0.978131
1784010403.351370096 -1.002115 -0.015330 -0.402796 0.019441 0.134730 -0.157122 0.978153
1784010403.355650902 -0.998306 -0.016413 -0.402848 0.019531 0.135084 -0.156887 0.978140
1784010403.361548901 -0.993067 -0.017884 -0.402922 0.019585 0.135241 -0.156587 0.978165
1784010403.365606070 -0.989466 -0.018892 -0.402970 0.019551 0.135283 -0.156370 0.978195
1784010403.371440887 -0.984281 -0.020325 -0.403028 0.019601 0.135660 -0.156002 0.978200
1784010403.375525951 -0.980667 -0.021315 -0.403068 0.019604 0.135812 -0.155722 0.978224
1784010403.381443024 -0.975458 -0.022713 -0.403146 0.019449 0.135519 -0.155330 0.978330
1784010403.385677099 -0.971735 -0.023698 -0.403201 0.019281 0.135347 -0.155018 0.978406
1784010403.391490936 -0.966623 -0.025024 -0.403268 0.019195 0.135288 -0.154509 0.978497
1784010403.395715952 -0.962919 -0.025967 -0.403325 0.019113 0.135030 -0.154095 0.978599
1784010403.401474953 -0.957858 -0.027220 -0.403419 0.018880 0.134423 -0.153526 0.978777
1784010403.405740023 -0.954093 -0.028138 -0.403490 0.018850 0.134248 -0.153025 0.978880
1784010403.411465883 -0.949038 -0.029330 -0.403599 0.018898 0.134274 -0.152285 0.978991
1784010403.415910006 -0.945125 -0.030218 -0.403708 0.018799 0.134092 -0.151680 0.979111
1784010403.421185970 -0.940461 -0.031235 -0.403841 0.018647 0.134007 -0.150908 0.979245
1784010403.421310186 -0.940351 -0.031259 -0.403844 0.018649 0.134016 -0.150887 0.979247
1784010403.421310186 -0.940351 -0.031259 -0.403844 0.018649 0.134016 -0.150887 0.979247
1784010403.425589085 -0.936547 -0.032029 -0.403907 0.018724 0.134380 -0.150146 0.979310
1784010403.431435108 -0.931351 -0.033028 -0.403984 0.018926 0.134794 -0.149041 0.979418
1784010403.435698032 -0.927567 -0.033720 -0.404045 0.018835 0.134800 -0.148247 0.979539
1784010403.441461086 -0.922441 -0.034618 -0.404111 0.018780 0.134973 -0.147117 0.979687
1784010403.445797920 -0.918580 -0.035270 -0.404153 0.018798 0.135206 -0.146213 0.979790
1784010403.451606989 -0.913410 -0.036088 -0.404247 0.018577 0.135272 -0.145014 0.979963
1784010403.455703020 -0.909759 -0.036639 -0.404343 0.018302 0.135149 -0.144172 0.980109
1784010403.461502075 -0.904572 -0.037396 -0.404500 0.018202 0.135336 -0.142886 0.980274
1784010403.465718031 -0.900799 -0.037928 -0.404639 0.018173 0.135554 -0.141921 0.980384
1784010403.471522093 -0.895600 -0.038608 -0.404889 0.017852 0.135509 -0.140601 0.980586
1784010403.475713015 -0.891841 -0.039074 -0.405088 0.017547 0.135485 -0.139632 0.980734
1784010403.481635094 -0.886529 -0.039701 -0.405337 0.017272 0.135750 -0.138202 0.980905
1784010403.485640049 -0.882948 -0.040106 -0.405480 0.017060 0.135760 -0.137216 0.981045
1784010403.491503000 -0.877706 -0.040663 -0.405637 0.016618 0.135412 -0.135780 0.981301
1784010403.495769024 -0.873882 -0.041055 -0.405693 0.016453 0.135406 -0.134677 0.981456
1784010403.501653910 -0.868613 -0.041569 -0.405707 0.016388 0.135672 -0.133105 0.981635
1784010403.505659103 -0.865037 -0.041901 -0.405702 0.016232 0.135627 -0.132044 0.981787
1784010403.511465073 -0.859840 -0.042364 -0.405697 0.015986 0.135508 -0.130503 0.982014
1784010403.515784025 -0.855960 -0.042708 -0.405696 0.015901 0.135767 -0.129323 0.982136
1784010403.521291971 -0.851020 -0.043135 -0.405729 0.015849 0.136069 -0.127832 0.982290
1784010403.521291971 -0.851020 -0.043135 -0.405729 0.015849 0.136069 -0.127832 0.982290
1784010403.521410942 -0.850914 -0.043143 -0.405730 0.015847 0.136077 -0.127798 0.982293
1784010403.525806904 -0.846980 -0.043436 -0.405774 0.015681 0.136026 -0.126581 0.982460
1784010403.531474113 -0.841895 -0.043787 -0.405873 0.015477 0.136212 -0.124972 0.982644
1784010403.535912037 -0.837906 -0.044048 -0.405975 0.015491 0.136681 -0.123646 0.982746
1784010403.541596889 -0.832808 -0.044343 -0.406141 0.015575 0.137027 -0.121874 0.982918
1784010403.545694113 -0.829138 -0.044524 -0.406284 0.015499 0.137065 -0.120583 0.983073
1784010403.551497936 -0.823936 -0.044724 -0.406467 0.015194 0.137383 -0.118721 0.983260
1784010403.555782080 -0.820107 -0.044836 -0.406578 0.014855 0.137527 -0.117341 0.983411
1784010403.561304092 -0.815186 -0.044929 -0.406680 0.014306 0.137263 -0.115561 0.983667
1784010403.565629005 -0.811335 -0.044969 -0.406722 0.013835 0.137032 -0.114138 0.983872
1784010403.571439028 -0.806168 -0.044980 -0.406717 0.013473 0.137005 -0.112121 0.984112
1784010403.575608015 -0.802472 -0.044958 -0.406696 0.013249 0.136941 -0.110640 0.984292
1784010403.581469059 -0.797263 -0.044884 -0.406656 0.012902 0.136833 -0.108517 0.984548
1784010403.585755110 -0.793436 -0.044816 -0.406624 0.012758 0.137044 -0.106925 0.984694
1784010403.591635942 -0.788189 -0.044700 -0.406594 0.012571 0.137526 -0.104721 0.984867
1784010403.595694065 -0.784586 -0.044607 -0.406606 0.012328 0.137531 -0.103234 0.985026
1784010403.601520061 -0.779413 -0.044452 -0.406663 0.011825 0.137231 -0.101102 0.985295
1784010403.605809927 -0.775594 -0.044339 -0.406729 0.011541 0.137260 -0.099523 0.985455
1784010403.611373901 -0.770645 -0.044187 -0.406841 0.011383 0.137470 -0.097471 0.985633
1784010403.615537882 -0.766951 -0.044068 -0.406958 0.011227 0.137350 -0.095951 0.985800
1784010403.621173143 -0.761938 -0.043902 -0.407129 0.011058 0.137168 -0.093884 0.986027
1784010403.621173143 -0.761938 -0.043902 -0.407129 0.011058 0.137168 -0.093884 0.986027
1784010403.621440887 -0.761700 -0.043893 -0.407137 0.011050 0.137159 -0.093787 0.986037
1784010403.625588894 -0.758004 -0.043750 -0.407255 0.011006 0.137315 -0.092288 0.986157
1784010403.631494999 -0.752768 -0.043538 -0.407428 0.010958 0.137432 -0.090159 0.986339
1784010403.636181116 -0.748629 -0.043362 -0.407565 0.010831 0.137223 -0.088511 0.986518
1784010403.641444921 -0.743968 -0.043157 -0.407689 0.010569 0.137243 -0.086676 0.986681
1784010403.645977974 -0.739948 -0.042981 -0.407759 0.010435 0.137536 -0.085088 0.986780
1784010403.651051998 -0.735469 -0.042779 -0.407815 0.010215 0.137653 -0.083364 0.986913
1784010403.655704021 -0.731380 -0.042592 -0.407851 0.009962 0.137534 -0.081827 0.987061
1784010403.661398888 -0.726380 -0.042371 -0.407866 0.009700 0.137627 -0.079963 0.987203
1784010403.665846109 -0.722481 -0.042214 -0.407868 0.009574 0.137789 -0.078544 0.987296
1784010403.671554089 -0.717488 -0.042020 -0.407890 0.009313 0.137851 -0.076830 0.987425
1784010403.675791979 -0.713781 -0.041887 -0.407924 0.009060 0.137903 -0.075606 0.987514
1784010403.681613922 -0.708681 -0.041723 -0.407987 0.008808 0.138192 -0.073961 0.987601
1784010403.685668945 -0.705133 -0.041625 -0.408051 0.008675 0.138378 -0.072870 0.987657
1784010403.691298008 -0.700222 -0.041495 -0.408180 0.008384 0.138475 -0.071439 0.987750
1784010403.695656061 -0.696424 -0.041404 -0.408302 0.008138 0.138573 -0.070373 0.987815
1784010403.701469898 -0.691361 -0.041290 -0.408463 0.007867 0.138886 -0.068972 0.987872
1784010403.705838919 -0.687567 -0.041212 -0.408577 0.007682 0.139000 -0.067961 0.987928
1784010403.711426973 -0.682728 -0.041107 -0.408712 0.007388 0.138871 -0.066693 0.988035
1784010403.715601921 -0.679111 -0.041029 -0.408793 0.007135 0.138812 -0.065756 0.988107
1784010403.721014023 -0.674434 -0.040926 -0.408864 0.006938 0.138843 -0.064515 0.988186
1784010403.721014023 -0.674434 -0.040926 -0.408864 0.006938 0.138843 -0.064515 0.988186
1784010403.721445084 -0.674063 -0.040915 -0.408867 0.006923 0.138844 -0.064416 0.988193
1784010403.726150990 -0.670027 -0.040784 -0.408895 0.006772 0.138688 -0.063332 0.988286
1784010403.731478930 -0.665463 -0.040619 -0.408916 0.006472 0.138379 -0.062110 0.988409
1784010403.735460043 -0.662041 -0.040494 -0.408918 0.006268 0.138312 -0.061172 0.988478
1784010403.741265059 -0.657054 -0.040310 -0.408916 0.006131 0.138428 -0.059760 0.988549
1784010403.745620966 -0.653328 -0.040173 -0.408924 0.006013 0.138362 -0.058708 0.988622
1784010403.751602888 -0.648209 -0.039980 -0.408971 0.005803 0.138198 -0.057266 0.988731
1784010403.755644083 -0.644737 -0.039855 -0.409014 0.005686 0.138404 -0.056285 0.988759
1784010403.761444092 -0.639759 -0.039677 -0.409097 0.005586 0.138921 -0.054877 0.988766
1784010403.766066074 -0.635810 -0.039541 -0.409183 0.005488 0.139064 -0.053775 0.988807
1784010403.771460056 -0.631198 -0.039382 -0.409295 0.005340 0.139091 -0.052499 0.988873
1784010403.775763035 -0.627510 -0.039264 -0.409380 0.005274 0.139286 -0.051486 0.988899
1784010403.781477928 -0.622628 -0.039108 -0.409492 0.005233 0.139472 -0.050154 0.988941
1784010403.785693884 -0.619044 -0.038996 -0.409577 0.005215 0.139274 -0.049191 0.989018
1784010403.791452885 -0.614142 -0.038827 -0.409697 0.005042 0.138972 -0.047907 0.989124
1784010403.795515060 -0.610674 -0.038704 -0.409775 0.004879 0.138970 -0.047024 0.989167
1784010403.801392078 -0.605674 -0.038522 -0.409889 0.004867 0.138874 -0.045744 0.989241
1784010403.805964947 -0.601796 -0.038377 -0.409980 0.004863 0.138599 -0.044757 0.989325
1784010403.811527014 -0.597062 -0.038183 -0.410092 0.004760 0.138417 -0.043552 0.989404
1784010403.815545082 -0.593633 -0.038042 -0.410161 0.004713 0.138499 -0.042686 0.989431
1784010403.821314096 -0.588723 -0.037827 -0.410257 0.004640 0.138534 -0.041462 0.989478
1784010403.821314096 -0.588723 -0.037827 -0.410257 0.004640 0.138534 -0.041462 0.989478
1784010403.821513891 -0.588554 -0.037817 -0.410260 0.004636 0.138535 -0.041418 0.989480
1784010403.825560093 -0.585130 -0.037614 -0.410320 0.004439 0.138436 -0.040566 0.989530
1784010403.831453085 -0.580134 -0.037299 -0.410395 0.003983 0.138445 -0.039318 0.989581
1784010403.836272955 -0.576047 -0.037045 -0.410433 0.003661 0.138545 -0.038336 0.989607
1784010403.841279984 -0.571815 -0.036783 -0.410465 0.003456 0.138504 -0.037304 0.989653
1784010403.845513105 -0.568238 -0.036560 -0.410493 0.003245 0.138416 -0.036449 0.989698
1784010403.851478100 -0.563184 -0.036233 -0.410555 0.002848 0.138513 -0.035252 0.989729
1784010403.855863094 -0.559469 -0.036002 -0.410614 0.002611 0.138621 -0.034401 0.989744
1784010403.861112118 -0.555034 -0.035726 -0.410720 0.002379 0.138576 -0.033414 0.989785
1784010403.865573883 -0.551262 -0.035493 -0.410841 0.002041 0.138487 -0.032608 0.989825
1784010403.871433973 -0.546297 -0.035183 -0.411042 0.001511 0.138548 -0.031577 0.989851
1784010403.875915051 -0.542504 -0.034958 -0.411207 0.001185 0.138607 -0.030824 0.989867
1784010403.881604910 -0.537703 -0.034678 -0.411426 0.000912 0.138499 -0.029840 0.989912
1784010403.885710955 -0.534238 -0.034486 -0.411567 0.000837 0.138418 -0.029122 0.989945
1784010403.891587973 -0.529269 -0.034203 -0.411738 0.000748 0.138543 -0.028074 0.989958
1784010403.895629883 -0.525859 -0.034013 -0.411821 0.000707 0.138609 -0.027353 0.989969
1784010403.901436090 -0.520975 -0.033730 -0.411900 0.000665 0.138455 -0.026298 0.990019
1784010403.905477047 -0.517573 -0.033530 -0.411922 0.000455 0.138393 -0.025592 0.990047
1784010403.911462069 -0.512546 -0.033212 -0.411936 -0.000106 0.138501 -0.024568 0.990058
1784010403.916122913 -0.508658 -0.032966 -0.411935 -0.000478 0.138403 -0.023787 0.990090
1784010403.920981169 -0.504624 -0.032705 -0.411942 -0.000801 0.138170 -0.022945 0.990142
1784010403.920981169 -0.504624 -0.032705 -0.411942 -0.000801 0.138170 -0.022945 0.990142
1784010403.921449900 -0.504235 -0.032675 -0.411942 -0.000827 0.138145 -0.022868 0.990148
1784010403.925565958 -0.500817 -0.032396 -0.411949 -0.000999 0.138148 -0.022167 0.990163
1784010403.931432009 -0.495941 -0.031983 -0.411995 -0.001126 0.138450 -0.021141 0.990143
1784010403.935848951 -0.492276 -0.031674 -0.412055 -0.001128 0.138605 -0.020348 0.990138
1784010403.941426039 -0.487659 -0.031276 -0.412168 -0.001123 0.138696 -0.019340 0.990146
1784010403.945518970 -0.484276 -0.030984 -0.412268 -0.001238 0.138751 -0.018612 0.990152
1784010403.951493979 -0.479350 -0.030546 -0.412453 -0.001498 0.138700 -0.017575 0.990177
1784010403.955734968 -0.475863 -0.030240 -0.412594 -0.001677 0.138607 -0.016851 0.990203
1784010403.961508989 -0.471121 -0.029818 -0.412786 -0.001935 0.138494 -0.015886 0.990234
1784010403.965590000 -0.467775 -0.029527 -0.412905 -0.001983 0.138399 -0.015181 0.990258
1784010403.971448898 -0.462978 -0.029106 -0.413062 -0.001852 0.138207 -0.014130 0.990301
1784010403.975755930 -0.459454 -0.028800 -0.413157 -0.001710 0.138132 -0.013343 0.990322
1784010403.981456041 -0.454790 -0.028382 -0.413270 -0.001521 0.138135 -0.012274 0.990336
1784010403.985622883 -0.451383 -0.028076 -0.413339 -0.001488 0.138160 -0.011507 0.990342
1784010403.991477966 -0.446604 -0.027638 -0.413433 -0.001443 0.138209 -0.010446 0.990347
1784010403.995750904 -0.443122 -0.027318 -0.413496 -0.001499 0.138225 -0.009683 0.990352
1784010404.001317978 -0.438585 -0.026893 -0.413587 -0.001715 0.138195 -0.008731 0.990365
1784010404.005425930 -0.435237 -0.026589 -0.413648 -0.001811 0.138169 -0.008054 0.990374
1784010404.011476994 -0.430304 -0.026143 -0.413747 -0.001901 0.138047 -0.007088 0.990399
1784010404.015810966 -0.426764 -0.025836 -0.413822 -0.001990 0.137877 -0.006417 0.990427
1784010404.021212101 -0.422343 -0.025456 -0.413933 -0.002130 0.137675 -0.005623 0.990459
1784010404.021212101 -0.422343 -0.025456 -0.413933 -0.002130 0.137675 -0.005623 0.990459
1784010404.021420956 -0.422173 -0.025440 -0.413937 -0.002136 0.137668 -0.005592 0.990460
1784010404.025929928 -0.418497 -0.025093 -0.414025 -0.002249 0.137559 -0.004963 0.990479
1784010404.031495094 -0.413970 -0.024679 -0.414150 -0.002249 0.137340 -0.004216 0.990512
1784010404.035434961 -0.410765 -0.024394 -0.414244 -0.002271 0.137204 -0.003710 0.990533
1784010404.041424036 -0.405875 -0.023959 -0.414390 -0.002491 0.137262 -0.002989 0.990527
1784010404.045649052 -0.402419 -0.023665 -0.414477 -0.002539 0.137418 -0.002481 0.990507
1784010404.051491022 -0.397649 -0.023271 -0.414578 -0.002509 0.137489 -0.001793 0.990498
1784010404.055965900 -0.394002 -0.022980 -0.414637 -0.002541 0.137491 -0.001302 0.990499
1784010404.061278105 -0.389669 -0.022640 -0.414690 -0.002644 0.137540 -0.000761 0.990492
1784010404.065464973 -0.386250 -0.022383 -0.414720 -0.002693 0.137650 -0.000347 0.990477
1784010404.071409941 -0.381408 -0.022025 -0.414756 -0.002710 0.137763 0.000222 0.990462
1784010404.075385094 -0.378185 -0.021797 -0.414784 -0.002732 0.137765 0.000591 0.990461
1784010404.081429958 -0.373297 -0.021447 -0.414852 -0.002931 0.137681 0.001104 0.990472
1784010404.085799932 -0.369766 -0.021203 -0.414908 -0.003067 0.137629 0.001454 0.990478
1784010404.091300964 -0.365305 -0.020905 -0.414980 -0.003219 0.137504 0.001873 0.990494
1784010404.095712900 -0.361701 -0.020678 -0.415042 -0.003340 0.137403 0.002205 0.990507
1784010404.101614952 -0.356856 -0.020384 -0.415138 -0.003479 0.137365 0.002622 0.990511
1784010404.105572939 -0.353616 -0.020197 -0.415218 -0.003596 0.137297 0.002879 0.990519
1784010404.111258984 -0.348976 -0.019932 -0.415362 -0.003833 0.136909 0.003217 0.990571
1784010404.115565062 -0.345451 -0.019744 -0.415477 -0.003992 0.136669 0.003460 0.990603
1784010404.121235132 -0.340777 -0.019511 -0.415619 -0.004094 0.136749 0.003782 0.990590
1784010404.121235132 -0.340777 -0.019511 -0.415619 -0.004094 0.136749 0.003782 0.990590
1784010404.121443033 -0.340605 -0.019502 -0.415624 -0.004099 0.136752 0.003795 0.990590
1784010404.125864029 -0.336953 -0.019305 -0.415727 -0.004090 0.136856 0.004089 0.990574
1784010404.131458044 -0.332342 -0.019063 -0.415862 -0.004126 0.136586 0.004439 0.990610
1784010404.135627031 -0.328891 -0.018888 -0.415946 -0.004196 0.136360 0.004691 0.990639
1784010404.141122103 -0.324279 -0.018673 -0.416029 -0.004142 0.136542 0.005055 0.990613
1784010404.145678043 -0.320434 -0.018505 -0.416075 -0.003938 0.136912 0.005376 0.990561
1784010404.151406050 -0.315616 -0.018293 -0.416147 -0.003811 0.136817 0.005773 0.990572
1784010404.155678034 -0.312015 -0.018133 -0.416206 -0.003863 0.136606 0.006036 0.990600
1784010404.161573887 -0.306984 -0.017925 -0.416283 -0.003768 0.136937 0.006435 0.990552
1784010404.165563107 -0.303569 -0.017795 -0.416329 -0.003534 0.137392 0.006733 0.990488
1784010404.171474934 -0.298530 -0.017593 -0.416450 -0.003492 0.137421 0.007097 0.990481
1784010404.175718069 -0.294918 -0.017438 -0.416559 -0.003605 0.137217 0.007330 0.990507
1784010404.181261063 -0.290162 -0.017239 -0.416706 -0.003653 0.137355 0.007668 0.990485
1784010404.185677052 -0.286363 -0.017090 -0.416821 -0.003510 0.137664 0.007948 0.990441
1784010404.191469908 -0.281399 -0.016900 -0.417004 -0.003351 0.137574 0.008274 0.990451
1784010404.195672035 -0.277820 -0.016759 -0.417149 -0.003449 0.137254 0.008460 0.990494
1784010404.201407909 -0.272930 -0.016570 -0.417346 -0.003805 0.136930 0.008651 0.990536
1784010404.205635071 -0.269318 -0.016446 -0.417471 -0.003946 0.136808 0.008771 0.990551
1784010404.211539030 -0.264264 -0.016297 -0.417624 -0.003993 0.136617 0.008923 0.990576
1784010404.215404034 -0.260963 -0.016209 -0.417703 -0.004085 0.136465 0.008983 0.990596
1784010404.221107960 -0.256079 -0.016098 -0.417805 -0.004237 0.136207 0.009031 0.990630
1784010404.221254110 -0.255953 -0.016095 -0.417808 -0.004236 0.136207 0.009032 0.990630
1784010404.221254110 -0.255953 -0.016095 -0.417808 -0.004236 0.136207 0.009032 0.990630
1784010404.225507021 -0.252310 -0.015989 -0.417834 -0.004181 0.136204 0.009037 0.990631
1784010404.231443882 -0.247218 -0.015871 -0.417860 -0.003935 0.136569 0.009043 0.990582
1784010404.235965967 -0.243361 -0.015800 -0.417878 -0.003885 0.136696 0.008996 0.990565
1784010404.241430998 -0.238718 -0.015732 -0.417927 -0.003987 0.136504 0.008865 0.990592
1784010404.245532036 -0.235236 -0.015703 -0.417965 -0.004032 0.136474 0.008737 0.990597
1784010404.251405954 -0.230247 -0.015682 -0.418046 -0.003958 0.136705 0.008560 0.990567
1784010404.255579948 -0.226714 -0.015676 -0.418124 -0.004045 0.136695 0.008389 0.990569
1784010404.261430979 -0.221754 -0.015673 -0.418288 -0.004347 0.136409 0.008077 0.990610
1784010404.265675068 -0.218143 -0.015687 -0.418416 -0.004424 0.136473 0.007858 0.990603
1784010404.271440983 -0.213232 -0.015722 -0.418626 -0.004346 0.136860 0.007576 0.990552
1784010404.275794029 -0.209544 -0.015754 -0.418813 -0.004401 0.136873 0.007332 0.990552
1784010404.281300068 -0.204880 -0.015794 -0.419069 -0.004585 0.136674 0.007006 0.990581
1784010404.285551071 -0.201272 -0.015832 -0.419238 -0.004633 0.136790 0.006782 0.990566
1784010404.291405916 -0.196314 -0.015886 -0.419428 -0.004691 0.137021 0.006491 0.990536
1784010404.295769930 -0.192640 -0.015927 -0.419524 -0.004896 0.136779 0.006228 0.990570
1784010404.301255941 -0.188018 -0.015982 -0.419581 -0.005130 0.136430 0.005914 0.990619
1784010404.305747986 -0.184231 -0.016040 -0.419563 -0.005183 0.136449 0.005689 0.990617
1784010404.311465025 -0.179411 -0.016123 -0.419522 -0.005234 0.136364 0.005407 0.990630
1784010404.315835953 -0.175712 -0.016197 -0.419489 -0.005312 0.136143 0.005162 0.990662
1784010404.321183205 -0.171145 -0.016303 -0.419468 -0.005318 0.136331 0.004882 0.990637
1784010404.321183205 -0.171145 -0.016303 -0.419468 -0.005318 0.136331 0.004882 0.990637
1784010404.321397066 -0.170962 -0.016306 -0.419466 -0.005318 0.136337 0.004871 0.990636
1784010404.325490952 -0.167469 -0.016368 -0.419436 -0.005214 0.136618 0.004678 0.990599
1784010404.331443071 -0.162416 -0.016478 -0.419485 -0.005211 0.136479 0.004312 0.990620
1784010404.335628033 -0.158862 -0.016571 -0.419564 -0.005274 0.136324 0.004031 0.990642
1784010404.341418982 -0.153902 -0.016720 -0.419706 -0.005334 0.136757 0.003611 0.990584
1784010404.345724106 -0.150210 -0.016855 -0.419819 -0.005300 0.137165 0.003296 0.990528
1784010404.351383924 -0.145374 -0.017060 -0.420002 -0.005287 0.136939 0.002801 0.990561
1784010404.355362892 -0.141987 -0.017222 -0.420148 -0.005277 0.136788 0.002453 0.990583
1784010404.361239910 -0.136979 -0.017498 -0.420368 -0.005285 0.136826 0.001830 0.990579
1784010404.365643024 -0.133218 -0.017746 -0.420504 -0.005071 0.136803 0.001359 0.990584
1784010404.371428013 -0.128274 -0.018111 -0.420663 -0.004804 0.136396 0.000657 0.990643
1784010404.375726938 -0.124597 -0.018403 -0.420758 -0.004773 0.136269 0.000091 0.990660
1784010404.381453037 -0.119680 -0.018837 -0.420858 -0.004728 0.136336 -0.000717 0.990651
1784010404.385649920 -0.116072 -0.019198 -0.420900 -0.004694 0.136394 -0.001309 0.990643
1784010404.391427994 -0.111095 -0.019744 -0.420946 -0.004465 0.136427 -0.002259 0.990638
1784010404.395683050 -0.107429 -0.020178 -0.420969 -0.004295 0.136459 -0.002958 0.990632
1784010404.401477098 -0.102438 -0.020816 -0.421016 -0.004202 0.136299 -0.004066 0.990650
1784010404.405597925 -0.098897 -0.021309 -0.421055 -0.004136 0.136194 -0.004852 0.990662
1784010404.411422014 -0.093891 -0.022052 -0.421133 -0.003878 0.136120 -0.006073 0.990666
1784010404.415750980 -0.090173 -0.022639 -0.421193 -0.003686 0.136073 -0.006979 0.990667
1784010404.421128988 -0.085555 -0.023408 -0.421285 -0.003590 0.135851 -0.008208 0.990689
1784010404.421128988 -0.085555 -0.023408 -0.421285 -0.003590 0.135851 -0.008208 0.990689
1784010404.421586037 -0.085165 -0.023470 -0.421290 -0.003581 0.135835 -0.008313 0.990690
1784010404.425436020 -0.081879 -0.024008 -0.421348 -0.003509 0.135686 -0.009210 0.990703
1784010404.431438923 -0.076751 -0.024884 -0.421446 -0.003186 0.135897 -0.010705 0.990660
1784010404.435694933 -0.073114 -0.025536 -0.421501 -0.002958 0.136054 -0.011759 0.990627
1784010404.441445112 -0.068204 -0.026461 -0.421568 -0.002893 0.135864 -0.013357 0.990633
1784010404.446002007 -0.064322 -0.027243 -0.421600 -0.002791 0.135813 -0.014690 0.990622
1784010404.451102972 -0.059973 -0.028169 -0.421622 -0.002571 0.135938 -0.016251 0.990581
1784010404.455893993 -0.055884 -0.029091 -0.421632 -0.002364 0.136057 -0.017716 0.990540
1784010404.461414099 -0.051174 -0.030203 -0.421643 -0.002065 0.136155 -0.019507 0.990493
1784010404.465632915 -0.047581 -0.031084 -0.421648 -0.001837 0.136237 -0.020871 0.990455
1784010404.471451044 -0.042636 -0.032342 -0.421675 -0.001483 0.136265 -0.022857 0.990408
1784010404.475775003 -0.038975 -0.033317 -0.421701 -0.001221 0.136294 -0.024327 0.990369
1784010404.481365919 -0.034245 -0.034605 -0.421756 -0.000983 0.136404 -0.026294 0.990304
1784010404.485635042 -0.030635 -0.035603 -0.421804 -0.000802 0.136494 -0.027792 0.990251
1784010404.491316080 -0.025847 -0.036948 -0.421893 -0.000689 0.136319 -0.029826 0.990216
1784010404.495544910 -0.022309 -0.037965 -0.421969 -0.000606 0.136196 -0.031335 0.990186
1784010404.501385927 -0.017435 -0.039383 -0.422085 -0.000327 0.136015 -0.033418 0.990143
1784010404.505768061 -0.013783 -0.040459 -0.422157 -0.000119 0.135887 -0.034976 0.990107
1784010404.511296034 -0.009186 -0.041826 -0.422231 0.000216 0.135636 -0.036876 0.990072
1784010404.515656948 -0.005577 -0.042915 -0.422264 0.000481 0.135444 -0.038370 0.990042
1784010404.521063089 -0.001111 -0.044261 -0.422289 0.000769 0.135258 -0.040091 0.989999
1784010404.521063089 -0.001111 -0.044261 -0.422289 0.000769 0.135258 -0.040091 0.989999
1784010404.521389008 -0.000843 -0.044339 -0.422288 0.000786 0.135249 -0.040191 0.989996
1784010404.525839090 0.002825 -0.045404 -0.422281 0.001016 0.135131 -0.041552 0.989956
1784010404.531420946 0.007423 -0.046715 -0.422278 0.001531 0.135283 -0.043000 0.989872
1784010404.535686016 0.010927 -0.047690 -0.422277 0.001926 0.135400 -0.044111 0.989807
1784010404.541363955 0.015587 -0.048964 -0.422291 0.002157 0.135675 -0.045467 0.989707
1784010404.545392036 0.018883 -0.049856 -0.422297 0.002322 0.135871 -0.046434 0.989635
1784010404.551470995 0.023850 -0.051174 -0.422335 0.002696 0.136130 -0.047704 0.989538
1784010404.555600882 0.027208 -0.052045 -0.422372 0.002951 0.136308 -0.048574 0.989471
1784010404.561423063 0.031928 -0.053242 -0.422448 0.003220 0.136219 -0.049690 0.989427
1784010404.565630913 0.035323 -0.054081 -0.422508 0.003416 0.136157 -0.050501 0.989393
1784010404.571412086 0.039982 -0.055199 -0.422613 0.003586 0.136089 -0.051549 0.989348
1784010404.575486898 0.043254 -0.055962 -0.422691 0.003779 0.135980 -0.052225 0.989327
1784010404.581418037 0.048014 -0.057024 -0.422825 0.004069 0.135726 -0.053094 0.989314
1784010404.585516930 0.051294 -0.057720 -0.422916 0.004236 0.135535 -0.053632 0.989311
1784010404.591376066 0.055986 -0.058656 -0.423053 0.004481 0.135345 -0.054283 0.989300
1784010404.595690966 0.059434 -0.059306 -0.423144 0.004644 0.135290 -0.054700 0.989284
1784010404.601401091 0.063993 -0.060127 -0.423250 0.005020 0.135330 -0.055121 0.989253
1784010404.605720043 0.067426 -0.060715 -0.423310 0.005296 0.135352 -0.055387 0.989234
1784010404.611563921 0.072061 -0.061455 -0.423388 0.005367 0.135312 -0.055710 0.989221
1784010404.615681887 0.075318 -0.061944 -0.423430 0.005313 0.135274 -0.055909 0.989215
1784010404.621227980 0.079708 -0.062575 -0.423478 0.005371 0.135330 -0.056086 0.989197
1784010404.621227980 0.079708 -0.062575 -0.423478 0.005371 0.135330 -0.056086 0.989197
1784010404.621356964 0.079809 -0.062588 -0.423478 0.005372 0.135331 -0.056091 0.989197
1784010404.625593901 0.083128 -0.062999 -0.423477 0.005389 0.135394 -0.056208 0.989181
1784010404.631409883 0.087668 -0.063518 -0.423488 0.005258 0.135391 -0.056344 0.989175
1784010404.635909081 0.091166 -0.063894 -0.423507 0.005080 0.135350 -0.056436 0.989176
1784010404.641390085 0.095420 -0.064335 -0.423544 0.004942 0.135323 -0.056515 0.989176
1784010404.645425081 0.098545 -0.064656 -0.423582 0.004906 0.135295 -0.056554 0.989178
1784010404.650985003 0.102846 -0.065077 -0.423667 0.004759 0.135224 -0.056602 0.989186
1784010404.655693054 0.106479 -0.065420 -0.423763 0.004513 0.135188 -0.056654 0.989189
1784010404.661278009 0.110769 -0.065828 -0.423890 0.004330 0.135136 -0.056697 0.989194
1784010404.665853024 0.114268 -0.066173 -0.423989 0.004348 0.135044 -0.056708 0.989206
1784010404.671236038 0.118374 -0.066578 -0.424092 0.004361 0.134930 -0.056721 0.989221
1784010404.675512075 0.121628 -0.066899 -0.424154 0.004326 0.134877 -0.056731 0.989228
1784010404.681416035 0.126111 -0.067338 -0.424207 0.004305 0.134820 -0.056723 0.989236
1784010404.685652971 0.129318 -0.067660 -0.424218 0.004320 0.134787 -0.056714 0.989241
1784010404.691397905 0.133658 -0.068104 -0.424213 0.004452 0.134749 -0.056669 0.989248
1784010404.695585012 0.136815 -0.068434 -0.424203 0.004522 0.134782 -0.056647 0.989244
1784010404.701525927 0.141284 -0.068902 -0.424202 0.004542 0.134864 -0.056630 0.989234
1784010404.705627918 0.144360 -0.069233 -0.424212 0.004556 0.134917 -0.056625 0.989227
1784010404.711419106 0.148694 -0.069704 -0.424245 0.004609 0.134986 -0.056617 0.989218
1784010404.715730906 0.151912 -0.070058 -0.424282 0.004578 0.135046 -0.056643 0.989208
1784010404.721264124 0.156029 -0.070505 -0.424341 0.004380 0.135092 -0.056700 0.989200
1784010404.721264124 0.156029 -0.070505 -0.424341 0.004380 0.135092 -0.056700 0.989200
1784010404.721380949 0.156115 -0.070514 -0.424343 0.004377 0.135093 -0.056701 0.989200
1784010404.725840092 0.159416 -0.070850 -0.424402 0.004258 0.135095 -0.056753 0.989197
1784010404.731395960 0.163518 -0.071269 -0.424471 0.004185 0.135075 -0.056806 0.989197
1784010404.735733986 0.166711 -0.071597 -0.424518 0.004124 0.135065 -0.056850 0.989196
1784010404.741373062 0.170854 -0.072016 -0.424588 0.004042 0.135017 -0.056912 0.989199
1784010404.745420933 0.173819 -0.072312 -0.424638 0.003933 0.135007 -0.056953 0.989199
1784010404.751549959 0.178304 -0.072761 -0.424733 0.003868 0.135014 -0.056979 0.989196
1784010404.755816936 0.181415 -0.073077 -0.424798 0.003907 0.135026 -0.056981 0.989195
1784010404.761122942 0.185276 -0.073471 -0.424884 0.003997 0.135021 -0.056951 0.989197
1784010404.765635014 0.188549 -0.073804 -0.424950 0.004062 0.135014 -0.056900 0.989200
1784010404.771473885 0.192775 -0.074235 -0.425027 0.004143 0.135026 -0.056819 0.989203
1784010404.775587082 0.195740 -0.074543 -0.425065 0.004226 0.135027 -0.056755 0.989206
1784010404.781377077 0.199905 -0.074985 -0.425110 0.004417 0.134950 -0.056647 0.989222
1784010404.785522938 0.202876 -0.075305 -0.425134 0.004531 0.134889 -0.056581 0.989234
1784010404.791414976 0.207092 -0.075763 -0.425182 0.004616 0.134785 -0.056520 0.989251
1784010404.795696020 0.210147 -0.076099 -0.425225 0.004633 0.134698 -0.056490 0.989264
1784010404.801549911 0.214324 -0.076564 -0.425313 0.004674 0.134567 -0.056456 0.989284
1784010404.805615902 0.217218 -0.076892 -0.425386 0.004703 0.134503 -0.056449 0.989293
1784010404.811455011 0.221373 -0.077367 -0.425519 0.004773 0.134416 -0.056453 0.989304
1784010404.815777063 0.224443 -0.077720 -0.425623 0.004848 0.134396 -0.056455 0.989306
1784010404.821056128 0.228193 -0.078152 -0.425758 0.005003 0.134428 -0.056439 0.989302
1784010404.821056128 0.228193 -0.078152 -0.425758 0.005003 0.134428 -0.056439 0.989302
1784010404.821388006 0.228426 -0.078176 -0.425763 0.005010 0.134430 -0.056440 0.989302
1784010404.825598001 0.231388 -0.078481 -0.425821 0.005111 0.134417 -0.056443 0.989303
1784010404.831449032 0.235501 -0.078903 -0.425881 0.005261 0.134387 -0.056431 0.989307
1784010404.835809946 0.238560 -0.079223 -0.425911 0.005376 0.134405 -0.056426 0.989304
1784010404.841439962 0.242493 -0.079629 -0.425932 0.005450 0.134388 -0.056429 0.989306
1784010404.846483946 0.246005 -0.079993 -0.425931 0.005470 0.134288 -0.056430 0.989319
1784010404.851442099 0.249459 -0.080349 -0.425908 0.005462 0.134116 -0.056426 0.989343
1784010404.855477095 0.252293 -0.080643 -0.425878 0.005388 0.133958 -0.056415 0.989365
1784010404.861371994 0.256488 -0.081082 -0.425823 0.005461 0.133924 -0.056370 0.989372
1784010404.865526915 0.259458 -0.081405 -0.425792 0.005597 0.134096 -0.056360 0.989348
1784010404.871427059 0.263637 -0.081855 -0.425781 0.005691 0.134041 -0.056411 0.989352
1784010404.875849009 0.266770 -0.082194 -0.425801 0.005662 0.133763 -0.056458 0.989388
1784010404.881383896 0.270756 -0.082622 -0.425828 0.005665 0.133903 -0.056472 0.989368
1784010404.885667086 0.273871 -0.082962 -0.425847 0.005747 0.134364 -0.056485 0.989304
1784010404.891256094 0.277906 -0.083394 -0.425890 0.005611 0.134342 -0.056592 0.989302
1784010404.895596981 0.281040 -0.083732 -0.425934 0.005487 0.133877 -0.056671 0.989361
1784010404.901289940 0.285227 -0.084180 -0.425971 0.005520 0.133946 -0.056702 0.989350
1784010404.905621052 0.288447 -0.084529 -0.425991 0.005664 0.134496 -0.056717 0.989273
1784010404.911401987 0.292701 -0.084969 -0.426056 0.005493 0.134498 -0.056827 0.989268
1784010404.915740013 0.295878 -0.085291 -0.426133 0.005159 0.133960 -0.056930 0.989337
1784010404.920854092 0.299673 -0.085684 -0.426200 0.005025 0.133900 -0.056985 0.989342
1784010404.920854092 0.299673 -0.085684 -0.426200 0.005025 0.133900 -0.056985 0.989342
1784010404.921380043 0.300066 -0.085722 -0.426203 0.005015 0.133898 -0.056988 0.989343
1784010404.925482988 0.303136 -0.086021 -0.426226 0.005181 0.134319 -0.056969 0.989286
1784010404.931412935 0.307541 -0.086429 -0.426290 0.005199 0.134310 -0.056973 0.989287
1784010404.935909033 0.310863 -0.086725 -0.426354 0.004931 0.133761 -0.056998 0.989361
1784010404.941099882 0.314734 -0.087080 -0.426393 0.004917 0.133703 -0.056958 0.989371
1784010404.945370913 0.317941 -0.087389 -0.426396 0.005076 0.134032 -0.056883 0.989330
1784010404.951366901 0.322436 -0.087822 -0.426404 0.005297 0.133890 -0.056793 0.989353
1784010404.955569983 0.325592 -0.088126 -0.426411 0.005242 0.133535 -0.056740 0.989405
1784010404.961350918 0.329971 -0.088552 -0.426407 0.005225 0.133592 -0.056633 0.989403
1784010404.965742111 0.333307 -0.088891 -0.426404 0.005299 0.133763 -0.056534 0.989385
1784010404.971132040 0.337404 -0.089314 -0.426430 0.005411 0.133658 -0.056446 0.989404
1784010404.975982904 0.341110 -0.089703 -0.426468 0.005416 0.133749 -0.056371 0.989396
1784010404.981426954 0.345291 -0.090146 -0.426514 0.005466 0.134188 -0.056281 0.989341
1784010404.985672951 0.348551 -0.090499 -0.426560 0.005529 0.134316 -0.056210 0.989328
1784010404.991370916 0.352933 -0.090978 -0.426641 0.005576 0.134181 -0.056143 0.989349
1784010404.995656013 0.356242 -0.091345 -0.426699 0.005614 0.134301 -0.056094 0.989336
1784010405.001425982 0.360701 -0.091843 -0.426783 0.005725 0.134441 -0.056022 0.989320
1784010405.005510092 0.363853 -0.092199 -0.426850 0.005774 0.134235 -0.055998 0.989349
1784010405.011434078 0.368448 -0.092709 -0.426955 0.005708 0.133941 -0.055969 0.989391
1784010405.015547037 0.371656 -0.093072 -0.427019 0.005759 0.134001 -0.055931 0.989385
1784010405.020895004 0.375827 -0.093549 -0.427110 0.005954 0.133968 -0.055887 0.989391
1784010405.020895004 0.375827 -0.093549 -0.427110 0.005954 0.133968 -0.055887 0.989391
1784010405.021413088 0.376230 -0.093592 -0.427118 0.005971 0.133964 -0.055883 0.989391
1784010405.025932074 0.379750 -0.093961 -0.427198 0.006065 0.133727 -0.055866 0.989424
1784010405.031349897 0.383993 -0.094404 -0.427288 0.006155 0.133659 -0.055830 0.989434
1784010405.035636902 0.387366 -0.094762 -0.427340 0.006297 0.133817 -0.055788 0.989414
1784010405.041338921 0.391848 -0.095245 -0.427411 0.006584 0.133803 -0.055733 0.989418
1784010405.045491934 0.395105 -0.095599 -0.427453 0.006763 0.133660 -0.055695 0.989438
1784010405.050821066 0.399302 -0.096047 -0.427504 0.006804 0.133641 -0.055664 0.989442
1784010405.055722952 0.403178 -0.096459 -0.427544 0.006759 0.133733 -0.055652 0.989430
1784010405.061075926 0.407411 -0.096914 -0.427589 0.006737 0.133697 -0.055653 0.989435
1784010405.065623999 0.411003 -0.097301 -0.427625 0.006712 0.133602 -0.055664 0.989448
1784010405.071432114 0.415606 -0.097786 -0.427687 0.006595 0.133557 -0.055684 0.989454
1784010405.075408936 0.418766 -0.098117 -0.427733 0.006483 0.133562 -0.055715 0.989452
1784010405.081329107 0.423481 -0.098611 -0.427828 0.006431 0.133543 -0.055747 0.989453
1784010405.085891962 0.427118 -0.098994 -0.427915 0.006389 0.133557 -0.055771 0.989450
1784010405.091150045 0.431319 -0.099430 -0.428044 0.006247 0.133623 -0.055814 0.989440
1784010405.095567942 0.434845 -0.099793 -0.428167 0.006108 0.133691 -0.055853 0.989429
1784010405.101402044 0.439484 -0.100274 -0.428348 0.005961 0.133703 -0.055887 0.989426
1784010405.105597973 0.442807 -0.100625 -0.428465 0.005924 0.133608 -0.055891 0.989439
1784010405.111416101 0.447439 -0.101112 -0.428603 0.005855 0.133479 -0.055893 0.989457
1784010405.115360975 0.450605 -0.101451 -0.428660 0.005841 0.133525 -0.055877 0.989452
1784010405.121075153 0.455201 -0.101957 -0.428706 0.006062 0.133697 -0.055823 0.989430
1784010405.121075153 0.455201 -0.101957 -0.428706 0.006062 0.133697 -0.055823 0.989430
1784010405.121407032 0.455467 -0.101984 -0.428705 0.006075 0.133707 -0.055820 0.989429
1784010405.125992060 0.459125 -0.102352 -0.428694 0.006261 0.133663 -0.055775 0.989436
1784010405.131381989 0.463433 -0.102785 -0.428692 0.006256 0.133349 -0.055760 0.989480
1784010405.135797024 0.467005 -0.103153 -0.428691 0.006295 0.133398 -0.055734 0.989474
1784010405.141197920 0.471409 -0.103621 -0.428698 0.006507 0.133965 -0.055681 0.989399
1784010405.145651102 0.475020 -0.104010 -0.428728 0.006624 0.134217 -0.055658 0.989365
1784010405.150872946 0.479235 -0.104455 -0.428804 0.006449 0.133901 -0.055697 0.989407
1784010405.155796051 0.483233 -0.104873 -0.428878 0.006199 0.133874 -0.055726 0.989411
1784010405.161326885 0.487754 -0.105357 -0.428935 0.006116 0.134316 -0.055743 0.989351
1784010405.165663004 0.491286 -0.105743 -0.428963 0.006167 0.134457 -0.055749 0.989331
1784010405.171230078 0.495818 -0.106221 -0.429008 0.005912 0.133913 -0.055808 0.989403
1784010405.175375938 0.499230 -0.106578 -0.429031 0.005722 0.133679 -0.055821 0.989435
1784010405.181376934 0.504230 -0.107106 -0.429060 0.005747 0.134054 -0.055762 0.989387
1784010405.185518026 0.507672 -0.107477 -0.429086 0.005856 0.134233 -0.055699 0.989366
1784010405.191446066 0.512581 -0.107998 -0.429159 0.005730 0.133577 -0.055672 0.989457
1784010405.195771933 0.516205 -0.108388 -0.429205 0.005652 0.133266 -0.055636 0.989501
1784010405.201219082 0.520832 -0.108900 -0.429227 0.005895 0.133769 -0.055489 0.989440
1784010405.205703020 0.524626 -0.109328 -0.429235 0.006204 0.134107 -0.055361 0.989400
1784010405.211581945 0.529568 -0.109873 -0.429282 0.006095 0.133428 -0.055314 0.989495
1784010405.215465069 0.532855 -0.110237 -0.429308 0.005978 0.133079 -0.055300 0.989543
1784010405.220981121 0.537586 -0.110777 -0.429322 0.006093 0.133408 -0.055209 0.989503
1784010405.220981121 0.537586 -0.110777 -0.429322 0.006093 0.133408 -0.055209 0.989503
1784010405.221173048 0.537751 -0.110795 -0.429322 0.006097 0.133422 -0.055206 0.989502
1784010405.225574017 0.541521 -0.111195 -0.429345 0.006426 0.133708 -0.055119 0.989466
1784010405.231376886 0.546466 -0.111704 -0.429451 0.006326 0.133111 -0.055115 0.989547
1784010405.236053944 0.550471 -0.112118 -0.429556 0.006250 0.132749 -0.055088 0.989598
1784010405.241102934 0.554837 -0.112586 -0.429660 0.006548 0.133157 -0.054993 0.989546
1784010405.245691061 0.558806 -0.113016 -0.429756 0.006888 0.133555 -0.054891 0.989496
1784010405.251447916 0.563794 -0.113538 -0.429900 0.006900 0.133166 -0.054844 0.989551
1784010405.255762100 0.567576 -0.113936 -0.429982 0.006850 0.133085 -0.054774 0.989566
1784010405.261235952 0.572412 -0.114456 -0.430050 0.007047 0.133518 -0.054658 0.989513
1784010405.265575886 0.576226 -0.114872 -0.430090 0.007252 0.133567 -0.054590 0.989509
1784010405.271228075 0.581192 -0.115396 -0.430166 0.006990 0.132988 -0.054619 0.989587
1784010405.275623083 0.585090 -0.115804 -0.430204 0.006807 0.133052 -0.054623 0.989579
1784010405.281403065 0.590237 -0.116353 -0.430235 0.006909 0.133655 -0.054574 0.989500
1784010405.285347939 0.593740 -0.116732 -0.430257 0.006985 0.133699 -0.054550 0.989495
1784010405.291321993 0.599069 -0.117290 -0.430329 0.006781 0.133405 -0.054564 0.989535
1784010405.295654058 0.602964 -0.117698 -0.430372 0.006719 0.133692 -0.054541 0.989498
1784010405.301337004 0.608071 -0.118238 -0.430449 0.006779 0.134149 -0.054495 0.989438
1784010405.305505991 0.611811 -0.118633 -0.430526 0.006758 0.134079 -0.054490 0.989448
1784010405.311368942 0.617094 -0.119176 -0.430668 0.006475 0.134151 -0.054491 0.989440
1784010405.315732002 0.621030 -0.119582 -0.430764 0.006357 0.134492 -0.054485 0.989395
1784010405.320932150 0.625695 -0.120066 -0.430894 0.006277 0.134426 -0.054468 0.989406
1784010405.320932150 0.625695 -0.120066 -0.430894 0.006277 0.134426 -0.054468 0.989406
1784010405.321471930 0.626177 -0.120112 -0.430905 0.006270 0.134416 -0.054466 0.989407
1784010405.325311899 0.629621 -0.120440 -0.430985 0.006185 0.134024 -0.054457 0.989461
1784010405.331374884 0.635099 -0.120958 -0.431080 0.006160 0.134018 -0.054385 0.989466
1784010405.335927963 0.639211 -0.121352 -0.431114 0.006160 0.134166 -0.054321 0.989450
1784010405.341245890 0.643986 -0.121808 -0.431153 0.006075 0.133567 -0.054252 0.989535
1784010405.345653057 0.647956 -0.122192 -0.431167 0.005984 0.133093 -0.054184 0.989603
1784010405.351363897 0.653138 -0.122699 -0.431145 0.005965 0.133448 -0.054042 0.989563
1784010405.355555058 0.656938 -0.123080 -0.431112 0.006028 0.133630 -0.053905 0.989546
1784010405.361366034 0.662204 -0.123599 -0.431104 0.005794 0.133255 -0.053785 0.989604
1784010405.365701914 0.666154 -0.123991 -0.431090 0.005624 0.133387 -0.053685 0.989593
1784010405.371254921 0.671222 -0.124510 -0.431066 0.005686 0.134003 -0.053501 0.989519
1784010405.375585079 0.675164 -0.124922 -0.431061 0.005713 0.134039 -0.053373 0.989521
1784010405.381417036 0.680482 -0.125477 -0.431096 0.005540 0.133721 -0.053261 0.989571
1784010405.385550022 0.684260 -0.125881 -0.431117 0.005548 0.133848 -0.053164 0.989559
1784010405.391386032 0.689589 -0.126456 -0.431178 0.005630 0.133926 -0.053015 0.989556
1784010405.395608902 0.693442 -0.126877 -0.431246 0.005611 0.133564 -0.052955 0.989608
1784010405.401338100 0.698688 -0.127454 -0.431357 0.005618 0.133275 -0.052868 0.989652
1784010405.405612946 0.702606 -0.127895 -0.431423 0.005787 0.133321 -0.052781 0.989650
1784010405.411443949 0.707946 -0.128494 -0.431538 0.005955 0.132974 -0.052671 0.989701
1784010405.415632010 0.711790 -0.128928 -0.431621 0.006019 0.132622 -0.052612 0.989751
1784010405.421174049 0.716892 -0.129509 -0.431705 0.006267 0.132731 -0.052504 0.989741
1784010405.421174049 0.716892 -0.129509 -0.431705 0.006267 0.132731 -0.052504 0.989741
1784010405.421191931 0.716909 -0.129511 -0.431706 0.006268 0.132732 -0.052504 0.989740
1784010405.425344944 0.720732 -0.129910 -0.431741 0.006390 0.132866 -0.052431 0.989726
1784010405.431358099 0.726276 -0.130466 -0.431802 0.006186 0.132548 -0.052394 0.989772
1784010405.435539961 0.730146 -0.130855 -0.431819 0.006075 0.132541 -0.052367 0.989775
1784010405.441324949 0.735504 -0.131394 -0.431810 0.006138 0.132987 -0.052298 0.989718
1784010405.445781946 0.739626 -0.131803 -0.431800 0.006073 0.133013 -0.052257 0.989717
1784010405.451339960 0.744787 -0.132300 -0.431806 0.005746 0.132773 -0.052261 0.989751
1784010405.456211090 0.749333 -0.132741 -0.431808 0.005651 0.133007 -0.052228 0.989722
1784010405.461112022 0.753907 -0.133184 -0.431835 0.005559 0.133302 -0.052196 0.989684
1784010405.465584040 0.758076 -0.133582 -0.431910 0.005267 0.133143 -0.052209 0.989707
1784010405.471349955 0.763463 -0.134093 -0.432048 0.004926 0.132968 -0.052224 0.989731
1784010405.475485086 0.767334 -0.134473 -0.432142 0.004855 0.133153 -0.052202 0.989708
1784010405.481333017 0.772804 -0.135010 -0.432289 0.004883 0.133186 -0.052140 0.989707
1784010405.485740900 0.776924 -0.135424 -0.432391 0.004907 0.132896 -0.052099 0.989748
1784010405.491488934 0.782304 -0.135973 -0.432483 0.005218 0.132897 -0.051970 0.989753
1784010405.495404005 0.785972 -0.136355 -0.432515 0.005404 0.133052 -0.051873 0.989736
1784010405.501352072 0.791559 -0.136923 -0.432570 0.005415 0.133093 -0.051775 0.989735
1784010405.505733013 0.795676 -0.137350 -0.432591 0.005351 0.133205 -0.051720 0.989724
1784010405.511240005 0.800841 -0.137887 -0.432595 0.005323 0.133373 -0.051617 0.989706
1784010405.515683889 0.805014 -0.138315 -0.432595 0.005045 0.133247 -0.051572 0.989727
1784010405.521136999 0.810152 -0.138838 -0.432592 0.004573 0.133235 -0.051570 0.989731
1784010405.521136999 0.810152 -0.138838 -0.432592 0.004573 0.133235 -0.051570 0.989731
1784010405.521421909 0.810421 -0.138863 -0.432589 0.004549 0.133231 -0.051569 0.989732
1784010405.525719881 0.814470 -0.139231 -0.432538 0.004565 0.133427 -0.051477 0.989710
1784010405.531378031 0.819802 -0.139705 -0.432494 0.004521 0.133450 -0.051339 0.989715
1784010405.535535097 0.823739 -0.140052 -0.432491 0.004351 0.133384 -0.051275 0.989728
1784010405.541496992 0.829385 -0.140549 -0.432495 0.004389 0.133617 -0.051099 0.989705
1784010405.545597076 0.833251 -0.140904 -0.432511 0.004507 0.133680 -0.050946 0.989704
1784010405.551192999 0.838530 -0.141386 -0.432557 0.004547 0.133223 -0.050792 0.989773
1784010405.556355000 0.843409 -0.141838 -0.432594 0.004607 0.132931 -0.050645 0.989820
1784010405.561144114 0.847927 -0.142259 -0.432615 0.004694 0.132911 -0.050485 0.989830
1784010405.565790892 0.852308 -0.142665 -0.432644 0.004628 0.132582 -0.050374 0.989880
1784010405.571166039 0.857402 -0.143137 -0.432679 0.004491 0.132182 -0.050281 0.989939
1784010405.575706005 0.861709 -0.143549 -0.432692 0.004594 0.132256 -0.050161 0.989935
1784010405.581140995 0.866843 -0.144041 -0.432722 0.004831 0.132134 -0.049972 0.989960
1784010405.585433006 0.870902 -0.144434 -0.432768 0.004895 0.131794 -0.049857 0.990010
1784010405.591396093 0.876569 -0.144980 -0.432810 0.005128 0.132058 -0.049652 0.989984
1784010405.595374107 0.880361 -0.145359 -0.432809 0.005393 0.132504 -0.049475 0.989932
1784010405.601305962 0.886014 -0.145913 -0.432799 0.005640 0.132450 -0.049258 0.989949
1784010405.605534077 0.890039 -0.146312 -0.432787 0.005655 0.132303 -0.049137 0.989974
1784010405.611524105 0.895733 -0.146873 -0.432727 0.005745 0.132499 -0.048946 0.989957
1784010405.615550995 0.899538 -0.147257 -0.432676 0.005848 0.132493 -0.048814 0.989964
1784010405.620966196 0.904635 -0.147752 -0.432617 0.005694 0.132001 -0.048730 0.990035
1784010405.620966196 0.904635 -0.147752 -0.432617 0.005694 0.132001 -0.048730 0.990035
1784010405.621373892 0.905019 -0.147785 -0.432616 0.005684 0.131966 -0.048725 0.990040
1784010405.625559092 0.908970 -0.148112 -0.432591 0.005554 0.131891 -0.048680 0.990053
1784010405.631391048 0.914482 -0.148568 -0.432540 0.005596 0.132103 -0.048586 0.990029
1784010405.635935068 0.918770 -0.148927 -0.432513 0.005650 0.132069 -0.048529 0.990036
1784010405.641403913 0.923929 -0.149347 -0.432512 0.005519 0.131896 -0.048519 0.990060
1784010405.645970106 0.928234 -0.149698 -0.432523 0.005486 0.132021 -0.048492 0.990045
1784010405.651118040 0.933086 -0.150087 -0.432558 0.005473 0.132093 -0.048465 0.990037
1784010405.656356096 0.938031 -0.150472 -0.432623 0.005315 0.132040 -0.048463 0.990045
1784010405.661339998 0.942743 -0.150839 -0.432686 0.005218 0.132196 -0.048438 0.990026
1784010405.665719032 0.946878 -0.151168 -0.432724 0.005259 0.132324 -0.048378 0.990011
1784010405.671251059 0.952096 -0.151579 -0.432764 0.005196 0.132016 -0.048317 0.990056
1784010405.675645113 0.956233 -0.151906 -0.432795 0.005145 0.131775 -0.048270 0.990090
1784010405.681416035 0.961655 -0.152329 -0.432818 0.005172 0.131711 -0.048160 0.990104
1784010405.685477018 0.965461 -0.152636 -0.432806 0.005190 0.131671 -0.048084 0.990113
1784010405.691375017 0.970991 -0.153072 -0.432768 0.005069 0.131204 -0.047951 0.990182
1784010405.695394039 0.974768 -0.153375 -0.432731 0.004984 0.130890 -0.047861 0.990228
1784010405.701364994 0.980373 -0.153821 -0.432671 0.004990 0.131187 -0.047664 0.990199
1784010405.705410004 0.984158 -0.154139 -0.432625 0.004992 0.131394 -0.047531 0.990178
1784010405.711311102 0.989675 -0.154604 -0.432550 0.004932 0.131507 -0.047365 0.990171
1784010405.715636969 0.993723 -0.154961 -0.432483 0.004885 0.131594 -0.047243 0.990165
1784010405.720813036 0.998554 -0.155388 -0.432420 0.004894 0.131780 -0.047094 0.990148
1784010405.720813036 0.998554 -0.155388 -0.432420 0.004894 0.131780 -0.047094 0.990148
1784010405.721072912 0.998797 -0.155408 -0.432419 0.004893 0.131789 -0.047088 0.990147
1784010405.725505114 1.002927 -0.155738 -0.432435 0.004881 0.131942 -0.046981 0.990131
1784010405.731327057 1.008339 -0.156173 -0.432489 0.004879 0.131870 -0.046926 0.990144
1784010405.735836029 1.012528 -0.156521 -0.432531 0.004880 0.131820 -0.046880 0.990152
1784010405.741369963 1.017658 -0.156952 -0.432611 0.004900 0.131556 -0.046867 0.990188
1784010405.745574951 1.021539 -0.157283 -0.432691 0.004917 0.131361 -0.046854 0.990215
1784010405.751210928 1.026736 -0.157728 -0.432813 0.005049 0.131175 -0.046846 0.990239
1784010405.756349087 1.031466 -0.158140 -0.432915 0.005211 0.131118 -0.046828 0.990246
1784010405.761307955 1.036021 -0.158541 -0.433013 0.005365 0.130890 -0.046822 0.990276
1784010405.765660048 1.040013 -0.158897 -0.433092 0.005501 0.130693 -0.046816 0.990302
1784010405.771213055 1.045103 -0.159344 -0.433184 0.005521 0.130712 -0.046815 0.990299
1784010405.775758028 1.049264 -0.159702 -0.433231 0.005539 0.130731 -0.046811 0.990297
1784010405.781213999 1.054258 -0.160127 -0.433263 0.005446 0.130638 -0.046823 0.990309
1784010405.785516024 1.058196 -0.160466 -0.433256 0.005374 0.130568 -0.046830 0.990318
1784010405.791344881 1.063526 -0.160914 -0.433250 0.005339 0.130700 -0.046818 0.990302
1784010405.795553923 1.067363 -0.161230 -0.433250 0.005315 0.130801 -0.046806 0.990289
1784010405.801382065 1.072677 -0.161656 -0.433280 0.005141 0.130751 -0.046832 0.990295
1784010405.805515051 1.076447 -0.161961 -0.433308 0.005019 0.130722 -0.046846 0.990299
1784010405.811391115 1.081817 -0.162383 -0.433404 0.004628 0.130582 -0.046914 0.990316
1784010405.815485001 1.085562 -0.162674 -0.433507 0.004358 0.130491 -0.046957 0.990327
1784010405.821093082 1.090693 -0.163075 -0.433669 0.004172 0.130708 -0.047039 0.990296
1784010405.821093082 1.090693 -0.163075 -0.433669 0.004172 0.130708 -0.047039 0.990296
1784010405.821300983 1.090884 -0.163089 -0.433675 0.004167 0.130717 -0.047040 0.990294
1784010405.825521946 1.094754 -0.163382 -0.433774 0.004066 0.130898 -0.047061 0.990270
1784010405.831353903 1.100105 -0.163794 -0.433912 0.004055 0.130437 -0.047025 0.990332
1784010405.835798025 1.104187 -0.164112 -0.434011 0.004040 0.130089 -0.047002 0.990379
1784010405.841322899 1.109281 -0.164522 -0.434100 0.004245 0.129936 -0.046933 0.990402
1784010405.845554113 1.113191 -0.164847 -0.434122 0.004548 0.130250 -0.046819 0.990365
1784010405.851073980 1.118281 -0.165259 -0.434145 0.004659 0.130576 -0.046706 0.990327
1784010405.855521917 1.122362 -0.165589 -0.434153 0.004564 0.130521 -0.046659 0.990336
1784010405.860476017 1.126893 -0.165961 -0.434136 0.004518 0.130586 -0.046573 0.990332
1784010405.866004944 1.131940 -0.166376 -0.434092 0.004338 0.130757 -0.046514 0.990313
1784010405.871088982 1.136575 -0.166750 -0.434043 0.004077 0.130683 -0.046491 0.990325
1784010405.875729084 1.140805 -0.167092 -0.433990 0.003851 0.130679 -0.046475 0.990327
1784010405.881319046 1.145895 -0.167507 -0.433929 0.003777 0.130920 -0.046396 0.990299
1784010405.885576010 1.149759 -0.167824 -0.433899 0.003724 0.130901 -0.046330 0.990305
1784010405.891361952 1.155029 -0.168253 -0.433912 0.003579 0.130725 -0.046250 0.990333
1784010405.895628929 1.158927 -0.168575 -0.433933 0.003602 0.130867 -0.046169 0.990318
1784010405.901314974 1.164117 -0.169008 -0.433993 0.003690 0.130978 -0.046014 0.990310
1784010405.905612946 1.168030 -0.169340 -0.434057 0.003696 0.130686 -0.045911 0.990353
1784010405.911362886 1.173276 -0.169787 -0.434147 0.003785 0.130378 -0.045756 0.990401
1784010405.915440083 1.176997 -0.170109 -0.434193 0.003867 0.130440 -0.045635 0.990398
1784010405.921130180 1.182187 -0.170557 -0.434267 0.003888 0.130319 -0.045495 0.990420
1784010405.921130180 1.182187 -0.170557 -0.434267 0.003888 0.130319 -0.045495 0.990420
1784010405.921310902 1.182352 -0.170570 -0.434270 0.003886 0.130315 -0.045491 0.990421
1784010405.925673962 1.186353 -0.170878 -0.434314 0.003814 0.130045 -0.045415 0.990460
1784010405.931338072 1.191553 -0.171283 -0.434355 0.003841 0.130022 -0.045281 0.990469
1784010405.935481071 1.195347 -0.171588 -0.434371 0.003994 0.130088 -0.045149 0.990466
1784010405.941124916 1.200519 -0.171998 -0.434414 0.004069 0.129845 -0.044991 0.990505
1784010405.945574045 1.204610 -0.172327 -0.434444 0.004104 0.129837 -0.044877 0.990511
1784010405.951391935 1.209972 -0.172761 -0.434469 0.004287 0.130328 -0.044677 0.990455
1784010405.955636024 1.213864 -0.173083 -0.434483 0.004404 0.130488 -0.044544 0.990439
1784010405.960469961 1.218293 -0.173447 -0.434510 0.004373 0.130282 -0.044431 0.990471
1784010405.965640068 1.223037 -0.173838 -0.434520 0.004377 0.130297 -0.044305 0.990475
1784010405.971487045 1.228397 -0.174277 -0.434512 0.004362 0.130460 -0.044169 0.990460
1784010405.975649118 1.232203 -0.174592 -0.434501 0.004315 0.130295 -0.044090 0.990485
1784010405.981304884 1.237391 -0.175014 -0.434489 0.004195 0.130167 -0.043999 0.990506
1784010405.985558987 1.241291 -0.175334 -0.434467 0.004178 0.130366 -0.043913 0.990484
1784010405.991313934 1.246563 -0.175759 -0.434455 0.004135 0.130292 -0.043796 0.990499
1784010405.995621920 1.250528 -0.176081 -0.434456 0.004032 0.130117 -0.043740 0.990525
1784010406.001204967 1.255696 -0.176495 -0.434461 0.003919 0.130551 -0.043659 0.990472
1784010406.005649090 1.259788 -0.176828 -0.434469 0.003945 0.130862 -0.043575 0.990435
1784010406.011197090 1.264888 -0.177227 -0.434524 0.003785 0.130345 -0.043518 0.990506
1784010406.015532970 1.268922 -0.177536 -0.434574 0.003490 0.130193 -0.043487 0.990528
1784010406.021217108 1.274252 -0.177947 -0.434622 0.003414 0.130975 -0.043382 0.990430
1784010406.021217108 1.274252 -0.177947 -0.434622 0.003414 0.130975 -0.043382 0.990430
1784010406.021353006 1.274380 -0.177956 -0.434623 0.003413 0.130995 -0.043380 0.990428
1784010406.025626898 1.278366 -0.178226 -0.434658 0.003547 0.131192 -0.043255 0.990406
1784010406.031387091 1.283736 -0.178562 -0.434751 0.003242 0.129967 -0.043187 0.990572
1784010406.035708904 1.287841 -0.178812 -0.434799 0.002943 0.129780 -0.043126 0.990600
1784010406.041305065 1.293194 -0.179153 -0.434808 0.003051 0.130757 -0.042890 0.990482
1784010406.045496941 1.297146 -0.179413 -0.434818 0.003287 0.130692 -0.042669 0.990499
1784010406.051486969 1.302808 -0.179752 -0.434866 0.002888 0.129318 -0.042528 0.990687
1784010406.055810928 1.306975 -0.179996 -0.434854 0.002546 0.129513 -0.042402 0.990667
1784010406.061156988 1.312161 -0.180329 -0.434784 0.002714 0.130692 -0.042069 0.990526
1784010406.065377951 1.316223 -0.180603 -0.434746 0.002965 0.130769 -0.041841 0.990525
1784010406.071309090 1.321926 -0.180962 -0.434729 0.002400 0.130227 -0.041706 0.990604
1784010406.075637102 1.326122 -0.181234 -0.434684 0.002256 0.130347 -0.041542 0.990595
1784010406.081231117 1.331609 -0.181606 -0.434628 0.002270 0.130938 -0.041250 0.990529
1784010406.085880995 1.336174 -0.181925 -0.434616 0.002381 0.131107 -0.041061 0.990515
1784010406.091309071 1.341461 -0.182291 -0.434649 0.002356 0.130909 -0.040854 0.990549
1784010406.095582962 1.345624 -0.182586 -0.434692 0.002220 0.130682 -0.040712 0.990586
1784010406.101310015 1.351263 -0.182995 -0.434767 0.002328 0.130559 -0.040505 0.990610
1784010406.105601072 1.355503 -0.183314 -0.434819 0.002503 0.130731 -0.040328 0.990594
1784010406.111340046 1.361146 -0.183735 -0.434910 0.002778 0.130614 -0.040075 0.990619
1784010406.115685940 1.365430 -0.184061 -0.434985 0.002878 0.130247 -0.039923 0.990673
1784010406.120795012 1.370505 -0.184436 -0.435052 0.002908 0.130302 -0.039754 0.990673
1784010406.120795012 1.370505 -0.184436 -0.435052 0.002908 0.130302 -0.039754 0.990673
1784010406.121351004 1.371060 -0.184472 -0.435054 0.002914 0.130306 -0.039736 0.990673
1784010406.125516891 1.375216 -0.184729 -0.435067 0.002962 0.130514 -0.039590 0.990651
1784010406.131335020 1.381021 -0.185078 -0.435092 0.002927 0.130190 -0.039407 0.990701
1784010406.135906935 1.385610 -0.185348 -0.435091 0.002751 0.130092 -0.039327 0.990718
1784010406.140924931 1.390656 -0.185638 -0.435049 0.002618 0.130574 -0.039213 0.990659
1784010406.145787001 1.395521 -0.185919 -0.435004 0.002607 0.130676 -0.039066 0.990652
1784010406.151047945 1.400803 -0.186223 -0.434980 0.002462 0.130420 -0.038987 0.990689
1784010406.155612946 1.405411 -0.186488 -0.434965 0.002319 0.130709 -0.038917 0.990654
1784010406.161325932 1.411151 -0.186818 -0.434987 0.002142 0.131198 -0.038798 0.990594
1784010406.165725946 1.415543 -0.187071 -0.435060 0.001973 0.131022 -0.038746 0.990620
1784010406.170939922 1.420769 -0.187367 -0.435186 0.001458 0.130914 -0.038756 0.990635
1784010406.175738096 1.425588 -0.187657 -0.435295 0.001370 0.131326 -0.038686 0.990583
1784010406.181087017 1.430920 -0.187995 -0.435422 0.001611 0.131486 -0.038534 0.990568
1784010406.185406923 1.435193 -0.188273 -0.435530 0.001709 0.131060 -0.038469 0.990626
1784010406.191307068 1.441041 -0.188651 -0.435640 0.001944 0.130879 -0.038318 0.990656
1784010406.196002960 1.445717 -0.188953 -0.435673 0.001983 0.131189 -0.038202 0.990619
1784010406.201078892 1.450796 -0.189277 -0.435687 0.001931 0.131251 -0.038090 0.990615
1784010406.205499887 1.455227 -0.189566 -0.435674 0.001874 0.131343 -0.038015 0.990606
1784010406.211347103 1.461049 -0.189936 -0.435639 0.001735 0.131649 -0.037871 0.990571
1784010406.215432882 1.465081 -0.190193 -0.435617 0.001553 0.131488 -0.037784 0.990596
1784010406.221080065 1.470668 -0.190533 -0.435596 0.001248 0.131217 -0.037708 0.990635
1784010406.221080065 1.470668 -0.190533 -0.435596 0.001248 0.131217 -0.037708 0.990635
1784010406.221334934 1.470922 -0.190546 -0.435594 0.001233 0.131203 -0.037704 0.990638
1784010406.225538015 1.475127 -0.190746 -0.435556 0.001115 0.131540 -0.037594 0.990597
1784010406.231304884 1.480905 -0.191015 -0.435522 0.001120 0.132192 -0.037383 0.990518
1784010406.235894918 1.485484 -0.191231 -0.435529 0.001035 0.132195 -0.037248 0.990523
1784010406.241311073 1.490872 -0.191485 -0.435571 0.000971 0.131959 -0.037075 0.990561
1784010406.245779037 1.495311 -0.191705 -0.435603 0.001018 0.131913 -0.036898 0.990574
1784010406.251085997 1.500588 -0.191970 -0.435649 0.001150 0.131712 -0.036683 0.990608
1784010406.255494118 1.504986 -0.192196 -0.435693 0.001130 0.131332 -0.036563 0.990663
1784010406.261260986 1.510760 -0.192484 -0.435754 0.001034 0.131069 -0.036412 0.990704
1784010406.265894890 1.515396 -0.192723 -0.435799 0.001039 0.130973 -0.036260 0.990722
1784010406.271267891 1.520766 -0.193001 -0.435881 0.001118 0.130648 -0.036097 0.990771
1784010406.275509119 1.525005 -0.193227 -0.435953 0.001229 0.130500 -0.035967 0.990795
1784010406.281210899 1.530706 -0.193522 -0.436051 0.001499 0.130689 -0.035711 0.990779
1784010406.285381079 1.534872 -0.193742 -0.436116 0.001649 0.130789 -0.035530 0.990772
1784010406.291289091 1.540805 -0.194043 -0.436192 0.001683 0.130729 -0.035317 0.990788
1784010406.295473099 1.545030 -0.194268 -0.436206 0.001713 0.130908 -0.035163 0.990769
1784010406.301294088 1.550903 -0.194588 -0.436194 0.001877 0.131245 -0.034977 0.990731
1784010406.305706024 1.555320 -0.194836 -0.436170 0.001932 0.131066 -0.034869 0.990758
1784010406.311177015 1.560796 -0.195129 -0.436139 0.001804 0.130628 -0.034779 0.990820
1784010406.315541029 1.565190 -0.195369 -0.436093 0.001776 0.130699 -0.034681 0.990814
1784010406.320777178 1.570474 -0.195655 -0.436038 0.001923 0.131091 -0.034527 0.990767
1784010406.320777178 1.570474 -0.195655 -0.436038 0.001923 0.131091 -0.034527 0.990767
1784010406.321285963 1.570989 -0.195677 -0.436031 0.001939 0.131133 -0.034508 0.990762
1784010406.325412035 1.575156 -0.195838 -0.436001 0.001991 0.131131 -0.034366 0.990767
1784010406.331311941 1.581117 -0.196047 -0.435995 0.001962 0.130822 -0.034145 0.990816
1784010406.336169958 1.586053 -0.196217 -0.436003 0.001953 0.130968 -0.033953 0.990803
1784010406.341093063 1.591062 -0.196384 -0.436022 0.002041 0.131367 -0.033756 0.990757
1784010406.345501900 1.595527 -0.196523 -0.436060 0.002071 0.131350 -0.033582 0.990765
1784010406.351346970 1.601456 -0.196667 -0.436144 0.001846 0.131045 -0.033322 0.990815
1784010406.355691910 1.605878 -0.196763 -0.436200 0.001657 0.131170 -0.033129 0.990805
1784010406.361313105 1.611585 -0.196876 -0.436258 0.001725 0.131287 -0.032780 0.990801
1784010406.365731955 1.616050 -0.196952 -0.436299 0.001750 0.130923 -0.032494 0.990858
1784010406.371195078 1.621585 -0.197011 -0.436334 0.001480 0.130460 -0.032128 0.990932
1784010406.375565052 1.626025 -0.197045 -0.436332 0.001315 0.130337 -0.031786 0.990959
1784010406.381089926 1.631653 -0.197071 -0.436310 0.001275 0.130179 -0.031266 0.990997
1784010406.385540962 1.636188 -0.197079 -0.436286 0.001206 0.130098 -0.030830 0.991021
1784010406.391134977 1.641884 -0.197062 -0.436251 0.001107 0.130262 -0.030200 0.991019
1784010406.395315886 1.646135 -0.197043 -0.436218 0.001091 0.130423 -0.029699 0.991013
1784010406.401257038 1.652190 -0.196992 -0.436178 0.001101 0.130652 -0.028940 0.991005
1784010406.405656099 1.656674 -0.196946 -0.436145 0.001091 0.130946 -0.028371 0.990983
1784010406.411338091 1.662456 -0.196865 -0.436119 0.001068 0.131194 -0.027600 0.990972
1784010406.415388107 1.666568 -0.196803 -0.436117 0.000979 0.131094 -0.027075 0.991000
1784010406.421033144 1.672307 -0.196693 -0.436144 0.000816 0.130917 -0.026342 0.991043
1784010406.421033144 1.672307 -0.196693 -0.436144 0.000816 0.130917 -0.026342 0.991043
1784010406.421276093 1.672556 -0.196685 -0.436146 0.000807 0.130912 -0.026310 0.991045
1784010406.425539970 1.676923 -0.196553 -0.436175 0.000743 0.130931 -0.025727 0.991057
1784010406.431315899 1.682842 -0.196359 -0.436246 0.000761 0.130706 -0.024885 0.991109
1784010406.435281038 1.686911 -0.196219 -0.436310 0.000714 0.130432 -0.024338 0.991158
1784010406.441246033 1.693060 -0.195992 -0.436410 0.000695 0.130355 -0.023482 0.991189
1784010406.445333958 1.697269 -0.195834 -0.436473 0.000779 0.130350 -0.022878 0.991204
1784010406.451311111 1.703421 -0.195571 -0.436581 0.000730 0.130094 -0.021969 0.991258
1784010406.455642939 1.707868 -0.195359 -0.436641 0.000613 0.129981 -0.021316 0.991287
1784010406.461318970 1.713697 -0.195050 -0.436672 0.000518 0.130150 -0.020382 0.991285
1784010406.465756893 1.718255 -0.194788 -0.436655 0.000402 0.130273 -0.019636 0.991284
1784010406.471457958 1.724118 -0.194421 -0.436591 0.000169 0.130400 -0.018680 0.991285
1784010406.475574970 1.728335 -0.194144 -0.436512 0.000112 0.130487 -0.017969 0.991287
1784010406.481112957 1.733998 -0.193738 -0.436414 -0.000100 0.130413 -0.016982 0.991314
1784010406.485440969 1.738425 -0.193396 -0.436359 -0.000481 0.130288 -0.016249 0.991343
1784010406.491297960 1.744436 -0.192904 -0.436326 -0.000993 0.130333 -0.015242 0.991353
1784010406.495476961 1.748726 -0.192542 -0.436332 -0.001287 0.130441 -0.014511 0.991349
1784010406.501302004 1.754726 -0.192002 -0.436417 -0.001872 0.130498 -0.013471 0.991355
1784010406.505564928 1.759119 -0.191602 -0.436513 -0.002162 0.130549 -0.012717 0.991358
1784010406.511337996 1.765062 -0.191059 -0.436670 -0.002160 0.130699 -0.011591 0.991352
1784010406.515566111 1.769400 -0.190661 -0.436798 -0.002172 0.130740 -0.010764 0.991356
1784010406.520845175 1.774804 -0.190150 -0.436949 -0.002190 0.130645 -0.009723 0.991379
1784010406.520845175 1.774804 -0.190150 -0.436949 -0.002190 0.130645 -0.009723 0.991379
1784010406.521281958 1.775253 -0.190106 -0.436958 -0.002187 0.130639 -0.009639 0.991381
1784010406.525523901 1.779616 -0.189668 -0.437028 -0.002149 0.130669 -0.008760 0.991385
1784010406.531284094 1.785547 -0.189032 -0.437065 -0.002493 0.130836 -0.007546 0.991372
1784010406.535353899 1.789732 -0.188564 -0.437040 -0.002824 0.130929 -0.006716 0.991365
1784010406.541302919 1.795826 -0.187874 -0.436945 -0.002996 0.130885 -0.005415 0.991378
1784010406.545387983 1.799994 -0.187385 -0.436850 -0.003152 0.130748 -0.004512 0.991400
1784010406.551285982 1.806031 -0.186647 -0.436727 -0.003503 0.130695 -0.003158 0.991411
1784010406.555669069 1.810519 -0.186082 -0.436648 -0.003604 0.130878 -0.002122 0.991390
1784010406.561443090 1.816434 -0.185319 -0.436597 -0.003652 0.131175 -0.000681 0.991352
1784010406.565249920 1.820336 -0.184808 -0.436599 -0.003730 0.131326 0.000240 0.991332
1784010406.571074963 1.826318 -0.184018 -0.436652 -0.003733 0.131637 0.001708 0.991289
1784010406.575412035 1.830771 -0.183424 -0.436719 -0.003755 0.131769 0.002769 0.991269
1784010406.581404924 1.836936 -0.182593 -0.436851 -0.003838 0.131758 0.004250 0.991265
1784010406.585558891 1.841199 -0.182010 -0.436946 -0.003788 0.131699 0.005273 0.991268
1784010406.591300964 1.847070 -0.181186 -0.437077 -0.003699 0.131644 0.006720 0.991267
1784010406.595534086 1.851384 -0.180561 -0.437163 -0.003727 0.131420 0.007766 0.991289
1784010406.601289034 1.857267 -0.179692 -0.437251 -0.003749 0.131224 0.009232 0.991303
1784010406.605494976 1.861564 -0.179043 -0.437283 -0.003756 0.131272 0.010288 0.991286
1784010406.611424923 1.867607 -0.178113 -0.437319 -0.003775 0.131093 0.011823 0.991292
1784010406.615550041 1.871804 -0.177454 -0.437338 -0.003816 0.130803 0.012886 0.991317
1784010406.621020079 1.877381 -0.176561 -0.437350 -0.003958 0.130837 0.014304 0.991293
1784010406.621020079 1.877381 -0.176561 -0.437350 -0.003958 0.130837 0.014304 0.991293
1784010406.621309042 1.877677 -0.176514 -0.437349 -0.003966 0.130834 0.014371 0.991292
1784010406.625482082 1.881945 -0.175838 -0.437331 -0.004097 0.131049 0.015345 0.991249
1784010406.631330967 1.887926 -0.174885 -0.437307 -0.004218 0.131165 0.016710 0.991211
1784010406.635617971 1.892311 -0.174177 -0.437273 -0.004283 0.131311 0.017708 0.991174
1784010406.641272068 1.898086 -0.173238 -0.437219 -0.004371 0.131659 0.018995 0.991103
1784010406.645513058 1.902403 -0.172527 -0.437177 -0.004405 0.131732 0.019959 0.991075
1784010406.651279926 1.908268 -0.171551 -0.437133 -0.004430 0.131585 0.021270 0.991067
1784010406.655574083 1.912639 -0.170814 -0.437103 -0.004491 0.131672 0.022221 0.991034
1784010406.661073923 1.918232 -0.169864 -0.437081 -0.004579 0.131824 0.023419 0.990986
1784010406.665361881 1.922583 -0.169117 -0.437075 -0.004601 0.131669 0.024359 0.990984
1784010406.671057940 1.928365 -0.168115 -0.437086 -0.004687 0.131319 0.025592 0.990999
1784010406.675606012 1.932995 -0.167301 -0.437100 -0.004833 0.131194 0.026559 0.990989
1784010406.681118011 1.938609 -0.166307 -0.437134 -0.004997 0.131026 0.027733 0.990978
1784010406.685570955 1.943129 -0.165492 -0.437177 -0.005199 0.130720 0.028674 0.990991
1784010406.691170931 1.948812 -0.164451 -0.437254 -0.005710 0.130331 0.029811 0.991006
1784010406.695724964 1.953452 -0.163596 -0.437315 -0.006128 0.130182 0.030741 0.990994
1784010406.701457024 1.959301 -0.162527 -0.437380 -0.006426 0.130233 0.031939 0.990948
1784010406.705296993 1.963211 -0.161811 -0.437413 -0.006588 0.130222 0.032757 0.990922
1784010406.711289883 1.969322 -0.160704 -0.437463 -0.006743 0.130038 0.034036 0.990902
1784010406.715471029 1.973603 -0.159937 -0.437472 -0.006712 0.130200 0.034963 0.990848
1784010406.720816135 1.979079 -0.158968 -0.437466 -0.006553 0.130692 0.036176 0.990741
1784010406.720816135 1.979079 -0.158968 -0.437466 -0.006553 0.130692 0.036176 0.990741
1784010406.721287966 1.979560 -0.158881 -0.437463 -0.006543 0.130734 0.036268 0.990732
1784010406.725554943 1.983907 -0.158094 -0.437440 -0.006486 0.130843 0.037020 0.990690
1784010406.731292009 1.989781 -0.157045 -0.437404 -0.006580 0.130819 0.037896 0.990660
1784010406.735825062 1.994450 -0.156235 -0.437367 -0.006617 0.131069 0.038610 0.990599
1784010406.741225958 1.999998 -0.155286 -0.437347 -0.006751 0.131236 0.039344 0.990547
1784010406.745564938 2.004447 -0.154544 -0.437366 -0.006887 0.130945 0.039901 0.990562
1784010406.751357079 2.010411 -0.153573 -0.437419 -0.007052 0.130583 0.040507 0.990584
1784010406.755459070 2.014668 -0.152909 -0.437469 -0.007179 0.130688 0.040928 0.990552
1784010406.761140108 2.020569 -0.152009 -0.437578 -0.007266 0.130769 0.041405 0.990521
1784010406.765757084 2.025349 -0.151300 -0.437696 -0.007438 0.130459 0.041744 0.990547
1784010406.770848036 2.030624 -0.150538 -0.437828 -0.007817 0.129970 0.042004 0.990597
1784010406.775557041 2.035556 -0.149869 -0.437919 -0.008036 0.129814 0.042212 0.990607
1784010406.781116009 2.041405 -0.149124 -0.437966 -0.008052 0.130085 0.042352 0.990565
1784010406.785707951 2.046212 -0.148542 -0.437967 -0.008063 0.129992 0.042461 0.990573
1784010406.791290045 2.052078 -0.147853 -0.437948 -0.008278 0.129249 0.042488 0.990667
1784010406.795401096 2.056462 -0.147375 -0.437897 -0.008418 0.129284 0.042487 0.990661
1784010406.801295996 2.062740 -0.146733 -0.437791 -0.008269 0.130096 0.042402 0.990560
1784010406.805610895 2.067297 -0.146294 -0.437743 -0.008148 0.129984 0.042371 0.990577
1784010406.811084986 2.073106 -0.145735 -0.437727 -0.008482 0.129342 0.042155 0.990667
1784010406.815483093 2.077835 -0.145305 -0.437717 -0.008594 0.129795 0.042004 0.990613
1784010406.821057081 2.083820 -0.144791 -0.437740 -0.008370 0.130730 0.041839 0.990499
1784010406.821057081 2.083820 -0.144791 -0.437740 -0.008370 0.130730 0.041839 0.990499
1784010406.821305037 2.084083 -0.144764 -0.437743 -0.008354 0.130771 0.041846 0.990494
1784010406.825510025 2.088533 -0.144297 -0.437833 -0.008177 0.130567 0.041908 0.990520
1784010406.831279993 2.094671 -0.143626 -0.438027 -0.008455 0.130217 0.041906 0.990563
1784010406.835628986 2.099342 -0.143123 -0.438172 -0.008696 0.130685 0.041895 0.990500
1784010406.841320038 2.105429 -0.142468 -0.438363 -0.008729 0.131178 0.041946 0.990433
1784010406.845475912 2.109836 -0.141998 -0.438502 -0.008930 0.130699 0.041914 0.990496
1784010406.851229906 2.115919 -0.141335 -0.438636 -0.009181 0.129870 0.041909 0.990602
1784010406.855417013 2.120370 -0.140863 -0.438655 -0.009151 0.129782 0.041970 0.990612
1784010406.860985041 2.126289 -0.140219 -0.438630 -0.009077 0.129870 0.042089 0.990596
1784010406.865493059 2.131067 -0.139700 -0.438584 -0.008940 0.129713 0.042219 0.990612
1784010406.870410919 2.136283 -0.139127 -0.438520 -0.008884 0.129661 0.042399 0.990612
1784010406.875403881 2.141612 -0.138546 -0.438458 -0.008933 0.129941 0.042571 0.990567
1784010406.881258011 2.147858 -0.137882 -0.438414 -0.008603 0.130287 0.042838 0.990513
1784010406.885622978 2.152501 -0.137401 -0.438419 -0.008489 0.130342 0.043003 0.990500
1784010406.891134977 2.158377 -0.136785 -0.438488 -0.008585 0.130367 0.043167 0.990488
1784010406.895539045 2.163103 -0.136304 -0.438567 -0.008508 0.130659 0.043302 0.990445
1784010406.901256084 2.169247 -0.135679 -0.438714 -0.008298 0.131252 0.043497 0.990360
1784010406.905544043 2.173843 -0.135224 -0.438845 -0.008067 0.131493 0.043640 0.990323
1784010406.911351919 2.180036 -0.134604 -0.439031 -0.007696 0.131285 0.043844 0.990345
1784010406.915484905 2.184436 -0.134171 -0.439154 -0.007544 0.130996 0.043973 0.990379
1784010406.920741081 2.190025 -0.133615 -0.439286 -0.007351 0.130815 0.044136 0.990397
1784010406.920741081 2.190025 -0.133615 -0.439286 -0.007351 0.130815 0.044136 0.990397
1784010406.921273947 2.190591 -0.133553 -0.439295 -0.007330 0.130811 0.044155 0.990396
1784010406.925606012 2.195187 -0.133040 -0.439351 -0.007147 0.130811 0.044312 0.990391
1784010406.931267977 2.201192 -0.132349 -0.439405 -0.007295 0.130454 0.044462 0.990430
1784010406.935643911 2.205848 -0.131813 -0.439432 -0.007479 0.130151 0.044556 0.990464
1784010406.941102028 2.211681 -0.131149 -0.439428 -0.007373 0.130478 0.044708 0.990415
1784010406.945713043 2.216600 -0.130597 -0.439414 -0.007130 0.130911 0.044899 0.990351
1784010406.951097965 2.222339 -0.129939 -0.439423 -0.007020 0.131027 0.045070 0.990329
1784010406.955461025 2.227002 -0.129400 -0.439447 -0.006940 0.131108 0.045206 0.990313
1784010406.961343050 2.233292 -0.128668 -0.439480 -0.006674 0.132271 0.045417 0.990150
1784010406.965647936 2.237888 -0.128151 -0.439486 -0.006492 0.133101 0.045567 0.990033
1784010406.970436096 2.242981 -0.127580 -0.439499 -0.006187 0.133683 0.045744 0.989948
1784010406.975507975 2.248353 -0.126974 -0.439528 -0.006016 0.133636 0.045885 0.989949
1784010406.981120110 2.254294 -0.126301 -0.439568 -0.005812 0.133970 0.046038 0.989898
1784010406.985399961 2.258833 -0.125794 -0.439606 -0.005668 0.134207 0.046150 0.989862
1784010406.991261005 2.265041 -0.125092 -0.439677 -0.005441 0.133968 0.046284 0.989889
1784010406.995440960 2.269453 -0.124599 -0.439740 -0.005293 0.133777 0.046375 0.989912
1784010407.001310110 2.275648 -0.123899 -0.439853 -0.005493 0.133606 0.046456 0.989930
1784010407.005669117 2.280260 -0.123386 -0.439952 -0.005654 0.133458 0.046511 0.989946
1784010407.011071920 2.285987 -0.122739 -0.440096 -0.005868 0.133451 0.046600 0.989942
1784010407.015522003 2.290709 -0.122199 -0.440231 -0.006053 0.133432 0.046669 0.989940
1784010407.020815134 2.296329 -0.121550 -0.440395 -0.005942 0.133699 0.046857 0.989896
1784010407.020815134 2.296329 -0.121550 -0.440395 -0.005942 0.133699 0.046857 0.989896
1784010407.021137953 2.296673 -0.121508 -0.440403 -0.005943 0.133704 0.046864 0.989895
1784010407.025386095 2.301197 -0.120944 -0.440503 -0.005967 0.133757 0.046952 0.989883
1784010407.031265020 2.307464 -0.120173 -0.440608 -0.005876 0.134188 0.047120 0.989818
1784010407.035697937 2.312193 -0.119613 -0.440646 -0.005797 0.134526 0.047255 0.989766
1784010407.041321039 2.318193 -0.118899 -0.440676 -0.005632 0.134567 0.047447 0.989752
1784010407.045335054 2.322471 -0.118389 -0.440695 -0.005503 0.134610 0.047594 0.989740
1784010407.051237106 2.328758 -0.117635 -0.440714 -0.005237 0.134978 0.047795 0.989681
1784010407.055569887 2.333367 -0.117099 -0.440709 -0.005030 0.135263 0.047953 0.989636
1784010407.061238050 2.339399 -0.116398 -0.440728 -0.005106 0.134843 0.048063 0.989687
1784010407.065987110 2.344459 -0.115817 -0.440793 -0.005163 0.134500 0.048161 0.989729
1784010407.070993900 2.349817 -0.115206 -0.440893 -0.005167 0.134170 0.048249 0.989770
1784010407.075383902 2.354532 -0.114672 -0.440996 -0.005209 0.134279 0.048321 0.989751
1784010407.081238985 2.360812 -0.113943 -0.441157 -0.005402 0.133586 0.048351 0.989842
1784010407.085644960 2.365522 -0.113397 -0.441284 -0.005537 0.133078 0.048382 0.989908
1784010407.091285944 2.371559 -0.112695 -0.441426 -0.005672 0.133194 0.048422 0.989890
1784010407.095371008 2.375945 -0.112200 -0.441492 -0.005760 0.133291 0.048461 0.989875
1784010407.101259947 2.382269 -0.111470 -0.441555 -0.005702 0.132815 0.048536 0.989935
1784010407.105554104 2.386864 -0.110933 -0.441576 -0.005649 0.132481 0.048600 0.989977
1784010407.111263037 2.392986 -0.110206 -0.441566 -0.005702 0.132496 0.048658 0.989972
1784010407.115545988 2.397600 -0.109669 -0.441523 -0.005732 0.132519 0.048710 0.989966
1784010407.121160984 2.403660 -0.108962 -0.441468 -0.005732 0.132555 0.048757 0.989959
1784010407.121209145 2.403712 -0.108955 -0.441468 -0.005734 0.132552 0.048756 0.989960
1784010407.121209145 2.403712 -0.108955 -0.441468 -0.005734 0.132552 0.048756 0.989960
1784010407.125375032 2.408210 -0.108380 -0.441453 -0.005768 0.132371 0.048844 0.989979
1784010407.131275892 2.414601 -0.107562 -0.441475 -0.005817 0.132272 0.048970 0.989986
1784010407.135664940 2.419363 -0.106966 -0.441523 -0.005759 0.132453 0.049055 0.989958
1784010407.141251087 2.425409 -0.106205 -0.441661 -0.005633 0.132599 0.049175 0.989933
1784010407.145481110 2.429971 -0.105629 -0.441813 -0.005735 0.132634 0.049231 0.989925
1784010407.151281118 2.436210 -0.104832 -0.442042 -0.005927 0.132586 0.049305 0.989927
1784010407.155529022 2.440805 -0.104239 -0.442187 -0.006115 0.132145 0.049318 0.989984
1784010407.161062956 2.446907 -0.103445 -0.442339 -0.006754 0.131890 0.049260 0.990017
1784010407.165627003 2.451963 -0.102817 -0.442395 -0.006688 0.132058 0.049289 0.989993
1784010407.171238899 2.458061 -0.102054 -0.442449 -0.006320 0.131359 0.049442 0.990081
1784010407.175426006 2.462574 -0.101463 -0.442504 -0.006560 0.130032 0.049457 0.990254
1784010407.181303024 2.469052 -0.100608 -0.442522 -0.006767 0.129670 0.049552 0.990295
1784010407.185522079 2.473776 -0.100002 -0.442472 -0.006622 0.130933 0.049740 0.990121
1784010407.191014051 2.479855 -0.099217 -0.442448 -0.006232 0.131390 0.050030 0.990048
1784010407.195489883 2.484780 -0.098577 -0.442478 -0.006187 0.130386 0.050212 0.990172
1784010407.201210976 2.491175 -0.097748 -0.442519 -0.006187 0.130486 0.050490 0.990144
1784010407.205606937 2.496112 -0.097122 -0.442543 -0.006099 0.131304 0.050739 0.990024
1784010407.211288929 2.502429 -0.096312 -0.442671 -0.005656 0.131249 0.051096 0.990016
1784010407.215416908 2.507020 -0.095712 -0.442818 -0.005876 0.130717 0.051219 0.990078
1784010407.221026182 2.513346 -0.094897 -0.442980 -0.005771 0.131353 0.051465 0.989982
1784010407.221026182 2.513346 -0.094897 -0.442980 -0.005771 0.131353 0.051465 0.989982
1784010407.221328020 2.513689 -0.094853 -0.442986 -0.005764 0.131402 0.051478 0.989975
1784010407.225492954 2.518383 -0.094236 -0.443082 -0.005683 0.132033 0.051666 0.989882
1784010407.231255054 2.524798 -0.093398 -0.443241 -0.005308 0.131083 0.051969 0.989994
1784010407.235770941 2.529850 -0.092751 -0.443342 -0.004881 0.130385 0.052199 0.990076
1784010407.241317987 2.536108 -0.091914 -0.443419 -0.005097 0.131046 0.052389 0.989978
1784010407.245646000 2.540957 -0.091253 -0.443465 -0.005383 0.130987 0.052503 0.989978
1784010407.251256943 2.547235 -0.090405 -0.443539 -0.005260 0.130138 0.052717 0.990079
1784010407.255606890 2.552148 -0.089741 -0.443586 -0.005478 0.130298 0.052825 0.990052
1784010407.261156082 2.558419 -0.088907 -0.443625 -0.005503 0.131137 0.052999 0.989931
1784010407.265448093 2.563236 -0.088278 -0.443666 -0.005104 0.131381 0.053216 0.989889
1784010407.270411015 2.568818 -0.087533 -0.443728 -0.005263 0.131397 0.053323 0.989881
1784010407.275480032 2.574566 -0.086778 -0.443744 -0.005161 0.132303 0.053489 0.989752
1784010407.281239986 2.581084 -0.085949 -0.443724 -0.004704 0.133425 0.053734 0.989590
1784010407.285640001 2.586005 -0.085323 -0.443724 -0.004553 0.133311 0.053855 0.989599
1784010407.291167974 2.592198 -0.084532 -0.443718 -0.004427 0.132410 0.053988 0.989714
1784010407.295346022 2.596949 -0.083931 -0.443683 -0.004369 0.132385 0.054100 0.989711
1784010407.301228046 2.603689 -0.083088 -0.443636 -0.004231 0.133092 0.054286 0.989607
1784010407.305695057 2.608764 -0.082458 -0.443653 -0.004110 0.132843 0.054377 0.989636
1784010407.311161995 2.614962 -0.081665 -0.443759 -0.004517 0.131737 0.054370 0.989782
1784010407.315552950 2.619996 -0.081013 -0.443871 -0.004964 0.131630 0.054403 0.989792
1784010407.320854187 2.626110 -0.080239 -0.444019 -0.005025 0.132381 0.054546 0.989684
1784010407.320854187 2.626110 -0.080239 -0.444019 -0.005025 0.132381 0.054546 0.989684
1784010407.321269989 2.626591 -0.080178 -0.444027 -0.005040 0.132428 0.054553 0.989677
1784010407.325469971 2.631431 -0.079550 -0.444145 -0.005097 0.132487 0.054656 0.989664
1784010407.331247091 2.638096 -0.078670 -0.444329 -0.005517 0.131678 0.054710 0.989766
1784010407.335624933 2.643224 -0.078005 -0.444419 -0.005583 0.132026 0.054832 0.989713
1784010407.341197968 2.649790 -0.077163 -0.444458 -0.005329 0.133466 0.055125 0.989505
1784010407.345699072 2.655028 -0.076492 -0.444475 -0.005106 0.133653 0.055355 0.989468
1784010407.351200104 2.661419 -0.075664 -0.444479 -0.004972 0.132817 0.055607 0.989567
1784010407.355536938 2.666514 -0.074996 -0.444434 -0.005126 0.133035 0.055793 0.989526
1784010407.361232996 2.673215 -0.074126 -0.444337 -0.005167 0.134004 0.056123 0.989377
1784010407.365331888 2.677995 -0.073511 -0.444298 -0.005063 0.133801 0.056335 0.989393
1784010407.370711088 2.684280 -0.072679 -0.444309 -0.005594 0.132837 0.056463 0.989513
1784010407.375746012 2.690213 -0.071885 -0.444326 -0.006075 0.132904 0.056601 0.989493
1784010407.381048918 2.696474 -0.071056 -0.444357 -0.006393 0.133339 0.056824 0.989419
1784010407.385468006 2.701673 -0.070374 -0.444425 -0.006564 0.132902 0.056944 0.989470
1784010407.391125917 2.708348 -0.069496 -0.444518 -0.006899 0.132215 0.057064 0.989553
1784010407.395462036 2.713496 -0.068824 -0.444547 -0.007021 0.132427 0.057193 0.989516
1784010407.401205063 2.720321 -0.067936 -0.444567 -0.007208 0.132670 0.057380 0.989472
1784010407.405430079 2.725326 -0.067293 -0.444573 -0.007323 0.132220 0.057453 0.989527
1784010407.411289930 2.732293 -0.066401 -0.444529 -0.007469 0.131898 0.057573 0.989562
1784010407.415623903 2.737474 -0.065741 -0.444460 -0.007683 0.132090 0.057668 0.989529
1784010407.421029091 2.743939 -0.064917 -0.444394 -0.007945 0.132134 0.057757 0.989516
1784010407.421029091 2.743939 -0.064917 -0.444394 -0.007945 0.132134 0.057757 0.989516
1784010407.421092033 2.744014 -0.064907 -0.444393 -0.007944 0.132135 0.057757 0.989516
1784010407.425549984 2.749349 -0.064215 -0.444358 -0.007854 0.131968 0.057829 0.989535
1784010407.431252003 2.756204 -0.063322 -0.444345 -0.007910 0.132361 0.057883 0.989478
1784010407.435554981 2.761394 -0.062645 -0.444365 -0.008081 0.132819 0.057917 0.989414
1784010407.441276073 2.768283 -0.061745 -0.444444 -0.008458 0.132832 0.057872 0.989411
1784010407.445569992 2.773452 -0.061073 -0.444522 -0.008949 0.132735 0.057796 0.989425
1784010407.451226950 2.780274 -0.060223 -0.444599 -0.009415 0.132846 0.057645 0.989414
1784010407.455709934 2.785672 -0.059591 -0.444624 -0.009303 0.132744 0.057600 0.989432
1784010407.461003065 2.792037 -0.058859 -0.444632 -0.009156 0.132236 0.057509 0.989506
1784010407.465564966 2.797534 -0.058233 -0.444614 -0.009089 0.131926 0.057443 0.989552
1784010407.471365929 2.804556 -0.057450 -0.444559 -0.008818 0.132136 0.057403 0.989529
1784010407.475980043 2.810143 -0.056846 -0.444515 -0.008650 0.132448 0.057360 0.989491
1784010407.480993032 2.816201 -0.056213 -0.444487 -0.008420 0.132561 0.057283 0.989482
1784010407.485543013 2.821694 -0.055652 -0.444477 -0.008261 0.132654 0.057202 0.989476
1784010407.490983009 2.828268 -0.054988 -0.444496 -0.008257 0.132736 0.057054 0.989474
1784010407.495415926 2.833636 -0.054454 -0.444539 -0.008179 0.132761 0.056965 0.989476
1784010407.501087904 2.840520 -0.053769 -0.444624 -0.008117 0.133116 0.056809 0.989438
1784010407.505179882 2.845489 -0.053277 -0.444695 -0.008135 0.133526 0.056707 0.989388
1784010407.511306047 2.852907 -0.052564 -0.444793 -0.007924 0.133704 0.056534 0.989376
1784010407.515522957 2.857989 -0.052092 -0.444837 -0.007728 0.133521 0.056431 0.989408
1784010407.521162033 2.864760 -0.051465 -0.444863 -0.007617 0.133137 0.056248 0.989471
1784010407.521162033 2.864760 -0.051465 -0.444863 -0.007617 0.133137 0.056248 0.989471
1784010407.521246910 2.864862 -0.051455 -0.444864 -0.007615 0.133130 0.056245 0.989472
1784010407.525419950 2.869874 -0.050972 -0.444865 -0.007666 0.132769 0.056104 0.989528
1784010407.531240940 2.876872 -0.050297 -0.444839 -0.007843 0.132297 0.055819 0.989606
1784010407.535649061 2.882180 -0.049797 -0.444796 -0.007893 0.132061 0.055624 0.989648
1784010407.540913105 2.888526 -0.049211 -0.444745 -0.007808 0.131996 0.055391 0.989671
1784010407.545480967 2.894033 -0.048715 -0.444710 -0.007745 0.132079 0.055148 0.989674
1784010407.551265001 2.901007 -0.048096 -0.444683 -0.007597 0.132239 0.054828 0.989671
1784010407.555377960 2.905969 -0.047665 -0.444659 -0.007540 0.132440 0.054596 0.989658
1784010407.561238050 2.913043 -0.047052 -0.444619 -0.007552 0.132720 0.054234 0.989640
1784010407.565543890 2.918228 -0.046618 -0.444571 -0.007501 0.132778 0.053989 0.989646
1784010407.571358919 2.925210 -0.046046 -0.444491 -0.007393 0.132641 0.053636 0.989684
1784010407.575704098 2.930413 -0.045635 -0.444411 -0.007342 0.132407 0.053377 0.989730
1784010407.581226110 2.937023 -0.045121 -0.444305 -0.007271 0.131928 0.053044 0.989812
1784010407.585521936 2.942167 -0.044732 -0.444223 -0.007263 0.131547 0.052793 0.989877
1784010407.591267109 2.949050 -0.044216 -0.444151 -0.007366 0.131109 0.052399 0.989955
1784010407.595494032 2.954116 -0.043850 -0.444129 -0.007486 0.130826 0.052102 0.990007
1784010407.601278067 2.961055 -0.043357 -0.444165 -0.007710 0.130501 0.051642 0.990072
1784010407.605526924 2.966157 -0.043010 -0.444223 -0.007848 0.130391 0.051313 0.990103
1784010407.611212015 2.973005 -0.042564 -0.444326 -0.007833 0.130466 0.050876 0.990116
1784010407.615184069 2.977801 -0.042271 -0.444392 -0.007733 0.130706 0.050589 0.990099
1784010407.620789051 2.984570 -0.041877 -0.444466 -0.007478 0.131092 0.050177 0.990071
1784010407.620789051 2.984570 -0.041877 -0.444466 -0.007478 0.131092 0.050177 0.990071
1784010407.621308088 2.985197 -0.041835 -0.444469 -0.007461 0.131130 0.050140 0.990068
1784010407.625381947 2.990114 -0.041508 -0.444484 -0.007298 0.131333 0.049833 0.990058
1784010407.631233931 2.997169 -0.041048 -0.444453 -0.007049 0.131455 0.049365 0.990067
1784010407.635746956 3.002610 -0.040714 -0.444385 -0.006927 0.131465 0.049000 0.990085
1784010407.641210079 3.009193 -0.040319 -0.444278 -0.006862 0.131361 0.048524 0.990123
1784010407.645401955 3.014234 -0.040035 -0.444196 -0.006745 0.131112 0.048179 0.990173
1784010407.651228905 3.021241 -0.039629 -0.444126 -0.006773 0.130689 0.047631 0.990255
1784010407.655329943 3.026179 -0.039351 -0.444106 -0.006893 0.130506 0.047232 0.990298
1784010407.661195040 3.033243 -0.038953 -0.444115 -0.006977 0.130291 0.046659 0.990353
1784010407.665657997 3.038615 -0.038665 -0.444141 -0.007061 0.130071 0.046211 0.990402
1784010407.671070099 3.045144 -0.038320 -0.444177 -0.007148 0.129789 0.045625 0.990466
1784010407.676084042 3.051218 -0.038014 -0.444187 -0.007143 0.129734 0.045102 0.990497
1784010407.680953026 3.057117 -0.037731 -0.444168 -0.007192 0.129724 0.044561 0.990522
1784010407.685375929 3.062456 -0.037493 -0.444132 -0.007157 0.129436 0.044061 0.990582
1784010407.691201925 3.069494 -0.037183 -0.444060 -0.007183 0.128981 0.043331 0.990674
1784010407.695585966 3.074809 -0.036964 -0.443982 -0.007276 0.128962 0.042762 0.990700
1784010407.700922012 3.081290 -0.036706 -0.443895 -0.007214 0.129085 0.042100 0.990713
1784010407.705550909 3.086910 -0.036498 -0.443851 -0.007140 0.129075 0.041527 0.990739
1784010407.711214066 3.093784 -0.036239 -0.443855 -0.007183 0.129112 0.040783 0.990765
1784010407.715208054 3.098638 -0.036061 -0.443891 -0.007326 0.129241 0.040274 0.990768
1784010407.721232176 3.105965 -0.035768 -0.443988 -0.007852 0.129378 0.039429 0.990780
1784010407.721232176 3.105965 -0.035768 -0.443988 -0.007852 0.129378 0.039429 0.990780
1784010407.721360922 3.106121 -0.035760 -0.443989 -0.007861 0.129385 0.039415 0.990780
1784010407.725487947 3.111138 -0.035497 -0.444044 -0.008187 0.129401 0.038942 0.990794
1784010407.731256008 3.118134 -0.035151 -0.444073 -0.008322 0.129244 0.038323 0.990837
1784010407.735564947 3.123352 -0.034918 -0.444043 -0.008142 0.129025 0.037906 0.990883
1784010407.741189003 3.130162 -0.034607 -0.443960 -0.007939 0.128765 0.037398 0.990938
1784010407.745203018 3.135028 -0.034386 -0.443886 -0.007901 0.128690 0.037035 0.990962
1784010407.751230001 3.142354 -0.034054 -0.443755 -0.007698 0.128954 0.036528 0.990948
1784010407.755253077 3.147250 -0.033851 -0.443669 -0.007513 0.129220 0.036197 0.990927
1784010407.761084080 3.154339 -0.033561 -0.443579 -0.007172 0.129426 0.035755 0.990918
1784010407.765249968 3.159395 -0.033364 -0.443554 -0.007043 0.129413 0.035427 0.990933
1784010407.771233082 3.166674 -0.033067 -0.443581 -0.007064 0.129420 0.034951 0.990949
1784010407.775494099 3.171889 -0.032862 -0.443633 -0.007012 0.129677 0.034605 0.990927
1784010407.780730009 3.178325 -0.032610 -0.443714 -0.006800 0.130376 0.034237 0.990850
1784010407.785681009 3.184388 -0.032379 -0.443799 -0.006434 0.130783 0.033942 0.990809
1784010407.791111946 3.190983 -0.032121 -0.443892 -0.005953 0.130549 0.033664 0.990852
1784010407.795440912 3.196220 -0.031907 -0.443956 -0.005725 0.130214 0.033433 0.990906
1784010407.801259995 3.203272 -0.031595 -0.444002 -0.005608 0.130144 0.033125 0.990926
1784010407.805434942 3.208324 -0.031372 -0.444010 -0.005516 0.130195 0.032899 0.990927
1784010407.811223030 3.215301 -0.031046 -0.444008 -0.005537 0.129947 0.032569 0.990970
1784010407.815270901 3.220178 -0.030819 -0.444000 -0.005614 0.129679 0.032321 0.991013
1784010407.821068048 3.227199 -0.030487 -0.443963 -0.005571 0.129821 0.032005 0.991005
1784010407.821068048 3.227199 -0.030487 -0.443963 -0.005571 0.129821 0.032005 0.991005
1784010407.821199894 3.227360 -0.030479 -0.443961 -0.005574 0.129820 0.032001 0.991005
1784010407.825392008 3.232459 -0.030219 -0.443914 -0.005515 0.130091 0.031846 0.990975
1784010407.831222057 3.239530 -0.029859 -0.443868 -0.005441 0.130383 0.031631 0.990944
1784010407.835629940 3.244869 -0.029590 -0.443828 -0.005272 0.130625 0.031469 0.990918
1784010407.841243029 3.251686 -0.029238 -0.443753 -0.005103 0.131090 0.031304 0.990863
1784010407.845451117 3.256801 -0.028970 -0.443685 -0.005023 0.131420 0.031161 0.990824
1784010407.851205111 3.263755 -0.028606 -0.443600 -0.004801 0.131339 0.031011 0.990841
1784010407.855367899 3.268757 -0.028339 -0.443552 -0.004725 0.131073 0.030879 0.990881
1784010407.861224890 3.275788 -0.027944 -0.443504 -0.004854 0.130734 0.030721 0.990929
1784010407.865420103 3.280827 -0.027648 -0.443477 -0.004853 0.130542 0.030629 0.990958
1784010407.871208906 3.287782 -0.027205 -0.443482 -0.005134 0.130265 0.030539 0.990996
1784010407.875449896 3.292869 -0.026854 -0.443521 -0.005501 0.129967 0.030471 0.991035
1784010407.880696058 3.299153 -0.026402 -0.443606 -0.005903 0.129499 0.030471 0.991094
1784010407.885489941 3.304896 -0.025981 -0.443701 -0.006117 0.129273 0.030534 0.991120
1784010407.891323090 3.311900 -0.025462 -0.443805 -0.006044 0.129436 0.030750 0.991093
1784010407.895462990 3.316882 -0.025092 -0.443859 -0.005811 0.129770 0.030952 0.991044
1784010407.901189089 3.323784 -0.024565 -0.443903 -0.005543 0.130400 0.031294 0.990952
1784010407.905471087 3.328941 -0.024164 -0.443903 -0.005419 0.130884 0.031532 0.990881
1784010407.911261082 3.335893 -0.023622 -0.443866 -0.005330 0.131291 0.031883 0.990817
1784010407.915452003 3.340910 -0.023233 -0.443817 -0.005295 0.131335 0.032088 0.990804
1784010407.921200991 3.347790 -0.022697 -0.443744 -0.005375 0.131160 0.032362 0.990818
1784010407.921200991 3.347790 -0.022697 -0.443744 -0.005375 0.131160 0.032362 0.990818
1784010407.921272039 3.347875 -0.022690 -0.443742 -0.005375 0.131164 0.032365 0.990818
1784010407.925403118 3.352817 -0.022298 -0.443678 -0.005379 0.131268 0.032455 0.990801
1784010407.931282997 3.359851 -0.021732 -0.443638 -0.005459 0.131456 0.032547 0.990773
1784010407.935653925 3.365077 -0.021304 -0.443661 -0.005680 0.131498 0.032572 0.990765
1784010407.941078901 3.371561 -0.020777 -0.443727 -0.005886 0.131520 0.032616 0.990759
1784010407.945458889 3.376795 -0.020361 -0.443793 -0.005884 0.131505 0.032659 0.990760
1784010407.951263905 3.383754 -0.019816 -0.443877 -0.005796 0.131526 0.032726 0.990755
1784010407.955661058 3.389047 -0.019405 -0.443925 -0.005683 0.131696 0.032779 0.990732
1784010407.961009026 3.395483 -0.018901 -0.443950 -0.005600 0.132070 0.032831 0.990681
1784010407.965509892 3.400885 -0.018472 -0.443960 -0.005698 0.132211 0.032849 0.990661
1784010407.971349001 3.407897 -0.017915 -0.443945 -0.005895 0.132331 0.032850 0.990644
1784010407.975481987 3.412874 -0.017524 -0.443916 -0.005952 0.132612 0.032852 0.990606
1784010407.980587959 3.419031 -0.017037 -0.443888 -0.006066 0.133142 0.032859 0.990534
1784010407.985747099 3.425249 -0.016540 -0.443900 -0.006195 0.133538 0.032875 0.990479
1784010407.990952969 3.431525 -0.016038 -0.443964 -0.006262 0.134013 0.032899 0.990413
1784010407.995659113 3.437208 -0.015579 -0.444065 -0.006459 0.134640 0.032896 0.990327
1784010408.001357079 3.444082 -0.015021 -0.444214 -0.006684 0.135208 0.032896 0.990248
1784010408.005420923 3.448972 -0.014627 -0.444323 -0.006828 0.135268 0.032893 0.990239
1784010408.011146069 3.455848 -0.014075 -0.444434 -0.007012 0.135272 0.032891 0.990238
1784010408.015558004 3.461145 -0.013657 -0.444478 -0.006986 0.135303 0.032926 0.990232
1784010408.021032095 3.467723 -0.013130 -0.444501 -0.006999 0.135477 0.032996 0.990206
1784010408.021032095 3.467723 -0.013130 -0.444501 -0.006999 0.135477 0.032996 0.990206
1784010408.021256924 3.467993 -0.013107 -0.444500 -0.007003 0.135470 0.032997 0.990207
1784010408.025429964 3.473004 -0.012680 -0.444476 -0.007205 0.135394 0.033022 0.990215
1784010408.031171083 3.479923 -0.012094 -0.444434 -0.007391 0.135266 0.033093 0.990229
1784010408.035619974 3.485315 -0.011648 -0.444399 -0.007459 0.135372 0.033176 0.990211
1784010408.041214943 3.492095 -0.011093 -0.444394 -0.007444 0.135522 0.033326 0.990186
1784010408.045449018 3.497220 -0.010681 -0.444433 -0.007458 0.135472 0.033441 0.990189
1784010408.051040888 3.504009 -0.010134 -0.444549 -0.007604 0.135554 0.033557 0.990172
1784010408.055447102 3.509390 -0.009708 -0.444662 -0.007687 0.136074 0.033630 0.990098
1784010408.061178923 3.516387 -0.009170 -0.444822 -0.007597 0.136609 0.033778 0.990020
1784010408.065573931 3.521732 -0.008774 -0.444931 -0.007362 0.136510 0.033903 0.990031
1784010408.071160078 3.528504 -0.008269 -0.445043 -0.007134 0.135982 0.034038 0.990101
1784010408.075541019 3.533820 -0.007867 -0.445100 -0.007125 0.135644 0.034121 0.990144
1784010408.080358982 3.539673 -0.007420 -0.445135 -0.007231 0.135336 0.034189 0.990183
1784010408.085242987 3.545613 -0.006965 -0.445138 -0.007348 0.134932 0.034234 0.990236
1784010408.091207981 3.552917 -0.006405 -0.445116 -0.007652 0.134387 0.034270 0.990307
1784010408.095422983 3.558129 -0.006014 -0.445080 -0.007760 0.134312 0.034306 0.990315
1784010408.101216078 3.565288 -0.005481 -0.445049 -0.007730 0.134372 0.034382 0.990304
1784010408.105313063 3.570340 -0.005104 -0.445053 -0.007725 0.134331 0.034431 0.990308
1784010408.111438990 3.577936 -0.004537 -0.445069 -0.007715 0.134545 0.034496 0.990277
1784010408.115525961 3.583051 -0.004164 -0.445051 -0.007552 0.135224 0.034573 0.990183
1784010408.120913982 3.589781 -0.003670 -0.445019 -0.007392 0.135967 0.034687 0.990078
1784010408.120913982 3.589781 -0.003670 -0.445019 -0.007392 0.135967 0.034687 0.990078
1784010408.121202946 3.590137 -0.003641 -0.445020 -0.007376 0.136022 0.034693 0.990071
1784010408.125454903 3.595361 -0.003221 -0.445045 -0.007254 0.136071 0.034746 0.990063
1784010408.131277084 3.602499 -0.002642 -0.445074 -0.007084 0.135818 0.034803 0.990097
1784010408.135596037 3.607819 -0.002213 -0.445073 -0.007088 0.135910 0.034824 0.990084
1784010408.141115904 3.614619 -0.001659 -0.445076 -0.006984 0.136113 0.034867 0.990055
1784010408.145365000 3.619844 -0.001223 -0.445105 -0.007154 0.135848 0.034861 0.990090
1784010408.151257038 3.627074 -0.000591 -0.445212 -0.007809 0.135236 0.034809 0.990171
1784010408.155240059 3.631971 -0.000155 -0.445312 -0.008157 0.135022 0.034802 0.990198
1784010408.161176920 3.639276 0.000498 -0.445510 -0.008307 0.135095 0.034881 0.990184
1784010408.165389061 3.644474 0.000949 -0.445668 -0.008197 0.135224 0.034991 0.990163
1784010408.171041012 3.651465 0.001550 -0.445878 -0.007755 0.135729 0.035241 0.990089
1784010408.175478935 3.656982 0.002018 -0.446020 -0.007435 0.136468 0.035455 0.989982
1784010408.181195021 3.664085 0.002618 -0.446171 -0.007086 0.137468 0.035715 0.989837
1784010408.185843945 3.669852 0.003097 -0.446255 -0.006807 0.137959 0.035929 0.989763
1784010408.191210032 3.676494 0.003652 -0.446316 -0.006686 0.138233 0.036133 0.989718
1784010408.195393085 3.681669 0.004085 -0.446334 -0.006597 0.138435 0.036291 0.989684
1784010408.201345921 3.689027 0.004710 -0.446367 -0.006530 0.138356 0.036486 0.989689
1784010408.205418110 3.694070 0.005137 -0.446406 -0.006492 0.138283 0.036616 0.989694
1784010408.211257935 3.701299 0.005758 -0.446500 -0.006711 0.138269 0.036727 0.989691
1784010408.215595961 3.706670 0.006220 -0.446593 -0.006850 0.138159 0.036812 0.989702
1784010408.220776081 3.713082 0.006766 -0.446725 -0.006875 0.137905 0.036910 0.989734
1784010408.220776081 3.713082 0.006766 -0.446725 -0.006875 0.137905 0.036910 0.989734
1784010408.221225977 3.713637 0.006813 -0.446736 -0.006877 0.137870 0.036918 0.989738
1784010408.225358963 3.718733 0.007245 -0.446850 -0.006888 0.137540 0.037002 0.989781
1784010408.231199026 3.725953 0.007860 -0.447011 -0.006586 0.137317 0.037178 0.989807
1784010408.235580921 3.731404 0.008332 -0.447114 -0.006570 0.137269 0.037272 0.989810
1784010408.241017103 3.738176 0.008923 -0.447231 -0.006711 0.137353 0.037339 0.989795
1784010408.245498896 3.743757 0.009407 -0.447311 -0.006833 0.137431 0.037391 0.989782
1784010408.251229048 3.750910 0.010030 -0.447418 -0.006982 0.137331 0.037457 0.989792
1784010408.255428076 3.756185 0.010495 -0.447504 -0.007101 0.137270 0.037500 0.989798
1784010408.261202097 3.763449 0.011144 -0.447668 -0.007135 0.137720 0.037605 0.989731
1784010408.265461922 3.768809 0.011627 -0.447828 -0.007170 0.138063 0.037678 0.989680
1784010408.271356106 3.776221 0.012295 -0.448069 -0.007566 0.138046 0.037702 0.989679
1784010408.275235891 3.781108 0.012728 -0.448209 -0.007838 0.138049 0.037713 0.989676
1784010408.281243086 3.788661 0.013390 -0.448384 -0.007660 0.137827 0.037861 0.989703
1784010408.285654068 3.794200 0.013868 -0.448456 -0.007539 0.137678 0.037964 0.989721
1784010408.290749073 3.800589 0.014427 -0.448508 -0.007628 0.137344 0.038106 0.989761
1784010408.295571089 3.806646 0.014976 -0.448538 -0.007714 0.137030 0.038240 0.989798
1784010408.300910950 3.813368 0.015587 -0.448574 -0.007745 0.137151 0.038430 0.989774
1784010408.305598974 3.819279 0.016112 -0.448619 -0.007777 0.137263 0.038595 0.989752
1784010408.311172009 3.826314 0.016725 -0.448718 -0.007533 0.137241 0.038830 0.989748
1784010408.315623045 3.831943 0.017210 -0.448840 -0.007346 0.137233 0.039014 0.989743
1784010408.321040154 3.838807 0.017794 -0.449043 -0.007250 0.137436 0.039201 0.989708
1784010408.321040154 3.838807 0.017794 -0.449043 -0.007250 0.137436 0.039201 0.989708
1784010408.321342945 3.839188 0.017827 -0.449056 -0.007249 0.137451 0.039207 0.989706
1784010408.325289011 3.844168 0.018261 -0.449242 -0.007241 0.137636 0.039290 0.989677
1784010408.331218004 3.851659 0.018905 -0.449520 -0.006946 0.137950 0.039419 0.989630
1784010408.335639954 3.857258 0.019368 -0.449695 -0.006723 0.138189 0.039523 0.989594
1784010408.341097116 3.864153 0.019946 -0.449885 -0.006624 0.137675 0.039629 0.989662
1784010408.345312119 3.869458 0.020407 -0.450015 -0.006544 0.137283 0.039718 0.989714
1784010408.351190090 3.876864 0.021063 -0.450157 -0.006645 0.136874 0.039758 0.989768
1784010408.355680943 3.882562 0.021561 -0.450220 -0.006718 0.136566 0.039796 0.989808
1784010408.361330032 3.889757 0.022190 -0.450264 -0.006827 0.136567 0.039808 0.989807
1784010408.365322113 3.894848 0.022634 -0.450291 -0.006900 0.136574 0.039825 0.989805
1784010408.371208906 3.902343 0.023295 -0.450348 -0.006960 0.136333 0.039838 0.989837
1784010408.375247955 3.907501 0.023747 -0.450387 -0.007005 0.136437 0.039863 0.989822
1784010408.381187916 3.915091 0.024426 -0.450445 -0.006721 0.137058 0.039957 0.989734
1784010408.385636091 3.920773 0.024946 -0.450489 -0.006504 0.137528 0.040036 0.989667
1784010408.391042948 3.927663 0.025591 -0.450541 -0.006546 0.137838 0.040078 0.989622
1784010408.395399094 3.933198 0.026109 -0.450571 -0.006532 0.137880 0.040121 0.989614
1784010408.401359081 3.940746 0.026819 -0.450606 -0.006562 0.137653 0.040154 0.989645
1784010408.405366898 3.945822 0.027294 -0.450629 -0.006640 0.137354 0.040179 0.989685
1784010408.411310911 3.953348 0.028013 -0.450690 -0.006880 0.136861 0.040184 0.989751
1784010408.415605068 3.958790 0.028540 -0.450768 -0.007266 0.136550 0.040168 0.989792
1784010408.420978069 3.965585 0.029205 -0.450925 -0.007795 0.136109 0.040130 0.989850
1784010408.420978069 3.965585 0.029205 -0.450925 -0.007795 0.136109 0.040130 0.989850
1784010408.421226978 3.965898 0.029239 -0.450933 -0.007818 0.136090 0.040130 0.989853
1784010408.425430059 3.971180 0.029793 -0.451076 -0.008066 0.135746 0.040177 0.989896
1784010408.431186914 3.978427 0.030540 -0.451291 -0.008045 0.135553 0.040306 0.989917
1784010408.435518026 3.983917 0.031083 -0.451450 -0.007742 0.135684 0.040468 0.989895
1784010408.441019058 3.990933 0.031771 -0.451627 -0.007208 0.136371 0.040729 0.989794
1784010408.445384979 3.996503 0.032318 -0.451744 -0.006925 0.137064 0.040926 0.989692
1784010408.451225996 4.003907 0.033061 -0.451872 -0.006798 0.137475 0.041175 0.989626
1784010408.455616951 4.009455 0.033613 -0.451937 -0.006795 0.137432 0.041324 0.989625
1784010408.461172104 4.016472 0.034309 -0.451975 -0.006778 0.137358 0.041522 0.989628
1784010408.465490103 4.021929 0.034845 -0.451988 -0.006787 0.137312 0.041649 0.989629
1784010408.471191883 4.029122 0.035569 -0.452028 -0.007041 0.137013 0.041751 0.989664
1784010408.475361109 4.034374 0.036104 -0.452078 -0.007325 0.136616 0.041801 0.989715
1784010408.480794907 4.041219 0.036798 -0.452156 -0.007607 0.136273 0.041869 0.989757
1784010408.485878944 4.047635 0.037427 -0.452234 -0.007509 0.136084 0.041975 0.989779
1784010408.490874052 4.053944 0.038037 -0.452318 -0.007258 0.135884 0.042085 0.989804
1784010408.495306015 4.059549 0.038583 -0.452403 -0.007178 0.135772 0.042169 0.989816
1784010408.500971079 4.066713 0.039300 -0.452521 -0.007324 0.135809 0.042235 0.989807
1784010408.505441904 4.072368 0.039863 -0.452622 -0.007490 0.135879 0.042259 0.989795
1784010408.511202097 4.079654 0.040587 -0.452750 -0.007593 0.136015 0.042306 0.989774
1784010408.515507936 4.085115 0.041126 -0.452847 -0.007631 0.136179 0.042353 0.989749
1784010408.520832062 4.091889 0.041815 -0.452984 -0.007858 0.136436 0.042391 0.989710
1784010408.520832062 4.091889 0.041815 -0.452984 -0.007858 0.136436 0.042391 0.989710
1784010408.521150112 4.092293 0.041860 -0.452992 -0.007870 0.136452 0.042394 0.989708
1784010408.525513887 4.097827 0.042472 -0.453111 -0.008226 0.136683 0.042408 0.989672
1784010408.531208992 4.105017 0.043270 -0.453264 -0.008624 0.136665 0.042430 0.989671
1784010408.535521984 4.110448 0.043861 -0.453355 -0.008826 0.136418 0.042458 0.989702
1784010408.541207075 4.117610 0.044633 -0.453411 -0.008766 0.136056 0.042546 0.989748
1784010408.545342922 4.122829 0.045192 -0.453413 -0.008651 0.135931 0.042649 0.989762
1784010408.551337957 4.130394 0.046025 -0.453407 -0.008683 0.135791 0.042826 0.989773
1784010408.555560112 4.135735 0.046617 -0.453401 -0.008784 0.135652 0.042939 0.989787
1784010408.561141968 4.142834 0.047392 -0.453399 -0.008848 0.135819 0.043097 0.989756
1784010408.565648079 4.148577 0.048001 -0.453407 -0.008660 0.136135 0.043279 0.989707
1784010408.571305037 4.155769 0.048764 -0.453490 -0.008459 0.136086 0.043509 0.989705
1784010408.575368881 4.160947 0.049312 -0.453607 -0.008474 0.135898 0.043646 0.989725
1784010408.581185102 4.168407 0.050101 -0.453812 -0.008411 0.136326 0.043830 0.989658
1784010408.585249901 4.173637 0.050641 -0.453963 -0.008209 0.136864 0.044006 0.989578
1784010408.590987921 4.181010 0.051401 -0.454175 -0.007904 0.136652 0.044209 0.989601
1784010408.595665932 4.187064 0.052020 -0.454324 -0.007693 0.136041 0.044371 0.989679
1784010408.600959063 4.193981 0.052736 -0.454445 -0.007643 0.135906 0.044538 0.989691
1784010408.605429888 4.199811 0.053345 -0.454521 -0.007677 0.135972 0.044663 0.989676
1784010408.611186028 4.207287 0.054137 -0.454647 -0.007746 0.134854 0.044745 0.989824
1784010408.615240097 4.212606 0.054703 -0.454728 -0.007987 0.134388 0.044783 0.989884
1784010408.620848179 4.220052 0.055486 -0.454776 -0.008144 0.135354 0.044837 0.989749
1784010408.620848179 4.220052 0.055486 -0.454776 -0.008144 0.135354 0.044837 0.989749
1784010408.621141911 4.220443 0.055528 -0.454775 -0.008153 0.135406 0.044841 0.989741
1784010408.625613928 4.226354 0.056174 -0.454787 -0.007956 0.136048 0.044971 0.989649
1784010408.631248951 4.233758 0.056993 -0.454848 -0.007876 0.135434 0.045049 0.989730
1784010408.635597944 4.239517 0.057628 -0.454875 -0.007827 0.135510 0.045144 0.989716
1784010408.641156912 4.246953 0.058440 -0.454837 -0.007650 0.136814 0.045288 0.989531
1784010408.645632029 4.252928 0.059087 -0.454800 -0.007467 0.137409 0.045423 0.989444
1784010408.651010036 4.260043 0.059868 -0.454797 -0.007592 0.136648 0.045448 0.989547
1784010408.655175924 4.265549 0.060471 -0.454799 -0.007746 0.136247 0.045455 0.989601
1784010408.661178112 4.273509 0.061345 -0.454806 -0.008117 0.136209 0.045495 0.989602
1784010408.665482044 4.279232 0.061971 -0.454843 -0.008244 0.136126 0.045537 0.989610
1784010408.671159029 4.286770 0.062822 -0.454972 -0.008737 0.135504 0.045523 0.989692
1784010408.675777912 4.292894 0.063518 -0.455123 -0.009021 0.135147 0.045602 0.989734
1784010408.680954933 4.299762 0.064281 -0.455315 -0.008932 0.135166 0.045789 0.989724
1784010408.685951948 4.306404 0.064999 -0.455512 -0.008454 0.135453 0.046038 0.989678
1784010408.690804958 4.312884 0.065695 -0.455690 -0.007974 0.135971 0.046295 0.989598
1784010408.695358038 4.318976 0.066360 -0.455821 -0.007720 0.136810 0.046546 0.989473
1784010408.701138973 4.326655 0.067218 -0.455950 -0.007754 0.137274 0.046840 0.989395
1784010408.705348015 4.332205 0.067833 -0.456026 -0.007779 0.137011 0.047030 0.989422
1784010408.711174011 4.339880 0.068688 -0.456086 -0.007832 0.136665 0.047252 0.989459
1784010408.715358973 4.345400 0.069305 -0.456098 -0.008018 0.136707 0.047398 0.989445
1784010408.720733166 4.352462 0.070106 -0.456108 -0.008262 0.136488 0.047569 0.989464
1784010408.720733166 4.352462 0.070106 -0.456108 -0.008262 0.136488 0.047569 0.989464
1784010408.721132994 4.352985 0.070168 -0.456107 -0.008280 0.136471 0.047581 0.989466
1784010408.725359917 4.358503 0.070825 -0.456105 -0.008488 0.135891 0.047680 0.989539
1784010408.731139898 4.366054 0.071714 -0.456091 -0.008511 0.135429 0.047854 0.989594
1784010408.735516071 4.371784 0.072372 -0.456076 -0.008335 0.135421 0.048007 0.989589
1784010408.740984917 4.378930 0.073197 -0.456089 -0.008130 0.135263 0.048180 0.989604
1784010408.745507956 4.384833 0.073885 -0.456132 -0.008200 0.135094 0.048258 0.989623
1784010408.751199007 4.392266 0.074762 -0.456211 -0.008453 0.135220 0.048338 0.989600
1784010408.755130053 4.397403 0.075362 -0.456285 -0.008525 0.135393 0.048401 0.989572
1784010408.761147976 4.405254 0.076293 -0.456442 -0.008611 0.135601 0.048511 0.989538
1784010408.765180111 4.410509 0.076929 -0.456571 -0.008876 0.135811 0.048555 0.989504
1784010408.771155119 4.418279 0.077892 -0.456751 -0.009545 0.136106 0.048582 0.989456
1784010408.775628090 4.424076 0.078605 -0.456848 -0.009899 0.135981 0.048619 0.989468
1784010408.780999899 4.431022 0.079445 -0.456891 -0.009972 0.135566 0.048720 0.989519
1784010408.785497904 4.436834 0.080143 -0.456865 -0.009820 0.135298 0.048862 0.989551
1784010408.790993929 4.443925 0.081011 -0.456809 -0.009779 0.135030 0.049062 0.989578
1784010408.795452118 4.449673 0.081723 -0.456771 -0.009928 0.134848 0.049212 0.989594
1784010408.801336050 4.457271 0.082650 -0.456731 -0.009952 0.134962 0.049430 0.989567
1784010408.805535078 4.462705 0.083292 -0.456718 -0.009828 0.135250 0.049611 0.989520
1784010408.810981035 4.469751 0.084111 -0.456752 -0.009605 0.135432 0.049836 0.989486
1784010408.815516949 4.475625 0.084786 -0.456839 -0.009510 0.135405 0.050004 0.989482
1784010408.820939064 4.482660 0.085601 -0.456999 -0.009531 0.135628 0.050187 0.989442
1784010408.820939064 4.482660 0.085601 -0.456999 -0.009531 0.135628 0.050187 0.989442
1784010408.821293116 4.483120 0.085656 -0.457010 -0.009533 0.135643 0.050199 0.989439
1784010408.825139046 4.488115 0.086254 -0.457130 -0.009481 0.135980 0.050350 0.989386
1784010408.831155062 4.495905 0.087178 -0.457306 -0.009099 0.136187 0.050629 0.989347
1784010408.835534096 4.501557 0.087846 -0.457408 -0.008896 0.135980 0.050815 0.989367
1784010408.840974092 4.508566 0.088697 -0.457493 -0.008953 0.135474 0.050992 0.989427
1784010408.845557928 4.514465 0.089420 -0.457530 -0.009115 0.135031 0.051129 0.989479
1784010408.851136923 4.521640 0.090298 -0.457545 -0.009141 0.134496 0.051303 0.989543
1784010408.855470896 4.527219 0.090980 -0.457543 -0.009183 0.134247 0.051421 0.989570
1784010408.861166000 4.534561 0.091887 -0.457545 -0.009325 0.134185 0.051558 0.989570
1784010408.865314960 4.539913 0.092547 -0.457553 -0.009378 0.134238 0.051656 0.989557
1784010408.871172905 4.547481 0.093478 -0.457568 -0.009290 0.134530 0.051819 0.989510
1784010408.875313997 4.552838 0.094131 -0.457568 -0.009120 0.134916 0.051953 0.989452
1784010408.881196976 4.560452 0.095068 -0.457548 -0.008924 0.135439 0.052159 0.989372
1784010408.885349035 4.565815 0.095732 -0.457518 -0.008885 0.135607 0.052280 0.989343
1784010408.890655041 4.572649 0.096584 -0.457467 -0.008872 0.135526 0.052442 0.989345
1784010408.895472050 4.578839 0.097358 -0.457417 -0.008948 0.135263 0.052567 0.989374
1784010408.901032925 4.585981 0.098254 -0.457381 -0.009107 0.134816 0.052688 0.989427
1784010408.905370951 4.591554 0.098956 -0.457385 -0.009401 0.134471 0.052746 0.989468
1784010408.911220074 4.599069 0.099916 -0.457457 -0.009930 0.133984 0.052807 0.989526
1784010408.915478945 4.604544 0.100611 -0.457556 -0.010212 0.133607 0.052879 0.989570
1784010408.920992136 4.611651 0.101498 -0.457726 -0.010244 0.133343 0.053056 0.989596
1784010408.920992136 4.611651 0.101498 -0.457726 -0.010244 0.133343 0.053056 0.989596
1784010408.921130896 4.611831 0.101522 -0.457730 -0.010245 0.133336 0.053060 0.989596
1784010408.925621033 4.617654 0.102265 -0.457873 -0.009923 0.133542 0.053256 0.989561
1784010408.931170940 4.624877 0.103175 -0.458051 -0.009356 0.134184 0.053529 0.989465
1784010408.935374975 4.630353 0.103861 -0.458175 -0.009015 0.134721 0.053724 0.989385
1784010408.941171885 4.637893 0.104822 -0.458302 -0.008815 0.135277 0.053977 0.989297
1784010408.945291042 4.643233 0.105505 -0.458353 -0.008797 0.135411 0.054148 0.989270
1784010408.951164961 4.650832 0.106481 -0.458376 -0.008823 0.135168 0.054351 0.989292
1784010408.955401897 4.656309 0.107183 -0.458365 -0.008967 0.134894 0.054444 0.989323
1784010408.961175919 4.663776 0.108159 -0.458326 -0.009314 0.134591 0.054551 0.989355
1784010408.965569973 4.669448 0.108904 -0.458293 -0.009590 0.134274 0.054621 0.989391
1784010408.971098900 4.676582 0.109836 -0.458264 -0.009695 0.133763 0.054750 0.989452
1784010408.975387096 4.682123 0.110544 -0.458250 -0.009539 0.133584 0.054879 0.989471
1784010408.980758905 4.689076 0.111434 -0.458251 -0.009380 0.133707 0.055025 0.989448
1784010408.985517025 4.695231 0.112223 -0.458280 -0.009286 0.133758 0.055137 0.989435
1784010408.990782976 4.702037 0.113106 -0.458345 -0.009401 0.133757 0.055214 0.989430
1784010408.995333910 4.707920 0.113869 -0.458420 -0.009551 0.133917 0.055276 0.989404
1784010409.001149893 4.715439 0.114842 -0.458540 -0.009587 0.134250 0.055380 0.989352
1784010409.005436897 4.720975 0.115563 -0.458649 -0.009722 0.134426 0.055433 0.989324
1784010409.011054993 4.728236 0.116542 -0.458805 -0.010272 0.134592 0.055443 0.989296
1784010409.015351057 4.733795 0.117302 -0.458905 -0.010856 0.134658 0.055413 0.989282
1784010409.020796061 4.740835 0.118249 -0.458978 -0.011224 0.134543 0.055422 0.989293
1784010409.020796061 4.740835 0.118249 -0.458978 -0.011224 0.134543 0.055422 0.989293
1784010409.021189928 4.741345 0.118318 -0.458979 -0.011250 0.134534 0.055424 0.989294
1784010409.025418997 4.746813 0.119057 -0.458969 -0.011138 0.134180 0.055511 0.989338
1784010409.031150103 4.754234 0.120074 -0.458912 -0.010896 0.133447 0.055676 0.989431
1784010409.035540104 4.759958 0.120880 -0.458853 -0.011039 0.133269 0.055790 0.989447
1784010409.041129112 4.767287 0.121913 -0.458773 -0.011204 0.133784 0.055973 0.989365
1784010409.045403957 4.772884 0.122681 -0.458726 -0.010936 0.134137 0.056196 0.989308
1784010409.051177025 4.780448 0.123714 -0.458726 -0.010727 0.134156 0.056436 0.989294
1784010409.055557013 4.786210 0.124498 -0.458777 -0.010687 0.134335 0.056618 0.989260
1784010409.060916901 4.793280 0.125464 -0.458901 -0.010684 0.134770 0.056853 0.989187
1784010409.065300941 4.799056 0.126254 -0.459059 -0.010765 0.135002 0.057032 0.989144
1784010409.071177959 4.806810 0.127304 -0.459286 -0.010747 0.135103 0.057222 0.989119
1784010409.075517893 4.812544 0.128066 -0.459417 -0.010469 0.135282 0.057418 0.989087
1784010409.081156969 4.819986 0.129073 -0.459538 -0.010270 0.135245 0.057657 0.989080
1784010409.085346937 4.825493 0.129834 -0.459604 -0.010415 0.134769 0.057790 0.989136
1784010409.090781927 4.832635 0.130827 -0.459644 -0.010514 0.134092 0.057952 0.989217
1784010409.095372915 4.838682 0.131664 -0.459636 -0.010586 0.133930 0.058105 0.989229
1784010409.100789070 4.845838 0.132662 -0.459615 -0.010696 0.133962 0.058269 0.989214
1784010409.105350971 4.851867 0.133507 -0.459606 -0.010855 0.133923 0.058374 0.989211
1784010409.111460924 4.859948 0.134638 -0.459606 -0.010955 0.134095 0.058546 0.989177
1784010409.115442991 4.865221 0.135365 -0.459603 -0.010871 0.134419 0.058690 0.989125
1784010409.120581150 4.872042 0.136298 -0.459587 -0.010662 0.134946 0.058885 0.989044
1784010409.120581150 4.872042 0.136298 -0.459587 -0.010662 0.134946 0.058885 0.989044
1784010409.121134043 4.872780 0.136401 -0.459582 -0.010640 0.135003 0.058907 0.989035
1784010409.125396013 4.878465 0.137196 -0.459533 -0.010481 0.135355 0.059060 0.988980
1784010409.131124973 4.886090 0.138268 -0.459450 -0.010377 0.135507 0.059253 0.988949
1784010409.135616064 4.892047 0.139108 -0.459381 -0.010486 0.135319 0.059360 0.988967
1784010409.141021967 4.899212 0.140117 -0.459309 -0.010685 0.134825 0.059464 0.989026
1784010409.145411968 4.905036 0.140935 -0.459274 -0.010927 0.134498 0.059522 0.989064
1784010409.151143074 4.912653 0.142018 -0.459286 -0.011429 0.134168 0.059572 0.989100
1784010409.155497074 4.918435 0.142841 -0.459348 -0.011752 0.133825 0.059631 0.989139
1784010409.161170959 4.925975 0.143905 -0.459485 -0.011977 0.133392 0.059765 0.989187
1784010409.165168047 4.931299 0.144636 -0.459601 -0.011806 0.133426 0.059926 0.989175
1784010409.171134949 4.939292 0.145715 -0.459768 -0.011113 0.134087 0.060262 0.989073
1784010409.175489902 4.945136 0.146499 -0.459877 -0.010666 0.134739 0.060511 0.988974
1784010409.181220055 4.952803 0.147550 -0.459989 -0.010400 0.135322 0.060821 0.988878
1784010409.185931921 4.959080 0.148420 -0.460043 -0.010444 0.135408 0.061050 0.988852
1784010409.191152096 4.966029 0.149382 -0.460053 -0.010585 0.135219 0.061252 0.988864
1784010409.195429087 4.971725 0.150166 -0.460025 -0.010753 0.135061 0.061383 0.988876
1784010409.201133966 4.979318 0.151225 -0.459958 -0.011108 0.134740 0.061542 0.988906
1784010409.205393076 4.984967 0.152019 -0.459906 -0.011363 0.134299 0.061644 0.988956
1784010409.211139917 4.992596 0.153087 -0.459844 -0.011480 0.133687 0.061832 0.989026
1784010409.215599060 4.998533 0.153905 -0.459803 -0.011346 0.133582 0.062002 0.989031
1784010409.221071005 5.005845 0.154908 -0.459777 -0.011134 0.133735 0.062205 0.989000
1784010409.221071005 5.005845 0.154908 -0.459777 -0.011134 0.133735 0.062205 0.989000
1784010409.221200943 5.006020 0.154934 -0.459776 -0.011128 0.133741 0.062211 0.988999
1784010409.225379944 5.011636 0.155741 -0.459770 -0.010982 0.133861 0.062350 0.988976
1784010409.231208086 5.019463 0.156879 -0.459812 -0.011023 0.134062 0.062507 0.988938
1784010409.235539913 5.025267 0.157720 -0.459883 -0.011116 0.134224 0.062623 0.988908
1784010409.240920067 5.032473 0.158771 -0.460002 -0.011181 0.134533 0.062764 0.988856
1784010409.245297909 5.038333 0.159640 -0.460116 -0.011457 0.134878 0.062839 0.988801
1784010409.251122952 5.046119 0.160825 -0.460257 -0.012203 0.135393 0.062887 0.988719
1784010409.255342960 5.051733 0.161678 -0.460332 -0.012682 0.135482 0.062909 0.988699
1784010409.261174917 5.059463 0.162832 -0.460361 -0.012851 0.135134 0.063003 0.988739
1784010409.265170097 5.064739 0.163603 -0.460332 -0.012676 0.134846 0.063126 0.988772
1784010409.271132946 5.072607 0.164773 -0.460255 -0.012433 0.134528 0.063364 0.988804
1784010409.275346041 5.078162 0.165606 -0.460209 -0.012412 0.134431 0.063532 0.988806
1784010409.281151056 5.085842 0.166756 -0.460160 -0.012322 0.134824 0.063768 0.988739
1784010409.285409927 5.091481 0.167582 -0.460146 -0.012155 0.135361 0.063971 0.988654
1784010409.290697098 5.098467 0.168595 -0.460178 -0.011856 0.135828 0.064229 0.988577
1784010409.295528889 5.104829 0.169514 -0.460274 -0.011777 0.135922 0.064424 0.988552
1784010409.301141024 5.112214 0.170589 -0.460452 -0.011883 0.136059 0.064620 0.988520
1784010409.305428028 5.117857 0.171401 -0.460609 -0.011884 0.136437 0.064774 0.988457
1784010409.310920000 5.125078 0.172433 -0.460797 -0.011717 0.136946 0.064973 0.988376
1784010409.315496922 5.131066 0.173284 -0.460929 -0.011510 0.136970 0.065143 0.988364
1784010409.321039200 5.138282 0.174328 -0.461039 -0.011392 0.136539 0.065325 0.988413
1784010409.321039200 5.138282 0.174328 -0.461039 -0.011392 0.136539 0.065325 0.988413
1784010409.321162939 5.138444 0.174354 -0.461041 -0.011390 0.136527 0.065328 0.988414
1784010409.325510979 5.144117 0.175233 -0.461094 -0.011581 0.136069 0.065425 0.988469
1784010409.331146955 5.151467 0.176371 -0.461122 -0.011669 0.135586 0.065546 0.988526
1784010409.335350037 5.156947 0.177209 -0.461121 -0.011666 0.135362 0.065635 0.988551
1784010409.341178894 5.164565 0.178391 -0.461122 -0.011938 0.135216 0.065686 0.988564
1784010409.345309019 5.169976 0.179229 -0.461121 -0.012066 0.135289 0.065733 0.988550
1784010409.351094961 5.177572 0.180404 -0.461124 -0.012075 0.135660 0.065834 0.988492
1784010409.355515003 5.183367 0.181290 -0.461125 -0.011919 0.136038 0.065950 0.988434
1784010409.361136913 5.190726 0.182420 -0.461123 -0.011700 0.136424 0.066103 0.988373
1784010409.365401030 5.196299 0.183279 -0.461106 -0.011646 0.136635 0.066213 0.988337
1784010409.370966911 5.203574 0.184417 -0.461059 -0.011678 0.136709 0.066343 0.988318
1784010409.375307083 5.209237 0.185303 -0.461012 -0.011807 0.136581 0.066431 0.988328
1784010409.381078959 5.216756 0.186484 -0.460973 -0.012005 0.136118 0.066521 0.988384
1784010409.385385036 5.222355 0.187363 -0.460980 -0.012316 0.135671 0.066557 0.988439
1784010409.390541077 5.229065 0.188430 -0.461044 -0.012884 0.135219 0.066573 0.988493
1784010409.395481110 5.235504 0.189453 -0.461159 -0.013286 0.134920 0.066612 0.988526
1784010409.401014090 5.242736 0.190587 -0.461340 -0.013456 0.134794 0.066728 0.988533
1784010409.405484915 5.248593 0.191481 -0.461506 -0.013222 0.134956 0.066898 0.988502
1784010409.411030054 5.255877 0.192581 -0.461714 -0.012704 0.135546 0.067175 0.988410
1784010409.415148020 5.261295 0.193390 -0.461863 -0.012399 0.136058 0.067374 0.988329
1784010409.420750141 5.268669 0.194501 -0.462032 -0.012142 0.136650 0.067642 0.988233
1784010409.420750141 5.268669 0.194501 -0.462032 -0.012142 0.136650 0.067642 0.988233
1784010409.420936108 5.268915 0.194540 -0.462035 -0.012133 0.136670 0.067651 0.988229
1784010409.425508022 5.274944 0.195500 -0.462098 -0.012132 0.136954 0.067845 0.988177
1784010409.431180954 5.282396 0.196693 -0.462122 -0.012225 0.136859 0.068058 0.988174
1784010409.435520887 5.288077 0.197606 -0.462111 -0.012408 0.136549 0.068175 0.988207
1784010409.441298008 5.295645 0.198845 -0.462070 -0.012938 0.136061 0.068292 0.988259
1784010409.445367098 5.300976 0.199719 -0.462034 -0.013250 0.135778 0.068355 0.988290
1784010409.450968981 5.308309 0.200915 -0.462000 -0.013378 0.135398 0.068495 0.988330
1784010409.455338955 5.314023 0.201838 -0.462000 -0.013290 0.135195 0.068641 0.988349
1784010409.461119890 5.321587 0.203057 -0.462031 -0.013197 0.135204 0.068827 0.988336
1784010409.465537071 5.327362 0.203980 -0.462075 -0.013053 0.135294 0.068967 0.988316
1784010409.471123934 5.334661 0.205148 -0.462155 -0.012947 0.135351 0.069107 0.988300
1784010409.475313902 5.340128 0.206026 -0.462238 -0.012868 0.135398 0.069213 0.988287
1784010409.481154919 5.347756 0.207260 -0.462367 -0.012887 0.135643 0.069338 0.988245
1784010409.485347986 5.353236 0.208145 -0.462465 -0.012900 0.135823 0.069428 0.988213
1784010409.491106987 5.360750 0.209379 -0.462607 -0.013440 0.135902 0.069468 0.988192
1784010409.495347023 5.366254 0.210302 -0.462721 -0.013838 0.135965 0.069499 0.988176
1784010409.501102924 5.373713 0.211554 -0.462844 -0.014436 0.135842 0.069490 0.988185
1784010409.505283117 5.379125 0.212441 -0.462890 -0.014870 0.135757 0.069484 0.988191
1784010409.510988951 5.386509 0.213651 -0.462913 -0.014720 0.135287 0.069627 0.988247
1784010409.515070915 5.391782 0.214522 -0.462914 -0.014612 0.134956 0.069731 0.988287
1784010409.520925045 5.399361 0.215782 -0.462904 -0.014509 0.134966 0.069963 0.988271
1784010409.520925045 5.399361 0.215782 -0.462904 -0.014509 0.134966 0.069963 0.988271
1784010409.521111965 5.399605 0.215824 -0.462903 -0.014506 0.134967 0.069971 0.988270
1784010409.525173903 5.404911 0.216732 -0.462889 -0.014440 0.134996 0.070144 0.988255
1784010409.531117916 5.412688 0.218059 -0.462901 -0.014181 0.135416 0.070447 0.988179
1784010409.535700083 5.418675 0.219071 -0.462959 -0.014091 0.135614 0.070646 0.988139
1784010409.540924072 5.425504 0.220222 -0.463082 -0.014152 0.135684 0.070846 0.988115
1784010409.545377016 5.431330 0.221196 -0.463236 -0.014203 0.135744 0.071016 0.988093
1784010409.551160097 5.438915 0.222457 -0.463471 -0.014176 0.136036 0.071223 0.988039
1784010409.555202007 5.444228 0.223327 -0.463643 -0.014155 0.136241 0.071366 0.988001
1784010409.561125994 5.452017 0.224609 -0.463867 -0.013857 0.136224 0.071593 0.987991
1784010409.565661907 5.457961 0.225591 -0.463995 -0.013628 0.136212 0.071766 0.987983
1784010409.571180105 5.465185 0.226791 -0.464107 -0.013790 0.135712 0.071918 0.988038
1784010409.575989008 5.471482 0.227833 -0.464177 -0.013786 0.135424 0.072068 0.988067
1784010409.581127882 5.478221 0.228952 -0.464239 -0.013851 0.135373 0.072207 0.988063
1784010409.585184097 5.483546 0.229841 -0.464287 -0.013901 0.135333 0.072316 0.988060
1784010409.591098070 5.491329 0.231150 -0.464352 -0.014069 0.135579 0.072450 0.988014
1784010409.595194101 5.496728 0.232057 -0.464396 -0.014183 0.135751 0.072541 0.987982
1784010409.601089001 5.504498 0.233365 -0.464450 -0.014082 0.136213 0.072728 0.987906
1784010409.605174065 5.509865 0.234260 -0.464481 -0.014010 0.136534 0.072856 0.987853
1784010409.611128092 5.517688 0.235572 -0.464500 -0.013913 0.136663 0.073044 0.987823
1784010409.615545034 5.523494 0.236549 -0.464487 -0.013839 0.136760 0.073182 0.987800
1784010409.620846987 5.530460 0.237725 -0.464464 -0.013975 0.136573 0.073312 0.987815
1784010409.620846987 5.530460 0.237725 -0.464464 -0.013975 0.136573 0.073312 0.987815
1784010409.621148109 5.530857 0.237794 -0.464462 -0.013981 0.136560 0.073319 0.987816
1784010409.625093937 5.536050 0.238702 -0.464441 -0.014066 0.136396 0.073407 0.987831
1784010409.631127119 5.543991 0.240100 -0.464454 -0.014423 0.135762 0.073473 0.987908
1784010409.635605097 5.549886 0.241141 -0.464515 -0.014689 0.135299 0.073523 0.987964
1784010409.641061068 5.557079 0.242409 -0.464646 -0.014998 0.135059 0.073608 0.987986
1784010409.645530939 5.562981 0.243436 -0.464800 -0.015252 0.134868 0.073678 0.988003
1784010409.651082993 5.570331 0.244704 -0.465033 -0.015235 0.134758 0.073841 0.988006
1784010409.655199051 5.575809 0.245632 -0.465218 -0.015061 0.134858 0.073989 0.987984
1784010409.661084890 5.583715 0.246960 -0.465457 -0.014487 0.135797 0.074338 0.987838
1784010409.665163994 5.589205 0.247875 -0.465591 -0.014091 0.136456 0.074581 0.987734
1784010409.671168089 5.597253 0.249245 -0.465752 -0.013835 0.136622 0.074913 0.987690
1784010409.675729036 5.603380 0.250295 -0.465832 -0.013828 0.136331 0.075115 0.987715
1784010409.681060076 5.610590 0.251546 -0.465859 -0.013988 0.136447 0.075341 0.987679
1784010409.685668945 5.616809 0.252633 -0.465851 -0.014189 0.136644 0.075526 0.987635
1784010409.690897942 5.623830 0.253872 -0.465865 -0.014466 0.135877 0.075696 0.987724
1784010409.695314884 5.629772 0.254923 -0.465892 -0.014743 0.135029 0.075804 0.987828
1784010409.701107025 5.637626 0.256307 -0.465906 -0.014799 0.135090 0.076007 0.987803
1784010409.705496073 5.643592 0.257346 -0.465933 -0.014685 0.135342 0.076205 0.987755
1784010409.711188078 5.651321 0.258690 -0.466019 -0.014444 0.134869 0.076399 0.987808
1784010409.715554953 5.657261 0.259723 -0.466101 -0.014349 0.134723 0.076532 0.987819
1784010409.720716000 5.664309 0.260948 -0.466200 -0.014389 0.135082 0.076676 0.987758
1784010409.720716000 5.664309 0.260948 -0.466200 -0.014389 0.135082 0.076676 0.987758
1784010409.721086025 5.664816 0.261039 -0.466207 -0.014393 0.135110 0.076687 0.987754
1784010409.725357056 5.670660 0.262083 -0.466294 -0.014284 0.135258 0.076831 0.987724
1784010409.731149912 5.678586 0.263513 -0.466452 -0.014405 0.134966 0.076924 0.987755
1784010409.735546112 5.684622 0.264617 -0.466577 -0.014842 0.135175 0.076950 0.987718
1784010409.741282940 5.692516 0.266077 -0.466719 -0.015638 0.135696 0.076955 0.987634
1784010409.745335102 5.698080 0.267097 -0.466811 -0.016122 0.135670 0.076926 0.987632
1784010409.751178980 5.706089 0.268544 -0.466897 -0.016326 0.135053 0.076930 0.987712
1784010409.755419016 5.711905 0.269577 -0.466913 -0.016228 0.134789 0.077008 0.987744
1784010409.760967016 5.719528 0.270942 -0.466905 -0.016071 0.134620 0.077155 0.987758
1784010409.765100956 5.725214 0.271963 -0.466903 -0.015975 0.134477 0.077296 0.987768
1784010409.771086931 5.733474 0.273450 -0.466904 -0.015794 0.134704 0.077529 0.987722
1784010409.775083065 5.739006 0.274432 -0.466918 -0.015677 0.135150 0.077696 0.987650
1784010409.781086922 5.747316 0.275903 -0.466984 -0.015392 0.135596 0.077961 0.987572
1784010409.785228968 5.753042 0.276914 -0.467078 -0.015345 0.135602 0.078101 0.987561
1784010409.791038036 5.761083 0.278347 -0.467262 -0.015468 0.135673 0.078308 0.987533
1784010409.795320988 5.767023 0.279399 -0.467420 -0.015510 0.135912 0.078459 0.987487
1784010409.801100969 5.775041 0.280811 -0.467627 -0.015364 0.136203 0.078660 0.987434
1784010409.805349112 5.780925 0.281841 -0.467753 -0.015194 0.136116 0.078814 0.987436
1784010409.811103106 5.788885 0.283255 -0.467869 -0.015167 0.135668 0.078976 0.987485
1784010409.815399885 5.794821 0.284316 -0.467921 -0.015286 0.135256 0.079078 0.987532
1784010409.820683002 5.802114 0.285621 -0.467956 -0.015323 0.134648 0.079203 0.987604
1784010409.820683002 5.802114 0.285621 -0.467956 -0.015323 0.134648 0.079203 0.987604
1784010409.821120024 5.802718 0.285732 -0.467957 -0.015326 0.134600 0.079213 0.987610
1784010409.825170994 5.808329 0.286771 -0.467968 -0.015337 0.134291 0.079311 0.987644
1784010409.831156015 5.816651 0.288329 -0.467984 -0.015502 0.134375 0.079424 0.987621
1784010409.835496902 5.822698 0.289462 -0.468002 -0.015566 0.134645 0.079525 0.987575
1784010409.841118097 5.830523 0.290929 -0.468036 -0.015544 0.134852 0.079670 0.987535
1784010409.845411062 5.836500 0.292042 -0.468055 -0.015473 0.135044 0.079793 0.987500
1784010409.851264000 5.844660 0.293557 -0.468047 -0.015221 0.135451 0.079998 0.987432
1784010409.855312109 5.850302 0.294601 -0.468026 -0.015126 0.135606 0.080126 0.987402
1784010409.861160994 5.858437 0.296121 -0.467987 -0.015171 0.135453 0.080283 0.987409
1784010409.865452051 5.864396 0.297233 -0.467963 -0.015348 0.135165 0.080358 0.987440
1784010409.871089935 5.872237 0.298696 -0.467953 -0.015649 0.134689 0.080419 0.987495
1784010409.875066042 5.877787 0.299728 -0.467980 -0.015884 0.134389 0.080456 0.987529
1784010409.880942106 5.886018 0.301269 -0.468092 -0.016336 0.134223 0.080501 0.987541
1784010409.885186911 5.891964 0.302373 -0.468231 -0.016418 0.134101 0.080616 0.987547
1784010409.890841961 5.899894 0.303830 -0.468481 -0.016209 0.134020 0.080829 0.987544
1784010409.895224094 5.906067 0.304945 -0.468693 -0.015767 0.134488 0.081052 0.987469
1784010409.901109934 5.914375 0.306451 -0.468961 -0.015058 0.135638 0.081419 0.987293
1784010409.905522108 5.920582 0.307588 -0.469143 -0.014723 0.136259 0.081694 0.987189
1784010409.911003113 5.928260 0.309024 -0.469318 -0.014720 0.136338 0.081972 0.987155
1784010409.915221930 5.934165 0.310134 -0.469398 -0.014983 0.136226 0.082123 0.987154
1784010409.920974970 5.942215 0.311654 -0.469416 -0.015254 0.136069 0.082310 0.987156
1784010409.920974970 5.942215 0.311654 -0.469416 -0.015254 0.136069 0.082310 0.987156
1784010409.921061993 5.942336 0.311678 -0.469416 -0.015258 0.136067 0.082312 0.987156
1784010409.925405979 5.948401 0.312865 -0.469379 -0.015525 0.135782 0.082439 0.987181
1784010409.931071043 5.956299 0.314430 -0.469326 -0.015935 0.134904 0.082547 0.987286
1784010409.935534000 5.962550 0.315661 -0.469285 -0.016131 0.134351 0.082652 0.987349
1784010409.940902948 5.970122 0.317137 -0.469245 -0.016066 0.134495 0.082823 0.987316
1784010409.945377111 5.976443 0.318354 -0.469245 -0.015885 0.134793 0.082962 0.987267
1784010409.951150894 5.984599 0.319914 -0.469313 -0.015499 0.134703 0.083127 0.987271
1784010409.955312967 5.990504 0.321041 -0.469400 -0.015401 0.134852 0.083228 0.987244
1784010409.961122990 5.998780 0.322624 -0.469566 -0.015506 0.135560 0.083329 0.987137
1784010409.965369940 6.004825 0.323777 -0.469726 -0.015635 0.135846 0.083379 0.987091
1784010409.971103907 6.012981 0.325361 -0.469959 -0.016300 0.135772 0.083322 0.987096
1784010409.975363970 6.019074 0.326557 -0.470106 -0.016986 0.135806 0.083257 0.987085
1784010409.981168032 6.027429 0.328173 -0.470229 -0.017678 0.136164 0.083161 0.987032
1784010409.985399961 6.033507 0.329310 -0.470271 -0.017550 0.136100 0.083190 0.987040
1784010409.991020918 6.041537 0.330816 -0.470319 -0.017173 0.135015 0.083313 0.987185
1784010409.995181084 6.047505 0.331951 -0.470349 -0.017115 0.134524 0.083405 0.987246
1784010410.001071930 6.056037 0.333582 -0.470372 -0.017059 0.135303 0.083568 0.987126
1784010410.005525112 6.062508 0.334803 -0.470410 -0.016812 0.136059 0.083771 0.987010
1784010410.011193037 6.070722 0.336349 -0.470525 -0.016474 0.136412 0.084001 0.986947
1784010410.015265942 6.076618 0.337459 -0.470642 -0.016412 0.136674 0.084144 0.986900
1784010410.020755053 6.084565 0.338964 -0.470841 -0.016504 0.137023 0.084365 0.986831
1784010410.020755053 6.084565 0.338964 -0.470841 -0.016504 0.137023 0.084365 0.986831
1784010410.020946980 6.084842 0.339017 -0.470850 -0.016507 0.137033 0.084374 0.986828
1784010410.025187016 6.090973 0.340191 -0.471052 -0.016606 0.137134 0.084572 0.986796
1784010410.031095982 6.099525 0.341826 -0.471325 -0.016684 0.137337 0.084796 0.986747
1784010410.035697937 6.106180 0.343099 -0.471488 -0.016668 0.137596 0.084987 0.986695
1784010410.040894985 6.113652 0.344546 -0.471627 -0.016692 0.137433 0.085208 0.986698
1784010410.045334101 6.120000 0.345792 -0.471718 -0.016869 0.136800 0.085389 0.986767
1784010410.051151037 6.128313 0.347422 -0.471793 -0.016938 0.136107 0.085647 0.986840
1784010410.055474043 6.134507 0.348632 -0.471819 -0.016943 0.136110 0.085849 0.986822
1784010410.060923100 6.142310 0.350161 -0.471869 -0.017018 0.136190 0.086069 0.986790
1784010410.065401077 6.148711 0.351423 -0.471925 -0.017117 0.136167 0.086243 0.986777
1784010410.071074009 6.156813 0.353024 -0.471995 -0.017336 0.136377 0.086491 0.986722
1784010410.075553894 6.163207 0.354277 -0.472032 -0.017283 0.136657 0.086723 0.986664
1784010410.081103086 6.171108 0.355815 -0.472062 -0.017016 0.136751 0.087055 0.986626
1784010410.085585117 6.177479 0.357057 -0.472065 -0.016979 0.136768 0.087274 0.986605
1784010410.091088057 6.185288 0.358582 -0.472053 -0.017183 0.136796 0.087506 0.986577
1784010410.095603943 6.191682 0.359825 -0.472051 -0.017468 0.136604 0.087644 0.986586
1784010410.100914955 6.199187 0.361271 -0.472089 -0.017759 0.136114 0.087773 0.986637
1784010410.105293036 6.205374 0.362452 -0.472159 -0.018063 0.135822 0.087840 0.986666
1784010410.111170053 6.213678 0.364013 -0.472320 -0.018303 0.135556 0.087963 0.986687
1784010410.115322113 6.219544 0.365097 -0.472476 -0.018236 0.135363 0.088071 0.986706
1784010410.120895147 6.227428 0.366533 -0.472722 -0.018004 0.135429 0.088240 0.986686
1784010410.120895147 6.227428 0.366533 -0.472722 -0.018004 0.135429 0.088240 0.986686
1784010410.121149063 6.227788 0.366600 -0.472734 -0.017994 0.135433 0.088247 0.986685
1784010410.125407934 6.233832 0.367708 -0.472925 -0.017588 0.135912 0.088414 0.986611
1784010410.131088018 6.241884 0.369174 -0.473154 -0.016955 0.136604 0.088662 0.986504
1784010410.135349035 6.247903 0.370275 -0.473307 -0.016795 0.136785 0.088795 0.986470
1784010410.141041994 6.255915 0.371758 -0.473465 -0.017134 0.136705 0.088873 0.986468
1784010410.145328045 6.261935 0.372867 -0.473531 -0.017465 0.136513 0.088874 0.986489
1784010410.151081085 6.269996 0.374342 -0.473554 -0.017903 0.136069 0.088847 0.986545
1784010410.155334949 6.275944 0.375413 -0.473538 -0.018074 0.135597 0.088814 0.986610
1784010410.161103964 6.284008 0.376860 -0.473511 -0.018252 0.134829 0.088755 0.986717
1784010410.165293932 6.289882 0.377898 -0.473498 -0.018335 0.134579 0.088691 0.986755
1784010410.171077967 6.298016 0.379300 -0.473493 -0.018220 0.134721 0.088580 0.986748
1784010410.175484896 6.304216 0.380332 -0.473513 -0.017989 0.134827 0.088464 0.986748
1784010410.181116104 6.312133 0.381622 -0.473588 -0.017722 0.134779 0.088256 0.986778
1784010410.185617924 6.318470 0.382632 -0.473686 -0.017695 0.134765 0.088019 0.986802
1784010410.191122055 6.326228 0.383857 -0.473845 -0.017744 0.134810 0.087686 0.986825
1784010410.195519924 6.332438 0.384834 -0.473994 -0.018151 0.134896 0.087314 0.986838
1784010410.201175928 6.340439 0.386091 -0.474188 -0.019009 0.135078 0.086734 0.986848
1784010410.205085993 6.345972 0.386934 -0.474308 -0.019474 0.135131 0.086301 0.986870
1784010410.211075068 6.354426 0.388167 -0.474449 -0.019727 0.134783 0.085652 0.986969
1784010410.215224981 6.360271 0.388974 -0.474514 -0.019579 0.134302 0.085229 0.987074
1784010410.220839024 6.368183 0.390041 -0.474563 -0.019307 0.133694 0.084655 0.987211
1784010410.220839024 6.368183 0.390041 -0.474563 -0.019307 0.133694 0.084655 0.987211
1784010410.221107960 6.368563 0.390093 -0.474564 -0.019294 0.133666 0.084628 0.987218
1784010410.225455046 6.374718 0.390926 -0.474571 -0.019119 0.133546 0.084181 0.987276
1784010410.231056929 6.382684 0.391973 -0.474574 -0.018770 0.133876 0.083608 0.987287
1784010410.235479116 6.388979 0.392769 -0.474595 -0.018518 0.134278 0.083134 0.987277
1784010410.240958929 6.396759 0.393719 -0.474669 -0.018192 0.134540 0.082527 0.987298
1784010410.245321035 6.402938 0.394448 -0.474770 -0.017995 0.134542 0.082019 0.987344
1784010410.251010895 6.411007 0.395389 -0.474948 -0.018011 0.134560 0.081323 0.987398
1784010410.255188942 6.416939 0.396062 -0.475093 -0.017956 0.134776 0.080800 0.987413
1784010410.261032104 6.425219 0.396985 -0.475276 -0.017675 0.135045 0.080085 0.987440
1784010410.265367985 6.431338 0.397656 -0.475389 -0.017654 0.134963 0.079485 0.987500
1784010410.271219015 6.439566 0.398544 -0.475486 -0.017641 0.134391 0.078654 0.987644
1784010410.275327921 6.445331 0.399148 -0.475520 -0.017672 0.133947 0.078044 0.987752
1784010410.281054974 6.453362 0.399963 -0.475532 -0.017594 0.133472 0.077188 0.987886
1784010410.285162926 6.459123 0.400526 -0.475531 -0.017442 0.133262 0.076563 0.987965
1784010410.291100025 6.467454 0.401328 -0.475536 -0.017493 0.133238 0.075578 0.988043
1784010410.295384884 6.473465 0.401885 -0.475542 -0.017495 0.133349 0.074859 0.988083
1784010410.300990105 6.481326 0.402573 -0.475541 -0.017321 0.133605 0.073929 0.988122
1784010410.305290937 6.487351 0.403066 -0.475532 -0.017095 0.133801 0.073191 0.988154
1784010410.311072111 6.495437 0.403689 -0.475501 -0.016796 0.133941 0.072155 0.988216
1784010410.315350056 6.501406 0.404121 -0.475464 -0.016587 0.133943 0.071358 0.988277
1784010410.320621967 6.508748 0.404631 -0.475410 -0.016521 0.133836 0.070318 0.988368
1784010410.320621967 6.508748 0.404631 -0.475410 -0.016521 0.133836 0.070318 0.988368
1784010410.321208954 6.509565 0.404690 -0.475402 -0.016511 0.133824 0.070198 0.988378
1784010410.325134039 6.515022 0.405072 -0.475347 -0.016492 0.133606 0.069354 0.988467
1784010410.331046104 6.523226 0.405627 -0.475303 -0.016535 0.133091 0.068037 0.988628
1784010410.335592985 6.529527 0.406038 -0.475317 -0.016719 0.132725 0.067004 0.988744
1784010410.341135025 6.537199 0.406516 -0.475391 -0.016908 0.132313 0.065740 0.988881
1784010410.345544100 6.543299 0.406862 -0.475491 -0.016815 0.132012 0.064783 0.988986
1784010410.350961924 6.550805 0.407244 -0.475636 -0.016261 0.131967 0.063694 0.989072
1784010410.355180979 6.556666 0.407513 -0.475753 -0.015692 0.132400 0.062880 0.989075
1784010410.361083031 6.564860 0.407873 -0.475896 -0.015010 0.133196 0.061721 0.989052
1784010410.365298033 6.570690 0.408113 -0.475976 -0.014721 0.133534 0.060868 0.989064
1784010410.370928049 6.578445 0.408404 -0.476031 -0.014385 0.133545 0.059698 0.989138
1784010410.375252008 6.584381 0.408597 -0.476037 -0.014159 0.133370 0.058777 0.989220
1784010410.381055117 6.592329 0.408845 -0.476016 -0.014114 0.133007 0.057448 0.989348
1784010410.385071993 6.597818 0.409008 -0.475993 -0.014190 0.132693 0.056503 0.989444
1784010410.391105890 6.606044 0.409241 -0.475947 -0.014379 0.132089 0.055043 0.989604
1784010410.395565033 6.612117 0.409385 -0.475908 -0.014317 0.131723 0.054003 0.989711
1784010410.400835991 6.619299 0.409520 -0.475860 -0.013917 0.131508 0.052803 0.989810
1784010410.405306101 6.625391 0.409610 -0.475830 -0.013538 0.131474 0.051780 0.989874
1784010410.411115885 6.633299 0.409712 -0.475823 -0.013252 0.131485 0.050400 0.989947
1784010410.415492058 6.639249 0.409770 -0.475848 -0.013211 0.131526 0.049312 0.989997
1784010410.420768976 6.646425 0.409818 -0.475908 -0.013241 0.131633 0.047939 0.990050
1784010410.420816183 6.646490 0.409819 -0.475908 -0.013241 0.131634 0.047927 0.990051
1784010410.420816183 6.646490 0.409819 -0.475908 -0.013241 0.131634 0.047927 0.990051
1784010410.425127029 6.652364 0.409865 -0.475981 -0.013235 0.131830 0.046799 0.990079
1784010410.431123972 6.660530 0.409906 -0.476122 -0.013139 0.132067 0.045230 0.990121
1784010410.435569048 6.666575 0.409921 -0.476250 -0.013167 0.132168 0.044045 0.990161
1784010410.440901995 6.673822 0.409931 -0.476393 -0.013298 0.132152 0.042608 0.990224
1784010410.445348024 6.679852 0.409917 -0.476468 -0.013331 0.132045 0.041442 0.990287
1784010410.451214075 6.687804 0.409867 -0.476486 -0.013018 0.131582 0.039959 0.990414
1784010410.455210924 6.693238 0.409815 -0.476462 -0.012903 0.131397 0.038934 0.990481
1784010410.461071968 6.701220 0.409726 -0.476402 -0.012845 0.131481 0.037417 0.990529
1784010410.465173960 6.706797 0.409642 -0.476364 -0.012730 0.131555 0.036400 0.990559
1784010410.471020937 6.714748 0.409501 -0.476338 -0.012587 0.131496 0.034949 0.990620
1784010410.475502014 6.720865 0.409371 -0.476343 -0.012441 0.131677 0.033850 0.990636
1784010410.481075048 6.728509 0.409183 -0.476393 -0.012089 0.132220 0.032540 0.990612
1784010410.485049009 6.733964 0.409034 -0.476467 -0.011719 0.132528 0.031642 0.990605
1784010410.490849018 6.741915 0.408816 -0.476619 -0.011226 0.132651 0.030353 0.990634
1784010410.495083094 6.747716 0.408652 -0.476743 -0.010896 0.132723 0.029418 0.990657
1784010410.501019955 6.755849 0.408428 -0.476901 -0.010365 0.132777 0.028158 0.990692
1784010410.505409956 6.761860 0.408265 -0.477010 -0.010063 0.132611 0.027244 0.990743
1784010410.511061907 6.769605 0.408065 -0.477127 -0.009722 0.132343 0.026112 0.990812
1784010410.515641928 6.775885 0.407910 -0.477194 -0.009491 0.132215 0.025235 0.990854
1784010410.520714045 6.782839 0.407757 -0.477250 -0.009459 0.132075 0.024269 0.990897
1784010410.520714045 6.782839 0.407757 -0.477250 -0.009459 0.132075 0.024269 0.990897
1784010410.520817041 6.782980 0.407755 -0.477251 -0.009458 0.132074 0.024248 0.990898
1784010410.525038004 6.788779 0.407674 -0.477275 -0.009387 0.131909 0.023493 0.990939
1784010410.531122923 6.797154 0.407577 -0.477279 -0.009259 0.131950 0.022479 0.990958
1784010410.535546064 6.803257 0.407510 -0.477258 -0.009073 0.132274 0.021792 0.990932
1784010410.540935993 6.810715 0.407439 -0.477210 -0.008687 0.132834 0.021006 0.990878
1784010410.545449018 6.816965 0.407390 -0.477158 -0.008416 0.133379 0.020381 0.990820
1784010410.551086903 6.824771 0.407357 -0.477090 -0.008137 0.133814 0.019649 0.990778
1784010410.555206060 6.830484 0.407350 -0.477049 -0.007976 0.133931 0.019155 0.990773
1784010410.561070919 6.838646 0.407381 -0.477014 -0.007762 0.134196 0.018516 0.990751
1784010410.565273046 6.844487 0.407427 -0.477021 -0.007699 0.134357 0.018108 0.990738
1784010410.571124077 6.852599 0.407546 -0.477087 -0.007731 0.134071 0.017588 0.990785
1784010410.575704098 6.858956 0.407680 -0.477181 -0.007952 0.133618 0.017225 0.990851
1784010410.581087112 6.866454 0.407876 -0.477301 -0.008153 0.133485 0.016916 0.990873
1784010410.585098982 6.872047 0.408037 -0.477393 -0.008102 0.133485 0.016813 0.990875
1784010410.591072083 6.880404 0.408323 -0.477550 -0.008106 0.133058 0.016763 0.990933
1784010410.595249891 6.886289 0.408546 -0.477656 -0.007994 0.133192 0.016815 0.990915
1784010410.601102114 6.894566 0.408890 -0.477777 -0.007849 0.134275 0.016951 0.990768
1784010410.605268955 6.900447 0.409143 -0.477864 -0.007736 0.134775 0.017087 0.990699
1784010410.611092091 6.908648 0.409507 -0.477976 -0.007512 0.134775 0.017269 0.990697
1784010410.615123034 6.914319 0.409761 -0.478033 -0.007412 0.134918 0.017419 0.990676
1784010410.620589018 6.922004 0.410109 -0.478088 -0.007106 0.135122 0.017667 0.990646
1784010410.620589018 6.922004 0.410109 -0.478088 -0.007106 0.135122 0.017667 0.990646
1784010410.620857954 6.922383 0.410128 -0.478090 -0.007092 0.135132 0.017680 0.990645
1784010410.625149965 6.928434 0.410450 -0.478122 -0.007048 0.134982 0.017820 0.990663
1784010410.631083012 6.936825 0.410917 -0.478145 -0.007293 0.134780 0.017931 0.990686
1784010410.635370016 6.942895 0.411247 -0.478130 -0.007342 0.134877 0.018014 0.990671
1784010410.641037941 6.950902 0.411680 -0.478104 -0.007286 0.134728 0.018127 0.990690
1784010410.645350933 6.956985 0.412004 -0.478106 -0.007333 0.134246 0.018169 0.990754
1784010410.650902033 6.964845 0.412423 -0.478129 -0.007458 0.134172 0.018190 0.990763
1784010410.655306101 6.971092 0.412749 -0.478176 -0.007574 0.134587 0.018198 0.990706
1784010410.661189079 6.979422 0.413192 -0.478322 -0.007826 0.134951 0.018170 0.990655
1784010410.665196896 6.985089 0.413488 -0.478469 -0.008053 0.135145 0.018121 0.990627
1784010410.671056032 6.993376 0.413909 -0.478696 -0.008110 0.135793 0.018093 0.990539
1784010410.675753117 7.000000 0.414224 -0.478871 -0.007851 0.136156 0.018136 0.990490
1784010410.681041002 7.007421 0.414582 -0.479036 -0.007619 0.136017 0.018161 0.990511
1784010410.685556889 7.013743 0.414899 -0.479123 -0.007679 0.135931 0.018160 0.990522
1784010410.691011906 7.021383 0.415294 -0.479143 -0.007960 0.136184 0.018137 0.990486
1784010410.695235968 7.027290 0.415591 -0.479106 -0.008022 0.136320 0.018127 0.990467
1784010410.701030970 7.035367 0.415999 -0.479029 -0.007976 0.136179 0.018152 0.990486
1784010410.705279112 7.041270 0.416301 -0.478980 -0.008112 0.136045 0.018166 0.990503
1784010410.711091042 7.049343 0.416714 -0.478963 -0.008276 0.135870 0.018210 0.990525
1784010410.715328932 7.055235 0.416997 -0.479000 -0.008211 0.135929 0.018281 0.990516
1784010410.720583200 7.062552 0.417339 -0.479098 -0.008038 0.136400 0.018354 0.990451
1784010410.720583200 7.062552 0.417339 -0.479098 -0.008038 0.136400 0.018354 0.990451
1784010410.721091032 7.063262 0.417376 -0.479110 -0.008022 0.136443 0.018364 0.990445
1784010410.725466013 7.069365 0.417693 -0.479231 -0.007718 0.136799 0.018476 0.990396
1784010410.731034040 7.077098 0.418097 -0.479420 -0.007357 0.136738 0.018618 0.990405
1784010410.735443115 7.083198 0.418418 -0.479590 -0.007249 0.136449 0.018710 0.990444
1784010410.741127968 7.091060 0.418830 -0.479798 -0.007068 0.136181 0.018837 0.990480
1784010410.745255947 7.096768 0.419116 -0.479928 -0.006828 0.136147 0.018948 0.990484
1784010410.751051903 7.104777 0.419524 -0.480082 -0.006655 0.136063 0.019061 0.990494
1784010410.755222082 7.110528 0.419822 -0.480168 -0.006529 0.136008 0.019141 0.990501
1784010410.761029005 7.118523 0.420245 -0.480251 -0.006633 0.135875 0.019208 0.990518
1784010410.765372038 7.124489 0.420555 -0.480280 -0.006709 0.135781 0.019257 0.990529
1784010410.770898104 7.132074 0.420954 -0.480288 -0.006606 0.135655 0.019363 0.990545
1784010410.775022984 7.137734 0.421250 -0.480280 -0.006526 0.135565 0.019442 0.990556
1784010410.781032085 7.145976 0.421692 -0.480253 -0.006439 0.136252 0.019545 0.990460
1784010410.785370111 7.151918 0.422010 -0.480224 -0.006373 0.136754 0.019617 0.990390
1784010410.791039944 7.159665 0.422429 -0.480184 -0.006337 0.136966 0.019690 0.990360
1784010410.795614958 7.165896 0.422762 -0.480159 -0.006288 0.136827 0.019724 0.990379
1784010410.800899982 7.173100 0.423163 -0.480153 -0.006417 0.136445 0.019737 0.990430
1784010410.805114031 7.178857 0.423498 -0.480170 -0.006519 0.136144 0.019747 0.990471
1784010410.811028004 7.186931 0.423983 -0.480232 -0.006665 0.135645 0.019753 0.990538
1784010410.815360069 7.192822 0.424329 -0.480308 -0.006769 0.135285 0.019756 0.990587
1784010410.820846081 7.200297 0.424770 -0.480429 -0.007089 0.134728 0.019778 0.990660
1784010410.820846081 7.200297 0.424770 -0.480429 -0.007089 0.134728 0.019778 0.990660
1784010410.821011066 7.200524 0.424786 -0.480433 -0.007098 0.134712 0.019778 0.990662
1784010410.825393915 7.206556 0.425187 -0.480545 -0.007335 0.134295 0.019782 0.990717
1784010410.831034899 7.214392 0.425710 -0.480704 -0.007141 0.134377 0.019974 0.990703
1784010410.835541010 7.220720 0.426123 -0.480844 -0.006987 0.134443 0.020130 0.990692
1784010410.840761900 7.228067 0.426602 -0.481000 -0.006683 0.135169 0.020366 0.990591
1784010410.845451117 7.234625 0.427026 -0.481120 -0.006411 0.135821 0.020579 0.990499
1784010410.851214886 7.242695 0.427552 -0.481234 -0.006346 0.135385 0.020805 0.990554
1784010410.855283022 7.248423 0.427919 -0.481291 -0.006302 0.135077 0.020966 0.990593
1784010410.861202002 7.256772 0.428471 -0.481355 -0.006049 0.135620 0.021244 0.990515
1784010410.865264893 7.262489 0.428856 -0.481394 -0.005876 0.135993 0.021438 0.990460
1784010410.871083021 7.270683 0.429415 -0.481422 -0.006145 0.135225 0.021554 0.990561
1784010410.874993086 7.276199 0.429781 -0.481414 -0.006326 0.134709 0.021634 0.990629
1784010410.880835056 7.284455 0.430327 -0.481399 -0.006311 0.134700 0.021760 0.990627
1784010410.884959936 7.290285 0.430703 -0.481406 -0.006302 0.134694 0.021852 0.990626
1784010410.890604973 7.298271 0.431228 -0.481465 -0.006410 0.134343 0.021921 0.990672
1784010410.895277977 7.304897 0.431667 -0.481562 -0.006677 0.134198 0.021933 0.990689
1784010410.901097059 7.313171 0.432206 -0.481738 -0.006974 0.134723 0.021923 0.990616
1784010410.905301094 7.319142 0.432567 -0.481915 -0.007189 0.135101 0.021919 0.990563
1784010410.911118031 7.327415 0.433054 -0.482167 -0.007120 0.135244 0.021945 0.990544
1784010410.915200949 7.333230 0.433385 -0.482319 -0.007072 0.135344 0.021965 0.990530
1784010410.920727015 7.341101 0.433840 -0.482468 -0.007098 0.135290 0.022028 0.990536
1784010410.920727015 7.341101 0.433840 -0.482468 -0.007098 0.135290 0.022028 0.990536
1784010410.920984983 7.341470 0.433864 -0.482474 -0.007099 0.135288 0.022031 0.990536
1784010410.925733089 7.348257 0.434314 -0.482540 -0.007112 0.135246 0.022089 0.990540
1784010410.931044102 7.355850 0.434820 -0.482537 -0.007310 0.135368 0.022131 0.990521
1784010410.935226917 7.361841 0.435210 -0.482476 -0.007468 0.135464 0.022165 0.990506
1784010410.941015005 7.370136 0.435755 -0.482346 -0.007666 0.135205 0.022296 0.990537
1784010410.945188046 7.376103 0.436150 -0.482255 -0.007811 0.135017 0.022392 0.990559
1784010410.951086044 7.384550 0.436720 -0.482177 -0.008104 0.134713 0.022544 0.990595
1784010410.955313921 7.390619 0.437112 -0.482161 -0.008094 0.134778 0.022696 0.990583
1784010410.961062908 7.398903 0.437638 -0.482215 -0.007902 0.135213 0.022910 0.990520
1784010410.965151072 7.404800 0.437998 -0.482300 -0.007698 0.135481 0.023065 0.990481
1784010410.971007109 7.413245 0.438521 -0.482460 -0.007293 0.135617 0.023308 0.990460
1784010410.975302935 7.419422 0.438907 -0.482595 -0.007158 0.135523 0.023486 0.990470
1784010410.981021881 7.427648 0.439430 -0.482776 -0.007097 0.135170 0.023716 0.990513
1784010410.985101938 7.433525 0.439791 -0.482884 -0.006914 0.135026 0.023900 0.990530
1784010410.991036892 7.442093 0.440333 -0.482992 -0.006764 0.135104 0.024118 0.990515
1784010410.995152950 7.448026 0.440714 -0.483036 -0.006853 0.135071 0.024238 0.990516
1784010411.001046896 7.456518 0.441268 -0.483060 -0.006965 0.134687 0.024396 0.990563
1784010411.005203009 7.462501 0.441649 -0.483045 -0.007001 0.134487 0.024523 0.990587
1784010411.011065960 7.470965 0.442195 -0.482999 -0.006883 0.134531 0.024723 0.990577
1784010411.015419006 7.477266 0.442605 -0.482961 -0.006854 0.134838 0.024857 0.990532
1784010411.020622969 7.484816 0.443114 -0.482923 -0.007003 0.135491 0.024991 0.990439
1784010411.020757198 7.485011 0.443128 -0.482922 -0.007007 0.135505 0.024995 0.990436
1784010411.020757198 7.485011 0.443128 -0.482922 -0.007007 0.135505 0.024995 0.990436
1784010411.025315046 7.491654 0.443613 -0.482905 -0.007158 0.135962 0.025121 0.990370
1784010411.031085968 7.500046 0.444229 -0.482904 -0.007303 0.136012 0.025283 0.990358
1784010411.035567999 7.506553 0.444708 -0.482919 -0.007456 0.135817 0.025415 0.990380
1784010411.041163921 7.514687 0.445321 -0.482958 -0.007776 0.135655 0.025590 0.990395
1784010411.045120955 7.520430 0.445753 -0.483001 -0.007974 0.135474 0.025730 0.990415
1784010411.051063061 7.529053 0.446412 -0.483101 -0.008291 0.134966 0.025928 0.990476
1784010411.055417061 7.535370 0.446889 -0.483189 -0.008438 0.134623 0.026107 0.990517
1784010411.061058044 7.543583 0.447500 -0.483305 -0.008335 0.134504 0.026430 0.990525
1784010411.065140963 7.549537 0.447934 -0.483392 -0.008203 0.134609 0.026677 0.990506
1784010411.071044922 7.558158 0.448576 -0.483523 -0.008146 0.134832 0.026991 0.990467
1784010411.075319052 7.564397 0.449043 -0.483614 -0.008233 0.135009 0.027196 0.990437
1784010411.081068993 7.572794 0.449675 -0.483718 -0.008406 0.135092 0.027455 0.990417
1784010411.085447073 7.579178 0.450144 -0.483778 -0.008380 0.134997 0.027693 0.990423
1784010411.091032028 7.587320 0.450737 -0.483830 -0.008074 0.134712 0.028041 0.990455
1784010411.095062017 7.593193 0.451170 -0.483855 -0.008084 0.134631 0.028242 0.990460
1784010411.100832939 7.601615 0.451818 -0.483863 -0.008422 0.134584 0.028476 0.990457
1784010411.105206966 7.607992 0.452308 -0.483837 -0.008611 0.134422 0.028656 0.990472
1784010411.111068010 7.616533 0.452952 -0.483767 -0.008546 0.134021 0.028927 0.990519
1784010411.115547895 7.623049 0.453436 -0.483711 -0.008464 0.133637 0.029134 0.990566
1784010411.120908022 7.630856 0.454035 -0.483679 -0.008596 0.133266 0.029331 0.990609
1784010411.120908022 7.630856 0.454035 -0.483679 -0.008596 0.133266 0.029331 0.990609
1784010411.121005058 7.630999 0.454047 -0.483678 -0.008598 0.133259 0.029334 0.990610
1784010411.125011921 7.636885 0.454535 -0.483683 -0.008852 0.133261 0.029456 0.990604
1784010411.131124973 7.645902 0.455293 -0.483758 -0.009348 0.133659 0.029609 0.990541
1784010411.135202885 7.651916 0.455790 -0.483860 -0.009592 0.133944 0.029700 0.990497
1784010411.141079903 7.660571 0.456504 -0.484061 -0.009833 0.134031 0.029851 0.990479
1784010411.145144939 7.666541 0.456995 -0.484210 -0.010005 0.133901 0.029964 0.990491
1784010411.150979042 7.675116 0.457713 -0.484355 -0.010229 0.133668 0.030154 0.990515
1784010411.155235052 7.681369 0.458238 -0.484392 -0.010360 0.133643 0.030306 0.990512
1784010411.161045074 7.689903 0.458963 -0.484352 -0.010493 0.133653 0.030523 0.990502
1784010411.165196896 7.695988 0.459481 -0.484275 -0.010555 0.133552 0.030703 0.990510
1784010411.170936108 7.704404 0.460211 -0.484143 -0.010758 0.133282 0.030949 0.990536
1784010411.175195932 7.710652 0.460749 -0.484049 -0.010858 0.133132 0.031164 0.990549
1784010411.181015015 7.719203 0.461472 -0.483967 -0.010783 0.133082 0.031473 0.990547
1784010411.185415030 7.725669 0.462011 -0.483966 -0.010731 0.133146 0.031697 0.990531
1784010411.190988064 7.733869 0.462696 -0.484032 -0.010799 0.133238 0.031947 0.990510
1784010411.195183992 7.740044 0.463202 -0.484114 -0.010724 0.133260 0.032146 0.990502
1784010411.200984001 7.748577 0.463902 -0.484244 -0.010569 0.133207 0.032431 0.990501
1784010411.205466032 7.755152 0.464444 -0.484354 -0.010536 0.132978 0.032656 0.990525
1784010411.210818052 7.763001 0.465094 -0.484474 -0.010436 0.132544 0.032939 0.990575
1784010411.215209961 7.769447 0.465630 -0.484546 -0.010386 0.132320 0.033167 0.990597
1784010411.221009970 7.777979 0.466348 -0.484592 -0.010477 0.132302 0.033418 0.990591
1784010411.221009970 7.777979 0.466348 -0.484592 -0.010477 0.132302 0.033418 0.990591
1784010411.221013069 7.777984 0.466349 -0.484591 -0.010477 0.132302 0.033418 0.990591
1784010411.225243092 7.784238 0.466890 -0.484580 -0.010524 0.132249 0.033597 0.990591
1784010411.231034994 7.792788 0.467637 -0.484538 -0.010674 0.131959 0.033811 0.990621
1784010411.235239029 7.798984 0.468180 -0.484494 -0.010745 0.131785 0.033982 0.990637
1784010411.241045952 7.807573 0.468940 -0.484405 -0.010749 0.131919 0.034224 0.990611
1784010411.245284081 7.813856 0.469503 -0.484326 -0.010800 0.132353 0.034380 0.990547
1784010411.251049995 7.822405 0.470283 -0.484200 -0.010916 0.132736 0.034591 0.990488
1784010411.255390882 7.828837 0.470877 -0.484101 -0.011057 0.132592 0.034756 0.990500
1784010411.260881901 7.836996 0.471644 -0.483980 -0.011337 0.132298 0.034957 0.990529
1784010411.265273094 7.843516 0.472257 -0.483901 -0.011565 0.132089 0.035140 0.990547
1784010411.271117926 7.852190 0.473075 -0.483855 -0.011740 0.131308 0.035403 0.990640
1784010411.275269985 7.858371 0.473663 -0.483875 -0.012056 0.130768 0.035539 0.990702
1784010411.280906916 7.866804 0.474462 -0.483932 -0.012303 0.130713 0.035778 0.990698
1784010411.285264969 7.873325 0.475065 -0.484003 -0.012086 0.130820 0.036079 0.990676
1784010411.290991068 7.881916 0.475855 -0.484141 -0.011799 0.130699 0.036458 0.990681
1784010411.295634985 7.888917 0.476502 -0.484268 -0.011590 0.131033 0.036745 0.990629
1784010411.300906897 7.896888 0.477249 -0.484398 -0.011455 0.131867 0.037095 0.990507
1784010411.305603027 7.903971 0.477922 -0.484509 -0.011414 0.132246 0.037392 0.990446
1784010411.311036110 7.912149 0.478701 -0.484613 -0.011366 0.131939 0.037717 0.990475
1784010411.314964056 7.918058 0.479265 -0.484659 -0.011320 0.131721 0.037964 0.990495
1784010411.320562124 7.926486 0.480089 -0.484678 -0.011409 0.131625 0.038293 0.990494
1784010411.320562124 7.926486 0.480089 -0.484678 -0.011409 0.131625 0.038293 0.990494
1784010411.320801973 7.926848 0.480125 -0.484678 -0.011413 0.131621 0.038306 0.990494
1784010411.325246096 7.933557 0.480817 -0.484666 -0.011635 0.131382 0.038494 0.990516
1784010411.331132889 7.942453 0.481735 -0.484621 -0.011907 0.130950 0.038721 0.990561
1784010411.335500956 7.949057 0.482401 -0.484566 -0.011761 0.130912 0.038942 0.990559
1784010411.340838909 7.957116 0.483215 -0.484527 -0.011653 0.130968 0.039200 0.990543
1784010411.345191002 7.963677 0.483881 -0.484542 -0.011713 0.130898 0.039346 0.990545
1784010411.351022005 7.972483 0.484780 -0.484618 -0.011912 0.131200 0.039499 0.990497
1784010411.355420113 7.979134 0.485454 -0.484715 -0.012123 0.131750 0.039583 0.990418
1784010411.360896111 7.987403 0.486287 -0.484893 -0.012244 0.132282 0.039696 0.990341
1784010411.365216017 7.993904 0.486940 -0.485062 -0.012385 0.132418 0.039758 0.990319
1784010411.371011019 8.002603 0.487821 -0.485253 -0.012678 0.132518 0.039820 0.990299
1784010411.375236988 8.008928 0.488452 -0.485334 -0.012789 0.132516 0.039876 0.990296
1784010411.381016016 8.017558 0.489312 -0.485361 -0.012661 0.132352 0.040001 0.990314
1784010411.385229111 8.023843 0.489945 -0.485334 -0.012727 0.132339 0.040064 0.990313
1784010411.390997887 8.032445 0.490823 -0.485259 -0.012899 0.132516 0.040161 0.990283
1784010411.395570040 8.039246 0.491515 -0.485195 -0.013017 0.132593 0.040255 0.990267
1784010411.401061058 8.047402 0.492334 -0.485149 -0.013083 0.132585 0.040379 0.990262
1784010411.405205965 8.053556 0.492939 -0.485150 -0.013008 0.132681 0.040498 0.990246
1784010411.411060095 8.062254 0.493791 -0.485222 -0.012950 0.133116 0.040642 0.990182
1784010411.415258884 8.068486 0.494393 -0.485317 -0.012897 0.133423 0.040741 0.990137
1784010411.420957088 8.076922 0.495200 -0.485465 -0.012562 0.133689 0.040920 0.990098
1784010411.420957088 8.076922 0.495200 -0.485465 -0.012562 0.133689 0.040920 0.990098
1784010411.420973063 8.076945 0.495203 -0.485465 -0.012561 0.133689 0.040922 0.990098
1784010411.425266027 8.083293 0.495828 -0.485571 -0.012272 0.133714 0.041100 0.990091
1784010411.431058884 8.091840 0.496678 -0.485697 -0.012027 0.133504 0.041321 0.990113
1784010411.435640097 8.098593 0.497353 -0.485769 -0.011956 0.133221 0.041464 0.990146
1784010411.440994978 8.106497 0.498145 -0.485803 -0.011970 0.133001 0.041587 0.990171
1784010411.445133924 8.112611 0.498753 -0.485793 -0.011997 0.132974 0.041653 0.990171
1784010411.450964928 8.121214 0.499620 -0.485746 -0.012111 0.132586 0.041727 0.990219
1784010411.455297947 8.127618 0.500273 -0.485701 -0.012316 0.132101 0.041771 0.990279
1784010411.461013079 8.136127 0.501137 -0.485619 -0.012413 0.132129 0.041870 0.990270
1784010411.465101957 8.142237 0.501748 -0.485552 -0.012273 0.132679 0.041973 0.990194
1784010411.471010923 8.151054 0.502624 -0.485488 -0.012016 0.133247 0.042114 0.990115
1784010411.475254059 8.157380 0.503248 -0.485459 -0.011902 0.133432 0.042180 0.990088
1784010411.481163979 8.166204 0.504120 -0.485416 -0.011921 0.133760 0.042223 0.990042
1784010411.485101938 8.172080 0.504695 -0.485390 -0.011977 0.133882 0.042234 0.990024
1784010411.491168976 8.181117 0.505581 -0.485387 -0.012192 0.133430 0.042189 0.990085
1784010411.495014906 8.186843 0.506137 -0.485409 -0.012427 0.133077 0.042112 0.990133
1784010411.501033068 8.195818 0.507001 -0.485457 -0.012722 0.132851 0.042009 0.990164
1784010411.505240917 8.202093 0.507592 -0.485502 -0.012771 0.132720 0.041964 0.990183
1784010411.511050940 8.210767 0.508398 -0.485588 -0.012699 0.132242 0.041973 0.990247
1784010411.515084982 8.216809 0.508943 -0.485653 -0.012397 0.132259 0.042047 0.990245
1784010411.520786047 8.225371 0.509711 -0.485750 -0.011986 0.132948 0.042152 0.990154
1784010411.520786047 8.225371 0.509711 -0.485750 -0.011986 0.132948 0.042152 0.990154
1784010411.520956993 8.225629 0.509735 -0.485753 -0.011975 0.132969 0.042155 0.990151
1784010411.525280952 8.232126 0.510331 -0.485825 -0.011832 0.133315 0.042194 0.990104
1784010411.531016111 8.240738 0.511097 -0.485905 -0.011504 0.133298 0.042240 0.990109
1784010411.535132885 8.246921 0.511631 -0.485947 -0.011321 0.133258 0.042249 0.990116
1784010411.541002035 8.255724 0.512386 -0.485990 -0.011331 0.133014 0.042196 0.990151
1784010411.545332909 8.262207 0.512934 -0.486013 -0.011468 0.132600 0.042086 0.990209
1784010411.551026106 8.270742 0.513638 -0.485996 -0.011786 0.132066 0.041857 0.990287
1784010411.555099964 8.276868 0.514118 -0.485942 -0.011768 0.131967 0.041691 0.990307
1784010411.560920954 8.285630 0.514779 -0.485843 -0.011494 0.131869 0.041463 0.990333
1784010411.565290928 8.292200 0.515262 -0.485799 -0.011456 0.131656 0.041239 0.990371
1784010411.571089983 8.300920 0.515882 -0.485783 -0.011443 0.131522 0.040900 0.990403
1784010411.575186968 8.307089 0.516303 -0.485812 -0.011483 0.131742 0.040622 0.990385
1784010411.580986023 8.315823 0.516883 -0.485940 -0.011684 0.132113 0.040185 0.990351
1784010411.585320950 8.322341 0.517301 -0.486095 -0.011810 0.132268 0.039833 0.990343
1784010411.591012955 8.330888 0.517828 -0.486316 -0.012032 0.132526 0.039326 0.990326
1784010411.595194101 8.337155 0.518187 -0.486457 -0.012111 0.132681 0.038924 0.990320
1784010411.600995064 8.345821 0.518645 -0.486562 -0.011931 0.132543 0.038392 0.990362
1784010411.605154037 8.352021 0.518952 -0.486577 -0.011997 0.132337 0.037930 0.990406
1784010411.610980034 8.360709 0.519346 -0.486514 -0.012039 0.132253 0.037268 0.990442
1784010411.615149975 8.366922 0.519593 -0.486434 -0.011933 0.132254 0.036789 0.990461
1784010411.620587111 8.375007 0.519890 -0.486341 -0.012016 0.132167 0.036115 0.990496
1784010411.620587111 8.375007 0.519890 -0.486341 -0.012016 0.132167 0.036115 0.990496
1784010411.621072054 8.375728 0.519917 -0.486334 -0.012022 0.132160 0.036052 0.990500
1784010411.625693083 8.382599 0.520161 -0.486282 -0.011909 0.132006 0.035476 0.990542
1784010411.631037951 8.390553 0.520414 -0.486276 -0.011721 0.132078 0.034804 0.990559
1784010411.635060072 8.396542 0.520580 -0.486318 -0.011612 0.132293 0.034257 0.990550
1784010411.640976906 8.405339 0.520786 -0.486423 -0.011216 0.132441 0.033464 0.990562
1784010411.645405054 8.411908 0.520911 -0.486523 -0.010932 0.132483 0.032850 0.990580
1784010411.651159048 8.420430 0.521048 -0.486661 -0.010752 0.132435 0.031995 0.990617
1784010411.655205011 8.426412 0.521111 -0.486750 -0.010537 0.132330 0.031381 0.990653
1784010411.661115885 8.435142 0.521162 -0.486846 -0.010072 0.132163 0.030457 0.990709
1784010411.665203094 8.441172 0.521171 -0.486888 -0.009978 0.132145 0.029727 0.990734
1784010411.670974970 8.449671 0.521154 -0.486900 -0.009871 0.132071 0.028662 0.990777
1784010411.675316095 8.456046 0.521110 -0.486878 -0.009761 0.131865 0.027845 0.990828
1784010411.681077003 8.464493 0.521029 -0.486826 -0.009711 0.131589 0.026731 0.990896
1784010411.685184956 8.470519 0.520947 -0.486774 -0.009523 0.131644 0.025948 0.990912
1784010411.690973043 8.479022 0.520818 -0.486685 -0.009207 0.132186 0.024835 0.990871
1784010411.695604086 8.485822 0.520705 -0.486617 -0.009074 0.132691 0.023929 0.990827
1784010411.701003075 8.493727 0.520558 -0.486548 -0.008948 0.132984 0.022864 0.990814
1784010411.705015898 8.499584 0.520433 -0.486510 -0.008863 0.132978 0.022065 0.990834
1784010411.711004972 8.508308 0.520233 -0.486477 -0.008877 0.132786 0.020833 0.990886
1784010411.715482950 8.514819 0.520065 -0.486472 -0.008847 0.132550 0.019914 0.990937
1784010411.720682144 8.522369 0.519851 -0.486489 -0.008818 0.132196 0.018846 0.991005
1784010411.720682144 8.522369 0.519851 -0.486489 -0.008818 0.132196 0.018846 0.991005
1784010411.720989943 8.522816 0.519840 -0.486490 -0.008815 0.132176 0.018781 0.991009
1784010411.725095987 8.528775 0.519685 -0.486514 -0.008792 0.131929 0.017920 0.991058
1784010411.731028080 8.537381 0.519444 -0.486566 -0.008729 0.131646 0.016710 0.991117
1784010411.735505104 8.543879 0.519235 -0.486614 -0.008523 0.131625 0.015851 0.991136
1784010411.740690947 8.551412 0.518977 -0.486668 -0.008268 0.131869 0.014865 0.991121
1784010411.745080948 8.557787 0.518740 -0.486716 -0.008111 0.132120 0.014031 0.991101
1784010411.750977993 8.566338 0.518400 -0.486772 -0.007783 0.132307 0.012901 0.991094
1784010411.755296946 8.572590 0.518128 -0.486803 -0.007600 0.132351 0.012069 0.991100
1784010411.761008024 8.580848 0.517741 -0.486820 -0.007196 0.132287 0.010985 0.991124
1784010411.765280008 8.587019 0.517425 -0.486816 -0.006767 0.132189 0.010197 0.991149
1784010411.771117926 8.595445 0.516991 -0.486799 -0.006344 0.132080 0.009081 0.991177
1784010411.775177956 8.601295 0.516684 -0.486779 -0.006212 0.131980 0.008285 0.991198
1784010411.780978918 8.609648 0.516242 -0.486726 -0.006039 0.131689 0.007138 0.991247
1784010411.785253048 8.615801 0.515907 -0.486677 -0.005986 0.131503 0.006283 0.991278
1784010411.790986061 8.624051 0.515458 -0.486617 -0.005872 0.131245 0.005155 0.991319
1784010411.795552969 8.630619 0.515100 -0.486597 -0.005887 0.131076 0.004249 0.991346
1784010411.801048040 8.638530 0.514681 -0.486624 -0.006045 0.131100 0.003152 0.991346
1784010411.805435896 8.644856 0.514346 -0.486686 -0.006204 0.131323 0.002287 0.991318
1784010411.811028004 8.652922 0.513913 -0.486797 -0.006267 0.131602 0.001206 0.991282
1784010411.814970970 8.658607 0.513587 -0.486879 -0.006021 0.131596 0.000514 0.991285
1784010411.820638180 8.666777 0.513103 -0.486968 -0.005373 0.131500 -0.000409 0.991302
1784010411.820638180 8.666777 0.513103 -0.486968 -0.005373 0.131500 -0.000409 0.991302
1784010411.820925951 8.667192 0.513080 -0.486971 -0.005340 0.131497 -0.000455 0.991302
1784010411.825314045 8.673524 0.512748 -0.487003 -0.004976 0.131546 -0.001130 0.991297
1784010411.830991030 8.681733 0.512359 -0.487001 -0.005135 0.131557 -0.002085 0.991293
1784010411.835406065 8.688142 0.512061 -0.486951 -0.005546 0.131732 -0.002887 0.991266
1784010411.840981960 8.696227 0.511649 -0.486818 -0.005453 0.131961 -0.003803 0.991233
1784010411.845138073 8.702222 0.511324 -0.486701 -0.005186 0.131794 -0.004413 0.991254
1784010411.850970030 8.710633 0.510914 -0.486581 -0.005380 0.131055 -0.005296 0.991346
1784010411.855384111 8.717042 0.510618 -0.486514 -0.005602 0.130748 -0.005927 0.991382
1784010411.861140013 8.725464 0.510217 -0.486422 -0.005286 0.131255 -0.006603 0.991313
1784010411.865129948 8.731294 0.509926 -0.486371 -0.004802 0.131538 -0.006991 0.991275
1784010411.871022940 8.739866 0.509523 -0.486357 -0.004251 0.130979 -0.007554 0.991347
1784010411.875268936 8.746057 0.509252 -0.486385 -0.004066 0.130509 -0.007928 0.991407
1784010411.880964994 8.754405 0.508914 -0.486422 -0.003794 0.130636 -0.008327 0.991388
1784010411.885056973 8.760405 0.508676 -0.486454 -0.003483 0.130674 -0.008539 0.991383
1784010411.890958071 8.769104 0.508363 -0.486504 -0.003223 0.130061 -0.008885 0.991461
1784010411.895354033 8.775662 0.508143 -0.486513 -0.003090 0.130017 -0.009075 0.991465
1784010411.900979042 8.784088 0.507876 -0.486462 -0.002923 0.130652 -0.009293 0.991380
1784010411.905352116 8.790592 0.507667 -0.486421 -0.002746 0.130555 -0.009436 0.991392
1784010411.911021948 8.799015 0.507412 -0.486377 -0.002703 0.129588 -0.009719 0.991517
1784010411.915241957 8.805340 0.507230 -0.486307 -0.002698 0.129806 -0.009895 0.991486
1784010411.920457125 8.813196 0.507026 -0.486183 -0.002571 0.130905 -0.010045 0.991341
1784010411.920457125 8.813196 0.507026 -0.486183 -0.002571 0.130905 -0.010045 0.991341
1784010411.920979023 8.813983 0.507011 -0.486170 -0.002557 0.131015 -0.010060 0.991326
1784010411.925250053 8.820411 0.506907 -0.486091 -0.002556 0.131172 -0.010203 0.991304
1784010411.931015968 8.829059 0.506792 -0.486029 -0.002769 0.130612 -0.010439 0.991375
1784010411.935504913 8.835796 0.506703 -0.485980 -0.002790 0.130657 -0.010572 0.991367
1784010411.940963030 8.843995 0.506598 -0.485911 -0.002506 0.130905 -0.010634 0.991335
1784010411.945205927 8.850361 0.506523 -0.485869 -0.002359 0.130652 -0.010676 0.991368
1784010411.950970888 8.858995 0.506446 -0.485815 -0.002424 0.130101 -0.010731 0.991440
1784010411.955245018 8.865384 0.506386 -0.485766 -0.002341 0.129963 -0.010696 0.991458
1784010411.960967064 8.873929 0.506316 -0.485718 -0.002258 0.129826 -0.010672 0.991477
1784010411.965112925 8.880112 0.506272 -0.485698 -0.002353 0.129707 -0.010686 0.991492
1784010411.970972061 8.888842 0.506223 -0.485673 -0.002615 0.129687 -0.010702 0.991494
1784010411.975270033 8.895230 0.506176 -0.485662 -0.002705 0.129602 -0.010680 0.991505
1784010411.981126070 8.903922 0.506098 -0.485662 -0.002554 0.129315 -0.010668 0.991543
1784010411.985047102 8.909735 0.506027 -0.485669 -0.002461 0.129127 -0.010652 0.991568
1784010411.991023064 8.918582 0.505909 -0.485671 -0.001884 0.129417 -0.010562 0.991532
1784010411.994942904 8.924369 0.505815 -0.485660 -0.001515 0.129611 -0.010494 0.991508
1784010412.000740051 8.932908 0.505684 -0.485627 -0.001208 0.129292 -0.010472 0.991551
1784010412.005052090 8.939239 0.505589 -0.485592 -0.000987 0.129057 -0.010449 0.991582
1784010412.010936975 8.947847 0.505475 -0.485539 -0.001133 0.129048 -0.010539 0.991582
1784010412.015183926 8.954019 0.505392 -0.485505 -0.001322 0.128862 -0.010628 0.991605
1784010412.020560980 8.961793 0.505300 -0.485474 -0.001558 0.128558 -0.010789 0.991642
1784010412.020560980 8.961793 0.505300 -0.485474 -0.001558 0.128558 -0.010789 0.991642
1784010412.020986080 8.962408 0.505295 -0.485473 -0.001582 0.128535 -0.010797 0.991645
1784010412.025173903 8.968459 0.505252 -0.485462 -0.001827 0.128317 -0.010875 0.991672
1784010412.030966997 8.976800 0.505201 -0.485478 -0.002293 0.128697 -0.010983 0.991621
1784010412.035696030 8.983560 0.505147 -0.485521 -0.002423 0.128913 -0.011064 0.991591
1784010412.040699005 8.990647 0.505069 -0.485571 -0.002194 0.128864 -0.011087 0.991598
1784010412.045425892 8.997305 0.504985 -0.485604 -0.001838 0.128724 -0.011066 0.991617
1784010412.051054955 9.005241 0.504904 -0.485621 -0.001615 0.128792 -0.011023 0.991609
1784010412.055058956 9.010899 0.504866 -0.485619 -0.001451 0.128839 -0.010995 0.991604
1784010412.060946941 9.019198 0.504815 -0.485574 -0.001865 0.129240 -0.011045 0.991550
1784010412.065279961 9.025259 0.504761 -0.485501 -0.002163 0.129535 -0.011085 0.991511
1784010412.071012020 9.033236 0.504685 -0.485384 -0.002518 0.129171 -0.011138 0.991557
1784010412.075181007 9.039008 0.504631 -0.485304 -0.002770 0.128905 -0.011178 0.991590
1784010412.080955029 9.046993 0.504561 -0.485211 -0.003133 0.129005 -0.011190 0.991576
1784010412.085264921 9.052953 0.504505 -0.485166 -0.003398 0.129079 -0.011202 0.991565
1784010412.090946913 9.060786 0.504424 -0.485127 -0.003070 0.129219 -0.011096 0.991549
1784010412.095062971 9.066424 0.504349 -0.485109 -0.002827 0.129320 -0.011022 0.991538
1784010412.100922108 9.074423 0.504240 -0.485105 -0.002596 0.129103 -0.010901 0.991568
1784010412.104978085 9.079947 0.504163 -0.485121 -0.002430 0.128952 -0.010820 0.991589
1784010412.111102104 9.088283 0.504044 -0.485162 -0.002360 0.128854 -0.010721 0.991603
1784010412.115051031 9.093653 0.503956 -0.485197 -0.002307 0.128790 -0.010660 0.991612
1784010412.120844126 9.101521 0.503823 -0.485238 -0.002212 0.128917 -0.010561 0.991597
1784010412.120844126 9.101521 0.503823 -0.485238 -0.002212 0.128917 -0.010561 0.991597
1784010412.120934010 9.101644 0.503821 -0.485238 -0.002210 0.128918 -0.010559 0.991597
1784010412.125370979 9.107676 0.503738 -0.485250 -0.002125 0.128985 -0.010484 0.991589
1784010412.130970955 9.115273 0.503634 -0.485234 -0.002080 0.128784 -0.010390 0.991616
1784010412.135147095 9.120922 0.503556 -0.485195 -0.002042 0.128639 -0.010323 0.991636
1784010412.140954018 9.128768 0.503452 -0.485101 -0.001971 0.128856 -0.010219 0.991609
1784010412.145217896 9.134523 0.503373 -0.485002 -0.001915 0.129020 -0.010146 0.991588
1784010412.151015043 9.142340 0.503276 -0.484858 -0.002083 0.129184 -0.010102 0.991567
1784010412.155392885 9.148229 0.503210 -0.484758 -0.002206 0.129313 -0.010071 0.991550
1784010412.161096096 9.155894 0.503131 -0.484654 -0.002307 0.129443 -0.010046 0.991533
1784010412.165190935 9.161392 0.503072 -0.484603 -0.002374 0.129542 -0.010031 0.991520
1784010412.170948982 9.169120 0.502991 -0.484557 -0.002559 0.129513 -0.010056 0.991523
1784010412.175318003 9.174977 0.502925 -0.484538 -0.002694 0.129496 -0.010078 0.991525
1784010412.181157112 9.182826 0.502842 -0.484519 -0.002685 0.129354 -0.010007 0.991544
1784010412.185180902 9.188257 0.502787 -0.484505 -0.002673 0.129262 -0.009961 0.991557
1784010412.190993071 9.196129 0.502720 -0.484500 -0.002572 0.128742 -0.009780 0.991627
1784010412.195276976 9.201941 0.502677 -0.484516 -0.002493 0.128364 -0.009649 0.991677
1784010412.201009035 9.209737 0.502628 -0.484535 -0.002835 0.128625 -0.009516 0.991644
1784010412.205285072 9.215564 0.502591 -0.484533 -0.003085 0.128825 -0.009420 0.991618
1784010412.210783958 9.223065 0.502545 -0.484535 -0.003286 0.128997 -0.009230 0.991597
1784010412.215250015 9.229161 0.502503 -0.484553 -0.003486 0.128824 -0.009105 0.991619
1784010412.220859051 9.236844 0.502439 -0.484577 -0.003249 0.129248 -0.008885 0.991567
1784010412.220859051 9.236844 0.502439 -0.484577 -0.003249 0.129248 -0.008885 0.991567
1784010412.220915079 9.236922 0.502439 -0.484577 -0.003246 0.129251 -0.008883 0.991567
1784010412.225372076 9.243076 0.502404 -0.484588 -0.003025 0.129591 -0.008733 0.991524
1784010412.230938911 9.250775 0.502360 -0.484614 -0.002718 0.129834 -0.008551 0.991495
1784010412.235397100 9.256948 0.502323 -0.484642 -0.002548 0.129828 -0.008420 0.991497
1784010412.240541935 9.264087 0.502276 -0.484666 -0.002194 0.129858 -0.008224 0.991496
1784010412.245148897 9.270488 0.502237 -0.484687 -0.002052 0.129850 -0.008087 0.991499
1784010412.251080990 9.278731 0.502208 -0.484720 -0.002147 0.129599 -0.007994 0.991532
1784010412.255129099 9.284358 0.502195 -0.484740 -0.002401 0.129412 -0.007960 0.991556
1784010412.260940075 9.292460 0.502187 -0.484757 -0.002862 0.129301 -0.007946 0.991569
1784010412.265280962 9.298527 0.502177 -0.484770 -0.003067 0.129283 -0.007919 0.991571
1784010412.270935059 9.306448 0.502170 -0.484816 -0.003351 0.129434 -0.007897 0.991551
1784010412.275235891 9.312470 0.502166 -0.484881 -0.003623 0.129707 -0.007888 0.991514
1784010412.280992031 9.320527 0.502160 -0.485002 -0.003921 0.129882 -0.007883 0.991490
1784010412.285075903 9.326249 0.502142 -0.485093 -0.003955 0.129975 -0.007844 0.991478
1784010412.290966988 9.334515 0.502097 -0.485192 -0.003592 0.130361 -0.007709 0.991430
1784010412.295249939 9.340503 0.502055 -0.485248 -0.003246 0.130610 -0.007562 0.991400
1784010412.300942898 9.348435 0.502030 -0.485317 -0.003290 0.130638 -0.007458 0.991397
1784010412.305510998 9.354792 0.502031 -0.485345 -0.003767 0.130764 -0.007451 0.991378
1784010412.310910940 9.362302 0.502024 -0.485314 -0.004182 0.131131 -0.007408 0.991329
1784010412.315259933 9.368331 0.501999 -0.485254 -0.004191 0.131132 -0.007335 0.991329
1784010412.320665121 9.375815 0.501981 -0.485192 -0.004360 0.130786 -0.007250 0.991374
1784010412.320665121 9.375815 0.501981 -0.485192 -0.004360 0.130786 -0.007250 0.991374
1784010412.320995092 9.376272 0.501983 -0.485189 -0.004371 0.130766 -0.007245 0.991377
1784010412.325289011 9.382228 0.502024 -0.485158 -0.004646 0.130576 -0.007166 0.991402
1784010412.330959082 9.390102 0.502079 -0.485158 -0.004893 0.130686 -0.007022 0.991387
1784010412.335220098 9.396024 0.502102 -0.485183 -0.004806 0.130939 -0.006897 0.991355
1784010412.340940952 9.403961 0.502123 -0.485233 -0.004424 0.131206 -0.006660 0.991323
1784010412.345390081 9.410110 0.502138 -0.485294 -0.004204 0.131142 -0.006459 0.991334
1784010412.350826025 9.417606 0.502170 -0.485392 -0.004189 0.130763 -0.006244 0.991385
1784010412.355047941 9.423445 0.502188 -0.485469 -0.004153 0.130510 -0.006075 0.991420
1784010412.360739946 9.431374 0.502200 -0.485548 -0.003919 0.130780 -0.005830 0.991386
1784010412.365171909 9.437555 0.502201 -0.485598 -0.003694 0.131166 -0.005644 0.991337
1784010412.371025085 9.445668 0.502216 -0.485679 -0.003552 0.131076 -0.005416 0.991351
1784010412.375125885 9.451332 0.502231 -0.485737 -0.003617 0.130855 -0.005277 0.991381
1784010412.380975962 9.459429 0.502251 -0.485766 -0.003670 0.131019 -0.005080 0.991360
1784010412.385273933 9.465381 0.502252 -0.485752 -0.003508 0.131326 -0.004911 0.991321
1784010412.391040087 9.473355 0.502269 -0.485712 -0.003499 0.131436 -0.004769 0.991307
1784010412.394989967 9.478820 0.502290 -0.485675 -0.003625 0.131449 -0.004680 0.991305
1784010412.401021004 9.487198 0.502335 -0.485605 -0.003805 0.131755 -0.004546 0.991265
1784010412.405675888 9.493675 0.502364 -0.485564 -0.003862 0.132072 -0.004444 0.991223
1784010412.410727024 9.500686 0.502398 -0.485564 -0.003918 0.132107 -0.004341 0.991218
1784010412.415508032 9.507310 0.502436 -0.485606 -0.004070 0.132036 -0.004253 0.991227
1784010412.420720100 9.514537 0.502486 -0.485674 -0.004248 0.132051 -0.004149 0.991225
1784010412.420720100 9.514537 0.502486 -0.485674 -0.004248 0.132051 -0.004149 0.991225
1784010412.420924902 9.514820 0.502490 -0.485677 -0.004256 0.132052 -0.004144 0.991225
1784010412.425066948 9.520560 0.502564 -0.485730 -0.004318 0.132014 -0.004001 0.991230
1784010412.431025028 9.528819 0.502668 -0.485798 -0.004197 0.131677 -0.003745 0.991277
1784010412.435548067 9.535105 0.502746 -0.485835 -0.004106 0.131541 -0.003517 0.991296
1784010412.440939903 9.542608 0.502854 -0.485866 -0.004223 0.131614 -0.003277 0.991287
1784010412.445182085 9.548510 0.502941 -0.485886 -0.004363 0.131609 -0.003093 0.991287
1784010412.450948954 9.556542 0.503067 -0.485909 -0.004690 0.131500 -0.002878 0.991301
1784010412.455210924 9.562493 0.503152 -0.485919 -0.004888 0.131600 -0.002729 0.991287
1784010412.460946083 9.570505 0.503258 -0.485931 -0.004852 0.131798 -0.002494 0.991262
1784010412.465135098 9.576354 0.503326 -0.485953 -0.004743 0.131854 -0.002316 0.991255
1784010412.470937014 9.584461 0.503426 -0.485991 -0.004567 0.131922 -0.002061 0.991247
1784010412.475225925 9.590464 0.503493 -0.486020 -0.004343 0.132052 -0.001858 0.991232
1784010412.481004000 9.598548 0.503588 -0.486061 -0.003998 0.132101 -0.001571 0.991227
1784010412.485188961 9.604393 0.503660 -0.486095 -0.003962 0.131951 -0.001426 0.991247
1784010412.490933895 9.612413 0.503779 -0.486130 -0.004169 0.131682 -0.001292 0.991282
1784010412.495091915 9.618223 0.503870 -0.486143 -0.004513 0.131490 -0.001238 0.991307
1784010412.500936031 9.626396 0.504002 -0.486149 -0.004871 0.131178 -0.001170 0.991346
1784010412.504939079 9.632000 0.504089 -0.486157 -0.005107 0.131050 -0.001142 0.991362
1784010412.511009932 9.640508 0.504242 -0.486203 -0.005546 0.131126 -0.001101 0.991350
1784010412.515413046 9.646690 0.504356 -0.486272 -0.005941 0.131319 -0.001096 0.991322
1784010412.520493984 9.653832 0.504480 -0.486371 -0.006227 0.131559 -0.001087 0.991288
1784010412.520493984 9.653832 0.504480 -0.486371 -0.006227 0.131559 -0.001087 0.991288
1784010412.520989895 9.654530 0.504494 -0.486381 -0.006254 0.131584 -0.001086 0.991285
1784010412.525249958 9.660528 0.504609 -0.486454 -0.006061 0.131771 -0.000996 0.991261
1784010412.530947924 9.668537 0.504753 -0.486535 -0.005574 0.131954 -0.000830 0.991240
1784010412.535370111 9.674736 0.504872 -0.486590 -0.005383 0.131999 -0.000701 0.991235
1784010412.541064024 9.682729 0.505068 -0.486628 -0.005712 0.132082 -0.000616 0.991222
1784010412.545357943 9.688776 0.505228 -0.486612 -0.006213 0.132338 -0.000604 0.991185
1784010412.550911903 9.696587 0.505414 -0.486523 -0.006372 0.132625 -0.000520 0.991146
1784010412.555289030 9.702709 0.505548 -0.486436 -0.006349 0.132440 -0.000416 0.991171
1784010412.560973883 9.710644 0.505754 -0.486366 -0.006784 0.131810 -0.000325 0.991252
1784010412.565192938 9.716550 0.505915 -0.486347 -0.007212 0.131526 -0.000266 0.991286
1784010412.571063995 9.724815 0.506116 -0.486337 -0.007270 0.131824 -0.000111 0.991246
1784010412.575099945 9.730505 0.506228 -0.486345 -0.006981 0.132113 0.000037 0.991210
1784010412.580955982 9.738726 0.506385 -0.486398 -0.006591 0.131968 0.000233 0.991232
1784010412.585077047 9.744494 0.506493 -0.486469 -0.006446 0.131588 0.000357 0.991283
1784010412.590948105 9.752730 0.506656 -0.486587 -0.006391 0.131291 0.000536 0.991323
1784010412.595144987 9.758636 0.506762 -0.486675 -0.006236 0.131287 0.000689 0.991324
1784010412.600981951 9.766864 0.506906 -0.486782 -0.005889 0.131519 0.000893 0.991296
1784010412.604938030 9.772428 0.507004 -0.486840 -0.005797 0.131606 0.001010 0.991285
1784010412.610956907 9.780890 0.507175 -0.486885 -0.006011 0.131208 0.001154 0.991336
1784010412.614974022 9.786570 0.507283 -0.486873 -0.006122 0.130901 0.001261 0.991376
1784010412.620789051 9.794841 0.507424 -0.486784 -0.005915 0.131169 0.001436 0.991341
1784010412.620789051 9.794841 0.507424 -0.486784 -0.005915 0.131169 0.001436 0.991341
1784010412.620945930 9.795064 0.507428 -0.486780 -0.005909 0.131175 0.001440 0.991341
1784010412.625128031 9.801008 0.507545 -0.486689 -0.005761 0.131427 0.001545 0.991308
1784010412.630978107 9.809300 0.507728 -0.486592 -0.005925 0.131021 0.001590 0.991361
1784010412.635600090 9.815900 0.507884 -0.486515 -0.006089 0.130822 0.001638 0.991386
1784010412.640880108 9.823535 0.508066 -0.486414 -0.006188 0.131573 0.001715 0.991286
1784010412.645411015 9.830088 0.508215 -0.486354 -0.006142 0.132230 0.001809 0.991198
1784010412.650940895 9.838010 0.508405 -0.486360 -0.006163 0.131521 0.001878 0.991292
1784010412.655060053 9.843918 0.508558 -0.486393 -0.006430 0.130814 0.001912 0.991384
1784010412.660931110 9.852426 0.508778 -0.486396 -0.006696 0.130993 0.002005 0.991359
1784010412.665143013 9.858537 0.508920 -0.486372 -0.006424 0.131308 0.002227 0.991318
1784010412.670921087 9.866881 0.509131 -0.486387 -0.006220 0.130364 0.002454 0.991444
1784010412.675309896 9.873244 0.509315 -0.486415 -0.006485 0.129790 0.002580 0.991517
1784010412.680937052 9.881462 0.509562 -0.486409 -0.006739 0.130216 0.002800 0.991459
1784010412.685148001 9.887617 0.509740 -0.486408 -0.006739 0.130541 0.003024 0.991415
1784010412.690975904 9.896125 0.509989 -0.486454 -0.006929 0.130030 0.003198 0.991481
1784010412.695314884 9.902473 0.510174 -0.486491 -0.007015 0.129977 0.003340 0.991487
1784010412.700963020 9.910760 0.510405 -0.486511 -0.006780 0.130472 0.003639 0.991422
1784010412.704983950 9.916659 0.510563 -0.486534 -0.006473 0.130501 0.003873 0.991420
1784010412.710953951 9.925421 0.510810 -0.486559 -0.006110 0.130094 0.004192 0.991474
1784010412.715044022 9.931424 0.510992 -0.486555 -0.006044 0.130151 0.004394 0.991466
1784010412.720810175 9.939867 0.511264 -0.486526 -0.006265 0.130114 0.004623 0.991468
1784010412.720810175 9.939867 0.511264 -0.486526 -0.006265 0.130114 0.004623 0.991468
1784010412.720988035 9.940127 0.511271 -0.486524 -0.006273 0.130114 0.004631 0.991468
1784010412.725383043 9.946540 0.511468 -0.486499 -0.006497 0.129657 0.004760 0.991526
1784010412.730927944 9.954636 0.511717 -0.486462 -0.006974 0.129232 0.004866 0.991578
1784010412.735621929 9.961492 0.511929 -0.486435 -0.007319 0.129266 0.004963 0.991571
1784010412.740679979 9.968869 0.512161 -0.486459 -0.007673 0.129227 0.005063 0.991572
1784010412.745110989 9.975331 0.512368 -0.486528 -0.008102 0.129242 0.005090 0.991567
1784010412.750997066 9.983923 0.512614 -0.486634 -0.008334 0.129774 0.005161 0.991495
1784010412.755347013 9.990261 0.512767 -0.486707 -0.007996 0.130107 0.005320 0.991453
1784010412.760910034 9.998326 0.512953 -0.486796 -0.007524 0.129976 0.005527 0.991473
1784010412.765280962 10.004648 0.513119 -0.486845 -0.007526 0.129906 0.005645 0.991482
1784010412.770730019 10.012528 0.513347 -0.486841 -0.008043 0.130193 0.005721 0.991440
1784010412.775115967 10.018859 0.513525 -0.486778 -0.008320 0.130371 0.005765 0.991414
1784010412.780952930 10.027247 0.513741 -0.486641 -0.008308 0.130185 0.005886 0.991437
1784010412.785020113 10.033069 0.513897 -0.486538 -0.008419 0.129935 0.005976 0.991469
1784010412.790945053 10.041541 0.514139 -0.486437 -0.008887 0.129587 0.006096 0.991510
1784010412.795382023 10.047890 0.514314 -0.486406 -0.009068 0.129489 0.006202 0.991520
1784010412.800894976 10.055784 0.514503 -0.486407 -0.008880 0.129750 0.006369 0.991487
1784010412.805361986 10.062171 0.514642 -0.486440 -0.008565 0.129969 0.006544 0.991459
1784010412.810950041 10.070128 0.514819 -0.486539 -0.008282 0.129845 0.006762 0.991477
1784010412.815049887 10.075948 0.514958 -0.486647 -0.008275 0.129592 0.006901 0.991509
1784010412.820465088 10.083634 0.515132 -0.486793 -0.008226 0.129467 0.007101 0.991524
1784010412.820465088 10.083634 0.515132 -0.486793 -0.008226 0.129467 0.007101 0.991524
1784010412.820982933 10.084371 0.515149 -0.486806 -0.008219 0.129456 0.007122 0.991526
1784010412.825341940 10.090580 0.515292 -0.486896 -0.007928 0.129585 0.007319 0.991510
1784010412.830957890 10.098567 0.515484 -0.486977 -0.007636 0.129737 0.007539 0.991490
1784010412.835254908 10.104656 0.515642 -0.487011 -0.007715 0.129647 0.007660 0.991501
1784010412.840930939 10.112686 0.515856 -0.486996 -0.007879 0.129392 0.007822 0.991531
1784010412.845427036 10.119040 0.516015 -0.486938 -0.007829 0.129216 0.007964 0.991554
1784010412.850739956 10.126553 0.516202 -0.486837 -0.007671 0.129200 0.008135 0.991556
1784010412.855106115 10.132735 0.516365 -0.486745 -0.007690 0.129328 0.008232 0.991538
1784010412.860929966 10.141021 0.516603 -0.486630 -0.007853 0.129616 0.008354 0.991498
1784010412.865277052 10.147222 0.516778 -0.486554 -0.007973 0.129999 0.008424 0.991446
1784010412.870954990 10.155313 0.517007 -0.486491 -0.007887 0.130130 0.008564 0.991429
1784010412.875107050 10.161237 0.517180 -0.486488 -0.007985 0.129916 0.008643 0.991455
1784010412.880899906 10.169546 0.517436 -0.486506 -0.008224 0.129966 0.008752 0.991446
1784010412.885242939 10.175770 0.517621 -0.486524 -0.008154 0.130102 0.008910 0.991427
1784010412.891103029 10.184170 0.517885 -0.486560 -0.008165 0.129366 0.009121 0.991521
1784010412.895366907 10.190349 0.518083 -0.486580 -0.008348 0.128662 0.009228 0.991610
1784010412.900868893 10.198456 0.518335 -0.486571 -0.008265 0.129025 0.009461 0.991562
1784010412.905374050 10.205110 0.518544 -0.486563 -0.008059 0.129613 0.009733 0.991484
1784010412.910948038 10.213295 0.518825 -0.486630 -0.008234 0.128998 0.009989 0.991560
1784010412.915450096 10.219933 0.519057 -0.486718 -0.008435 0.128541 0.010165 0.991616
1784010412.920433044 10.227348 0.519312 -0.486770 -0.008294 0.129439 0.010429 0.991498
1784010412.920433044 10.227348 0.519312 -0.486770 -0.008294 0.129439 0.010429 0.991498
1784010412.920782089 10.227871 0.519332 -0.486770 -0.008286 0.129502 0.010449 0.991489
1784010412.925019979 10.234220 0.519580 -0.486782 -0.007911 0.130249 0.010777 0.991391
1784010412.930958033 10.243087 0.519946 -0.486832 -0.007629 0.129759 0.011188 0.991453
1784010412.935344934 10.249621 0.520232 -0.486861 -0.007447 0.129452 0.011480 0.991491
1784010412.940838099 10.257799 0.520611 -0.486849 -0.007540 0.129826 0.011849 0.991437
1784010412.945106030 10.264123 0.520910 -0.486825 -0.007523 0.129832 0.012119 0.991433
1784010412.950903893 10.272693 0.521343 -0.486779 -0.007859 0.129162 0.012393 0.991515
1784010412.955069065 10.278846 0.521660 -0.486730 -0.008278 0.129047 0.012550 0.991524
1784010412.960903883 10.287463 0.522097 -0.486657 -0.008527 0.129074 0.012800 0.991516
1784010412.965199947 10.293793 0.522413 -0.486649 -0.008828 0.128900 0.012909 0.991534
1784010412.970899105 10.302205 0.522834 -0.486690 -0.009413 0.128858 0.012990 0.991533
1784010412.975235939 10.308610 0.523134 -0.486740 -0.009496 0.129249 0.013102 0.991480
1784010412.981069088 10.317202 0.523507 -0.486830 -0.009104 0.129525 0.013348 0.991444
1784010412.985174894 10.323218 0.523757 -0.486904 -0.008766 0.129391 0.013524 0.991463
1784010412.990900040 10.331606 0.524134 -0.486966 -0.008788 0.129577 0.013692 0.991436
1784010412.995069981 10.337713 0.524421 -0.486973 -0.009117 0.129974 0.013769 0.991380
1784010413.000984907 10.346356 0.524817 -0.486908 -0.009291 0.130227 0.013896 0.991343
1784010413.005136967 10.352393 0.525077 -0.486824 -0.009279 0.130173 0.013995 0.991349
1784010413.010979891 10.360862 0.525455 -0.486700 -0.009386 0.129977 0.014164 0.991371
1784010413.015496016 10.367385 0.525753 -0.486640 -0.009659 0.129782 0.014268 0.991393
1784010413.020688057 10.374863 0.526084 -0.486620 -0.009768 0.129837 0.014406 0.991383
1784010413.020728111 10.374921 0.526087 -0.486620 -0.009766 0.129839 0.014408 0.991382
1784010413.020728111 10.374921 0.526087 -0.486620 -0.009766 0.129839 0.014408 0.991382
1784010413.025015116 10.381111 0.526377 -0.486588 -0.009507 0.130145 0.014523 0.991343
1784010413.030920029 10.389590 0.526774 -0.486564 -0.009033 0.130297 0.014710 0.991325
1784010413.035438061 10.396049 0.527080 -0.486572 -0.008771 0.130057 0.014843 0.991357
1784010413.040868998 10.403810 0.527460 -0.486592 -0.008662 0.129791 0.014991 0.991390
1784010413.045260906 10.410073 0.527761 -0.486611 -0.008547 0.129709 0.015130 0.991400
1784010413.050867081 10.418052 0.528133 -0.486636 -0.008243 0.129492 0.015304 0.991428
1784010413.055306911 10.424345 0.528424 -0.486656 -0.008107 0.129423 0.015418 0.991436
1784010413.060942888 10.432302 0.528810 -0.486652 -0.008156 0.129441 0.015542 0.991432
1784010413.064955950 10.437946 0.529086 -0.486630 -0.008234 0.129398 0.015642 0.991435
1784010413.070904016 10.446310 0.529493 -0.486538 -0.008181 0.129340 0.015814 0.991440
1784010413.075131893 10.452245 0.529771 -0.486439 -0.008001 0.129539 0.015950 0.991414
1784010413.080941916 10.460390 0.530165 -0.486282 -0.007862 0.129935 0.016099 0.991361
1784010413.085088968 10.466182 0.530449 -0.486177 -0.007826 0.130117 0.016197 0.991335
1784010413.090890884 10.474270 0.530857 -0.486039 -0.007885 0.130350 0.016286 0.991303
1784010413.095144987 10.480180 0.531151 -0.485959 -0.007891 0.130499 0.016351 0.991282
1784010413.100913048 10.488171 0.531558 -0.485881 -0.007936 0.130490 0.016418 0.991282
1784010413.104918003 10.493695 0.531839 -0.485854 -0.007982 0.130311 0.016463 0.991304
1784010413.110933065 10.501985 0.532270 -0.485834 -0.008074 0.130002 0.016528 0.991343
1784010413.115437984 10.508176 0.532588 -0.485840 -0.008151 0.129799 0.016590 0.991368
1784010413.120779991 10.515507 0.532965 -0.485859 -0.008129 0.129552 0.016713 0.991398
1784010413.120779991 10.515507 0.532965 -0.485859 -0.008129 0.129552 0.016713 0.991398
1784010413.120920897 10.515702 0.532976 -0.485859 -0.008128 0.129544 0.016717 0.991399
1784010413.125125885 10.521511 0.533302 -0.485869 -0.008113 0.129400 0.016847 0.991416
1784010413.130918026 10.529516 0.533756 -0.485876 -0.008085 0.129399 0.017047 0.991413
1784010413.135305882 10.535571 0.534094 -0.485874 -0.008050 0.129522 0.017211 0.991395
1784010413.140917063 10.543310 0.534521 -0.485862 -0.007945 0.129715 0.017425 0.991366
1784010413.145174980 10.549168 0.534837 -0.485846 -0.007851 0.129872 0.017580 0.991344
1784010413.150890112 10.557017 0.535251 -0.485815 -0.007672 0.129937 0.017793 0.991333
1784010413.155247927 10.562982 0.535553 -0.485785 -0.007416 0.129882 0.017963 0.991339
1784010413.160886049 10.570694 0.535940 -0.485744 -0.007041 0.129831 0.018176 0.991344
1784010413.165122032 10.576474 0.536229 -0.485714 -0.006844 0.129819 0.018314 0.991345
1784010413.170881987 10.584323 0.536634 -0.485664 -0.006767 0.129712 0.018448 0.991357
1784010413.175267935 10.590278 0.536945 -0.485611 -0.006804 0.129509 0.018525 0.991382
1784010413.181046009 10.598112 0.537360 -0.485524 -0.006878 0.129166 0.018610 0.991424
1784010413.185043097 10.603521 0.537645 -0.485459 -0.006887 0.128978 0.018665 0.991448
1784010413.190946102 10.611518 0.538084 -0.485383 -0.006930 0.128918 0.018742 0.991454
1784010413.195276976 10.617384 0.538416 -0.485358 -0.007164 0.129054 0.018761 0.991434
1784010413.200881004 10.624989 0.538857 -0.485373 -0.007465 0.129277 0.018784 0.991402
1784010413.204907894 10.630458 0.539170 -0.485414 -0.007649 0.129477 0.018787 0.991375
1784010413.210985899 10.638716 0.539627 -0.485495 -0.007590 0.129780 0.018862 0.991334
1784010413.215046883 10.644213 0.539915 -0.485547 -0.007264 0.129782 0.018980 0.991334
1784010413.220520973 10.651627 0.540320 -0.485592 -0.006946 0.129678 0.019136 0.991347
1784010413.220520973 10.651627 0.540320 -0.485592 -0.006946 0.129678 0.019136 0.991347
1784010413.220930099 10.652186 0.540353 -0.485594 -0.006925 0.129673 0.019148 0.991348
1784010413.225066900 10.657857 0.540704 -0.485580 -0.007018 0.129794 0.019247 0.991329
1784010413.230906963 10.665909 0.541225 -0.485487 -0.007442 0.130044 0.019356 0.991291
1784010413.235539913 10.672314 0.541636 -0.485363 -0.007655 0.130218 0.019463 0.991265
1784010413.240562916 10.679250 0.542075 -0.485204 -0.007732 0.130243 0.019591 0.991258
1784010413.245364904 10.685858 0.542500 -0.485064 -0.007918 0.129874 0.019739 0.991302
1784010413.251064062 10.693755 0.543017 -0.484940 -0.008345 0.129086 0.019891 0.991399
1784010413.255054951 10.699354 0.543374 -0.484878 -0.008444 0.129244 0.020036 0.991374
1784010413.260885954 10.707594 0.543881 -0.484815 -0.008047 0.130363 0.020363 0.991225
1784010413.265360117 10.713880 0.544256 -0.484821 -0.007614 0.130547 0.020625 0.991198
1784010413.270679951 10.721347 0.544706 -0.484890 -0.007277 0.129998 0.020905 0.991267
1784010413.275176048 10.727681 0.545094 -0.484960 -0.007047 0.130014 0.021151 0.991261
1784010413.280881882 10.735756 0.545599 -0.485054 -0.006789 0.130449 0.021520 0.991198
1784010413.285173893 10.741835 0.545981 -0.485137 -0.006657 0.130433 0.021780 0.991196
1784010413.290913105 10.749998 0.546502 -0.485204 -0.006554 0.130403 0.022086 0.991193
1784010413.295027018 10.755868 0.546881 -0.485204 -0.006478 0.130377 0.022305 0.991192
1784010413.300869942 10.764218 0.547420 -0.485158 -0.006528 0.130420 0.022570 0.991180
1784010413.305249929 10.770464 0.547813 -0.485105 -0.006570 0.129995 0.022736 0.991232
1784010413.310873985 10.778529 0.548313 -0.484998 -0.006580 0.129933 0.022942 0.991236
1784010413.314848900 10.784263 0.548659 -0.484894 -0.006584 0.129885 0.023087 0.991238
1784010413.320458174 10.792381 0.549144 -0.484747 -0.006479 0.130456 0.023246 0.991160
1784010413.320458174 10.792381 0.549144 -0.484747 -0.006479 0.130456 0.023246 0.991160
1784010413.320655107 10.792670 0.549162 -0.484743 -0.006474 0.130475 0.023253 0.991158
1784010413.325149059 10.799235 0.549566 -0.484642 -0.006367 0.130912 0.023393 0.991098
1784010413.330873966 10.807605 0.550073 -0.484533 -0.006343 0.131199 0.023507 0.991057
1784010413.335581064 10.814475 0.550484 -0.484467 -0.006285 0.131411 0.023604 0.991027
1784010413.340689898 10.821916 0.550932 -0.484435 -0.006315 0.131139 0.023685 0.991061
1784010413.345124006 10.828361 0.551326 -0.484440 -0.006342 0.130904 0.023755 0.991090
1784010413.350723982 10.836501 0.551827 -0.484459 -0.006422 0.130989 0.023872 0.991076
1784010413.355142117 10.842915 0.552217 -0.484467 -0.006486 0.131057 0.023962 0.991064
1784010413.360925913 10.851303 0.552735 -0.484489 -0.006389 0.130644 0.024167 0.991114
1784010413.365185022 10.857452 0.553122 -0.484528 -0.006320 0.130339 0.024316 0.991151
1784010413.370901108 10.865708 0.553652 -0.484582 -0.006309 0.130840 0.024557 0.991079
1784010413.375214100 10.871940 0.554055 -0.484610 -0.006302 0.131218 0.024737 0.991025
1784010413.380920887 10.880184 0.554591 -0.484632 -0.006167 0.131254 0.024976 0.991015
1784010413.385010004 10.886061 0.554970 -0.484643 -0.006072 0.131280 0.025144 0.991008
1784010413.390896082 10.894518 0.555507 -0.484641 -0.005786 0.131312 0.025412 0.990998
1784010413.395204067 10.900695 0.555886 -0.484626 -0.005579 0.131335 0.025606 0.990992
1784010413.400958061 10.908945 0.556397 -0.484588 -0.005558 0.131149 0.025795 0.991011
1784010413.405262947 10.915101 0.556788 -0.484548 -0.005544 0.131010 0.025935 0.991026
1784010413.410861969 10.923105 0.557303 -0.484481 -0.005611 0.130836 0.026094 0.991045
1784010413.415205002 10.929298 0.557698 -0.484417 -0.005665 0.130701 0.026216 0.991059
1784010413.420803070 10.937292 0.558216 -0.484337 -0.005743 0.130494 0.026359 0.991082
1784010413.420803070 10.937292 0.558216 -0.484337 -0.005743 0.130494 0.026359 0.991082
1784010413.420875072 10.937396 0.558224 -0.484336 -0.005744 0.130491 0.026360 0.991082
1784010413.424977064 10.943317 0.558649 -0.484287 -0.005816 0.130324 0.026447 0.991102
1784010413.430949926 10.951952 0.559283 -0.484261 -0.006298 0.130546 0.026498 0.991068
1784010413.435408115 10.958392 0.559754 -0.484293 -0.006656 0.130715 0.026537 0.991042
1784010413.440710068 10.966054 0.560310 -0.484371 -0.006804 0.130975 0.026617 0.991005
1784010413.445072889 10.972353 0.560754 -0.484459 -0.006925 0.131191 0.026683 0.990974
1784010413.450892925 10.980755 0.561353 -0.484566 -0.006779 0.131109 0.026857 0.990981
1784010413.455074072 10.986777 0.561789 -0.484617 -0.006672 0.131053 0.026984 0.990986
1784010413.460733891 10.994925 0.562404 -0.484629 -0.006982 0.131164 0.027132 0.990965
1784010413.465086937 11.001183 0.562889 -0.484582 -0.007219 0.131253 0.027247 0.990948
1784010413.470947981 11.009605 0.563553 -0.484468 -0.007309 0.131188 0.027419 0.990951
1784010413.475290060 11.015827 0.564042 -0.484361 -0.007374 0.131143 0.027547 0.990953
1784010413.480740070 11.023631 0.564670 -0.484224 -0.007630 0.130921 0.027703 0.990976
1784010413.485105991 11.029875 0.565175 -0.484139 -0.007917 0.130672 0.027835 0.991003
1784010413.490910053 11.038199 0.565841 -0.484081 -0.007776 0.130872 0.028074 0.990971
1784010413.494973898 11.044040 0.566293 -0.484079 -0.007677 0.131016 0.028243 0.990948
1784010413.500886917 11.052553 0.566951 -0.484122 -0.007320 0.131314 0.028537 0.990903
1784010413.505126953 11.058638 0.567424 -0.484180 -0.007028 0.131335 0.028774 0.990895
1784010413.510894060 11.066896 0.568105 -0.484286 -0.006957 0.130966 0.029126 0.990935
1784010413.515415907 11.073384 0.568653 -0.484369 -0.007014 0.130547 0.029409 0.990981
1784010413.520639181 11.080937 0.569287 -0.484428 -0.006780 0.130584 0.029812 0.990966
1784010413.520639181 11.080937 0.569287 -0.484428 -0.006780 0.130584 0.029812 0.990966
1784010413.520920038 11.081344 0.569322 -0.484429 -0.006767 0.130587 0.029834 0.990965
1784010413.525342941 11.087747 0.569886 -0.484446 -0.006597 0.130866 0.030172 0.990919
1784010413.530880928 11.095715 0.570620 -0.484470 -0.006719 0.130667 0.030550 0.990933
1784010413.535521984 11.102375 0.571254 -0.484480 -0.006868 0.130234 0.030896 0.990978
1784010413.540786982 11.109950 0.571988 -0.484441 -0.007085 0.130276 0.031281 0.990959
1784010413.545053959 11.116102 0.572584 -0.484381 -0.007072 0.130620 0.031634 0.990902
1784010413.550872087 11.124479 0.573411 -0.484294 -0.007061 0.130819 0.032087 0.990862
1784010413.555047989 11.130484 0.574023 -0.484229 -0.007189 0.131001 0.032406 0.990826
1784010413.560822010 11.138781 0.574883 -0.484127 -0.007537 0.131341 0.032824 0.990765
1784010413.565114975 11.144945 0.575521 -0.484052 -0.007586 0.131404 0.033170 0.990745
1784010413.570744991 11.153023 0.576364 -0.483981 -0.007676 0.131195 0.033615 0.990757
1784010413.575180054 11.159381 0.577037 -0.483955 -0.007830 0.131048 0.033979 0.990763
1784010413.580851078 11.167496 0.577903 -0.483963 -0.007980 0.130700 0.034482 0.990790
1784010413.584949017 11.173359 0.578532 -0.484004 -0.008097 0.130381 0.034846 0.990818
1784010413.590869904 11.181842 0.579446 -0.484091 -0.008103 0.130161 0.035438 0.990826
1784010413.595196962 11.188048 0.580116 -0.484166 -0.007982 0.130309 0.035935 0.990790
1784010413.601042032 11.196410 0.581035 -0.484281 -0.007840 0.130526 0.036633 0.990737
1784010413.604953051 11.201994 0.581663 -0.484360 -0.007800 0.130654 0.037112 0.990702
1784010413.610874891 11.210441 0.582642 -0.484451 -0.007951 0.131032 0.037827 0.990624
1784010413.615104914 11.216465 0.583352 -0.484486 -0.008057 0.131260 0.038346 0.990573
1784010413.620586157 11.224257 0.584265 -0.484503 -0.008120 0.131124 0.038994 0.990565
1784010413.620586157 11.224257 0.584265 -0.484503 -0.008120 0.131124 0.038994 0.990565
1784010413.620934010 11.224750 0.584323 -0.484503 -0.008124 0.131116 0.039034 0.990565
1784010413.625452995 11.231153 0.585085 -0.484487 -0.007953 0.130902 0.039586 0.990573
1784010413.630923033 11.238889 0.586031 -0.484459 -0.007968 0.130817 0.040232 0.990558
1784010413.635392904 11.245193 0.586823 -0.484444 -0.008154 0.130702 0.040739 0.990551
1784010413.640957117 11.253021 0.587822 -0.484416 -0.008229 0.130392 0.041379 0.990564
1784010413.645201921 11.258991 0.588594 -0.484382 -0.008321 0.130345 0.041877 0.990549
1784010413.650943995 11.267050 0.589652 -0.484332 -0.008315 0.130354 0.042593 0.990517
1784010413.655421019 11.273319 0.590493 -0.484309 -0.008353 0.130216 0.043139 0.990511
1784010413.660907030 11.280997 0.591553 -0.484311 -0.008692 0.130207 0.043748 0.990483
1784010413.665232897 11.287056 0.592407 -0.484338 -0.008979 0.130470 0.044236 0.990424
1784010413.671031952 11.295167 0.593578 -0.484431 -0.009319 0.130886 0.044907 0.990336
1784010413.675095081 11.300839 0.594416 -0.484544 -0.009593 0.131080 0.045396 0.990285
1784010413.680849075 11.308844 0.595628 -0.484726 -0.009877 0.131262 0.046145 0.990224
1784010413.685179949 11.314849 0.596559 -0.484849 -0.010073 0.131342 0.046752 0.990183
1784010413.691031933 11.322927 0.597845 -0.484946 -0.010302 0.131292 0.047623 0.990146
1784010413.695063114 11.328475 0.598748 -0.484958 -0.010376 0.131242 0.048275 0.990120
1784010413.700921059 11.336518 0.600105 -0.484908 -0.010589 0.131308 0.049268 0.990060
1784010413.704931974 11.342013 0.601059 -0.484849 -0.010806 0.131340 0.049963 0.990019
1784010413.710859060 11.350103 0.602497 -0.484765 -0.011077 0.131310 0.051040 0.989965
1784010413.715066910 11.355835 0.603528 -0.484724 -0.011231 0.131323 0.051829 0.989920
1784010413.720390081 11.363079 0.604843 -0.484720 -0.011307 0.131499 0.052858 0.989841
1784010413.720390081 11.363079 0.604843 -0.484720 -0.011307 0.131499 0.052858 0.989841
1784010413.720931053 11.363815 0.604979 -0.484721 -0.011314 0.131520 0.052962 0.989833
1784010413.725271940 11.369719 0.606079 -0.484765 -0.011311 0.131813 0.053809 0.989748
1784010413.730904102 11.377361 0.607534 -0.484897 -0.011450 0.132305 0.054896 0.989622
1784010413.735461950 11.383519 0.608730 -0.485043 -0.011479 0.132599 0.055815 0.989530
1784010413.741005898 11.390967 0.610212 -0.485223 -0.011301 0.132720 0.057035 0.989447
1784010413.745029926 11.396345 0.611314 -0.485345 -0.011139 0.132683 0.057990 0.989398
1784010413.750771046 11.403981 0.612949 -0.485493 -0.011080 0.132566 0.059406 0.989330
1784010413.755043030 11.409634 0.614211 -0.485578 -0.011223 0.132474 0.060487 0.989275
1784010413.760905027 11.417356 0.615997 -0.485641 -0.011424 0.132518 0.062008 0.989173
1784010413.765331030 11.423150 0.617382 -0.485660 -0.011598 0.132583 0.063187 0.989088
1784010413.770888090 11.430378 0.619176 -0.485674 -0.011953 0.132478 0.064693 0.989000
1784010413.775114059 11.435845 0.620577 -0.485684 -0.012212 0.132393 0.065882 0.988930
1784010413.780848980 11.443246 0.622527 -0.485681 -0.012433 0.132783 0.067571 0.988761
1784010413.785140991 11.448766 0.624019 -0.485667 -0.012486 0.133374 0.068895 0.988589
1784010413.790865898 11.456083 0.626063 -0.485642 -0.012698 0.134063 0.070675 0.988368
1784010413.794975042 11.461294 0.627560 -0.485618 -0.012852 0.134292 0.071990 0.988240
1784010413.800812960 11.468648 0.629732 -0.485565 -0.012965 0.134391 0.073942 0.988081
1784010413.805155039 11.474078 0.631378 -0.485525 -0.013150 0.134328 0.075415 0.987976
1784010413.810877085 11.481183 0.633593 -0.485502 -0.013419 0.133945 0.077403 0.987870
1784010413.814985037 11.486253 0.635218 -0.485527 -0.013786 0.133635 0.078833 0.987794
1784010413.820652008 11.493221 0.637517 -0.485625 -0.014494 0.133432 0.080813 0.987651
1784010413.820652008 11.493221 0.637517 -0.485625 -0.014494 0.133432 0.080813 0.987651
1784010413.820867062 11.493487 0.637606 -0.485630 -0.014521 0.133425 0.080889 0.987646
1784010413.825227022 11.498868 0.639431 -0.485745 -0.015002 0.133315 0.082480 0.987522
1784010413.830926895 11.505867 0.641848 -0.485951 -0.015439 0.133258 0.084624 0.987341
1784010413.834881067 11.510687 0.643532 -0.486116 -0.015485 0.133384 0.086195 0.987188
1784010413.840888023 11.517980 0.646120 -0.486350 -0.015129 0.134027 0.088693 0.986885
1784010413.845160007 11.523137 0.647996 -0.486495 -0.015080 0.134650 0.090459 0.986640
1784010413.850913048 11.530054 0.650581 -0.486630 -0.015324 0.135380 0.092871 0.986313
1784010413.854887962 11.534793 0.652385 -0.486674 -0.015400 0.135731 0.094589 0.986100
1784010413.860933065 11.541914 0.655156 -0.486696 -0.015676 0.135888 0.097165 0.985823
1784010413.864943981 11.546562 0.657009 -0.486701 -0.016045 0.135668 0.098817 0.985684
1784010413.870805025 11.553295 0.659758 -0.486699 -0.016765 0.135169 0.101189 0.985499
1784010413.875170946 11.558284 0.661828 -0.486694 -0.017349 0.134963 0.102951 0.985335
1784010413.880918980 11.564838 0.664564 -0.486680 -0.017683 0.134898 0.105303 0.985089
1784010413.885066032 11.569529 0.666537 -0.486688 -0.017800 0.134821 0.107005 0.984914
1784010413.890825033 11.575986 0.669282 -0.486760 -0.017969 0.134766 0.109351 0.984661
1784010413.895159006 11.580779 0.671336 -0.486860 -0.018168 0.134944 0.111063 0.984442
1784010413.901014090 11.587149 0.674081 -0.487002 -0.018391 0.135242 0.113279 0.984144
1784010413.905112028 11.591540 0.675983 -0.487088 -0.018407 0.135201 0.114803 0.983973
1784010413.910861969 11.597687 0.678680 -0.487184 -0.018432 0.135184 0.116981 0.983718
1784010413.915138960 11.602229 0.680716 -0.487240 -0.018636 0.135547 0.118605 0.983470
1784010413.920327187 11.607632 0.683196 -0.487287 -0.019027 0.135858 0.120547 0.983183
1784010413.920327187 11.607632 0.683196 -0.487287 -0.019027 0.135858 0.120547 0.983183
1784010413.920842886 11.608164 0.683445 -0.487290 -0.019066 0.135887 0.120743 0.983154
1784010413.925030947 11.612451 0.685481 -0.487307 -0.019256 0.135506 0.122370 0.983002
1784010413.930855989 11.618388 0.688378 -0.487317 -0.019985 0.135078 0.124611 0.982765
1784010413.935518026 11.623115 0.690734 -0.487309 -0.020593 0.135412 0.126455 0.982471
1784010413.940665960 11.628226 0.693342 -0.487319 -0.020962 0.135717 0.128533 0.982151
1784010413.945049047 11.632475 0.695572 -0.487379 -0.021494 0.135159 0.130307 0.981983
1784010413.950934887 11.638142 0.698595 -0.487484 -0.022059 0.134796 0.132770 0.981690
1784010413.955223083 11.642250 0.700802 -0.487548 -0.022319 0.135282 0.134557 0.981374
1784010413.960452080 11.647173 0.703486 -0.487622 -0.022262 0.135608 0.136866 0.981011
1784010413.965130091 11.651510 0.705890 -0.487693 -0.021943 0.135235 0.138999 0.980770
1784010413.970851898 11.656774 0.708869 -0.487771 -0.022095 0.135584 0.141587 0.980348
1784010413.975147009 11.660660 0.711097 -0.487825 -0.022304 0.135957 0.143465 0.980018
1784010413.980720997 11.665589 0.713963 -0.487903 -0.022030 0.135581 0.145948 0.979710
1784010413.985064030 11.669398 0.716224 -0.487971 -0.022237 0.135298 0.147850 0.979459
1784010413.990802050 11.674417 0.719255 -0.488051 -0.022947 0.135983 0.150326 0.978971
1784010413.995163918 11.678145 0.721527 -0.488117 -0.023120 0.136351 0.152242 0.978620
1784010414.000848055 11.682839 0.724443 -0.488226 -0.023056 0.135774 0.154725 0.978312
1784010414.004978895 11.686197 0.726566 -0.488306 -0.023033 0.135532 0.156593 0.978049
1784010414.010819912 11.690936 0.729627 -0.488398 -0.023629 0.136236 0.159114 0.977530
1784010414.015341997 11.694528 0.731992 -0.488468 -0.024060 0.136691 0.161039 0.977140
1784010414.020727158 11.698674 0.734773 -0.488552 -0.023968 0.136299 0.163388 0.976807
1784010414.020727158 11.698674 0.734773 -0.488552 -0.023968 0.136299 0.163388 0.976807
1784010414.020878077 11.698788 0.734851 -0.488554 -0.023966 0.136288 0.163453 0.976798
1784010414.024832010 11.701760 0.736923 -0.488587 -0.024150 0.136058 0.165168 0.976537
1784010414.030858994 11.706253 0.740117 -0.488608 -0.024794 0.135917 0.167731 0.976104
1784010414.035491943 11.709667 0.742574 -0.488616 -0.024987 0.135813 0.169731 0.975767
1784010414.040694952 11.713428 0.745342 -0.488627 -0.025427 0.135500 0.171907 0.975418
1784010414.044975042 11.716478 0.747615 -0.488637 -0.025732 0.135309 0.173732 0.975114
1784010414.050724030 11.720533 0.750671 -0.488660 -0.026064 0.135288 0.176162 0.974672
1784010414.055094004 11.723565 0.752987 -0.488701 -0.026697 0.135406 0.177879 0.974326
1784010414.060859919 11.727460 0.755977 -0.488738 -0.026935 0.135264 0.180195 0.973914
1784010414.065176010 11.730329 0.758179 -0.488744 -0.026730 0.135125 0.182019 0.973599
1784010414.070878983 11.734107 0.761130 -0.488736 -0.027103 0.135168 0.184307 0.973153
1784010414.075104952 11.736888 0.763330 -0.488728 -0.027461 0.135302 0.185979 0.972806
1784010414.080805063 11.740552 0.766264 -0.488711 -0.027851 0.135196 0.188229 0.972376
1784010414.085078001 11.743239 0.768426 -0.488694 -0.027955 0.134892 0.189920 0.972087
1784010414.090854883 11.746837 0.771353 -0.488675 -0.028000 0.134334 0.192236 0.971708
1784010414.094980955 11.749394 0.773456 -0.488680 -0.028419 0.134130 0.193814 0.971410
1784010414.100862980 11.752967 0.776432 -0.488702 -0.028984 0.134052 0.196039 0.970958
1784010414.105154037 11.755519 0.778563 -0.488733 -0.029072 0.133818 0.197713 0.970648
1784010414.110869884 11.758894 0.781390 -0.488801 -0.029318 0.133796 0.199943 0.970187
1784010414.115271091 11.761468 0.783546 -0.488863 -0.029695 0.134051 0.201526 0.969812
1784010414.120410204 11.764395 0.786006 -0.488927 -0.029685 0.134087 0.203448 0.969406
1784010414.120410204 11.764395 0.786006 -0.488927 -0.029685 0.134087 0.203448 0.969406
1784010414.120851040 11.764641 0.786216 -0.488930 -0.029685 0.134089 0.203608 0.969372
1784010414.125380993 11.767166 0.788377 -0.488954 -0.029583 0.133934 0.205250 0.969051
1784010414.130858898 11.770228 0.791004 -0.488953 -0.029708 0.134238 0.207151 0.968600
1784010414.135267019 11.772668 0.793106 -0.488936 -0.029856 0.134645 0.208653 0.968217
1784010414.140923023 11.775697 0.795751 -0.488930 -0.029977 0.134512 0.210537 0.967823
1784010414.145111084 11.777890 0.797678 -0.488942 -0.029978 0.134100 0.211933 0.967576
1784010414.150912046 11.780920 0.800361 -0.488961 -0.030295 0.134002 0.213779 0.967173
1784010414.155101061 11.783092 0.802290 -0.488986 -0.030592 0.134147 0.215075 0.966857
1784010414.160830975 11.786007 0.804902 -0.489039 -0.030637 0.133945 0.216840 0.966489
1784010414.165334940 11.788264 0.806944 -0.489099 -0.030715 0.133770 0.218236 0.966196
1784010414.170695066 11.790926 0.809373 -0.489181 -0.030915 0.133827 0.219868 0.965812
1784010414.174949884 11.793013 0.811289 -0.489264 -0.031032 0.133835 0.221178 0.965508
1784010414.180860043 11.795870 0.813955 -0.489387 -0.031253 0.133670 0.222958 0.965114
1784010414.185211897 11.797950 0.815918 -0.489472 -0.031548 0.133743 0.224283 0.964787
1784010414.190855026 11.800604 0.818447 -0.489558 -0.031905 0.133782 0.226001 0.964369
1784010414.195106983 11.802569 0.820336 -0.489614 -0.032048 0.133548 0.227318 0.964087
1784010414.200969934 11.805250 0.822961 -0.489657 -0.032462 0.133331 0.229112 0.963679
1784010414.205002069 11.807083 0.824770 -0.489666 -0.032753 0.133434 0.230371 0.963355
1784010414.210849047 11.809708 0.827386 -0.489661 -0.032968 0.133517 0.232219 0.962892
1784010414.214829922 11.811471 0.829154 -0.489665 -0.033159 0.133410 0.233454 0.962601
1784010414.220769167 11.814074 0.831777 -0.489669 -0.033349 0.133325 0.235297 0.962158
1784010414.220769167 11.814074 0.831777 -0.489669 -0.033349 0.133325 0.235297 0.962158
1784010414.220820904 11.814097 0.831800 -0.489669 -0.033351 0.133325 0.235314 0.962154
1784010414.225374937 11.816092 0.833827 -0.489666 -0.033517 0.133308 0.236779 0.961791
1784010414.230854988 11.818479 0.836262 -0.489679 -0.033769 0.133318 0.238516 0.961351
1784010414.235445023 11.820466 0.838295 -0.489703 -0.033978 0.133352 0.239957 0.960980
1784010414.240425110 11.822609 0.840492 -0.489736 -0.034245 0.133425 0.241489 0.960577
1784010414.245054007 11.824585 0.842520 -0.489772 -0.034424 0.133424 0.242906 0.960213
1784010414.250871897 11.827051 0.845058 -0.489820 -0.034595 0.133365 0.244674 0.959766
1784010414.255078077 11.828821 0.846888 -0.489858 -0.034792 0.133331 0.245923 0.959445
1784010414.260859966 11.831244 0.849402 -0.489906 -0.035026 0.133368 0.247638 0.958990
1784010414.265261889 11.833071 0.851310 -0.489944 -0.035207 0.133391 0.248932 0.958645
1784010414.270991087 11.835426 0.853796 -0.490001 -0.035400 0.133381 0.250640 0.958194
1784010414.274888039 11.837012 0.855486 -0.490046 -0.035543 0.133361 0.251797 0.957888
1784010414.280857086 11.839420 0.858087 -0.490110 -0.035820 0.133397 0.253588 0.957400
1784010414.285103083 11.841111 0.859937 -0.490154 -0.036000 0.133381 0.254877 0.957053
1784010414.290968895 11.843419 0.862502 -0.490213 -0.036414 0.133262 0.256639 0.956583
1784010414.295053005 11.845005 0.864287 -0.490251 -0.036776 0.133173 0.257846 0.956257
1784010414.300822020 11.847221 0.866796 -0.490286 -0.037300 0.133092 0.259514 0.955797
1784010414.305006981 11.848803 0.868595 -0.490295 -0.037523 0.132924 0.260721 0.955483
1784010414.310843945 11.850986 0.871105 -0.490288 -0.037687 0.132635 0.262469 0.955038
1784010414.314965963 11.852511 0.872887 -0.490280 -0.037915 0.132543 0.263692 0.954705
1784010414.320394993 11.854501 0.875247 -0.490271 -0.038260 0.132575 0.265339 0.954230
1784010414.320394993 11.854501 0.875247 -0.490271 -0.038260 0.132575 0.265339 0.954230
1784010414.320849895 11.854667 0.875447 -0.490270 -0.038287 0.132574 0.265475 0.954191
1784010414.324860096 11.856122 0.877214 -0.490262 -0.038513 0.132566 0.266682 0.953847
1784010414.330869913 11.858274 0.879848 -0.490267 -0.038904 0.132498 0.268470 0.953339
1784010414.335506916 11.859910 0.881848 -0.490285 -0.039115 0.132386 0.269833 0.952961
1784010414.340656996 11.861705 0.884042 -0.490308 -0.039217 0.132186 0.271340 0.952556
1784010414.345233917 11.863287 0.885985 -0.490327 -0.039300 0.132060 0.272681 0.952187
1784010414.350847960 11.865213 0.888384 -0.490343 -0.039490 0.131992 0.274338 0.951713
1784010414.355089903 11.866654 0.890198 -0.490353 -0.039656 0.131976 0.275602 0.951343
1784010414.360892057 11.868604 0.892672 -0.490362 -0.039798 0.131873 0.277360 0.950840
1784010414.365128994 11.870015 0.894465 -0.490371 -0.039853 0.131713 0.278639 0.950486
1784010414.370886087 11.871918 0.896899 -0.490389 -0.039970 0.131452 0.280365 0.950010
1784010414.375211000 11.873340 0.898724 -0.490408 -0.040091 0.131327 0.281651 0.949641
1784010414.380956888 11.875220 0.901150 -0.490439 -0.040279 0.131272 0.283335 0.949140
1784010414.384984016 11.876532 0.902845 -0.490468 -0.040414 0.131267 0.284496 0.948788
1784010414.390800953 11.878419 0.905291 -0.490514 -0.040564 0.131267 0.286166 0.948279
1784010414.395133972 11.879816 0.907105 -0.490553 -0.040630 0.131251 0.287404 0.947904
1784010414.400964975 11.881682 0.909546 -0.490608 -0.040714 0.131200 0.289064 0.947402
1784010414.405081987 11.882989 0.911267 -0.490651 -0.040833 0.131156 0.290218 0.947050
1784010414.410929918 11.884831 0.913715 -0.490717 -0.041069 0.131103 0.291833 0.946551
1784010414.415150881 11.886151 0.915478 -0.490768 -0.041240 0.131056 0.292988 0.946193
1784010414.420323133 11.887758 0.917644 -0.490831 -0.041435 0.131017 0.294412 0.945748
1784010414.420323133 11.887758 0.917644 -0.490831 -0.041435 0.131017 0.294412 0.945748
1784010414.420877934 11.887930 0.917880 -0.490837 -0.041457 0.131013 0.294568 0.945699
1784010414.424967051 11.889191 0.919633 -0.490875 -0.041613 0.130977 0.295744 0.945330
1784010414.430866957 11.890993 0.922170 -0.490935 -0.041848 0.130939 0.297472 0.944783
1784010414.435121059 11.892282 0.923995 -0.490982 -0.041995 0.130933 0.298711 0.944386
1784010414.440836906 11.893997 0.926452 -0.491048 -0.042202 0.130961 0.300395 0.943839
1784010414.445389986 11.895347 0.928408 -0.491104 -0.042371 0.130950 0.301737 0.943404
1784010414.450850964 11.896949 0.930764 -0.491172 -0.042622 0.130899 0.303360 0.942880
1784010414.454962015 11.898144 0.932540 -0.491225 -0.042855 0.130860 0.304577 0.942482
1784010414.460728884 11.899803 0.935039 -0.491296 -0.043170 0.130786 0.306302 0.941919
1784010414.464910984 11.900994 0.936844 -0.491349 -0.043372 0.130697 0.307541 0.941518
1784010414.470832109 11.902663 0.939403 -0.491420 -0.043631 0.130565 0.309312 0.940944
1784010414.475121021 11.903861 0.941250 -0.491467 -0.043786 0.130498 0.310592 0.940524
1784010414.480849981 11.905448 0.943724 -0.491521 -0.043986 0.130462 0.312318 0.939948
1784010414.485147953 11.906631 0.945578 -0.491556 -0.044189 0.130454 0.313587 0.939517
1784010414.490675926 11.908140 0.947964 -0.491591 -0.044461 0.130451 0.315232 0.938954
1784010414.495059013 11.909326 0.949844 -0.491614 -0.044623 0.130399 0.316527 0.938518
1784010414.500840902 11.910875 0.952318 -0.491639 -0.044817 0.130258 0.318238 0.937949
1784010414.504941940 11.911968 0.954061 -0.491654 -0.044922 0.130172 0.319444 0.937546
1784010414.510845900 11.913534 0.956575 -0.491670 -0.045049 0.130164 0.321189 0.936945
1784010414.515188932 11.914679 0.958420 -0.491684 -0.045225 0.130207 0.322448 0.936498
1784010414.520833015 11.916161 0.960823 -0.491705 -0.045494 0.130216 0.324081 0.935919
1784010414.520982027 11.916200 0.960887 -0.491706 -0.045500 0.130216 0.324125 0.935904
1784010414.520982027 11.916200 0.960887 -0.491706 -0.045500 0.130216 0.324125 0.935904
1784010414.525095940 11.917266 0.962676 -0.491715 -0.045667 0.130247 0.325268 0.935495
1784010414.530776978 11.918722 0.965143 -0.491734 -0.045897 0.130257 0.326840 0.934934
1784010414.534774065 11.919733 0.966862 -0.491756 -0.046056 0.130256 0.327944 0.934540
1784010414.541285038 11.921380 0.969693 -0.491794 -0.046355 0.130109 0.329735 0.933915
1784010414.545150995 11.922370 0.971380 -0.491815 -0.046571 0.130166 0.330795 0.933522
1784010414.550832033 11.923819 0.973859 -0.491845 -0.046778 0.130415 0.332358 0.932921
1784010414.555022955 11.924875 0.975666 -0.491871 -0.046928 0.130591 0.333508 0.932478
1784010414.560903072 11.926337 0.978206 -0.491901 -0.047132 0.130346 0.335106 0.931929
1784010414.564964056 11.927336 0.979959 -0.491917 -0.047270 0.130168 0.336206 0.931551
1784010414.570615053 11.928736 0.982429 -0.491922 -0.047607 0.130202 0.337782 0.930959
1784010414.574873924 11.929816 0.984309 -0.491911 -0.047858 0.130221 0.338967 0.930513
1784010414.580821991 11.931301 0.986940 -0.491896 -0.048037 0.130276 0.340631 0.929888
1784010414.585112095 11.932337 0.988822 -0.491902 -0.048152 0.130029 0.341849 0.929469
1784010414.590841055 11.933715 0.991377 -0.491907 -0.048461 0.129543 0.343493 0.928915
1784010414.594973087 11.934727 0.993251 -0.491897 -0.048682 0.129184 0.344675 0.928515
1784010414.600811958 11.936175 0.995943 -0.491882 -0.048814 0.129558 0.346433 0.927802
1784010414.605006933 11.937230 0.997886 -0.491884 -0.048907 0.129818 0.347692 0.927289
1784010414.610969067 11.938711 1.000657 -0.491915 -0.049038 0.129524 0.349432 0.926669
1784010414.615161896 11.939724 1.002586 -0.491966 -0.049128 0.129307 0.350652 0.926234
1784010414.620690107 11.941067 1.005156 -0.492035 -0.049595 0.129435 0.352298 0.925566
1784010414.620690107 11.941067 1.005156 -0.492035 -0.049595 0.129435 0.352298 0.925566
1784010414.620803118 11.941095 1.005211 -0.492035 -0.049604 0.129438 0.352332 0.925553
1784010414.625123024 11.942190 1.007326 -0.492047 -0.049955 0.129518 0.353622 0.925030
1784010414.630836010 11.943627 1.010144 -0.492054 -0.050115 0.129542 0.355400 0.924337
1784010414.635153055 11.944669 1.012253 -0.492069 -0.050236 0.129556 0.356739 0.923812
1784010414.640882969 11.946051 1.015082 -0.492074 -0.050297 0.129433 0.358570 0.923117
1784010414.644860983 11.947032 1.017069 -0.492065 -0.050339 0.129342 0.359835 0.922635
1784010414.651078939 11.948589 1.020220 -0.492039 -0.050459 0.129404 0.361827 0.921840
1784010414.654896975 11.949547 1.022155 -0.492035 -0.050533 0.129434 0.363044 0.921354
1784010414.660801888 11.951033 1.025170 -0.492028 -0.050649 0.129563 0.364922 0.920587
1784010414.665194035 11.952136 1.027411 -0.492031 -0.050735 0.129654 0.366314 0.920016
1784010414.670825958 11.953551 1.030334 -0.492050 -0.050767 0.129406 0.368143 0.919319
1784010414.674770117 11.954541 1.032417 -0.492087 -0.050789 0.129228 0.369419 0.918831
1784010414.680898905 11.956078 1.035700 -0.492151 -0.051083 0.129705 0.371431 0.917936
1784010414.685054064 11.957115 1.037917 -0.492199 -0.051283 0.130022 0.372789 0.917329
1784010414.690808058 11.958530 1.041018 -0.492272 -0.051229 0.129681 0.374665 0.916616
1784010414.694937944 11.959519 1.043260 -0.492342 -0.051189 0.129431 0.376006 0.916104
1784010414.700757980 11.960896 1.046463 -0.492420 -0.051539 0.129613 0.377992 0.915241
1784010414.705028057 11.961900 1.048827 -0.492452 -0.051796 0.129741 0.379443 0.914608
1784010414.710988998 11.963285 1.052168 -0.492475 -0.051990 0.129296 0.381544 0.913786
1784010414.714888096 11.964172 1.054361 -0.492494 -0.052117 0.128999 0.382912 0.913248
1784010414.720475197 11.965423 1.057533 -0.492513 -0.052384 0.129058 0.384956 0.912364
1784010414.720475197 11.965423 1.057533 -0.492513 -0.052384 0.129058 0.384956 0.912364
1784010414.720817089 11.965500 1.057733 -0.492511 -0.052401 0.129060 0.385083 0.912309
1784010414.725282907 11.966501 1.060359 -0.492479 -0.052624 0.129092 0.386757 0.911584
1784010414.730808973 11.967742 1.063658 -0.492427 -0.052898 0.128606 0.388912 0.910719
1784010414.735327005 11.968771 1.066405 -0.492381 -0.053121 0.128206 0.390663 0.910013
1784010414.740838051 11.970025 1.069779 -0.492321 -0.053431 0.128548 0.392833 0.909012
1784010414.744796991 11.970909 1.072179 -0.492289 -0.053653 0.128790 0.394377 0.908296
1784010414.750745058 11.972193 1.075781 -0.492248 -0.053690 0.128775 0.396697 0.907285
1784010414.754894972 11.973071 1.078310 -0.492235 -0.053857 0.128415 0.398299 0.906624
1784010414.760792971 11.974336 1.081940 -0.492220 -0.054084 0.128849 0.400639 0.905517
1784010414.765221119 11.975282 1.084627 -0.492221 -0.054252 0.129172 0.402382 0.904688
1784010414.770844936 11.976449 1.088005 -0.492252 -0.054278 0.128468 0.404473 0.903854
1784010414.775214911 11.977324 1.090628 -0.492305 -0.054296 0.127918 0.406085 0.903207
1784010414.780698061 11.978444 1.094006 -0.492365 -0.054692 0.127839 0.408175 0.902252
1784010414.785043001 11.979343 1.096713 -0.492407 -0.055071 0.128194 0.409867 0.901411
1784010414.790787935 11.980491 1.100272 -0.492484 -0.055241 0.128192 0.412145 0.900362
1784010414.795010090 11.981304 1.102865 -0.492565 -0.055192 0.127634 0.413831 0.899671
1784010414.800795078 11.982430 1.106477 -0.492656 -0.055297 0.127452 0.416203 0.898595
1784010414.804905891 11.983229 1.109071 -0.492716 -0.055587 0.127718 0.417908 0.897748
1784010414.810872078 11.984359 1.112872 -0.492799 -0.055941 0.127790 0.420423 0.896540
1784010414.815119028 11.985145 1.115595 -0.492856 -0.056234 0.127530 0.422240 0.895705
1784010414.820688963 11.986193 1.119211 -0.492894 -0.056753 0.127466 0.424611 0.894560
1784010414.820733070 11.986202 1.119241 -0.492893 -0.056756 0.127466 0.424631 0.894550
1784010414.820733070 11.986202 1.119241 -0.492893 -0.056756 0.127466 0.424631 0.894550
1784010414.824867010 11.986982 1.121978 -0.492874 -0.057096 0.127523 0.426335 0.893709
1784010414.830805063 11.988072 1.125893 -0.492830 -0.057081 0.127240 0.428784 0.892579
1784010414.835197926 11.988865 1.128832 -0.492796 -0.057352 0.126798 0.430629 0.891735
1784010414.840883970 11.989914 1.132764 -0.492743 -0.058195 0.126876 0.433022 0.890510
1784010414.845876932 11.990842 1.136246 -0.492716 -0.058855 0.127231 0.435095 0.889405
1784010414.850622892 11.991702 1.139505 -0.492721 -0.059010 0.126983 0.437014 0.888488
1784010414.855144024 11.992512 1.142615 -0.492731 -0.058743 0.126444 0.438949 0.887629
1784010414.860846043 11.993560 1.146692 -0.492750 -0.059188 0.126407 0.441410 0.886383
1784010414.864820957 11.994302 1.149601 -0.492780 -0.059686 0.126923 0.443149 0.885408
1784010414.870774031 11.995350 1.153970 -0.492868 -0.060042 0.126842 0.445791 0.884068
1784010414.875350952 11.996127 1.157340 -0.492952 -0.060311 0.125940 0.447807 0.883159
1784010414.880985022 11.997136 1.161599 -0.493002 -0.060230 0.125998 0.450495 0.881789
1784010414.884942055 11.997866 1.164643 -0.493027 -0.060485 0.126698 0.452379 0.880705
1784010414.890808105 11.998865 1.169146 -0.493104 -0.060912 0.126925 0.455069 0.879256
1784010414.895061016 11.999548 1.172404 -0.493173 -0.060844 0.126091 0.457091 0.878332
1784010414.900827885 12.000523 1.176963 -0.493202 -0.060872 0.126386 0.459990 0.876773
1784010414.905031919 12.001256 1.180349 -0.493196 -0.061326 0.127402 0.462060 0.875505
1784010414.910870075 12.002195 1.185021 -0.493237 -0.061520 0.127709 0.464905 0.873939
1784010414.915039062 12.002810 1.188343 -0.493308 -0.061612 0.126692 0.466902 0.873015
1784010414.920421124 12.003623 1.192735 -0.493372 -0.061971 0.126525 0.469570 0.871582
1784010414.920421124 12.003623 1.192735 -0.493372 -0.061971 0.126525 0.469570 0.871582
1784010414.920787096 12.003679 1.193042 -0.493374 -0.061994 0.126504 0.469751 0.871486
1784010414.924999952 12.004318 1.196588 -0.493391 -0.062385 0.127031 0.471872 0.870234
1784010414.930818081 12.005135 1.201484 -0.493458 -0.062840 0.127171 0.474721 0.868630
1784010414.935297012 12.005708 1.205251 -0.493556 -0.063122 0.125910 0.476881 0.867610
1784010414.940779924 12.006424 1.209942 -0.493651 -0.063183 0.125336 0.479691 0.866138
1784010414.944768906 12.006969 1.213406 -0.493702 -0.063566 0.125648 0.481681 0.864960
1784010414.950754881 12.007729 1.218603 -0.493829 -0.063997 0.125729 0.484618 0.863274
1784010414.955030918 12.008225 1.222301 -0.493954 -0.064172 0.124783 0.486691 0.862232
1784010414.960793972 12.008876 1.227352 -0.494093 -0.064621 0.124000 0.489583 0.860672
1784010414.965051889 12.009370 1.231130 -0.494155 -0.064982 0.124162 0.491756 0.859382
1784010414.970473051 12.009955 1.235953 -0.494247 -0.065447 0.124116 0.494539 0.857755
1784010414.974870920 12.010377 1.239848 -0.494340 -0.065795 0.123383 0.496788 0.856533
1784010414.980782986 12.010894 1.245076 -0.494411 -0.066310 0.122852 0.499868 0.854776
1784010414.985266924 12.011269 1.249051 -0.494416 -0.066838 0.122760 0.502219 0.853369
1784010414.990818977 12.011703 1.254004 -0.494387 -0.067413 0.122365 0.505144 0.851653
1784010414.995089054 12.012015 1.257823 -0.494338 -0.067784 0.121954 0.507411 0.850333
1784010415.000792980 12.012398 1.262930 -0.494254 -0.068333 0.121237 0.510434 0.848581
1784010415.004995108 12.012673 1.266695 -0.494193 -0.068560 0.120666 0.512626 0.847322
1784010415.010839939 12.013039 1.271979 -0.494128 -0.068880 0.120101 0.515680 0.845521
1784010415.014985085 12.013290 1.275755 -0.494104 -0.069307 0.119878 0.517823 0.844207
1784010415.020706177 12.013599 1.280988 -0.494127 -0.069870 0.119375 0.520805 0.842395
1784010415.020706177 12.013599 1.280988 -0.494127 -0.069870 0.119375 0.520805 0.842395
1784010415.020765066 12.013601 1.281042 -0.494128 -0.069875 0.119372 0.520836 0.842376
1784010415.025044918 12.013760 1.284996 -0.494194 -0.070094 0.118758 0.523037 0.841080
1784010415.030808926 12.013959 1.290350 -0.494329 -0.070319 0.118184 0.526032 0.839272
1784010415.035078049 12.014107 1.294343 -0.494455 -0.070638 0.118105 0.528239 0.837869
1784010415.040630102 12.014262 1.299568 -0.494658 -0.071137 0.117905 0.531133 0.836024
1784010415.044785976 12.014359 1.303489 -0.494825 -0.071470 0.117546 0.533314 0.834656
1784010415.050802946 12.014463 1.309175 -0.495030 -0.071800 0.117090 0.536548 0.832617
1784010415.055176020 12.014528 1.313321 -0.495141 -0.071970 0.116775 0.538925 0.831110
1784010415.060925007 12.014590 1.318818 -0.495226 -0.072227 0.116455 0.542061 0.829091
1784010415.064986944 12.014632 1.322718 -0.495238 -0.072395 0.116479 0.544292 0.827610
1784010415.070911884 12.014639 1.328413 -0.495209 -0.072547 0.116552 0.547590 0.825408
1784010415.074774027 12.014618 1.332128 -0.495186 -0.072740 0.116296 0.549725 0.824006
1784010415.080535889 12.014556 1.337708 -0.495157 -0.073191 0.116083 0.552904 0.821867
1784010415.084912062 12.014505 1.341952 -0.495134 -0.073653 0.116141 0.555273 0.820218
1784010415.090789080 12.014404 1.347644 -0.495123 -0.073910 0.115720 0.558492 0.818066
1784010415.095024109 12.014321 1.351767 -0.495139 -0.073971 0.115277 0.560839 0.816517
1784010415.100822926 12.014189 1.357472 -0.495188 -0.074770 0.115253 0.563899 0.814337
1784010415.104964018 12.014103 1.361529 -0.495239 -0.075178 0.115257 0.566023 0.812824
1784010415.110812902 12.013949 1.367235 -0.495342 -0.074822 0.114645 0.569106 0.810788
1784010415.114919901 12.013817 1.371285 -0.495434 -0.075033 0.114150 0.571221 0.809349
1784010415.120414019 12.013610 1.376767 -0.495543 -0.075819 0.114203 0.574035 0.807275
