1784010415.120414019 12.013610 1.376767 -0.495543 -0.075819 0.114203 0.574035 0.807275
1784010415.120769024 12.013591 1.377122 -0.495548 -0.075875 0.114204 0.574221 0.807137
1784010415.125042915 12.013339 1.381381 -0.495625 -0.076208 0.114110 0.576483 0.805505
1784010415.130799055 12.012958 1.387104 -0.495743 -0.076002 0.113267 0.579615 0.803393
1784010415.135529995 12.012617 1.391851 -0.495824 -0.076105 0.113020 0.582160 0.801576
1784010415.140507936 12.012217 1.396864 -0.495870 -0.076866 0.113097 0.584754 0.799602
1784010415.144943953 12.011815 1.401303 -0.495894 -0.076957 0.112682 0.587150 0.797894
1784010415.150649071 12.011202 1.407047 -0.495891 -0.077209 0.111365 0.590261 0.795756
1784010415.155023098 12.010688 1.411503 -0.495832 -0.077973 0.110828 0.592598 0.794018
1784010415.160502911 12.010006 1.417097 -0.495714 -0.078350 0.110656 0.595673 0.791701
1784010415.164988995 12.009396 1.421672 -0.495636 -0.078637 0.109886 0.598159 0.789903
1784010415.170813084 12.008532 1.427640 -0.495550 -0.079116 0.108797 0.601456 0.787499
1784010415.175065041 12.007887 1.432031 -0.495481 -0.079483 0.108587 0.603914 0.785608
1784010415.180790901 12.006963 1.437980 -0.495437 -0.080245 0.108328 0.607245 0.782994
1784010415.185043097 12.006251 1.442400 -0.495445 -0.080606 0.107929 0.609731 0.781077
1784010415.190855980 12.005235 1.448440 -0.495470 -0.080913 0.107580 0.613222 0.778356
1784010415.195053101 12.004480 1.452816 -0.495499 -0.081268 0.107339 0.615727 0.776372
1784010415.200802088 12.003403 1.458825 -0.495554 -0.081658 0.107002 0.619231 0.773586
1784010415.204915047 12.002619 1.463121 -0.495591 -0.081791 0.106757 0.621718 0.771609
1784010415.210783958 12.001447 1.469260 -0.495634 -0.082049 0.106313 0.625313 0.768732
1784010415.214953899 12.000592 1.473634 -0.495659 -0.082259 0.105946 0.627842 0.766697
1784010415.220637083 11.999389 1.479595 -0.495676 -0.082455 0.105595 0.631318 0.763865
1784010415.220637083 11.999389 1.479595 -0.495676 -0.082455 0.105595 0.631318 0.763865
1784010415.220767975 11.999360 1.479732 -0.495676 -0.082460 0.105589 0.631396 0.763800
1784010415.225028038 11.998405 1.484186 -0.495672 -0.082548 0.105292 0.633909 0.761747
1784010415.230786085 11.997052 1.490225 -0.495664 -0.082887 0.104704 0.637297 0.758959
1784010415.235440016 11.995922 1.495144 -0.495651 -0.083297 0.104250 0.640018 0.756684
1784010415.240608931 11.994648 1.500645 -0.495635 -0.083802 0.103956 0.643021 0.754118
1784010415.245037079 11.993551 1.505364 -0.495624 -0.084254 0.103724 0.645507 0.751973
1784010415.250427961 11.992204 1.511098 -0.495616 -0.084460 0.103245 0.648529 0.749411
1784010415.254998922 11.991047 1.515991 -0.495624 -0.084669 0.102916 0.651104 0.747196
1784010415.260740042 11.989567 1.522181 -0.495661 -0.085574 0.102854 0.654206 0.744388
1784010415.265141964 11.988430 1.526913 -0.495712 -0.086144 0.102636 0.656489 0.742339
1784010415.270646095 11.986993 1.532804 -0.495766 -0.086098 0.102095 0.659413 0.739823
1784010415.275015116 11.985801 1.537526 -0.495780 -0.086252 0.101784 0.661768 0.737743
1784010415.280828953 11.984108 1.543902 -0.495761 -0.087205 0.101544 0.664900 0.734842
1784010415.285085917 11.982810 1.548608 -0.495740 -0.087611 0.101234 0.667251 0.732702
1784010415.290808916 11.980997 1.554954 -0.495679 -0.087994 0.100644 0.670436 0.729824
1784010415.294898033 11.979655 1.559518 -0.495599 -0.088329 0.100410 0.672726 0.727706
1784010415.300782919 11.977646 1.566141 -0.495470 -0.088751 0.100276 0.676133 0.724509
1784010415.305080891 11.976119 1.571015 -0.495410 -0.089115 0.100052 0.678632 0.722155
1784010415.310947895 11.973955 1.577683 -0.495395 -0.089609 0.099425 0.682069 0.718935
1784010415.315017939 11.972415 1.582326 -0.495423 -0.089855 0.098858 0.684446 0.716719
1784010415.320470095 11.970318 1.588602 -0.495501 -0.090046 0.098476 0.687690 0.713636
1784010415.320470095 11.970318 1.588602 -0.495501 -0.090046 0.098476 0.687690 0.713636
1784010415.320811987 11.970186 1.588996 -0.495506 -0.090057 0.098447 0.687890 0.713446
1784010415.325110912 11.968511 1.593963 -0.495590 -0.090383 0.098404 0.690401 0.710981
1784010415.330786943 11.966234 1.600530 -0.495763 -0.090879 0.097961 0.693652 0.707808
1784010415.335123062 11.964439 1.605566 -0.495926 -0.091071 0.097225 0.696159 0.705419
1784010415.340811014 11.962027 1.612232 -0.496110 -0.091338 0.096710 0.699513 0.702130
1784010415.345242023 11.960100 1.617470 -0.496212 -0.091652 0.096920 0.702129 0.699444
1784010415.350776911 11.957613 1.623996 -0.496310 -0.092114 0.096835 0.705368 0.696128
1784010415.355274916 11.955514 1.629265 -0.496358 -0.092377 0.096381 0.707998 0.693482
1784010415.360799074 11.952854 1.635679 -0.496335 -0.092617 0.096012 0.711315 0.690098
1784010415.365050077 11.950732 1.640594 -0.496277 -0.092838 0.095692 0.713902 0.687435
1784010415.370699883 11.947809 1.647132 -0.496197 -0.093511 0.094727 0.717304 0.683928
1784010415.374758959 11.945651 1.651842 -0.496148 -0.094035 0.094093 0.719739 0.681380
1784010415.380863905 11.942350 1.658897 -0.496112 -0.094837 0.093290 0.723404 0.677488
1784010415.385042906 11.940052 1.663728 -0.496141 -0.095256 0.092667 0.725902 0.674838
1784010415.390739918 11.936881 1.670352 -0.496232 -0.095765 0.092259 0.729298 0.671150
1784010415.395071983 11.934430 1.675435 -0.496344 -0.096422 0.092278 0.731861 0.668257
1784010415.400895119 11.931077 1.682267 -0.496549 -0.097349 0.092000 0.735282 0.664394
1784010415.404997110 11.928679 1.687070 -0.496711 -0.097765 0.091442 0.737670 0.661758
1784010415.410835028 11.925232 1.693885 -0.496871 -0.098189 0.090923 0.741055 0.657973
1784010415.414871931 11.922809 1.698595 -0.496915 -0.098527 0.090837 0.743395 0.655290
1784010415.420588017 11.919289 1.705234 -0.496918 -0.099083 0.090448 0.746718 0.651470
1784010415.420588017 11.919289 1.705234 -0.496918 -0.099083 0.090448 0.746718 0.651470
1784010415.420746088 11.919190 1.705415 -0.496917 -0.099097 0.090442 0.746800 0.651375
1784010415.425040960 11.916478 1.710323 -0.496880 -0.099456 0.089776 0.749094 0.648774
1784010415.430830956 11.912754 1.716927 -0.496769 -0.099743 0.089006 0.752193 0.645240
1784010415.435234070 11.909882 1.721987 -0.496654 -0.099833 0.088640 0.754639 0.642415
1784010415.440573931 11.906327 1.728177 -0.496565 -0.100116 0.088342 0.757619 0.638895
1784010415.445071936 11.903273 1.733435 -0.496580 -0.100679 0.088183 0.760155 0.635808
1784010415.450809956 11.899305 1.740132 -0.496743 -0.101864 0.087957 0.763248 0.631934
1784010415.455250978 11.896226 1.745310 -0.496974 -0.103012 0.087700 0.765535 0.629010
1784010415.460784912 11.892439 1.751747 -0.497304 -0.104016 0.087470 0.768197 0.625623
1784010415.465161085 11.889503 1.756851 -0.497549 -0.104360 0.087330 0.770263 0.623039
1784010415.470721960 11.885815 1.763365 -0.497811 -0.104627 0.086883 0.772738 0.619984
1784010415.474807978 11.883148 1.768186 -0.497971 -0.104964 0.086241 0.774442 0.617887
1784010415.480746984 11.879372 1.775201 -0.498130 -0.105226 0.085203 0.776638 0.615225
1784010415.485102892 11.876709 1.780390 -0.498195 -0.105410 0.084669 0.778106 0.613409
1784010415.490742922 11.873393 1.787170 -0.498212 -0.105729 0.084391 0.779723 0.611336
1784010415.495023012 11.870977 1.792352 -0.498204 -0.105776 0.084530 0.780888 0.609820
1784010415.500926018 11.867727 1.799492 -0.498248 -0.106005 0.084248 0.782283 0.608029
1784010415.504987001 11.865559 1.804430 -0.498319 -0.106447 0.083939 0.783131 0.606901
1784010415.510839939 11.862555 1.811571 -0.498403 -0.107479 0.084466 0.784066 0.605437
1784010415.515007019 11.860523 1.816658 -0.498445 -0.108222 0.085047 0.784662 0.604450
1784010415.520282030 11.858069 1.823033 -0.498512 -0.108844 0.085351 0.785309 0.603455
1784010415.520282030 11.858069 1.823033 -0.498512 -0.108844 0.085351 0.785309 0.603455
1784010415.520775080 11.857840 1.823617 -0.498518 -0.108900 0.085362 0.785384 0.603345
1784010415.524903059 11.855960 1.828478 -0.498559 -0.109143 0.085238 0.785880 0.602674
1784010415.530772924 11.853408 1.835323 -0.498579 -0.109096 0.085426 0.786467 0.601889
1784010415.535362959 11.851515 1.840633 -0.498584 -0.108793 0.085882 0.786957 0.601238
1784010415.540673018 11.849387 1.846730 -0.498630 -0.108711 0.085777 0.787355 0.600747
1784010415.544862032 11.847767 1.851545 -0.498692 -0.108703 0.085564 0.787547 0.600527
1784010415.550798893 11.845530 1.858339 -0.498843 -0.109051 0.085430 0.787644 0.600355
1784010415.555291891 11.843921 1.863427 -0.499039 -0.109417 0.085323 0.787706 0.600223
1784010415.560606956 11.842118 1.869297 -0.499317 -0.108843 0.085643 0.787882 0.600050
1784010415.564886093 11.840725 1.873918 -0.499592 -0.108651 0.085555 0.788021 0.599915
1784010415.570816040 11.838854 1.880189 -0.499990 -0.109219 0.085385 0.787993 0.599873
1784010415.575258970 11.837542 1.884821 -0.500218 -0.109737 0.086140 0.787896 0.599799
1784010415.580614090 11.836049 1.890273 -0.500381 -0.110841 0.087037 0.787610 0.599841
1784010415.584841967 11.834959 1.894449 -0.500434 -0.110972 0.087658 0.787479 0.599898
1784010415.590761900 11.833509 1.900045 -0.500436 -0.110526 0.087911 0.787288 0.600194
1784010415.595038891 11.832517 1.903936 -0.500412 -0.110255 0.087394 0.787109 0.600554
1784010415.600838900 11.831227 1.909057 -0.500356 -0.109859 0.087011 0.786824 0.601056
1784010415.605016947 11.830343 1.912668 -0.500326 -0.110054 0.087114 0.786578 0.601328
1784010415.610790014 11.829166 1.917441 -0.500332 -0.110155 0.087018 0.786201 0.601815
1784010415.614968061 11.828376 1.920752 -0.500376 -0.109728 0.086649 0.786035 0.602163
1784010415.620602131 11.827346 1.925098 -0.500462 -0.109349 0.086569 0.785811 0.602537
1784010415.620602131 11.827346 1.925098 -0.500462 -0.109349 0.086569 0.785811 0.602537
1784010415.620915890 11.827284 1.925334 -0.500465 -0.109329 0.086565 0.785808 0.602544
1784010415.624890089 11.826499 1.928288 -0.500517 -0.109318 0.086687 0.785737 0.602621
1784010415.630740881 11.825378 1.932486 -0.500635 -0.109412 0.086615 0.785634 0.602749
1784010415.635329008 11.824552 1.935657 -0.500748 -0.109207 0.086416 0.785585 0.602879
1784010415.640750885 11.823607 1.939303 -0.500868 -0.109269 0.086308 0.785524 0.602963
1784010415.645235062 11.822861 1.942247 -0.500941 -0.109484 0.086466 0.785468 0.602973
1784010415.650397062 11.822039 1.945521 -0.500997 -0.109417 0.086461 0.785455 0.603003
1784010415.654814959 11.821372 1.948239 -0.501025 -0.109228 0.086335 0.785478 0.603026
1784010415.660897970 11.820483 1.951883 -0.501007 -0.109106 0.086423 0.785501 0.603005
1784010415.664813995 11.819943 1.954184 -0.500984 -0.109201 0.086579 0.785475 0.602999
1784010415.670779943 11.819147 1.957570 -0.500944 -0.109258 0.086726 0.785454 0.602995
1784010415.675224066 11.818596 1.960007 -0.500930 -0.109084 0.086618 0.785456 0.603040
1784010415.680773020 11.817937 1.962968 -0.500927 -0.108885 0.086526 0.785450 0.603096
1784010415.684834957 11.817481 1.965094 -0.500933 -0.108940 0.086621 0.785402 0.603136
1784010415.690898895 11.816813 1.968164 -0.500956 -0.109022 0.086608 0.785320 0.603229
1784010415.694883108 11.816405 1.970131 -0.500986 -0.108945 0.086630 0.785290 0.603280
1784010415.700779915 11.815804 1.972965 -0.501026 -0.108963 0.086770 0.785228 0.603337
1784010415.704963923 11.815400 1.974932 -0.501064 -0.108946 0.086811 0.785179 0.603398
1784010415.710757017 11.814844 1.977579 -0.501116 -0.108789 0.086834 0.785145 0.603466
1784010415.715053082 11.814447 1.979493 -0.501162 -0.108757 0.086758 0.785116 0.603521
1784010415.720512152 11.813946 1.981850 -0.501222 -0.108687 0.086553 0.785082 0.603608
1784010415.720512152 11.813946 1.981850 -0.501222 -0.108687 0.086553 0.785082 0.603608
1784010415.720742941 11.813921 1.981946 -0.501223 -0.108683 0.086546 0.785081 0.603611
1784010415.724992990 11.813462 1.983705 -0.501241 -0.108700 0.086500 0.785060 0.603641
1784010415.730757952 11.812836 1.986033 -0.501261 -0.108900 0.086458 0.785020 0.603663
1784010415.735095024 11.812385 1.987738 -0.501277 -0.108909 0.086384 0.785010 0.603685
1784010415.740444899 11.811837 1.989782 -0.501283 -0.108835 0.086281 0.785018 0.603703
1784010415.745105028 11.811372 1.991527 -0.501278 -0.108911 0.086210 0.785014 0.603705
1784010415.750716925 11.810818 1.993583 -0.501260 -0.109083 0.086204 0.785000 0.603693
1784010415.755830050 11.810331 1.995402 -0.501244 -0.109183 0.086123 0.784997 0.603690
1784010415.760596991 11.809895 1.997053 -0.501230 -0.109213 0.085958 0.785000 0.603704
1784010415.764853001 11.809520 1.998502 -0.501218 -0.109237 0.085883 0.785007 0.603701
1784010415.770571947 11.809020 2.000414 -0.501208 -0.109318 0.085841 0.785010 0.603688
1784010415.775160074 11.808637 2.001917 -0.501211 -0.109350 0.085805 0.785022 0.603672
1784010415.780761957 11.808180 2.003708 -0.501223 -0.109348 0.085744 0.785047 0.603649
1784010415.785149097 11.807841 2.005088 -0.501241 -0.109348 0.085711 0.785068 0.603627
1784010415.790762901 11.807417 2.006826 -0.501262 -0.109353 0.085669 0.785088 0.603605
1784010415.794768095 11.807133 2.008051 -0.501276 -0.109352 0.085621 0.785105 0.603591
1784010415.800935984 11.806699 2.009896 -0.501290 -0.109330 0.085572 0.785129 0.603570
1784010415.804975986 11.806437 2.011085 -0.501298 -0.109342 0.085566 0.785141 0.603553
1784010415.810820103 11.806063 2.012772 -0.501303 -0.109320 0.085598 0.785159 0.603529
1784010415.815011024 11.805815 2.013968 -0.501303 -0.109304 0.085624 0.785174 0.603509
1784010415.820399046 11.805503 2.015483 -0.501297 -0.109284 0.085673 0.785196 0.603477
1784010415.820399046 11.805503 2.015483 -0.501297 -0.109284 0.085673 0.785196 0.603477
1784010415.820755005 11.805477 2.015581 -0.501295 -0.109283 0.085675 0.785197 0.603476
1784010415.824925900 11.805176 2.016716 -0.501272 -0.109267 0.085699 0.785208 0.603461
1784010415.830756903 11.804757 2.018269 -0.501246 -0.109179 0.085721 0.785226 0.603450
1784010415.834980965 11.804470 2.019374 -0.501230 -0.109138 0.085701 0.785238 0.603444
1784010415.840724945 11.804079 2.020852 -0.501202 -0.109102 0.085696 0.785255 0.603430
1784010415.844841003 11.803814 2.021903 -0.501183 -0.109080 0.085694 0.785266 0.603419
1784010415.850714922 11.803432 2.023382 -0.501164 -0.109008 0.085699 0.785291 0.603400
1784010415.855793953 11.803118 2.024634 -0.501155 -0.108962 0.085729 0.785308 0.603382
1784010415.860788107 11.802818 2.025837 -0.501158 -0.108886 0.085717 0.785326 0.603373
1784010415.865015030 11.802575 2.026839 -0.501177 -0.108823 0.085708 0.785342 0.603365
1784010415.870831013 11.802237 2.028194 -0.501220 -0.108808 0.085751 0.785357 0.603342
1784010415.874906063 11.802015 2.029137 -0.501258 -0.108800 0.085783 0.785367 0.603326
1784010415.880706072 11.801693 2.030463 -0.501319 -0.108777 0.085760 0.785386 0.603309
1784010415.885060072 11.801464 2.031453 -0.501370 -0.108762 0.085746 0.785399 0.603297
1784010415.890752077 11.801167 2.032717 -0.501439 -0.108751 0.085798 0.785408 0.603279
1784010415.895006895 11.800963 2.033634 -0.501493 -0.108746 0.085838 0.785415 0.603265
1784010415.900717974 11.800689 2.034839 -0.501549 -0.108759 0.085869 0.785421 0.603251
1784010415.904819012 11.800504 2.035701 -0.501572 -0.108771 0.085893 0.785425 0.603240
1784010415.910733938 11.800230 2.036926 -0.501588 -0.108668 0.085906 0.785449 0.603225
1784010415.915031910 11.800042 2.037806 -0.501598 -0.108597 0.085918 0.785466 0.603214
1784010415.920228004 11.799817 2.038860 -0.501613 -0.108533 0.085907 0.785486 0.603201
1784010415.920228004 11.799817 2.038860 -0.501613 -0.108533 0.085907 0.785486 0.603201
1784010415.920902014 11.799779 2.038993 -0.501612 -0.108526 0.085906 0.785489 0.603199
1784010415.924874067 11.799546 2.039770 -0.501608 -0.108481 0.085895 0.785507 0.603185
1784010415.930782080 11.799204 2.040897 -0.501612 -0.108485 0.085921 0.785513 0.603173
1784010415.935189009 11.798975 2.041715 -0.501631 -0.108489 0.085944 0.785517 0.603165
1784010415.940591097 11.798699 2.042694 -0.501647 -0.108593 0.086031 0.785517 0.603133
1784010415.944962025 11.798483 2.043478 -0.501647 -0.108679 0.086103 0.785517 0.603108
1784010415.950733900 11.798185 2.044498 -0.501631 -0.108553 0.086104 0.785547 0.603090
1784010415.955801010 11.797929 2.045385 -0.501612 -0.108592 0.086127 0.785559 0.603065
1784010415.960355043 11.797707 2.046172 -0.501589 -0.108627 0.086149 0.785569 0.603042
1784010415.965204000 11.797477 2.047003 -0.501569 -0.108557 0.086170 0.785597 0.603016
1784010415.970643044 11.797237 2.047908 -0.501559 -0.108689 0.086246 0.785598 0.602980
1784010415.975044966 11.797069 2.048608 -0.501560 -0.108797 0.086309 0.785598 0.602951
1784010415.980480909 11.796874 2.049436 -0.501570 -0.108762 0.086272 0.785611 0.602946
1784010415.984977007 11.796721 2.050118 -0.501580 -0.108735 0.086244 0.785621 0.602942
1784010415.990731001 11.796517 2.050980 -0.501595 -0.108631 0.086335 0.785644 0.602918
1784010415.995002031 11.796387 2.051603 -0.501623 -0.108555 0.086406 0.785660 0.602900
1784010416.000746965 11.796213 2.052421 -0.501660 -0.108623 0.086438 0.785683 0.602853
1784010416.004992008 11.796101 2.053024 -0.501682 -0.108675 0.086465 0.785699 0.602819
1784010416.010895967 11.795933 2.053857 -0.501707 -0.108594 0.086316 0.785716 0.602833
1784010416.014938116 11.795823 2.054432 -0.501729 -0.108540 0.086217 0.785727 0.602843
1784010416.020254135 11.795682 2.055155 -0.501765 -0.108650 0.086446 0.785721 0.602798
1784010416.020254135 11.795682 2.055155 -0.501765 -0.108650 0.086446 0.785721 0.602798
1784010416.020751953 11.795663 2.055216 -0.501766 -0.108661 0.086469 0.785720 0.602794
1784010416.024802923 11.795507 2.055691 -0.501772 -0.108747 0.086650 0.785709 0.602766
1784010416.030792952 11.795274 2.056383 -0.501769 -0.108656 0.086520 0.785723 0.602784
1784010416.035307884 11.795104 2.056941 -0.501750 -0.108590 0.086424 0.785733 0.602796
1784010416.040756941 11.794904 2.057600 -0.501720 -0.108652 0.086572 0.785724 0.602775
1784010416.044972897 11.794771 2.058076 -0.501710 -0.108702 0.086687 0.785717 0.602759
1784010416.050750017 11.794588 2.058696 -0.501706 -0.108628 0.086540 0.785738 0.602765
1784010416.054738045 11.794468 2.059134 -0.501709 -0.108579 0.086440 0.785753 0.602769
1784010416.060343027 11.794298 2.059748 -0.501705 -0.108782 0.086615 0.785743 0.602720
1784010416.064981937 11.794174 2.060234 -0.501719 -0.108766 0.086682 0.785750 0.602706
1784010416.070789099 11.794014 2.060827 -0.501747 -0.108637 0.086448 0.785765 0.602742
1784010416.075031996 11.793906 2.061278 -0.501763 -0.108706 0.086486 0.785769 0.602720
1784010416.080754042 11.793766 2.061877 -0.501777 -0.108879 0.086793 0.785753 0.602664
1784010416.084784985 11.793690 2.062269 -0.501802 -0.108905 0.086855 0.785744 0.602663
1784010416.090717077 11.793582 2.062782 -0.501839 -0.108778 0.086693 0.785757 0.602692
1784010416.095139027 11.793520 2.063158 -0.501860 -0.108712 0.086620 0.785751 0.602722
1784010416.100795984 11.793428 2.063656 -0.501858 -0.108816 0.086750 0.785740 0.602699
1784010416.104963064 11.793367 2.064025 -0.501852 -0.108880 0.086797 0.785736 0.602686
1784010416.110809088 11.793288 2.064496 -0.501857 -0.108720 0.086677 0.785764 0.602695
1784010416.114821911 11.793254 2.064794 -0.501876 -0.108680 0.086610 0.785770 0.602704
1784010416.120365143 11.793211 2.065184 -0.501903 -0.108684 0.086617 0.785754 0.602724
1784010416.120365143 11.793211 2.065184 -0.501903 -0.108684 0.086617 0.785754 0.602724
1784010416.120721102 11.793204 2.065206 -0.501903 -0.108684 0.086619 0.785753 0.602725
1784010416.125025034 11.793111 2.065479 -0.501908 -0.108694 0.086651 0.785755 0.602716
1784010416.130734921 11.792973 2.065838 -0.501901 -0.108841 0.086703 0.785754 0.602683
1784010416.135140896 11.792878 2.066106 -0.501892 -0.108844 0.086702 0.785772 0.602659
1784010416.140778065 11.792758 2.066433 -0.501885 -0.108674 0.086595 0.785808 0.602658
1784010416.145158052 11.792670 2.066694 -0.501878 -0.108685 0.086573 0.785824 0.602638
1784010416.150615931 11.792557 2.067017 -0.501871 -0.108780 0.086626 0.785834 0.602601
1784010416.154740095 11.792483 2.067257 -0.501873 -0.108780 0.086593 0.785845 0.602591
1784010416.160579920 11.792378 2.067584 -0.501881 -0.108785 0.086534 0.785864 0.602574
1784010416.164906025 11.792319 2.067821 -0.501889 -0.108797 0.086649 0.785874 0.602543
1784010416.170710087 11.792238 2.068114 -0.501907 -0.108806 0.086674 0.785878 0.602531
1784010416.174832106 11.792190 2.068320 -0.501923 -0.108830 0.086629 0.785880 0.602531
1784010416.180674076 11.792129 2.068591 -0.501930 -0.108935 0.086742 0.785881 0.602495
1784010416.185043097 11.792105 2.068766 -0.501936 -0.108930 0.086797 0.785884 0.602483
1784010416.190720081 11.792078 2.068954 -0.501947 -0.108827 0.086673 0.785905 0.602493
1784010416.194928885 11.792069 2.069089 -0.501948 -0.108818 0.086634 0.785914 0.602488
1784010416.200737953 11.792054 2.069277 -0.501937 -0.108802 0.086693 0.785926 0.602467
1784010416.205095053 11.792050 2.069419 -0.501927 -0.108822 0.086692 0.785929 0.602459
1784010416.210947037 11.792044 2.069593 -0.501921 -0.108778 0.086610 0.785950 0.602452
1784010416.214901924 11.792054 2.069713 -0.501926 -0.108690 0.086580 0.785972 0.602444
1784010416.220539093 11.792061 2.069878 -0.501939 -0.108823 0.086643 0.785969 0.602415
1784010416.220539093 11.792061 2.069878 -0.501939 -0.108823 0.086643 0.785969 0.602415
1784010416.220742941 11.792059 2.069882 -0.501939 -0.108828 0.086645 0.785968 0.602415
1784010416.224944115 11.792017 2.069957 -0.501942 -0.108875 0.086719 0.785960 0.602406
1784010416.230779886 11.791955 2.070043 -0.501952 -0.108799 0.086658 0.785963 0.602425
1784010416.235204935 11.791916 2.070112 -0.501956 -0.108891 0.086661 0.785948 0.602427
1784010416.240839958 11.791876 2.070175 -0.501951 -0.108961 0.086845 0.785932 0.602408
1784010416.245033979 11.791861 2.070200 -0.501953 -0.108888 0.086807 0.785932 0.602427
1784010416.250730991 11.791838 2.070211 -0.501950 -0.108876 0.086676 0.785923 0.602460
1784010416.254771948 11.791838 2.070214 -0.501941 -0.108905 0.086728 0.785913 0.602460
1784010416.260399103 11.791839 2.070187 -0.501933 -0.108911 0.086765 0.785892 0.602482
1784010416.265084028 11.791853 2.070143 -0.501933 -0.108919 0.086701 0.785882 0.602502
1784010416.270457029 11.791878 2.070069 -0.501932 -0.108859 0.086718 0.785877 0.602517
1784010416.274996996 11.791909 2.069995 -0.501933 -0.108891 0.086731 0.785857 0.602536
1784010416.280484915 11.791951 2.069882 -0.501933 -0.108957 0.086752 0.785836 0.602548
1784010416.285001993 11.791999 2.069774 -0.501932 -0.108901 0.086755 0.785840 0.602553
1784010416.290941954 11.792061 2.069611 -0.501932 -0.108920 0.086700 0.785827 0.602574
1784010416.294856071 11.792115 2.069500 -0.501931 -0.108924 0.086710 0.785819 0.602583
1784010416.300720930 11.792195 2.069311 -0.501930 -0.108857 0.086707 0.785816 0.602599
1784010416.304969072 11.792262 2.069171 -0.501933 -0.108876 0.086668 0.785807 0.602613
1784010416.310810089 11.792353 2.068969 -0.501936 -0.108893 0.086683 0.785787 0.602633
1784010416.314939022 11.792430 2.068826 -0.501941 -0.108894 0.086693 0.785776 0.602646
1784010416.320545197 11.792531 2.068626 -0.501947 -0.108886 0.086662 0.785761 0.602672
1784010416.320545197 11.792531 2.068626 -0.501947 -0.108886 0.086662 0.785761 0.602672
1784010416.320717096 11.792531 2.068619 -0.501946 -0.108885 0.086661 0.785761 0.602672
1784010416.324778080 11.792548 2.068449 -0.501933 -0.108877 0.086658 0.785759 0.602676
1784010416.330741882 11.792563 2.068197 -0.501910 -0.108920 0.086660 0.785751 0.602678
1784010416.335222960 11.792587 2.068010 -0.501896 -0.108928 0.086664 0.785751 0.602677
1784010416.340415955 11.792614 2.067793 -0.501880 -0.108909 0.086663 0.785755 0.602676
1784010416.344974995 11.792643 2.067604 -0.501867 -0.108919 0.086659 0.785751 0.602679
1784010416.350756884 11.792676 2.067364 -0.501850 -0.108919 0.086664 0.785750 0.602680
1784010416.354820013 11.792710 2.067199 -0.501841 -0.108920 0.086673 0.785750 0.602678
1784010416.360733032 11.792751 2.066957 -0.501826 -0.108924 0.086674 0.785750 0.602678
1784010416.364989996 11.792792 2.066787 -0.501817 -0.108918 0.086685 0.785750 0.602677
1784010416.370745897 11.792842 2.066556 -0.501803 -0.108913 0.086688 0.785751 0.602676
1784010416.374826908 11.792888 2.066396 -0.501795 -0.108909 0.086690 0.785754 0.602672
1784010416.380637884 11.792946 2.066168 -0.501783 -0.108924 0.086705 0.785759 0.602661
1784010416.384768963 11.792997 2.066011 -0.501776 -0.108938 0.086712 0.785758 0.602659
1784010416.390774012 11.793063 2.065781 -0.501765 -0.108923 0.086716 0.785764 0.602654
1784010416.395117998 11.793123 2.065620 -0.501759 -0.108918 0.086720 0.785764 0.602654
1784010416.400701046 11.793196 2.065414 -0.501750 -0.108923 0.086728 0.785758 0.602659
1784010416.404828072 11.793260 2.065267 -0.501745 -0.108939 0.086733 0.785754 0.602662
1784010416.410928965 11.793344 2.065048 -0.501738 -0.108936 0.086737 0.785755 0.602660
1784010416.415009975 11.793412 2.064907 -0.501735 -0.108933 0.086741 0.785752 0.602663
1784010416.420519114 11.793499 2.064717 -0.501731 -0.108935 0.086739 0.785745 0.602673
1784010416.420519114 11.793499 2.064717 -0.501731 -0.108935 0.086739 0.785745 0.602673
1784010416.420897007 11.793499 2.064702 -0.501730 -0.108936 0.086739 0.785744 0.602674
1784010416.424894094 11.793499 2.064548 -0.501720 -0.108932 0.086743 0.785746 0.602671
1784010416.430722952 11.793491 2.064324 -0.501708 -0.108927 0.086750 0.785751 0.602665
1784010416.435168028 11.793494 2.064158 -0.501699 -0.108925 0.086754 0.785752 0.602663
1784010416.440715075 11.793496 2.063952 -0.501688 -0.108911 0.086754 0.785757 0.602658
1784010416.444793940 11.793507 2.063805 -0.501680 -0.108905 0.086754 0.785760 0.602656
1784010416.450679064 11.793512 2.063595 -0.501671 -0.108913 0.086755 0.785764 0.602650
1784010416.455200911 11.793526 2.063439 -0.501665 -0.108925 0.086760 0.785764 0.602646
1784010416.460690975 11.793540 2.063252 -0.501658 -0.108918 0.086761 0.785767 0.602643
1784010416.465264082 11.793560 2.063101 -0.501652 -0.108906 0.086761 0.785773 0.602639
1784010416.470674992 11.793582 2.062926 -0.501646 -0.108905 0.086756 0.785776 0.602635
1784010416.474769115 11.793607 2.062799 -0.501643 -0.108913 0.086758 0.785776 0.602634
1784010416.480627060 11.793635 2.062618 -0.501639 -0.108917 0.086760 0.785779 0.602629
1784010416.484919071 11.793666 2.062491 -0.501638 -0.108904 0.086766 0.785781 0.602627
1784010416.490690947 11.793701 2.062322 -0.501637 -0.108886 0.086771 0.785787 0.602622
1784010416.495115042 11.793737 2.062199 -0.501638 -0.108879 0.086782 0.785789 0.602620
1784010416.500718117 11.793778 2.062046 -0.501639 -0.108877 0.086787 0.785789 0.602618
1784010416.505002022 11.793818 2.061934 -0.501641 -0.108875 0.086791 0.785792 0.602615
1784010416.510727882 11.793867 2.061787 -0.501644 -0.108871 0.086787 0.785796 0.602611
1784010416.514977932 11.793913 2.061684 -0.501647 -0.108860 0.086789 0.785799 0.602609
1784010416.520347118 11.793966 2.061556 -0.501652 -0.108853 0.086795 0.785807 0.602599
1784010416.520347118 11.793966 2.061556 -0.501652 -0.108853 0.086795 0.785807 0.602599
1784010416.520687103 11.793966 2.061546 -0.501652 -0.108853 0.086796 0.785806 0.602599
1784010416.524949074 11.793960 2.061425 -0.501649 -0.108855 0.086791 0.785800 0.602608
1784010416.530713081 11.793948 2.061262 -0.501646 -0.108834 0.086791 0.785795 0.602618
1784010416.535075903 11.793946 2.061146 -0.501644 -0.108826 0.086791 0.785791 0.602625
1784010416.540699005 11.793942 2.060998 -0.501641 -0.108809 0.086787 0.785788 0.602632
1784010416.544998884 11.793946 2.060892 -0.501639 -0.108798 0.086790 0.785783 0.602641
1784010416.550698996 11.793948 2.060753 -0.501638 -0.108793 0.086790 0.785773 0.602654
1784010416.555072069 11.793957 2.060653 -0.501638 -0.108783 0.086793 0.785772 0.602657
1784010416.560723066 11.793965 2.060526 -0.501639 -0.108773 0.086786 0.785768 0.602666
1784010416.565133095 11.793978 2.060433 -0.501641 -0.108767 0.086781 0.785763 0.602674
1784010416.570858002 11.793992 2.060316 -0.501643 -0.108746 0.086788 0.785755 0.602687
1784010416.575220108 11.794009 2.060233 -0.501646 -0.108739 0.086786 0.785753 0.602691
1784010416.580705881 11.794030 2.060132 -0.501650 -0.108730 0.086774 0.785749 0.602699
1784010416.584880114 11.794052 2.060062 -0.501654 -0.108718 0.086773 0.785747 0.602704
1784010416.590666056 11.794079 2.059965 -0.501660 -0.108707 0.086769 0.785740 0.602716
1784010416.594924927 11.794106 2.059901 -0.501665 -0.108706 0.086765 0.785735 0.602723
1784010416.600651026 11.794138 2.059818 -0.501673 -0.108699 0.086752 0.785728 0.602736
1784010416.604990005 11.794169 2.059762 -0.501680 -0.108690 0.086749 0.785723 0.602744
1784010416.610765934 11.794208 2.059690 -0.501689 -0.108671 0.086747 0.785718 0.602754
1784010416.614937067 11.794244 2.059645 -0.501697 -0.108669 0.086743 0.785716 0.602758
1784010416.620491982 11.794289 2.059588 -0.501707 -0.108658 0.086738 0.785706 0.602774
1784010416.620491982 11.794289 2.059588 -0.501707 -0.108658 0.086738 0.785706 0.602774
1784010416.620726109 11.794288 2.059584 -0.501706 -0.108658 0.086738 0.785706 0.602774
1784010416.624841928 11.794281 2.059514 -0.501701 -0.108652 0.086740 0.785703 0.602778
1784010416.630733967 11.794264 2.059412 -0.501693 -0.108642 0.086738 0.785702 0.602781
1784010416.635206938 11.794259 2.059344 -0.501690 -0.108647 0.086733 0.785698 0.602787
1784010416.640692949 11.794251 2.059262 -0.501685 -0.108653 0.086722 0.785690 0.602797
1784010416.645060062 11.794251 2.059205 -0.501683 -0.108650 0.086715 0.785688 0.602802
1784010416.650712967 11.794249 2.059132 -0.501679 -0.108647 0.086710 0.785685 0.602807
1784010416.654969931 11.794255 2.059084 -0.501679 -0.108652 0.086709 0.785682 0.602811
1784010416.660681963 11.794259 2.059021 -0.501678 -0.108656 0.086700 0.785674 0.602821
1784010416.665240049 11.794269 2.058979 -0.501679 -0.108649 0.086706 0.785674 0.602822
1784010416.670703888 11.794279 2.058930 -0.501681 -0.108634 0.086703 0.785673 0.602825
1784010416.674792051 11.794294 2.058901 -0.501684 -0.108633 0.086703 0.785670 0.602830
1784010416.680701017 11.794309 2.058859 -0.501688 -0.108625 0.086703 0.785669 0.602833
1784010416.685137987 11.794329 2.058835 -0.501692 -0.108626 0.086699 0.785667 0.602836
1784010416.690865040 11.794353 2.058807 -0.501698 -0.108628 0.086696 0.785660 0.602845
1784010416.694704056 11.794376 2.058795 -0.501703 -0.108635 0.086690 0.785658 0.602848
1784010416.700866938 11.794406 2.058775 -0.501711 -0.108624 0.086687 0.785659 0.602849
1784010416.704901934 11.794434 2.058771 -0.501718 -0.108624 0.086689 0.785658 0.602850
1784010416.710755110 11.794470 2.058764 -0.501728 -0.108625 0.086683 0.785653 0.602856
1784010416.715102911 11.794504 2.058767 -0.501738 -0.108620 0.086686 0.785652 0.602858
1784010416.720185041 11.794545 2.058774 -0.501749 -0.108623 0.086677 0.785652 0.602859
1784010416.720185041 11.794545 2.058774 -0.501749 -0.108623 0.086677 0.785652 0.602859
1784010416.720896959 11.794542 2.058770 -0.501747 -0.108624 0.086676 0.785653 0.602858
1784010416.724945068 11.794519 2.058745 -0.501738 -0.108628 0.086668 0.785655 0.602855
1784010416.730674982 11.794479 2.058709 -0.501724 -0.108632 0.086655 0.785660 0.602851
1784010416.735033035 11.794456 2.058689 -0.501715 -0.108637 0.086647 0.785662 0.602847
1784010416.740685940 11.794423 2.058664 -0.501703 -0.108629 0.086651 0.785669 0.602840
1784010416.745050907 11.794406 2.058652 -0.501695 -0.108630 0.086648 0.785669 0.602840
1784010416.750684023 11.794380 2.058638 -0.501684 -0.108633 0.086638 0.785672 0.602837
1784010416.754992008 11.794369 2.058633 -0.501677 -0.108633 0.086635 0.785674 0.602835
1784010416.760262012 11.794353 2.058630 -0.501668 -0.108637 0.086630 0.785677 0.602831
1784010416.764723063 11.794346 2.058632 -0.501662 -0.108642 0.086622 0.785676 0.602832
1784010416.770589113 11.794332 2.058635 -0.501654 -0.108644 0.086617 0.785678 0.602830
1784010416.774858952 11.794330 2.058645 -0.501651 -0.108644 0.086615 0.785684 0.602822
1784010416.780750990 11.794321 2.058658 -0.501644 -0.108643 0.086609 0.785690 0.602816
1784010416.785047054 11.794325 2.058675 -0.501642 -0.108646 0.086608 0.785689 0.602817
1784010416.790765047 11.794326 2.058698 -0.501638 -0.108644 0.086598 0.785695 0.602810
1784010416.794881105 11.794336 2.058721 -0.501637 -0.108643 0.086598 0.785699 0.602805
1784010416.800671101 11.794344 2.058753 -0.501635 -0.108649 0.086589 0.785702 0.602802
1784010416.804893970 11.794359 2.058783 -0.501637 -0.108652 0.086588 0.785701 0.602803
1784010416.810842037 11.794373 2.058823 -0.501637 -0.108648 0.086584 0.785704 0.602800
1784010416.814914942 11.794393 2.058859 -0.501640 -0.108646 0.086582 0.785706 0.602798
1784010416.820525169 11.794415 2.058906 -0.501642 -0.108651 0.086574 0.785712 0.602791
1784010416.820525169 11.794415 2.058906 -0.501642 -0.108651 0.086574 0.785712 0.602791
1784010416.820736885 11.794413 2.058907 -0.501641 -0.108652 0.086574 0.785712 0.602791
1784010416.824809074 11.794383 2.058911 -0.501631 -0.108661 0.086577 0.785711 0.602790
1784010416.830701113 11.794336 2.058915 -0.501615 -0.108664 0.086576 0.785707 0.602795
1784010416.835222006 11.794308 2.058925 -0.501605 -0.108668 0.086575 0.785706 0.602795
1784010416.840676069 11.794274 2.058937 -0.501593 -0.108677 0.086565 0.785707 0.602794
1784010416.844844103 11.794254 2.058952 -0.501586 -0.108677 0.086571 0.785710 0.602789
1784010416.850543976 11.794223 2.058970 -0.501576 -0.108677 0.086573 0.785713 0.602785
1784010416.854924917 11.794207 2.058991 -0.501570 -0.108687 0.086568 0.785713 0.602784
1784010416.860855103 11.794183 2.059017 -0.501561 -0.108689 0.086567 0.785711 0.602787
1784010416.864670038 11.794177 2.059041 -0.501556 -0.108697 0.086565 0.785710 0.602786
1784010416.870366096 11.794162 2.059073 -0.501550 -0.108700 0.086568 0.785709 0.602786
1784010416.874967098 11.794158 2.059104 -0.501546 -0.108693 0.086578 0.785711 0.602784
1784010416.880494118 11.794152 2.059141 -0.501542 -0.108693 0.086576 0.785711 0.602784
1784010416.885029078 11.794153 2.059176 -0.501540 -0.108699 0.086573 0.785712 0.602782
1784010416.890675068 11.794154 2.059220 -0.501538 -0.108699 0.086571 0.785712 0.602782
1784010416.895188093 11.794162 2.059260 -0.501537 -0.108701 0.086571 0.785712 0.602782
1784010416.900428057 11.794173 2.059307 -0.501536 -0.108702 0.086574 0.785714 0.602779
1784010416.904831886 11.794187 2.059350 -0.501536 -0.108715 0.086565 0.785712 0.602781
1784010416.910697937 11.794204 2.059406 -0.501537 -0.108723 0.086557 0.785714 0.602777
1784010416.915034056 11.794224 2.059452 -0.501539 -0.108725 0.086563 0.785719 0.602770
1784010416.920346975 11.794248 2.059509 -0.501542 -0.108723 0.086564 0.785722 0.602766
1784010416.920346975 11.794248 2.059509 -0.501542 -0.108723 0.086564 0.785722 0.602766
1784010416.920689106 11.794247 2.059510 -0.501541 -0.108723 0.086564 0.785722 0.602766
1784010416.924920082 11.794221 2.059517 -0.501537 -0.108720 0.086574 0.785721 0.602767
1784010416.930682898 11.794183 2.059523 -0.501531 -0.108718 0.086576 0.785719 0.602770
1784010416.935220003 11.794162 2.059532 -0.501528 -0.108721 0.086578 0.785717 0.602771
1784010416.940378904 11.794139 2.059543 -0.501525 -0.108724 0.086583 0.785713 0.602775
1784010416.944807053 11.794124 2.059556 -0.501523 -0.108724 0.086589 0.785708 0.602780
1784010416.950711966 11.794101 2.059570 -0.501521 -0.108721 0.086598 0.785705 0.602784
1784010416.954823971 11.794095 2.059585 -0.501521 -0.108721 0.086606 0.785703 0.602785
1784010416.960824966 11.794080 2.059603 -0.501521 -0.108724 0.086600 0.785700 0.602790
1784010416.964946985 11.794079 2.059622 -0.501522 -0.108724 0.086603 0.785697 0.602793
1784010416.970272064 11.794078 2.059643 -0.501522 -0.108729 0.086602 0.785694 0.602797
1784010416.975179911 11.794082 2.059666 -0.501524 -0.108737 0.086596 0.785693 0.602797
1784010416.980662107 11.794088 2.059691 -0.501527 -0.108744 0.086597 0.785689 0.602801
1784010416.984822035 11.794100 2.059715 -0.501530 -0.108747 0.086602 0.785686 0.602804
1784010416.990686893 11.794112 2.059744 -0.501536 -0.108744 0.086616 0.785684 0.602804
1784010416.995109081 11.794130 2.059771 -0.501541 -0.108749 0.086619 0.785679 0.602809
1784010417.000714064 11.794152 2.059803 -0.501548 -0.108757 0.086613 0.785674 0.602815
1784010417.004872084 11.794177 2.059832 -0.501554 -0.108755 0.086617 0.785673 0.602817
1784010417.010649920 11.794207 2.059868 -0.501563 -0.108761 0.086614 0.785673 0.602816
1784010417.014905930 11.794238 2.059901 -0.501570 -0.108765 0.086615 0.785672 0.602817
1784010417.020176172 11.794275 2.059938 -0.501579 -0.108768 0.086625 0.785670 0.602816
1784010417.020176172 11.794275 2.059938 -0.501579 -0.108768 0.086625 0.785670 0.602816
1784010417.020813942 11.794272 2.059938 -0.501578 -0.108768 0.086626 0.785671 0.602816
1784010417.024926901 11.794246 2.059932 -0.501571 -0.108775 0.086623 0.785674 0.602811
1784010417.030709982 11.794204 2.059918 -0.501560 -0.108774 0.086618 0.785676 0.602809
1784010417.035070896 11.794183 2.059913 -0.501553 -0.108773 0.086614 0.785680 0.602805
1784010417.040844917 11.794150 2.059903 -0.501543 -0.108767 0.086609 0.785682 0.602803
1784010417.044668913 11.794139 2.059902 -0.501538 -0.108768 0.086611 0.785686 0.602798
1784010417.050703049 11.794112 2.059893 -0.501529 -0.108771 0.086609 0.785690 0.602793
1784010417.054873943 11.794105 2.059893 -0.501526 -0.108780 0.086607 0.785690 0.602791
1784010417.060667992 11.794088 2.059888 -0.501521 -0.108785 0.086604 0.785697 0.602781
1784010417.065366983 11.794083 2.059889 -0.501518 -0.108782 0.086605 0.785702 0.602775
1784010417.070166111 11.794082 2.059891 -0.501516 -0.108774 0.086609 0.785705 0.602773
1784010417.075086117 11.794083 2.059894 -0.501514 -0.108772 0.086608 0.785707 0.602770
1784010417.080718040 11.794086 2.059896 -0.501512 -0.108765 0.086606 0.785714 0.602762
1784010417.085055113 11.794097 2.059903 -0.501512 -0.108764 0.086609 0.785719 0.602757
1784010417.090675116 11.794107 2.059908 -0.501512 -0.108776 0.086602 0.785719 0.602755
1784010417.094892025 11.794124 2.059917 -0.501514 -0.108773 0.086608 0.785718 0.602755
1784010417.100734949 11.794141 2.059926 -0.501516 -0.108780 0.086602 0.785724 0.602747
1784010417.105098963 11.794164 2.059937 -0.501520 -0.108781 0.086600 0.785726 0.602745
1784010417.110730886 11.794191 2.059949 -0.501524 -0.108770 0.086603 0.785733 0.602738
1784010417.114815950 11.794221 2.059962 -0.501529 -0.108763 0.086607 0.785737 0.602733
1784010417.120357990 11.794257 2.059977 -0.501533 -0.108762 0.086602 0.785741 0.602729
1784010417.120357990 11.794257 2.059977 -0.501533 -0.108762 0.086602 0.785741 0.602729
1784010417.120680094 11.794255 2.059975 -0.501533 -0.108762 0.086602 0.785741 0.602729
1784010417.124990940 11.794224 2.059953 -0.501527 -0.108759 0.086606 0.785742 0.602728
1784010417.130686045 11.794177 2.059921 -0.501520 -0.108757 0.086603 0.785742 0.602728
1784010417.134912014 11.794153 2.059902 -0.501515 -0.108752 0.086608 0.785745 0.602725
1784010417.140681028 11.794115 2.059873 -0.501508 -0.108752 0.086611 0.785744 0.602725
1784010417.144795895 11.794097 2.059857 -0.501504 -0.108754 0.086615 0.785744 0.602725
1784010417.150685072 11.794065 2.059830 -0.501499 -0.108743 0.086617 0.785746 0.602724
1784010417.154992104 11.794052 2.059815 -0.501496 -0.108736 0.086621 0.785747 0.602723
1784010417.160851002 11.794030 2.059791 -0.501491 -0.108727 0.086621 0.785751 0.602719
1784010417.165036917 11.794025 2.059779 -0.501490 -0.108728 0.086625 0.785754 0.602715
1784010417.170144081 11.794016 2.059764 -0.501488 -0.108730 0.086619 0.785754 0.602715
1784010417.175157070 11.794012 2.059750 -0.501486 -0.108724 0.086624 0.785754 0.602715
1784010417.180864096 11.794008 2.059735 -0.501485 -0.108720 0.086623 0.785755 0.602716
1784010417.184895039 11.794015 2.059729 -0.501485 -0.108718 0.086625 0.785754 0.602716
1784010417.190690994 11.794019 2.059716 -0.501486 -0.108712 0.086631 0.785756 0.602714
1784010417.194740057 11.794031 2.059713 -0.501488 -0.108710 0.086637 0.785756 0.602713
1784010417.200673103 11.794043 2.059703 -0.501491 -0.108712 0.086632 0.785751 0.602720
1784010417.204858065 11.794062 2.059702 -0.501494 -0.108715 0.086630 0.785747 0.602725
1784010417.210663080 11.794083 2.059698 -0.501498 -0.108712 0.086633 0.785745 0.602728
1784010417.214972973 11.794108 2.059700 -0.501502 -0.108711 0.086637 0.785743 0.602730
1784010417.220580101 11.794138 2.059700 -0.501509 -0.108715 0.086635 0.785740 0.602734
1784010417.220580101 11.794138 2.059700 -0.501509 -0.108715 0.086635 0.785740 0.602734
1784010417.220860004 11.794137 2.059698 -0.501509 -0.108716 0.086635 0.785739 0.602734
1784010417.224859953 11.794114 2.059669 -0.501508 -0.108719 0.086637 0.785729 0.602746
1784010417.230671883 11.794077 2.059623 -0.501508 -0.108707 0.086647 0.785714 0.602767
1784010417.235162020 11.794055 2.059591 -0.501511 -0.108700 0.086655 0.785704 0.602781
1784010417.240453959 11.794030 2.059554 -0.501515 -0.108690 0.086656 0.785697 0.602792
1784010417.244904041 11.794016 2.059527 -0.501518 -0.108682 0.086656 0.785692 0.602800
1784010417.250699043 11.793996 2.059490 -0.501521 -0.108680 0.086643 0.785679 0.602818
1784010417.254961967 11.793990 2.059469 -0.501522 -0.108681 0.086634 0.785671 0.602830
1784010417.260448933 11.793981 2.059440 -0.501522 -0.108697 0.086632 0.785660 0.602842
1784010417.264656067 11.793982 2.059423 -0.501524 -0.108711 0.086631 0.785652 0.602850
1784010417.269804955 11.793982 2.059401 -0.501526 -0.108710 0.086642 0.785645 0.602857
1784010417.274974108 11.793985 2.059381 -0.501529 -0.108700 0.086652 0.785634 0.602872
1784010417.280611038 11.793990 2.059360 -0.501536 -0.108684 0.086648 0.785627 0.602885
1784010417.284878969 11.794003 2.059350 -0.501542 -0.108673 0.086646 0.785623 0.602893
1784010417.290659904 11.794016 2.059334 -0.501549 -0.108677 0.086645 0.785610 0.602908
1784010417.294929981 11.794036 2.059329 -0.501555 -0.108682 0.086646 0.785602 0.602918
1784010417.300801039 11.794058 2.059319 -0.501562 -0.108684 0.086652 0.785591 0.602931
1784010417.304758072 11.794082 2.059318 -0.501568 -0.108688 0.086658 0.785584 0.602938
1784010417.310656071 11.794112 2.059313 -0.501577 -0.108682 0.086653 0.785570 0.602958
1784010417.314938068 11.794141 2.059315 -0.501586 -0.108680 0.086651 0.785562 0.602970
1784010417.320327044 11.794177 2.059317 -0.501597 -0.108674 0.086645 0.785548 0.602990
1784010417.320327044 11.794177 2.059317 -0.501597 -0.108674 0.086645 0.785548 0.602990
1784010417.320671082 11.794176 2.059315 -0.501597 -0.108674 0.086645 0.785548 0.602990
1784010417.324748993 11.794155 2.059282 -0.501593 -0.108673 0.086640 0.785542 0.602998
1784010417.330670118 11.794119 2.059231 -0.501586 -0.108670 0.086644 0.785540 0.603001
1784010417.335078955 11.794102 2.059200 -0.501582 -0.108669 0.086648 0.785539 0.603003
1784010417.340667009 11.794078 2.059159 -0.501577 -0.108663 0.086657 0.785534 0.603009
1784010417.344780922 11.794069 2.059134 -0.501576 -0.108672 0.086652 0.785531 0.603012
1784010417.350740910 11.794048 2.059095 -0.501573 -0.108675 0.086648 0.785525 0.603019
1784010417.355125904 11.794043 2.059072 -0.501573 -0.108681 0.086636 0.785523 0.603023
1784010417.360652924 11.794035 2.059043 -0.501573 -0.108677 0.086628 0.785521 0.603027
1784010417.364829063 11.794038 2.059027 -0.501575 -0.108663 0.086634 0.785521 0.603029
1784010417.370709896 11.794036 2.059000 -0.501578 -0.108662 0.086631 0.785517 0.603034
1784010417.374908924 11.794044 2.058988 -0.501583 -0.108660 0.086630 0.785516 0.603037
1784010417.380688906 11.794050 2.058968 -0.501589 -0.108665 0.086628 0.785512 0.603041
1784010417.384980917 11.794062 2.058960 -0.501595 -0.108671 0.086625 0.785508 0.603045
1784010417.390527010 11.794076 2.058947 -0.501602 -0.108668 0.086629 0.785504 0.603050
1784010417.394649029 11.794094 2.058944 -0.501608 -0.108671 0.086629 0.785501 0.603054
1784010417.400618076 11.794115 2.058936 -0.501616 -0.108675 0.086622 0.785494 0.603064
1784010417.404795885 11.794140 2.058937 -0.501623 -0.108679 0.086622 0.785492 0.603066
1784010417.410623074 11.794169 2.058935 -0.501632 -0.108684 0.086599 0.785487 0.603075
1784010417.414820910 11.794200 2.058940 -0.501642 -0.108682 0.086599 0.785482 0.603081
1784010417.420612097 11.794236 2.058944 -0.501654 -0.108677 0.086601 0.785478 0.603087
1784010417.420612097 11.794236 2.058944 -0.501654 -0.108677 0.086601 0.785478 0.603087
1784010417.420700073 11.794235 2.058943 -0.501654 -0.108676 0.086601 0.785478 0.603087
1784010417.424757957 11.794208 2.058913 -0.501648 -0.108678 0.086600 0.785479 0.603085
1784010417.430722952 11.794163 2.058866 -0.501636 -0.108666 0.086608 0.785479 0.603087
1784010417.434988022 11.794140 2.058838 -0.501630 -0.108659 0.086610 0.785481 0.603084
1784010417.440707922 11.794106 2.058799 -0.501619 -0.108648 0.086608 0.785488 0.603078
1784010417.444992065 11.794090 2.058776 -0.501613 -0.108645 0.086606 0.785491 0.603075
1784010417.450787067 11.794063 2.058742 -0.501605 -0.108643 0.086587 0.785496 0.603072
1784010417.454724073 11.794054 2.058725 -0.501602 -0.108638 0.086584 0.785498 0.603070
1784010417.460622072 11.794033 2.058697 -0.501596 -0.108625 0.086584 0.785503 0.603066
1784010417.464890957 11.794027 2.058683 -0.501594 -0.108619 0.086586 0.785503 0.603067
1784010417.470691919 11.794016 2.058661 -0.501589 -0.108598 0.086591 0.785507 0.603065
1784010417.474852085 11.794018 2.058652 -0.501587 -0.108596 0.086587 0.785507 0.603066
1784010417.480667114 11.794015 2.058636 -0.501583 -0.108587 0.086582 0.785510 0.603064
1784010417.484906912 11.794022 2.058631 -0.501581 -0.108578 0.086588 0.785512 0.603062
1784010417.490446091 11.794027 2.058622 -0.501578 -0.108573 0.086585 0.785513 0.603062
1784010417.494879961 11.794039 2.058621 -0.501578 -0.108566 0.086590 0.785517 0.603058
1784010417.500699043 11.794051 2.058617 -0.501577 -0.108561 0.086584 0.785522 0.603053
1784010417.505008936 11.794069 2.058620 -0.501579 -0.108564 0.086577 0.785524 0.603051
1784010417.510669947 11.794089 2.058622 -0.501580 -0.108543 0.086579 0.785532 0.603044
1784010417.514853001 11.794113 2.058630 -0.501583 -0.108535 0.086579 0.785535 0.603042
1784010417.520328045 11.794141 2.058639 -0.501587 -0.108524 0.086575 0.785536 0.603043
1784010417.520328045 11.794141 2.058639 -0.501587 -0.108524 0.086575 0.785536 0.603043
1784010417.520683050 11.794139 2.058637 -0.501587 -0.108525 0.086575 0.785536 0.603043
1784010417.524915934 11.794115 2.058611 -0.501578 -0.108533 0.086577 0.785539 0.603037
1784010417.530668974 11.794079 2.058573 -0.501567 -0.108544 0.086575 0.785548 0.603023
1784010417.535048008 11.794059 2.058550 -0.501559 -0.108548 0.086579 0.785553 0.603016
1784010417.540657043 11.794033 2.058519 -0.501550 -0.108557 0.086578 0.785558 0.603007
1784010417.544893026 11.794021 2.058500 -0.501545 -0.108565 0.086577 0.785562 0.603002
1784010417.550602913 11.794003 2.058473 -0.501539 -0.108570 0.086582 0.785569 0.602991
1784010417.554846048 11.793996 2.058458 -0.501536 -0.108581 0.086577 0.785572 0.602985
1784010417.560816050 11.793983 2.058434 -0.501532 -0.108597 0.086573 0.785579 0.602974
1784010417.565108061 11.793982 2.058422 -0.501530 -0.108600 0.086579 0.785584 0.602966
1784010417.570633888 11.793979 2.058407 -0.501528 -0.108610 0.086572 0.785589 0.602959
1784010417.574943066 11.793984 2.058399 -0.501526 -0.108623 0.086569 0.785594 0.602951
1784010417.580713034 11.793989 2.058387 -0.501525 -0.108633 0.086568 0.785598 0.602944
1784010417.584855080 11.794001 2.058384 -0.501525 -0.108639 0.086565 0.785600 0.602940
1784010417.590792894 11.794014 2.058376 -0.501526 -0.108651 0.086562 0.785606 0.602930
1784010417.594748974 11.794030 2.058377 -0.501529 -0.108666 0.086558 0.785608 0.602926
1784010417.600642920 11.794050 2.058374 -0.501533 -0.108663 0.086568 0.785617 0.602913
1784010417.604818106 11.794073 2.058379 -0.501537 -0.108670 0.086576 0.785620 0.602906
1784010417.610671997 11.794101 2.058381 -0.501542 -0.108693 0.086562 0.785628 0.602895
1784010417.614945889 11.794131 2.058389 -0.501547 -0.108704 0.086560 0.785632 0.602887
1784010417.620228052 11.794167 2.058397 -0.501553 -0.108723 0.086556 0.785634 0.602882
1784010417.620228052 11.794167 2.058397 -0.501553 -0.108723 0.086556 0.785634 0.602882
1784010417.620553017 11.794166 2.058396 -0.501552 -0.108723 0.086556 0.785633 0.602883
1784010417.624804974 11.794148 2.058370 -0.501548 -0.108712 0.086562 0.785628 0.602892
1784010417.630700111 11.794120 2.058332 -0.501542 -0.108690 0.086572 0.785617 0.602907
1784010417.635061979 11.794107 2.058309 -0.501540 -0.108686 0.086571 0.785609 0.602919
1784010417.640708923 11.794088 2.058278 -0.501536 -0.108671 0.086576 0.785598 0.602935
1784010417.645014048 11.794082 2.058260 -0.501534 -0.108658 0.086586 0.785592 0.602944
1784010417.650624037 11.794072 2.058233 -0.501531 -0.108638 0.086588 0.785582 0.602961
1784010417.655033112 11.794072 2.058218 -0.501530 -0.108625 0.086598 0.785575 0.602970
1784010417.660532951 11.794071 2.058197 -0.501530 -0.108622 0.086593 0.785564 0.602986
1784010417.664896011 11.794077 2.058185 -0.501531 -0.108611 0.086597 0.785558 0.602995
1784010417.671005011 11.794080 2.058165 -0.501533 -0.108592 0.086597 0.785547 0.603014
1784010417.675369978 11.794091 2.058158 -0.501537 -0.108582 0.086595 0.785540 0.603024
1784010417.680356026 11.794106 2.058149 -0.501541 -0.108563 0.086602 0.785534 0.603034
1784010417.684971094 11.794124 2.058144 -0.501545 -0.108557 0.086602 0.785521 0.603053
1784010417.690596104 11.794146 2.058137 -0.501551 -0.108543 0.086604 0.785510 0.603068
1784010417.694936991 11.794171 2.058136 -0.501557 -0.108537 0.086614 0.785505 0.603075
1784010417.700598001 11.794200 2.058133 -0.501565 -0.108524 0.086615 0.785498 0.603086
1784010417.704873085 11.794230 2.058136 -0.501572 -0.108511 0.086619 0.785494 0.603093
1784010417.710691929 11.794268 2.058138 -0.501582 -0.108499 0.086617 0.785485 0.603107
1784010417.715039015 11.794305 2.058144 -0.501592 -0.108490 0.086615 0.785478 0.603119
1784010417.720386028 11.794350 2.058151 -0.501603 -0.108472 0.086621 0.785469 0.603132
1784010417.720386028 11.794350 2.058151 -0.501603 -0.108472 0.086621 0.785469 0.603132
1784010417.720588923 11.794348 2.058150 -0.501603 -0.108473 0.086621 0.785470 0.603132
1784010417.724919081 11.794325 2.058126 -0.501594 -0.108486 0.086613 0.785473 0.603127
1784010417.730632067 11.794290 2.058093 -0.501583 -0.108489 0.086612 0.785478 0.603119
1784010417.734996080 11.794273 2.058072 -0.501576 -0.108494 0.086618 0.785481 0.603114
1784010417.740669966 11.794246 2.058044 -0.501567 -0.108508 0.086615 0.785488 0.603102
1784010417.744709015 11.794237 2.058028 -0.501562 -0.108506 0.086622 0.785493 0.603095
1784010417.750631094 11.794216 2.058002 -0.501554 -0.108522 0.086615 0.785500 0.603084
1784010417.755018950 11.794211 2.057987 -0.501551 -0.108534 0.086605 0.785503 0.603079
1784010417.760649920 11.794203 2.057968 -0.501546 -0.108541 0.086604 0.785512 0.603066
1784010417.764822006 11.794205 2.057958 -0.501544 -0.108552 0.086606 0.785515 0.603061
1784010417.770627022 11.794203 2.057941 -0.501541 -0.108554 0.086612 0.785520 0.603053
1784010417.774683952 11.794211 2.057935 -0.501540 -0.108556 0.086622 0.785522 0.603049
1784010417.780841112 11.794214 2.057922 -0.501537 -0.108571 0.086611 0.785527 0.603041
1784010417.784799099 11.794228 2.057919 -0.501538 -0.108575 0.086610 0.785533 0.603032
1784010417.790709019 11.794241 2.057912 -0.501537 -0.108591 0.086599 0.785542 0.603019
1784010417.795033932 11.794261 2.057913 -0.501539 -0.108600 0.086596 0.785544 0.603015
1784010417.800563097 11.794285 2.057913 -0.501541 -0.108608 0.086599 0.785547 0.603010
1784010417.804716110 11.794311 2.057917 -0.501545 -0.108622 0.086593 0.785550 0.603005
1784010417.810725927 11.794342 2.057921 -0.501548 -0.108632 0.086588 0.785556 0.602995
1784010417.814891100 11.794375 2.057929 -0.501553 -0.108635 0.086593 0.785560 0.602989
1784010417.820479155 11.794414 2.057940 -0.501558 -0.108645 0.086590 0.785566 0.602980
1784010417.820479155 11.794414 2.057940 -0.501558 -0.108645 0.086590 0.785566 0.602980
1784010417.820616961 11.794412 2.057939 -0.501558 -0.108645 0.086590 0.785566 0.602980
1784010417.824995041 11.794383 2.057918 -0.501553 -0.108644 0.086595 0.785573 0.602970
1784010417.830651999 11.794341 2.057890 -0.501548 -0.108654 0.086590 0.785581 0.602959
1784010417.835002899 11.794318 2.057873 -0.501545 -0.108654 0.086587 0.785586 0.602953
1784010417.840833902 11.794282 2.057848 -0.501544 -0.108655 0.086583 0.785596 0.602940
1784010417.844737053 11.794267 2.057837 -0.501545 -0.108660 0.086578 0.785599 0.602936
1784010417.850630045 11.794237 2.057817 -0.501546 -0.108647 0.086586 0.785604 0.602930
1784010417.854994059 11.794225 2.057808 -0.501547 -0.108643 0.086585 0.785611 0.602923
1784010417.860642910 11.794207 2.057795 -0.501548 -0.108637 0.086584 0.785622 0.602909
1784010417.865031004 11.794202 2.057790 -0.501549 -0.108637 0.086590 0.785629 0.602899
1784010417.870275974 11.794195 2.057784 -0.501549 -0.108636 0.086594 0.785633 0.602894
1784010417.874618053 11.794196 2.057783 -0.501550 -0.108638 0.086597 0.785636 0.602889
1784010417.880692005 11.794191 2.057779 -0.501552 -0.108648 0.086595 0.785640 0.602882
1784010417.884741068 11.794198 2.057782 -0.501555 -0.108651 0.086599 0.785643 0.602876
1784010417.890799046 11.794201 2.057784 -0.501559 -0.108638 0.086612 0.785652 0.602865
1784010417.895066023 11.794215 2.057791 -0.501564 -0.108639 0.086612 0.785655 0.602861
1784010417.900638103 11.794229 2.057800 -0.501570 -0.108634 0.086607 0.785664 0.602852
1784010417.904778004 11.794248 2.057811 -0.501576 -0.108629 0.086611 0.785671 0.602842
1784010417.910634995 11.794269 2.057824 -0.501585 -0.108627 0.086605 0.785682 0.602830
1784010417.914963961 11.794294 2.057839 -0.501593 -0.108623 0.086611 0.785687 0.602822
1784010417.920422077 11.794322 2.057857 -0.501603 -0.108622 0.086616 0.785694 0.602814
1784010417.920422077 11.794322 2.057857 -0.501603 -0.108622 0.086616 0.785694 0.602814
1784010417.920805931 11.794320 2.057856 -0.501603 -0.108622 0.086616 0.785693 0.602814
1784010417.924854994 11.794296 2.057840 -0.501603 -0.108617 0.086617 0.785690 0.602820
1784010417.930619001 11.794257 2.057815 -0.501602 -0.108612 0.086618 0.785682 0.602830
1784010417.935003996 11.794236 2.057802 -0.501603 -0.108613 0.086614 0.785677 0.602837
1784010417.940663099 11.794207 2.057782 -0.501603 -0.108608 0.086611 0.785671 0.602847
1784010417.944645882 11.794194 2.057774 -0.501605 -0.108602 0.086617 0.785669 0.602849
1784010417.950647116 11.794169 2.057758 -0.501609 -0.108610 0.086600 0.785664 0.602857
1784010417.954811096 11.794162 2.057753 -0.501612 -0.108602 0.086604 0.785659 0.602864
1784010417.960508108 11.794148 2.057743 -0.501618 -0.108591 0.086609 0.785652 0.602874
1784010417.964689016 11.794146 2.057742 -0.501623 -0.108584 0.086608 0.785649 0.602880
1784010417.970604897 11.794140 2.057737 -0.501630 -0.108573 0.086612 0.785641 0.602892
1784010417.974720001 11.794145 2.057740 -0.501637 -0.108577 0.086608 0.785635 0.602899
1784010417.980333090 11.794148 2.057742 -0.501646 -0.108569 0.086599 0.785628 0.602911
1784010417.984930992 11.794158 2.057748 -0.501656 -0.108562 0.086601 0.785623 0.602919
1784010417.990381956 11.794169 2.057755 -0.501668 -0.108565 0.086589 0.785613 0.602933
1784010417.994803905 11.794185 2.057765 -0.501678 -0.108559 0.086593 0.785604 0.602945
1784010418.000659943 11.794203 2.057777 -0.501691 -0.108553 0.086595 0.785599 0.602953
1784010418.005007029 11.794225 2.057792 -0.501701 -0.108556 0.086592 0.785592 0.602962
1784010418.010411978 11.794252 2.057810 -0.501714 -0.108549 0.086598 0.785583 0.602974
1784010418.014911890 11.794281 2.057828 -0.501727 -0.108547 0.086597 0.785574 0.602986
1784010418.020313025 11.794315 2.057850 -0.501742 -0.108542 0.086590 0.785566 0.602999
1784010418.020313025 11.794315 2.057850 -0.501742 -0.108542 0.086590 0.785566 0.602999
1784010418.020658970 11.794313 2.057849 -0.501742 -0.108542 0.086589 0.785566 0.602999
1784010418.024817944 11.794290 2.057833 -0.501738 -0.108546 0.086581 0.785566 0.602999
1784010418.030677080 11.794252 2.057807 -0.501731 -0.108548 0.086564 0.785566 0.603001
1784010418.035089970 11.794233 2.057793 -0.501728 -0.108541 0.086564 0.785566 0.603002
1784010418.040561914 11.794208 2.057775 -0.501723 -0.108549 0.086549 0.785564 0.603006
1784010418.044872999 11.794197 2.057766 -0.501721 -0.108555 0.086536 0.785565 0.603005
1784010418.050688028 11.794177 2.057750 -0.501716 -0.108544 0.086537 0.785567 0.603005
1784010418.054775000 11.794172 2.057745 -0.501716 -0.108546 0.086531 0.785568 0.603003
1784010418.060739040 11.794159 2.057734 -0.501714 -0.108543 0.086526 0.785571 0.603001
1784010418.064866066 11.794160 2.057732 -0.501715 -0.108545 0.086519 0.785573 0.602999
1784010418.070643902 11.794157 2.057728 -0.501716 -0.108544 0.086503 0.785572 0.603002
1784010418.074822903 11.794164 2.057730 -0.501718 -0.108539 0.086502 0.785571 0.603005
1784010418.080111980 11.794172 2.057732 -0.501720 -0.108549 0.086479 0.785570 0.603008
1784010418.084903002 11.794184 2.057736 -0.501724 -0.108549 0.086472 0.785571 0.603008
1784010418.090595961 11.794198 2.057742 -0.501728 -0.108547 0.086472 0.785570 0.603009
1784010418.094659090 11.794216 2.057751 -0.501734 -0.108556 0.086461 0.785568 0.603011
1784010418.100557089 11.794237 2.057761 -0.501739 -0.108553 0.086450 0.785575 0.603004
1784010418.104926109 11.794262 2.057775 -0.501746 -0.108548 0.086452 0.785576 0.603004
1784010418.110630035 11.794292 2.057790 -0.501755 -0.108539 0.086446 0.785575 0.603007
1784010418.114862919 11.794324 2.057808 -0.501763 -0.108540 0.086441 0.785574 0.603009
1784010418.120237112 11.794361 2.057828 -0.501774 -0.108555 0.086421 0.785572 0.603012
1784010418.120237112 11.794361 2.057828 -0.501774 -0.108555 0.086421 0.785572 0.603012
1784010418.120620966 11.794359 2.057827 -0.501773 -0.108556 0.086420 0.785572 0.603012
1784010418.124720097 11.794333 2.057809 -0.501764 -0.108550 0.086430 0.785575 0.603007
1784010418.130618095 11.794288 2.057780 -0.501749 -0.108540 0.086444 0.785579 0.603003
1784010418.135024071 11.794264 2.057765 -0.501740 -0.108545 0.086443 0.785582 0.602998
1784010418.140486002 11.794232 2.057744 -0.501728 -0.108528 0.086454 0.785584 0.602997
1784010418.144727945 11.794216 2.057733 -0.501720 -0.108525 0.086455 0.785585 0.602996
1784010418.150613070 11.794189 2.057714 -0.501708 -0.108514 0.086445 0.785592 0.602991
1784010418.154690981 11.794180 2.057707 -0.501702 -0.108513 0.086444 0.785593 0.602989
1784010418.160657883 11.794160 2.057693 -0.501692 -0.108508 0.086442 0.785595 0.602988
1784010418.164845943 11.794155 2.057688 -0.501688 -0.108505 0.086447 0.785599 0.602982
1784010418.170571089 11.794144 2.057680 -0.501681 -0.108497 0.086455 0.785605 0.602975
1784010418.174865961 11.794145 2.057680 -0.501677 -0.108494 0.086456 0.785607 0.602973
1784010418.180392981 11.794144 2.057677 -0.501671 -0.108473 0.086472 0.785612 0.602968
1784010418.184714079 11.794151 2.057680 -0.501668 -0.108473 0.086472 0.785612 0.602967
1784010418.190624952 11.794156 2.057680 -0.501661 -0.108465 0.086468 0.785616 0.602964
1784010418.195041895 11.794170 2.057686 -0.501659 -0.108460 0.086477 0.785620 0.602959
1784010418.200480938 11.794184 2.057693 -0.501656 -0.108458 0.086477 0.785623 0.602956
1784010418.204786062 11.794203 2.057702 -0.501655 -0.108454 0.086487 0.785626 0.602950
1784010418.210602999 11.794224 2.057713 -0.501652 -0.108449 0.086490 0.785631 0.602945
1784010418.214906931 11.794250 2.057727 -0.501652 -0.108446 0.086488 0.785635 0.602941
1784010418.219992161 11.794279 2.057743 -0.501652 -0.108437 0.086494 0.785642 0.602932
1784010418.219992161 11.794279 2.057743 -0.501652 -0.108437 0.086494 0.785642 0.602932
1784010418.220611095 11.794276 2.057740 -0.501651 -0.108438 0.086495 0.785642 0.602932
1784010418.224811077 11.794250 2.057720 -0.501640 -0.108447 0.086490 0.785641 0.602931
1784010418.230617046 11.794208 2.057689 -0.501625 -0.108462 0.086489 0.785640 0.602931
1784010418.234911919 11.794186 2.057672 -0.501615 -0.108475 0.086493 0.785639 0.602929
1784010418.240619898 11.794153 2.057646 -0.501601 -0.108497 0.086488 0.785640 0.602925
1784010418.244668961 11.794139 2.057634 -0.501593 -0.108501 0.086499 0.785640 0.602922
1784010418.250616074 11.794112 2.057611 -0.501581 -0.108523 0.086494 0.785645 0.602913
1784010418.255053997 11.794102 2.057600 -0.501574 -0.108546 0.086487 0.785644 0.602911
1784010418.260560036 11.794089 2.057586 -0.501565 -0.108559 0.086487 0.785644 0.602908
1784010418.264813900 11.794086 2.057578 -0.501560 -0.108568 0.086493 0.785643 0.602907
1784010418.270440102 11.794078 2.057567 -0.501554 -0.108572 0.086501 0.785643 0.602905
1784010418.274786949 11.794080 2.057563 -0.501551 -0.108577 0.086510 0.785643 0.602903
1784010418.280581951 11.794079 2.057556 -0.501548 -0.108588 0.086513 0.785645 0.602897
1784010418.285038948 11.794087 2.057555 -0.501547 -0.108602 0.086517 0.785646 0.602893
1784010418.290637970 11.794096 2.057554 -0.501545 -0.108627 0.086512 0.785649 0.602886
1784010418.295027971 11.794111 2.057558 -0.501546 -0.108639 0.086511 0.785649 0.602884
1784010418.300584078 11.794128 2.057561 -0.501548 -0.108651 0.086518 0.785650 0.602879
1784010418.304550886 11.794149 2.057568 -0.501551 -0.108661 0.086518 0.785651 0.602876
1784010418.310655117 11.794172 2.057575 -0.501555 -0.108672 0.086523 0.785651 0.602873
1784010418.314914942 11.794198 2.057587 -0.501560 -0.108682 0.086524 0.785651 0.602872
1784010418.320362091 11.794230 2.057600 -0.501565 -0.108694 0.086516 0.785653 0.602869
1784010418.320362091 11.794230 2.057600 -0.501565 -0.108694 0.086516 0.785653 0.602869
1784010418.320583105 11.794228 2.057599 -0.501565 -0.108694 0.086515 0.785652 0.602869
1784010418.324825048 11.794194 2.057576 -0.501558 -0.108686 0.086521 0.785647 0.602877
1784010418.330621958 11.794142 2.057542 -0.501548 -0.108691 0.086509 0.785639 0.602888
1784010418.334994078 11.794113 2.057522 -0.501543 -0.108685 0.086514 0.785636 0.602892
1784010418.340799093 11.794068 2.057493 -0.501535 -0.108668 0.086522 0.785631 0.602900
1784010418.344883919 11.794047 2.057479 -0.501531 -0.108671 0.086517 0.785630 0.602902
1784010418.350616932 11.794011 2.057456 -0.501523 -0.108662 0.086519 0.785626 0.602909
1784010418.354800940 11.793996 2.057445 -0.501519 -0.108655 0.086523 0.785622 0.602914
1784010418.360635996 11.793968 2.057426 -0.501512 -0.108648 0.086522 0.785617 0.602923
1784010418.365024090 11.793957 2.057418 -0.501508 -0.108644 0.086529 0.785612 0.602929
1784010418.370404959 11.793941 2.057406 -0.501503 -0.108642 0.086524 0.785608 0.602935
1784010418.374880075 11.793935 2.057401 -0.501502 -0.108633 0.086526 0.785605 0.602940
1784010418.379740953 11.793930 2.057396 -0.501500 -0.108628 0.086528 0.785602 0.602944
1784010418.384767056 11.793928 2.057392 -0.501498 -0.108628 0.086518 0.785599 0.602950
1784010418.390590906 11.793925 2.057388 -0.501495 -0.108604 0.086525 0.785597 0.602956
1784010418.394916058 11.793933 2.057392 -0.501494 -0.108606 0.086524 0.785592 0.602963
1784010418.400760889 11.793938 2.057393 -0.501492 -0.108606 0.086513 0.785587 0.602970
1784010418.404620886 11.793954 2.057401 -0.501493 -0.108610 0.086508 0.785585 0.602974
1784010418.410629988 11.793968 2.057407 -0.501492 -0.108605 0.086504 0.785573 0.602990
1784010418.414838076 11.793988 2.057418 -0.501494 -0.108604 0.086503 0.785566 0.603000
1784010418.420272112 11.794011 2.057430 -0.501497 -0.108596 0.086501 0.785561 0.603008
1784010418.420272112 11.794011 2.057430 -0.501497 -0.108596 0.086501 0.785561 0.603008
1784010418.420660019 11.794007 2.057428 -0.501496 -0.108596 0.086501 0.785562 0.603007
1784010418.424969912 11.793957 2.057403 -0.501481 -0.108597 0.086496 0.785571 0.602995
1784010418.430660963 11.793887 2.057368 -0.501460 -0.108591 0.086499 0.785588 0.602974
1784010418.434957027 11.793844 2.057347 -0.501446 -0.108601 0.086490 0.785597 0.602962
1784010418.440469027 11.793786 2.057318 -0.501427 -0.108598 0.086483 0.785613 0.602942
1784010418.444842100 11.793749 2.057300 -0.501413 -0.108597 0.086481 0.785624 0.602928
1784010418.450594902 11.793695 2.057273 -0.501395 -0.108607 0.086461 0.785644 0.602904
1784010418.454869032 11.793665 2.057259 -0.501385 -0.108616 0.086449 0.785655 0.602889
1784010418.460591078 11.793620 2.057238 -0.501370 -0.108613 0.086442 0.785670 0.602872
1784010418.465064049 11.793593 2.057227 -0.501360 -0.108609 0.086436 0.785682 0.602857
1784010418.470763922 11.793557 2.057211 -0.501347 -0.108609 0.086424 0.785698 0.602838
1784010418.474739075 11.793542 2.057205 -0.501340 -0.108611 0.086419 0.785707 0.602827
1784010418.480608940 11.793511 2.057193 -0.501326 -0.108610 0.086409 0.785724 0.602806
1784010418.485495090 11.793495 2.057188 -0.501317 -0.108609 0.086408 0.785737 0.602790
1784010418.490133047 11.793482 2.057186 -0.501310 -0.108614 0.086397 0.785749 0.602775
1784010418.495140076 11.793470 2.057185 -0.501303 -0.108618 0.086384 0.785762 0.602759
1784010418.500165939 11.793461 2.057186 -0.501296 -0.108620 0.086375 0.785777 0.602740
1784010418.504983902 11.793457 2.057190 -0.501290 -0.108621 0.086367 0.785790 0.602723
1784010418.510591030 11.793451 2.057194 -0.501284 -0.108617 0.086362 0.785804 0.602707
1784010418.514930010 11.793455 2.057202 -0.501282 -0.108615 0.086361 0.785812 0.602697
1784010418.520477057 11.793457 2.057212 -0.501278 -0.108616 0.086355 0.785831 0.602674
1784010418.520477057 11.793457 2.057212 -0.501278 -0.108616 0.086355 0.785831 0.602674
1784010418.520487070 11.793456 2.057211 -0.501278 -0.108616 0.086355 0.785830 0.602674
1784010418.524717093 11.793417 2.057192 -0.501267 -0.108619 0.086368 0.785829 0.602674
1784010418.530558109 11.793361 2.057164 -0.501252 -0.108622 0.086382 0.785818 0.602685
1784010418.535085917 11.793326 2.057146 -0.501241 -0.108626 0.086392 0.785811 0.602692
1784010418.540517092 11.793285 2.057126 -0.501228 -0.108635 0.086407 0.785803 0.602699
1784010418.544708967 11.793259 2.057114 -0.501221 -0.108644 0.086417 0.785797 0.602703
1784010418.550601006 11.793218 2.057095 -0.501210 -0.108638 0.086438 0.785792 0.602708
1784010418.554877043 11.793196 2.057086 -0.501205 -0.108635 0.086452 0.785789 0.602711
1784010418.560467958 11.793165 2.057074 -0.501197 -0.108627 0.086481 0.785787 0.602711
1784010418.564775944 11.793149 2.057069 -0.501192 -0.108621 0.086502 0.785785 0.602711
1784010418.570602894 11.793126 2.057061 -0.501184 -0.108630 0.086514 0.785777 0.602718
1784010418.574852943 11.793118 2.057060 -0.501180 -0.108638 0.086521 0.785772 0.602723
1784010418.580782890 11.793105 2.057057 -0.501173 -0.108629 0.086552 0.785767 0.602726
1784010418.585275888 11.793103 2.057059 -0.501169 -0.108630 0.086561 0.785762 0.602731
1784010418.590262890 11.793102 2.057063 -0.501166 -0.108634 0.086572 0.785753 0.602740
1784010418.594732046 11.793106 2.057069 -0.501164 -0.108632 0.086585 0.785750 0.602743
1784010418.600518942 11.793108 2.057076 -0.501161 -0.108633 0.086602 0.785743 0.602749
1784010418.604978085 11.793117 2.057086 -0.501160 -0.108629 0.086622 0.785741 0.602750
1784010418.610694885 11.793129 2.057099 -0.501158 -0.108632 0.086641 0.785734 0.602756
1784010418.615034103 11.793145 2.057113 -0.501158 -0.108633 0.086655 0.785731 0.602758
1784010418.620344162 11.793165 2.057130 -0.501157 -0.108638 0.086670 0.785725 0.602763
1784010418.620344162 11.793165 2.057130 -0.501157 -0.108638 0.086670 0.785725 0.602763
1784010418.620745897 11.793162 2.057129 -0.501156 -0.108639 0.086670 0.785724 0.602763
1784010418.624694109 11.793133 2.057115 -0.501145 -0.108650 0.086663 0.785719 0.602769
1784010418.630621910 11.793083 2.057092 -0.501126 -0.108642 0.086663 0.785717 0.602773
1784010418.635021925 11.793054 2.057080 -0.501114 -0.108639 0.086670 0.785711 0.602780
1784010418.640630960 11.793016 2.057064 -0.501099 -0.108649 0.086663 0.785703 0.602790
1784010418.644943953 11.792995 2.057056 -0.501089 -0.108652 0.086667 0.785698 0.602795
1784010418.650548935 11.792966 2.057045 -0.501074 -0.108659 0.086669 0.785694 0.602799
1784010418.654959917 11.792951 2.057041 -0.501065 -0.108666 0.086668 0.785693 0.602799
1784010418.660600901 11.792930 2.057035 -0.501053 -0.108674 0.086663 0.785686 0.602808
1784010418.664568901 11.792923 2.057035 -0.501047 -0.108683 0.086655 0.785681 0.602814
1784010418.670557976 11.792906 2.057033 -0.501036 -0.108682 0.086651 0.785677 0.602819
1784010418.675013065 11.792903 2.057036 -0.501031 -0.108689 0.086649 0.785675 0.602821
1784010418.680572987 11.792897 2.057041 -0.501024 -0.108700 0.086641 0.785672 0.602824
1784010418.685201883 11.792901 2.057049 -0.501019 -0.108702 0.086646 0.785669 0.602828
1784010418.690427065 11.792905 2.057058 -0.501014 -0.108712 0.086640 0.785661 0.602837
1784010418.694905043 11.792916 2.057069 -0.501012 -0.108719 0.086638 0.785656 0.602843
1784010418.700378895 11.792927 2.057083 -0.501009 -0.108727 0.086634 0.785654 0.602844
1784010418.704814911 11.792942 2.057098 -0.501009 -0.108731 0.086636 0.785650 0.602848
1784010418.710378885 11.792960 2.057116 -0.501009 -0.108723 0.086643 0.785647 0.602852
1784010418.714925051 11.792982 2.057135 -0.501010 -0.108727 0.086641 0.785643 0.602857
1784010418.720165968 11.793008 2.057159 -0.501011 -0.108736 0.086631 0.785636 0.602866
1784010418.720165968 11.793008 2.057159 -0.501011 -0.108736 0.086631 0.785636 0.602866
1784010418.720558882 11.793006 2.057158 -0.501010 -0.108737 0.086631 0.785636 0.602866
1784010418.724919081 11.792975 2.057144 -0.501002 -0.108733 0.086639 0.785634 0.602869
1784010418.730568886 11.792933 2.057125 -0.500992 -0.108728 0.086641 0.785628 0.602877
1784010418.734905958 11.792908 2.057114 -0.500987 -0.108720 0.086648 0.785623 0.602883
1784010418.740606070 11.792872 2.057099 -0.500979 -0.108704 0.086659 0.785620 0.602888
1784010418.744779110 11.792854 2.057094 -0.500976 -0.108699 0.086665 0.785617 0.602892
1784010418.750555992 11.792825 2.057084 -0.500970 -0.108684 0.086674 0.785615 0.602897
1784010418.754828930 11.792813 2.057082 -0.500967 -0.108679 0.086680 0.785612 0.602901
1784010418.760607004 11.792793 2.057076 -0.500962 -0.108663 0.086687 0.785607 0.602909
1784010418.764827013 11.792787 2.057078 -0.500960 -0.108661 0.086692 0.785604 0.602912
1784010418.770368099 11.792777 2.057078 -0.500958 -0.108664 0.086689 0.785596 0.602923
1784010418.774943113 11.792775 2.057083 -0.500957 -0.108655 0.086700 0.785592 0.602929
1784010418.780522108 11.792771 2.057088 -0.500956 -0.108634 0.086713 0.785589 0.602934
1784010418.785638094 11.792774 2.057096 -0.500956 -0.108626 0.086717 0.785587 0.602937
1784010418.790258884 11.792782 2.057108 -0.500956 -0.108620 0.086724 0.785584 0.602942
1784010418.795085907 11.792793 2.057121 -0.500957 -0.108624 0.086720 0.785583 0.602943
1784010418.800467968 11.792807 2.057136 -0.500958 -0.108619 0.086724 0.785582 0.602944
1784010418.804801941 11.792824 2.057153 -0.500960 -0.108616 0.086730 0.785582 0.602944
1784010418.810549021 11.792844 2.057173 -0.500963 -0.108616 0.086730 0.785578 0.602949
1784010418.814632893 11.792866 2.057194 -0.500967 -0.108609 0.086737 0.785576 0.602952
1784010418.820229053 11.792893 2.057219 -0.500973 -0.108598 0.086747 0.785572 0.602958
1784010418.820229053 11.792893 2.057219 -0.500973 -0.108598 0.086747 0.785572 0.602958
1784010418.820549965 11.792891 2.057219 -0.500972 -0.108598 0.086747 0.785572 0.602958
1784010418.824915886 11.792861 2.057208 -0.500963 -0.108600 0.086743 0.785576 0.602953
1784010418.830612898 11.792819 2.057193 -0.500950 -0.108598 0.086741 0.785586 0.602940
1784010418.835002899 11.792795 2.057186 -0.500942 -0.108601 0.086739 0.785593 0.602931
1784010418.840428114 11.792763 2.057177 -0.500932 -0.108608 0.086736 0.785600 0.602921
1784010418.844883919 11.792745 2.057174 -0.500925 -0.108616 0.086735 0.785608 0.602909
1784010418.850619078 11.792718 2.057168 -0.500915 -0.108622 0.086728 0.785617 0.602897
1784010418.854635954 11.792708 2.057170 -0.500910 -0.108623 0.086730 0.785624 0.602888
1784010418.860538960 11.792689 2.057169 -0.500902 -0.108633 0.086716 0.785632 0.602878
1784010418.865051985 11.792683 2.057174 -0.500897 -0.108640 0.086710 0.785636 0.602872
1784010418.870565891 11.792675 2.057179 -0.500892 -0.108642 0.086712 0.785645 0.602859
1784010418.874905109 11.792677 2.057188 -0.500890 -0.108651 0.086707 0.785649 0.602853
1784010418.880398989 11.792676 2.057199 -0.500886 -0.108647 0.086712 0.785660 0.602840
1784010418.884737968 11.792683 2.057212 -0.500885 -0.108647 0.086715 0.785664 0.602833
1784010418.890604019 11.792688 2.057228 -0.500883 -0.108655 0.086704 0.785670 0.602826
1784010418.894834995 11.792702 2.057245 -0.500883 -0.108659 0.086706 0.785673 0.602821
1784010418.900548935 11.792717 2.057266 -0.500882 -0.108671 0.086696 0.785680 0.602811
1784010418.904956102 11.792738 2.057287 -0.500883 -0.108671 0.086694 0.785690 0.602799
1784010418.910376072 11.792761 2.057313 -0.500884 -0.108658 0.086707 0.785701 0.602785
1784010418.914555073 11.792786 2.057337 -0.500887 -0.108664 0.086709 0.785704 0.602780
1784010418.920345068 11.792816 2.057369 -0.500890 -0.108664 0.086713 0.785713 0.602767
1784010418.920345068 11.792816 2.057369 -0.500890 -0.108664 0.086713 0.785713 0.602767
1784010418.920593023 11.792815 2.057368 -0.500890 -0.108664 0.086714 0.785713 0.602767
1784010418.924941063 11.792787 2.057360 -0.500881 -0.108668 0.086712 0.785711 0.602768
1784010418.930593014 11.792750 2.057347 -0.500870 -0.108665 0.086712 0.785708 0.602773
1784010418.934988976 11.792729 2.057342 -0.500863 -0.108661 0.086718 0.785702 0.602781
1784010418.940720081 11.792700 2.057334 -0.500854 -0.108671 0.086705 0.785689 0.602798
1784010418.944767952 11.792688 2.057334 -0.500849 -0.108672 0.086705 0.785687 0.602800
1784010418.950606108 11.792665 2.057330 -0.500842 -0.108668 0.086711 0.785682 0.602808
1784010418.954761982 11.792658 2.057334 -0.500839 -0.108674 0.086707 0.785675 0.602816
1784010418.960551977 11.792643 2.057336 -0.500834 -0.108655 0.086718 0.785671 0.602823
1784010418.964991093 11.792641 2.057344 -0.500832 -0.108657 0.086719 0.785665 0.602831
1784010418.970567942 11.792637 2.057352 -0.500828 -0.108665 0.086715 0.785656 0.602840
1784010418.974991083 11.792642 2.057364 -0.500826 -0.108665 0.086718 0.785650 0.602848
1784010418.980392933 11.792646 2.057377 -0.500825 -0.108669 0.086715 0.785642 0.602858
1784010418.984556913 11.792657 2.057392 -0.500826 -0.108666 0.086719 0.785640 0.602861
1784010418.990415096 11.792667 2.057410 -0.500827 -0.108668 0.086718 0.785635 0.602867
1784010418.994776964 11.792683 2.057430 -0.500829 -0.108665 0.086717 0.785632 0.602872
1784010419.000307083 11.792702 2.057453 -0.500832 -0.108646 0.086724 0.785634 0.602871
1784010419.004992008 11.792726 2.057478 -0.500835 -0.108649 0.086720 0.785627 0.602881
1784010419.010598898 11.792753 2.057506 -0.500839 -0.108651 0.086714 0.785615 0.602897
1784010419.014821053 11.792782 2.057533 -0.500843 -0.108651 0.086714 0.785610 0.602904
1784010419.020415068 11.792817 2.057567 -0.500849 -0.108653 0.086708 0.785604 0.602912
1784010419.020415068 11.792817 2.057567 -0.500849 -0.108653 0.086708 0.785604 0.602912
1784010419.020567894 11.792816 2.057566 -0.500849 -0.108653 0.086708 0.785604 0.602912
1784010419.024888992 11.792791 2.057556 -0.500848 -0.108650 0.086710 0.785604 0.602912
1784010419.030559063 11.792754 2.057541 -0.500845 -0.108649 0.086705 0.785602 0.602915
1784010419.035052061 11.792734 2.057534 -0.500844 -0.108654 0.086697 0.785601 0.602918
1784010419.040493965 11.792709 2.057525 -0.500843 -0.108657 0.086697 0.785602 0.602915
1784010419.044712067 11.792697 2.057522 -0.500843 -0.108668 0.086692 0.785599 0.602918
1784010419.050503016 11.792677 2.057516 -0.500843 -0.108667 0.086691 0.785597 0.602921
1784010419.054663897 11.792672 2.057518 -0.500845 -0.108673 0.086689 0.785593 0.602925
1784010419.060581923 11.792658 2.057517 -0.500847 -0.108680 0.086678 0.785589 0.602931
1784010419.064805984 11.792659 2.057523 -0.500850 -0.108683 0.086680 0.785586 0.602934
1784010419.070559978 11.792655 2.057528 -0.500853 -0.108678 0.086679 0.785580 0.602942
1784010419.074743986 11.792662 2.057538 -0.500857 -0.108679 0.086680 0.785578 0.602945
1784010419.080554962 11.792667 2.057548 -0.500861 -0.108677 0.086682 0.785574 0.602951
1784010419.084556103 11.792680 2.057562 -0.500866 -0.108688 0.086677 0.785569 0.602955
1784010419.090274096 11.792693 2.057577 -0.500874 -0.108690 0.086678 0.785565 0.602960
1784010419.094794035 11.792712 2.057595 -0.500881 -0.108689 0.086681 0.785565 0.602960
1784010419.100565910 11.792732 2.057616 -0.500892 -0.108690 0.086673 0.785562 0.602965
1784010419.104794979 11.792757 2.057638 -0.500900 -0.108686 0.086676 0.785558 0.602970
1784010419.110559940 11.792786 2.057664 -0.500912 -0.108684 0.086678 0.785556 0.602973
1784010419.114931107 11.792818 2.057691 -0.500922 -0.108687 0.086675 0.785554 0.602976
1784010419.120414019 11.792855 2.057722 -0.500934 -0.108699 0.086673 0.785552 0.602977
1784010419.120414019 11.792855 2.057722 -0.500934 -0.108699 0.086673 0.785552 0.602977
1784010419.120415926 11.792854 2.057721 -0.500934 -0.108699 0.086673 0.785551 0.602977
1784010419.124741077 11.792828 2.057708 -0.500925 -0.108698 0.086673 0.785547 0.602983
1784010419.130572081 11.792788 2.057688 -0.500911 -0.108684 0.086679 0.785533 0.603003
1784010419.134944916 11.792768 2.057679 -0.500902 -0.108680 0.086683 0.785527 0.603011
1784010419.140748024 11.792737 2.057665 -0.500890 -0.108678 0.086680 0.785516 0.603026
1784010419.144793034 11.792725 2.057661 -0.500885 -0.108672 0.086684 0.785511 0.603032
1784010419.150552988 11.792704 2.057652 -0.500875 -0.108658 0.086691 0.785501 0.603047
1784010419.154913902 11.792696 2.057651 -0.500871 -0.108656 0.086692 0.785493 0.603059
1784010419.160727978 11.792682 2.057647 -0.500864 -0.108654 0.086693 0.785481 0.603074
1784010419.164552927 11.792682 2.057650 -0.500862 -0.108655 0.086692 0.785475 0.603082
1784010419.170438051 11.792675 2.057651 -0.500857 -0.108641 0.086694 0.785462 0.603102
1784010419.174666882 11.792679 2.057659 -0.500856 -0.108633 0.086699 0.785453 0.603114
1784010419.180597067 11.792681 2.057665 -0.500852 -0.108624 0.086698 0.785441 0.603131
1784010419.184827089 11.792692 2.057676 -0.500851 -0.108617 0.086704 0.785433 0.603141
1784010419.190592051 11.792703 2.057688 -0.500849 -0.108608 0.086703 0.785421 0.603159
1784010419.195094109 11.792719 2.057704 -0.500850 -0.108603 0.086709 0.785414 0.603169
1784010419.200419903 11.792738 2.057721 -0.500851 -0.108589 0.086718 0.785405 0.603182
1784010419.204617977 11.792760 2.057740 -0.500855 -0.108590 0.086716 0.785398 0.603190
1784010419.210707903 11.792786 2.057763 -0.500857 -0.108578 0.086718 0.785388 0.603206
1784010419.214948893 11.792814 2.057786 -0.500862 -0.108579 0.086716 0.785381 0.603215
1784010419.220534086 11.792849 2.057813 -0.500866 -0.108573 0.086714 0.785372 0.603227
1784010419.221117020 11.792855 2.057818 -0.500867 -0.108572 0.086715 0.785372 0.603228
1784010419.221117020 11.792855 2.057818 -0.500867 -0.108572 0.086715 0.785372 0.603228
1784010419.224617958 11.792840 2.057810 -0.500864 -0.108574 0.086719 0.785378 0.603218
1784010419.230607986 11.792806 2.057791 -0.500860 -0.108569 0.086718 0.785391 0.603203
1784010419.235116959 11.792789 2.057782 -0.500857 -0.108574 0.086722 0.785396 0.603194
1784010419.240355968 11.792770 2.057772 -0.500855 -0.108581 0.086726 0.785405 0.603181
1784010419.244852066 11.792759 2.057767 -0.500854 -0.108590 0.086724 0.785413 0.603170
1784010419.250560045 11.792744 2.057760 -0.500853 -0.108594 0.086729 0.785421 0.603157
1784010419.254775047 11.792741 2.057760 -0.500853 -0.108593 0.086732 0.785428 0.603149
1784010419.260621071 11.792734 2.057757 -0.500853 -0.108591 0.086729 0.785442 0.603131
1784010419.264796019 11.792738 2.057760 -0.500854 -0.108591 0.086735 0.785449 0.603121
1784010419.270608902 11.792738 2.057763 -0.500856 -0.108601 0.086730 0.785461 0.603104
1784010419.274703979 11.792747 2.057770 -0.500858 -0.108612 0.086730 0.785466 0.603096
1784010419.280371904 11.792756 2.057778 -0.500862 -0.108616 0.086729 0.785477 0.603081
1784010419.284878969 11.792771 2.057789 -0.500866 -0.108619 0.086731 0.785486 0.603069
1784010419.290503979 11.792789 2.057802 -0.500871 -0.108619 0.086735 0.785498 0.603052
1784010419.295144081 11.792811 2.057818 -0.500876 -0.108628 0.086729 0.785506 0.603040
1784010419.300560951 11.792838 2.057836 -0.500883 -0.108632 0.086728 0.785520 0.603022
1784010419.304873943 11.792866 2.057855 -0.500889 -0.108639 0.086733 0.785525 0.603014
1784010419.310630083 11.792899 2.057878 -0.500898 -0.108649 0.086729 0.785537 0.602997
1784010419.314585924 11.792931 2.057900 -0.500905 -0.108656 0.086729 0.785542 0.602988
1784010419.320188999 11.792973 2.057929 -0.500916 -0.108661 0.086728 0.785553 0.602973
1784010419.320188999 11.792973 2.057929 -0.500916 -0.108661 0.086728 0.785553 0.602973
1784010419.320593119 11.792971 2.057928 -0.500916 -0.108661 0.086727 0.785553 0.602974
1784010419.324589014 11.792955 2.057917 -0.500915 -0.108664 0.086718 0.785550 0.602979
1784010419.330548048 11.792923 2.057896 -0.500913 -0.108663 0.086706 0.785543 0.602990
1784010419.334917068 11.792909 2.057887 -0.500914 -0.108665 0.086700 0.785539 0.602996
1784010419.340393066 11.792890 2.057874 -0.500915 -0.108663 0.086693 0.785536 0.603001
1784010419.344834089 11.792881 2.057868 -0.500918 -0.108661 0.086692 0.785529 0.603010
1784010419.350532055 11.792868 2.057859 -0.500922 -0.108663 0.086682 0.785523 0.603019
1784010419.354754925 11.792867 2.057859 -0.500926 -0.108662 0.086681 0.785519 0.603024
1784010419.360584021 11.792861 2.057855 -0.500931 -0.108660 0.086668 0.785515 0.603032
1784010419.364684105 11.792867 2.057858 -0.500937 -0.108658 0.086657 0.785511 0.603040
1784010419.370558977 11.792869 2.057858 -0.500945 -0.108652 0.086642 0.785509 0.603046
1784010419.374838114 11.792880 2.057865 -0.500953 -0.108652 0.086635 0.785505 0.603052
1784010419.380327940 11.792891 2.057872 -0.500963 -0.108645 0.086630 0.785500 0.603060
1784010419.384769917 11.792908 2.057883 -0.500972 -0.108647 0.086624 0.785495 0.603067
1784010419.390566111 11.792927 2.057895 -0.500983 -0.108646 0.086608 0.785491 0.603074
1784010419.395019054 11.792950 2.057911 -0.500992 -0.108646 0.086607 0.785486 0.603081
1784010419.400516033 11.792978 2.057929 -0.501003 -0.108653 0.086589 0.785476 0.603096
1784010419.404803991 11.793008 2.057948 -0.501013 -0.108656 0.086581 0.785470 0.603104
1784010419.410610914 11.793044 2.057970 -0.501027 -0.108659 0.086566 0.785470 0.603106
1784010419.414516926 11.793077 2.057992 -0.501039 -0.108657 0.086563 0.785466 0.603112
1784010419.420423031 11.793120 2.058020 -0.501055 -0.108644 0.086562 0.785462 0.603119
1784010419.420481205 11.793120 2.058020 -0.501055 -0.108644 0.086562 0.785462 0.603120
1784010419.420481205 11.793120 2.058020 -0.501055 -0.108644 0.086562 0.785462 0.603120
1784010419.424709082 11.793095 2.057999 -0.501046 -0.108633 0.086570 0.785457 0.603127
1784010419.430581093 11.793056 2.057965 -0.501032 -0.108618 0.086573 0.785445 0.603145
1784010419.434961081 11.793036 2.057947 -0.501025 -0.108611 0.086580 0.785438 0.603154
1784010419.440391064 11.793009 2.057922 -0.501014 -0.108597 0.086581 0.785431 0.603165
1784010419.444770098 11.792995 2.057908 -0.501008 -0.108586 0.086589 0.785427 0.603171
1784010419.450596094 11.792971 2.057884 -0.500998 -0.108579 0.086587 0.785418 0.603185
1784010419.454796076 11.792964 2.057874 -0.500993 -0.108574 0.086588 0.785415 0.603190
1784010419.460375071 11.792950 2.057857 -0.500984 -0.108556 0.086597 0.785409 0.603199
1784010419.464742899 11.792948 2.057850 -0.500980 -0.108549 0.086600 0.785404 0.603207
1784010419.470540047 11.792941 2.057837 -0.500972 -0.108535 0.086602 0.785396 0.603219
1784010419.474919081 11.792946 2.057833 -0.500968 -0.108529 0.086611 0.785393 0.603223
1784010419.480679989 11.792947 2.057825 -0.500963 -0.108520 0.086617 0.785387 0.603231
1784010419.484802961 11.792957 2.057826 -0.500963 -0.108511 0.086627 0.785381 0.603239
1784010419.490549088 11.792966 2.057823 -0.500961 -0.108492 0.086637 0.785375 0.603249
1784010419.495364904 11.792982 2.057826 -0.500962 -0.108480 0.086640 0.785371 0.603256
1784010419.500180006 11.793002 2.057831 -0.500963 -0.108463 0.086648 0.785362 0.603270
1784010419.504789114 11.793025 2.057838 -0.500965 -0.108461 0.086648 0.785355 0.603279
1784010419.510554075 11.793051 2.057846 -0.500966 -0.108451 0.086649 0.785349 0.603288
1784010419.514661074 11.793079 2.057858 -0.500970 -0.108440 0.086662 0.785345 0.603294
1784010419.520048141 11.793112 2.057870 -0.500974 -0.108436 0.086665 0.785336 0.603306
1784010419.520048141 11.793112 2.057870 -0.500974 -0.108436 0.086665 0.785336 0.603306
1784010419.520538092 11.793110 2.057867 -0.500973 -0.108437 0.086666 0.785336 0.603306
1784010419.524676085 11.793084 2.057839 -0.500963 -0.108446 0.086675 0.785337 0.603302
1784010419.530544996 11.793043 2.057796 -0.500948 -0.108460 0.086684 0.785342 0.603291
1784010419.535041094 11.793021 2.057768 -0.500938 -0.108465 0.086691 0.785346 0.603284
1784010419.540422916 11.792994 2.057735 -0.500927 -0.108453 0.086714 0.785355 0.603272
1784010419.544817924 11.792979 2.057712 -0.500919 -0.108459 0.086719 0.785358 0.603266
1784010419.550537109 11.792956 2.057680 -0.500908 -0.108467 0.086731 0.785362 0.603257
1784010419.554728031 11.792948 2.057663 -0.500902 -0.108470 0.086743 0.785370 0.603245
1784010419.560604095 11.792932 2.057635 -0.500893 -0.108488 0.086748 0.785377 0.603231
1784010419.564682961 11.792931 2.057622 -0.500888 -0.108485 0.086757 0.785383 0.603222
1784010419.570513010 11.792924 2.057600 -0.500880 -0.108488 0.086770 0.785390 0.603211
1784010419.574990988 11.792928 2.057589 -0.500876 -0.108495 0.086775 0.785392 0.603207
1784010419.580718994 11.792931 2.057573 -0.500870 -0.108497 0.086790 0.785398 0.603196
1784010419.584753990 11.792942 2.057568 -0.500868 -0.108506 0.086798 0.785403 0.603187
1784010419.590529919 11.792952 2.057556 -0.500865 -0.108508 0.086818 0.785411 0.603174
1784010419.595293045 11.792968 2.057552 -0.500863 -0.108518 0.086823 0.785416 0.603165
1784010419.600204945 11.792988 2.057550 -0.500863 -0.108526 0.086832 0.785422 0.603154
1784010419.604712009 11.793011 2.057550 -0.500863 -0.108526 0.086846 0.785432 0.603139
1784010419.610358000 11.793038 2.057550 -0.500863 -0.108533 0.086853 0.785437 0.603130
1784010419.614902973 11.793068 2.057555 -0.500864 -0.108540 0.086859 0.785440 0.603124
1784010419.620367050 11.793103 2.057560 -0.500866 -0.108544 0.086874 0.785444 0.603116
1784010419.620367050 11.793103 2.057560 -0.500866 -0.108544 0.086874 0.785444 0.603116
1784010419.620510101 11.793102 2.057558 -0.500866 -0.108545 0.086874 0.785444 0.603116
1784010419.624874115 11.793084 2.057528 -0.500862 -0.108560 0.086863 0.785450 0.603107
1784010419.630511999 11.793058 2.057487 -0.500856 -0.108572 0.086851 0.785464 0.603088
1784010419.634923935 11.793046 2.057461 -0.500853 -0.108583 0.086846 0.785471 0.603078
1784010419.640512943 11.793029 2.057426 -0.500850 -0.108588 0.086833 0.785482 0.603065
1784010419.644961119 11.793023 2.057404 -0.500849 -0.108599 0.086824 0.785490 0.603053
1784010419.650367975 11.793016 2.057376 -0.500848 -0.108616 0.086802 0.785498 0.603043
1784010419.654716969 11.793016 2.057358 -0.500849 -0.108620 0.086794 0.785505 0.603035
1784010419.660562992 11.793014 2.057331 -0.500850 -0.108631 0.086783 0.785516 0.603020
1784010419.664836884 11.793020 2.057318 -0.500852 -0.108645 0.086769 0.785522 0.603011
1784010419.670494080 11.793026 2.057299 -0.500855 -0.108662 0.086757 0.785533 0.602996
1784010419.674709082 11.793039 2.057290 -0.500858 -0.108674 0.086750 0.785539 0.602987
1784010419.680593967 11.793055 2.057275 -0.500861 -0.108689 0.086727 0.785552 0.602971
1784010419.684808969 11.793075 2.057270 -0.500864 -0.108697 0.086720 0.785558 0.602962
1784010419.690356016 11.793099 2.057262 -0.500870 -0.108710 0.086706 0.785569 0.602948
1784010419.694510937 11.793123 2.057260 -0.500876 -0.108720 0.086698 0.785575 0.602939
1784010419.700083971 11.793153 2.057256 -0.500884 -0.108734 0.086684 0.785588 0.602922
1784010419.704715014 11.793185 2.057257 -0.500893 -0.108745 0.086675 0.785597 0.602909
1784010419.710585117 11.793223 2.057258 -0.500903 -0.108748 0.086669 0.785608 0.602896
1784010419.714602947 11.793258 2.057265 -0.500911 -0.108749 0.086669 0.785613 0.602889
1784010419.720257044 11.793304 2.057272 -0.500922 -0.108768 0.086654 0.785622 0.602876
1784010419.720257044 11.793304 2.057272 -0.500922 -0.108768 0.086654 0.785622 0.602876
1784010419.720504045 11.793303 2.057271 -0.500922 -0.108768 0.086654 0.785621 0.602876
1784010419.724795103 11.793278 2.057247 -0.500911 -0.108768 0.086654 0.785611 0.602890
1784010419.730515957 11.793241 2.057214 -0.500896 -0.108763 0.086650 0.785595 0.602912
1784010419.734915018 11.793221 2.057193 -0.500886 -0.108762 0.086649 0.785584 0.602927
1784010419.740474939 11.793192 2.057166 -0.500874 -0.108737 0.086662 0.785572 0.602944
1784010419.744733095 11.793178 2.057150 -0.500868 -0.108721 0.086673 0.785565 0.602955
1784010419.750518084 11.793154 2.057127 -0.500857 -0.108704 0.086674 0.785556 0.602970
1784010419.754805088 11.793147 2.057115 -0.500851 -0.108694 0.086676 0.785551 0.602978
1784010419.760504961 11.793132 2.057097 -0.500843 -0.108682 0.086677 0.785539 0.602996
1784010419.764825106 11.793131 2.057088 -0.500839 -0.108676 0.086678 0.785531 0.603007
1784010419.770482063 11.793125 2.057076 -0.500833 -0.108669 0.086673 0.785515 0.603030
1784010419.774717093 11.793130 2.057071 -0.500831 -0.108666 0.086670 0.785505 0.603044
1784010419.780507088 11.793131 2.057063 -0.500826 -0.108653 0.086677 0.785490 0.603065
1784010419.784967899 11.793141 2.057062 -0.500825 -0.108645 0.086683 0.785479 0.603079
1784010419.790571928 11.793151 2.057060 -0.500822 -0.108642 0.086682 0.785467 0.603096
1784010419.795046091 11.793168 2.057063 -0.500822 -0.108642 0.086683 0.785459 0.603107
1784010419.800633907 11.793186 2.057066 -0.500821 -0.108635 0.086683 0.785448 0.603122
1784010419.804728031 11.793210 2.057073 -0.500823 -0.108632 0.086684 0.785442 0.603130
1784010419.810453892 11.793236 2.057081 -0.500824 -0.108622 0.086681 0.785426 0.603153
1784010419.814802885 11.793266 2.057092 -0.500828 -0.108618 0.086680 0.785416 0.603167
1784010419.820328951 11.793300 2.057106 -0.500831 -0.108617 0.086677 0.785404 0.603183
1784010419.820427179 11.793300 2.057106 -0.500831 -0.108617 0.086677 0.785404 0.603184
1784010419.820427179 11.793300 2.057106 -0.500831 -0.108617 0.086677 0.785404 0.603184
1784010419.824739933 11.793272 2.057087 -0.500822 -0.108623 0.086683 0.785406 0.603179
1784010419.830590010 11.793229 2.057058 -0.500809 -0.108621 0.086701 0.785410 0.603171
1784010419.835097075 11.793204 2.057041 -0.500801 -0.108622 0.086715 0.785413 0.603165
1784010419.840390921 11.793175 2.057022 -0.500793 -0.108625 0.086727 0.785416 0.603159
1784010419.844850063 11.793156 2.057009 -0.500787 -0.108626 0.086735 0.785418 0.603155
1784010419.850532055 11.793131 2.056991 -0.500779 -0.108624 0.086744 0.785424 0.603146
1784010419.854763985 11.793121 2.056983 -0.500775 -0.108624 0.086751 0.785428 0.603141
1784010419.860564947 11.793103 2.056971 -0.500768 -0.108618 0.086765 0.785431 0.603135
1784010419.864944935 11.793100 2.056966 -0.500766 -0.108615 0.086775 0.785433 0.603132
1784010419.870476007 11.793092 2.056960 -0.500763 -0.108616 0.086785 0.785433 0.603131
1784010419.875010014 11.793093 2.056959 -0.500762 -0.108618 0.086793 0.785432 0.603130
1784010419.880103111 11.793094 2.056958 -0.500762 -0.108621 0.086800 0.785432 0.603129
1784010419.884783983 11.793100 2.056961 -0.500762 -0.108621 0.086807 0.785433 0.603126
1784010419.890552998 11.793106 2.056964 -0.500762 -0.108610 0.086817 0.785437 0.603122
1784010419.895592928 11.793118 2.056971 -0.500763 -0.108603 0.086828 0.785443 0.603113
1784010419.900053978 11.793136 2.056981 -0.500765 -0.108601 0.086838 0.785450 0.603104
1784010419.904958963 11.793155 2.056992 -0.500767 -0.108602 0.086843 0.785451 0.603101
1784010419.910582066 11.793178 2.057006 -0.500770 -0.108602 0.086854 0.785454 0.603095
1784010419.914836884 11.793204 2.057021 -0.500774 -0.108601 0.086865 0.785456 0.603091
1784010419.920376062 11.793234 2.057041 -0.500779 -0.108608 0.086868 0.785457 0.603089
1784010419.920897007 11.793239 2.057043 -0.500779 -0.108608 0.086869 0.785456 0.603089
1784010419.920897007 11.793239 2.057043 -0.500779 -0.108608 0.086869 0.785456 0.603089
1784010419.924514055 11.793222 2.057032 -0.500776 -0.108612 0.086871 0.785453 0.603093
1784010419.930493116 11.793187 2.057007 -0.500769 -0.108607 0.086874 0.785446 0.603102
1784010419.934995890 11.793171 2.056994 -0.500766 -0.108607 0.086876 0.785444 0.603104
1784010419.940490007 11.793150 2.056978 -0.500762 -0.108601 0.086879 0.785440 0.603110
1784010419.944772005 11.793141 2.056969 -0.500760 -0.108602 0.086879 0.785437 0.603114
1784010419.950587988 11.793125 2.056956 -0.500757 -0.108602 0.086887 0.785433 0.603117
1784010419.954751968 11.793122 2.056953 -0.500756 -0.108607 0.086887 0.785431 0.603120
1784010419.960522890 11.793115 2.056945 -0.500755 -0.108607 0.086886 0.785425 0.603128
1784010419.964550972 11.793119 2.056946 -0.500756 -0.108601 0.086895 0.785422 0.603131
1784010419.970491886 11.793120 2.056942 -0.500757 -0.108592 0.086900 0.785423 0.603131
1784010419.974945068 11.793129 2.056946 -0.500759 -0.108590 0.086901 0.785420 0.603135
1784010419.980541945 11.793140 2.056949 -0.500764 -0.108585 0.086901 0.785418 0.603139
1784010419.984678984 11.793155 2.056956 -0.500769 -0.108587 0.086901 0.785418 0.603138
1784010419.990510941 11.793172 2.056964 -0.500775 -0.108582 0.086905 0.785417 0.603140
1784010419.995312929 11.793194 2.056976 -0.500782 -0.108587 0.086908 0.785413 0.603143
1784010420.000749111 11.793220 2.056991 -0.500790 -0.108589 0.086905 0.785410 0.603148
1784010420.004815102 11.793247 2.057006 -0.500796 -0.108586 0.086912 0.785409 0.603149
1784010420.011038065 11.793283 2.057026 -0.500806 -0.108583 0.086913 0.785404 0.603155
1784010420.015028954 11.793316 2.057045 -0.500814 -0.108587 0.086910 0.785404 0.603155
1784010420.019983053 11.793355 2.057069 -0.500824 -0.108582 0.086916 0.785400 0.603160
1784010420.019983053 11.793355 2.057069 -0.500824 -0.108582 0.086916 0.785400 0.603160
1784010420.020359993 11.793354 2.057067 -0.500824 -0.108582 0.086917 0.785400 0.603160
1784010420.024678946 11.793334 2.057048 -0.500820 -0.108587 0.086914 0.785403 0.603156
1784010420.030507088 11.793303 2.057020 -0.500812 -0.108589 0.086911 0.785405 0.603153
1784010420.035099983 11.793287 2.057004 -0.500809 -0.108598 0.086901 0.785409 0.603148
1784010420.040415049 11.793270 2.056985 -0.500804 -0.108610 0.086883 0.785414 0.603141
1784010420.044616938 11.793264 2.056974 -0.500802 -0.108611 0.086878 0.785417 0.603138
1784010420.050473928 11.793250 2.056956 -0.500798 -0.108620 0.086860 0.785422 0.603133
1784010420.054790020 11.793249 2.056949 -0.500797 -0.108621 0.086851 0.785424 0.603132
1784010420.060669899 11.793244 2.056937 -0.500794 -0.108616 0.086851 0.785428 0.603127
1784010420.064536095 11.793250 2.056935 -0.500794 -0.108622 0.086845 0.785431 0.603124
1784010420.070517063 11.793252 2.056928 -0.500793 -0.108633 0.086833 0.785434 0.603119
1784010420.075006008 11.793264 2.056929 -0.500793 -0.108636 0.086829 0.785440 0.603111
1784010420.080459118 11.793278 2.056930 -0.500794 -0.108635 0.086822 0.785445 0.603106
1784010420.084896088 11.793296 2.056935 -0.500797 -0.108635 0.086818 0.785448 0.603103
1784010420.090301991 11.793317 2.056940 -0.500800 -0.108637 0.086806 0.785453 0.603098
1784010420.094577074 11.793340 2.056949 -0.500805 -0.108638 0.086801 0.785458 0.603091
1784010420.100141048 11.793368 2.056958 -0.500810 -0.108643 0.086794 0.785463 0.603085
1784010420.104923010 11.793399 2.056972 -0.500816 -0.108648 0.086787 0.785467 0.603080
1784010420.110264063 11.793435 2.056988 -0.500822 -0.108643 0.086788 0.785472 0.603074
1784010420.115113974 11.793474 2.057007 -0.500829 -0.108648 0.086780 0.785476 0.603070
1784010420.120195150 11.793517 2.057028 -0.500837 -0.108656 0.086767 0.785479 0.603066
1784010420.120195150 11.793517 2.057028 -0.500837 -0.108656 0.086767 0.785479 0.603066
1784010420.120609045 11.793516 2.057026 -0.500836 -0.108657 0.086767 0.785478 0.603067
1784010420.124737024 11.793496 2.057008 -0.500822 -0.108665 0.086773 0.785475 0.603069
1784010420.130525112 11.793463 2.056978 -0.500802 -0.108665 0.086783 0.785469 0.603075
1784010420.134999037 11.793447 2.056962 -0.500790 -0.108663 0.086794 0.785468 0.603075
1784010420.140655994 11.793424 2.056939 -0.500773 -0.108668 0.086802 0.785464 0.603078
1784010420.144745111 11.793417 2.056928 -0.500763 -0.108672 0.086809 0.785457 0.603085
1784010420.150567055 11.793401 2.056909 -0.500747 -0.108680 0.086819 0.785451 0.603090
1784010420.154746056 11.793400 2.056902 -0.500739 -0.108687 0.086826 0.785446 0.603095
1784010420.160450935 11.793393 2.056889 -0.500725 -0.108696 0.086838 0.785434 0.603106
1784010420.164555073 11.793397 2.056885 -0.500718 -0.108704 0.086843 0.785430 0.603110
1784010420.170639992 11.793396 2.056876 -0.500705 -0.108709 0.086847 0.785424 0.603116
1784010420.174753904 11.793406 2.056877 -0.500699 -0.108707 0.086855 0.785420 0.603121
1784010420.180651903 11.793416 2.056874 -0.500688 -0.108713 0.086863 0.785412 0.603129
1784010420.184628963 11.793433 2.056878 -0.500684 -0.108717 0.086865 0.785408 0.603133
1784010420.190490961 11.793451 2.056881 -0.500675 -0.108719 0.086873 0.785401 0.603141
1784010420.194597006 11.793473 2.056889 -0.500672 -0.108733 0.086877 0.785395 0.603146
1784010420.200478077 11.793499 2.056897 -0.500666 -0.108741 0.086891 0.785388 0.603151
1784010420.204931974 11.793527 2.056910 -0.500664 -0.108747 0.086901 0.785384 0.603154
1784010420.210217953 11.793560 2.056924 -0.500661 -0.108758 0.086905 0.785377 0.603160
1784010420.214585066 11.793595 2.056941 -0.500661 -0.108768 0.086911 0.785371 0.603166
1784010420.220126152 11.793636 2.056960 -0.500658 -0.108776 0.086916 0.785364 0.603172
1784010420.220126152 11.793636 2.056960 -0.500658 -0.108776 0.086916 0.785364 0.603172
1784010420.220498085 11.793635 2.056959 -0.500658 -0.108776 0.086916 0.785364 0.603172
1784010420.224742889 11.793614 2.056945 -0.500651 -0.108778 0.086917 0.785369 0.603165
1784010420.230526924 11.793581 2.056923 -0.500643 -0.108778 0.086923 0.785377 0.603154
1784010420.234941006 11.793565 2.056912 -0.500638 -0.108783 0.086920 0.785381 0.603149
1784010420.240521908 11.793541 2.056896 -0.500632 -0.108779 0.086926 0.785386 0.603142
1784010420.244858027 11.793531 2.056890 -0.500628 -0.108777 0.086927 0.785391 0.603135
1784010420.250495911 11.793516 2.056880 -0.500624 -0.108782 0.086917 0.785397 0.603128
1784010420.254748106 11.793513 2.056878 -0.500622 -0.108780 0.086920 0.785400 0.603124
1784010420.260648966 11.793505 2.056872 -0.500619 -0.108788 0.086920 0.785405 0.603117
1784010420.264693975 11.793509 2.056874 -0.500618 -0.108794 0.086919 0.785409 0.603110
1784010420.270483971 11.793508 2.056874 -0.500617 -0.108796 0.086922 0.785417 0.603099
1784010420.274574995 11.793517 2.056880 -0.500618 -0.108797 0.086924 0.785420 0.603094
1784010420.280503035 11.793525 2.056886 -0.500619 -0.108797 0.086930 0.785424 0.603088
1784010420.284634113 11.793540 2.056896 -0.500621 -0.108800 0.086926 0.785428 0.603083
1784010420.290481091 11.793557 2.056908 -0.500624 -0.108801 0.086920 0.785433 0.603077
1784010420.294833899 11.793579 2.056923 -0.500627 -0.108806 0.086919 0.785436 0.603073
1784010420.300503969 11.793603 2.056940 -0.500632 -0.108804 0.086923 0.785441 0.603066
1784010420.305123091 11.793631 2.056959 -0.500638 -0.108808 0.086925 0.785447 0.603058
1784010420.310415030 11.793663 2.056981 -0.500644 -0.108813 0.086924 0.785450 0.603052
1784010420.314485073 11.793695 2.057003 -0.500650 -0.108816 0.086920 0.785454 0.603047
1784010420.320384979 11.793735 2.057031 -0.500658 -0.108821 0.086910 0.785464 0.603035
1784010420.320458174 11.793735 2.057031 -0.500658 -0.108820 0.086910 0.785464 0.603035
1784010420.320458174 11.793735 2.057031 -0.500658 -0.108820 0.086910 0.785464 0.603035
1784010420.324791908 11.793711 2.057021 -0.500660 -0.108820 0.086904 0.785466 0.603033
1784010420.330462933 11.793676 2.057005 -0.500664 -0.108810 0.086899 0.785471 0.603029
1784010420.334830046 11.793658 2.056999 -0.500668 -0.108806 0.086899 0.785474 0.603026
1784010420.340522051 11.793630 2.056988 -0.500673 -0.108819 0.086880 0.785473 0.603028
1784010420.344717026 11.793618 2.056987 -0.500678 -0.108821 0.086872 0.785472 0.603030
1784010420.350615978 11.793597 2.056981 -0.500686 -0.108823 0.086860 0.785476 0.603026
1784010420.354679108 11.793592 2.056984 -0.500692 -0.108821 0.086854 0.785478 0.603025
1784010420.360522985 11.793580 2.056984 -0.500701 -0.108829 0.086835 0.785481 0.603023
1784010420.364749908 11.793581 2.056990 -0.500709 -0.108830 0.086825 0.785483 0.603020
1784010420.370487928 11.793577 2.056996 -0.500720 -0.108823 0.086821 0.785486 0.603019
1784010420.374705076 11.793583 2.057006 -0.500730 -0.108826 0.086815 0.785487 0.603018
1784010420.380328894 11.793587 2.057018 -0.500744 -0.108828 0.086800 0.785489 0.603017
1784010420.384622097 11.793599 2.057032 -0.500755 -0.108827 0.086796 0.785491 0.603016
1784010420.390568018 11.793610 2.057049 -0.500770 -0.108831 0.086781 0.785491 0.603017
1784010420.394669056 11.793629 2.057067 -0.500782 -0.108838 0.086774 0.785489 0.603019
1784010420.400572062 11.793649 2.057089 -0.500799 -0.108839 0.086764 0.785488 0.603021
1784010420.404963970 11.793675 2.057112 -0.500814 -0.108837 0.086761 0.785492 0.603017
1784010420.410708904 11.793704 2.057139 -0.500835 -0.108833 0.086752 0.785497 0.603013
1784010420.414800882 11.793733 2.057164 -0.500851 -0.108833 0.086748 0.785500 0.603009
1784010420.420109034 11.793769 2.057195 -0.500872 -0.108824 0.086744 0.785504 0.603006
1784010420.420109034 11.793769 2.057195 -0.500872 -0.108824 0.086744 0.785504 0.603006
1784010420.420490026 11.793768 2.057195 -0.500872 -0.108823 0.086744 0.785504 0.603006
1784010420.424679995 11.793744 2.057186 -0.500871 -0.108810 0.086739 0.785505 0.603008
1784010420.430510044 11.793706 2.057171 -0.500867 -0.108804 0.086725 0.785499 0.603019
1784010420.434982061 11.793686 2.057165 -0.500866 -0.108796 0.086719 0.785498 0.603023
1784010420.440248966 11.793662 2.057158 -0.500864 -0.108780 0.086711 0.785494 0.603031
1784010420.444721937 11.793648 2.057156 -0.500864 -0.108773 0.086703 0.785493 0.603035
1784010420.450676918 11.793625 2.057151 -0.500862 -0.108756 0.086691 0.785493 0.603040
1784010420.454696894 11.793620 2.057154 -0.500864 -0.108750 0.086687 0.785492 0.603043
1784010420.460522890 11.793606 2.057155 -0.500865 -0.108739 0.086675 0.785490 0.603049
1784010420.464646101 11.793606 2.057162 -0.500868 -0.108732 0.086673 0.785490 0.603051
1784010420.470491886 11.793600 2.057168 -0.500869 -0.108725 0.086655 0.785485 0.603062
1784010420.474756956 11.793606 2.057178 -0.500874 -0.108710 0.086656 0.785484 0.603065
1784010420.480390072 11.793609 2.057189 -0.500878 -0.108692 0.086645 0.785479 0.603077
1784010420.484615088 11.793620 2.057203 -0.500883 -0.108690 0.086636 0.785477 0.603081
1784010420.490344048 11.793630 2.057220 -0.500888 -0.108676 0.086629 0.785474 0.603088
1784010420.494667053 11.793646 2.057239 -0.500894 -0.108670 0.086625 0.785473 0.603092
1784010420.500510931 11.793665 2.057262 -0.500900 -0.108658 0.086614 0.785475 0.603093
1784010420.505474091 11.793689 2.057287 -0.500907 -0.108658 0.086601 0.785472 0.603098
1784010420.510333061 11.793716 2.057313 -0.500915 -0.108662 0.086584 0.785470 0.603103
1784010420.514745951 11.793745 2.057340 -0.500925 -0.108652 0.086580 0.785468 0.603108
1784010420.520029068 11.793779 2.057372 -0.500936 -0.108634 0.086574 0.785466 0.603114
1784010420.520029068 11.793779 2.057372 -0.500936 -0.108634 0.086574 0.785466 0.603114
1784010420.520500898 11.793777 2.057372 -0.500936 -0.108634 0.086575 0.785466 0.603114
1784010420.524750948 11.793754 2.057365 -0.500928 -0.108636 0.086581 0.785469 0.603109
1784010420.530505896 11.793720 2.057355 -0.500916 -0.108627 0.086591 0.785475 0.603102
1784010420.534883022 11.793703 2.057352 -0.500909 -0.108625 0.086594 0.785478 0.603097
1784010420.540601969 11.793679 2.057347 -0.500898 -0.108633 0.086597 0.785486 0.603086
1784010420.544487000 11.793671 2.057349 -0.500894 -0.108639 0.086602 0.785492 0.603076
1784010420.550493956 11.793652 2.057347 -0.500884 -0.108642 0.086607 0.785504 0.603059
1784010420.554749012 11.793647 2.057352 -0.500880 -0.108645 0.086618 0.785511 0.603047
1784010420.560612917 11.793637 2.057356 -0.500874 -0.108649 0.086626 0.785517 0.603038
1784010420.564677000 11.793639 2.057365 -0.500873 -0.108647 0.086633 0.785523 0.603029
1784010420.570468903 11.793638 2.057375 -0.500869 -0.108639 0.086647 0.785530 0.603019
1784010420.574544907 11.793646 2.057388 -0.500869 -0.108648 0.086648 0.785532 0.603016
1784010420.580430984 11.793653 2.057403 -0.500868 -0.108652 0.086651 0.785538 0.603006
1784010420.584922075 11.793666 2.057420 -0.500869 -0.108656 0.086658 0.785544 0.602997
1784010420.590543985 11.793681 2.057440 -0.500870 -0.108662 0.086664 0.785553 0.602983
1784010420.594721079 11.793700 2.057460 -0.500872 -0.108666 0.086667 0.785558 0.602975
1784010420.600454092 11.793723 2.057486 -0.500874 -0.108668 0.086674 0.785568 0.602962
1784010420.604446888 11.793748 2.057510 -0.500877 -0.108665 0.086682 0.785573 0.602953
1784010420.610333920 11.793779 2.057541 -0.500879 -0.108666 0.086695 0.785579 0.602944
1784010420.614773035 11.793811 2.057570 -0.500883 -0.108668 0.086700 0.785583 0.602937
1784010420.620053053 11.793850 2.057605 -0.500887 -0.108668 0.086714 0.785588 0.602929
1784010420.620053053 11.793850 2.057605 -0.500887 -0.108668 0.086714 0.785588 0.602929
1784010420.620327950 11.793848 2.057605 -0.500887 -0.108668 0.086715 0.785589 0.602928
1784010420.624705076 11.793826 2.057597 -0.500883 -0.108680 0.086716 0.785594 0.602919
1784010420.630553007 11.793793 2.057584 -0.500876 -0.108701 0.086703 0.785605 0.602902
1784010420.634782076 11.793778 2.057581 -0.500873 -0.108708 0.086699 0.785612 0.602892
1784010420.640471935 11.793755 2.057574 -0.500869 -0.108721 0.086693 0.785624 0.602875
1784010420.644853115 11.793746 2.057575 -0.500867 -0.108723 0.086696 0.785633 0.602864
1784010420.650361061 11.793733 2.057575 -0.500864 -0.108731 0.086690 0.785640 0.602853
1784010420.654690027 11.793730 2.057579 -0.500862 -0.108742 0.086688 0.785646 0.602844
1784010420.660361052 11.793723 2.057583 -0.500861 -0.108748 0.086700 0.785657 0.602826
1784010420.664652109 11.793726 2.057592 -0.500861 -0.108758 0.086700 0.785664 0.602816
1784010420.670551062 11.793726 2.057601 -0.500861 -0.108765 0.086700 0.785674 0.602801
1784010420.674666882 11.793736 2.057614 -0.500863 -0.108774 0.086702 0.785679 0.602793
1784010420.680514097 11.793745 2.057628 -0.500865 -0.108783 0.086695 0.785686 0.602784
1784010420.684828043 11.793761 2.057645 -0.500868 -0.108791 0.086693 0.785691 0.602775
1784010420.690448999 11.793779 2.057664 -0.500873 -0.108803 0.086687 0.785699 0.602764
1784010420.694724083 11.793801 2.057684 -0.500879 -0.108810 0.086687 0.785708 0.602752
1784010420.700419903 11.793826 2.057708 -0.500886 -0.108813 0.086698 0.785719 0.602734
1784010420.704412937 11.793852 2.057732 -0.500892 -0.108818 0.086700 0.785725 0.602725
1784010420.710187912 11.793885 2.057762 -0.500901 -0.108824 0.086697 0.785739 0.602707
1784010420.714637041 11.793919 2.057792 -0.500908 -0.108828 0.086698 0.785748 0.602694
1784010420.720023155 11.793960 2.057826 -0.500918 -0.108849 0.086685 0.785756 0.602682
1784010420.720023155 11.793960 2.057826 -0.500918 -0.108849 0.086685 0.785756 0.602682
1784010420.720338106 11.793959 2.057825 -0.500918 -0.108849 0.086684 0.785755 0.602682
1784010420.724562883 11.793939 2.057813 -0.500914 -0.108849 0.086682 0.785754 0.602684
1784010420.730423927 11.793907 2.057793 -0.500907 -0.108849 0.086677 0.785755 0.602684
1784010420.735044956 11.793889 2.057782 -0.500905 -0.108847 0.086676 0.785752 0.602688
1784010420.740237951 11.793871 2.057771 -0.500901 -0.108834 0.086686 0.785751 0.602690
1784010420.744646072 11.793861 2.057766 -0.500900 -0.108830 0.086689 0.785748 0.602695
1784010420.750509977 11.793846 2.057756 -0.500898 -0.108822 0.086684 0.785743 0.602703
1784010420.754885912 11.793844 2.057755 -0.500898 -0.108815 0.086686 0.785743 0.602704
1784010420.760318995 11.793839 2.057753 -0.500898 -0.108804 0.086683 0.785742 0.602708
1784010420.764689922 11.793843 2.057756 -0.500900 -0.108800 0.086687 0.785741 0.602710
1784010420.770451069 11.793843 2.057757 -0.500902 -0.108803 0.086683 0.785737 0.602715
1784010420.774768114 11.793852 2.057764 -0.500905 -0.108804 0.086683 0.785736 0.602716
1784010420.780618906 11.793860 2.057771 -0.500908 -0.108799 0.086684 0.785732 0.602723
1784010420.784610033 11.793875 2.057783 -0.500912 -0.108793 0.086687 0.785733 0.602721
1784010420.790483952 11.793892 2.057796 -0.500917 -0.108774 0.086691 0.785733 0.602724
1784010420.794828892 11.793914 2.057812 -0.500923 -0.108767 0.086690 0.785733 0.602725
1784010420.800169945 11.793940 2.057830 -0.500931 -0.108763 0.086684 0.785732 0.602728
1784010420.804470062 11.793967 2.057849 -0.500939 -0.108761 0.086684 0.785733 0.602728
1784010420.810175896 11.793999 2.057873 -0.500950 -0.108761 0.086679 0.785729 0.602733
1784010420.814589977 11.794032 2.057897 -0.500959 -0.108756 0.086679 0.785728 0.602735
1784010420.819987059 11.794072 2.057926 -0.500970 -0.108750 0.086675 0.785725 0.602741
1784010420.819987059 11.794072 2.057926 -0.500970 -0.108750 0.086675 0.785725 0.602741
1784010420.820458889 11.794070 2.057925 -0.500970 -0.108750 0.086675 0.785725 0.602741
1784010420.824656010 11.794050 2.057911 -0.500963 -0.108753 0.086667 0.785721 0.602747
1784010420.830470085 11.794017 2.057890 -0.500952 -0.108745 0.086666 0.785718 0.602753
1784010420.834974051 11.794000 2.057879 -0.500947 -0.108743 0.086668 0.785714 0.602758
1784010420.840406895 11.793978 2.057864 -0.500939 -0.108740 0.086663 0.785711 0.602763
1784010420.844657898 11.793968 2.057858 -0.500936 -0.108738 0.086661 0.785711 0.602764
1784010420.850470066 11.793950 2.057847 -0.500929 -0.108733 0.086651 0.785711 0.602766
1784010420.854748964 11.793946 2.057845 -0.500926 -0.108728 0.086655 0.785710 0.602768
1784010420.860459089 11.793938 2.057839 -0.500921 -0.108738 0.086644 0.785705 0.602774
1784010420.864612103 11.793940 2.057841 -0.500920 -0.108743 0.086635 0.785702 0.602779
1784010420.870508909 11.793938 2.057840 -0.500917 -0.108731 0.086638 0.785694 0.602790
1784010420.874875069 11.793946 2.057845 -0.500918 -0.108729 0.086637 0.785689 0.602797
1784010420.880628109 11.793952 2.057849 -0.500916 -0.108729 0.086630 0.785685 0.602804
1784010420.884634972 11.793966 2.057859 -0.500918 -0.108727 0.086627 0.785684 0.602805
1784010420.890414953 11.793980 2.057869 -0.500918 -0.108723 0.086621 0.785678 0.602815
1784010420.894972086 11.794000 2.057882 -0.500920 -0.108721 0.086619 0.785671 0.602825
1784010420.900372982 11.794024 2.057898 -0.500922 -0.108726 0.086612 0.785664 0.602835
1784010420.904422998 11.794049 2.057914 -0.500927 -0.108732 0.086609 0.785658 0.602842
1784010420.910296917 11.794079 2.057935 -0.500932 -0.108719 0.086608 0.785655 0.602848
1784010420.914705038 11.794110 2.057956 -0.500939 -0.108723 0.086603 0.785652 0.602852
1784010420.920125008 11.794146 2.057982 -0.500947 -0.108721 0.086600 0.785649 0.602857
1784010420.920125008 11.794146 2.057982 -0.500947 -0.108721 0.086600 0.785649 0.602857
1784010420.920461893 11.794145 2.057981 -0.500947 -0.108721 0.086600 0.785649 0.602857
1784010420.924643993 11.794121 2.057974 -0.500943 -0.108710 0.086609 0.785646 0.602861
1784010420.930474997 11.794084 2.057961 -0.500935 -0.108693 0.086609 0.785643 0.602868
1784010420.934914112 11.794065 2.057956 -0.500931 -0.108690 0.086608 0.785641 0.602871
1784010420.940452099 11.794038 2.057950 -0.500925 -0.108691 0.086602 0.785637 0.602877
1784010420.944782019 11.794026 2.057949 -0.500922 -0.108686 0.086608 0.785637 0.602877
1784010420.950452089 11.794005 2.057948 -0.500918 -0.108675 0.086617 0.785637 0.602879
1784010420.954705000 11.793999 2.057951 -0.500917 -0.108671 0.086618 0.785636 0.602880
1784010420.960474014 11.793986 2.057954 -0.500915 -0.108656 0.086616 0.785633 0.602886
1784010420.964728117 11.793986 2.057961 -0.500915 -0.108648 0.086616 0.785631 0.602890
1784010420.970594883 11.793982 2.057969 -0.500915 -0.108633 0.086615 0.785631 0.602894
1784010420.974639893 11.793989 2.057980 -0.500917 -0.108625 0.086615 0.785630 0.602896
1784010420.980386019 11.793994 2.057994 -0.500920 -0.108617 0.086614 0.785627 0.602901
1784010420.984760046 11.794006 2.058009 -0.500923 -0.108612 0.086614 0.785625 0.602905
1784010420.990525961 11.794018 2.058028 -0.500927 -0.108599 0.086614 0.785625 0.602908
1784010420.994652987 11.794036 2.058047 -0.500931 -0.108593 0.086615 0.785624 0.602910
1784010421.000444889 11.794056 2.058073 -0.500935 -0.108583 0.086611 0.785625 0.602911
1784010421.005354881 11.794081 2.058098 -0.500940 -0.108575 0.086616 0.785624 0.602913
1784010421.010175943 11.794109 2.058126 -0.500946 -0.108567 0.086620 0.785621 0.602918
1784010421.014888048 11.794140 2.058155 -0.500953 -0.108559 0.086625 0.785618 0.602922
1784010421.020040989 11.794175 2.058188 -0.500961 -0.108552 0.086627 0.785615 0.602927
1784010421.020040989 11.794175 2.058188 -0.500961 -0.108552 0.086627 0.785615 0.602927
1784010421.020418882 11.794174 2.058188 -0.500961 -0.108552 0.086627 0.785615 0.602927
1784010421.024878025 11.794147 2.058184 -0.500962 -0.108558 0.086629 0.785615 0.602925
1784010421.030451059 11.794112 2.058178 -0.500963 -0.108560 0.086627 0.785617 0.602923
1784010421.034516096 11.794095 2.058179 -0.500966 -0.108563 0.086626 0.785617 0.602922
1784010421.040442944 11.794064 2.058177 -0.500969 -0.108569 0.086627 0.785620 0.602917
1784010421.044805050 11.794051 2.058181 -0.500972 -0.108575 0.086630 0.785622 0.602914
1784010421.050477982 11.794031 2.058185 -0.500976 -0.108583 0.086628 0.785623 0.602911
1784010421.054780960 11.794025 2.058193 -0.500980 -0.108591 0.086629 0.785623 0.602909
1784010421.060626984 11.794012 2.058202 -0.500985 -0.108604 0.086626 0.785622 0.602908
1784010421.064730883 11.794012 2.058213 -0.500989 -0.108614 0.086626 0.785621 0.602908
1784010421.070457935 11.794008 2.058227 -0.500997 -0.108609 0.086632 0.785618 0.602912
1784010421.074749947 11.794014 2.058242 -0.501004 -0.108606 0.086638 0.785615 0.602916
1784010421.080513000 11.794017 2.058261 -0.501014 -0.108614 0.086632 0.785617 0.602913
1784010421.084729910 11.794029 2.058280 -0.501023 -0.108621 0.086630 0.785617 0.602911
1784010421.090430975 11.794040 2.058303 -0.501035 -0.108627 0.086627 0.785621 0.602906
1784010421.094619036 11.794058 2.058326 -0.501045 -0.108632 0.086626 0.785623 0.602903
1784010421.100459099 11.794078 2.058355 -0.501059 -0.108641 0.086624 0.785622 0.602903
1784010421.104701042 11.794102 2.058382 -0.501070 -0.108648 0.086624 0.785621 0.602903
1784010421.110260010 11.794132 2.058416 -0.501083 -0.108653 0.086627 0.785621 0.602901
1784010421.114725113 11.794165 2.058448 -0.501096 -0.108656 0.086630 0.785623 0.602898
1784010421.120393038 11.794203 2.058487 -0.501112 -0.108660 0.086630 0.785626 0.602893
1784010421.120628119 11.794205 2.058489 -0.501113 -0.108660 0.086630 0.785626 0.602893
1784010421.120628119 11.794205 2.058489 -0.501113 -0.108660 0.086630 0.785626 0.602893
1784010421.124746084 11.794183 2.058482 -0.501114 -0.108656 0.086624 0.785627 0.602893
1784010421.130439043 11.794148 2.058470 -0.501114 -0.108649 0.086616 0.785627 0.602895
1784010421.134907007 11.794129 2.058466 -0.501116 -0.108645 0.086612 0.785627 0.602897
1784010421.140443087 11.794105 2.058459 -0.501117 -0.108643 0.086594 0.785627 0.602900
1784010421.144725084 11.794095 2.058460 -0.501119 -0.108643 0.086582 0.785626 0.602903
1784010421.150427103 11.794079 2.058457 -0.501121 -0.108626 0.086576 0.785632 0.602899
1784010421.154716015 11.794075 2.058460 -0.501125 -0.108616 0.086574 0.785636 0.602896
1784010421.160435915 11.794067 2.058462 -0.501129 -0.108618 0.086554 0.785634 0.602901
1784010421.164577007 11.794069 2.058469 -0.501134 -0.108610 0.086550 0.785634 0.602904
1784010421.170469999 11.794067 2.058476 -0.501140 -0.108598 0.086546 0.785633 0.602907
1784010421.174423933 11.794075 2.058487 -0.501146 -0.108593 0.086543 0.785633 0.602908
1784010421.180469036 11.794081 2.058499 -0.501153 -0.108584 0.086529 0.785634 0.602911
1784010421.184792042 11.794095 2.058514 -0.501160 -0.108585 0.086523 0.785636 0.602910
1784010421.190493107 11.794111 2.058532 -0.501169 -0.108566 0.086520 0.785639 0.602909
1784010421.194766998 11.794131 2.058551 -0.501178 -0.108567 0.086511 0.785639 0.602909
1784010421.200313091 11.794154 2.058573 -0.501189 -0.108557 0.086502 0.785642 0.602909
1784010421.204490900 11.794180 2.058596 -0.501199 -0.108544 0.086504 0.785645 0.602907
1784010421.209579945 11.794210 2.058622 -0.501210 -0.108544 0.086496 0.785644 0.602910
1784010421.214716911 11.794244 2.058652 -0.501222 -0.108547 0.086479 0.785643 0.602913
1784010421.220305204 11.794284 2.058684 -0.501235 -0.108547 0.086466 0.785644 0.602914
1784010421.220305204 11.794284 2.058684 -0.501235 -0.108547 0.086466 0.785644 0.602914
1784010421.220448971 11.794283 2.058684 -0.501235 -0.108548 0.086466 0.785644 0.602914
1784010421.224909067 11.794259 2.058674 -0.501221 -0.108547 0.086474 0.785651 0.602903
1784010421.230493069 11.794227 2.058660 -0.501203 -0.108552 0.086478 0.785655 0.602897
1784010421.234796047 11.794211 2.058654 -0.501192 -0.108563 0.086475 0.785658 0.602891
1784010421.240407944 11.794185 2.058645 -0.501176 -0.108553 0.086489 0.785668 0.602877
1784010421.244736910 11.794174 2.058643 -0.501167 -0.108544 0.086502 0.785678 0.602865
1784010421.250490904 11.794156 2.058638 -0.501151 -0.108548 0.086502 0.785684 0.602856
1784010421.254792929 11.794152 2.058641 -0.501143 -0.108543 0.086511 0.785689 0.602849
1784010421.260628939 11.794141 2.058641 -0.501129 -0.108543 0.086517 0.785695 0.602840
1784010421.264655113 11.794143 2.058647 -0.501123 -0.108547 0.086520 0.785698 0.602836
1784010421.270549059 11.794140 2.058652 -0.501112 -0.108554 0.086527 0.785705 0.602824
1784010421.274530888 11.794147 2.058661 -0.501107 -0.108561 0.086525 0.785710 0.602817
1784010421.280462980 11.794151 2.058671 -0.501098 -0.108549 0.086535 0.785721 0.602802
1784010421.284531116 11.794165 2.058684 -0.501094 -0.108546 0.086544 0.785724 0.602799
1784010421.290405035 11.794178 2.058700 -0.501086 -0.108545 0.086541 0.785731 0.602790
1784010421.294682980 11.794198 2.058717 -0.501083 -0.108537 0.086550 0.785737 0.602781
1784010421.300455093 11.794220 2.058738 -0.501078 -0.108535 0.086559 0.785745 0.602771
1784010421.304411888 11.794244 2.058758 -0.501078 -0.108536 0.086562 0.785747 0.602767
1784010421.310429096 11.794274 2.058784 -0.501074 -0.108536 0.086572 0.785755 0.602756
1784010421.314964056 11.794305 2.058809 -0.501074 -0.108532 0.086577 0.785762 0.602747
1784010421.319939137 11.794341 2.058839 -0.501075 -0.108526 0.086582 0.785764 0.602744
1784010421.319939137 11.794341 2.058839 -0.501075 -0.108526 0.086582 0.785764 0.602744
1784010421.320064068 11.794340 2.058838 -0.501074 -0.108526 0.086583 0.785764 0.602744
1784010421.324589968 11.794311 2.058828 -0.501060 -0.108532 0.086595 0.785759 0.602748
1784010421.330451965 11.794271 2.058813 -0.501042 -0.108539 0.086609 0.785757 0.602747
1784010421.334808111 11.794252 2.058807 -0.501030 -0.108544 0.086624 0.785755 0.602747
1784010421.340405941 11.794223 2.058798 -0.501014 -0.108552 0.086641 0.785751 0.602748
1784010421.344640970 11.794209 2.058796 -0.501004 -0.108554 0.086659 0.785748 0.602749
1784010421.350414991 11.794186 2.058791 -0.500991 -0.108565 0.086674 0.785740 0.602755
1784010421.354708910 11.794178 2.058793 -0.500982 -0.108572 0.086682 0.785739 0.602754
1784010421.360409021 11.794165 2.058794 -0.500970 -0.108577 0.086694 0.785737 0.602754
1784010421.364682913 11.794164 2.058800 -0.500963 -0.108582 0.086705 0.785734 0.602755
1784010421.370450020 11.794158 2.058805 -0.500953 -0.108594 0.086717 0.785727 0.602761
1784010421.374625921 11.794163 2.058815 -0.500947 -0.108596 0.086735 0.785726 0.602760
1784010421.380589962 11.794164 2.058825 -0.500937 -0.108605 0.086759 0.785722 0.602759
1784010421.384476900 11.794175 2.058838 -0.500933 -0.108611 0.086769 0.785717 0.602763
1784010421.390387058 11.794185 2.058854 -0.500925 -0.108619 0.086783 0.785711 0.602768
1784010421.394568920 11.794203 2.058871 -0.500921 -0.108620 0.086791 0.785708 0.602770
1784010421.400294065 11.794222 2.058891 -0.500916 -0.108623 0.086806 0.785706 0.602770
1784010421.404743910 11.794246 2.058913 -0.500913 -0.108631 0.086817 0.785705 0.602769
1784010421.410420895 11.794274 2.058938 -0.500910 -0.108630 0.086843 0.785701 0.602770
1784010421.415195942 11.794304 2.058964 -0.500909 -0.108627 0.086866 0.785698 0.602771
1784010421.419963121 11.794338 2.058993 -0.500909 -0.108630 0.086881 0.785695 0.602773
1784010421.419963121 11.794338 2.058993 -0.500909 -0.108630 0.086881 0.785695 0.602773
1784010421.420124054 11.794337 2.058992 -0.500909 -0.108631 0.086880 0.785695 0.602773
1784010421.424552917 11.794315 2.058978 -0.500907 -0.108641 0.086872 0.785694 0.602773
1784010421.430453062 11.794283 2.058956 -0.500905 -0.108655 0.086861 0.785695 0.602771
1784010421.435197115 11.794266 2.058944 -0.500904 -0.108665 0.086848 0.785696 0.602769
1784010421.440192938 11.794250 2.058933 -0.500904 -0.108672 0.086847 0.785694 0.602771
1784010421.444452047 11.794242 2.058928 -0.500905 -0.108688 0.086839 0.785693 0.602770
1784010421.450403929 11.794226 2.058916 -0.500907 -0.108706 0.086828 0.785696 0.602765
1784010421.454736948 11.794224 2.058915 -0.500909 -0.108709 0.086833 0.785699 0.602760
1784010421.460289001 11.794219 2.058911 -0.500912 -0.108722 0.086824 0.785700 0.602758
1784010421.464652061 11.794223 2.058914 -0.500916 -0.108726 0.086820 0.785700 0.602757
1784010421.470412970 11.794226 2.058914 -0.500921 -0.108732 0.086809 0.785703 0.602754
1784010421.474801064 11.794237 2.058920 -0.500926 -0.108739 0.086804 0.785703 0.602753
1784010421.480401993 11.794249 2.058926 -0.500933 -0.108758 0.086788 0.785703 0.602752
1784010421.484642029 11.794265 2.058937 -0.500940 -0.108772 0.086781 0.785703 0.602750
1784010421.490564108 11.794284 2.058948 -0.500949 -0.108777 0.086777 0.785711 0.602739
1784010421.494509935 11.794306 2.058963 -0.500956 -0.108785 0.086775 0.785710 0.602740
1784010421.500328064 11.794334 2.058979 -0.500967 -0.108805 0.086757 0.785710 0.602739
1784010421.504678965 11.794364 2.058998 -0.500976 -0.108808 0.086754 0.785713 0.602735
1784010421.510502100 11.794401 2.059020 -0.500990 -0.108811 0.086748 0.785717 0.602730
1784010421.514805079 11.794436 2.059043 -0.501002 -0.108822 0.086738 0.785718 0.602728
1784010421.520126104 11.794479 2.059070 -0.501017 -0.108838 0.086734 0.785720 0.602724
1784010421.520126104 11.794479 2.059070 -0.501017 -0.108838 0.086734 0.785720 0.602724
1784010421.520421982 11.794478 2.059069 -0.501017 -0.108839 0.086734 0.785720 0.602724
1784010421.524770021 11.794460 2.059053 -0.501018 -0.108839 0.086722 0.785721 0.602724
1784010421.530570984 11.794433 2.059030 -0.501017 -0.108830 0.086708 0.785723 0.602725
1784010421.534423113 11.794425 2.059021 -0.501019 -0.108830 0.086698 0.785725 0.602723
1784010421.540450096 11.794405 2.059001 -0.501019 -0.108825 0.086667 0.785729 0.602723
1784010421.544599056 11.794401 2.058994 -0.501021 -0.108818 0.086662 0.785734 0.602719
1784010421.550489902 11.794390 2.058981 -0.501024 -0.108812 0.086644 0.785738 0.602717
1784010421.554532051 11.794392 2.058978 -0.501029 -0.108814 0.086633 0.785737 0.602721
1784010421.560391903 11.794389 2.058970 -0.501034 -0.108803 0.086622 0.785740 0.602720
1784010421.564682961 11.794395 2.058970 -0.501040 -0.108797 0.086615 0.785745 0.602715
1784010421.570548058 11.794400 2.058968 -0.501047 -0.108787 0.086597 0.785748 0.602716
1784010421.574636936 11.794414 2.058973 -0.501053 -0.108788 0.086586 0.785746 0.602720
1784010421.580414057 11.794428 2.058977 -0.501061 -0.108781 0.086570 0.785750 0.602718
1784010421.584721088 11.794447 2.058986 -0.501069 -0.108780 0.086561 0.785752 0.602717
1784010421.590456963 11.794469 2.058994 -0.501079 -0.108781 0.086536 0.785757 0.602714
1784010421.594780922 11.794493 2.059007 -0.501089 -0.108773 0.086527 0.785758 0.602715
1784010421.600480080 11.794522 2.059022 -0.501100 -0.108758 0.086513 0.785762 0.602714
1784010421.604588985 11.794552 2.059039 -0.501110 -0.108754 0.086506 0.785762 0.602717
1784010421.610389948 11.794590 2.059060 -0.501122 -0.108747 0.086490 0.785762 0.602720
1784010421.614876986 11.794628 2.059082 -0.501133 -0.108754 0.086476 0.785760 0.602723
1784010421.620030165 11.794671 2.059107 -0.501146 -0.108742 0.086465 0.785765 0.602721
1784010421.620030165 11.794671 2.059107 -0.501146 -0.108742 0.086465 0.785765 0.602721
1784010421.620255947 11.794670 2.059106 -0.501146 -0.108741 0.086466 0.785765 0.602721
1784010421.624681950 11.794645 2.059092 -0.501133 -0.108737 0.086473 0.785762 0.602724
1784010421.630415916 11.794610 2.059073 -0.501115 -0.108738 0.086477 0.785755 0.602733
1784010421.634743929 11.794592 2.059064 -0.501104 -0.108725 0.086493 0.785753 0.602735
1784010421.640464067 11.794565 2.059049 -0.501089 -0.108719 0.086500 0.785749 0.602740
1784010421.644680977 11.794554 2.059044 -0.501080 -0.108715 0.086504 0.785746 0.602745
1784010421.650463104 11.794534 2.059035 -0.501066 -0.108701 0.086522 0.785745 0.602746
1784010421.654681921 11.794530 2.059033 -0.501058 -0.108701 0.086532 0.785743 0.602747
1784010421.660284042 11.794519 2.059029 -0.501046 -0.108700 0.086539 0.785736 0.602756
1784010421.664572954 11.794520 2.059031 -0.501040 -0.108699 0.086547 0.785729 0.602764
1784010421.670388937 11.794515 2.059031 -0.501029 -0.108683 0.086556 0.785727 0.602768
1784010421.674801111 11.794522 2.059036 -0.501023 -0.108673 0.086568 0.785727 0.602768
1784010421.680294037 11.794528 2.059042 -0.501015 -0.108670 0.086576 0.785719 0.602777
1784010421.684608936 11.794541 2.059051 -0.501012 -0.108677 0.086579 0.785713 0.602784
1784010421.690408945 11.794553 2.059061 -0.501005 -0.108663 0.086601 0.785709 0.602788
1784010421.694725990 11.794572 2.059074 -0.501003 -0.108664 0.086609 0.785706 0.602791
1784010421.700452089 11.794592 2.059089 -0.501000 -0.108655 0.086626 0.785701 0.602797
1784010421.704507113 11.794616 2.059106 -0.501000 -0.108651 0.086634 0.785700 0.602798
1784010421.710448980 11.794644 2.059126 -0.500998 -0.108649 0.086641 0.785692 0.602807
1784010421.714443922 11.794674 2.059147 -0.500999 -0.108642 0.086653 0.785689 0.602811
1784010421.719840050 11.794710 2.059172 -0.500999 -0.108647 0.086656 0.785682 0.602818
1784010421.719840050 11.794710 2.059172 -0.500999 -0.108647 0.086656 0.785682 0.602818
1784010421.720026016 11.794709 2.059171 -0.500999 -0.108648 0.086656 0.785682 0.602818
1784010421.724874020 11.794679 2.059155 -0.501001 -0.108656 0.086653 0.785688 0.602809
1784010421.730452061 11.794645 2.059137 -0.501005 -0.108662 0.086658 0.785689 0.602807
1784010421.734807968 11.794626 2.059128 -0.501009 -0.108679 0.086651 0.785690 0.602804
1784010421.740479946 11.794598 2.059115 -0.501015 -0.108694 0.086645 0.785693 0.602797
1784010421.744695902 11.794586 2.059111 -0.501020 -0.108694 0.086650 0.785699 0.602789
1784010421.750394106 11.794567 2.059102 -0.501027 -0.108710 0.086641 0.785701 0.602785
1784010421.754803896 11.794561 2.059101 -0.501034 -0.108719 0.086642 0.785703 0.602781
1784010421.760406971 11.794551 2.059098 -0.501044 -0.108744 0.086632 0.785703 0.602778
1784010421.764679909 11.794551 2.059101 -0.501052 -0.108752 0.086633 0.785706 0.602772
1784010421.770575047 11.794547 2.059102 -0.501065 -0.108753 0.086640 0.785710 0.602765
1784010421.774631023 11.794553 2.059109 -0.501074 -0.108766 0.086634 0.785711 0.602762
1784010421.780448914 11.794557 2.059116 -0.501088 -0.108777 0.086632 0.785715 0.602756
1784010421.784605980 11.794570 2.059127 -0.501099 -0.108777 0.086636 0.785719 0.602750
1784010421.790462017 11.794583 2.059139 -0.501115 -0.108784 0.086635 0.785720 0.602747
1784010421.794778109 11.794601 2.059153 -0.501127 -0.108792 0.086636 0.785723 0.602742
1784010421.800462008 11.794622 2.059171 -0.501145 -0.108807 0.086629 0.785723 0.602740
1784010421.804707050 11.794646 2.059189 -0.501158 -0.108815 0.086631 0.785726 0.602735
1784010421.810390949 11.794674 2.059212 -0.501178 -0.108831 0.086628 0.785726 0.602733
1784010421.814383030 11.794702 2.059234 -0.501192 -0.108844 0.086626 0.785727 0.602729
1784010421.820101023 11.794738 2.059262 -0.501212 -0.108848 0.086624 0.785734 0.602719
1784010421.820101023 11.794738 2.059262 -0.501212 -0.108848 0.086624 0.785734 0.602719
1784010421.820271015 11.794737 2.059262 -0.501212 -0.108847 0.086623 0.785734 0.602719
1784010421.824599981 11.794715 2.059256 -0.501218 -0.108841 0.086608 0.785729 0.602729
1784010421.830411911 11.794682 2.059247 -0.501226 -0.108821 0.086586 0.785720 0.602748
1784010421.834676027 11.794666 2.059245 -0.501234 -0.108805 0.086581 0.785714 0.602759
1784010421.840429068 11.794640 2.059242 -0.501243 -0.108792 0.086560 0.785704 0.602777
1784010421.844810963 11.794629 2.059244 -0.501252 -0.108776 0.086557 0.785702 0.602783
1784010421.850370884 11.794613 2.059247 -0.501263 -0.108750 0.086542 0.785696 0.602798
1784010421.854522943 11.794609 2.059253 -0.501272 -0.108744 0.086529 0.785692 0.602807
1784010421.860372066 11.794599 2.059261 -0.501284 -0.108721 0.086505 0.785686 0.602822
1784010421.864681005 11.794601 2.059271 -0.501295 -0.108714 0.086491 0.785685 0.602826
1784010421.870510101 11.794600 2.059284 -0.501309 -0.108696 0.086467 0.785678 0.602842
1784010421.874572039 11.794608 2.059298 -0.501321 -0.108683 0.086459 0.785675 0.602849
1784010421.880462885 11.794614 2.059316 -0.501337 -0.108664 0.086434 0.785668 0.602866
1784010421.884710073 11.794628 2.059335 -0.501351 -0.108648 0.086430 0.785665 0.602873
1784010421.890527964 11.794643 2.059359 -0.501369 -0.108624 0.086418 0.785662 0.602883
1784010421.894701004 11.794663 2.059382 -0.501384 -0.108614 0.086407 0.785658 0.602892
1784010421.900409937 11.794687 2.059411 -0.501403 -0.108592 0.086388 0.785652 0.602906
1784010421.904767990 11.794712 2.059438 -0.501420 -0.108585 0.086370 0.785649 0.602914
1784010421.910234928 11.794743 2.059471 -0.501442 -0.108560 0.086355 0.785649 0.602921
1784010421.914391041 11.794773 2.059501 -0.501460 -0.108549 0.086352 0.785648 0.602924
1784010421.919941187 11.794811 2.059540 -0.501483 -0.108535 0.086331 0.785639 0.602941
1784010421.919941187 11.794811 2.059540 -0.501483 -0.108535 0.086331 0.785639 0.602941
1784010421.920408964 11.794808 2.059542 -0.501482 -0.108535 0.086331 0.785639 0.602941
1784010421.924616098 11.794782 2.059557 -0.501476 -0.108530 0.086339 0.785645 0.602933
1784010421.930428028 11.794739 2.059577 -0.501465 -0.108521 0.086338 0.785657 0.602919
1784010421.934787035 11.794717 2.059596 -0.501459 -0.108521 0.086333 0.785664 0.602911
1784010421.940403938 11.794685 2.059619 -0.501451 -0.108509 0.086337 0.785677 0.602896
1784010421.944653988 11.794669 2.059640 -0.501448 -0.108509 0.086337 0.785682 0.602889
1784010421.950395107 11.794643 2.059670 -0.501442 -0.108495 0.086343 0.785693 0.602876
1784010421.954617977 11.794633 2.059694 -0.501440 -0.108498 0.086343 0.785697 0.602870
1784010421.960429907 11.794615 2.059729 -0.501435 -0.108500 0.086333 0.785706 0.602860
1784010421.964497089 11.794612 2.059757 -0.501434 -0.108488 0.086342 0.785714 0.602851
1784010421.970320940 11.794602 2.059796 -0.501431 -0.108481 0.086338 0.785724 0.602839
1784010421.974697113 11.794604 2.059829 -0.501432 -0.108485 0.086329 0.785727 0.602836
1784010421.980483055 11.794602 2.059873 -0.501432 -0.108469 0.086337 0.785738 0.602824
1784010421.984549999 11.794610 2.059907 -0.501435 -0.108465 0.086340 0.785743 0.602818
1784010421.990427971 11.794616 2.059957 -0.501437 -0.108457 0.086342 0.785751 0.602808
1784010421.994616032 11.794630 2.059996 -0.501441 -0.108458 0.086337 0.785753 0.602806
1784010422.000382900 11.794645 2.060050 -0.501444 -0.108452 0.086333 0.785763 0.602794
1784010422.004733086 11.794666 2.060094 -0.501448 -0.108440 0.086340 0.785771 0.602785
1784010422.010457039 11.794688 2.060152 -0.501453 -0.108442 0.086336 0.785783 0.602770
1784010422.014383078 11.794714 2.060195 -0.501460 -0.108439 0.086337 0.785788 0.602764
1784010422.020138025 11.794743 2.060258 -0.501468 -0.108413 0.086354 0.785800 0.602751
1784010422.020138025 11.794743 2.060258 -0.501468 -0.108413 0.086354 0.785800 0.602751
1784010422.020284891 11.794742 2.060260 -0.501467 -0.108413 0.086354 0.785800 0.602750
1784010422.024482012 11.794715 2.060300 -0.501462 -0.108418 0.086363 0.785804 0.602743
1784010422.030392885 11.794674 2.060358 -0.501452 -0.108424 0.086370 0.785812 0.602730
1784010422.034805059 11.794652 2.060404 -0.501447 -0.108435 0.086378 0.785818 0.602720
1784010422.040560961 11.794622 2.060465 -0.501439 -0.108449 0.086384 0.785827 0.602704
1784010422.044501066 11.794610 2.060509 -0.501435 -0.108462 0.086395 0.785829 0.602698
1784010422.050359011 11.794586 2.060576 -0.501428 -0.108489 0.086399 0.785834 0.602685
1784010422.054855108 11.794575 2.060629 -0.501425 -0.108497 0.086408 0.785842 0.602673
1784010422.060220003 11.794563 2.060695 -0.501422 -0.108503 0.086423 0.785853 0.602656
1784010422.064609051 11.794559 2.060751 -0.501420 -0.108511 0.086431 0.785857 0.602648
1784010422.070425987 11.794552 2.060827 -0.501418 -0.108516 0.086445 0.785862 0.602638
1784010422.074615955 11.794556 2.060884 -0.501418 -0.108528 0.086450 0.785865 0.602632
1784010422.080324888 11.794558 2.060964 -0.501417 -0.108547 0.086456 0.785874 0.602615
1784010422.084625959 11.794567 2.061026 -0.501419 -0.108561 0.086463 0.785879 0.602605
1784010422.090362072 11.794575 2.061111 -0.501420 -0.108578 0.086475 0.785888 0.602589
1784010422.094680071 11.794590 2.061177 -0.501423 -0.108580 0.086488 0.785893 0.602580
1784010422.100439072 11.794607 2.061267 -0.501427 -0.108594 0.086498 0.785900 0.602567
1784010422.104629040 11.794628 2.061336 -0.501431 -0.108609 0.086497 0.785903 0.602560
1784010422.110380888 11.794654 2.061431 -0.501436 -0.108620 0.086508 0.785912 0.602545
1784010422.115223885 11.794682 2.061513 -0.501442 -0.108635 0.086513 0.785921 0.602530
1784010422.119884014 11.794713 2.061595 -0.501449 -0.108646 0.086517 0.785926 0.602521
1784010422.119884014 11.794713 2.061595 -0.501449 -0.108646 0.086517 0.785926 0.602521
1784010422.120446920 11.794715 2.061605 -0.501450 -0.108647 0.086518 0.785924 0.602522
1784010422.124676943 11.794723 2.061678 -0.501454 -0.108651 0.086524 0.785910 0.602539
1784010422.130353928 11.794736 2.061780 -0.501461 -0.108657 0.086523 0.785889 0.602566
1784010422.134730101 11.794750 2.061860 -0.501467 -0.108650 0.086531 0.785879 0.602580
1784010422.140367985 11.794772 2.061966 -0.501476 -0.108654 0.086527 0.785854 0.602611
1784010422.144594908 11.794793 2.062047 -0.501484 -0.108656 0.086525 0.785843 0.602626
1784010422.150357962 11.794823 2.062160 -0.501495 -0.108661 0.086520 0.785828 0.602646
1784010422.154733896 11.794850 2.062248 -0.501504 -0.108669 0.086521 0.785813 0.602663
1784010422.160387993 11.794887 2.062364 -0.501516 -0.108667 0.086525 0.785790 0.602693
1784010422.164645910 11.794919 2.062454 -0.501526 -0.108661 0.086533 0.785777 0.602710
1784010422.170372009 11.794964 2.062576 -0.501541 -0.108662 0.086533 0.785760 0.602733
1784010422.174534082 11.795002 2.062667 -0.501551 -0.108664 0.086535 0.785746 0.602749
1784010422.180377007 11.795057 2.062798 -0.501567 -0.108670 0.086533 0.785724 0.602777
1784010422.184598923 11.795101 2.062894 -0.501580 -0.108674 0.086531 0.785710 0.602795
1784010422.190397024 11.795163 2.063028 -0.501599 -0.108676 0.086535 0.785687 0.602824
1784010422.194690943 11.795213 2.063129 -0.501614 -0.108681 0.086536 0.785672 0.602842
1784010422.200428963 11.795282 2.063268 -0.501634 -0.108672 0.086544 0.785656 0.602865
1784010422.204627991 11.795337 2.063371 -0.501649 -0.108669 0.086552 0.785646 0.602877
1784010422.210172892 11.795413 2.063511 -0.501670 -0.108676 0.086550 0.785622 0.602907
1784010422.214572906 11.795477 2.063623 -0.501686 -0.108671 0.086556 0.785606 0.602928
1784010422.219892025 11.795558 2.063761 -0.501708 -0.108674 0.086559 0.785586 0.602953
