id: 2
T_world_origin: 
   0.051457   -0.998631 -0.00943859     11.5328
   0.951924   0.0461881    0.302833     4.59475
  -0.301982  -0.0245677    0.952997   -0.257616
          0           0           0           1
T_origin_endpoint_L: 
 0.150301  0.960333 -0.234882  -4.77969
-0.956516 0.0811825 -0.280155   8.93819
-0.249974  0.266776  0.930776  -1.01301
        0         0         0         1
T_origin_endpoint_R: 
 0.278402 -0.937483  -0.20885  0.308122
 0.942586  0.224921  0.246866   10.8403
-0.184458 -0.265587  0.946276  0.320964
        0         0         0         1
T_lidar_imu: 
       1        0        0    0.011
       0        1        0  0.02329
       0        0        1 -0.04412
       0        0        0        1
imu_bias:    0.0034602  -0.00483811  -0.00180766   0.00759756  -0.00546366 -0.000246142
frame_id: 2
num_frames: 268
frame_0
id: 908
stamp: 1784010366.323213100
T_odom_lidar: 
  0.965739 -0.0377004   0.256764    2.38741
  0.037069   0.999286 0.00730042   0.100471
 -0.256856 0.00246768   0.966447  -0.215869
         0          0          0          1
T_world_lidar: 
  0.965737 -0.0377018   0.256768    2.38741
 0.0370695   0.999286 0.00730418   0.100471
  -0.25686 0.00246436   0.966445  -0.215869
         0          0          0          1
v_world_imu:    0.911085   0.0627225 0.000360546
frame_1
id: 909
stamp: 1784010366.423273087
T_odom_lidar: 
  0.965585 -0.0429939    0.25651    2.47845
 0.0423012   0.999071 0.00822004   0.105852
 -0.256625 0.00291353   0.966507  -0.216036
         0          0          0          1
T_world_lidar: 
   0.964918  -0.0423386    0.259117     2.47871
   0.040975    0.999103   0.0106638    0.106679
  -0.259336 0.000327606    0.965787   -0.215113
          0           0           0           1
v_world_imu:  0.913876 0.0555774 0.0241503
frame_2
id: 910
stamp: 1784010366.523413181
T_odom_lidar: 
  0.964814 -0.0465139   0.258786    2.56992
 0.0455037   0.998915 0.00989547   0.111698
 -0.258966 0.00222845   0.965884  -0.216666
         0          0          0          1
T_world_lidar: 
   0.964041  -0.0462474    0.261699     2.57002
  0.0438132    0.998925   0.0151317    0.112722
  -0.262117 -0.00312173    0.965031   -0.215133
          0           0           0           1
v_world_imu:   0.908485  0.0568747 -0.0158631
frame_3
id: 911
stamp: 1784010366.623255014
T_odom_lidar: 
  0.964598 -0.0500348   0.258934    2.66157
 0.0490772   0.998743  0.0101652   0.117663
 -0.259118 0.00290249   0.965841  -0.216998
         0          0          0          1
T_world_lidar: 
  0.963695 -0.0493912   0.262397    2.66106
 0.0464093   0.998768  0.0175532    0.11848
 -0.262941 -0.0047383     0.9648  -0.215098
         0          0          0          1
v_world_imu:    0.914384   0.0574205 -0.00069478
frame_4
id: 912
stamp: 1784010366.723574162
T_odom_lidar: 
  0.963972  -0.052714   0.260729    2.75403
 0.0515037   0.998607   0.011477    0.12389
  -0.26097 0.00236498   0.965344   -0.21749
         0          0          0          1
T_world_lidar: 
   0.962552  -0.0520632    0.266052     2.75298
  0.0486242    0.998627   0.0195018     0.12411
  -0.266702 -0.00583491    0.963761   -0.215202
          0           0           0           1
v_world_imu:  0.911054 0.0601345 0.0114909
frame_5
id: 913
stamp: 1784010366.823508978
T_odom_lidar: 
  0.963646 -0.0576958   0.260878    2.84606
 0.0561388   0.998333  0.0134226   0.130074
 -0.261218 0.00171072   0.965278  -0.217416
         0          0          0          1
T_world_lidar: 
   0.962559   -0.056188    0.265187     2.84434
  0.0523594    0.998397   0.0214901    0.129668
  -0.265969 -0.00680042    0.963958    -0.21477
          0           0           0           1
v_world_imu:   0.913602  0.0603142 -0.0242646
frame_6
id: 914
stamp: 1784010366.923195124
T_odom_lidar: 
  0.963306 -0.0595988   0.261705    2.93829
 0.0577998   0.998222  0.0145734   0.136167
 -0.262108 0.00108786   0.965038  -0.218075
         0          0          0          1
T_world_lidar: 
   0.962266  -0.0589942    0.265637     2.93587
  0.0544039    0.998216   0.0246122      0.1355
  -0.266615 -0.00923186    0.963759   -0.215377
          0           0           0           1
v_world_imu:   0.922534   0.051461 0.00470603
frame_7
id: 915
stamp: 1784010367.023154020
T_odom_lidar: 
   0.964293   -0.051263    0.259829     3.03102
  0.0491956    0.998685    0.014458    0.139096
  -0.260229 -0.00115931    0.965546   -0.217386
          0           0           0           1
T_world_lidar: 
  0.963135 -0.0542704   0.263489    3.02791
 0.0496765   0.998475  0.0240714   0.138572
 -0.264393 -0.0100948   0.964362  -0.214382
         0          0          0          1
v_world_imu:    0.924192  0.00105091 -0.00522159
frame_8
id: 916
stamp: 1784010367.123407125
T_odom_lidar: 
    0.965488   -0.0292823     0.258796      3.12419
   0.0281526     0.999571   0.00807099     0.136405
   -0.258921 -0.000506663     0.965898    -0.217834
           0            0            0            1
T_world_lidar: 
  0.964248   -0.03512   0.262663    3.12039
 0.0306095   0.999306  0.0212457   0.136266
 -0.263226 -0.0124461   0.964654  -0.214058
         0          0          0          1
v_world_imu:   0.933043 -0.0560764 0.00312656
frame_9
id: 917
stamp: 1784010367.223357201
T_odom_lidar: 
    0.965903  -0.00022377     0.258904      3.21663
-0.000905633     0.999991   0.00424297      0.12958
   -0.258903  -0.00433277     0.965894    -0.217919
           0            0            0            1
T_world_lidar: 
  0.965022 -0.0082185   0.262042    3.21214
0.00435887   0.999873  0.0153069   0.129283
 -0.262134 -0.0136293   0.964935  -0.213746
         0          0          0          1
v_world_imu:   0.915553 -0.0786288 0.00997795
frame_10
id: 918
stamp: 1784010367.323197126
T_odom_lidar: 
   0.966048   0.0238598     0.25726     3.30702
 -0.0238027    0.999711 -0.00333661    0.121885
  -0.257266 -0.00290018    0.966336   -0.218183
          0           0           0           1
T_world_lidar: 
   0.96449  0.0158602   0.263641    3.30218
-0.0187313   0.999789 0.00837974   0.121158
 -0.263453 -0.0130205   0.964584  -0.213697
         0          0          0          1
v_world_imu:   0.899429 -0.0887666 0.00313744
frame_11
id: 919
stamp: 1784010367.423246145
T_odom_lidar: 
   0.964443   0.0466949    0.260135     3.39635
 -0.0461775      0.9989 -0.00810358    0.112832
  -0.260227 -0.00419694    0.965538   -0.218979
          0           0           0           1
T_world_lidar: 
  0.963675  0.0397996   0.264097    3.39099
-0.0423416   0.999095 0.00393777   0.111687
 -0.263701  -0.014977   0.964488  -0.214027
         0          0          0          1
v_world_imu:   0.887742  -0.103496 -0.0176027
frame_12
id: 920
stamp: 1784010367.523085117
T_odom_lidar: 
   0.962652   0.0694163    0.261691     3.48465
 -0.0684681    0.997572  -0.0127509    0.101506
  -0.261941 -0.00564287    0.965067     -0.2198
          0           0           0           1
T_world_lidar: 
     0.9618   0.0612194     0.26682     3.47885
 -0.0626062    0.998033 -0.00331426    0.100418
  -0.266498  -0.0135169    0.963741   -0.214691
          0           0           0           1
v_world_imu:    0.874413   -0.129984 -0.00548032
frame_13
id: 921
stamp: 1784010367.623471022
T_odom_lidar: 
   0.959092   0.0998512    0.264901     3.57306
 -0.0979079    0.994983  -0.0205646   0.0865329
  -0.265625 -0.00621255    0.964056   -0.220738
          0           0           0           1
T_world_lidar: 
   0.958979   0.0882601    0.269388     3.56655
 -0.0898062    0.995937 -0.00660472   0.0864489
  -0.268876  -0.0178589    0.963009   -0.215429
          0           0           0           1
v_world_imu:   0.879513  -0.163264 -0.0197103
frame_14
id: 922
stamp: 1784010367.723374128
T_odom_lidar: 
   0.954959    0.135008    0.264245     3.66059
  -0.131776    0.990825  -0.0300063    0.067406
  -0.265872 -0.00616635    0.963989   -0.221338
          0           0           0           1
T_world_lidar: 
  0.955262   0.120585   0.270062    3.65334
 -0.119961   0.992599  -0.018881  0.0680288
  -0.27034 -0.0143605   0.962658  -0.215867
         0          0          0          1
v_world_imu:   0.870519  -0.197529 0.00200417
frame_15
id: 923
stamp: 1784010367.823101997
T_odom_lidar: 
   0.949384    0.170705    0.263684     3.74926
  -0.165658    0.985313  -0.0414308   0.0459979
  -0.266884 -0.00434756    0.963719    -0.22192
          0           0           0           1
T_world_lidar: 
  0.950778   0.155268   0.268166    3.74111
 -0.153409   0.987766 -0.0280074  0.0469248
 -0.269234 -0.0145103   0.962965  -0.215977
         0          0          0          1
v_world_imu:    0.895801   -0.231348 -0.00979048
frame_16
id: 924
stamp: 1784010367.923163176
T_odom_lidar: 
   0.945663    0.193377    0.261395     3.83814
  -0.187664    0.981113  -0.0468951   0.0239472
  -0.265526 -0.00470724    0.964092   -0.222321
          0           0           0           1
T_world_lidar: 
  0.945841   0.184979   0.266774    3.82913
 -0.181178   0.982676 -0.0390171  0.0239876
 -0.269369 -0.0114296   0.962969  -0.216124
         0          0          0          1
v_world_imu:    0.88959  -0.215035 -0.0238818
frame_17
id: 925
stamp: 1784010368.023133993
T_odom_lidar: 
   0.945414    0.193571    0.262148     3.92739
   -0.18739    0.981081  -0.0486289  0.00652697
  -0.266602 -0.00314953    0.963802   -0.222873
          0           0           0           1
T_world_lidar: 
   0.944779    0.192302    0.265355     3.91738
  -0.187614    0.981294  -0.0431526  0.00606784
   -0.26869 -0.00901473    0.963185   -0.216264
          0           0           0           1
v_world_imu:   0.882304  -0.151128 0.00615978
frame_18
id: 926
stamp: 1784010368.123080015
T_odom_lidar: 
   0.945954    0.192197    0.261212     4.01605
  -0.186456    0.981346  -0.0468335 -0.00912117
   -0.26534 -0.00440208    0.964145   -0.222954
          0           0           0           1
T_world_lidar: 
   0.945726    0.191319    0.262677     4.00506
  -0.185603    0.981517  -0.0466468 -0.00980014
  -0.266746 -0.00463854    0.963756   -0.216112
          0           0           0           1
v_world_imu:   0.878096  -0.152662 0.00260934
frame_19
id: 927
stamp: 1784010368.223529100
T_odom_lidar: 
   0.946736     0.18929    0.260501     4.10452
  -0.183479    0.981915  -0.0466817  -0.0251496
  -0.264626 -0.00360115    0.964344   -0.223325
          0           0           0           1
T_world_lidar: 
   0.945872    0.189452    0.263502     4.09259
  -0.184381    0.981866  -0.0440814  -0.0255594
  -0.267075 -0.00688941    0.963651   -0.216144
          0           0           0           1
v_world_imu:   0.865249   -0.15916 0.00895615
frame_20
id: 928
stamp: 1784010368.323050976
T_odom_lidar: 
   0.947074     0.18583    0.261758     4.19152
  -0.180979    0.982558   -0.042743  -0.0406048
  -0.265135 -0.00689176    0.964187   -0.223544
          0           0           0           1
T_world_lidar: 
  0.946768   0.186255   0.262564    4.17846
 -0.182551   0.982436 -0.0386551 -0.0408025
 -0.265152  -0.011334    0.96414  -0.215887
         0          0          0          1
v_world_imu:  0.860444 -0.148064 0.0234172
frame_21
id: 929
stamp: 1784010368.423171043
T_odom_lidar: 
   0.948062    0.182225    0.260714     4.27853
  -0.176781    0.983249  -0.0443898  -0.0559896
  -0.264436 -0.00400504    0.964395   -0.223914
          0           0           0           1
T_world_lidar: 
  0.946717   0.182429   0.265416    4.26477
 -0.178921   0.983146 -0.0375514 -0.0558905
 -0.267793  -0.011938   0.963402   -0.21582
         0          0          0          1
v_world_imu:   0.857983  -0.151217 0.00403643
frame_22
id: 930
stamp: 1784010368.523365021
T_odom_lidar: 
   0.94829    0.17915   0.262015    4.36525
 -0.173734   0.983814 -0.0438901 -0.0698901
 -0.265637 -0.0039004   0.964065   -0.22386
         0          0          0          1
T_world_lidar: 
  0.947359   0.178641   0.265704    4.35082
 -0.175866   0.983813 -0.0344027 -0.0703524
 -0.267549 -0.0141366   0.963441  -0.215503
         0          0          0          1
v_world_imu:    0.86009  -0.141455 0.00139992
frame_23
id: 931
stamp: 1784010368.623027086
T_odom_lidar: 
   0.949668    0.174005    0.260486     4.45145
  -0.169489    0.984725  -0.0398838  -0.0825847
  -0.263447 -0.00627323    0.964653   -0.223001
          0           0           0           1
T_world_lidar: 
  0.947644   0.174498   0.267433    4.43699
 -0.171297   0.984582 -0.0354436 -0.0849038
 -0.269494 -0.0122227   0.962924  -0.214762
         0          0          0          1
v_world_imu:   0.864546  -0.145894 0.00854211
frame_24
id: 932
stamp: 1784010368.723203182
T_odom_lidar: 
   0.949569    0.171429    0.262547     4.54054
  -0.167427    0.985163  -0.0377167  -0.0967652
  -0.265117 -0.00814284    0.964182   -0.223498
          0           0           0           1
T_world_lidar: 
  0.947263    0.17132   0.270817     4.5261
  -0.16892   0.985099  -0.032332 -0.0990497
 -0.272321 -0.0151194   0.962088  -0.215087
         0          0          0          1
v_world_imu:   0.900739  -0.141887 -0.0258604
frame_25
id: 933
stamp: 1784010368.823050976
T_odom_lidar: 
   0.950557    0.169009    0.260532     4.63179
  -0.165059    0.985584  -0.0371344   -0.111739
  -0.263052 -0.00770485    0.964751   -0.223626
          0           0           0           1
T_world_lidar: 
  0.948024   0.168981   0.269623    4.61726
 -0.166506   0.985515 -0.0321976  -0.113803
 -0.271158 -0.0143698   0.962428  -0.215125
         0          0          0          1
v_world_imu:   0.922919  -0.148998 0.00471525
frame_26
id: 934
stamp: 1784010368.923127174
T_odom_lidar: 
   0.950877    0.165701    0.261489     4.72549
  -0.161757    0.986148  -0.0366931   -0.126372
  -0.263947 -0.00740715    0.964509   -0.223965
          0           0           0           1
T_world_lidar: 
  0.947995   0.165547   0.271843    4.71055
 -0.163359   0.986085 -0.0308272  -0.128734
 -0.273164  -0.015184   0.961848  -0.215153
         0          0          0          1
v_world_imu:   0.935714  -0.150148 0.00324568
frame_27
id: 935
stamp: 1784010369.023073196
T_odom_lidar: 
   0.952048    0.161353    0.259943     4.82018
  -0.158201     0.98685    -0.03315   -0.141064
  -0.261874 -0.00956273    0.965055   -0.223981
          0           0           0           1
T_world_lidar: 
  0.949035   0.160779   0.271078     4.8046
 -0.159356   0.986841 -0.0274068  -0.143507
 -0.271917 -0.0171877   0.962167  -0.214684
         0          0          0          1
v_world_imu:  0.946399 -0.144424 0.0278328
frame_28
id: 936
stamp: 1784010369.123053074
T_odom_lidar: 
   0.952749    0.155993    0.260645     4.91638
  -0.152621    0.987725  -0.0332607   -0.155697
  -0.262634 -0.00809076    0.964862   -0.224599
          0           0           0           1
T_world_lidar: 
  0.949506   0.155519   0.272494    4.90011
  -0.15373   0.987715 -0.0280391  -0.158048
 -0.273507 -0.0152673   0.961749  -0.214837
         0          0          0          1
v_world_imu:     0.955002    -0.144403 -0.000300183
frame_29
id: 937
stamp: 1784010369.223318100
T_odom_lidar: 
   0.953537    0.152072    0.260078     5.01358
  -0.148902    0.988335  -0.0319659   -0.169996
  -0.261906 -0.00824563    0.965058   -0.225101
          0           0           0           1
T_world_lidar: 
  0.950399   0.151326   0.271739    4.99669
 -0.149752   0.988364 -0.0266486  -0.172137
  -0.27261 -0.0153666   0.962002  -0.214985
         0          0          0          1
v_world_imu:   0.971466  -0.142878 -0.0169153
frame_30
id: 938
stamp: 1784010369.323326111
T_odom_lidar: 
   0.953329    0.148754    0.262747     5.11181
  -0.145677    0.988838   -0.031266   -0.184374
  -0.264465 -0.00846935    0.964358   -0.226094
          0           0           0           1
T_world_lidar: 
  0.950441    0.14805   0.273393    5.09444
 -0.146329   0.988873 -0.0267923  -0.186337
 -0.274318 -0.0145409   0.961529  -0.215759
         0          0          0          1
v_world_imu:   0.983735  -0.136964 -0.0217539
frame_31
id: 939
stamp: 1784010369.423233032
T_odom_lidar: 
   0.954037    0.142166    0.263822     5.21104
  -0.139139    0.989812   -0.030223   -0.196597
  -0.265431 -0.00787413    0.964098   -0.226438
          0           0           0           1
T_world_lidar: 
  0.951846   0.140521   0.272476    5.19333
  -0.13868   0.989993 -0.0261016  -0.198413
 -0.273417 -0.0129423   0.961809  -0.215874
         0          0          0          1
v_world_imu:  0.992697 -0.108822  0.009593
frame_32
id: 940
stamp: 1784010369.523015022
T_odom_lidar: 
   0.955517    0.129896    0.264792     5.31112
  -0.127517    0.991489  -0.0262327   -0.206675
  -0.265946 -0.00869964    0.963949   -0.226421
          0           0           0           1
T_world_lidar: 
  0.954229   0.128657   0.269988    5.29299
 -0.126999    0.99162 -0.0236769  -0.208453
 -0.270772  -0.011695   0.962572  -0.215682
         0          0          0          1
v_world_imu:    1.00199 -0.0871066  0.0058727
frame_33
id: 941
stamp: 1784010369.623269081
T_odom_lidar: 
   0.958047    0.111581       0.264      5.4126
  -0.109107    0.993739  -0.0240613   -0.214657
  -0.265032 -0.00575242    0.964223   -0.226197
          0           0           0           1
T_world_lidar: 
   0.957972    0.110626    0.264673     5.39381
   -0.10843    0.993839  -0.0229378   -0.216436
   -0.26558 -0.00672486    0.964065   -0.215285
          0           0           0           1
v_world_imu:     1.00652  -0.0727194 -0.00946346
frame_34
id: 942
stamp: 1784010369.723316193
T_odom_lidar: 
   0.959412    0.093787    0.265958     5.51501
 -0.0925536    0.995559  -0.0171962   -0.220223
  -0.266389 -0.00811714    0.963831   -0.227195
          0           0           0           1
T_world_lidar: 
  0.958874  0.0930372   0.268152    5.49543
-0.0925294   0.995604 -0.0145594  -0.222087
 -0.268327 -0.0108513   0.963267  -0.215897
         0          0          0          1
v_world_imu:    1.00782 -0.0510952 -0.0117358
frame_35
id: 943
stamp: 1784010369.823224068
T_odom_lidar: 
  0.961697  0.0750453   0.263643    5.61757
-0.0745056   0.997148 -0.0120595  -0.223979
 -0.263796 -0.0080453   0.964545  -0.227122
         0          0          0          1
T_world_lidar: 
   0.960629   0.0747446     0.26759     5.59692
 -0.0751541    0.997134 -0.00872619   -0.225942
  -0.267476  -0.0117279    0.963493   -0.215428
          0           0           0           1
v_world_imu:     1.01728  -0.0251944 -0.00391122
frame_36
id: 944
stamp: 1784010369.922971010
T_odom_lidar: 
   0.962009   0.0596374    0.266425     5.72074
  -0.059687    0.998186 -0.00791902   -0.227144
  -0.266414 -0.00828396    0.963823   -0.227384
          0           0           0           1
T_world_lidar: 
   0.960662   0.0595805    0.271255     5.69888
 -0.0606851    0.998148 -0.00432168   -0.229014
   -0.27101  -0.0123095    0.962498   -0.215399
          0           0           0           1
v_world_imu:     1.0163 -0.0383512  0.0140614
frame_37
id: 945
stamp: 1784010370.023223162
T_odom_lidar: 
  0.963019  0.0505307   0.264654    5.82402
-0.0516646   0.998661 -0.0026791  -0.230581
 -0.264435 -0.0110932    0.96434  -0.227865
         0          0          0          1
T_world_lidar: 
  0.961351  0.0501692   0.270718    5.80111
  -0.05251   0.998619 0.00140582  -0.232271
 -0.270273 -0.0155669   0.962658  -0.215791
         0          0          0          1
v_world_imu:    1.02155 -0.0312959 -0.0113577
frame_38
id: 946
stamp: 1784010370.122961998
T_odom_lidar: 
   0.963141    0.041694    0.265745     5.92656
 -0.0425338    0.999092 -0.00259647   -0.233256
  -0.265612 -0.00880238     0.96404   -0.229194
          0           0           0           1
T_world_lidar: 
   0.96154  0.0413895   0.271527    5.90301
  -0.04365   0.999044 0.00228814  -0.234993
 -0.271173 -0.0140523   0.962428  -0.216926
         0          0          0          1
v_world_imu:      1.01388   -0.0211033 -0.000456217
frame_39
id: 947
stamp: 1784010370.223287106
T_odom_lidar: 
  0.963732  0.0330522   0.264816    6.02916
-0.0347742   0.999394 0.00181579  -0.234571
 -0.264596 -0.0109587   0.964297  -0.230326
         0          0          0          1
T_world_lidar: 
  0.962121  0.0326448   0.270661    6.00519
-0.0358516   0.999333 0.00691069  -0.236467
 -0.270255 -0.0163526    0.96265  -0.217803
         0          0          0          1
v_world_imu:     1.01664 -0.00806089  -0.0107442
frame_40
id: 948
stamp: 1784010370.322940111
T_odom_lidar: 
  0.964439  0.0230867   0.263294     6.1309
-0.0255627   0.999655 0.00598154  -0.235303
 -0.263065 -0.0124994   0.964697  -0.230997
         0          0          0          1
T_world_lidar: 
  0.962657  0.0232743   0.269722    6.10661
-0.0272819   0.999566  0.0111186  -0.237236
 -0.269346 -0.0180619   0.962874  -0.218245
         0          0          0          1
v_world_imu:      1.01743 -0.000984783  -0.00517663
frame_41
id: 949
stamp: 1784010370.422933102
T_odom_lidar: 
  0.964532  0.0160573   0.263476    6.23295
-0.0188025   0.999792 0.00790059  -0.235346
 -0.263294 -0.0125744   0.964634  -0.231486
         0          0          0          1
T_world_lidar: 
  0.962671  0.0155319   0.270229    6.20841
 -0.019762   0.999721  0.0129399  -0.237107
 -0.269953 -0.0177971   0.962709  -0.218723
         0          0          0          1
v_world_imu:    1.01299 0.00350178 0.00427535
frame_42
id: 950
stamp: 1784010370.522983074
T_odom_lidar: 
  0.965078 0.00801475   0.261838    6.33441
   -0.0114    0.99987  0.0114122  -0.234624
 -0.261713 -0.0139986   0.965044  -0.231368
         0          0          0          1
T_world_lidar: 
  0.963397 0.00820604   0.267953    6.30956
-0.0130834    0.99978  0.0164219  -0.236232
 -0.267759 -0.0193265   0.963292  -0.218598
         0          0          0          1
v_world_imu:  1.00962 0.010039 0.001897
frame_43
id: 951
stamp: 1784010370.623011112
T_odom_lidar: 
    0.965778 -0.000911532     0.259368      6.43542
 -0.00300497     0.999887    0.0147033    -0.233131
   -0.259352   -0.0149795     0.965667    -0.230976
           0            0            0            1
T_world_lidar: 
    0.964036 -0.000160199     0.265773      6.41037
 -0.00523073     0.999795     0.019576    -0.234564
   -0.265721   -0.0202622     0.963837    -0.218125
           0            0            0            1
v_world_imu:      1.0056   0.0222007 -0.00234854
frame_44
id: 952
stamp: 1784010370.722911119
T_odom_lidar: 
   0.966082 -0.00738456    0.258129     6.53632
 0.00270694    0.999826   0.0184719   -0.230614
  -0.258221  -0.0171467    0.965934   -0.231479
          0           0           0           1
T_world_lidar: 
   0.964345 -0.00732743    0.264548     6.51109
 0.00123331     0.99973   0.0231947   -0.231864
  -0.264647  -0.0220414    0.964094   -0.218513
          0           0           0           1
v_world_imu:      1.00816    0.0280485 -0.000778256
frame_45
id: 953
stamp: 1784010370.823042154
T_odom_lidar: 
   0.96584 -0.0148557   0.258713    6.63731
0.00995258   0.999745  0.0202516   -0.22757
 -0.258948 -0.0169849   0.965742  -0.231164
         0          0          0          1
T_world_lidar: 
  0.964168 -0.0145747   0.264894    6.61196
0.00833941   0.999661  0.0246484  -0.228634
 -0.265163 -0.0215562   0.963963  -0.218067
         0          0          0          1
v_world_imu:     1.00758   0.0368587 -0.00923203
frame_46
id: 954
stamp: 1784010370.923045158
T_odom_lidar: 
  0.964748 -0.0224825   0.262213    6.73825
 0.0174347   0.999615   0.021562  -0.223693
 -0.262597 -0.0162303   0.964769  -0.231546
         0          0          0          1
T_world_lidar: 
  0.963229 -0.0222335   0.267761    6.71281
 0.0159536   0.999545  0.0256065  -0.224549
 -0.268208 -0.0203932   0.963145  -0.218223
         0          0          0          1
v_world_imu:    1.00641  0.0393405 0.00320592
frame_47
id: 955
stamp: 1784010371.022922039
T_odom_lidar: 
  0.964041 -0.0288482   0.264182    6.83898
 0.0227184   0.999398  0.0262296  -0.218798
  -0.26478 -0.0192847   0.964116  -0.232071
         0          0          0          1
T_world_lidar: 
  0.962672 -0.0290003   0.269113    6.81347
 0.0216608   0.999309   0.030203  -0.219342
 -0.269803 -0.0232464   0.962635  -0.218597
         0          0          0          1
v_world_imu:   1.00891 0.0540863 -0.011364
frame_48
id: 956
stamp: 1784010371.123329163
T_odom_lidar: 
  0.963788 -0.0359772    0.26423     6.9402
 0.0297047   0.999175  0.0276974  -0.213315
 -0.265009 -0.0188455   0.964062  -0.232314
         0          0          0          1
T_world_lidar: 
  0.962704 -0.0356509   0.268199    6.91464
 0.0284499   0.999124  0.0306894  -0.213546
 -0.269058 -0.0219145   0.962874  -0.218634
         0          0          0          1
v_world_imu:    1.00256  0.0639112 0.00118949
frame_49
id: 957
stamp: 1784010371.223040104
T_odom_lidar: 
  0.963172 -0.0422093   0.265554    7.04148
 0.0355355   0.998921  0.0298883  -0.206884
 -0.266529 -0.0193509   0.963633  -0.232995
         0          0          0          1
T_world_lidar: 
  0.962476 -0.0417677   0.268135    7.01584
 0.0344914   0.998899  0.0317919  -0.206976
 -0.269168 -0.0213506   0.962857  -0.219163
         0          0          0          1
v_world_imu:      1.01531    0.0744811 -0.000780908
frame_50
id: 958
stamp: 1784010371.323358059
T_odom_lidar: 
  0.962782 -0.0496187   0.265685    7.14343
 0.0422833   0.998552   0.033262   -0.19975
 -0.266951   -0.02079   0.963486  -0.233491
         0          0          0          1
T_world_lidar: 
   0.96261 -0.0491263   0.266398    7.11769
 0.0416429   0.998565  0.0336711  -0.199939
  -0.26767 -0.0213186   0.963275  -0.219473
         0          0          0          1
v_world_imu:     1.01708   0.0764343 -0.00761951
frame_51
id: 959
stamp: 1784010371.422883034
T_odom_lidar: 
  0.962118 -0.0555478   0.266914    7.24502
 0.0484327   0.998275  0.0331716   -0.19207
 -0.268296 -0.0189876   0.963149   -0.23401
         0          0          0          1
T_world_lidar: 
  0.961491 -0.0549783   0.269282    7.21921
  0.047452   0.998282  0.0343847   -0.19245
  -0.27071 -0.0202826   0.962447  -0.219715
         0          0          0          1
v_world_imu:   1.01767 0.0752696  0.010312
frame_52
id: 960
stamp: 1784010371.522911072
T_odom_lidar: 
   0.96196 -0.0613483   0.266213    7.34786
 0.0541141   0.997941  0.0344326  -0.183776
 -0.267777 -0.0187169   0.963299   -0.23452
         0          0          0          1
T_world_lidar: 
  0.961125 -0.0607773   0.269341    7.32172
 0.0529414   0.997939  0.0362691  -0.184375
  -0.27099 -0.0205998   0.962362  -0.220051
         0          0          0          1
v_world_imu:    1.02785  0.0887719 0.00432783
frame_53
id: 961
stamp: 1784010371.623013973
T_odom_lidar: 
   0.96207 -0.0699102   0.263692    7.45179
 0.0618922   0.997336  0.0386031  -0.174349
 -0.265689 -0.0208184   0.963834  -0.234461
         0          0          0          1
T_world_lidar: 
  0.961272 -0.0683775   0.266985    7.42516
  0.059804   0.997403  0.0401223  -0.175324
 -0.269036 -0.0226016   0.962865  -0.219803
         0          0          0          1
v_world_imu:    1.03759  0.0958382 -0.0233154
frame_54
id: 962
stamp: 1784010371.723165035
T_odom_lidar: 
  0.961673 -0.0753078   0.263654    7.55652
 0.0673807   0.996965  0.0389945   -0.16442
 -0.265791 -0.0197348   0.963829  -0.235565
         0          0          0          1
T_world_lidar: 
  0.960752 -0.0740928   0.267331    7.52937
 0.0654794   0.997011  0.0410049   -0.16573
  -0.26957 -0.0218909   0.962732  -0.220463
         0          0          0          1
v_world_imu:   1.03908  0.097924 0.0120281
frame_55
id: 963
stamp: 1784010371.823131084
T_odom_lidar: 
   0.96148 -0.0811229   0.262631    7.66087
 0.0733779   0.996534  0.0391816  -0.154277
   -0.2649  -0.018401     0.9641  -0.236011
         0          0          0          1
T_world_lidar: 
  0.960561 -0.0794928   0.266466    7.63321
 0.0710298    0.99662   0.041265   -0.15577
 -0.268845 -0.0207106   0.962961  -0.220433
         0          0          0          1
v_world_imu:    1.03744    0.10089 0.00111156
frame_56
id: 964
stamp: 1784010371.923010111
T_odom_lidar: 
  0.961412 -0.0867651   0.261074    7.76492
 0.0791957    0.99608  0.0393965  -0.143572
 -0.263468 -0.0172004   0.964515  -0.236183
         0          0          0          1
T_world_lidar: 
  0.960444 -0.0847402   0.265266    7.73691
 0.0765283   0.996217  0.0411605  -0.145353
 -0.267751  -0.019232   0.963296  -0.220083
         0          0          0          1
v_world_imu:   1.03724  0.108691 0.0106975
frame_57
id: 965
stamp: 1784010372.023130178
T_odom_lidar: 
  0.960822 -0.0901656    0.26209    7.86946
 0.0826057   0.995789  0.0397444  -0.132147
  -0.26457 -0.0165371   0.964225  -0.237752
         0          0          0          1
T_world_lidar: 
  0.959678  -0.088419   0.266833    7.84125
 0.0801558   0.995909  0.0417242  -0.134276
 -0.269431 -0.0186536   0.962839  -0.221097
         0          0          0          1
v_world_imu:     1.03522    0.111371 -0.00786666
frame_58
id: 966
stamp: 1784010372.123044014
T_odom_lidar: 
  0.960004 -0.0935971   0.263877    7.97419
 0.0864642   0.995509  0.0385436  -0.120638
   -0.2663 -0.0141861   0.963786  -0.238222
         0          0          0          1
T_world_lidar: 
  0.958921 -0.0919384   0.268362    7.94576
 0.0840399   0.995627  0.0407983  -0.123048
 -0.270939 -0.0165692   0.962454  -0.221134
         0          0          0          1
v_world_imu:    1.04931   0.112153 -0.0114031
frame_59
id: 967
stamp: 1784010372.222958088
T_odom_lidar: 
  0.959607 -0.0993871   0.263205    8.07939
 0.0924923   0.994969  0.0384906  -0.108894
 -0.265706 -0.0125915   0.963972  -0.238701
         0          0          0          1
T_world_lidar: 
  0.958374 -0.0973717   0.268399    8.05082
  0.089526   0.995126  0.0413478  -0.111317
 -0.271117 -0.0155979    0.96242  -0.221209
         0          0          0          1
v_world_imu:  1.05105 0.117793 0.017597
frame_60
id: 968
stamp: 1784010372.323075056
T_odom_lidar: 
  0.958923  -0.105715    0.26323    8.18522
  0.097988   0.994286  0.0423501 -0.0963324
 -0.266203 -0.0148171   0.963803  -0.239705
         0          0          0          1
T_world_lidar: 
  0.957535  -0.102902   0.269328     8.1566
 0.0943631   0.994543  0.0444968  -0.098771
 -0.272437 -0.0171927    0.96202  -0.221827
         0          0          0          1
v_world_imu:    1.05614   0.128998 -0.0214576
frame_61
id: 969
stamp: 1784010372.422919989
T_odom_lidar: 
  0.958574  -0.111875   0.261953    8.29057
  0.104425   0.993636  0.0422366 -0.0835647
 -0.265011 -0.0131325   0.964156  -0.240028
         0          0          0          1
T_world_lidar: 
  0.957298  -0.108974    0.26778    8.26199
  0.100705   0.993922  0.0444643 -0.0859378
 -0.270998 -0.0155987   0.962454  -0.221818
         0          0          0          1
v_world_imu:    1.0584   0.12977 -0.010722
frame_62
id: 970
stamp: 1784010372.523226023
T_odom_lidar: 
  0.957702  -0.119338    0.26185    8.39578
  0.111815   0.992776  0.0435002 -0.0697598
  -0.26515 -0.0123814   0.964128   -0.24035
         0          0          0          1
T_world_lidar: 
  0.956615  -0.115968   0.267282    8.36732
  0.107615    0.99314  0.0457416 -0.0719904
 -0.270753 -0.0149935   0.962532  -0.221802
         0          0          0          1
v_world_imu:  1.04012 0.142585 0.005425
frame_63
id: 971
stamp: 1784010372.623069048
T_odom_lidar: 
   0.95765  -0.125838   0.258981    8.49945
  0.117484   0.991936  0.0475524 -0.0547319
 -0.262877 -0.0151125   0.964711  -0.240676
         0          0          0          1
T_world_lidar: 
  0.956306  -0.122219   0.265598    8.47116
  0.113095   0.992353  0.0494399 -0.0568237
  -0.26961 -0.0172419   0.962815  -0.221838
         0          0          0          1
v_world_imu:      1.0402    0.156981 -0.00267319
frame_64
id: 972
stamp: 1784010372.722803116
T_odom_lidar: 
  0.957379  -0.132258   0.256774    8.60222
  0.123741   0.991098  0.0491238 -0.0390682
 -0.260985 -0.0152568   0.965222  -0.240776
         0          0          0          1
T_world_lidar: 
  0.956071  -0.128143   0.263642    8.57389
  0.118934   0.991609  0.0506668 -0.0411591
 -0.267923 -0.0170849   0.963289  -0.221603
         0          0          0          1
v_world_imu:     1.02745    0.155841 -0.00571194
frame_65
id: 973
stamp: 1784010372.823024035
T_odom_lidar: 
  0.956336  -0.137643    0.25783    8.70576
  0.128924   0.990367  0.0505092 -0.0225797
 -0.262298 -0.0150633   0.964869  -0.241179
         0          0          0          1
T_world_lidar: 
  0.955198  -0.133808   0.263994    8.67731
  0.124452   0.990866  0.0519308 -0.0248091
 -0.268531 -0.0167495   0.963125  -0.221654
         0          0          0          1
v_world_imu:     1.03712    0.164102 -0.00728184
frame_66
id: 974
stamp: 1784010372.923218012
T_odom_lidar: 
   0.955943    -0.14347    0.256105     8.80996
   0.134549    0.989536   0.0521151 -0.00539232
  -0.260902  -0.0153603    0.965243   -0.241474
          0           0           0           1
T_world_lidar: 
   0.954914   -0.140491    0.261536     8.78124
   0.130965    0.989937   0.0535953 -0.00766192
  -0.266434  -0.0169268    0.963705   -0.221578
          0           0           0           1
v_world_imu:    1.0325  0.177458 0.0142836
frame_67
id: 975
stamp: 1784010373.022909164
T_odom_lidar: 
  0.955329  -0.149571   0.254901    8.91403
  0.140353   0.988623  0.0540842  0.0126176
  -0.26009 -0.0158921   0.965454  -0.240916
         0          0          0          1
T_world_lidar: 
  0.954696  -0.146703   0.258909    8.88498
   0.13708   0.989035    0.05494  0.0104079
  -0.26413 -0.0169599   0.964338  -0.220721
         0          0          0          1
v_world_imu:    1.04101   0.185026 0.00706787
frame_68
id: 976
stamp: 1784010373.122756004
T_odom_lidar: 
  0.955101  -0.155485   0.252203    9.01872
  0.145955   0.987694  0.0561846  0.0313379
 -0.257835 -0.0168517   0.966042  -0.241047
         0          0          0          1
T_world_lidar: 
 0.954703 -0.152945  0.255244   8.98935
 0.143383  0.988094 0.0557739 0.0291353
-0.260736  -0.01665  0.965267 -0.220446
        0         0         0         1
v_world_imu:      1.05298     0.195284 -0.000250815
frame_69
id: 977
stamp: 1784010373.222943068
T_odom_lidar: 
  0.953832  -0.163115   0.252187    9.12413
   0.15351   0.986476  0.0574449  0.0507573
 -0.258147 -0.0160795   0.965972  -0.241408
         0          0          0          1
T_world_lidar: 
  0.953996  -0.160408     0.2533    9.09445
   0.15121   0.986942  0.0555046  0.0484235
 -0.258895 -0.0146496   0.965794  -0.220574
         0          0          0          1
v_world_imu:   1.03183  0.196848 -0.013544
frame_70
id: 978
stamp: 1784010373.322784185
T_odom_lidar: 
   0.95324  -0.168329   0.250995    9.22738
  0.158549   0.985596  0.0588441  0.0708906
 -0.257284 -0.0162977   0.966198  -0.240688
         0          0          0          1
T_world_lidar: 
  0.953197   -0.16602    0.25269    9.19753
  0.156193   0.985986  0.0586134  0.0683518
 -0.258879 -0.0164019    0.96577  -0.219768
         0          0          0          1
v_world_imu:   1.01794  0.200487 0.0154249
frame_71
id: 979
stamp: 1784010373.422888041
T_odom_lidar: 
 0.951959 -0.173885  0.252068   9.32886
 0.163906  0.984636 0.0602287 0.0910824
-0.258668  -0.01602  0.965834 -0.240645
        0         0         0         1
T_world_lidar: 
   0.95198  -0.170729   0.254138    9.29891
  0.160353   0.985163  0.0611593  0.0881883
 -0.260809 -0.0174706   0.965232    -0.2197
         0          0          0          1
v_world_imu:  1.00185 0.193572 0.011343
frame_72
id: 980
stamp: 1784010373.522806168
T_odom_lidar: 
  0.954943  -0.158504   0.250919    9.43016
  0.149218   0.987232  0.0557353   0.104992
 -0.256549 -0.0157825   0.966402  -0.240309
         0          0          0          1
T_world_lidar: 
  0.954608  -0.154878   0.254434     9.4001
  0.144661    0.98775   0.058507   0.101654
 -0.260378 -0.0190445   0.965319  -0.219497
         0          0          0          1
v_world_imu:    1.02857  0.0905678 -0.0354184
frame_73
id: 981
stamp: 1784010373.622900009
T_odom_lidar: 
  0.959473  -0.115914   0.256856    9.53301
  0.108187   0.993153   0.044065   0.108279
 -0.260205 -0.0144908   0.965445  -0.241125
         0          0          0          1
T_world_lidar: 
  0.958872   -0.11097   0.261247    9.50267
  0.102106   0.993648  0.0473089    0.10446
 -0.264837 -0.0186884   0.964112  -0.220702
         0          0          0          1
v_world_imu:    1.03205 -0.0248965 0.00923914
frame_74
id: 982
stamp: 1784010373.723095179
T_odom_lidar: 
  0.964281 -0.0556868    0.25896    9.63497
 0.0504201   0.998365   0.026941   0.101863
 -0.260037 -0.0129219   0.965512  -0.240782
         0          0          0          1
T_world_lidar: 
  0.962916 -0.0535216    0.26444     9.6045
 0.0467678     0.9984  0.0317749  0.0978545
 -0.265717 -0.0182293   0.963879  -0.220879
         0          0          0          1
v_world_imu:    1.02483 -0.0876353 0.00354699
frame_75
id: 983
stamp: 1784010373.822964191
T_odom_lidar: 
  0.965496 -0.0255844   0.259158    9.73543
 0.0220255   0.999619  0.0166277  0.0971486
 -0.259485 -0.0103459   0.965692  -0.240093
         0          0          0          1
T_world_lidar: 
  0.963754 -0.0237513   0.265732     9.7053
 0.0184639   0.999579  0.0223787  0.0931009
 -0.266151 -0.0166611   0.963787  -0.220511
         0          0          0          1
v_world_imu:     1.00714 -0.00290611  0.00193084
frame_76
id: 984
stamp: 1784010373.922761202
T_odom_lidar: 
  0.965431 -0.0265344   0.259306    9.83569
 0.0227147   0.999585  0.0177164   0.100812
 -0.259668 -0.0112139   0.965633  -0.240017
         0          0          0          1
T_world_lidar: 
  0.963693  -0.025637    0.26578    9.80614
  0.019795     0.9995  0.0246368  0.0967444
 -0.266278 -0.0184812   0.963719  -0.220502
         0          0          0          1
v_world_imu:    1.01217  0.0375866 0.00284622
frame_77
id: 985
stamp: 1784010374.023092985
T_odom_lidar: 
   0.96595 -0.0297758   0.257009    9.93684
  0.026123   0.999504  0.0176161   0.105054
 -0.257406 -0.0103025   0.966248  -0.239286
         0          0          0          1
T_world_lidar: 
  0.964366 -0.0286539   0.263016     9.9079
 0.0228917   0.999427   0.024947   0.100989
  -0.26358 -0.0180372   0.964469  -0.219645
         0          0          0          1
v_world_imu:     1.01949   0.0465787 -0.00999582
frame_78
id: 986
stamp: 1784010374.122716188
T_odom_lidar: 
   0.965778  -0.0328253    0.257284     10.0377
    0.02972    0.999431     0.01595    0.109598
  -0.257661 -0.00775765    0.966204   -0.239225
          0           0           0           1
T_world_lidar: 
   0.96395 -0.0317014    0.26419    10.0096
 0.0263559    0.99937  0.0237542   0.105672
 -0.264777 -0.0159349   0.964178  -0.219447
         0          0          0          1
v_world_imu:    1.0214 0.0431627 0.0113137
frame_79
id: 987
stamp: 1784010374.222968102
T_odom_lidar: 
   0.966044  -0.0365362    0.255781     10.1397
  0.0331268    0.999296   0.0176264    0.114549
  -0.256245 -0.00855472    0.966574   -0.239466
          0           0           0           1
T_world_lidar: 
  0.964191 -0.0344737   0.262958    10.1122
 0.0289193    0.99927  0.0249651   0.110946
 -0.263626 -0.0164665   0.964484  -0.219581
         0          0          0          1
v_world_imu:    1.02598  0.0572858 -0.0113086
frame_80
id: 988
stamp: 1784010374.322874069
T_odom_lidar: 
    0.96644   -0.037749    0.254104     10.2425
  0.0344398    0.999254   0.0174608    0.120055
  -0.254574 -0.00812351    0.967019   -0.239044
          0           0           0           1
T_world_lidar: 
  0.964437 -0.0369727   0.261713     10.215
 0.0321571   0.999226  0.0226603   0.116642
 -0.262349 -0.0134385    0.96488  -0.219474
         0          0          0          1
v_world_imu:      1.025  0.0622478 0.00881017
frame_81
id: 989
stamp: 1784010374.423093081
T_odom_lidar: 
   0.965278  -0.0405088    0.258063     10.3461
  0.0374552    0.999158   0.0167401    0.125618
  -0.258524 -0.00649307    0.965983    -0.23936
          0           0           0           1
T_world_lidar: 
  0.964298 -0.0386725   0.261981    10.3185
 0.0343838   0.999189  0.0209365    0.12255
 -0.262579 -0.0111811   0.964846  -0.219841
         0          0          0          1
v_world_imu:      1.03205    0.0626682 -0.000482021
frame_82
id: 990
stamp: 1784010374.522881031
T_odom_lidar: 
   0.965096  -0.0445447    0.258082     10.4489
   0.041281    0.998984   0.0180538      0.1314
  -0.258624 -0.00676974    0.965954   -0.239406
          0           0           0           1
T_world_lidar: 
   0.964979  -0.0422319    0.258905     10.4215
  0.0386695    0.999074    0.018839    0.128515
  -0.259461 -0.00816745    0.965719   -0.219916
          0           0           0           1
v_world_imu:    1.03397  0.0655902 0.00274562
frame_83
id: 991
stamp: 1784010374.622812033
T_odom_lidar: 
   0.964463  -0.0480788    0.259808     10.5519
  0.0453279    0.998835   0.0165729    0.137727
  -0.260302 -0.00420743    0.965518   -0.239339
          0           0           0           1
T_world_lidar: 
   0.963403  -0.0471774    0.263875     10.5251
  0.0431174    0.998846     0.02116    0.135154
  -0.264568 -0.00900802    0.964325   -0.219828
          0           0           0           1
v_world_imu:   1.03256 0.0657623 0.0097409
frame_84
id: 992
stamp: 1784010374.722866058
T_odom_lidar: 
   0.964686  -0.0502873    0.258557     10.6549
  0.0476387    0.998728   0.0165027     0.14468
  -0.259058 -0.00360259    0.965855   -0.239257
          0           0           0           1
T_world_lidar: 
   0.96317 -0.0520162   0.263815    10.6284
 0.0476866   0.998602  0.0227932   0.142072
 -0.264632 -0.0093733   0.964304  -0.219814
         0          0          0          1
v_world_imu:    1.03268  0.0744478 0.00293232
frame_85
id: 993
stamp: 1784010374.822944164
T_odom_lidar: 
   0.963746  -0.0659744    0.258537     10.7572
  0.0626207    0.997812   0.0211947    0.155552
  -0.259369 -0.00423655    0.965769   -0.239035
          0           0           0           1
T_world_lidar: 
  0.962027 -0.0681132   0.264318    10.7309
 0.0625942    0.99761  0.0292569    0.15277
 -0.265679 -0.0116012   0.963992  -0.219647
         0          0          0          1
v_world_imu:    1.01394   0.157964 -0.0102072
frame_86
id: 994
stamp: 1784010374.922775984
T_odom_lidar: 
   0.959608   -0.108575    0.259545     10.8576
    0.10421    0.994086   0.0305612     0.17723
  -0.261328 -0.00227956    0.965247   -0.239659
          0           0           0           1
T_world_lidar: 
  0.957965  -0.111034   0.264528    10.8313
  0.104259   0.993763  0.0395616   0.174085
 -0.267271 -0.0103192   0.963566  -0.220219
         0          0          0          1
v_world_imu:  0.972858  0.270471 0.0103384
frame_87
id: 995
stamp: 1784010375.022819042
T_odom_lidar: 
   0.950128   -0.176093    0.257387     10.9542
   0.169413    0.984371   0.0480851    0.210683
  -0.261832 -0.00208217    0.965111   -0.239466
          0           0           0           1
T_world_lidar: 
   0.948675   -0.177925    0.261455     10.9278
   0.169133    0.984004   0.0559426    0.207079
  -0.267227 -0.00885066    0.963593   -0.219977
          0           0           0           1
v_world_imu:     0.927015     0.385552 -0.000444618
frame_88
id: 996
stamp: 1784010375.122642994
T_odom_lidar: 
   0.931746   -0.262677    0.250699     11.0457
    0.25329    0.964883   0.0696085    0.255104
  -0.260179 -0.00135791    0.965559   -0.238962
          0           0           0           1
T_world_lidar: 
   0.931077   -0.261712    0.254169     11.0193
   0.250336    0.965114   0.0767212    0.251659
  -0.265381 -0.00780584    0.964112   -0.219341
          0           0           0           1
v_world_imu:  0.863174  0.501684 0.0270194
frame_89
id: 997
stamp: 1784010375.222772121
T_odom_lidar: 
 0.902487 -0.356098  0.242305   11.1307
 0.342958  0.934442 0.0959044  0.311268
-0.260572 -0.003452  0.965448  -0.23893
        0         0         0         1
T_world_lidar: 
   0.902085   -0.356055     0.24386     11.1046
   0.341462    0.934431    0.101208     0.30818
  -0.263906 -0.00802988    0.964515   -0.219332
          0           0           0           1
v_world_imu:    0.804808    0.606943 -0.00782462
frame_90
id: 998
stamp: 1784010375.322686195
T_odom_lidar: 
  0.863788  -0.447152   0.232217    11.2092
  0.430847   0.894452   0.119696   0.376377
 -0.261229 -0.0033418   0.965271  -0.239512
         0          0          0          1
T_world_lidar: 
   0.862397   -0.449285     0.23327     11.1837
   0.431658    0.893362    0.124805    0.373616
  -0.264467 -0.00693843     0.96437   -0.220089
          0           0           0           1
v_world_imu:   0.730816   0.685061 -0.0103475
frame_91
id: 999
stamp: 1784010375.422996044
T_odom_lidar: 
   0.813491   -0.539053    0.218296     11.2803
   0.519441    0.842263    0.144135    0.449951
  -0.261559 -0.00386025     0.96518   -0.239547
          0           0           0           1
T_world_lidar: 
   0.813087   -0.539508     0.21868     11.2554
   0.519336    0.841964    0.146243    0.447033
   -0.26302 -0.00534006    0.964776   -0.220506
          0           0           0           1
v_world_imu:   0.653124   0.756334 0.00735407
frame_92
id: 1000
stamp: 1784010375.522732019
T_odom_lidar: 
   0.754952   -0.622501    0.206252     11.3427
    0.59998    0.782618    0.165932    0.530124
  -0.264709 -0.00152333    0.964327   -0.240183
          0           0           0           1
T_world_lidar: 
   0.754305   -0.623529    0.205512     11.3184
   0.599997    0.781786    0.169749    0.527503
   -0.26651 -0.00473546    0.963821   -0.221407
          0           0           0           1
v_world_imu:   0.567188   0.824384 -0.0182497
frame_93
id: 1001
stamp: 1784010375.622925997
T_odom_lidar: 
   0.688961   -0.699761    0.188859     11.3968
   0.673549    0.714369     0.18976    0.618661
  -0.267702 -0.00353107    0.963495   -0.241738
          0           0           0           1
T_world_lidar: 
   0.688571    -0.70098    0.185735     11.3729
   0.673135    0.713113    0.195852    0.616081
  -0.269738 -0.00983302    0.962883   -0.223249
          0           0           0           1
v_world_imu:   0.489979   0.904623 -0.0268997
frame_94
id: 1002
stamp: 1784010375.723000050
T_odom_lidar: 
   0.609575   -0.774621    0.168465     11.4421
   0.745479     0.63242    0.210489     0.71327
   -0.26959 -0.00272161    0.962971   -0.241668
          0           0           0           1
T_world_lidar: 
  0.615055  -0.771213   0.164129    11.4181
  0.740936   0.636497   0.214211   0.709758
  -0.26967 -0.0101427   0.962899  -0.223749
         0          0          0          1
v_world_imu:   0.374511    0.91897 -0.0142601
frame_95
id: 1003
stamp: 1784010375.822993040
T_odom_lidar: 
 0.531582 -0.833168  0.152481   11.4759
 0.801943  0.553015  0.225969   0.80685
-0.272595 0.0021603  0.962127 -0.243072
        0         0         0         1
T_world_lidar: 
   0.538369   -0.829737    0.147294     11.4522
    0.79715    0.558116    0.230346    0.802585
  -0.273333 -0.00659575    0.961897   -0.225846
          0           0           0           1
v_world_imu:   0.277806   0.908288 -0.0294099
frame_96
id: 1004
stamp: 1784010375.922707081
T_odom_lidar: 
  0.447068  -0.885269   0.128177     11.498
  0.852175   0.465075   0.239798   0.901916
 -0.271898 0.00202269   0.962324  -0.243996
         0          0          0          1
T_world_lidar: 
    0.45445   -0.882091    0.124059     11.4746
   0.847658    0.471043     0.24412    0.896659
  -0.273773 -0.00578089    0.961777   -0.227207
          0           0           0           1
v_world_imu:   0.163277   0.935714 -0.0211376
frame_97
id: 1005
stamp: 1784010376.022814035
T_odom_lidar: 
   0.374907   -0.921031    0.105579     11.5147
    0.88668     0.38949    0.249192    0.998516
  -0.270635 0.000190621    0.962682   -0.244665
          0           0           0           1
T_world_lidar: 
  0.383598  -0.918387  0.0970505    11.4909
  0.883158   0.395531   0.252167   0.991979
 -0.269973 -0.0110197   0.962805  -0.228136
         0          0          0          1
v_world_imu:   0.155409   0.932766 0.00123407
frame_98
id: 1006
stamp: 1784010376.122939110
T_odom_lidar: 
   0.32279  -0.941907  0.0928365    11.5327
  0.907435   0.335864   0.252501    1.09518
 -0.269012 0.00273854   0.963133  -0.245653
         0          0          0          1
T_world_lidar: 
   0.326512   -0.941442   0.0841257     11.5084
   0.906092    0.337098    0.255659     1.08753
  -0.269047 -0.00725021      0.9631   -0.229471
          0           0           0           1
v_world_imu:   0.193555   0.946982 -0.0310487
frame_99
id: 1007
stamp: 1784010376.222983122
T_odom_lidar: 
  0.287168  -0.954062   0.085447    11.5526
  0.918929   0.299571   0.256567    1.19205
 -0.270378 0.00484207   0.962742  -0.247619
         0          0          0          1
T_world_lidar: 
  0.290208  -0.954094  0.0740583    11.5278
  0.918193    0.29942   0.259364    1.18348
 -0.269632 -0.0072697   0.962936  -0.231721
         0          0          0          1
v_world_imu:   0.192094   0.956085 -0.0402188
frame_100
id: 1008
stamp: 1784010376.322679043
T_odom_lidar: 
  0.255589  -0.963962  0.0738384    11.5695
  0.927976   0.266035   0.260932    1.28728
 -0.271172 0.00182886   0.962529  -0.249174
         0          0          0          1
T_world_lidar: 
    0.25808    -0.96397   0.0644795     11.5447
   0.927021    0.265877    0.264465      1.2782
  -0.272079 -0.00847902    0.962237    -0.23392
          0           0           0           1
v_world_imu:     0.14777    0.926646 -0.00460997
frame_101
id: 1009
stamp: 1784010376.422569990
T_odom_lidar: 
  0.218415  -0.973678  0.0651648    11.5824
  0.936682    0.22791   0.265865    1.38084
 -0.273719 0.00296964   0.961805   -0.25033
         0          0          0          1
T_world_lidar: 
  0.224773  -0.972827  0.0555375    11.5574
  0.934729   0.231368   0.269723     1.3713
 -0.275243 -0.0087139   0.961335  -0.235277
         0          0          0          1
v_world_imu:   0.0933422    0.917207 -0.00133254
frame_102
id: 1010
stamp: 1784010376.522807121
T_odom_lidar: 
 0.169792  -0.98417 0.0507852   11.5867
 0.947306  0.177202  0.266852   1.47354
-0.271627 0.0027998  0.962399 -0.251286
        0         0         0         1
T_world_lidar: 
  0.179508  -0.982821  0.0428988    11.5621
  0.944354   0.184372     0.2724    1.46371
  -0.27563 -0.0083863   0.961227  -0.236639
         0          0          0          1
v_world_imu: 0.00669698   0.908939 -0.0074221
frame_103
id: 1011
stamp: 1784010376.622887135
T_odom_lidar: 
  0.116332  -0.992567  0.0357307     11.585
  0.955759   0.121659   0.267812     1.5663
 -0.270169 0.00299479   0.962808  -0.251669
         0          0          0          1
T_world_lidar: 
   0.127371   -0.991402   0.0299684     11.5605
   0.953532    0.130711    0.271462     1.55618
  -0.273046 -0.00600049    0.961982   -0.237916
          0           0           0           1
v_world_imu:  -0.0458148    0.910497 -0.00259631
frame_104
id: 1012
stamp: 1784010376.722856045
T_odom_lidar: 
 0.0671399  -0.997559  0.0191875    11.5783
  0.961189  0.0698259    0.26691    1.65858
 -0.267598 0.00052255    0.96353  -0.252007
         0          0          0          1
T_world_lidar: 
  0.0764168    -0.99699   0.0130754     11.5537
   0.959464   0.0770957     0.27108     1.64844
  -0.271272 -0.00816962    0.962468   -0.238813
          0           0           0           1
v_world_imu: -0.0722572   0.919848 0.00117951
frame_105
id: 1013
stamp: 1784010376.822794199
T_odom_lidar: 
  0.0297553   -0.999521  0.00845753     11.5714
   0.964034   0.0309324    0.263975     1.75263
   -0.26411 0.000298704    0.964493   -0.252417
          0           0           0           1
T_world_lidar: 
  0.0377418   -0.999281  0.00349305     11.5467
   0.962306    0.037287    0.269402     1.74248
  -0.269339 -0.00680633    0.963022   -0.239765
          0           0           0           1
v_world_imu:  -0.0682883    0.939906 -0.00538587
frame_106
id: 1014
stamp: 1784010376.922547102
T_odom_lidar: 
0.00139989  -0.999998 0.00173897    11.5642
  0.964602 0.00180891   0.263704    1.84727
 -0.263706 0.00130826   0.964602  -0.252452
         0          0          0          1
T_world_lidar: 
 0.00743906   -0.999967 -0.00316788     11.5393
   0.963648  0.00632271    0.267099     1.83712
   -0.26707 -0.00503969    0.963664   -0.240187
          0           0           0           1
v_world_imu: -0.0689639   0.946062 0.00569006
frame_107
id: 1015
stamp: 1784010377.022840977
T_odom_lidar: 
-0.0134103  -0.999908 -0.0020948    11.5586
  0.964966 -0.0134906   0.262028    1.94221
 -0.262032 0.00149247   0.965058  -0.252168
         0          0          0          1
T_world_lidar: 
 -0.0109813   -0.999927 -0.00506764     11.5338
   0.964238  -0.0119312    0.264768      1.9324
  -0.264809 -0.00197892    0.964299   -0.240382
          0           0           0           1
v_world_imu: -0.0392232   0.937987 0.00944833
frame_108
id: 1016
stamp: 1784010377.122601986
T_odom_lidar: 
  -0.02105  -0.999776 -0.0020909     11.554
  0.964695 -0.0208604   0.262542    2.03512
 -0.262527 0.00350941   0.964918  -0.253546
         0          0          0          1
T_world_lidar: 
 -0.0158341   -0.999832 -0.00925954     11.5296
   0.963719  -0.0177287    0.266328     2.02606
  -0.266448 -0.00470652    0.963838   -0.241633
          0           0           0           1
v_world_imu: -0.0420654   0.937031 -0.0209988
frame_109
id: 1017
stamp: 1784010377.222527027
T_odom_lidar: 
 -0.0265293   -0.999646 -0.00198118     11.5488
   0.964762  -0.0261225    0.261824     2.12946
  -0.261783  0.00503465    0.965114   -0.253064
          0           0           0           1
T_world_lidar: 
 -0.0191202   -0.999769 -0.00985717     11.5253
   0.964609  -0.0210393    0.262844     2.12144
   -0.26299 -0.00448268    0.964788   -0.241422
          0           0           0           1
v_world_imu:  -0.0510763     1.00341 -0.00604758
frame_110
id: 1018
stamp: 1784010377.322690010
T_odom_lidar: 
 -0.033028  -0.999453 -0.0014452     11.543
  0.963598 -0.0322269   0.265406    2.23029
 -0.265307 0.00737322   0.964136  -0.253412
         0          0          0          1
T_world_lidar: 
-0.0219773  -0.999695 -0.0112967    11.5201
  0.964159 -0.0241818   0.264219    2.22363
 -0.264412  -0.005085   0.964397  -0.242513
         0          0          0          1
v_world_imu: -0.052945   1.01572 -0.025798
frame_111
id: 1019
stamp: 1784010377.422711134
T_odom_lidar: 
 -0.0401414   -0.999183 -0.00464755     11.5368
   0.962997  -0.0399274    0.266539     2.32932
  -0.266507  0.00622368    0.963813   -0.254015
          0           0           0           1
T_world_lidar: 
 -0.0272972   -0.999549  -0.0125154     11.5148
   0.963951  -0.0296359    0.264423     2.32411
  -0.264674 -0.00484623    0.964326   -0.243829
          0           0           0           1
v_world_imu: -0.0567392    1.00401 -0.0234231
frame_112
id: 1020
stamp: 1784010377.522456169
T_odom_lidar: 
 -0.0482311   -0.998818 -0.00598787       11.53
   0.962393  -0.0480751    0.267373     2.42832
  -0.267345    0.007133    0.963575   -0.254339
          0           0           0           1
T_world_lidar: 
-0.0320498  -0.999391 -0.0137804    11.5087
  0.963408 -0.0345609   0.265802    2.42457
 -0.266116 -0.0047573   0.963929  -0.244656
         0          0          0          1
v_world_imu: -0.0650991    1.00535  0.0110075
frame_113
id: 1021
stamp: 1784010377.622845173
T_odom_lidar: 
 -0.0561116   -0.998391 -0.00813758     11.5223
   0.961796  -0.0562387    0.267929      2.5277
  -0.267956  0.00720725    0.963404   -0.254979
          0           0           0           1
T_world_lidar: 
 -0.0376465    -0.99918  -0.0148687     11.5019
   0.963218  -0.0402453    0.265692     2.52548
  -0.266073 -0.00431943    0.963943   -0.245502
          0           0           0           1
v_world_imu:  -0.0759005     1.00586 -0.00902426
frame_114
id: 1022
stamp: 1784010377.722921133
T_odom_lidar: 
-0.0661015  -0.997737 -0.0122807    11.5136
  0.961227 -0.0669752   0.267503    2.62823
  -0.26772 0.00587775   0.963479  -0.255032
         0          0          0          1
T_world_lidar: 
-0.0441955  -0.998878  -0.017042     11.494
  0.963477 -0.0471267   0.263611    2.62739
 -0.264118 -0.0047692   0.964478  -0.246127
         0          0          0          1
v_world_imu:   -0.081564     1.02146 -0.00247947
frame_115
id: 1023
stamp: 1784010377.822609186
T_odom_lidar: 
-0.0724548  -0.997259 -0.0149874    11.5037
  0.960654 -0.0738193   0.267759    2.72765
 -0.268132 0.00500275   0.963369   -0.25655
         0          0          0          1
T_world_lidar: 
 -0.0489006   -0.998598   -0.020245     11.4851
   0.963201  -0.0525114    0.263602     2.72821
  -0.264296 -0.00660966    0.964419    -0.24841
          0           0           0           1
v_world_imu: -0.0932258    1.01228 -0.0260757
frame_116
id: 1024
stamp: 1784010377.922806025
T_odom_lidar: 
-0.0811116  -0.996526 -0.0188672    11.4925
  0.959398 -0.0831922   0.269508    2.82738
 -0.270141 0.00375907   0.962813  -0.257548
         0          0          0          1
T_world_lidar: 
 -0.0546037   -0.998264  -0.0220879     11.4753
   0.962935  -0.0584974    0.263316     2.82904
   -0.26415 -0.00689116    0.964457   -0.249981
          0           0           0           1
v_world_imu:  -0.101958   0.992685 -0.0250899
frame_117
id: 1025
stamp: 1784010378.022705078
T_odom_lidar: 
-0.0910514  -0.995558 -0.0239373    11.4809
   0.95764  -0.094127   0.272151    2.92461
 -0.273195 0.00185639   0.961957  -0.259386
         0          0          0          1
T_world_lidar: 
 -0.0604413   -0.997842  -0.0256617     11.4648
   0.961605  -0.0651026    0.266602     2.92786
  -0.267697 -0.00856264    0.963465   -0.252288
          0           0           0           1
v_world_imu:  -0.105581   0.984066 -0.0164403
frame_118
id: 1026
stamp: 1784010378.122580051
T_odom_lidar: 
 -0.0991529    -0.99466  -0.0286446     11.4686
   0.955276   -0.103208    0.277121     3.02248
  -0.278598 0.000113854    0.960408   -0.261671
          0           0           0           1
T_world_lidar: 
-0.0665365  -0.997337 -0.0298667    11.4535
  0.959601  -0.072163   0.271953    3.02834
 -0.273384 -0.0105653   0.961847  -0.254789
         0          0          0          1
v_world_imu:   -0.118095     1.03456 -0.00604091
frame_119
id: 1027
stamp: 1784010378.222627163
T_odom_lidar: 
  -0.105295   -0.993917  -0.0322868      11.456
   0.954461   -0.110122    0.277269     3.12293
  -0.279137 -0.00162157     0.96025   -0.262892
          0           0           0           1
T_world_lidar: 
-0.0729681  -0.996775 -0.0333974    11.4412
  0.958505 -0.0793408   0.273813    3.13211
  -0.27558  -0.012032   0.961203  -0.256838
         0          0          0          1
v_world_imu:  -0.119948    1.03009 -0.0322483
frame_120
id: 1028
stamp: 1784010378.322545052
T_odom_lidar: 
  -0.105529   -0.993816  -0.0345428     11.4461
   0.954902    -0.11097    0.275405     3.22418
  -0.277535 -0.00392172    0.960708   -0.264394
          0           0           0           1
T_world_lidar: 
-0.0699914  -0.996968 -0.0339991    11.4311
  0.958795 -0.0766407   0.273565    3.23495
 -0.275341  -0.013451   0.961252  -0.258692
         0          0          0          1
v_world_imu: -0.0362119    1.03996 -0.0320557
frame_121
id: 1029
stamp: 1784010378.422618151
T_odom_lidar: 
 -0.0327563   -0.999314  -0.0173031     11.4548
   0.960784  -0.0362536    0.274919     3.32759
  -0.275357 -0.00761919    0.961312   -0.265852
          0           0           0           1
T_world_lidar: 
-0.0176041  -0.999664  -0.019003    11.4377
   0.96154  -0.022137   0.273773    3.33761
 -0.274102 -0.0134526   0.961607  -0.260715
         0          0          0          1
v_world_imu:   0.145052    1.02783 -0.0187985
frame_122
id: 1030
stamp: 1784010378.522514105
T_odom_lidar: 
  0.0579613   -0.998236   0.0128483     11.4803
   0.960363    0.059268     0.27238     3.42747
  -0.272661 -0.00344848    0.962104   -0.266681
          0           0           0           1
T_world_lidar: 
   0.068772   -0.997581   0.0101461     11.4611
    0.95912   0.0689122    0.274482      3.4355
  -0.274517 -0.00914536    0.961539    -0.26193
          0           0           0           1
v_world_imu:   0.286914    0.96536 0.00253938
frame_123
id: 1031
stamp: 1784010378.622827053
T_odom_lidar: 
 0.0985628  -0.994728  0.0283005    11.5013
  0.956783   0.102545   0.272122    3.52374
 -0.273589 0.00025635   0.961847  -0.267873
         0          0          0          1
T_world_lidar: 
  0.119045  -0.992618  0.0231873    11.4828
  0.954093   0.120826   0.274058    3.52998
 -0.274837 -0.0105024   0.961434  -0.263446
         0          0          0          1
v_world_imu:    0.17106   0.940361 -0.0163629
frame_124
id: 1032
stamp: 1784010378.722553015
T_odom_lidar: 
    0.106025    -0.993926    0.0294845      11.5133
    0.956779     0.110048      0.26919      3.61632
     -0.2708 -0.000330722     0.962636    -0.268176
           0            0            0            1
T_world_lidar: 
   0.132086   -0.990853   0.0276269     11.4971
   0.952638    0.134596    0.272698      3.6226
  -0.273922 -0.00970129    0.961703   -0.264135
          0           0           0           1
v_world_imu: 0.0951345   0.93069 0.0145377
frame_125
id: 1033
stamp: 1784010378.822746038
T_odom_lidar: 
 0.102373 -0.994283 0.0303385   11.5224
 0.957033  0.106764  0.269609   3.70936
-0.271306 0.0014344  0.962492 -0.268279
        0         0         0         1
T_world_lidar: 
   0.127823   -0.991432   0.0269133     11.5062
   0.952345     0.13027    0.275806     3.71587
  -0.276949 -0.00962347    0.960836   -0.264702
          0           0           0           1
v_world_imu:  0.0896288   0.928128 -0.0149336
frame_126
id: 1034
stamp: 1784010378.922434092
T_odom_lidar: 
  0.0997472   -0.994617   0.0280698     11.5316
   0.957528    0.103621    0.269077     3.80221
  -0.270537 3.79488e-05     0.96271   -0.268748
          0           0           0           1
T_world_lidar: 
  0.122035   -0.99224  0.0238098    11.5145
  0.953079   0.123847   0.276228    3.80777
 -0.277034 -0.0110168   0.960797  -0.265645
         0          0          0          1
v_world_imu:  0.0855533    0.91971 -0.0168975
frame_127
id: 1035
stamp: 1784010379.022979021
T_odom_lidar: 
  0.0953054   -0.995121    0.025528     11.5407
    0.95848   0.0986597    0.267548     3.89741
  -0.268761 -0.00103058    0.963206   -0.269701
          0           0           0           1
T_world_lidar: 
  0.114745  -0.993169   0.021167    11.5225
  0.953967   0.116109   0.276525    3.90092
 -0.277094 -0.0115372   0.960774  -0.266839
         0          0          0          1
v_world_imu:  0.0697523   0.933049 -0.0385107
frame_128
id: 1036
stamp: 1784010379.122492075
T_odom_lidar: 
   0.093016   -0.995407   0.0226394     11.5487
   0.957804   0.0956665    0.271035     3.99541
  -0.271956 -0.00352652    0.962303   -0.271996
          0           0           0           1
T_world_lidar: 
  0.107223  -0.994074  0.0178913    11.5296
  0.953867   0.107928   0.280161    3.99592
 -0.280431 -0.0129736   0.959786  -0.268855
         0          0          0          1
v_world_imu:  0.0695668   0.963143 0.00341471
frame_129
id: 1037
stamp: 1784010379.222681999
T_odom_lidar: 
   0.090062   -0.995753   0.0191238     11.5564
   0.958055   0.0918659    0.271462     4.09675
  -0.272066 -0.00612683    0.962259   -0.272975
          0           0           0           1
T_world_lidar: 
0.0995212  -0.99493 0.0144628   11.5364
 0.955059 0.0995913  0.279186   4.09388
-0.279211 -0.013972  0.960128 -0.269563
        0         0         0         1
v_world_imu:  0.0674125    1.00822 -0.0200518
frame_130
id: 1038
stamp: 1784010379.322763205
T_odom_lidar: 
  0.0822247   -0.996476   0.0165651     11.5634
   0.958603   0.0836244    0.272191     4.20065
  -0.272617 -0.00650142    0.962101   -0.274253
          0           0           0           1
T_world_lidar: 
  0.087767  -0.996065  0.0123195    11.5426
  0.956744  0.0877331   0.277387    4.19464
 -0.277377 -0.0125589   0.960679  -0.270676
         0          0          0          1
v_world_imu:   0.0624966    0.990836 -0.00257187
frame_131
id: 1039
stamp: 1784010379.422569990
T_odom_lidar: 
  0.076677  -0.997024 0.00804032    11.5691
  0.959843  0.0759953    0.27005    4.30548
 -0.269857 -0.0129892   0.962813  -0.275385
         0          0          0          1
T_world_lidar: 
 0.0778918  -0.996952 0.00450091    11.5476
  0.959448  0.0761869   0.271395    4.29701
 -0.270911 -0.0168211   0.962457  -0.271786
         0          0          0          1
v_world_imu:  0.0398199    1.09869 -0.0368744
frame_132
id: 1040
stamp: 1784010379.522376060
T_odom_lidar: 
 0.0643425  -0.997921 0.00374994    11.5727
  0.961999  0.0630247   0.265682    4.41326
 -0.265365 -0.0134872   0.964054  -0.275676
         0          0          0          1
T_world_lidar: 
   0.0663001    -0.997799 -0.000849929      11.5508
    0.961227    0.0636414     0.268314      4.40343
    -0.26767   -0.0186062     0.963331    -0.272374
           0            0            0            1
v_world_imu:  0.0337249    1.04589 -0.0034151
frame_133
id: 1041
stamp: 1784010379.622748137
T_odom_lidar: 
    0.054583    -0.998509 -0.000237882      11.5754
    0.962779    0.0525667     0.265127      4.51758
    -0.26472   -0.0147005     0.964213     -0.27643
           0            0            0            1
T_world_lidar: 
   0.056963    -0.99836 -0.00572014     11.5534
   0.961936   0.0533492    0.268018     4.50735
  -0.267273  -0.0207695    0.963397   -0.273409
          0           0           0           1
v_world_imu:  0.0226182    1.01472 0.00844825
frame_134
id: 1042
stamp: 1784010379.722463131
T_odom_lidar: 
  0.0453655    -0.99895 -0.00637051     11.5767
   0.964667     0.04215    0.260077     4.61675
  -0.259536  -0.0179439    0.965567   -0.276879
          0           0           0           1
T_world_lidar: 
 0.0486349  -0.998739  -0.012473    11.5547
  0.963504  0.0436206   0.264117    4.60678
  -0.26324 -0.0248631    0.96441  -0.274275
         0          0          0          1
v_world_imu:   0.010844   0.980788 -0.0214544
frame_135
id: 1043
stamp: 1784010379.822731018
T_odom_lidar: 
  0.0377271   -0.999256 -0.00804416     11.5774
   0.964682   0.0343193    0.261171     4.71255
    -0.2607  -0.0176133    0.965259    -0.27757
          0           0           0           1
T_world_lidar: 
  0.041916  -0.999019 -0.0142984    11.5556
  0.963611  0.0366407   0.264784    4.70311
    -0.264 -0.0248768   0.964202  -0.275503
         0          0          0          1
v_world_imu:  0.00508753    0.932566 -0.00110612
frame_136
id: 1044
stamp: 1784010379.922439098
T_odom_lidar: 
  0.0310087   -0.999497 -0.00659825     11.5783
   0.965189   0.0282278    0.260026     4.80381
  -0.259709  -0.0144316    0.965579   -0.278445
          0           0           0           1
T_world_lidar: 
 0.0355103  -0.999279 -0.0134169    11.5563
  0.963969  0.0307077   0.264237    4.79486
 -0.263635 -0.0223166   0.964364  -0.276842
         0          0          0          1
v_world_imu: 0.00133556   0.905562 -0.0155009
frame_137
id: 1045
stamp: 1784010380.022521019
T_odom_lidar: 
  0.0238088   -0.999693 -0.00683777      11.578
   0.965283   0.0212086    0.260344     4.89532
  -0.260119  -0.0127989    0.965492   -0.278052
          0           0           0           1
T_world_lidar: 
 0.0277717  -0.999515 -0.0140791    11.5558
  0.964446  0.0230889   0.263271    4.88605
 -0.262818   -0.02089   0.964619    -0.2776
         0          0          0          1
v_world_imu:  -0.0219089    0.901961 -0.00792953
frame_138
id: 1046
stamp: 1784010380.122479200
T_odom_lidar: 
1.80621e-06   -0.999952 -0.00982249     11.5715
   0.965411 -0.00255931    0.260722     4.98341
  -0.260734  -0.0094832    0.965364    -0.27774
          0           0           0           1
T_world_lidar: 
 0.00296808   -0.999844  -0.0173879     11.5488
   0.965078 -0.00169074    0.261958     4.97376
  -0.261946  -0.0175582    0.964923   -0.278502
          0           0           0           1
v_world_imu:   -0.129155    0.841036 -0.00864225
frame_139
id: 1047
stamp: 1784010380.222635031
T_odom_lidar: 
 -0.0539135   -0.998337  -0.0204232     11.5534
   0.964868  -0.0573513    0.256401      5.0646
  -0.257146 -0.00588222    0.966355   -0.277516
          0           0           0           1
T_world_lidar: 
-0.0510531  -0.998297 -0.0282192    11.5302
  0.964858 -0.0565965   0.256603    5.05503
 -0.257764 -0.0141271   0.966105  -0.278944
         0          0          0          1
v_world_imu:  -0.240822   0.762905 -0.0182143
frame_140
id: 1048
stamp: 1784010380.322426081
T_odom_lidar: 
  -0.124019   -0.991605  -0.0365875     11.5252
   0.957959   -0.129262    0.256135     5.14282
  -0.258714 -0.00328361    0.965948   -0.278577
          0           0           0           1
T_world_lidar: 
 -0.121021  -0.991688  -0.043682    11.5016
  0.958598  -0.128184   0.254281    5.13355
 -0.257767 -0.0111001   0.966143  -0.280118
         0          0          0          1
v_world_imu: -0.335334  0.791305 0.0159334
frame_141
id: 1049
stamp: 1784010380.422507048
T_odom_lidar: 
  -0.208061   -0.976375  -0.0583363     11.4865
    0.94382   -0.216063    0.250042     5.22141
  -0.256739 -0.00303489    0.966476   -0.277435
          0           0           0           1
T_world_lidar: 
  -0.204951   -0.976664  -0.0642137     11.4628
   0.944799   -0.214546     0.24764     5.21261
  -0.255638 -0.00991493    0.966722   -0.278947
          0           0           0           1
v_world_imu:   -0.415801    0.736807 -0.00606293
frame_142
id: 1050
stamp: 1784010380.522304058
T_odom_lidar: 
  -0.290301   -0.953399  -0.0821956     11.4412
   0.921189   -0.301681    0.245762     5.29132
  -0.259106 -0.00437282    0.965839   -0.277518
          0           0           0           1
T_world_lidar: 
  -0.287138    -0.95408  -0.0853407     11.4177
   0.922568   -0.299421    0.243344     5.28301
  -0.257723 -0.00885916    0.966178   -0.278962
          0           0           0           1
v_world_imu:    -0.462374     0.637868 -0.000605738
frame_143
id: 1051
stamp: 1784010380.622596025
T_odom_lidar: 
  -0.368469   -0.924001    -0.10224     11.3929
   0.892344   -0.382379    0.239809      5.3524
  -0.260679 -0.00287079    0.965421   -0.277092
          0           0           0           1
T_world_lidar: 
  -0.366242   -0.924859   -0.102487     11.3695
   0.893659   -0.380286    0.238234     5.34467
  -0.259307 -0.00433666    0.965785   -0.278742
          0           0           0           1
v_world_imu:   -0.483838    0.558825 -0.00165661
frame_144
id: 1052
stamp: 1784010380.722329140
T_odom_lidar: 
   -0.440666     -0.88956    -0.120401      11.3428
    0.858633    -0.456818     0.232524      5.40537
   -0.261845 -0.000914626      0.96511    -0.276953
           0            0            0            1
T_world_lidar: 
  -0.437675   -0.890697   -0.122878     11.3193
    0.86078   -0.454563    0.228976     5.39811
  -0.259805 -0.00555364    0.965645   -0.278625
          0           0           0           1
v_world_imu:    -0.506165      0.47093 -0.000768617
frame_145
id: 1053
stamp: 1784010380.822571993
T_odom_lidar: 
  -0.514192   -0.846097    -0.14045     11.2884
   0.816496   -0.533028    0.221845     5.44949
  -0.262566 -0.00060559    0.964914   -0.276983
          0           0           0           1
T_world_lidar: 
  -0.511811   -0.846808   -0.144795     11.2648
   0.818748   -0.531841    0.216327     5.44277
  -0.260195 -0.00783213    0.965524   -0.278576
          0           0           0           1
v_world_imu:   -0.567385    0.411276 -0.00716182
frame_146
id: 1054
stamp: 1784010380.922646999
T_odom_lidar: 
-0.590225 -0.791143 -0.160398   11.2266
 0.763138 -0.611631  0.208634   5.48933
-0.263164 0.0007351  0.964751 -0.277052
        0         0         0         1
T_world_lidar: 
  -0.587641   -0.792005   -0.165551     11.2029
    0.76591    -0.61046    0.201792     5.48305
  -0.260883 -0.00821614    0.965335   -0.278701
          0           0           0           1
v_world_imu:   -0.627613    0.351263 -0.00647465
frame_147
id: 1055
stamp: 1784010381.022418022
T_odom_lidar: 
  -0.658464   -0.730181   -0.182377     11.1612
   0.704663   -0.683249    0.191366     5.52285
  -0.264341 -0.00250653    0.964426   -0.277751
          0           0           0           1
T_world_lidar: 
 -0.655886  -0.731221  -0.187428    11.1374
  0.707971  -0.682028   0.183346    5.51702
 -0.261897 -0.0124399   0.965016  -0.279235
         0          0          0          1
v_world_imu:  -0.642868   0.300892 -0.0068674
frame_148
id: 1056
stamp: 1784010381.122251987
T_odom_lidar: 
 -0.716413  -0.668388  -0.200025    11.0943
  0.644716  -0.743808   0.176324    5.55168
 -0.266633 -0.0026385   0.963794  -0.278451
         0          0          0          1
T_world_lidar: 
 -0.713645  -0.669576  -0.205861    11.0704
  0.648396  -0.742615   0.167648     5.5462
 -0.265129 -0.0138383   0.964114  -0.279996
         0          0          0          1
v_world_imu:  -0.691597   0.263331 -0.0111442
frame_149
id: 1057
stamp: 1784010381.222386122
T_odom_lidar: 
  -0.768103   -0.603616   -0.213696     11.0194
   0.582462    -0.79727    0.158425     5.58107
  -0.266001 -0.00278286    0.963969   -0.279471
          0           0           0           1
T_world_lidar: 
 -0.764947  -0.605378  -0.219939    10.9955
  0.586922  -0.795796   0.149103    5.57588
  -0.26529 -0.0150314   0.964051  -0.281271
         0          0          0          1
v_world_imu:  -0.761661   0.305754 -0.0249257
frame_150
id: 1058
stamp: 1784010381.322324991
T_odom_lidar: 
  -0.805471   -0.547296   -0.227343      10.942
    0.52797    -0.83693    0.144207      5.6109
  -0.269194 -0.00387601    0.963078   -0.280805
          0           0           0           1
T_world_lidar: 
 -0.802228  -0.550123  -0.231937    10.9182
  0.533856  -0.834921   0.133807    5.60585
  -0.26726 -0.0164774   0.963484    -0.2827
         0          0          0          1
v_world_imu:   -0.727656    0.270712 -0.00836884
frame_151
id: 1059
stamp: 1784010381.422628164
T_odom_lidar: 
  -0.827471   -0.510199   -0.234497     10.8679
   0.491694   -0.860052     0.13619     5.64239
  -0.271164 -0.00260722     0.96253   -0.281793
          0           0           0           1
T_world_lidar: 
 -0.824032  -0.513641  -0.239049    10.8442
  0.498242  -0.857866   0.125782    5.63735
 -0.269679 -0.0154559   0.962826  -0.283696
         0          0          0          1
v_world_imu:  -0.733203   0.319727 -0.0255727
frame_152
id: 1060
stamp: 1784010381.522431135
T_odom_lidar: 
  -0.842401   -0.482107   -0.240692     10.7936
   0.465584   -0.876088    0.125307     5.67324
  -0.271279 -0.00650347    0.962479   -0.283418
          0           0           0           1
T_world_lidar: 
  -0.83866  -0.486096  -0.245682      10.77
   0.47247    -0.8737   0.115845    5.66823
 -0.270965 -0.0189225   0.962403   -0.28525
         0          0          0          1
v_world_imu:    -0.73938     0.29767 -0.00969715
frame_153
id: 1061
stamp: 1784010381.622503996
T_odom_lidar: 
  -0.857535   -0.452571   -0.244567     10.7174
    0.43628   -0.891722    0.120386     5.70356
  -0.272569 -0.00346393     0.96213   -0.284193
          0           0           0           1
T_world_lidar: 
 -0.854179  -0.456721  -0.248563    10.6938
  0.443441  -0.889469   0.110477    5.69861
 -0.271547 -0.0158563   0.962295  -0.285857
         0          0          0          1
v_world_imu:  -0.758204   0.291861 -0.0042497
frame_154
id: 1062
stamp: 1784010381.722378016
T_odom_lidar: 
  -0.869443   -0.427644   -0.247365     10.6351
   0.413098   -0.903928    0.110744     5.73454
  -0.270959 -0.00590071    0.962573   -0.284545
          0           0           0           1
T_world_lidar: 
 -0.866269  -0.432191  -0.250578    10.6115
  0.420363   -0.90162   0.101863    5.72971
  -0.26995 -0.0170926   0.962723  -0.286227
         0          0          0          1
v_world_imu: -0.848827  0.312621 0.0127913
frame_155
id: 1063
stamp: 1784010381.822427034
T_odom_lidar: 
 -0.880615  -0.402223  -0.250466    10.5513
  0.388498  -0.915526   0.104319    5.76516
 -0.271268 -0.0054411   0.962489  -0.285044
         0          0          0          1
T_world_lidar: 
 -0.877715  -0.407261  -0.252497    10.5276
  0.395858   -0.91319  0.0968562    5.76052
 -0.270023 -0.0149407   0.962738  -0.286773
         0          0          0          1
v_world_imu:  -0.828762       0.29 -0.0115489
frame_156
id: 1064
stamp: 1784010381.922324181
T_odom_lidar: 
  -0.889827   -0.378684   -0.254571     10.4663
   0.366349   -0.925494    0.096172     5.79315
  -0.272023 -0.00768542     0.96226   -0.285855
          0           0           0           1
T_world_lidar: 
 -0.887266  -0.384065  -0.255447    10.4426
  0.374317  -0.923136  0.0877892    5.78864
 -0.269529 -0.0177258   0.962829  -0.287592
         0          0          0          1
v_world_imu:  -0.848144   0.266291 -0.0138927
frame_157
id: 1065
stamp: 1784010382.022392988
T_odom_lidar: 
  -0.899405    -0.35484   -0.255263     10.3811
   0.343082   -0.934908   0.0907827     5.81941
  -0.270861 -0.00592558      0.9626   -0.286275
          0           0           0           1
T_world_lidar: 
 -0.897135  -0.360612  -0.255161    10.3573
  0.351188  -0.932596  0.0832501    5.81506
 -0.267983 -0.0149231   0.963308  -0.288023
         0          0          0          1
v_world_imu: -0.850233  0.243928 0.0016996
frame_158
id: 1066
stamp: 1784010382.122280121
T_odom_lidar: 
  -0.908475   -0.330472   -0.255854     10.2969
   0.319762   -0.943798   0.0836508     5.84241
  -0.269119 -0.00581786    0.963089   -0.286667
          0           0           0           1
T_world_lidar: 
 -0.906353  -0.336727  -0.255225    10.2732
  0.328242  -0.941492  0.0764922    5.83825
 -0.266049 -0.0144464   0.963851  -0.288279
         0          0          0          1
v_world_imu:   -0.830181    0.220322 -0.00957528
frame_159
id: 1067
stamp: 1784010382.222570181
T_odom_lidar: 
  -0.916158   -0.307891   -0.256628     10.2127
   0.297903   -0.951408   0.0779476      5.8636
  -0.268158 -0.00503799    0.963362   -0.287328
          0           0           0           1
T_world_lidar: 
 -0.914362  -0.313763  -0.255919    10.1892
  0.305888  -0.949409  0.0711042     5.8596
 -0.265281 -0.0132675    0.96408  -0.288959
         0          0          0          1
v_world_imu:  -0.838383   0.195274 -0.0182359
frame_160
id: 1068
stamp: 1784010382.322417021
T_odom_lidar: 
  -0.922767   -0.284648   -0.259762     10.1274
   0.276151   -0.958602   0.0694541     5.88228
  -0.268778 -0.00764344    0.963172   -0.288298
          0           0           0           1
T_world_lidar: 
 -0.921372  -0.290631  -0.258083    10.1042
  0.284137  -0.956713  0.0629836    5.87841
 -0.265217 -0.0152996   0.964067  -0.289999
         0          0          0          1
v_world_imu:  -0.848695   0.181151 -0.0265527
frame_161
id: 1069
stamp: 1784010382.422616005
T_odom_lidar: 
  -0.929229   -0.261566   -0.260992     10.0416
   0.253429   -0.965168   0.0649886     5.89952
    -0.2689 -0.00575362    0.963151   -0.289127
          0           0           0           1
T_world_lidar: 
 -0.928153  -0.267119  -0.259191    10.0185
  0.260791   -0.96358  0.0591707    5.89585
 -0.265557 -0.0126755   0.964012  -0.290996
         0          0          0          1
v_world_imu:  -0.852355   0.158889 -0.0138386
frame_162
id: 1070
stamp: 1784010382.522251129
T_odom_lidar: 
  -0.934524   -0.237765   -0.264827     9.95625
   0.230551   -0.971302    0.058477     5.91451
  -0.271131 -0.00640798    0.962521   -0.289884
          0           0           0           1
T_world_lidar: 
 -0.933711    -0.2426  -0.263304    9.93317
   0.23679  -0.970054  0.0540874    5.91092
  -0.26854 -0.0118456   0.963196  -0.291994
         0          0          0          1
v_world_imu:  -0.839107   0.137288 -0.0061854
frame_163
id: 1071
stamp: 1784010382.622596025
T_odom_lidar: 
  -0.942579   -0.201147   -0.266617     9.87075
   0.194383   -0.979557    0.051809     5.92384
  -0.271587 -0.00299173    0.962409   -0.290631
          0           0           0           1
T_world_lidar: 
  -0.942158   -0.204397   -0.265631     9.84754
   0.198943   -0.978855   0.0475841     5.92003
   -0.26974 -0.00801346      0.9629   -0.292887
          0           0           0           1
v_world_imu:  -0.911161  0.0258994 -0.0217528
frame_164
id: 1072
stamp: 1784010382.722304106
T_odom_lidar: 
   -0.952585     -0.13379     -0.27328      9.77758
    0.128636     -0.99101    0.0367743      5.92082
   -0.275743 -0.000123113     0.961231    -0.292766
           0            0            0            1
T_world_lidar: 
  -0.952791   -0.136272    -0.27133      9.7541
   0.132092   -0.990664    0.033698     5.91688
  -0.273389 -0.00373339    0.961896   -0.294972
          0           0           0           1
v_world_imu:  -0.895162  -0.153099 -0.0239306
frame_165
id: 1073
stamp: 1784010382.822477102
T_odom_lidar: 
  -0.960953   -0.038983   -0.273951     9.69322
  0.0374163    -0.99924   0.0109437     5.90069
   -0.27417 0.000266094    0.961681   -0.293899
          0           0           0           1
T_world_lidar: 
  -0.961642  -0.0419273   -0.271083     9.66909
  0.0419893   -0.999103  0.00557401     5.89667
  -0.271073 -0.00602237     0.96254   -0.295782
          0           0           0           1
v_world_imu:  -0.738342   -0.22407 0.00557171
frame_166
id: 1074
stamp: 1784010382.922387123
T_odom_lidar: 
  -0.960774   0.0315879   -0.275529     9.62401
 -0.0307861     -0.9995 -0.00723551     5.87994
   -0.27562  0.00153078    0.961265   -0.295426
          0           0           0           1
T_world_lidar: 
  -0.962059   0.0285818   -0.271341     9.59907
  -0.025586   -0.999566  -0.0145725     5.87623
   -0.27164 -0.00707712    0.962373   -0.296924
          0           0           0           1
v_world_imu:   -0.643176   -0.161179 -0.00335774
frame_167
id: 1075
stamp: 1784010383.022397041
T_odom_lidar: 
 -0.959088   0.068854  -0.274608    9.56099
-0.0667713  -0.997625 -0.0169365    5.86591
 -0.275122 0.00209239   0.961407  -0.296364
         0          0          0          1
T_world_lidar: 
  -0.960472   0.0648565   -0.270717     9.53519
 -0.0604169   -0.997867  -0.0247103     5.86254
  -0.271742 -0.00737763    0.962342    -0.29759
          0           0           0           1
v_world_imu:  -0.614169  -0.107952 0.00496699
frame_168
id: 1076
stamp: 1784010383.122485161
T_odom_lidar: 
 -0.958825  0.0789701  -0.272799    9.50027
-0.0769837   -0.99687 -0.0179951    5.85847
 -0.273366 0.00374685   0.961903  -0.297183
         0          0          0          1
T_world_lidar: 
  -0.960075   0.0752477   -0.269432     9.47384
 -0.0706654   -0.997143   -0.026681     5.85514
   -0.27067 -0.00657624     0.96265   -0.298432
          0           0           0           1
v_world_imu:  -0.605295 -0.0628259 -0.0177624
frame_169
id: 1077
stamp: 1784010383.222414970
T_odom_lidar: 
 -0.958737  0.0829656   -0.27192    9.43956
-0.0810165  -0.996543  -0.018407    5.85168
 -0.272507 0.00438259   0.962144  -0.297898
         0          0          0          1
T_world_lidar: 
  -0.959838   0.0799558   -0.268919     9.41279
 -0.0754026   -0.996781  -0.0272354     5.84839
  -0.270231 -0.00586436    0.962778   -0.299267
          0           0           0           1
v_world_imu:  -0.630656 -0.0699192 -0.0103469
frame_170
id: 1078
stamp: 1784010383.322237015
T_odom_lidar: 
 -0.958795  0.0870496  -0.270435    9.37402
-0.0855508  -0.996183 -0.0173484    5.84448
 -0.270913 0.00650237   0.962582  -0.297887
         0          0          0          1
T_world_lidar: 
  -0.959832   0.0849766   -0.267396      9.3471
  -0.080757   -0.996375  -0.0267594     5.84123
  -0.268701 -0.00409045    0.963215   -0.299471
          0           0           0           1
v_world_imu:    -0.702423    -0.081439 -9.37795e-05
frame_171
id: 1079
stamp: 1784010383.422211170
T_odom_lidar: 
 -0.958396  0.0910723  -0.270522     9.3014
-0.0901517  -0.995802 -0.0158544    5.83619
  -0.27083 0.00919321   0.962583  -0.298496
         0          0          0          1
T_world_lidar: 
  -0.959394   0.0897029   -0.267426     9.27433
 -0.0860088   -0.995967  -0.0255208     5.83298
  -0.268637 -0.00148354     0.96324   -0.300581
          0           0           0           1
v_world_imu:   -0.793311  -0.0961107 -0.00472399
frame_172
id: 1080
stamp: 1784010383.522449017
T_odom_lidar: 
 -0.957886  0.0970757  -0.270242    9.22365
-0.0959693  -0.995233 -0.0173375    5.82688
 -0.270636 0.00932754   0.962636  -0.298795
         0          0          0          1
T_world_lidar: 
  -0.958773   0.0961158   -0.267425     9.19626
 -0.0921263   -0.995369  -0.0274562     5.82361
  -0.268826 -0.00168737    0.963187   -0.301452
          0           0           0           1
v_world_imu:  -0.787862 -0.0918775 0.00938555
frame_173
id: 1081
stamp: 1784010383.622447968
T_odom_lidar: 
 -0.956855   0.101465  -0.272273    9.13587
-0.0996278  -0.994811 -0.0206022    5.81621
  -0.27295 0.00741264      0.962  -0.300117
         0          0          0          1
T_world_lidar: 
   -0.95784    0.101591   -0.268742     9.10805
 -0.0969489   -0.994821  -0.0305235     5.81284
  -0.270451 -0.00318244    0.962728   -0.303251
          0           0           0           1
v_world_imu:  -0.939972  -0.123851 -0.0112545
frame_174
id: 1082
stamp: 1784010383.722114086
T_odom_lidar: 
 -0.954261   0.119381  -0.274107    9.04091
 -0.116278  -0.992833 -0.0276013    5.80113
 -0.275438  0.0055339   0.961303  -0.301332
         0          0          0          1
T_world_lidar: 
   -0.95525    0.119488   -0.270592     9.01278
  -0.113819   -0.992827  -0.0366057      5.7977
  -0.273025 -0.00416912    0.961998   -0.304906
          0           0           0           1
v_world_imu:  -0.955347  -0.168129 -0.0279012
frame_175
id: 1083
stamp: 1784010383.822476149
T_odom_lidar: 
 -0.948995    0.14766  -0.278575    8.94052
 -0.143203  -0.989024 -0.0364018    5.78058
 -0.280892 0.00534769   0.959724  -0.304025
         0          0          0          1
T_world_lidar: 
  -0.949997    0.149169   -0.274324     8.91221
  -0.141946     -0.9888  -0.0461118     5.77682
  -0.278129 -0.00486685    0.960531   -0.307736
          0           0           0           1
v_world_imu:   -1.00831  -0.246704 -0.0348725
frame_176
id: 1084
stamp: 1784010383.922193050
T_odom_lidar: 
 -0.939542   0.196228  -0.280632     8.8387
 -0.189365  -0.980547   -0.05165    5.74993
 -0.285309 0.00461449   0.958425  -0.307021
         0          0          0          1
T_world_lidar: 
  -0.940204    0.200239   -0.275537     8.81041
  -0.190598   -0.979732  -0.0616235     5.74566
  -0.282292 -0.00542197    0.959313   -0.310572
          0           0           0           1
v_world_imu:   -1.00719  -0.372448 -0.0471149
frame_177
id: 1085
stamp: 1784010384.022477150
T_odom_lidar: 
 -0.922357   0.270594  -0.275749    8.73831
  -0.26035  -0.962687   -0.07384    5.70525
  -0.28544 0.00368444   0.958389  -0.309458
         0          0          0          1
T_world_lidar: 
  -0.923581    0.272041   -0.270172     8.71055
  -0.259279   -0.962266  -0.0825763     5.70086
  -0.282441 -0.00621597    0.959265   -0.312608
          0           0           0           1
v_world_imu:   -0.954501   -0.502616 -0.00158225
frame_178
id: 1086
stamp: 1784010384.122226000
T_odom_lidar: 
  -0.900025    0.344016   -0.267596     8.64208
  -0.330001   -0.938963  -0.0971965     5.65175
    -0.2847 0.000827812    0.958616   -0.311088
          0           0           0           1
T_world_lidar: 
  -0.901413    0.344525   -0.262215     8.61487
   -0.32868    -0.93875   -0.103527     5.64747
  -0.281822 -0.00713567     0.95944   -0.314248
          0           0           0           1
v_world_imu: -0.932586 -0.536521 -0.031633
frame_179
id: 1087
stamp: 1784010384.222257137
T_odom_lidar: 
   -0.885763     0.386842    -0.256472      8.54748
    -0.37144    -0.922146    -0.108068      5.60057
    -0.27831 -0.000458762     0.960491    -0.312411
           0            0            0            1
T_world_lidar: 
  -0.886546    0.387727   -0.252397     8.52043
  -0.370856   -0.921748    -0.11334     5.59627
  -0.276591 -0.00687799    0.960963   -0.315806
          0           0           0           1
v_world_imu:  -0.939128  -0.484858 -0.0112712
frame_180
id: 1088
stamp: 1784010384.322316170
T_odom_lidar: 
  -0.878472    0.407383   -0.249653      8.4543
  -0.390397   -0.913245   -0.116509     5.55222
  -0.275458 -0.00488591    0.961301    -0.31351
          0           0           0           1
T_world_lidar: 
  -0.878136    0.409293   -0.247701     8.42685
  -0.391322   -0.912362   -0.120262     5.54771
  -0.275215 -0.00867502    0.961343   -0.317023
          0           0           0           1
v_world_imu:  -0.928636  -0.471994 -0.0246346
frame_181
id: 1089
stamp: 1784010384.422464132
T_odom_lidar: 
  -0.874115    0.419853   -0.244228      8.3632
  -0.403249   -0.907585   -0.116963     5.50656
  -0.270765 -0.00375419    0.962638   -0.314406
          0           0           0           1
T_world_lidar: 
  -0.874273    0.421863   -0.240163     8.33522
  -0.403861   -0.906605   -0.122328     5.50165
  -0.269338 -0.00995593    0.962994   -0.318102
          0           0           0           1
v_world_imu:  -0.898437  -0.464152 -0.0187508
frame_182
id: 1090
stamp: 1784010384.522495985
T_odom_lidar: 
    -0.8671    0.436037    -0.24085     8.27507
   -0.41859   -0.899914   -0.122217     5.45887
  -0.270035 -0.00515693    0.962837   -0.315107
          0           0           0           1
T_world_lidar: 
 -0.86774  0.437908 -0.235083   8.24667
-0.418934  -0.89893 -0.128138   5.45378
-0.267436 -0.012706  0.963492 -0.319198
        0         0         0         1
v_world_imu:   -0.875057   -0.493543 -0.00844003
frame_183
id: 1091
stamp: 1784010384.622349977
T_odom_lidar: 
  -0.854444    0.464707   -0.232322     8.19128
  -0.445832   -0.885422   -0.131383     5.40534
  -0.266757 -0.00868249    0.963725   -0.315514
          0           0           0           1
T_world_lidar: 
-0.855385   0.46617 -0.225837   8.16279
-0.445721 -0.884531 -0.137614   5.40043
-0.263912 -0.017052  0.964396 -0.319964
        0         0         0         1
v_world_imu: -0.795095 -0.575818 0.0088612
frame_184
id: 1092
stamp: 1784010384.722136974
T_odom_lidar: 
  -0.826657     0.51524   -0.226199     8.11284
  -0.494269   -0.857002   -0.145759     5.34234
  -0.268954 -0.00868921    0.963114   -0.316087
          0           0           0           1
T_world_lidar: 
  -0.82924   0.514457  -0.218392    8.08481
 -0.492261  -0.857342  -0.150476    5.33809
  -0.26465 -0.0172753    0.96419  -0.320992
         0          0          0          1
v_world_imu:   -0.752079   -0.655681 -0.00829222
frame_185
id: 1093
stamp: 1784010384.822293043
T_odom_lidar: 
  -0.792427    0.570808    -0.21503     8.03938
  -0.548209   -0.821042   -0.159241      5.2723
  -0.267445 -0.00830487    0.963537    -0.31694
          0           0           0           1
T_world_lidar: 
 -0.795425   0.569901  -0.206184    8.01155
  -0.54606  -0.821517  -0.164098     5.2682
 -0.262904 -0.0179389   0.964655  -0.322224
         0          0          0          1
v_world_imu:   -0.69574  -0.720704 -0.0290511
frame_186
id: 1094
stamp: 1784010384.922314167
T_odom_lidar: 
-0.754333  0.624411 -0.202714   7.97109
-0.599553 -0.781028 -0.174733   5.19725
 -0.26743 -0.010269  0.963523 -0.317476
        0         0         0         1
T_world_lidar: 
 -0.757035   0.624107  -0.193362    7.94317
 -0.598263  -0.781091  -0.178828    5.19273
 -0.262641 -0.0196975   0.964693  -0.323168
         0          0          0          1
v_world_imu:   -0.648664   -0.771078 0.000370075
frame_187
id: 1095
stamp: 1784010385.022091150
T_odom_lidar: 
 -0.715366   0.672632  -0.189253    7.90617
 -0.645334  -0.739846   -0.19019    5.11718
 -0.267946 -0.0139241   0.963333  -0.318591
         0          0          0          1
T_world_lidar: 
 -0.717435   0.672852  -0.180435    7.87845
 -0.644647   -0.73942  -0.194134    5.11224
 -0.264041 -0.0229617   0.964238  -0.324271
         0          0          0          1
v_world_imu:   -0.633869   -0.806798 -0.00633262
frame_188
id: 1096
stamp: 1784010385.122152090
T_odom_lidar: 
  -0.68178   0.709252  -0.179267    7.84052
 -0.681817  -0.704866  -0.195679    5.03622
 -0.265145 -0.0111823   0.964144   -0.31955
         0          0          0          1
T_world_lidar: 
-0.684924  0.707913 -0.172446   7.81378
-0.679643 -0.706042 -0.198972   5.03122
-0.262609 -0.019079  0.964714 -0.325314
        0         0         0         1
v_world_imu:  -0.640731  -0.807656 -0.0216991
frame_189
id: 1097
stamp: 1784010385.222311974
T_odom_lidar: 
 -0.661241   0.729993  -0.172829    7.77426
 -0.702142  -0.683367  -0.200015    4.95478
 -0.264115 -0.0109073   0.964429  -0.320346
         0          0          0          1
T_world_lidar: 
 -0.661764   0.730136  -0.170206    7.74814
 -0.701135  -0.683117  -0.204353    4.94908
 -0.265476 -0.0158957   0.963986  -0.326684
         0          0          0          1
v_world_imu: -0.672378 -0.803088 0.0119051
frame_190
id: 1098
stamp: 1784010385.322005033
T_odom_lidar: 
  -0.654582    0.735603   -0.174387     7.70418
  -0.707732   -0.677366   -0.200728     4.87468
  -0.265779 -0.00797366    0.964001   -0.320751
          0           0           0           1
T_world_lidar: 
 -0.654182   0.736259  -0.173114    7.67845
  -0.70769  -0.676617  -0.203381     4.8681
 -0.266873 -0.0105374   0.963674  -0.327485
         0          0          0          1
v_world_imu: -0.705769 -0.819977 0.0122052
frame_191
id: 1099
stamp: 1784010385.422512054
T_odom_lidar: 
  -0.647646    0.741553   -0.175086     7.63218
  -0.714249   -0.670882   -0.199413     4.79226
  -0.265337 -0.00409382    0.964147   -0.320373
          0           0           0           1
T_world_lidar: 
-0.649873   0.74072 -0.170287   7.60681
-0.712452  -0.67173 -0.202956   4.78518
-0.264721 -0.010574  0.964267 -0.327319
        0         0         0         1
v_world_imu:  -0.721788  -0.830465 -0.0155329
frame_192
id: 1100
stamp: 1784010385.522017002
T_odom_lidar: 
  -0.642364    0.746497   -0.173525     7.56148
  -0.719837   -0.665386   -0.197728     4.70872
  -0.263065 -0.00210399    0.964776   -0.320944
          0           0           0           1
T_world_lidar: 
  -0.646091    0.744426   -0.168513     7.53506
  -0.716519   -0.667632   -0.202156      4.7017
  -0.262995 -0.00986835    0.964747   -0.327788
          0           0           0           1
v_world_imu:  -0.718607  -0.840965 0.00665488
frame_193
id: 1101
stamp: 1784010385.622152090
T_odom_lidar: 
    -0.63966     0.748907     -0.17313      7.49123
   -0.722844    -0.662675    -0.195852      4.62428
   -0.261404 -0.000132996      0.96523    -0.321193
           0            0            0            1
T_world_lidar: 
  -0.642742    0.747938   -0.165745     7.46271
  -0.720671   -0.663703    -0.20033     4.61706
   -0.25984 -0.00931277    0.965607   -0.327866
          0           0           0           1
v_world_imu: -0.713368 -0.846221 0.0114544
frame_194
id: 1102
stamp: 1784010385.722249985
T_odom_lidar: 
 -0.632492   0.754728   -0.17418    7.42001
 -0.728577  -0.656034  -0.196966    4.53922
 -0.262924 0.00232404   0.964814  -0.320988
         0          0          0          1
T_world_lidar: 
  -0.637535    0.752625   -0.164635     7.39076
  -0.725623     -0.6584   -0.199949     4.53182
  -0.258882 -0.00801191    0.965876   -0.327973
          0           0           0           1
v_world_imu:  -0.716817  -0.851268 -0.0129638
frame_195
id: 1103
stamp: 1784010385.822398186
T_odom_lidar: 
 -0.626094   0.760267  -0.173209    7.34907
 -0.733395  -0.649609  -0.200348    4.45403
 -0.264836 0.00159374   0.964292  -0.321224
         0          0          0          1
T_world_lidar: 
  -0.631917     0.75746   -0.164119     7.31985
  -0.729919   -0.652829   -0.202563      4.4464
  -0.260575 -0.00820938    0.965419   -0.328466
          0           0           0           1
v_world_imu:  -0.703922  -0.858122 0.00605574
frame_196
id: 1104
stamp: 1784010385.922439098
T_odom_lidar: 
   -0.621713     0.764658    -0.169618      7.27957
   -0.737535    -0.644436    -0.201852      4.36955
   -0.263656 -0.000394617     0.964617    -0.321365
           0            0            0            1
T_world_lidar: 
  -0.627049    0.762097   -0.161302      7.2501
  -0.734597   -0.647403   -0.203068     4.36137
  -0.259185 -0.00884186    0.965787   -0.328456
          0           0           0           1
v_world_imu:  -0.68639 -0.852261 0.0166787
frame_197
id: 1105
stamp: 1784010386.022229195
T_odom_lidar: 
   -0.616534     0.769197     -0.16799      7.21123
   -0.741968    -0.639011    -0.202851      4.28511
    -0.26338 -0.000421314     0.964692    -0.321308
           0            0            0            1
T_world_lidar: 
  -0.621836    0.766718   -0.159576     7.18149
  -0.738972   -0.641917   -0.204603     4.27611
  -0.259307 -0.00930719     0.96575    -0.32841
          0           0           0           1
v_world_imu:  -0.687876  -0.849148 -0.0108859
frame_198
id: 1106
stamp: 1784010386.122070074
T_odom_lidar: 
  -0.613678    0.771622    -0.16733      7.1427
  -0.743747   -0.636079   -0.205532     4.20047
  -0.265028 -0.00167921    0.964239   -0.321466
          0           0           0           1
T_world_lidar: 
   -0.61738     0.76998   -0.161162     7.11268
  -0.741965   -0.638023   -0.205945     4.19088
  -0.261399 -0.00757025    0.965201   -0.328963
          0           0           0           1
v_world_imu:   -0.687795   -0.844391 -0.00280934
frame_199
id: 1107
stamp: 1784010386.222315073
T_odom_lidar: 
  -0.616591    0.769289   -0.167362      7.0725
  -0.740514   -0.638884   -0.208487     4.11677
  -0.267312 -0.00461778    0.963599   -0.322134
          0           0           0           1
T_world_lidar: 
  -0.618678    0.768236    -0.16447     7.04245
  -0.739517   -0.640126   -0.208217     4.10685
  -0.265241 -0.00719112    0.964155   -0.329829
          0           0           0           1
v_world_imu: -0.697667 -0.826023 0.0105073
frame_200
id: 1108
stamp: 1784010386.322116137
T_odom_lidar: 
   -0.62304    0.763298   -0.170872     7.00211
  -0.734567   -0.646035   -0.207483     4.03617
   -0.26876 -0.00375316      0.9632    -0.32249
          0           0           0           1
T_world_lidar: 
  -0.623813    0.762952   -0.169594     6.97175
  -0.733776   -0.646428   -0.209054     4.02575
  -0.269129 -0.00596679    0.963086   -0.329959
          0           0           0           1
v_world_imu:   -0.716251   -0.802365 -0.00605795
frame_201
id: 1109
stamp: 1784010386.422122002
T_odom_lidar: 
  -0.629715    0.757055   -0.174145     6.93061
  -0.728066    -0.65334   -0.207526      3.9572
  -0.270885 -0.00389369    0.962604    -0.32366
          0           0           0           1
T_world_lidar: 
   -0.63282    0.755182   -0.170994     6.90015
  -0.726285    -0.65548    -0.20702     3.94671
   -0.26842 -0.00681633    0.963278   -0.330689
          0           0           0           1
v_world_imu:    -0.72809    -0.78117 -0.00788413
frame_202
id: 1110
stamp: 1784010386.522049189
T_odom_lidar: 
  -0.640953    0.747507   -0.174391      6.8576
  -0.719655   -0.664241   -0.202187     3.88074
  -0.266974 -0.00409085    0.963695   -0.324268
          0           0           0           1
T_world_lidar: 
  -0.645007    0.744499   -0.172299     6.82699
  -0.716287    -0.66758   -0.203148     3.87061
  -0.266267 -0.00761613    0.963869   -0.330929
          0           0           0           1
v_world_imu:  -0.733702  -0.754081 0.00191623
frame_203
id: 1111
stamp: 1784010386.622313976
T_odom_lidar: 
   -0.65771    0.731665   -0.179122     6.78325
  -0.704589   -0.681656   -0.197232     3.80724
  -0.266407 -0.00351372    0.963854    -0.32424
          0           0           0           1
T_world_lidar: 
 -0.662229    0.72932  -0.171887    6.75242
 -0.701686  -0.684079  -0.199179    3.79709
 -0.262849 -0.0112911   0.964771  -0.330744
         0          0          0          1
v_world_imu:  -0.774215  -0.707652 0.00621111
frame_204
id: 1112
stamp: 1784010386.722002029
T_odom_lidar: 
  -0.683824    0.704811   -0.188751     6.70397
  -0.679019   -0.709395   -0.188924     3.73976
  -0.267055 -0.00102533    0.963681   -0.325181
          0           0           0           1
T_world_lidar: 
  -0.687234    0.703365   -0.181621      6.6728
   -0.67662   -0.710768   -0.192338     3.72943
  -0.264375 -0.00929292    0.964375   -0.331842
          0           0           0           1
v_world_imu: -0.824743 -0.658771 0.0010783
frame_205
id: 1113
stamp: 1784010386.822256088
T_odom_lidar: 
   -0.717471     0.667575    -0.198944      6.61892
   -0.643073    -0.744542    -0.179202      3.67822
   -0.267753 -0.000636446     0.963487    -0.325809
           0            0            0            1
T_world_lidar: 
  -0.720108    0.666906   -0.191521     6.58774
  -0.641556   -0.745094    -0.18232     3.66799
  -0.264291 -0.00841854    0.964406   -0.332745
          0           0           0           1
v_world_imu:  -0.882993  -0.591978 -0.0345418
frame_206
id: 1114
stamp: 1784010386.922352076
T_odom_lidar: 
  -0.758071    0.617271   -0.210485     6.52886
  -0.594042   -0.786747   -0.167759     3.62351
  -0.269152 -0.00213592    0.963095    -0.32622
          0           0           0           1
T_world_lidar: 
  -0.757283    0.620418   -0.203972     6.49811
  -0.596443   -0.784232   -0.170982     3.61376
  -0.266042 -0.00782377     0.96393   -0.333428
          0           0           0           1
v_world_imu:  -0.930435  -0.497098 -0.0128628
frame_207
id: 1115
stamp: 1784010387.022175074
T_odom_lidar: 
  -0.799002    0.557909    -0.22435     6.43442
   -0.53662     -0.8299   -0.152656     3.57984
  -0.271357 -0.00158176    0.962478   -0.326846
          0           0           0           1
T_world_lidar: 
  -0.798844    0.561176   -0.216633     6.40396
  -0.539117   -0.827659   -0.155988     3.56999
  -0.266835 -0.00781979     0.96371   -0.334335
          0           0           0           1
v_world_imu:   -0.981338   -0.398728 -0.00936045
frame_208
id: 1116
stamp: 1784010387.122117043
T_odom_lidar: 
  -0.841814    0.486947   -0.232877     6.33628
  -0.467808   -0.873418   -0.135268     3.54559
  -0.269267 -0.00492888    0.963053   -0.326976
          0           0           0           1
T_world_lidar: 
  -0.839896    0.492227   -0.228666     6.30565
  -0.471912   -0.870411   -0.140302     3.53558
  -0.268094 -0.00992871    0.963342   -0.334765
          0           0           0           1
v_world_imu:  -1.02085 -0.306549 0.0158416
frame_209
id: 1117
stamp: 1784010387.222133160
T_odom_lidar: 
 -0.878807   0.410742  -0.242877    6.23491
 -0.394367  -0.911737  -0.114939    3.52122
  -0.26865 -0.0052269   0.963224  -0.327514
         0          0          0          1
T_world_lidar: 
  -0.877187    0.415086   -0.241345     6.20406
  -0.397619   -0.909739   -0.119473     3.51136
  -0.269152 -0.00883661    0.963057   -0.335241
          0           0           0           1
v_world_imu:    -1.04933   -0.208454 -0.00224005
frame_210
id: 1118
stamp: 1784010387.322166204
T_odom_lidar: 
  -0.909996    0.330253   -0.250681      6.1313
   -0.31681   -0.943876  -0.0934345     3.50595
  -0.267468 -0.00560688     0.96355    -0.32825
          0           0           0           1
T_world_lidar: 
 -0.908983    0.33319  -0.250467    6.10017
 -0.318326  -0.942804 -0.0989374    3.49618
 -0.269107 -0.0102023   0.963056  -0.335627
         0          0          0          1
v_world_imu:   -1.07081    -0.1094 -0.0112872
frame_211
id: 1119
stamp: 1784010387.421929121
T_odom_lidar: 
 -0.934821   0.245047  -0.257026    6.02643
 -0.233407  -0.969455 -0.0753534     3.5006
  -0.26764 -0.0104502   0.963462  -0.328937
         0          0          0          1
T_world_lidar: 
 -0.933809   0.246208  -0.259581    5.99501
 -0.234338  -0.969162 -0.0762302    3.49097
 -0.270344 -0.0103548   0.962708  -0.336305
         0          0          0          1
v_world_imu:   -1.08232 -0.0188683 0.00611018
frame_212
id: 1120
stamp: 1784010387.522199154
T_odom_lidar: 
  -0.952807    0.154414   -0.261371     5.91974
  -0.146587   -0.987968  -0.0493061     3.50506
   -0.26584 -0.00866554    0.963978    -0.32915
          0           0           0           1
T_world_lidar: 
 -0.951714   0.154995  -0.264986    5.88841
 -0.146563  -0.987863 -0.0514299    3.49559
 -0.269742 -0.0101093    0.96288  -0.336511
         0          0          0          1
v_world_imu:   -1.08387  0.0969053 -0.0194405
frame_213
id: 1121
stamp: 1784010387.622318029
T_odom_lidar: 
 -0.963361  0.0618234  -0.260986    5.81366
-0.0569222  -0.998032 -0.0263046    3.51945
 -0.262099 -0.0104849   0.964984  -0.329464
         0          0          0          1
T_world_lidar: 
  -0.96044  0.0675553   -0.27017    5.78221
-0.0614126  -0.997627 -0.0311354    3.51033
 -0.271632 -0.0133119   0.962309  -0.336865
         0          0          0          1
v_world_imu:    -1.07952    0.198569 -0.00200636
frame_214
id: 1122
stamp: 1784010387.722115993
T_odom_lidar: 
   -0.96347  -0.0322205    -0.26587     5.70924
  0.0343328   -0.999405 -0.00329965     3.54381
  -0.265605  -0.0123072    0.964003    -0.32947
          0           0           0           1
T_world_lidar: 
 -0.962811 -0.0202256  -0.269417    5.67783
 0.0243654  -0.999631 -0.0120301    3.53474
 -0.269075 -0.0181472   0.962948  -0.336857
         0          0          0          1
v_world_imu:    -1.06212    0.293179 -0.00484401
frame_215
id: 1123
stamp: 1784010387.822198153
T_odom_lidar: 
 -0.956643  -0.124038  -0.263533    5.60783
   0.12271  -0.992208  0.0215604     3.5782
 -0.264154 -0.0117124   0.964409   -0.32917
         0          0          0          1
T_world_lidar: 
 -0.956959   -0.10868  -0.269104    5.57577
  0.110437  -0.993845 0.00864811    3.56838
 -0.268388 -0.0214433   0.963072  -0.336608
         0          0          0          1
v_world_imu:   -1.01759   0.386414 0.00859889
frame_216
id: 1124
stamp: 1784010387.922008038
T_odom_lidar: 
 -0.941074  -0.216804  -0.259568    5.51119
  0.212289   -0.97614  0.0456564    3.62139
 -0.263274 -0.0121374   0.964645  -0.329367
         0          0          0          1
T_world_lidar: 
 -0.943139   -0.19593  -0.268514    5.47826
  0.194279  -0.980392  0.0329807    3.61067
  -0.26971 -0.0210612   0.962711  -0.336701
         0          0          0          1
v_world_imu: -0.966983  0.463676 0.0239161
frame_217
id: 1125
stamp: 1784010388.022212029
T_odom_lidar: 
-0.918334 -0.304526 -0.252838   5.41895
 0.297018 -0.952424 0.0683284   3.67157
-0.261617 -0.012349  0.965093   -0.3291
        0         0         0         1
T_world_lidar: 
 -0.922644   -0.28274  -0.262271    5.38549
   0.27933  -0.958839  0.0510166    3.65978
   -0.2659 -0.0261897   0.963645  -0.336477
         0          0          0          1
v_world_imu:   -0.925474    0.527321 -0.00727984
frame_218
id: 1126
stamp: 1784010388.122029066
T_odom_lidar: 
  -0.889332   -0.386998   -0.243558     5.33215
   0.375887   -0.922034   0.0925329      3.7268
  -0.260379 -0.00925772    0.965462   -0.328865
          0           0           0           1
T_world_lidar: 
 -0.895925  -0.363985  -0.254625    5.29866
  0.356969  -0.931103  0.0749757      3.715
 -0.264372 -0.0237205   0.964129  -0.336801
         0          0          0          1
v_world_imu:   -0.856554    0.572641 -0.00603705
frame_219
id: 1127
stamp: 1784010388.222074032
T_odom_lidar: 
  -0.869277   -0.433071   -0.238341     5.24799
   0.419531   -0.901337    0.107639     3.78131
  -0.261441 -0.00642333    0.965198   -0.328141
          0           0           0           1
T_world_lidar: 
  -0.87158  -0.423909  -0.246271    5.21562
   0.41324  -0.905527  0.0961932     3.7708
 -0.263783 -0.0179291   0.964415  -0.336607
         0          0          0          1
v_world_imu:  -0.837556   0.524792 0.00990994
frame_220
id: 1128
stamp: 1784010388.322159052
T_odom_lidar: 
 -0.868557  -0.435048  -0.237365    5.16144
  0.422603   -0.90035    0.10381    3.82539
 -0.258874 -0.0101467   0.965858  -0.329065
         0          0          0          1
T_world_lidar: 
 -0.865855  -0.437212  -0.243188    5.12983
  0.425913  -0.899201   0.100179    3.81621
 -0.262474 -0.0168362   0.964792  -0.336477
         0          0          0          1
v_world_imu:  -0.861384    0.39791 -0.0124173
frame_221
id: 1129
stamp: 1784010388.422158003
T_odom_lidar: 
   -0.86953    -0.43283   -0.237859      5.0768
   0.419874   -0.901438    0.105425     3.86418
  -0.260046 -0.00820084    0.965561   -0.328871
          0           0           0           1
T_world_lidar: 
  -0.86842  -0.433165  -0.241277    5.04525
  0.421469  -0.901206   0.100954    3.85522
  -0.26117 -0.0140199   0.965191  -0.336295
         0          0          0          1
v_world_imu:  -0.836011   0.389991 -0.0040216
frame_222
id: 1130
stamp: 1784010388.522083998
T_odom_lidar: 
  -0.871505   -0.430476    -0.23488     4.99382
   0.417491   -0.902579    0.105133     3.90246
  -0.257255 -0.00643647    0.966322   -0.328199
          0           0           0           1
T_world_lidar: 
 -0.868484  -0.432474  -0.242284    4.96202
  0.421096  -0.901515  0.0997443    3.89349
  -0.26156 -0.0153986   0.965064  -0.336207
         0          0          0          1
v_world_imu: -0.827532  0.380945 0.0103421
frame_223
id: 1131
stamp: 1784010388.622262001
T_odom_lidar: 
  -0.872219   -0.427871    -0.23698     4.91244
   0.415667   -0.903789    0.101915     3.94052
  -0.257787 -0.00961244    0.966154   -0.327587
          0           0           0           1
T_world_lidar: 
 -0.868903  -0.429969  -0.245223    4.87977
  0.418278  -0.902718   0.100714    3.93191
 -0.264671 -0.0150607   0.964221  -0.335971
         0          0          0          1
v_world_imu: -0.816912  0.373267 0.0131787
frame_224
id: 1132
stamp: 1784010388.722037077
T_odom_lidar: 
 -0.872315  -0.428541  -0.235412    4.83303
  0.416476  -0.903472   0.101424    3.97773
 -0.256153 -0.0095701   0.966589  -0.326516
         0          0          0          1
T_world_lidar: 
 -0.868897  -0.427931  -0.248784    4.79813
  0.416638  -0.903643  0.0992075    3.96915
 -0.267266 -0.0174519   0.963465  -0.335027
         0          0          0          1
v_world_imu: -0.814042  0.374483 0.0169499
frame_225
id: 1133
stamp: 1784010388.822071075
T_odom_lidar: 
  -0.873169   -0.425709   -0.237377     4.75243
   0.413371   -0.904816    0.102139     4.01504
  -0.258264 -0.00893974    0.966033   -0.326137
          0           0           0           1
T_world_lidar: 
 -0.868971  -0.425738  -0.252264    4.71614
  0.413903  -0.904694   0.101056    4.00683
 -0.271245 -0.0165985   0.962367  -0.334766
         0          0          0          1
v_world_imu:  -0.823551   0.372839 0.00165545
frame_226
id: 1134
stamp: 1784010388.922048092
T_odom_lidar: 
  -0.875726   -0.422184   -0.234232     4.66997
   0.409948    -0.90648    0.101178     4.05248
  -0.255042 -0.00741873    0.966901   -0.325059
          0           0           0           1
T_world_lidar: 
 -0.870887  -0.422175  -0.251642    4.63312
  0.410315  -0.906379    0.10059    4.04442
  -0.27055 -0.0156506   0.962579  -0.333976
         0          0          0          1
v_world_imu:   -0.834112    0.381372 -0.00789424
frame_227
id: 1135
stamp: 1784010389.022222996
T_odom_lidar: 
 -0.875708  -0.420465  -0.237369     4.5848
  0.408694  -0.907253  0.0993034    4.09046
 -0.257108 -0.0100505   0.966331  -0.324938
         0          0          0          1
T_world_lidar: 
 -0.870761  -0.420459  -0.254932    4.54814
  0.408958  -0.907137  0.0992761     4.0822
    -0.273 -0.0178107   0.961849  -0.333989
         0          0          0          1
v_world_imu:   -0.862658    0.382261 -0.00994702
frame_228
id: 1136
stamp: 1784010389.122088194
T_odom_lidar: 
  -0.877185    -0.41887   -0.234721     4.49719
   0.406645   -0.908018    0.100709     4.12993
  -0.255315 -0.00710778    0.966832   -0.324044
          0           0           0           1
T_world_lidar: 
 -0.872561  -0.418438  -0.252085    4.46127
  0.406484  -0.908124   0.100408    4.12142
 -0.270939 -0.0148566   0.962482  -0.333137
         0          0          0          1
v_world_imu:  -0.883793   0.398387 0.00637167
frame_229
id: 1137
stamp: 1784010389.222156048
T_odom_lidar: 
  -0.877521   -0.417209   -0.236418     4.40719
   0.404766   -0.908786    0.101354     4.17003
  -0.257139 -0.00675358    0.966351    -0.32263
          0           0           0           1
T_world_lidar: 
 -0.873327  -0.416736  -0.252252    4.37221
  0.404717  -0.908913   0.100402     4.1612
 -0.271116 -0.0144069   0.962439  -0.331687
         0          0          0          1
v_world_imu: -0.890965  0.398657 0.0294889
frame_230
id: 1138
stamp: 1784010389.322058201
T_odom_lidar: 
  -0.878717   -0.415639   -0.234735     4.31848
   0.403401   -0.909506    0.100329     4.21025
  -0.255194 -0.00653124    0.966868   -0.322171
          0           0           0           1
T_world_lidar: 
 -0.874755  -0.415584  -0.249185    4.28418
  0.403653  -0.909457  0.0997612    4.20084
 -0.268082 -0.0133177   0.963304  -0.330689
         0          0          0          1
v_world_imu: -0.889406  0.394174 0.0260664
frame_231
id: 1139
stamp: 1784010389.422127008
T_odom_lidar: 
  -0.880247   -0.413096   -0.233487     4.22814
   0.400746   -0.910672    0.100391     4.25081
  -0.254102 -0.00519997    0.967163   -0.321234
          0           0           0           1
T_world_lidar: 
 -0.876294  -0.413836  -0.246676    4.19458
  0.401871  -0.910273  0.0995091    4.24093
 -0.265723 -0.0119329   0.963975  -0.329499
         0          0          0          1
v_world_imu:  -0.915053   0.413208 0.00479235
frame_232
id: 1140
stamp: 1784010389.522058010
T_odom_lidar: 
  -0.880652   -0.412205   -0.233537     4.13508
   0.399373   -0.911085    0.102101     4.29249
  -0.254858 -0.00335243    0.966973   -0.321368
          0           0           0           1
T_world_lidar: 
 -0.877584  -0.412413  -0.244464    4.10219
  0.400222  -0.910942   0.100038    4.28218
 -0.263949 -0.0100479   0.964484  -0.329278
         0          0          0          1
v_world_imu:   -0.939519     0.41106 -0.00176644
frame_233
id: 1141
stamp: 1784010389.621951103
T_odom_lidar: 
  -0.882434   -0.408115   -0.233991     4.04021
   0.395461   -0.912924    0.100901     4.33448
  -0.254796 -0.00349572    0.966989   -0.320865
          0           0           0           1
T_world_lidar: 
   -0.87967   -0.408626   -0.243319     4.00769
   0.396735   -0.912647   0.0983727     4.32386
  -0.262262 -0.00999759    0.964945   -0.328638
          0           0           0           1
v_world_imu:   -0.956654    0.416788 -0.00607236
frame_234
id: 1142
stamp: 1784010389.721938133
T_odom_lidar: 
  -0.883774   -0.404613   -0.235014     3.94457
   0.392568   -0.914472   0.0981431     4.37603
  -0.254624 -0.00552261    0.967024    -0.32009
          0           0           0           1
T_world_lidar: 
 -0.881596  -0.405341  -0.241842    3.91217
   0.39421  -0.914093  0.0950438    4.36522
 -0.259591 -0.0115465   0.965649   -0.32772
         0          0          0          1
v_world_imu: -0.946571  0.410609 0.0280695
frame_235
id: 1143
stamp: 1784010389.821824074
T_odom_lidar: 
  -0.885167   -0.401346   -0.235375     3.85035
    0.38877   -0.915921   0.0997327      4.4173
  -0.255612 -0.00322666    0.966774   -0.319162
          0           0           0           1
T_world_lidar: 
 -0.883893  -0.401896   -0.23919    3.81796
  0.390394  -0.915644  0.0958559    4.40626
 -0.257537 -0.0086517    0.96623  -0.326867
         0          0          0          1
v_world_imu:   -0.947639    0.408969 0.000795978
frame_236
id: 1144
stamp: 1784010389.922375202
T_odom_lidar: 
   -0.88754   -0.397303    -0.23329     3.75656
    0.38527    -0.91768   0.0971084     4.45735
  -0.252667 -0.00369193    0.967546   -0.318229
          0           0           0           1
T_world_lidar: 
  -0.885638   -0.398252   -0.238832     3.72417
   0.387218   -0.917226   0.0935874     4.44622
  -0.256334 -0.00959532    0.966541   -0.326017
          0           0           0           1
v_world_imu:   -0.931342    0.400884 -0.00717976
frame_237
id: 1145
stamp: 1784010390.021931171
T_odom_lidar: 
  -0.887859   -0.394758   -0.236375     3.66352
   0.383313   -0.918761   0.0945946     4.49614
  -0.254515 -0.00661923    0.967046   -0.317708
          0           0           0           1
T_world_lidar: 
 -0.885582  -0.396206  -0.242415    3.63142
  0.385947  -0.918064  0.0905687    4.48493
 -0.258436 -0.0133531   0.965936  -0.325567
         0          0          0          1
v_world_imu:  -0.912633   0.384578 0.00963687
frame_238
id: 1146
stamp: 1784010390.122137070
T_odom_lidar: 
 -0.889439  -0.392165  -0.234745    3.57158
  0.380638   -0.91988  0.0945297    4.53482
 -0.253008 -0.0052744    0.96745  -0.316175
         0          0          0          1
T_world_lidar: 
 -0.886672  -0.394141  -0.241797    3.53982
  0.383804  -0.918965  0.0905452    4.52334
  -0.25789 -0.0125187   0.966093  -0.324477
         0          0          0          1
v_world_imu: -0.912979  0.376873 0.0216782
frame_239
id: 1147
stamp: 1784010390.221810102
T_odom_lidar: 
  -0.890738   -0.388766   -0.235472     3.47874
   0.377372    -0.92132   0.0935919     4.57249
   -0.25333 -0.00549468    0.967364   -0.314196
          0           0           0           1
T_world_lidar: 
 -0.888442  -0.390083   -0.24188    3.44763
  0.380197  -0.920681  0.0883045    4.56074
  -0.25714 -0.0135085    0.96628   -0.32326
         0          0          0          1
v_world_imu: -0.936998  0.386122 0.0104893
frame_240
id: 1148
stamp: 1784010390.321789026
T_odom_lidar: 
  -0.891901   -0.385907   -0.235772     3.38303
   0.375407   -0.922499   0.0898034     4.61109
  -0.252156 -0.00841478     0.96765   -0.313014
          0           0           0           1
T_world_lidar: 
 -0.889714  -0.387611  -0.241177    3.35272
  0.378571  -0.921685  0.0847329    4.59881
 -0.255133 -0.0159148   0.966775  -0.323199
         0          0          0          1
v_world_imu: -0.938971  0.374902 -0.017972
frame_241
id: 1149
stamp: 1784010390.421962976
T_odom_lidar: 
   -0.89422   -0.381699   -0.233831     3.28893
   0.371068   -0.924263   0.0897009     4.64866
   -0.25036 -0.00655466    0.968131   -0.314032
          0           0           0           1
T_world_lidar: 
-0.891843 -0.383305 -0.240195   3.25927
 0.374284 -0.923501 0.0840149   4.63559
-0.254024 -0.014973  0.967082 -0.324736
        0         0         0         1
v_world_imu:  -0.934273   0.362868 -0.0248706
frame_242
id: 1150
stamp: 1784010390.522020102
T_odom_lidar: 
 -0.894824  -0.376963  -0.239141    3.19219
  0.366711  -0.926183   0.087793    4.68551
 -0.254583 -0.0091364   0.967008   -0.31585
         0          0          0          1
T_world_lidar: 
 -0.892257  -0.378065  -0.246868     3.1632
  0.369523  -0.925602  0.0819377    4.67235
 -0.259479 -0.0181137   0.965579  -0.326282
         0          0          0          1
v_world_imu:  -1.00112  0.395318 0.0239689
frame_243
id: 1151
stamp: 1784010390.622071028
T_odom_lidar: 
 -0.894784  -0.373485  -0.244685    3.08943
   0.36363  -0.927559  0.0860646    4.72616
 -0.259104 -0.0119657   0.965775  -0.314675
         0          0          0          1
T_world_lidar: 
 -0.892348  -0.374169  -0.252414    3.06093
   0.36595  -0.927136   0.080622    4.71344
 -0.264189 -0.0204282   0.964255  -0.324282
         0          0          0          1
v_world_imu:  -1.02459   0.40377 0.0203507
frame_244
id: 1152
stamp: 1784010390.722155094
T_odom_lidar: 
 -0.896166  -0.367754  -0.248283    2.98588
  0.358339   -0.92982  0.0838312    4.76612
 -0.261687 -0.0138428   0.965053  -0.314564
         0          0          0          1
T_world_lidar: 
 -0.893588  -0.368606  -0.256184    2.95734
  0.360624  -0.929336   0.079275    4.75383
 -0.267303 -0.0215471   0.963372  -0.323253
         0          0          0          1
v_world_imu:    -1.02211    0.395296 -0.00707313
frame_245
id: 1153
stamp: 1784010390.822036982
T_odom_lidar: 
 -0.898093  -0.361183  -0.250948    2.88372
  0.352485  -0.932354  0.0804402    4.80449
 -0.263026 -0.0162125   0.964653  -0.313954
         0          0          0          1
T_world_lidar: 
 -0.895299  -0.362352  -0.259113    2.85485
  0.354968  -0.931745  0.0764801    4.79247
  -0.26914 -0.0235044   0.962814  -0.321966
         0          0          0          1
v_world_imu:  -1.01583  0.379226 0.0196451
frame_246
id: 1154
stamp: 1784010390.922096014
T_odom_lidar: 
 -0.900935  -0.355324   -0.24912    2.78283
  0.347583  -0.934567  0.0759653    4.84192
 -0.259811 -0.0181499   0.965489  -0.313509
         0          0          0          1
T_world_lidar: 
 -0.897897   -0.35707  -0.257452    2.75366
  0.350492  -0.933743  0.0726591    4.82992
 -0.266339 -0.0249946   0.963555  -0.321017
         0          0          0          1
v_world_imu:  -1.01142  0.363262 0.0144202
frame_247
id: 1155
stamp: 1784010391.022030115
T_odom_lidar: 
 -0.903495  -0.350131  -0.247195    2.68267
  0.342917  -0.936514  0.0731343    4.87799
 -0.257109 -0.0186912   0.966202  -0.313382
         0          0          0          1
T_world_lidar: 
 -0.900491  -0.351999  -0.255368     2.6533
  0.345762  -0.935671  0.0704863    4.86602
 -0.263751 -0.0248241   0.964271  -0.320382
         0          0          0          1
v_world_imu:   -0.987685    0.355959 -0.00810014
frame_248
id: 1156
stamp: 1784010391.121847153
T_odom_lidar: 
 -0.904805  -0.346584  -0.247403    2.58534
  0.339456  -0.937836  0.0723403    4.91241
 -0.257095 -0.0185286   0.966208  -0.313167
         0          0          0          1
T_world_lidar: 
 -0.901694  -0.348899  -0.255378    2.55591
  0.342603  -0.936849   0.070261    4.90042
 -0.263765 -0.0241395   0.964285  -0.319931
         0          0          0          1
v_world_imu: -0.962644  0.337139 0.0171817
frame_249
id: 1157
stamp: 1784010391.222074032
T_odom_lidar: 
 -0.904472  -0.346277  -0.249044    2.48959
  0.338564  -0.937981  0.0746036     4.9465
 -0.259432 -0.0168405   0.965614  -0.313532
         0          0          0          1
T_world_lidar: 
 -0.902119  -0.347769  -0.255417     2.4602
  0.340924  -0.937321   0.072108    4.93443
 -0.264485 -0.0220277   0.964138  -0.320113
         0          0          0          1
v_world_imu:   -0.949548    0.327727 -0.00107148
frame_250
id: 1158
stamp: 1784010391.321685076
T_odom_lidar: 
 -0.904259  -0.345553  -0.250816    2.39667
   0.33715  -0.938283  0.0771694    4.97905
 -0.262002 -0.0147814   0.964954  -0.313531
         0          0          0          1
T_world_lidar: 
 -0.902605  -0.346998   -0.25475    2.36738
  0.339542  -0.937662  0.0741686    4.96692
 -0.264606 -0.0195534   0.964158  -0.320042
         0          0          0          1
v_world_imu:   -0.912898     0.32169 -0.00498403
frame_251
id: 1159
stamp: 1784010391.421974182
T_odom_lidar: 
 -0.904238  -0.345499  -0.250965    2.30653
   0.33642  -0.938337  0.0796564    5.01055
 -0.263011 -0.0124013   0.964713  -0.314303
         0          0          0          1
T_world_lidar: 
 -0.901778  -0.347184  -0.257409    2.27726
  0.338686  -0.937648  0.0781508    4.99852
 -0.268492 -0.0167062   0.963137  -0.320663
         0          0          0          1
v_world_imu:   -0.884513    0.306557 -0.00948167
frame_252
id: 1160
stamp: 1784010391.521800041
T_odom_lidar: 
  -0.905867   -0.343057   -0.248427     2.21813
   0.333171   -0.939278   0.0821841     5.04135
  -0.261536 -0.00832095    0.965158   -0.314106
          0           0           0           1
T_world_lidar: 
 -0.903016  -0.344369  -0.256851      2.189
  0.334977  -0.938745  0.0809234    5.02928
 -0.268985 -0.0129642   0.963057  -0.320549
         0          0          0          1
v_world_imu:    -0.886819     0.309538 -0.000814172
frame_253
id: 1161
stamp: 1784010391.622024059
T_odom_lidar: 
 -0.906332  -0.340591  -0.250122    2.12854
  0.331435  -0.940146  0.0792226    5.07147
 -0.262134 -0.0110971   0.964968  -0.313778
         0          0          0          1
T_world_lidar: 
 -0.903471  -0.341974  -0.258444    2.09982
   0.33317  -0.939588  0.0785651    5.05946
 -0.269698 -0.0151244   0.962826  -0.320455
         0          0          0          1
v_world_imu:  -0.885592    0.30034 0.00127037
frame_254
id: 1162
stamp: 1784010391.722005129
T_odom_lidar: 
  -0.908287   -0.337804   -0.246787     2.04012
   0.328153   -0.941184   0.0805511     5.10159
  -0.259483 -0.00782042    0.965716   -0.313527
          0           0           0           1
T_world_lidar: 
  -0.90551  -0.339346  -0.254747    2.01191
  0.329935  -0.940592  0.0801851     5.0896
 -0.266823 -0.0114415   0.963678  -0.320408
         0          0          0          1
v_world_imu: -0.881346  0.297327 0.0104837
frame_255
id: 1163
stamp: 1784010391.821877003
T_odom_lidar: 
  -0.909752   -0.334256   -0.246221     1.95146
   0.325232   -0.942435   0.0777149     5.13049
  -0.258024 -0.00937753    0.966093   -0.312665
          0           0           0           1
T_world_lidar: 
 -0.906926  -0.335559  -0.254726    1.92377
  0.326728  -0.941931  0.0775549    5.11865
 -0.265959 -0.0128896   0.963898  -0.319635
         0          0          0          1
v_world_imu: -0.887002  0.290757 0.0203655
frame_256
id: 1164
stamp: 1784010391.921626091
T_odom_lidar: 
-0.910595 -0.331921 -0.246261   1.86221
 0.323356 -0.943246  0.075677   5.15954
-0.257404 -0.010719  0.966244 -0.312113
        0         0         0         1
T_world_lidar: 
 -0.908348  -0.331812  -0.254569    1.83486
    0.3235   -0.94324  0.0751398    5.14798
 -0.265052 -0.0140998   0.964131   -0.31909
         0          0          0          1
v_world_imu:   -0.882451    0.282027 -0.00370171
frame_257
id: 1165
stamp: 1784010392.021908998
T_odom_lidar: 
 -0.912125  -0.326708  -0.247568      1.776
  0.318386  -0.945059  0.0741219     5.1872
 -0.258182 -0.0112137   0.966031  -0.311752
         0          0          0          1
T_world_lidar: 
 -0.909515  -0.327716  -0.255706    1.74827
  0.319515   -0.94467  0.0742255    5.17608
 -0.265882 -0.0141926   0.963901  -0.318448
         0          0          0          1
v_world_imu: -0.843146  0.276037 0.0132979
frame_258
id: 1166
stamp: 1784010392.121889114
T_odom_lidar: 
  -0.912806   -0.325698   -0.246387     1.68566
   0.316439   -0.945446   0.0774475     5.21744
   -0.25817 -0.00727198    0.966072   -0.311283
          0           0           0           1
T_world_lidar: 
 -0.910093   -0.32603  -0.255802    1.65717
  0.316876    -0.9453  0.0774408    5.20676
 -0.267057 -0.0105792   0.963623  -0.317586
         0          0          0          1
v_world_imu:    -1.01478    0.336551 -0.00940418
frame_259
id: 1167
stamp: 1784010392.221634150
T_odom_lidar: 
  -0.915523   -0.318324    -0.24594     1.58462
   0.309357   -0.947955   0.0753578     5.24905
  -0.257128 -0.00709149    0.966351   -0.311226
          0           0           0           1
T_world_lidar: 
 -0.912753  -0.318493   -0.25582    1.55555
  0.309755  -0.947863  0.0748864    5.23859
 -0.266333 -0.0108888    0.96382  -0.317347
         0          0          0          1
v_world_imu:  -1.00947   0.32281 -0.011399
frame_260
id: 1168
stamp: 1784010392.321981192
T_odom_lidar: 
 -0.916427  -0.314594  -0.247372    1.48221
  0.307206   -0.94914  0.0689719     5.2805
 -0.256489 -0.0127866   0.966463  -0.310629
         0          0          0          1
T_world_lidar: 
 -0.913587  -0.314836  -0.257367    1.45278
  0.307491  -0.949016  0.0694122    5.27035
 -0.266098 -0.0157239   0.963818  -0.316735
         0          0          0          1
v_world_imu:   -1.0334  0.319752 0.0168741
frame_261
id: 1169
stamp: 1784010392.422058105
T_odom_lidar: 
  -0.918191   -0.310495   -0.246005     1.37883
   0.302468   -0.950528   0.0707746     5.31293
   -0.25581 -0.00942408    0.966681   -0.309547
          0           0           0           1
T_world_lidar: 
  -0.91539  -0.311269  -0.255289    1.34931
   0.30348  -0.950233  0.0704139    5.30286
 -0.264501 -0.0130188   0.964297  -0.315616
         0          0          0          1
v_world_imu:   -1.03655   0.318481 0.00388845
frame_262
id: 1170
stamp: 1784010392.522063017
T_odom_lidar: 
  -0.920771   -0.305422    -0.24269     1.27402
   0.297531   -0.952181   0.0694675     5.34525
  -0.252302 -0.00824437    0.967613   -0.308193
          0           0           0           1
T_world_lidar: 
  -0.91809  -0.306378  -0.251484    1.24458
  0.298792  -0.951835  0.0688043    5.33524
 -0.260452 -0.0119729   0.965413  -0.314526
         0          0          0          1
v_world_imu:   -1.06821   0.338757 0.00425696
frame_263
id: 1171
stamp: 1784010392.621918201
T_odom_lidar: 
 -0.921102  -0.301618  -0.246168      1.166
  0.294965  -0.953336  0.0643905    5.37764
 -0.254102 -0.0133005   0.967086  -0.307193
         0          0          0          1
T_world_lidar: 
 -0.918593  -0.302719  -0.254062    1.13676
  0.296388  -0.952934  0.0638085    5.36777
  -0.26142 -0.0166866   0.965081  -0.313919
         0          0          0          1
v_world_imu:   -1.06684   0.319281 0.00607486
frame_264
id: 1172
stamp: 1784010392.721777201
T_odom_lidar: 
 -0.921932  -0.296697  -0.249021    1.06126
  0.289314  -0.954913  0.0666292    5.40912
 -0.257562 -0.0106175   0.966204  -0.306481
         0          0          0          1
T_world_lidar: 
 -0.919643  -0.297663  -0.256229    1.03221
  0.290753  -0.954563  0.0653703    5.39923
 -0.264045 -0.0143819   0.964403  -0.313516
         0          0          0          1
v_world_imu:  -1.02696  0.303043 0.0018665
frame_265
id: 1173
stamp: 1784010392.821670055
T_odom_lidar: 
-0.922313 -0.291146 -0.254111  0.958868
 0.283725 -0.956615 0.0662342   5.43911
 -0.26237 -0.011009  0.964905  -0.30647
        0         0         0         1
T_world_lidar: 
 -0.920285  -0.291857  -0.260566   0.929948
  0.285004  -0.956347  0.0645962    5.42915
 -0.268044 -0.0148154   0.963293  -0.313938
         0          0          0          1
v_world_imu:  -1.02171  0.303328 -0.011959
frame_266
id: 1174
stamp: 1784010392.921589136
T_odom_lidar: 
 -0.923072  -0.283256  -0.260199   0.855007
  0.276728  -0.958933  0.0621972    5.46797
 -0.267131 -0.0145918    0.96355  -0.307184
         0          0          0          1
T_world_lidar: 
 -0.921148  -0.284927  -0.265149   0.826147
  0.278904  -0.958384   0.060938    5.45818
 -0.271477 -0.0178181    0.96228  -0.314987
         0          0          0          1
v_world_imu:    -1.04505    0.270827 -0.00525871
frame_267
id: 1175
stamp: 1784010393.021820068
T_odom_lidar: 
 -0.927045   -0.26579  -0.264469   0.750666
  0.258886  -0.963961  0.0613004    5.49288
 -0.271231 -0.0116392   0.962444  -0.307815
         0          0          0          1
T_world_lidar: 
 -0.925556  -0.266919  -0.268515   0.721508
  0.260639  -0.963603  0.0594683    5.48345
 -0.274615 -0.0149443   0.961438  -0.315603
         0          0          0          1
v_world_imu:   -1.03287   0.230054 0.00970336
