1784010366.323213100 2.385829 0.123830 -0.261277 -0.001219 0.129519 0.018855 0.991397
1784010366.323601007 2.386182 0.123851 -0.261280 -0.001212 0.129496 0.018861 0.991400
1784010366.327744961 2.389962 0.124088 -0.261298 -0.001165 0.129421 0.018954 0.991408
1784010366.333643913 2.395349 0.124442 -0.261288 -0.001204 0.129814 0.019111 0.991353
1784010366.338123083 2.399416 0.124706 -0.261279 -0.001254 0.129789 0.019213 0.991355
1784010366.343470097 2.404263 0.125029 -0.261261 -0.001393 0.129326 0.019319 0.991413
1784010366.347647905 2.408066 0.125280 -0.261228 -0.001530 0.129370 0.019414 0.991405
1784010366.353684902 2.413560 0.125650 -0.261165 -0.001644 0.129771 0.019581 0.991349
1784010366.358103037 2.417558 0.125912 -0.261144 -0.001721 0.129610 0.019685 0.991368
1784010366.363204956 2.422185 0.126217 -0.261134 -0.001851 0.129346 0.019793 0.991400
1784010366.367964029 2.426523 0.126496 -0.261124 -0.001955 0.129631 0.019911 0.991360
1784010366.373331070 2.431400 0.126805 -0.261136 -0.001944 0.129882 0.020072 0.991324
1784010366.378089905 2.435701 0.127072 -0.261186 -0.002022 0.129497 0.020175 0.991373
1784010366.383578062 2.440679 0.127377 -0.261246 -0.002124 0.129220 0.020289 0.991406
1784010366.387639999 2.444380 0.127586 -0.261279 -0.002050 0.129454 0.020414 0.991373
1784010366.393595934 2.449788 0.127886 -0.261335 -0.001753 0.129503 0.020641 0.991363
1784010366.398030996 2.453808 0.128095 -0.261391 -0.001547 0.129116 0.020783 0.991411
1784010366.403626919 2.458920 0.128362 -0.261437 -0.001395 0.129279 0.020975 0.991385
1784010366.407689095 2.462636 0.128539 -0.261453 -0.001233 0.129712 0.021131 0.991326
1784010366.413611889 2.468006 0.128796 -0.261475 -0.001046 0.129631 0.021310 0.991333
1784010366.417951107 2.471920 0.128981 -0.261482 -0.001103 0.129268 0.021398 0.991378
1784010366.423273087 2.476750 0.129223 -0.261433 -0.001338 0.129402 0.021510 0.991358
1784010366.423273087 2.476750 0.129223 -0.261433 -0.001338 0.129402 0.021510 0.991358
1784010366.423398018 2.476865 0.129231 -0.261431 -0.001343 0.129407 0.021512 0.991357
1784010366.427829981 2.480920 0.129480 -0.261332 -0.001410 0.129736 0.021599 0.991312
1784010366.433633089 2.486191 0.129807 -0.261215 -0.001249 0.129324 0.021733 0.991363
1784010366.438163996 2.490301 0.130073 -0.261151 -0.001394 0.128949 0.021813 0.991410
1784010366.443572044 2.495232 0.130403 -0.261096 -0.001671 0.129129 0.021898 0.991385
1784010366.447710037 2.499001 0.130643 -0.261089 -0.001627 0.129277 0.022021 0.991363
1784010366.453613043 2.504370 0.131004 -0.261164 -0.001762 0.128958 0.022122 0.991402
1784010366.457839966 2.508227 0.131269 -0.261269 -0.002031 0.128999 0.022168 0.991395
1784010366.463574886 2.513477 0.131631 -0.261429 -0.002240 0.129530 0.022263 0.991323
1784010366.467845917 2.517375 0.131889 -0.261566 -0.002276 0.129719 0.022348 0.991296
1784010366.473593950 2.522622 0.132239 -0.261742 -0.002368 0.129455 0.022422 0.991329
1784010366.477826118 2.526504 0.132485 -0.261837 -0.002306 0.129624 0.022505 0.991305
1784010366.483416080 2.531628 0.132813 -0.261903 -0.002208 0.130112 0.022625 0.991239
1784010366.487670898 2.535497 0.133058 -0.261936 -0.002144 0.130029 0.022713 0.991248
1784010366.493686914 2.540962 0.133411 -0.261947 -0.002147 0.129657 0.022795 0.991295
1784010366.497771978 2.544685 0.133641 -0.261930 -0.002169 0.129847 0.022859 0.991268
1784010366.503624916 2.550019 0.133972 -0.261901 -0.002114 0.130280 0.022965 0.991209
1784010366.507973909 2.553968 0.134207 -0.261909 -0.002116 0.130146 0.023011 0.991226
1784010366.513786077 2.559262 0.134526 -0.261944 -0.002131 0.130111 0.023071 0.991229
1784010366.517894983 2.563011 0.134739 -0.261984 -0.002078 0.130421 0.023130 0.991187
1784010366.523413181 2.568033 0.135027 -0.262078 -0.001934 0.130592 0.023210 0.991163
1784010366.523413181 2.568033 0.135027 -0.262078 -0.001934 0.130592 0.023210 0.991163
1784010366.523752928 2.568344 0.135048 -0.262084 -0.001925 0.130601 0.023216 0.991161
1784010366.527801037 2.572060 0.135308 -0.262161 -0.001895 0.130450 0.023273 0.991180
1784010366.533622980 2.577432 0.135694 -0.262268 -0.001969 0.130636 0.023348 0.991153
1784010366.538177967 2.581633 0.135989 -0.262350 -0.002070 0.130947 0.023397 0.991111
1784010366.543618917 2.586620 0.136342 -0.262456 -0.002177 0.130660 0.023450 0.991147
1784010366.548124075 2.590743 0.136628 -0.262535 -0.002294 0.130222 0.023485 0.991204
1784010366.553642035 2.595817 0.136977 -0.262577 -0.002289 0.130324 0.023569 0.991189
1784010366.557710886 2.599551 0.137227 -0.262583 -0.002173 0.130550 0.023679 0.991157
1784010366.563420057 2.604778 0.137586 -0.262579 -0.001956 0.130339 0.023857 0.991181
1784010366.567686081 2.608695 0.137849 -0.262560 -0.001861 0.130404 0.023984 0.991169
1784010366.573592901 2.614141 0.138212 -0.262494 -0.001746 0.131178 0.024186 0.991062
1784010366.577685118 2.617891 0.138450 -0.262451 -0.001582 0.131452 0.024330 0.991023
1784010366.583664894 2.623354 0.138811 -0.262416 -0.001699 0.131071 0.024449 0.991070
1784010366.588023901 2.627347 0.139065 -0.262395 -0.001800 0.131064 0.024519 0.991069
1784010366.593663931 2.632524 0.139387 -0.262358 -0.001735 0.131581 0.024633 0.990998
1784010366.597585917 2.636103 0.139602 -0.262351 -0.001689 0.131624 0.024702 0.990990
1784010366.603642941 2.641631 0.139944 -0.262356 -0.001751 0.131118 0.024758 0.991056
1784010366.608005047 2.645625 0.140180 -0.262351 -0.001719 0.131105 0.024807 0.991057
1784010366.613611937 2.650769 0.140485 -0.262342 -0.001628 0.131345 0.024910 0.991022
1784010366.617733002 2.654536 0.140707 -0.262359 -0.001668 0.131107 0.024949 0.991053
1784010366.623255014 2.659592 0.141015 -0.262394 -0.001832 0.130675 0.025000 0.991108
1784010366.623255014 2.659592 0.141015 -0.262394 -0.001832 0.130675 0.025000 0.991108
1784010366.623625040 2.659933 0.141040 -0.262395 -0.001844 0.130644 0.025003 0.991112
1784010366.627948046 2.663929 0.141335 -0.262407 -0.001961 0.130738 0.025059 0.991098
1784010366.633682966 2.669218 0.141731 -0.262433 -0.002069 0.130920 0.025143 0.991072
1784010366.637881041 2.673071 0.142009 -0.262464 -0.002082 0.130696 0.025197 0.991100
1784010366.643600941 2.678341 0.142388 -0.262483 -0.001995 0.130634 0.025287 0.991106
1784010366.648068905 2.682471 0.142672 -0.262481 -0.001892 0.130937 0.025383 0.991064
1784010366.653650999 2.687618 0.143027 -0.262492 -0.001797 0.130958 0.025476 0.991059
1784010366.657921076 2.691550 0.143287 -0.262517 -0.001778 0.130733 0.025524 0.991087
1784010366.663489103 2.696705 0.143628 -0.262546 -0.001737 0.130967 0.025607 0.991054
1784010366.667900085 2.700791 0.143894 -0.262584 -0.001810 0.131344 0.025653 0.991003
1784010366.673633099 2.706072 0.144247 -0.262674 -0.002042 0.131277 0.025662 0.991011
1784010366.678014994 2.710097 0.144502 -0.262751 -0.002054 0.131147 0.025679 0.991028
1784010366.683691978 2.715336 0.144829 -0.262826 -0.001857 0.131530 0.025763 0.990976
1784010366.687949896 2.719266 0.145070 -0.262877 -0.001724 0.131812 0.025829 0.990937
1784010366.693623066 2.724479 0.145404 -0.262946 -0.001668 0.131625 0.025889 0.990960
1784010366.697874069 2.728378 0.145652 -0.262983 -0.001678 0.131550 0.025941 0.990969
1784010366.703474045 2.733520 0.145990 -0.262997 -0.001795 0.131805 0.026018 0.990933
1784010366.707947016 2.737609 0.146257 -0.262993 -0.001898 0.131768 0.026075 0.990936
1784010366.713752985 2.742910 0.146612 -0.262973 -0.002082 0.131327 0.026135 0.990992
1784010366.717847109 2.746658 0.146857 -0.262943 -0.002222 0.131330 0.026187 0.990990
1784010366.723574162 2.751905 0.147208 -0.262897 -0.002299 0.131616 0.026292 0.990949
1784010366.723574162 2.751905 0.147208 -0.262897 -0.002299 0.131616 0.026292 0.990949
1784010366.723736048 2.752054 0.147220 -0.262895 -0.002301 0.131626 0.026296 0.990948
1784010366.727886915 2.755867 0.147512 -0.262867 -0.002343 0.131585 0.026390 0.990951
1784010366.733586073 2.761112 0.147917 -0.262848 -0.002458 0.131448 0.026503 0.990966
1784010366.737766027 2.764972 0.148204 -0.262844 -0.002508 0.131668 0.026595 0.990934
1784010366.743561029 2.770311 0.148600 -0.262868 -0.002499 0.131928 0.026746 0.990895
1784010366.747864008 2.774253 0.148887 -0.262917 -0.002576 0.131716 0.026826 0.990921
1784010366.753616095 2.779550 0.149266 -0.262979 -0.002644 0.131546 0.026937 0.990941
1784010366.758280039 2.783870 0.149557 -0.263015 -0.002534 0.131847 0.027063 0.990897
1784010366.763761997 2.788935 0.149885 -0.263060 -0.002222 0.132013 0.027248 0.990871
1784010366.767885923 2.792729 0.150124 -0.263105 -0.002039 0.131829 0.027374 0.990892
1784010366.773581982 2.797985 0.150455 -0.263142 -0.001958 0.131969 0.027532 0.990870
1784010366.777873993 2.801944 0.150689 -0.263143 -0.001861 0.132318 0.027663 0.990820
1784010366.783607960 2.807206 0.151003 -0.263114 -0.001792 0.132315 0.027813 0.990816
1784010366.788105965 2.811321 0.151256 -0.263064 -0.001898 0.132063 0.027902 0.990847
1784010366.793637037 2.816406 0.151578 -0.262952 -0.002121 0.132128 0.028027 0.990834
1784010366.797735929 2.820173 0.151810 -0.262852 -0.002141 0.132233 0.028144 0.990817
1784010366.803580999 2.825525 0.152151 -0.262737 -0.002134 0.131828 0.028310 0.990866
1784010366.807684898 2.829281 0.152397 -0.262695 -0.002339 0.131581 0.028385 0.990896
1784010366.813621044 2.834739 0.152760 -0.262677 -0.002632 0.131773 0.028517 0.990866
1784010366.817807913 2.838581 0.153004 -0.262712 -0.002683 0.131877 0.028625 0.990849
1784010366.823508978 2.843803 0.153350 -0.262838 -0.002955 0.131727 0.028721 0.990865
1784010366.823508978 2.843803 0.153350 -0.262838 -0.002955 0.131727 0.028721 0.990865
1784010366.823596001 2.843884 0.153356 -0.262840 -0.002958 0.131724 0.028722 0.990866
1784010366.827770948 2.847749 0.153642 -0.262943 -0.003198 0.131776 0.028735 0.990858
1784010366.833611012 2.853175 0.154039 -0.263092 -0.003341 0.132248 0.028793 0.990793
1784010366.837857008 2.857108 0.154317 -0.263200 -0.003367 0.132389 0.028839 0.990772
1784010366.843580961 2.862398 0.154689 -0.263316 -0.003312 0.132208 0.028902 0.990795
1784010366.847662926 2.866171 0.154949 -0.263363 -0.003271 0.132249 0.028962 0.990788
1784010366.853287935 2.871365 0.155313 -0.263362 -0.003203 0.132490 0.029062 0.990753
1784010366.857659101 2.875380 0.155591 -0.263330 -0.003192 0.132394 0.029129 0.990764
1784010366.863574982 2.880826 0.155965 -0.263253 -0.003160 0.132159 0.029185 0.990794
1784010366.868108034 2.885014 0.156244 -0.263179 -0.003126 0.132358 0.029239 0.990766
1784010366.873537064 2.890019 0.156579 -0.263106 -0.003093 0.132581 0.029314 0.990734
1784010366.877806902 2.893940 0.156837 -0.263085 -0.003145 0.132368 0.029345 0.990761
1784010366.883593082 2.899278 0.157180 -0.263081 -0.003088 0.132295 0.029395 0.990770
1784010366.887818098 2.903190 0.157424 -0.263090 -0.003015 0.132584 0.029449 0.990730
1784010366.893671036 2.908613 0.157765 -0.263137 -0.002956 0.132637 0.029511 0.990721
1784010366.897989988 2.912613 0.158012 -0.263202 -0.002967 0.132426 0.029543 0.990748
1784010366.903613091 2.917833 0.158339 -0.263291 -0.003095 0.132528 0.029573 0.990733
1784010366.907572031 2.921496 0.158565 -0.263358 -0.003202 0.132607 0.029591 0.990722
1784010366.913532019 2.927004 0.158901 -0.263454 -0.003383 0.132169 0.029587 0.990780
1784010366.917834997 2.930986 0.159132 -0.263503 -0.003468 0.131936 0.029576 0.990811
1784010366.923195124 2.935956 0.159408 -0.263510 -0.003403 0.132172 0.029623 0.990778
1784010366.923195124 2.935956 0.159408 -0.263510 -0.003403 0.132172 0.029623 0.990778
1784010366.923558950 2.936295 0.159428 -0.263509 -0.003402 0.132188 0.029622 0.990776
1784010366.927881956 2.940314 0.159667 -0.263491 -0.003254 0.132253 0.029631 0.990768
1784010366.933628082 2.945658 0.159980 -0.263447 -0.003149 0.132032 0.029592 0.990799
1784010366.938119888 2.949859 0.160214 -0.263382 -0.003161 0.132239 0.029555 0.990772
1784010366.943773031 2.955145 0.160490 -0.263276 -0.003074 0.132872 0.029511 0.990689
1784010366.947820902 2.958899 0.160670 -0.263206 -0.003048 0.132820 0.029453 0.990698
1784010366.953632116 2.964288 0.160926 -0.263126 -0.003319 0.132257 0.029262 0.990778
1784010366.957801104 2.968175 0.161095 -0.263063 -0.003430 0.132264 0.029148 0.990780
1784010366.963361025 2.973358 0.161310 -0.262987 -0.003403 0.132626 0.029023 0.990735
1784010366.967922926 2.977583 0.161476 -0.262953 -0.003400 0.132415 0.028899 0.990767
1784010366.973654032 2.982902 0.161676 -0.262924 -0.003521 0.131979 0.028667 0.990832
1784010366.978001118 2.986952 0.161806 -0.262888 -0.003555 0.132023 0.028492 0.990831
1784010366.983736992 2.992277 0.161956 -0.262849 -0.003583 0.132046 0.028228 0.990835
1784010366.987653017 2.995892 0.162043 -0.262840 -0.003692 0.131534 0.027999 0.990909
1784010366.993561983 3.001380 0.162162 -0.262828 -0.003980 0.131019 0.027582 0.990988
1784010366.997824907 3.005360 0.162223 -0.262806 -0.004098 0.131182 0.027309 0.990974
1784010367.003586054 3.010725 0.162286 -0.262803 -0.004191 0.131285 0.026903 0.990971
1784010367.007824898 3.014660 0.162306 -0.262821 -0.004227 0.130960 0.026563 0.991023
1784010367.013374090 3.019838 0.162308 -0.262835 -0.004048 0.130965 0.026138 0.991034
1784010367.017751932 3.023934 0.162292 -0.262841 -0.003967 0.131254 0.025807 0.991005
1784010367.023154020 3.028970 0.162259 -0.262875 -0.003940 0.131192 0.025342 0.991025
1784010367.023154020 3.028970 0.162259 -0.262875 -0.003940 0.131192 0.025342 0.991025
1784010367.023571014 3.029359 0.162260 -0.262880 -0.003930 0.131186 0.025311 0.991027
1784010367.028058052 3.033557 0.162277 -0.262924 -0.003917 0.130956 0.024922 0.991067
1784010367.033610106 3.038773 0.162295 -0.262959 -0.004222 0.131247 0.024368 0.991041
1784010367.037909031 3.042806 0.162288 -0.262973 -0.004375 0.131456 0.023936 0.991023
1784010367.043668985 3.048181 0.162257 -0.262995 -0.004186 0.131094 0.023375 0.991085
1784010367.048027039 3.052245 0.162220 -0.263013 -0.004059 0.130903 0.022957 0.991121
1784010367.053586960 3.057455 0.162171 -0.263029 -0.003837 0.131181 0.022470 0.991096
1784010367.058048010 3.061637 0.162114 -0.263052 -0.003532 0.131367 0.022122 0.991081
1784010367.063656092 3.066893 0.162029 -0.263111 -0.003181 0.131342 0.021646 0.991096
1784010367.067851067 3.070829 0.161943 -0.263164 -0.002918 0.131505 0.021304 0.991082
1784010367.073621988 3.076230 0.161820 -0.263237 -0.002747 0.131709 0.020768 0.991067
1784010367.077887058 3.080198 0.161719 -0.263298 -0.002918 0.131481 0.020308 0.991106
1784010367.083641052 3.085563 0.161559 -0.263351 -0.003095 0.131057 0.019619 0.991176
1784010367.088082075 3.089725 0.161401 -0.263347 -0.002997 0.131211 0.019117 0.991166
1784010367.093293905 3.094599 0.161206 -0.263321 -0.002941 0.131401 0.018485 0.991153
1784010367.097690105 3.098685 0.161027 -0.263307 -0.002986 0.131008 0.017915 0.991215
1784010367.103585958 3.104185 0.160762 -0.263280 -0.002867 0.130526 0.017136 0.991293
1784010367.107880116 3.108210 0.160539 -0.263251 -0.002669 0.130716 0.016605 0.991277
1784010367.113624096 3.113580 0.160226 -0.263243 -0.002373 0.130887 0.015854 0.991268
1784010367.117948055 3.117606 0.159974 -0.263271 -0.002288 0.130592 0.015253 0.991316
1784010367.123407125 3.122711 0.159638 -0.263309 -0.002163 0.130561 0.014484 0.991332
1784010367.123407125 3.122711 0.159638 -0.263309 -0.002163 0.130561 0.014484 0.991332
1784010367.123436928 3.122739 0.159638 -0.263309 -0.002165 0.130561 0.014479 0.991332
1784010367.127878904 3.126918 0.159405 -0.263306 -0.001896 0.130897 0.013917 0.991296
1784010367.133641005 3.132317 0.159083 -0.263317 -0.001420 0.130902 0.013171 0.991307
1784010367.137892962 3.136298 0.158830 -0.263334 -0.001271 0.130738 0.012592 0.991336
1784010367.143363953 3.141433 0.158497 -0.263315 -0.001133 0.130984 0.011848 0.991313
1784010367.147871971 3.145646 0.158205 -0.263274 -0.001017 0.131166 0.011241 0.991296
1784010367.153556108 3.150934 0.157843 -0.263215 -0.001153 0.130656 0.010379 0.991373
1784010367.157953024 3.155029 0.157555 -0.263156 -0.001355 0.130321 0.009698 0.991424
1784010367.163630962 3.160329 0.157175 -0.263051 -0.001488 0.130357 0.008853 0.991427
1784010367.168453932 3.164813 0.156837 -0.262984 -0.001476 0.130223 0.008154 0.991450
1784010367.173275948 3.169286 0.156499 -0.262964 -0.001570 0.129780 0.007396 0.991514
1784010367.177743912 3.173447 0.156185 -0.262974 -0.001692 0.129803 0.006718 0.991516
1784010367.183310032 3.178651 0.155793 -0.263018 -0.001783 0.130270 0.005903 0.991459
1784010367.187737942 3.182778 0.155474 -0.263099 -0.001880 0.130394 0.005239 0.991447
1784010367.193551064 3.188187 0.155065 -0.263243 -0.002271 0.130207 0.004294 0.991475
1784010367.197876930 3.192214 0.154745 -0.263344 -0.002407 0.130323 0.003642 0.991462
1784010367.203614950 3.197552 0.154308 -0.263442 -0.002431 0.130534 0.002790 0.991437
1784010367.207806110 3.201436 0.153969 -0.263497 -0.002419 0.130419 0.002157 0.991454
1784010367.213557005 3.206764 0.153504 -0.263524 -0.002354 0.130250 0.001274 0.991478
1784010367.217833996 3.210725 0.153142 -0.263511 -0.002297 0.130437 0.000646 0.991454
1784010367.223357201 3.215823 0.152673 -0.263483 -0.002162 0.130570 -0.000172 0.991437
1784010367.223357201 3.215823 0.152673 -0.263483 -0.002162 0.130570 -0.000172 0.991437
1784010367.223768950 3.216203 0.152643 -0.263480 -0.002145 0.130574 -0.000227 0.991436
1784010367.227821112 3.219936 0.152360 -0.263456 -0.002037 0.130389 -0.000785 0.991461
1784010367.233611107 3.225275 0.151964 -0.263430 -0.001933 0.130334 -0.001560 0.991467
1784010367.237945080 3.229274 0.151659 -0.263423 -0.001860 0.130478 -0.002127 0.991447
1784010367.243458986 3.234346 0.151277 -0.263455 -0.001802 0.130415 -0.002860 0.991454
1784010367.247642040 3.238187 0.150979 -0.263504 -0.001764 0.130321 -0.003409 0.991464
1784010367.253571987 3.243640 0.150562 -0.263584 -0.001645 0.130513 -0.004147 0.991437
1784010367.257972002 3.247681 0.150242 -0.263652 -0.001530 0.130653 -0.004678 0.991416
1784010367.263556957 3.252786 0.149843 -0.263756 -0.001466 0.130408 -0.005379 0.991445
1784010367.268086910 3.256916 0.149514 -0.263835 -0.001435 0.130152 -0.005936 0.991475
1784010367.273560047 3.261903 0.149113 -0.263901 -0.001331 0.129986 -0.006564 0.991493
1784010367.277924061 3.265869 0.148782 -0.263932 -0.001209 0.129766 -0.007056 0.991519
1784010367.283701897 3.271108 0.148348 -0.263951 -0.001074 0.129308 -0.007710 0.991574
1784010367.287611961 3.274655 0.148043 -0.263944 -0.001009 0.129219 -0.008139 0.991582
1784010367.293581963 3.280076 0.147579 -0.263905 -0.000809 0.129407 -0.008765 0.991552
1784010367.298165083 3.284231 0.147204 -0.263865 -0.000589 0.129543 -0.009249 0.991531
1784010367.303570032 3.289128 0.146758 -0.263816 -0.000374 0.129601 -0.009829 0.991517
1784010367.307754993 3.292923 0.146402 -0.263776 -0.000243 0.129739 -0.010274 0.991495
1784010367.313546896 3.298161 0.145907 -0.263733 -0.000050 0.129900 -0.010906 0.991467
1784010367.317943096 3.302119 0.145519 -0.263719 0.000044 0.129857 -0.011408 0.991467
1784010367.323197126 3.306852 0.145053 -0.263716 0.000110 0.129737 -0.012018 0.991476
1784010367.323197126 3.306852 0.145053 -0.263716 0.000110 0.129737 -0.012018 0.991476
1784010367.323451996 3.307083 0.145033 -0.263715 0.000113 0.129739 -0.012046 0.991475
1784010367.327800035 3.311025 0.144679 -0.263710 0.000171 0.129955 -0.012532 0.991441
1784010367.333602905 3.316264 0.144201 -0.263711 0.000351 0.130152 -0.013171 0.991406
1784010367.337941885 3.320153 0.143837 -0.263727 0.000426 0.129953 -0.013680 0.991426
1784010367.343588114 3.325224 0.143368 -0.263741 0.000374 0.129646 -0.014341 0.991457
1784010367.347655058 3.328885 0.143020 -0.263737 0.000407 0.129678 -0.014811 0.991445
1784010367.353595018 3.334216 0.142510 -0.263728 0.000568 0.129711 -0.015485 0.991431
1784010367.358036041 3.338181 0.142129 -0.263739 0.000452 0.129433 -0.016045 0.991458
1784010367.363540888 3.343112 0.141661 -0.263745 0.000192 0.129253 -0.016742 0.991470
1784010367.367788076 3.346925 0.141288 -0.263741 0.000148 0.129375 -0.017243 0.991446
1784010367.373553038 3.352090 0.140777 -0.263758 0.000178 0.129472 -0.017906 0.991421
1784010367.378195047 3.356243 0.140356 -0.263793 0.000209 0.129413 -0.018455 0.991419
1784010367.383577108 3.361079 0.139858 -0.263829 0.000389 0.129780 -0.019031 0.991360
1784010367.387712955 3.364814 0.139464 -0.263849 0.000526 0.130057 -0.019478 0.991315
1784010367.393282890 3.369840 0.138931 -0.263893 0.000618 0.130334 -0.020091 0.991266
1784010367.397701025 3.373798 0.138503 -0.263959 0.000690 0.130549 -0.020582 0.991228
1784010367.403578997 3.379056 0.137932 -0.264064 0.000754 0.130765 -0.021227 0.991186
1784010367.408058882 3.383061 0.137484 -0.264150 0.000833 0.130945 -0.021715 0.991151
1784010367.413539886 3.387946 0.136933 -0.264276 0.000905 0.130916 -0.022339 0.991141
1784010367.417778969 3.391712 0.136504 -0.264393 0.000960 0.130889 -0.022825 0.991134
1784010367.423246145 3.396566 0.135946 -0.264539 0.000985 0.131263 -0.023427 0.991070
1784010367.423246145 3.396566 0.135946 -0.264539 0.000985 0.131263 -0.023427 0.991070
1784010367.423665047 3.396941 0.135904 -0.264547 0.000983 0.131285 -0.023478 0.991066
1784010367.427694082 3.400548 0.135496 -0.264616 0.000944 0.131487 -0.023976 0.991028
1784010367.433532000 3.405775 0.134899 -0.264692 0.001112 0.131382 -0.024618 0.991025
1784010367.438102007 3.409868 0.134425 -0.264735 0.001295 0.131413 -0.025055 0.991010
1784010367.443752050 3.414944 0.133847 -0.264776 0.001323 0.131711 -0.025594 0.990957
1784010367.447777033 3.418560 0.133438 -0.264805 0.001355 0.131935 -0.025971 0.990917
1784010367.453579903 3.423765 0.132846 -0.264847 0.001219 0.131799 -0.026585 0.990919
1784010367.457796097 3.427528 0.132403 -0.264883 0.001134 0.131711 -0.027023 0.990919
1784010367.463547945 3.432652 0.131790 -0.264940 0.001007 0.131671 -0.027668 0.990907
1784010367.468183041 3.436772 0.131289 -0.265001 0.000904 0.131598 -0.028211 0.990901
1784010367.473242998 3.441272 0.130738 -0.265072 0.000777 0.131510 -0.028829 0.990895
1784010367.477809906 3.445339 0.130232 -0.265135 0.000667 0.131434 -0.029385 0.990889
1784010367.483563900 3.450459 0.129583 -0.265212 0.000627 0.131542 -0.030088 0.990854
1784010367.487879992 3.454278 0.129079 -0.265270 0.000609 0.131634 -0.030608 0.990826
1784010367.493582010 3.459321 0.128397 -0.265331 0.000860 0.131669 -0.031291 0.990799
1784010367.497610092 3.462883 0.127900 -0.265356 0.001052 0.131706 -0.031766 0.990779
1784010367.503541946 3.468120 0.127154 -0.265373 0.001167 0.132026 -0.032477 0.990713
1784010367.508100033 3.472120 0.126566 -0.265376 0.001268 0.132284 -0.033016 0.990661
1784010367.513398886 3.476772 0.125868 -0.265374 0.001495 0.132180 -0.033636 0.990654
1784010367.517712116 3.480575 0.125285 -0.265372 0.001688 0.132103 -0.034136 0.990647
1784010367.523085117 3.485305 0.124549 -0.265392 0.001794 0.132148 -0.034798 0.990617
1784010367.523085117 3.485305 0.124549 -0.265392 0.001794 0.132148 -0.034798 0.990617
1784010367.523601055 3.485761 0.124480 -0.265395 0.001819 0.132158 -0.034861 0.990614
1784010367.527908087 3.489556 0.123906 -0.265437 0.002050 0.132240 -0.035408 0.990583
1784010367.533618927 3.494600 0.123143 -0.265525 0.002102 0.132181 -0.036219 0.990561
1784010367.537945032 3.498446 0.122561 -0.265611 0.002125 0.132140 -0.036822 0.990545
1784010367.543549061 3.503423 0.121810 -0.265745 0.002107 0.132237 -0.037665 0.990500
1784010367.548024893 3.507361 0.121208 -0.265873 0.002080 0.132317 -0.038328 0.990464
1784010367.553529978 3.512209 0.120461 -0.266022 0.001831 0.132304 -0.039225 0.990431
1784010367.557878971 3.516066 0.119859 -0.266116 0.001622 0.132297 -0.039925 0.990404
1784010367.563380957 3.520963 0.119081 -0.266202 0.001683 0.132634 -0.040757 0.990325
1784010367.567575932 3.524680 0.118476 -0.266253 0.001821 0.132713 -0.041360 0.990289
1784010367.573498964 3.529927 0.117616 -0.266292 0.002027 0.132678 -0.042217 0.990258
1784010367.577869892 3.533812 0.116967 -0.266284 0.002161 0.132655 -0.042837 0.990234
1784010367.583632946 3.538943 0.116098 -0.266238 0.002362 0.132692 -0.043664 0.990192
1784010367.587766886 3.542609 0.115465 -0.266200 0.002489 0.132721 -0.044244 0.990162
1784010367.593605042 3.547786 0.114560 -0.266148 0.002583 0.132626 -0.045124 0.990135
1784010367.597630978 3.551360 0.113919 -0.266116 0.002656 0.132774 -0.045722 0.990088
1784010367.603566885 3.556633 0.112954 -0.266092 0.002869 0.133112 -0.046636 0.989999
1784010367.607794046 3.560370 0.112249 -0.266109 0.003000 0.133175 -0.047309 0.989958
1784010367.613609076 3.565514 0.111263 -0.266166 0.003222 0.133306 -0.048273 0.989893
1784010367.617901087 3.569317 0.110517 -0.266231 0.003381 0.133618 -0.048992 0.989815
1784010367.623471022 3.574252 0.109536 -0.266339 0.003625 0.134010 -0.049954 0.989714
1784010367.623471022 3.574252 0.109536 -0.266339 0.003625 0.134010 -0.049954 0.989714
1784010367.623740911 3.574492 0.109492 -0.266345 0.003628 0.134027 -0.050000 0.989709
1784010367.627825022 3.578123 0.108816 -0.266442 0.003638 0.134052 -0.050707 0.989669
1784010367.633599997 3.583261 0.107857 -0.266587 0.003558 0.134080 -0.051756 0.989612
1784010367.637881994 3.587076 0.107121 -0.266686 0.003569 0.134204 -0.052524 0.989554
1784010367.643606901 3.592161 0.106126 -0.266799 0.003736 0.134243 -0.053547 0.989494
1784010367.647861958 3.595919 0.105370 -0.266866 0.003883 0.134084 -0.054280 0.989475
1784010367.653620958 3.601008 0.104342 -0.266921 0.004050 0.133871 -0.055284 0.989447
1784010367.657912970 3.604807 0.103554 -0.266929 0.004259 0.133906 -0.055985 0.989402
1784010367.663568974 3.609806 0.102508 -0.266911 0.004585 0.134017 -0.056903 0.989333
1784010367.667838097 3.613562 0.101702 -0.266886 0.004753 0.133973 -0.057607 0.989298
1784010367.673574924 3.618621 0.100612 -0.266847 0.004793 0.133779 -0.058615 0.989265
1784010367.678179026 3.622703 0.099710 -0.266809 0.004901 0.133859 -0.059391 0.989207
1784010367.683269978 3.627213 0.098699 -0.266778 0.005127 0.134078 -0.060241 0.989125
1784010367.687803984 3.631205 0.097792 -0.266782 0.005203 0.134024 -0.061032 0.989083
1784010367.693420887 3.636157 0.096662 -0.266813 0.005218 0.133862 -0.062062 0.989041
1784010367.697940111 3.640163 0.095727 -0.266834 0.005404 0.134100 -0.062853 0.988958
1784010367.703191042 3.644812 0.094630 -0.266857 0.005734 0.134525 -0.063753 0.988841
1784010367.707494974 3.648596 0.093724 -0.266888 0.005910 0.134364 -0.064510 0.988812
1784010367.713601112 3.653973 0.092450 -0.266931 0.005807 0.133954 -0.065668 0.988792
1784010367.717916965 3.657781 0.091527 -0.266939 0.005840 0.134004 -0.066462 0.988732
1784010367.723374128 3.662583 0.090357 -0.266937 0.006028 0.134050 -0.067461 0.988657
1784010367.723374128 3.662583 0.090357 -0.266937 0.006028 0.134050 -0.067461 0.988657
1784010367.723704100 3.662873 0.090292 -0.266937 0.006049 0.134058 -0.067517 0.988652
1784010367.727763891 3.666452 0.089508 -0.266945 0.006046 0.133761 -0.068264 0.988641
1784010367.733551979 3.671592 0.088402 -0.266943 0.005968 0.133375 -0.069338 0.988619
1784010367.737776995 3.675368 0.087571 -0.266920 0.006050 0.133539 -0.070079 0.988544
1784010367.743335009 3.680312 0.086476 -0.266905 0.006358 0.133609 -0.071048 0.988464
1784010367.747833967 3.684295 0.085579 -0.266922 0.006423 0.133193 -0.071878 0.988459
1784010367.753540993 3.689394 0.084437 -0.266935 0.006455 0.133095 -0.072926 0.988396
1784010367.758193016 3.693588 0.083478 -0.266928 0.006708 0.133609 -0.073706 0.988267
1784010367.763376951 3.698260 0.082408 -0.266946 0.006884 0.133938 -0.074616 0.988153
1784010367.767730951 3.702167 0.081505 -0.266992 0.006738 0.133827 -0.075437 0.988106
1784010367.773540020 3.707383 0.080283 -0.267039 0.006899 0.133875 -0.076470 0.988019
1784010367.778055906 3.711444 0.079303 -0.267066 0.007164 0.134150 -0.077248 0.987920
1784010367.783373117 3.716230 0.078146 -0.267108 0.007300 0.134232 -0.078214 0.987832
1784010367.788150072 3.720527 0.077086 -0.267141 0.007567 0.134177 -0.079049 0.987771
1784010367.793324947 3.725190 0.075922 -0.267158 0.007924 0.134268 -0.079933 0.987684
1784010367.797790051 3.729220 0.074900 -0.267176 0.008197 0.134270 -0.080692 0.987620
1784010367.803577900 3.734452 0.073567 -0.267210 0.008547 0.134040 -0.081703 0.987565
1784010367.807589054 3.738078 0.072620 -0.267241 0.008818 0.134094 -0.082382 0.987499
1784010367.813457966 3.743373 0.071246 -0.267309 0.009108 0.134295 -0.083409 0.987383
1784010367.817877054 3.747344 0.070197 -0.267385 0.009208 0.134301 -0.084220 0.987312
1784010367.823101997 3.752046 0.068952 -0.267476 0.009391 0.134359 -0.085179 0.987220
1784010367.823101997 3.752046 0.068952 -0.267476 0.009391 0.134359 -0.085179 0.987220
1784010367.823528051 3.752431 0.068856 -0.267481 0.009395 0.134360 -0.085246 0.987214
1784010367.827771902 3.756271 0.067912 -0.267532 0.009487 0.134581 -0.085860 0.987130
1784010367.833523035 3.761458 0.066632 -0.267596 0.009727 0.134732 -0.086622 0.987041
1784010367.837969065 3.765444 0.065635 -0.267648 0.009884 0.134576 -0.087250 0.987005
1784010367.843673944 3.770561 0.064365 -0.267698 0.009957 0.134441 -0.088045 0.986952
1784010367.847632885 3.774125 0.063471 -0.267715 0.010010 0.134544 -0.088614 0.986887
1784010367.853494883 3.779386 0.062156 -0.267717 0.010112 0.134615 -0.089405 0.986805
1784010367.857536077 3.782987 0.061241 -0.267709 0.010120 0.134445 -0.089991 0.986774
1784010367.863615036 3.788392 0.059876 -0.267675 0.010233 0.134103 -0.090760 0.986749
1784010367.867794037 3.792117 0.058925 -0.267631 0.010357 0.134146 -0.091289 0.986693
1784010367.873672962 3.797359 0.057599 -0.267548 0.010666 0.134323 -0.091927 0.986607
1784010367.877741098 3.800987 0.056679 -0.267486 0.010855 0.134312 -0.092376 0.986564
1784010367.883693933 3.806311 0.055356 -0.267402 0.010916 0.134328 -0.092965 0.986506
1784010367.887650967 3.809847 0.054472 -0.267357 0.010947 0.134380 -0.093386 0.986459
1784010367.893538952 3.815079 0.053177 -0.267331 0.010958 0.134108 -0.093952 0.986442
1784010367.897835016 3.818890 0.052236 -0.267351 0.010861 0.133789 -0.094403 0.986443
1784010367.903539896 3.823981 0.050999 -0.267405 0.010736 0.133697 -0.094940 0.986406
1784010367.907553911 3.827574 0.050122 -0.267462 0.010757 0.133846 -0.095319 0.986349
1784010367.913460016 3.832841 0.048857 -0.267597 0.010810 0.133687 -0.095804 0.986323
1784010367.917526007 3.836465 0.047990 -0.267721 0.010752 0.133488 -0.096167 0.986315
1784010367.923163176 3.841510 0.046802 -0.267887 0.010694 0.133565 -0.096587 0.986264
1784010367.923163176 3.841510 0.046802 -0.267887 0.010694 0.133565 -0.096587 0.986264
1784010367.923615932 3.841917 0.046708 -0.267899 0.010697 0.133579 -0.096626 0.986258
1784010367.927849054 3.845709 0.045829 -0.268002 0.010859 0.133749 -0.096899 0.986207
1784010367.933545113 3.850793 0.044673 -0.268113 0.010894 0.133504 -0.097218 0.986208
1784010367.937906981 3.854690 0.043810 -0.268154 0.010772 0.133273 -0.097503 0.986213
1784010367.943581104 3.859771 0.042690 -0.268110 0.010788 0.133426 -0.097770 0.986165
1784010367.947709084 3.863454 0.041881 -0.268031 0.010959 0.133463 -0.097933 0.986142
1784010367.953732014 3.868816 0.040738 -0.267902 0.010988 0.132996 -0.098110 0.986187
1784010367.957525969 3.872202 0.040038 -0.267822 0.010905 0.132915 -0.098232 0.986187
1784010367.963299990 3.877365 0.038976 -0.267706 0.011112 0.133240 -0.098235 0.986141
1784010367.967772007 3.881355 0.038167 -0.267659 0.011274 0.133322 -0.098244 0.986127
1784010367.973378897 3.886348 0.037185 -0.267674 0.011213 0.133172 -0.098231 0.986149
1784010367.977673054 3.890176 0.036452 -0.267721 0.011200 0.133306 -0.098208 0.986133
1784010367.983177900 3.895083 0.035534 -0.267818 0.011226 0.133687 -0.098103 0.986092
1784010367.987889051 3.899271 0.034776 -0.267934 0.011160 0.133725 -0.098019 0.986096
1784010367.993308067 3.904103 0.033926 -0.268074 0.011029 0.133604 -0.097888 0.986127
1784010367.997957945 3.908274 0.033206 -0.268176 0.010959 0.133847 -0.097751 0.986108
1784010368.003169060 3.912931 0.032413 -0.268270 0.011005 0.134009 -0.097552 0.986105
1784010368.007950068 3.917172 0.031698 -0.268347 0.011067 0.133630 -0.097362 0.986175
1784010368.013746023 3.922334 0.030841 -0.268403 0.011141 0.133324 -0.097092 0.986242
1784010368.017699957 3.925878 0.030259 -0.268409 0.011234 0.133659 -0.096911 0.986214
1784010368.023133993 3.930730 0.029461 -0.268402 0.011529 0.134038 -0.096574 0.986192
1784010368.023133993 3.930730 0.029461 -0.268402 0.011529 0.134038 -0.096574 0.986192
1784010368.023567915 3.931116 0.029396 -0.268400 0.011547 0.134067 -0.096564 0.986189
1784010368.027914047 3.934988 0.028754 -0.268382 0.011631 0.133954 -0.096489 0.986210
1784010368.033561945 3.940035 0.027914 -0.268341 0.011620 0.134070 -0.096409 0.986203
1784010368.037906885 3.943922 0.027254 -0.268297 0.011741 0.134394 -0.096316 0.986166
1784010368.043524981 3.948916 0.026398 -0.268264 0.011872 0.134344 -0.096227 0.986180
1784010368.047529936 3.952465 0.025787 -0.268265 0.011820 0.134067 -0.096206 0.986220
1784010368.053711891 3.957963 0.024826 -0.268261 0.011810 0.134135 -0.096154 0.986216
1784010368.057528973 3.961357 0.024221 -0.268261 0.011911 0.134300 -0.096104 0.986198
1784010368.063226938 3.966399 0.023317 -0.268292 0.011951 0.133981 -0.096068 0.986244
1784010368.067930937 3.970560 0.022568 -0.268336 0.011872 0.133660 -0.096068 0.986288
1784010368.073622942 3.975608 0.021655 -0.268374 0.011766 0.133838 -0.096055 0.986267
1784010368.077735901 3.979247 0.020991 -0.268398 0.011793 0.133874 -0.096022 0.986265
1784010368.083543062 3.984389 0.020057 -0.268437 0.011702 0.133496 -0.096007 0.986319
1784010368.088146925 3.988484 0.019316 -0.268457 0.011593 0.133554 -0.096013 0.986312
1784010368.093648911 3.993371 0.018428 -0.268458 0.011585 0.133916 -0.095976 0.986266
1784010368.097816944 3.997050 0.017761 -0.268466 0.011554 0.133752 -0.095962 0.986290
1784010368.103487968 4.002065 0.016859 -0.268480 0.011260 0.133316 -0.095998 0.986349
1784010368.107711077 4.005820 0.016181 -0.268477 0.011183 0.133494 -0.095991 0.986326
1784010368.113482952 4.010937 0.015256 -0.268471 0.011224 0.133857 -0.095948 0.986281
1784010368.117748022 4.014694 0.014582 -0.268489 0.011077 0.133655 -0.095956 0.986309
1784010368.123080015 4.019403 0.013750 -0.268513 0.010755 0.133461 -0.095975 0.986337
1784010368.123080015 4.019403 0.013750 -0.268513 0.010755 0.133461 -0.095975 0.986337
1784010368.123508930 4.019783 0.013684 -0.268513 0.010734 0.133443 -0.095975 0.986340
1784010368.127747059 4.023547 0.013035 -0.268500 0.010583 0.133696 -0.095949 0.986310
1784010368.133559942 4.028685 0.012139 -0.268484 0.010595 0.133762 -0.095881 0.986307
1784010368.137844086 4.032454 0.011482 -0.268488 0.010440 0.133353 -0.095871 0.986365
1784010368.143671989 4.037602 0.010592 -0.268487 0.010113 0.133127 -0.095849 0.986401
1784010368.147846937 4.041299 0.009945 -0.268475 0.010067 0.133310 -0.095786 0.986383
1784010368.153522015 4.046302 0.009060 -0.268471 0.010177 0.133210 -0.095670 0.986407
1784010368.157563925 4.049861 0.008427 -0.268481 0.010190 0.132975 -0.095603 0.986445
1784010368.163522005 4.055131 0.007487 -0.268478 0.010260 0.133143 -0.095468 0.986435
1784010368.167586088 4.058725 0.006835 -0.268471 0.010425 0.133382 -0.095346 0.986413
1784010368.173531055 4.063946 0.005884 -0.268490 0.010538 0.133108 -0.095215 0.986461
1784010368.177762985 4.067657 0.005203 -0.268519 0.010481 0.132863 -0.095167 0.986499
1784010368.182670116 4.071980 0.004405 -0.268544 0.010503 0.133024 -0.095094 0.986484
1784010368.187957048 4.076629 0.003546 -0.268582 0.010569 0.133198 -0.095005 0.986469
1784010368.193448067 4.081439 0.002662 -0.268652 0.010439 0.132845 -0.094971 0.986521
1784010368.197709084 4.085181 0.001970 -0.268711 0.010389 0.132706 -0.094941 0.986543
1784010368.203664064 4.090423 0.000995 -0.268768 0.010559 0.133032 -0.094838 0.986507
1784010368.207801104 4.094050 0.000315 -0.268806 0.010763 0.133069 -0.094748 0.986509
1784010368.213624001 4.099147 -0.000631 -0.268860 0.010816 0.132678 -0.094663 0.986569
1784010368.217839003 4.102851 -0.001315 -0.268880 0.010811 0.132726 -0.094601 0.986569
1784010368.223520994 4.107840 -0.002238 -0.268866 0.010917 0.133075 -0.094465 0.986533
1784010368.223529100 4.107847 -0.002239 -0.268866 0.010917 0.133074 -0.094464 0.986534
1784010368.223529100 4.107847 -0.002239 -0.268866 0.010917 0.133074 -0.094464 0.986534
1784010368.227741003 4.111524 -0.002898 -0.268839 0.010944 0.133046 -0.094399 0.986543
1784010368.233515978 4.116563 -0.003794 -0.268781 0.010843 0.132823 -0.094327 0.986581
1784010368.237914085 4.120414 -0.004483 -0.268707 0.010820 0.133052 -0.094249 0.986558
1784010368.243673086 4.125442 -0.005383 -0.268602 0.010952 0.133446 -0.094098 0.986518
1784010368.247684956 4.128927 -0.006009 -0.268548 0.010945 0.133291 -0.094022 0.986546
1784010368.253540039 4.134038 -0.006916 -0.268487 0.010786 0.133190 -0.093911 0.986572
1784010368.257956982 4.137914 -0.007611 -0.268454 0.010695 0.133456 -0.093830 0.986545
1784010368.263638020 4.142875 -0.008503 -0.268463 0.010707 0.133572 -0.093714 0.986540
1784010368.267894030 4.146578 -0.009167 -0.268530 0.010478 0.133269 -0.093690 0.986586
1784010368.273236036 4.151248 -0.010000 -0.268648 0.010087 0.133257 -0.093682 0.986592
1784010368.277673960 4.155143 -0.010709 -0.268757 0.010095 0.133622 -0.093614 0.986549
1784010368.283540010 4.160274 -0.011642 -0.268945 0.010144 0.133852 -0.093523 0.986526
1784010368.287758112 4.163960 -0.012308 -0.269107 0.009972 0.133732 -0.093506 0.986546
1784010368.293380022 4.168884 -0.013198 -0.269283 0.009832 0.133965 -0.093450 0.986521
1784010368.297848940 4.172787 -0.013914 -0.269377 0.009899 0.134204 -0.093367 0.986496
1784010368.303476095 4.177679 -0.014793 -0.269446 0.009750 0.133889 -0.093292 0.986547
1784010368.307914019 4.181544 -0.015475 -0.269451 0.009389 0.133606 -0.093273 0.986591
1784010368.313566923 4.186476 -0.016352 -0.269361 0.009274 0.133806 -0.093161 0.986575
1784010368.317868948 4.190216 -0.017026 -0.269261 0.009347 0.133865 -0.093028 0.986579
1784010368.323050976 4.194718 -0.017826 -0.269161 0.009084 0.133507 -0.092944 0.986638
1784010368.323050976 4.194718 -0.017826 -0.269161 0.009084 0.133507 -0.092944 0.986638
1784010368.323646069 4.195235 -0.017914 -0.269149 0.009060 0.133453 -0.092935 0.986646
1784010368.327570915 4.198651 -0.018490 -0.269073 0.008965 0.133320 -0.092860 0.986672
1784010368.333527088 4.203833 -0.019373 -0.268987 0.009065 0.133566 -0.092679 0.986655
1784010368.337965012 4.207685 -0.020041 -0.268982 0.009095 0.133500 -0.092586 0.986673
1784010368.343338013 4.212353 -0.020841 -0.269039 0.008893 0.133157 -0.092530 0.986726
1784010368.347789049 4.216241 -0.021511 -0.269111 0.008784 0.133374 -0.092468 0.986704
1784010368.353519917 4.221238 -0.022377 -0.269226 0.008870 0.133791 -0.092342 0.986658
1784010368.357709885 4.224876 -0.023016 -0.269338 0.008807 0.133681 -0.092302 0.986677
1784010368.363487959 4.229902 -0.023893 -0.269490 0.008691 0.133439 -0.092273 0.986714
1784010368.368026972 4.233862 -0.024594 -0.269578 0.008760 0.133621 -0.092210 0.986694
1784010368.373191118 4.238347 -0.025388 -0.269650 0.008961 0.133630 -0.092100 0.986702
1784010368.377764940 4.242309 -0.026091 -0.269699 0.009042 0.133199 -0.092036 0.986765
1784010368.383579016 4.247367 -0.026980 -0.269705 0.009172 0.133102 -0.091928 0.986787
1784010368.387471914 4.250761 -0.027582 -0.269677 0.009368 0.133371 -0.091807 0.986760
1784010368.393553972 4.256035 -0.028506 -0.269628 0.009636 0.133341 -0.091642 0.986777
1784010368.397757053 4.259678 -0.029147 -0.269600 0.009670 0.133139 -0.091558 0.986812
1784010368.403501034 4.264671 -0.030027 -0.269536 0.009813 0.133335 -0.091402 0.986798
1784010368.407700062 4.268313 -0.030680 -0.269489 0.010030 0.133462 -0.091264 0.986792
1784010368.413346052 4.273185 -0.031546 -0.269463 0.010105 0.133012 -0.091140 0.986863
1784010368.417646885 4.276906 -0.032211 -0.269466 0.010083 0.132787 -0.091069 0.986900
1784010368.423171043 4.281698 -0.033076 -0.269466 0.010230 0.133033 -0.090945 0.986877
1784010368.423171043 4.281698 -0.033076 -0.269466 0.010230 0.133033 -0.090945 0.986877
1784010368.423477888 4.281964 -0.033119 -0.269464 0.010238 0.133055 -0.090939 0.986875
1784010368.427809954 4.285698 -0.033722 -0.269459 0.010382 0.133207 -0.090842 0.986862
1784010368.433532953 4.290613 -0.034503 -0.269487 0.010351 0.132813 -0.090785 0.986920
1784010368.437845945 4.294328 -0.035103 -0.269515 0.010304 0.132786 -0.090740 0.986929
1784010368.443440914 4.299148 -0.035881 -0.269523 0.010441 0.133152 -0.090636 0.986887
1784010368.447865009 4.302948 -0.036504 -0.269530 0.010594 0.133064 -0.090548 0.986906
1784010368.453469992 4.307795 -0.037278 -0.269534 0.010498 0.132740 -0.090496 0.986955
1784010368.457597017 4.311391 -0.037860 -0.269518 0.010415 0.133009 -0.090453 0.986924
1784010368.463562012 4.316547 -0.038689 -0.269480 0.010679 0.133336 -0.090322 0.986889
1784010368.467760086 4.320147 -0.039273 -0.269482 0.010587 0.132946 -0.090292 0.986945
1784010368.473706961 4.325286 -0.040081 -0.269477 0.010229 0.132629 -0.090294 0.986991
1784010368.477909088 4.328948 -0.040677 -0.269445 0.010278 0.133080 -0.090214 0.986937
1784010368.483500004 4.333798 -0.041454 -0.269410 0.010494 0.133535 -0.090096 0.986885
1784010368.488358021 4.337991 -0.042118 -0.269417 0.010284 0.133229 -0.090078 0.986930
1784010368.493444920 4.342397 -0.042811 -0.269415 0.010110 0.133198 -0.090021 0.986941
1784010368.497832060 4.346209 -0.043422 -0.269393 0.010111 0.133601 -0.089928 0.986895
1784010368.503381014 4.351013 -0.044183 -0.269384 0.010100 0.133681 -0.089834 0.986893
1784010368.507661104 4.354710 -0.044772 -0.269404 0.009892 0.133353 -0.089793 0.986943
1784010368.513729095 4.359958 -0.045599 -0.269406 0.009870 0.133492 -0.089657 0.986937
1784010368.517573118 4.363282 -0.046142 -0.269402 0.009987 0.133759 -0.089533 0.986911
1784010368.523365021 4.368289 -0.046952 -0.269407 0.010130 0.133659 -0.089389 0.986936
1784010368.523365021 4.368289 -0.046952 -0.269407 0.010130 0.133659 -0.089389 0.986936
1784010368.523447990 4.368360 -0.046961 -0.269407 0.010127 0.133655 -0.089386 0.986937
1784010368.527658939 4.372001 -0.047476 -0.269388 0.010153 0.133548 -0.089255 0.986963
1784010368.533493042 4.377043 -0.048189 -0.269342 0.010235 0.133798 -0.089020 0.986949
1784010368.537880898 4.380819 -0.048732 -0.269322 0.010190 0.133706 -0.088890 0.986974
1784010368.543304920 4.385488 -0.049403 -0.269328 0.009919 0.133134 -0.088796 0.987062
1784010368.547806978 4.389384 -0.049973 -0.269330 0.009780 0.133159 -0.088711 0.987068
1784010368.553527117 4.394330 -0.050694 -0.269334 0.009659 0.133490 -0.088578 0.987036
1784010368.557833910 4.398040 -0.051241 -0.269360 0.009513 0.133298 -0.088504 0.987071
1784010368.563288927 4.402749 -0.051938 -0.269391 0.009373 0.132989 -0.088430 0.987120
1784010368.567754984 4.406624 -0.052523 -0.269388 0.009507 0.133233 -0.088301 0.987097
1784010368.573245049 4.411381 -0.053235 -0.269379 0.009599 0.133431 -0.088142 0.987084
1784010368.577738047 4.415266 -0.053816 -0.269376 0.009474 0.133147 -0.088065 0.987130
1784010368.583525896 4.420274 -0.054560 -0.269331 0.009360 0.133036 -0.087938 0.987158
1784010368.587462902 4.423684 -0.055075 -0.269270 0.009339 0.133231 -0.087821 0.987142
1784010368.593214035 4.428656 -0.055818 -0.269168 0.009176 0.133028 -0.087684 0.987183
1784010368.598066092 4.432857 -0.056454 -0.269067 0.009065 0.132758 -0.087579 0.987230
1784010368.603233099 4.437340 -0.057135 -0.268929 0.009029 0.132975 -0.087429 0.987214
1784010368.607937098 4.441407 -0.057756 -0.268811 0.009029 0.133071 -0.087284 0.987214
1784010368.613380909 4.446104 -0.058466 -0.268716 0.008757 0.132616 -0.087179 0.987287
1784010368.617713928 4.449856 -0.059043 -0.268661 0.008582 0.132475 -0.087107 0.987314
1784010368.623027086 4.454460 -0.059755 -0.268606 0.008511 0.132668 -0.086978 0.987300
1784010368.623027086 4.454460 -0.059755 -0.268606 0.008511 0.132668 -0.086978 0.987300
1784010368.623569012 4.454930 -0.059832 -0.268601 0.008519 0.132695 -0.086967 0.987297
1784010368.627609015 4.458444 -0.060401 -0.268594 0.008468 0.132415 -0.086898 0.987342
1784010368.633536100 4.463679 -0.061245 -0.268644 0.007986 0.131903 -0.086900 0.987414
1784010368.637964964 4.467635 -0.061892 -0.268700 0.007895 0.132287 -0.086883 0.987365
1784010368.643542051 4.472576 -0.062731 -0.268811 0.008343 0.132672 -0.086768 0.987320
1784010368.647974014 4.476482 -0.063375 -0.268962 0.008172 0.132173 -0.086776 0.987387
1784010368.653506041 4.481418 -0.064177 -0.269137 0.007708 0.132086 -0.086818 0.987399
1784010368.657736063 4.485203 -0.064806 -0.269196 0.007790 0.132679 -0.086771 0.987323
1784010368.663463116 4.490284 -0.065653 -0.269222 0.008141 0.132742 -0.086640 0.987323
1784010368.667570114 4.493890 -0.066222 -0.269235 0.008389 0.132786 -0.086543 0.987324
1784010368.673491955 4.499099 -0.067046 -0.269164 0.008174 0.132536 -0.086492 0.987363
1784010368.677884102 4.502995 -0.067672 -0.268999 0.008308 0.132863 -0.086352 0.987331
1784010368.683446884 4.507933 -0.068468 -0.268773 0.008138 0.132835 -0.086256 0.987344
1784010368.687521935 4.511528 -0.069029 -0.268662 0.008011 0.132814 -0.086184 0.987354
1784010368.693356991 4.516689 -0.069832 -0.268566 0.007916 0.132753 -0.086079 0.987372
1784010368.697675943 4.520536 -0.070423 -0.268532 0.007843 0.132707 -0.086000 0.987386
1784010368.703254938 4.525523 -0.071196 -0.268554 0.007722 0.132926 -0.085937 0.987363
1784010368.707678080 4.529472 -0.071809 -0.268634 0.007624 0.133099 -0.085887 0.987345
1784010368.713561058 4.534735 -0.072632 -0.268812 0.007484 0.133403 -0.085847 0.987309
1784010368.718031883 4.538747 -0.073258 -0.268974 0.007391 0.133475 -0.085832 0.987301
1784010368.723203182 4.543393 -0.073998 -0.269143 0.007489 0.133615 -0.085805 0.987283
1784010368.723203182 4.543393 -0.073998 -0.269143 0.007489 0.133615 -0.085805 0.987283
1784010368.723299980 4.543481 -0.074012 -0.269146 0.007490 0.133618 -0.085804 0.987283
1784010368.727720976 4.547486 -0.074642 -0.269243 0.007544 0.133743 -0.085771 0.987269
1784010368.733491898 4.552724 -0.075468 -0.269334 0.007602 0.133385 -0.085718 0.987321
1784010368.737962961 4.556796 -0.076114 -0.269384 0.007650 0.133107 -0.085678 0.987362
1784010368.743346930 4.561703 -0.076889 -0.269404 0.007826 0.133401 -0.085580 0.987329
1784010368.747713089 4.565667 -0.077517 -0.269380 0.007971 0.133639 -0.085502 0.987303
1784010368.753468037 4.570910 -0.078346 -0.269312 0.007972 0.133468 -0.085417 0.987333
1784010368.757951975 4.575017 -0.079006 -0.269246 0.007975 0.133333 -0.085350 0.987357
1784010368.763629913 4.580225 -0.079841 -0.269183 0.008178 0.133459 -0.085187 0.987352
1784010368.767641068 4.583884 -0.080432 -0.269175 0.008324 0.133547 -0.085072 0.987349
1784010368.773528099 4.589268 -0.081306 -0.269171 0.008338 0.133576 -0.084986 0.987353
1784010368.777780056 4.593172 -0.081959 -0.269155 0.008352 0.133596 -0.084924 0.987355
1784010368.783107996 4.598071 -0.082784 -0.269133 0.008524 0.134114 -0.084803 0.987294
1784010368.787467003 4.602059 -0.083458 -0.269138 0.008543 0.134184 -0.084730 0.987290
1784010368.793139935 4.607247 -0.084336 -0.269166 0.008384 0.133692 -0.084699 0.987361
1784010368.797492981 4.611234 -0.085021 -0.269176 0.008437 0.133649 -0.084642 0.987372
1784010368.803463936 4.616713 -0.085951 -0.269191 0.008194 0.133372 -0.084619 0.987413
1784010368.807796001 4.620683 -0.086617 -0.269227 0.008022 0.133169 -0.084603 0.987443
1784010368.813261986 4.625698 -0.087454 -0.269264 0.007763 0.132787 -0.084610 0.987496
1784010368.817691088 4.629764 -0.088137 -0.269271 0.007718 0.132811 -0.084578 0.987496
1784010368.823050976 4.634689 -0.088962 -0.269264 0.007450 0.132548 -0.084571 0.987534
1784010368.823050976 4.634689 -0.088962 -0.269264 0.007450 0.132548 -0.084571 0.987534
1784010368.823452950 4.635063 -0.089020 -0.269263 0.007433 0.132527 -0.084571 0.987537
1784010368.827758074 4.639078 -0.089639 -0.269245 0.007249 0.132302 -0.084565 0.987569
1784010368.833450079 4.644400 -0.090446 -0.269224 0.007158 0.132638 -0.084500 0.987530
1784010368.837898016 4.648562 -0.091074 -0.269217 0.007083 0.132901 -0.084449 0.987500
1784010368.843283892 4.653609 -0.091827 -0.269214 0.006920 0.132992 -0.084399 0.987493
1784010368.847688913 4.657725 -0.092449 -0.269205 0.006844 0.132995 -0.084342 0.987498
1784010368.853491068 4.663149 -0.093260 -0.269188 0.006653 0.132844 -0.084260 0.987526
1784010368.857884884 4.667251 -0.093881 -0.269182 0.006504 0.132732 -0.084198 0.987548
1784010368.863488913 4.672491 -0.094678 -0.269171 0.006538 0.132625 -0.084087 0.987571
1784010368.868051052 4.676752 -0.095336 -0.269157 0.006658 0.132754 -0.083967 0.987564
1784010368.873318911 4.681679 -0.096100 -0.269156 0.006787 0.132796 -0.083831 0.987568
1784010368.878006935 4.686065 -0.096792 -0.269167 0.006924 0.132721 -0.083713 0.987588
1784010368.883291006 4.691003 -0.097575 -0.269186 0.007100 0.132765 -0.083566 0.987593
1784010368.887502909 4.694929 -0.098205 -0.269219 0.007153 0.132739 -0.083478 0.987604
1784010368.893292904 4.700346 -0.099068 -0.269292 0.007033 0.132546 -0.083422 0.987635
1784010368.897578955 4.704357 -0.099714 -0.269351 0.006973 0.132604 -0.083380 0.987631
1784010368.903157949 4.709578 -0.100552 -0.269429 0.006991 0.132803 -0.083283 0.987612
1784010368.907735109 4.713858 -0.101248 -0.269498 0.007065 0.132747 -0.083214 0.987625
1784010368.913615942 4.719373 -0.102136 -0.269563 0.007244 0.132778 -0.083115 0.987628
1784010368.917421103 4.722934 -0.102713 -0.269583 0.007334 0.132977 -0.083021 0.987609
1784010368.923127174 4.728272 -0.103565 -0.269595 0.007413 0.133006 -0.082891 0.987615
1784010368.923127174 4.728272 -0.103565 -0.269595 0.007413 0.133006 -0.082891 0.987615
1784010368.923506975 4.728632 -0.103620 -0.269595 0.007417 0.133008 -0.082883 0.987615
1784010368.927985907 4.732882 -0.104278 -0.269578 0.007410 0.132882 -0.082801 0.987639
1784010368.933461905 4.738086 -0.105082 -0.269511 0.007429 0.133014 -0.082677 0.987632
1784010368.937918901 4.742311 -0.105736 -0.269435 0.007442 0.133113 -0.082560 0.987628
1784010368.943320990 4.747432 -0.106530 -0.269339 0.007420 0.132929 -0.082432 0.987664
1784010368.947779894 4.751656 -0.107189 -0.269257 0.007418 0.132916 -0.082320 0.987675
1784010368.953450918 4.757037 -0.108029 -0.269162 0.007467 0.133095 -0.082156 0.987664
1784010368.957465887 4.760839 -0.108626 -0.269123 0.007437 0.133024 -0.082056 0.987682
1784010368.963507891 4.766579 -0.109526 -0.269110 0.007248 0.132840 -0.081966 0.987716
1784010368.967874050 4.770721 -0.110183 -0.269136 0.007190 0.132865 -0.081886 0.987720
1784010368.973449945 4.776014 -0.111019 -0.269232 0.007102 0.132813 -0.081776 0.987736
1784010368.977664948 4.780012 -0.111652 -0.269354 0.006991 0.132709 -0.081714 0.987756
1784010368.983597994 4.785662 -0.112545 -0.269556 0.006952 0.132847 -0.081608 0.987747
1784010368.987875938 4.789733 -0.113187 -0.269714 0.006857 0.133026 -0.081535 0.987729
1784010368.993442059 4.795019 -0.114016 -0.269901 0.006577 0.132978 -0.081468 0.987743
1784010368.997869015 4.799192 -0.114676 -0.270005 0.006443 0.132769 -0.081405 0.987777
1784010369.003393888 4.804388 -0.115492 -0.270050 0.006266 0.132561 -0.081331 0.987812
1784010369.007739067 4.808464 -0.116130 -0.270017 0.006145 0.132335 -0.081263 0.987849
1784010369.013701916 4.814082 -0.116997 -0.269899 0.006080 0.132028 -0.081126 0.987902
1784010369.017502069 4.817667 -0.117547 -0.269800 0.005974 0.132016 -0.081031 0.987912
1784010369.023073196 4.822939 -0.118358 -0.269662 0.005969 0.132049 -0.080865 0.987921
1784010369.023073196 4.822939 -0.118358 -0.269662 0.005969 0.132049 -0.080865 0.987921
1784010369.023489952 4.823338 -0.118418 -0.269653 0.005968 0.132051 -0.080852 0.987922
1784010369.027868032 4.827538 -0.119044 -0.269568 0.005979 0.131986 -0.080708 0.987942
1784010369.033483982 4.832932 -0.119840 -0.269523 0.005778 0.131922 -0.080570 0.987963
1784010369.038012028 4.837291 -0.120486 -0.269541 0.005571 0.131982 -0.080470 0.987965
1784010369.043457031 4.842559 -0.121271 -0.269614 0.005453 0.132280 -0.080346 0.987936
1784010369.047665119 4.846627 -0.121880 -0.269707 0.005371 0.132616 -0.080259 0.987898
1784010369.053497076 4.852254 -0.122720 -0.269875 0.005262 0.132818 -0.080137 0.987881
1784010369.057477951 4.856083 -0.123299 -0.270001 0.005193 0.132809 -0.080082 0.987888
1784010369.063426971 4.861813 -0.124172 -0.270151 0.005350 0.132823 -0.079949 0.987896
1784010369.067976952 4.866180 -0.124845 -0.270228 0.005585 0.132776 -0.079809 0.987912
1784010369.073462009 4.871446 -0.125650 -0.270290 0.005733 0.132494 -0.079665 0.987961
1784010369.077689886 4.875506 -0.126271 -0.270308 0.005874 0.132399 -0.079537 0.987983
1784010369.083479881 4.881074 -0.127109 -0.270296 0.006014 0.132483 -0.079333 0.987987
1784010369.087646961 4.885073 -0.127712 -0.270280 0.006064 0.132483 -0.079194 0.987998
1784010369.092818022 4.890038 -0.128464 -0.270253 0.006195 0.132350 -0.079019 0.988029
1784010369.097779036 4.894792 -0.129184 -0.270222 0.006291 0.132345 -0.078829 0.988044
1784010369.103497982 4.900271 -0.130010 -0.270208 0.006219 0.132302 -0.078645 0.988065
1784010369.107748032 4.904340 -0.130636 -0.270211 0.006236 0.132223 -0.078522 0.988085
1784010369.113647938 4.910006 -0.131511 -0.270211 0.006367 0.132455 -0.078342 0.988068
1784010369.117727041 4.913908 -0.132117 -0.270220 0.006392 0.132650 -0.078219 0.988051
1784010369.123053074 4.918995 -0.132905 -0.270246 0.006368 0.132396 -0.078083 0.988096
1784010369.123053074 4.918995 -0.132905 -0.270246 0.006368 0.132396 -0.078083 0.988096
1784010369.123419046 4.919349 -0.132957 -0.270247 0.006368 0.132380 -0.078074 0.988099
1784010369.127743959 4.923543 -0.133582 -0.270252 0.006396 0.132212 -0.077977 0.988129
1784010369.133460045 4.929096 -0.134408 -0.270244 0.006484 0.132382 -0.077846 0.988116
1784010369.137969971 4.933458 -0.135057 -0.270250 0.006495 0.132277 -0.077753 0.988137
1784010369.143260002 4.938572 -0.135807 -0.270274 0.006264 0.131822 -0.077715 0.988203
1784010369.147768974 4.942933 -0.136447 -0.270291 0.006144 0.131660 -0.077666 0.988229
1784010369.153424025 4.948419 -0.137249 -0.270310 0.006085 0.131685 -0.077581 0.988232
1784010369.157572985 4.952440 -0.137837 -0.270335 0.006004 0.131530 -0.077528 0.988258
1784010369.163429022 4.958129 -0.138660 -0.270363 0.005958 0.131427 -0.077426 0.988280
1784010369.167509079 4.962093 -0.139235 -0.270377 0.005910 0.131655 -0.077355 0.988255
1784010369.173481941 4.967904 -0.140064 -0.270403 0.005703 0.131929 -0.077268 0.988227
1784010369.177510977 4.971805 -0.140622 -0.270425 0.005552 0.131919 -0.077210 0.988233
1784010369.183425903 4.977535 -0.141444 -0.270442 0.005461 0.131915 -0.077086 0.988244
1784010369.187736988 4.981711 -0.142050 -0.270453 0.005424 0.131963 -0.076993 0.988245
1784010369.193213940 4.987023 -0.142823 -0.270461 0.005505 0.132050 -0.076846 0.988244
1784010369.198071003 4.991722 -0.143515 -0.270470 0.005686 0.132148 -0.076690 0.988242
1784010369.203273058 4.996758 -0.144265 -0.270491 0.005861 0.132201 -0.076533 0.988247
1784010369.207964897 5.001302 -0.144950 -0.270521 0.006013 0.132211 -0.076404 0.988254
1784010369.213489056 5.006644 -0.145760 -0.270573 0.006183 0.132247 -0.076256 0.988260
1784010369.217714071 5.010715 -0.146382 -0.270639 0.006190 0.132164 -0.076173 0.988277
1784010369.223318100 5.016137 -0.147206 -0.270752 0.006000 0.132041 -0.076134 0.988298
1784010369.223318100 5.016137 -0.147206 -0.270752 0.006000 0.132041 -0.076134 0.988298
1784010369.223532915 5.016348 -0.147236 -0.270756 0.005992 0.132037 -0.076133 0.988299
1784010369.227710962 5.020456 -0.147832 -0.270826 0.005968 0.132179 -0.076088 0.988283
1784010369.233436108 5.026090 -0.148651 -0.270923 0.006060 0.132404 -0.075975 0.988261
1784010369.237785101 5.030363 -0.149278 -0.271004 0.006154 0.132386 -0.075905 0.988268
1784010369.243422985 5.035917 -0.150090 -0.271079 0.006347 0.132489 -0.075801 0.988261
1784010369.247555971 5.039981 -0.150682 -0.271111 0.006446 0.132746 -0.075702 0.988234
1784010369.253432989 5.045749 -0.151512 -0.271135 0.006390 0.132810 -0.075598 0.988234
1784010369.257723093 5.049942 -0.152121 -0.271127 0.006394 0.132693 -0.075516 0.988256
1784010369.263438940 5.055542 -0.152932 -0.271065 0.006443 0.132866 -0.075372 0.988243
1784010369.267519951 5.059533 -0.153514 -0.271002 0.006480 0.133014 -0.075259 0.988231
1784010369.273502111 5.065387 -0.154367 -0.270901 0.006566 0.132869 -0.075096 0.988263
1784010369.277640104 5.069433 -0.154962 -0.270835 0.006581 0.132896 -0.074997 0.988267
1784010369.283499002 5.075168 -0.155806 -0.270762 0.006626 0.133139 -0.074854 0.988244
1784010369.287741899 5.079308 -0.156423 -0.270746 0.006660 0.133097 -0.074764 0.988257
1784010369.293466091 5.084902 -0.157250 -0.270781 0.006516 0.132934 -0.074701 0.988284
1784010369.297899961 5.089237 -0.157895 -0.270849 0.006461 0.132984 -0.074647 0.988282
1784010369.303205013 5.094436 -0.158668 -0.270984 0.006478 0.133072 -0.074565 0.988276
1784010369.307746887 5.098889 -0.159328 -0.271150 0.006355 0.133149 -0.074534 0.988269
1784010369.313477993 5.104512 -0.160155 -0.271389 0.006216 0.133322 -0.074503 0.988249
1784010369.317584038 5.108534 -0.160748 -0.271560 0.006096 0.133408 -0.074481 0.988240
1784010369.323326111 5.114165 -0.161567 -0.271748 0.005767 0.133370 -0.074483 0.988247
1784010369.323326111 5.114165 -0.161567 -0.271748 0.005767 0.133370 -0.074483 0.988247
1784010369.323440075 5.114279 -0.161582 -0.271750 0.005761 0.133370 -0.074484 0.988247
1784010369.327919960 5.118723 -0.162191 -0.271815 0.005599 0.133278 -0.074496 0.988259
1784010369.333343983 5.124090 -0.162921 -0.271802 0.005646 0.133038 -0.074441 0.988295
1784010369.337441921 5.128143 -0.163461 -0.271742 0.005595 0.132828 -0.074379 0.988328
1784010369.343461990 5.134116 -0.164227 -0.271602 0.005361 0.132810 -0.074272 0.988340
1784010369.347685099 5.138292 -0.164766 -0.271489 0.005372 0.132855 -0.074136 0.988344
1784010369.353418112 5.143974 -0.165486 -0.271362 0.005355 0.132789 -0.073944 0.988368
1784010369.357614994 5.148136 -0.166007 -0.271303 0.005223 0.132871 -0.073818 0.988367
1784010369.363528967 5.154009 -0.166730 -0.271279 0.005195 0.133073 -0.073587 0.988357
1784010369.367872000 5.158313 -0.167255 -0.271319 0.005105 0.133173 -0.073417 0.988357
1784010369.373452902 5.163866 -0.167923 -0.271427 0.004931 0.133440 -0.073237 0.988335
1784010369.377989054 5.168384 -0.168470 -0.271543 0.004962 0.133888 -0.073066 0.988287
1784010369.383151054 5.173517 -0.169085 -0.271698 0.004970 0.134240 -0.072898 0.988251
1784010369.387831926 5.178159 -0.169642 -0.271845 0.004974 0.134159 -0.072744 0.988274
1784010369.393448114 5.183728 -0.170309 -0.271985 0.005157 0.134045 -0.072536 0.988304
1784010369.397660017 5.187894 -0.170807 -0.272059 0.005257 0.134068 -0.072370 0.988312
1784010369.403243065 5.193419 -0.171454 -0.272126 0.005356 0.133881 -0.072135 0.988354
1784010369.407670975 5.197800 -0.171964 -0.272149 0.005467 0.133795 -0.071935 0.988380
1784010369.413299084 5.203380 -0.172605 -0.272136 0.005508 0.134016 -0.071672 0.988369
1784010369.417721033 5.207755 -0.173112 -0.272111 0.005603 0.134067 -0.071435 0.988378
1784010369.423233032 5.213204 -0.173742 -0.272078 0.005653 0.133863 -0.071150 0.988426
1784010369.423233032 5.213204 -0.173742 -0.272078 0.005653 0.133863 -0.071150 0.988426
1784010369.423445940 5.213417 -0.173764 -0.272076 0.005654 0.133855 -0.071137 0.988428
1784010369.427721977 5.217703 -0.174225 -0.272041 0.005657 0.133832 -0.070873 0.988450
1784010369.433511019 5.223524 -0.174848 -0.272011 0.005649 0.134000 -0.070519 0.988453
1784010369.437634945 5.227668 -0.175297 -0.272006 0.005636 0.134156 -0.070282 0.988449
1784010369.443427086 5.233492 -0.175930 -0.272004 0.005707 0.134419 -0.069940 0.988437
1784010369.447609901 5.237684 -0.176393 -0.272008 0.005796 0.134594 -0.069688 0.988430
1784010369.453381062 5.243468 -0.177029 -0.272016 0.005884 0.134624 -0.069354 0.988449
1784010369.457741022 5.247826 -0.177509 -0.272021 0.005943 0.134573 -0.069111 0.988473
1784010369.463344097 5.253426 -0.178112 -0.272023 0.005902 0.134537 -0.068822 0.988498
1784010369.467684031 5.257755 -0.178569 -0.272026 0.005752 0.134397 -0.068628 0.988531
1784010369.473459959 5.263521 -0.179167 -0.272025 0.005541 0.134126 -0.068372 0.988587
1784010369.477703094 5.267745 -0.179599 -0.272023 0.005397 0.133970 -0.068188 0.988622
1784010369.483314991 5.273335 -0.180152 -0.272025 0.005066 0.133686 -0.067932 0.988680
1784010369.487658978 5.277662 -0.180576 -0.272027 0.004894 0.133442 -0.067703 0.988729
1784010369.493330002 5.283332 -0.181120 -0.272025 0.004767 0.133538 -0.067360 0.988740
1784010369.497414112 5.287414 -0.181506 -0.272032 0.004646 0.133743 -0.067104 0.988731
1784010369.503457069 5.293461 -0.182060 -0.272051 0.004422 0.133869 -0.066700 0.988742
1784010369.507733107 5.297726 -0.182449 -0.272065 0.004334 0.133951 -0.066379 0.988753
1784010369.513480902 5.303465 -0.182965 -0.272075 0.004259 0.134099 -0.065915 0.988764
1784010369.517647028 5.307618 -0.183343 -0.272082 0.004251 0.134127 -0.065572 0.988783
1784010369.523015022 5.312973 -0.183829 -0.272078 0.004433 0.134186 -0.065082 0.988807
1784010369.523015022 5.312973 -0.183829 -0.272078 0.004433 0.134186 -0.065082 0.988807
1784010369.523296118 5.313258 -0.183853 -0.272077 0.004443 0.134189 -0.065056 0.988808
1784010369.527621984 5.317633 -0.184221 -0.272057 0.004585 0.134282 -0.064647 0.988821
1784010369.533488989 5.323571 -0.184712 -0.272045 0.004606 0.134213 -0.064128 0.988865
1784010369.538115025 5.328242 -0.185105 -0.272048 0.004697 0.134037 -0.063711 0.988915
1784010369.543109894 5.333285 -0.185522 -0.272067 0.004729 0.133948 -0.063271 0.988955
1784010369.547698021 5.337918 -0.185896 -0.272112 0.004541 0.133879 -0.062903 0.988989
1784010369.553437948 5.343726 -0.186362 -0.272186 0.004450 0.133751 -0.062436 0.989036
1784010369.557671070 5.348005 -0.186709 -0.272243 0.004530 0.133830 -0.062055 0.989049
1784010369.563462019 5.353864 -0.187171 -0.272313 0.004587 0.133974 -0.061514 0.989063
1784010369.567651987 5.358089 -0.187506 -0.272352 0.004665 0.133898 -0.061126 0.989097
1784010369.573446035 5.363943 -0.187952 -0.272360 0.004696 0.133829 -0.060583 0.989140
1784010369.577666044 5.368197 -0.188265 -0.272331 0.004563 0.133887 -0.060203 0.989156
1784010369.583230972 5.373807 -0.188674 -0.272257 0.004477 0.133760 -0.059673 0.989205
1784010369.587773085 5.378379 -0.189011 -0.272172 0.004486 0.133684 -0.059233 0.989242
1784010369.593430042 5.384082 -0.189425 -0.272047 0.004449 0.133842 -0.058673 0.989254
1784010369.597419024 5.388095 -0.189720 -0.271960 0.004485 0.133891 -0.058263 0.989272
1784010369.603416920 5.394136 -0.190166 -0.271844 0.004534 0.133847 -0.057661 0.989313
1784010369.607680082 5.398420 -0.190489 -0.271781 0.004618 0.133882 -0.057232 0.989333
1784010369.613502979 5.404277 -0.190922 -0.271734 0.004639 0.133890 -0.056659 0.989364
1784010369.617660046 5.408453 -0.191232 -0.271739 0.004579 0.133796 -0.056276 0.989399
1784010369.623269081 5.414094 -0.191652 -0.271788 0.004626 0.133669 -0.055760 0.989445
1784010369.623269081 5.414094 -0.191652 -0.271788 0.004626 0.133669 -0.055760 0.989445
1784010369.623441935 5.414271 -0.191664 -0.271790 0.004628 0.133666 -0.055744 0.989447
1784010369.627638102 5.418549 -0.191951 -0.271856 0.004625 0.133643 -0.055356 0.989472
1784010369.633496046 5.424536 -0.192329 -0.272007 0.004331 0.133577 -0.054867 0.989509
1784010369.637896061 5.429032 -0.192603 -0.272149 0.004008 0.133566 -0.054528 0.989531
1784010369.643421888 5.434680 -0.192930 -0.272320 0.003509 0.133642 -0.054110 0.989545
1784010369.647798061 5.439140 -0.193184 -0.272433 0.003092 0.133560 -0.053791 0.989575
1784010369.653623104 5.445077 -0.193520 -0.272504 0.002868 0.133272 -0.053310 0.989641
1784010369.657675982 5.449198 -0.193755 -0.272496 0.002846 0.133152 -0.052936 0.989677
1784010369.663501978 5.455131 -0.194078 -0.272422 0.002821 0.133033 -0.052371 0.989723
1784010369.667803049 5.459506 -0.194313 -0.272340 0.002839 0.132934 -0.051933 0.989759
1784010369.673453093 5.465264 -0.194613 -0.272219 0.002753 0.133035 -0.051371 0.989775
1784010369.677522898 5.469405 -0.194829 -0.272141 0.002684 0.133156 -0.050974 0.989780
1784010369.683418989 5.475413 -0.195144 -0.272072 0.002461 0.133229 -0.050443 0.989798
1784010369.687782049 5.479850 -0.195383 -0.272065 0.002337 0.133249 -0.050060 0.989815
1784010369.693434000 5.485608 -0.195692 -0.272104 0.002228 0.133399 -0.049568 0.989820
1784010369.697386026 5.489638 -0.195913 -0.272166 0.002211 0.133647 -0.049230 0.989803
1784010369.703207016 5.495591 -0.196231 -0.272296 0.002217 0.134191 -0.048739 0.989754
1784010369.707917929 5.500393 -0.196482 -0.272428 0.002149 0.134543 -0.048359 0.989725
1784010369.713291883 5.505858 -0.196764 -0.272593 0.002085 0.134615 -0.047926 0.989736
1784010369.717700958 5.510330 -0.197001 -0.272719 0.002133 0.134557 -0.047561 0.989762
1784010369.723316193 5.516018 -0.197296 -0.272839 0.002293 0.134458 -0.047065 0.989798
1784010369.723316193 5.516018 -0.197296 -0.272839 0.002293 0.134458 -0.047065 0.989798
1784010369.723411083 5.516116 -0.197300 -0.272840 0.002295 0.134456 -0.047057 0.989799
1784010369.727900982 5.520712 -0.197510 -0.272889 0.002372 0.134212 -0.046650 0.989851
1784010369.733458996 5.526416 -0.197758 -0.272902 0.002455 0.133919 -0.046127 0.989915
1784010369.737910986 5.530987 -0.197951 -0.272875 0.002499 0.133904 -0.045686 0.989937
1784010369.743247032 5.536464 -0.198179 -0.272818 0.002592 0.133926 -0.045130 0.989960
1784010369.747673988 5.540999 -0.198370 -0.272773 0.002650 0.133812 -0.044690 0.989995
1784010369.753487110 5.546963 -0.198612 -0.272722 0.002622 0.133754 -0.044100 0.990029
1784010369.757600069 5.551181 -0.198781 -0.272700 0.002562 0.133843 -0.043690 0.990036
1784010369.763437033 5.557181 -0.199018 -0.272696 0.002481 0.134018 -0.043120 0.990037
1784010369.767977953 5.561846 -0.199207 -0.272708 0.002527 0.134245 -0.042664 0.990026
1784010369.773343086 5.567354 -0.199429 -0.272722 0.002699 0.134580 -0.042098 0.990004
1784010369.777458906 5.571569 -0.199593 -0.272739 0.002713 0.134673 -0.041689 0.990009
1784010369.783415079 5.577667 -0.199822 -0.272755 0.002589 0.134547 -0.041136 0.990050
1784010369.787802935 5.582144 -0.199990 -0.272751 0.002572 0.134450 -0.040737 0.990079
1784010369.793277025 5.587727 -0.200183 -0.272741 0.002377 0.134237 -0.040263 0.990128
1784010369.797497034 5.592024 -0.200319 -0.272736 0.002071 0.133928 -0.039940 0.990184
1784010369.803061008 5.597688 -0.200489 -0.272719 0.001769 0.133480 -0.039515 0.990262
1784010369.807553053 5.602256 -0.200620 -0.272708 0.001571 0.133212 -0.039141 0.990313
1784010369.813422918 5.608244 -0.200780 -0.272712 0.001254 0.132916 -0.038647 0.990373
1784010369.817610025 5.612517 -0.200894 -0.272729 0.001125 0.132896 -0.038276 0.990390
1784010369.823224068 5.618261 -0.201043 -0.272766 0.001013 0.133141 -0.037751 0.990377
1784010369.823224068 5.618261 -0.201043 -0.272766 0.001013 0.133141 -0.037751 0.990377
1784010369.823440075 5.618484 -0.201048 -0.272767 0.001009 0.133150 -0.037731 0.990377
1784010369.828069925 5.623273 -0.201152 -0.272801 0.000802 0.133381 -0.037315 0.990362
1784010369.833422899 5.628811 -0.201268 -0.272841 0.000578 0.133611 -0.036820 0.990349
1784010369.837708950 5.633236 -0.201368 -0.272865 0.000563 0.133828 -0.036390 0.990336
1784010369.843408108 5.639119 -0.201502 -0.272888 0.000603 0.133988 -0.035791 0.990336
1784010369.847843885 5.643692 -0.201608 -0.272902 0.000626 0.134023 -0.035333 0.990348
1784010369.853286982 5.649301 -0.201740 -0.272902 0.000686 0.134089 -0.034753 0.990359
1784010369.857656956 5.653796 -0.201851 -0.272899 0.000715 0.134098 -0.034312 0.990374
1784010369.863468885 5.659779 -0.202008 -0.272902 0.000608 0.133983 -0.033794 0.990407
1784010369.868074894 5.664513 -0.202144 -0.272913 0.000502 0.133897 -0.033435 0.990431
1784010369.873400927 5.669986 -0.202311 -0.272937 0.000381 0.133813 -0.033036 0.990456
1784010369.878036022 5.674756 -0.202470 -0.272977 0.000270 0.133729 -0.032728 0.990477
1784010369.883270025 5.680156 -0.202661 -0.273024 0.000216 0.133862 -0.032409 0.990470
1784010369.887806892 5.684833 -0.202834 -0.273062 0.000172 0.134079 -0.032150 0.990449
1784010369.893313885 5.690507 -0.203044 -0.273105 -0.000006 0.134121 -0.031874 0.990452
1784010369.897501945 5.694815 -0.203202 -0.273137 -0.000138 0.134155 -0.031666 0.990454
1784010369.902889013 5.700354 -0.203406 -0.273155 -0.000244 0.134211 -0.031371 0.990456
1784010369.907794952 5.705389 -0.203594 -0.273151 -0.000304 0.134174 -0.031090 0.990470
1784010369.913362980 5.711107 -0.203811 -0.273123 -0.000329 0.134129 -0.030769 0.990486
1784010369.917711973 5.715568 -0.203987 -0.273084 -0.000236 0.134290 -0.030484 0.990473
1784010369.922971010 5.720959 -0.204204 -0.273032 -0.000092 0.134493 -0.030119 0.990457
1784010369.922971010 5.720959 -0.204204 -0.273032 -0.000092 0.134493 -0.030119 0.990457
1784010369.923044920 5.721036 -0.204206 -0.273030 -0.000090 0.134495 -0.030114 0.990457
1784010369.927493095 5.725617 -0.204374 -0.272968 0.000042 0.134650 -0.029815 0.990445
1784010369.933444977 5.731741 -0.204605 -0.272883 0.000174 0.134595 -0.029440 0.990463
1784010369.937844038 5.736262 -0.204783 -0.272835 0.000292 0.134577 -0.029166 0.990474
1784010369.943427086 5.742007 -0.205008 -0.272816 0.000285 0.134422 -0.028854 0.990504
1784010369.947673082 5.746380 -0.205180 -0.272844 0.000280 0.134310 -0.028616 0.990526
1784010369.953386068 5.752269 -0.205405 -0.272925 0.000304 0.134289 -0.028344 0.990537
1784010369.957607985 5.756616 -0.205568 -0.273018 0.000323 0.134279 -0.028142 0.990544
1784010369.963252068 5.762428 -0.205776 -0.273154 -0.000219 0.134080 -0.028000 0.990575
1784010369.967405081 5.766703 -0.205929 -0.273256 -0.000617 0.133940 -0.027896 0.990597
1784010369.973398924 5.772879 -0.206136 -0.273391 -0.001066 0.133824 -0.027736 0.990616
1784010369.977677107 5.777287 -0.206277 -0.273482 -0.001386 0.133749 -0.027622 0.990629
1784010369.983405113 5.783186 -0.206461 -0.273567 -0.001530 0.133663 -0.027416 0.990646
1784010369.987740993 5.787639 -0.206606 -0.273594 -0.001638 0.133603 -0.027260 0.990659
1784010369.993441105 5.793494 -0.206792 -0.273590 -0.001640 0.133400 -0.027001 0.990693
1784010369.997476101 5.797642 -0.206922 -0.273574 -0.001639 0.133262 -0.026817 0.990717
1784010370.003165007 5.803493 -0.207097 -0.273544 -0.001692 0.133346 -0.026539 0.990713
1784010370.007679939 5.808128 -0.207238 -0.273531 -0.001732 0.133418 -0.026318 0.990709
1784010370.013269901 5.813869 -0.207417 -0.273525 -0.001940 0.133360 -0.026126 0.990721
1784010370.017786026 5.818514 -0.207577 -0.273534 -0.002106 0.133318 -0.025971 0.990731
1784010370.023183107 5.824068 -0.207771 -0.273578 -0.002123 0.133512 -0.025790 0.990709
1784010370.023223162 5.824110 -0.207772 -0.273579 -0.002123 0.133513 -0.025788 0.990709
1784010370.023223162 5.824110 -0.207772 -0.273579 -0.002123 0.133513 -0.025788 0.990709
1784010370.027488947 5.828508 -0.207891 -0.273644 -0.002125 0.133695 -0.025637 0.990689
1784010370.033448935 5.834653 -0.208050 -0.273766 -0.002140 0.134006 -0.025426 0.990652
1784010370.038239002 5.839587 -0.208180 -0.273879 -0.002109 0.134255 -0.025252 0.990623
1784010370.043204069 5.844700 -0.208311 -0.274007 -0.002142 0.134269 -0.025089 0.990625
1784010370.047678947 5.849308 -0.208429 -0.274130 -0.002171 0.134281 -0.024943 0.990627
1784010370.053493977 5.855286 -0.208578 -0.274275 -0.002095 0.134152 -0.024698 0.990651
1784010370.057725906 5.859622 -0.208691 -0.274360 -0.002041 0.134059 -0.024521 0.990668
1784010370.063442945 5.865479 -0.208835 -0.274431 -0.001948 0.133731 -0.024243 0.990719
1784010370.067429066 5.869569 -0.208935 -0.274448 -0.001884 0.133502 -0.024051 0.990755
1784010370.073296070 5.875593 -0.209072 -0.274456 -0.001736 0.133573 -0.023710 0.990754
1784010370.077832937 5.880247 -0.209176 -0.274471 -0.001623 0.133628 -0.023447 0.990753
1784010370.083384037 5.885941 -0.209303 -0.274495 -0.001613 0.133721 -0.023142 0.990747
1784010370.087652922 5.890320 -0.209411 -0.274518 -0.001607 0.133793 -0.022910 0.990743
1784010370.093367100 5.896181 -0.209555 -0.274565 -0.001566 0.133997 -0.022612 0.990722
1784010370.097660065 5.900580 -0.209668 -0.274620 -0.001536 0.134151 -0.022390 0.990707
1784010370.102735996 5.905778 -0.209803 -0.274692 -0.001415 0.134435 -0.022117 0.990675
1784010370.107822895 5.910982 -0.209940 -0.274760 -0.001292 0.134768 -0.021843 0.990636
1784010370.113450050 5.916726 -0.210090 -0.274816 -0.001353 0.134602 -0.021616 0.990663
1784010370.117655993 5.921006 -0.210207 -0.274837 -0.001400 0.134478 -0.021447 0.990683
1784010370.122961998 5.926399 -0.210340 -0.274854 -0.001566 0.134081 -0.021254 0.990741
1784010370.122961998 5.926399 -0.210340 -0.274854 -0.001566 0.134081 -0.021254 0.990741
1784010370.123456955 5.926904 -0.210349 -0.274855 -0.001582 0.134043 -0.021236 0.990747
1784010370.127890110 5.931431 -0.210414 -0.274864 -0.001731 0.133701 -0.021079 0.990796
1784010370.133450985 5.937106 -0.210485 -0.274879 -0.001983 0.133327 -0.020904 0.990850
1784010370.137612104 5.941344 -0.210547 -0.274891 -0.002170 0.133049 -0.020774 0.990889
1784010370.143423080 5.947264 -0.210625 -0.274926 -0.002295 0.132750 -0.020554 0.990934
1784010370.147808075 5.951735 -0.210681 -0.274979 -0.002535 0.132585 -0.020414 0.990958
1784010370.153284073 5.957332 -0.210751 -0.275057 -0.002658 0.132547 -0.020203 0.990967
1784010370.157664061 5.961821 -0.210814 -0.275126 -0.002654 0.132762 -0.020007 0.990942
1784010370.163552999 5.967872 -0.210889 -0.275235 -0.002837 0.133212 -0.019776 0.990886
1784010370.167462111 5.971883 -0.210942 -0.275312 -0.002887 0.133473 -0.019615 0.990854
1784010370.173418045 5.977983 -0.211028 -0.275411 -0.002805 0.133688 -0.019331 0.990831
1784010370.177531958 5.982189 -0.211094 -0.275472 -0.002833 0.133736 -0.019151 0.990828
1784010370.183423996 5.988210 -0.211192 -0.275540 -0.002725 0.133696 -0.018874 0.990839
1784010370.187925100 5.992799 -0.211269 -0.275581 -0.002618 0.133637 -0.018647 0.990851
1784010370.193310976 5.998290 -0.211350 -0.275637 -0.002719 0.133543 -0.018411 0.990868
1784010370.197633982 6.002700 -0.211421 -0.275684 -0.002729 0.133504 -0.018220 0.990877
1784010370.203038931 6.008208 -0.211508 -0.275739 -0.002559 0.133487 -0.017941 0.990885
1784010370.207756042 6.013012 -0.211577 -0.275802 -0.002601 0.133410 -0.017726 0.990899
1784010370.213305950 6.018671 -0.211649 -0.275887 -0.002760 0.133343 -0.017496 0.990912
1784010370.217755079 6.023209 -0.211704 -0.275954 -0.002891 0.133455 -0.017311 0.990899
1784010370.223263979 6.028823 -0.211758 -0.276036 -0.003222 0.133571 -0.017113 0.990886
1784010370.223287106 6.028847 -0.211758 -0.276036 -0.003223 0.133570 -0.017113 0.990886
1784010370.223287106 6.028847 -0.211758 -0.276036 -0.003223 0.133570 -0.017113 0.990886
1784010370.227675915 6.033335 -0.211784 -0.276078 -0.003437 0.133488 -0.016940 0.990900
1784010370.233470917 6.039264 -0.211817 -0.276103 -0.003574 0.133465 -0.016678 0.990907
1784010370.237849951 6.043735 -0.211840 -0.276105 -0.003665 0.133492 -0.016459 0.990906
1784010370.243076086 6.049069 -0.211868 -0.276099 -0.003705 0.133334 -0.016190 0.990932
1784010370.247648001 6.053741 -0.211901 -0.276083 -0.003668 0.133326 -0.015954 0.990937
1784010370.253427029 6.059647 -0.211955 -0.276047 -0.003457 0.133582 -0.015588 0.990909
1784010370.257520914 6.063821 -0.212000 -0.276029 -0.003300 0.133635 -0.015335 0.990906
1784010370.263381004 6.069794 -0.212067 -0.276017 -0.003277 0.133498 -0.015022 0.990930
1784010370.267659903 6.074155 -0.212127 -0.276010 -0.003124 0.133510 -0.014761 0.990933
1784010370.273412943 6.080018 -0.212211 -0.276017 -0.002822 0.133570 -0.014383 0.990931
1784010370.277556896 6.084237 -0.212267 -0.276052 -0.002830 0.133477 -0.014172 0.990947
1784010370.283440113 6.090231 -0.212341 -0.276121 -0.002935 0.133366 -0.013900 0.990965
1784010370.287457943 6.094321 -0.212391 -0.276176 -0.003037 0.133372 -0.013715 0.990966
1784010370.293457031 6.100426 -0.212441 -0.276280 -0.003474 0.133152 -0.013484 0.990998
1784010370.297637939 6.104675 -0.212466 -0.276362 -0.003884 0.132914 -0.013366 0.991030
1784010370.303380966 6.110515 -0.212498 -0.276459 -0.004159 0.132787 -0.013147 0.991049
1784010370.308021069 6.115239 -0.212516 -0.276539 -0.004396 0.132789 -0.012961 0.991050
1784010370.313209057 6.120526 -0.212528 -0.276629 -0.004725 0.132768 -0.012773 0.991054
1784010370.317666054 6.125063 -0.212546 -0.276691 -0.004705 0.132747 -0.012549 0.991059
1784010370.322940111 6.130430 -0.212566 -0.276744 -0.004662 0.132777 -0.012272 0.991059
1784010370.322940111 6.130430 -0.212566 -0.276744 -0.004662 0.132777 -0.012272 0.991059
1784010370.323263884 6.130761 -0.212566 -0.276746 -0.004660 0.132780 -0.012257 0.991059
1784010370.327517033 6.135110 -0.212567 -0.276756 -0.004745 0.132750 -0.012093 0.991064
1784010370.333406925 6.141127 -0.212565 -0.276742 -0.004729 0.132620 -0.011826 0.991085
1784010370.337888956 6.145702 -0.212563 -0.276724 -0.004852 0.132654 -0.011656 0.991082
1784010370.342994928 6.150920 -0.212562 -0.276711 -0.005025 0.132740 -0.011495 0.991071
1784010370.347635031 6.155662 -0.212569 -0.276709 -0.005074 0.132846 -0.011345 0.991059
1784010370.353396893 6.161550 -0.212580 -0.276730 -0.005155 0.133027 -0.011190 0.991036
1784010370.357749939 6.165997 -0.212591 -0.276775 -0.005245 0.133106 -0.011087 0.991026
1784010370.363231897 6.171599 -0.212602 -0.276859 -0.005304 0.133207 -0.010956 0.991013
1784010370.367649078 6.176108 -0.212609 -0.276949 -0.005362 0.133366 -0.010854 0.990993
1784010370.373341084 6.181926 -0.212612 -0.277082 -0.005433 0.133498 -0.010720 0.990976
1784010370.377722979 6.186407 -0.212614 -0.277191 -0.005492 0.133605 -0.010614 0.990963
1784010370.383409023 6.192202 -0.212615 -0.277308 -0.005538 0.133595 -0.010468 0.990965
1784010370.387571096 6.196419 -0.212620 -0.277372 -0.005442 0.133301 -0.010312 0.991007
1784010370.393373013 6.202309 -0.212622 -0.277416 -0.005417 0.132766 -0.010118 0.991081
1784010370.397658110 6.206668 -0.212623 -0.277416 -0.005361 0.132692 -0.009939 0.991093
1784010370.404223919 6.213335 -0.212613 -0.277377 -0.005198 0.132690 -0.009614 0.991097
1784010370.407824039 6.216981 -0.212605 -0.277359 -0.005282 0.132602 -0.009465 0.991110
1784010370.413255930 6.222496 -0.212598 -0.277315 -0.005420 0.132603 -0.009265 0.991111
1784010370.417637110 6.226944 -0.212606 -0.277269 -0.005292 0.132802 -0.009046 0.991087
1784010370.422933102 6.232313 -0.212616 -0.277234 -0.005165 0.132878 -0.008793 0.991080
1784010370.422933102 6.232313 -0.212616 -0.277234 -0.005165 0.132878 -0.008793 0.991080
1784010370.423424006 6.232813 -0.212615 -0.277232 -0.005152 0.132887 -0.008767 0.991079
1784010370.427515030 6.236981 -0.212598 -0.277213 -0.005214 0.132907 -0.008587 0.991078
1784010370.433393955 6.242978 -0.212577 -0.277177 -0.005176 0.133235 -0.008304 0.991036
1784010370.438010931 6.247678 -0.212567 -0.277147 -0.005108 0.133458 -0.008083 0.991008
1784010370.443319082 6.253070 -0.212552 -0.277122 -0.005188 0.133304 -0.007889 0.991030
1784010370.447535992 6.257342 -0.212541 -0.277098 -0.005253 0.133072 -0.007749 0.991062
1784010370.453455925 6.263330 -0.212513 -0.277048 -0.005372 0.132729 -0.007545 0.991109
1784010370.457633018 6.267548 -0.212487 -0.277017 -0.005556 0.132376 -0.007421 0.991156
1784010370.463433027 6.273408 -0.212441 -0.276977 -0.005824 0.131845 -0.007273 0.991227
1784010370.467524052 6.277535 -0.212408 -0.276951 -0.005952 0.131624 -0.007148 0.991256
1784010370.473376036 6.283449 -0.212347 -0.276943 -0.006212 0.131381 -0.006963 0.991288
1784010370.477552891 6.287674 -0.212303 -0.276958 -0.006398 0.131234 -0.006834 0.991307
1784010370.483361959 6.293564 -0.212249 -0.276981 -0.006382 0.131283 -0.006576 0.991303
1784010370.487860918 6.298133 -0.212214 -0.277007 -0.006350 0.131575 -0.006384 0.991265
1784010370.492963076 6.303322 -0.212172 -0.277046 -0.006358 0.131971 -0.006167 0.991214
1784010370.497662067 6.308090 -0.212134 -0.277084 -0.006373 0.132242 -0.005962 0.991179
1784010370.503326893 6.313826 -0.212090 -0.277120 -0.006459 0.132410 -0.005729 0.991157
1784010370.507700920 6.318245 -0.212067 -0.277141 -0.006423 0.132347 -0.005544 0.991167
1784010370.513473034 6.324071 -0.212035 -0.277148 -0.006271 0.132203 -0.005283 0.991189
1784010370.517844915 6.328476 -0.212004 -0.277149 -0.006332 0.132146 -0.005102 0.991197
1784010370.522983074 6.333656 -0.211966 -0.277150 -0.006409 0.132048 -0.004897 0.991210
1784010370.522983074 6.333656 -0.211966 -0.277150 -0.006409 0.132048 -0.004897 0.991210
1784010370.523310900 6.333988 -0.211962 -0.277150 -0.006414 0.132041 -0.004884 0.991211
1784010370.527554035 6.338291 -0.211919 -0.277136 -0.006331 0.131998 -0.004696 0.991219
1784010370.533397913 6.344208 -0.211846 -0.277121 -0.006305 0.131998 -0.004415 0.991220
1784010370.537720919 6.348572 -0.211786 -0.277123 -0.006377 0.131898 -0.004228 0.991234
1784010370.543225050 6.354134 -0.211702 -0.277129 -0.006476 0.131737 -0.004003 0.991256
1784010370.547804117 6.358766 -0.211624 -0.277129 -0.006710 0.131830 -0.003846 0.991242
1784010370.553272963 6.364295 -0.211525 -0.277120 -0.007016 0.131873 -0.003650 0.991235
1784010370.557612896 6.368679 -0.211451 -0.277108 -0.007117 0.131730 -0.003479 0.991254
1784010370.563399076 6.374526 -0.211343 -0.277077 -0.007281 0.131695 -0.003253 0.991258
1784010370.567632914 6.378797 -0.211265 -0.277045 -0.007360 0.131708 -0.003065 0.991256
1784010370.573412895 6.384630 -0.211161 -0.276998 -0.007338 0.131532 -0.002795 0.991281
1784010370.577639103 6.388898 -0.211094 -0.276960 -0.007307 0.131517 -0.002597 0.991284
1784010370.583368063 6.394680 -0.211012 -0.276899 -0.007037 0.131660 -0.002254 0.991267
1784010370.587646961 6.398990 -0.210956 -0.276863 -0.006932 0.131640 -0.002024 0.991271
1784010370.593425035 6.404816 -0.210887 -0.276822 -0.006867 0.131516 -0.001733 0.991289
1784010370.597546101 6.408970 -0.210852 -0.276789 -0.006644 0.131555 -0.001495 0.991285
1784010370.603354931 6.414822 -0.210797 -0.276762 -0.006452 0.131584 -0.001189 0.991283
1784010370.607439995 6.418933 -0.210749 -0.276767 -0.006582 0.131435 -0.001030 0.991302
1784010370.613410950 6.424941 -0.210672 -0.276772 -0.006854 0.131243 -0.000821 0.991326
1784010370.617731094 6.429280 -0.210613 -0.276771 -0.007038 0.131121 -0.000668 0.991341
1784010370.623011112 6.434584 -0.210526 -0.276783 -0.007485 0.130808 -0.000528 0.991379
1784010370.623011112 6.434584 -0.210526 -0.276783 -0.007485 0.130808 -0.000528 0.991379
1784010370.623358011 6.434934 -0.210518 -0.276784 -0.007515 0.130788 -0.000521 0.991382
1784010370.627675056 6.439295 -0.210420 -0.276792 -0.007822 0.130557 -0.000436 0.991410
1784010370.633392096 6.445073 -0.210283 -0.276808 -0.008026 0.130491 -0.000259 0.991417
1784010370.637732983 6.449465 -0.210171 -0.276843 -0.008270 0.130465 -0.000124 0.991418
1784010370.643418074 6.455227 -0.210021 -0.276897 -0.008536 0.130471 0.000059 0.991415
1784010370.647798061 6.459660 -0.209917 -0.276930 -0.008505 0.130537 0.000246 0.991407
1784010370.653254986 6.465180 -0.209782 -0.276961 -0.008503 0.130541 0.000476 0.991406
1784010370.657599926 6.469567 -0.209672 -0.276973 -0.008622 0.130385 0.000627 0.991426
1784010370.663518906 6.475537 -0.209521 -0.276956 -0.008613 0.130251 0.000882 0.991443
1784010370.667609930 6.479662 -0.209419 -0.276931 -0.008691 0.130295 0.001029 0.991437
1784010370.673398972 6.485510 -0.209275 -0.276894 -0.008788 0.130420 0.001213 0.991419
1784010370.677649021 6.489798 -0.209177 -0.276873 -0.008774 0.130533 0.001357 0.991404
1784010370.683402061 6.495595 -0.209040 -0.276867 -0.008880 0.130670 0.001510 0.991385
1784010370.687619925 6.499842 -0.208943 -0.276888 -0.008958 0.130641 0.001609 0.991388
1784010370.693377018 6.505648 -0.208812 -0.276936 -0.008920 0.130690 0.001759 0.991382
1784010370.697469950 6.509776 -0.208718 -0.276984 -0.008965 0.130861 0.001848 0.991358
1784010370.703336954 6.515701 -0.208575 -0.277078 -0.009085 0.130959 0.001968 0.991344
1784010370.707390070 6.519790 -0.208479 -0.277154 -0.009135 0.130942 0.002051 0.991346
1784010370.713088989 6.525524 -0.208339 -0.277246 -0.009205 0.130879 0.002194 0.991353
1784010370.717652082 6.530099 -0.208234 -0.277301 -0.009115 0.130572 0.002354 0.991394
1784010370.722911119 6.535382 -0.208113 -0.277336 -0.008981 0.130202 0.002545 0.991444
1784010370.722911119 6.535382 -0.208113 -0.277336 -0.008981 0.130202 0.002545 0.991444
1784010370.723361015 6.535837 -0.208100 -0.277336 -0.008970 0.130171 0.002563 0.991448
1784010370.727654934 6.540181 -0.207975 -0.277323 -0.008865 0.130179 0.002761 0.991447
1784010370.733395100 6.545978 -0.207796 -0.277285 -0.008781 0.130305 0.003066 0.991430
1784010370.737662077 6.550284 -0.207664 -0.277255 -0.008808 0.130258 0.003263 0.991436
1784010370.743410110 6.556103 -0.207490 -0.277188 -0.008797 0.130445 0.003531 0.991410
1784010370.747675896 6.560418 -0.207372 -0.277124 -0.008641 0.130726 0.003762 0.991374
1784010370.753448963 6.566245 -0.207208 -0.277061 -0.008548 0.130783 0.004040 0.991366
1784010370.757575989 6.570406 -0.207090 -0.277034 -0.008600 0.130784 0.004197 0.991365
1784010370.763351917 6.576240 -0.206930 -0.276982 -0.008518 0.131139 0.004443 0.991317
1784010370.767597914 6.580523 -0.206817 -0.276944 -0.008458 0.131353 0.004607 0.991289
1784010370.773325920 6.586289 -0.206658 -0.276906 -0.008555 0.131166 0.004771 0.991312
1784010370.777760029 6.590735 -0.206534 -0.276877 -0.008629 0.130927 0.004890 0.991342
1784010370.783401966 6.596387 -0.206369 -0.276833 -0.008713 0.130638 0.005064 0.991379
1784010370.787415981 6.600409 -0.206246 -0.276811 -0.008849 0.130349 0.005164 0.991415
1784010370.793361902 6.606370 -0.206050 -0.276790 -0.009152 0.129980 0.005273 0.991460
1784010370.797703981 6.610714 -0.205907 -0.276787 -0.009291 0.129833 0.005379 0.991478
1784010370.803354025 6.616373 -0.205714 -0.276812 -0.009456 0.129585 0.005542 0.991508
1784010370.808362007 6.621400 -0.205541 -0.276859 -0.009627 0.129512 0.005678 0.991515
1784010370.813437939 6.626506 -0.205375 -0.276908 -0.009534 0.129783 0.005882 0.991479
1784010370.817718029 6.630814 -0.205242 -0.276953 -0.009419 0.130164 0.006054 0.991429
1784010370.823042154 6.636172 -0.205070 -0.277016 -0.009390 0.130541 0.006256 0.991379
1784010370.823042154 6.636172 -0.205070 -0.277016 -0.009390 0.130541 0.006256 0.991379
1784010370.823214054 6.636346 -0.205064 -0.277018 -0.009389 0.130553 0.006262 0.991377
1784010370.827651978 6.640829 -0.204901 -0.277054 -0.009389 0.130801 0.006422 0.991343
1784010370.833399057 6.646629 -0.204697 -0.277082 -0.009330 0.131025 0.006632 0.991313
1784010370.837935925 6.651203 -0.204542 -0.277099 -0.009301 0.131013 0.006787 0.991314
1784010370.843514919 6.656827 -0.204346 -0.277114 -0.009353 0.131002 0.006948 0.991314
1784010370.847649097 6.660985 -0.204199 -0.277123 -0.009414 0.131049 0.007077 0.991306
1784010370.853209972 6.666583 -0.204001 -0.277141 -0.009321 0.131020 0.007296 0.991309
1784010370.857620955 6.671029 -0.203842 -0.277156 -0.009272 0.131101 0.007459 0.991298
1784010370.863369942 6.676819 -0.203622 -0.277168 -0.009304 0.131373 0.007672 0.991260
1784010370.867532969 6.681000 -0.203459 -0.277180 -0.009330 0.131401 0.007831 0.991254
1784010370.873387098 6.686888 -0.203214 -0.277198 -0.009594 0.131348 0.008015 0.991257
1784010370.877928019 6.691453 -0.203019 -0.277208 -0.009804 0.131434 0.008149 0.991243
1784010370.883256912 6.696805 -0.202788 -0.277222 -0.009951 0.131466 0.008346 0.991236
1784010370.887582064 6.701150 -0.202599 -0.277245 -0.010095 0.131428 0.008489 0.991238
1784010370.893362045 6.706966 -0.202343 -0.277271 -0.010255 0.131639 0.008688 0.991207
1784010370.897718906 6.711345 -0.202155 -0.277289 -0.010238 0.131824 0.008880 0.991181
1784010370.903176069 6.716827 -0.201921 -0.277320 -0.010221 0.131815 0.009110 0.991180
1784010370.907309055 6.720978 -0.201751 -0.277343 -0.010190 0.131863 0.009283 0.991172
1784010370.913160086 6.726854 -0.201526 -0.277356 -0.009889 0.132172 0.009592 0.991131
1784010370.917560101 6.731263 -0.201367 -0.277367 -0.009688 0.132312 0.009816 0.991112
1784010370.923045158 6.736766 -0.201172 -0.277378 -0.009533 0.132380 0.010069 0.991102
1784010370.923045158 6.736766 -0.201172 -0.277378 -0.009533 0.132380 0.010069 0.991102
1784010370.923351049 6.737074 -0.201160 -0.277377 -0.009524 0.132384 0.010083 0.991101
1784010370.927561045 6.741324 -0.201002 -0.277358 -0.009324 0.132565 0.010278 0.991077
1784010370.933330059 6.747136 -0.200780 -0.277334 -0.009128 0.132728 0.010528 0.991055
1784010370.937994957 6.751825 -0.200588 -0.277330 -0.009326 0.132561 0.010659 0.991074
1784010370.943310976 6.757167 -0.200358 -0.277318 -0.009679 0.132365 0.010765 0.991095
1784010370.947751045 6.761625 -0.200164 -0.277298 -0.009880 0.132321 0.010873 0.991098
1784010370.953352928 6.767254 -0.199902 -0.277292 -0.010246 0.132155 0.010992 0.991115
1784010370.957644939 6.771566 -0.199693 -0.277309 -0.010543 0.132032 0.011065 0.991128
1784010370.963359118 6.777310 -0.199410 -0.277354 -0.010724 0.132095 0.011242 0.991115
1784010370.967561007 6.781538 -0.199196 -0.277418 -0.010904 0.132189 0.011363 0.991099
1784010370.973329067 6.787360 -0.198896 -0.277532 -0.011246 0.132346 0.011509 0.991073
1784010370.977720976 6.791791 -0.198678 -0.277619 -0.011233 0.132532 0.011667 0.991046
1784010370.983350992 6.797461 -0.198394 -0.277722 -0.011209 0.132673 0.011888 0.991025
1784010370.987734079 6.801866 -0.198169 -0.277796 -0.011368 0.132602 0.012018 0.991031
1784010370.993383884 6.807548 -0.197884 -0.277843 -0.011335 0.132620 0.012228 0.991027
1784010370.997648001 6.811835 -0.197672 -0.277850 -0.011301 0.132847 0.012387 0.990995
1784010371.003210068 6.817433 -0.197394 -0.277852 -0.011379 0.133052 0.012541 0.990964
1784010371.007339954 6.821586 -0.197194 -0.277855 -0.011337 0.133129 0.012658 0.990953
1784010371.013087034 6.827366 -0.196911 -0.277866 -0.011382 0.133329 0.012802 0.990924
1784010371.017554998 6.831856 -0.196691 -0.277901 -0.011494 0.133401 0.012895 0.990912
1784010371.022922039 6.837254 -0.196430 -0.277970 -0.011483 0.133454 0.013010 0.990903
1784010371.022922039 6.837254 -0.196430 -0.277970 -0.011483 0.133454 0.013010 0.990903
1784010371.023132086 6.837467 -0.196419 -0.277972 -0.011483 0.133457 0.013015 0.990903
1784010371.027586937 6.841976 -0.196179 -0.278035 -0.011517 0.133711 0.013129 0.990866
1784010371.033360004 6.847823 -0.195861 -0.278138 -0.011591 0.134052 0.013283 0.990817
1784010371.037565947 6.852079 -0.195630 -0.278226 -0.011617 0.134090 0.013396 0.990810
1784010371.043303013 6.857870 -0.195314 -0.278331 -0.011667 0.134036 0.013551 0.990815
1784010371.047616959 6.862210 -0.195083 -0.278389 -0.011573 0.133863 0.013707 0.990837
1784010371.053390980 6.868027 -0.194774 -0.278439 -0.011470 0.133540 0.013918 0.990879
1784010371.057630062 6.872297 -0.194543 -0.278455 -0.011462 0.133463 0.014070 0.990888
1784010371.063388109 6.878093 -0.194222 -0.278446 -0.011469 0.133544 0.014332 0.990873
1784010371.067553043 6.882287 -0.193991 -0.278430 -0.011451 0.133585 0.014519 0.990865
1784010371.073391914 6.888186 -0.193672 -0.278390 -0.011396 0.133856 0.014774 0.990825
1784010371.077339888 6.892171 -0.193466 -0.278354 -0.011219 0.134149 0.014978 0.990784
1784010371.083403111 6.898277 -0.193140 -0.278319 -0.011051 0.134317 0.015289 0.990759
1784010371.087704897 6.902604 -0.192903 -0.278311 -0.011149 0.134349 0.015454 0.990751
1784010371.093332052 6.908273 -0.192602 -0.278286 -0.011114 0.134657 0.015683 0.990706
1784010371.097596884 6.912561 -0.192382 -0.278262 -0.011023 0.134856 0.015853 0.990677
1784010371.103221893 6.918203 -0.192077 -0.278242 -0.011167 0.134676 0.016022 0.990697
1784010371.107409954 6.922393 -0.191846 -0.278228 -0.011295 0.134454 0.016134 0.990724
1784010371.112525940 6.927507 -0.191563 -0.278201 -0.011308 0.134223 0.016312 0.990752
1784010371.117713928 6.932694 -0.191268 -0.278191 -0.011453 0.133888 0.016460 0.990794
1784010371.123329163 6.938310 -0.190940 -0.278203 -0.011743 0.133533 0.016572 0.990836
1784010371.123329163 6.938310 -0.190940 -0.278203 -0.011743 0.133533 0.016572 0.990836
1784010371.123366117 6.938347 -0.190937 -0.278202 -0.011745 0.133531 0.016573 0.990836
1784010371.127701044 6.942705 -0.190660 -0.278204 -0.011820 0.133332 0.016682 0.990861
1784010371.133393049 6.948455 -0.190288 -0.278236 -0.011989 0.133060 0.016836 0.990892
1784010371.137515068 6.952639 -0.190023 -0.278280 -0.012097 0.133070 0.016934 0.990888
1784010371.143373966 6.958590 -0.189662 -0.278343 -0.011776 0.133415 0.017172 0.990841
1784010371.147857904 6.963140 -0.189393 -0.278410 -0.011618 0.133685 0.017330 0.990804
1784010371.153343916 6.968721 -0.189054 -0.278499 -0.011688 0.133975 0.017482 0.990762
1784010371.157581091 6.973035 -0.188801 -0.278553 -0.011595 0.134285 0.017633 0.990718
1784010371.163382053 6.978924 -0.188458 -0.278606 -0.011408 0.134579 0.017836 0.990677
1784010371.167577028 6.983167 -0.188209 -0.278647 -0.011437 0.134469 0.017948 0.990689
1784010371.173336983 6.989001 -0.187861 -0.278684 -0.011465 0.134363 0.018100 0.990700
1784010371.177470922 6.993196 -0.187616 -0.278690 -0.011484 0.134288 0.018208 0.990709
1784010371.183180094 6.998994 -0.187265 -0.278701 -0.011439 0.134436 0.018410 0.990685
1784010371.187544107 7.003415 -0.186993 -0.278724 -0.011464 0.134372 0.018536 0.990691
1784010371.193392038 7.009338 -0.186615 -0.278751 -0.011493 0.134374 0.018727 0.990687
1784010371.197673082 7.013674 -0.186330 -0.278773 -0.011639 0.134413 0.018852 0.990678
1784010371.203527927 7.019608 -0.185924 -0.278803 -0.011979 0.134350 0.018989 0.990680
1784010371.207617998 7.023745 -0.185642 -0.278823 -0.012115 0.134277 0.019105 0.990686
1784010371.213016033 7.029211 -0.185263 -0.278845 -0.012248 0.134268 0.019280 0.990682
1784010371.217590094 7.033850 -0.184936 -0.278868 -0.012360 0.134261 0.019428 0.990678
1784010371.223040104 7.039377 -0.184547 -0.278893 -0.012426 0.134273 0.019619 0.990672
1784010371.223040104 7.039377 -0.184547 -0.278893 -0.012426 0.134273 0.019619 0.990672
1784010371.223402977 7.039746 -0.184519 -0.278893 -0.012430 0.134274 0.019632 0.990672
1784010371.227477074 7.043886 -0.184213 -0.278897 -0.012479 0.134285 0.019772 0.990667
1784010371.233386040 7.049898 -0.183768 -0.278903 -0.012529 0.134214 0.019989 0.990672
1784010371.237834930 7.054429 -0.183447 -0.278908 -0.012446 0.134289 0.020176 0.990659
1784010371.243159056 7.059849 -0.183079 -0.278909 -0.012080 0.134426 0.020461 0.990639
1784010371.247409105 7.064171 -0.182799 -0.278913 -0.011787 0.134535 0.020687 0.990623
1784010371.253328085 7.070193 -0.182420 -0.278906 -0.011656 0.134718 0.020955 0.990594
1784010371.257889032 7.074824 -0.182139 -0.278888 -0.011443 0.134847 0.021180 0.990574
1784010371.263181925 7.080184 -0.181802 -0.278867 -0.011480 0.134722 0.021387 0.990586
1784010371.267573118 7.084625 -0.181504 -0.278857 -0.011510 0.134618 0.021559 0.990596
1784010371.273363113 7.090475 -0.181104 -0.278829 -0.011900 0.134421 0.021688 0.990615
1784010371.277652025 7.094801 -0.180820 -0.278790 -0.012186 0.134274 0.021782 0.990630
1784010371.283091068 7.100294 -0.180447 -0.278754 -0.012529 0.133943 0.021920 0.990667
1784010371.287456036 7.104710 -0.180127 -0.278764 -0.012803 0.133677 0.022030 0.990697
1784010371.293323040 7.110658 -0.179682 -0.278825 -0.012913 0.133868 0.022248 0.990665
1784010371.297873974 7.115277 -0.179344 -0.278907 -0.012997 0.134017 0.022417 0.990640
1784010371.303188086 7.120674 -0.178954 -0.279022 -0.013313 0.134137 0.022550 0.990617
1784010371.307693005 7.125248 -0.178633 -0.279121 -0.013579 0.134238 0.022662 0.990597
1784010371.313308954 7.130949 -0.178232 -0.279242 -0.013667 0.134294 0.022846 0.990584
1784010371.317819118 7.135523 -0.177907 -0.279334 -0.013736 0.134339 0.022993 0.990573
1784010371.323198080 7.140980 -0.177508 -0.279419 -0.013645 0.134426 0.023189 0.990558
1784010371.323358059 7.141143 -0.177496 -0.279421 -0.013642 0.134428 0.023195 0.990558
1784010371.323358059 7.141143 -0.177496 -0.279421 -0.013642 0.134428 0.023195 0.990558
1784010371.327738047 7.145614 -0.177143 -0.279445 -0.013556 0.134486 0.023349 0.990548
1784010371.333318949 7.151312 -0.176693 -0.279446 -0.013604 0.134588 0.023495 0.990530
1784010371.337768078 7.155848 -0.176347 -0.279434 -0.013642 0.134671 0.023611 0.990515
1784010371.343319893 7.161509 -0.175919 -0.279427 -0.013739 0.134637 0.023723 0.990516
1784010371.347465038 7.165736 -0.175600 -0.279444 -0.013812 0.134613 0.023807 0.990516
1784010371.353336096 7.171728 -0.175141 -0.279495 -0.013836 0.134763 0.023931 0.990492
1784010371.357834101 7.176320 -0.174787 -0.279555 -0.013854 0.134881 0.024025 0.990474
1784010371.363369942 7.181977 -0.174348 -0.279651 -0.013879 0.134910 0.024150 0.990466
1784010371.367444992 7.186142 -0.174027 -0.279737 -0.013897 0.134933 0.024241 0.990461
1784010371.373337030 7.192159 -0.173567 -0.279853 -0.013774 0.134796 0.024423 0.990477
1784010371.377758026 7.196654 -0.173233 -0.279923 -0.013681 0.134696 0.024560 0.990488
1784010371.383364916 7.202347 -0.172811 -0.279993 -0.013686 0.134433 0.024718 0.990520
1784010371.387351990 7.206394 -0.172507 -0.280027 -0.013690 0.134248 0.024831 0.990542
1784010371.393414974 7.212560 -0.172036 -0.280042 -0.013577 0.134424 0.025086 0.990513
1784010371.397557974 7.216778 -0.171715 -0.280037 -0.013501 0.134547 0.025261 0.990493
1784010371.403316021 7.222649 -0.171266 -0.280009 -0.013317 0.134769 0.025507 0.990459
1784010371.407759905 7.227174 -0.170925 -0.279975 -0.013176 0.134943 0.025697 0.990433
1784010371.413364887 7.232868 -0.170493 -0.279936 -0.013014 0.135019 0.025945 0.990418
1784010371.417913914 7.237487 -0.170136 -0.279920 -0.013134 0.134994 0.026095 0.990416
1784010371.422883034 7.242538 -0.169751 -0.279897 -0.013166 0.135100 0.026247 0.990397
1784010371.422883034 7.242538 -0.169751 -0.279897 -0.013166 0.135100 0.026247 0.990397
1784010371.423140049 7.242801 -0.169730 -0.279895 -0.013168 0.135106 0.026255 0.990396
1784010371.427627087 7.247391 -0.169374 -0.279853 -0.013089 0.135257 0.026407 0.990372
1784010371.433353901 7.253239 -0.168907 -0.279814 -0.013223 0.135133 0.026554 0.990383
1784010371.437596083 7.257558 -0.168558 -0.279792 -0.013318 0.134892 0.026654 0.990412
1784010371.443377018 7.263438 -0.168083 -0.279760 -0.013279 0.134556 0.026836 0.990454
1784010371.447602034 7.267733 -0.167733 -0.279750 -0.013388 0.134286 0.026938 0.990486
1784010371.452934980 7.273170 -0.167282 -0.279750 -0.013638 0.133863 0.027026 0.990537
1784010371.457551956 7.277895 -0.166893 -0.279758 -0.013730 0.133572 0.027136 0.990572
1784010371.463475943 7.283987 -0.166389 -0.279797 -0.013865 0.133470 0.027297 0.990580
1784010371.467508078 7.288134 -0.166052 -0.279850 -0.013868 0.133501 0.027414 0.990572
1784010371.473357916 7.294160 -0.165577 -0.279942 -0.013568 0.133648 0.027621 0.990551
1784010371.477539062 7.298480 -0.165239 -0.280020 -0.013469 0.133966 0.027755 0.990506
1784010371.483309031 7.304461 -0.164767 -0.280125 -0.013464 0.134577 0.027909 0.990419
1784010371.487834930 7.309137 -0.164402 -0.280205 -0.013389 0.134820 0.028042 0.990383
1784010371.493123055 7.314581 -0.163974 -0.280291 -0.013435 0.134787 0.028180 0.990383
1784010371.497446060 7.319034 -0.163624 -0.280345 -0.013459 0.134785 0.028298 0.990379
1784010371.503336906 7.325117 -0.163144 -0.280380 -0.013313 0.134994 0.028481 0.990348
1784010371.507639885 7.329550 -0.162786 -0.280391 -0.013231 0.135041 0.028643 0.990337
1784010371.513380051 7.335458 -0.162295 -0.280404 -0.013238 0.134855 0.028846 0.990357
1784010371.518352985 7.340578 -0.161862 -0.280407 -0.013298 0.134787 0.029005 0.990361
1784010371.522911072 7.345268 -0.161458 -0.280403 -0.013417 0.134798 0.029147 0.990353
1784010371.522911072 7.345268 -0.161458 -0.280403 -0.013417 0.134798 0.029147 0.990353
1784010371.523145914 7.345511 -0.161436 -0.280402 -0.013424 0.134798 0.029155 0.990353
1784010371.527578115 7.350098 -0.161017 -0.280396 -0.013643 0.134627 0.029300 0.990369
1784010371.533368111 7.356096 -0.160458 -0.280401 -0.014028 0.134343 0.029471 0.990397
1784010371.537834883 7.360723 -0.160024 -0.280410 -0.014218 0.134332 0.029622 0.990391
1784010371.543215990 7.366308 -0.159498 -0.280435 -0.014391 0.134404 0.029836 0.990373
1784010371.547483921 7.370746 -0.159083 -0.280462 -0.014485 0.134482 0.029996 0.990356
1784010371.553303003 7.376797 -0.158524 -0.280489 -0.014420 0.134673 0.030276 0.990323
1784010371.557415962 7.381060 -0.158137 -0.280508 -0.014322 0.134689 0.030483 0.990315
1784010371.563319921 7.387182 -0.157585 -0.280533 -0.014284 0.134520 0.030763 0.990330
1784010371.567692041 7.391722 -0.157192 -0.280538 -0.014048 0.134533 0.031008 0.990324
1784010371.573184967 7.397437 -0.156709 -0.280528 -0.013646 0.134762 0.031351 0.990288
1784010371.577574968 7.401998 -0.156322 -0.280521 -0.013536 0.134797 0.031579 0.990277
1784010371.583432913 7.408076 -0.155806 -0.280490 -0.013508 0.134601 0.031851 0.990296
1784010371.587388039 7.412171 -0.155461 -0.280449 -0.013537 0.134487 0.032020 0.990305
1784010371.593276024 7.418273 -0.154932 -0.280377 -0.013865 0.134243 0.032225 0.990327
1784010371.597783089 7.422937 -0.154523 -0.280317 -0.014128 0.133946 0.032356 0.990360
1784010371.603097916 7.428433 -0.154040 -0.280249 -0.014227 0.133653 0.032552 0.990391
1784010371.607700109 7.433199 -0.153611 -0.280219 -0.014414 0.133511 0.032719 0.990402
1784010371.613266945 7.438982 -0.153077 -0.280234 -0.014767 0.133458 0.032894 0.990398
1784010371.618365049 7.444279 -0.152591 -0.280294 -0.014846 0.133531 0.033102 0.990380
1784010371.623013973 7.449108 -0.152143 -0.280393 -0.015000 0.133634 0.033271 0.990359
1784010371.623013973 7.449108 -0.152143 -0.280393 -0.015000 0.133634 0.033271 0.990359
1784010371.623148918 7.449249 -0.152129 -0.280397 -0.015004 0.133636 0.033275 0.990358
1784010371.627574921 7.453879 -0.151685 -0.280522 -0.015272 0.133635 0.033380 0.990351
1784010371.633336067 7.459911 -0.151117 -0.280678 -0.015301 0.133625 0.033559 0.990345
1784010371.637756109 7.464534 -0.150690 -0.280780 -0.015209 0.133660 0.033718 0.990337
1784010371.643316031 7.470343 -0.150150 -0.280884 -0.015078 0.133609 0.033909 0.990339
1784010371.647775888 7.474998 -0.149713 -0.280940 -0.014961 0.133561 0.034069 0.990342
1784010371.653110027 7.480573 -0.149177 -0.280978 -0.015021 0.133658 0.034225 0.990322
1784010371.657692909 7.485371 -0.148718 -0.280990 -0.015099 0.133796 0.034336 0.990299
1784010371.663176060 7.491102 -0.148176 -0.280988 -0.014998 0.133823 0.034461 0.990292
1784010371.667598963 7.495709 -0.147737 -0.280990 -0.015075 0.133716 0.034533 0.990303
1784010371.673311949 7.501669 -0.147164 -0.281014 -0.015282 0.133484 0.034615 0.990328
1784010371.677551031 7.506103 -0.146739 -0.281040 -0.015291 0.133516 0.034699 0.990321
1784010371.683350086 7.512170 -0.146154 -0.281096 -0.015302 0.133803 0.034814 0.990278
1784010371.687623024 7.516629 -0.145723 -0.281161 -0.015314 0.133806 0.034907 0.990274
1784010371.693381071 7.522643 -0.145146 -0.281261 -0.015222 0.133617 0.035045 0.990296
1784010371.697770119 7.527228 -0.144711 -0.281332 -0.015184 0.133569 0.035153 0.990300
1784010371.703327894 7.533021 -0.144164 -0.281415 -0.015033 0.133395 0.035329 0.990319
1784010371.707451105 7.537307 -0.143758 -0.281469 -0.014973 0.133147 0.035458 0.990349
1784010371.713144064 7.543240 -0.143188 -0.281507 -0.014975 0.133101 0.035647 0.990348
1784010371.717273951 7.547557 -0.142772 -0.281504 -0.014923 0.133323 0.035808 0.990313
1784010371.723165035 7.553713 -0.142180 -0.281473 -0.014827 0.133663 0.036023 0.990261
1784010371.723165035 7.553713 -0.142180 -0.281473 -0.014827 0.133663 0.036023 0.990261
1784010371.723370075 7.553927 -0.142159 -0.281471 -0.014824 0.133675 0.036031 0.990259
1784010371.727523088 7.558260 -0.141742 -0.281432 -0.014693 0.133675 0.036213 0.990254
1784010371.733349085 7.564334 -0.141148 -0.281369 -0.014660 0.133494 0.036450 0.990271
1784010371.737730980 7.568916 -0.140694 -0.281319 -0.014805 0.133516 0.036583 0.990260
1784010371.743170977 7.574602 -0.140140 -0.281252 -0.014794 0.133669 0.036766 0.990233
1784010371.747375965 7.578978 -0.139717 -0.281207 -0.014718 0.133624 0.036911 0.990235
1784010371.753339052 7.585179 -0.139103 -0.281161 -0.014852 0.133299 0.037087 0.990270
1784010371.757797003 7.589822 -0.138637 -0.281132 -0.014978 0.133106 0.037197 0.990290
1784010371.763221025 7.595470 -0.138076 -0.281106 -0.014990 0.132936 0.037362 0.990307
1784010371.767446041 7.599862 -0.137640 -0.281112 -0.015031 0.132667 0.037467 0.990338
1784010371.773329020 7.605977 -0.137024 -0.281155 -0.015247 0.132259 0.037583 0.990385
1784010371.777585030 7.610405 -0.136579 -0.281202 -0.015319 0.132102 0.037695 0.990401
1784010371.783205986 7.616268 -0.135998 -0.281287 -0.015276 0.132088 0.037877 0.990396
1784010371.787455082 7.620708 -0.135566 -0.281366 -0.015154 0.132166 0.038013 0.990383
1784010371.793354988 7.626882 -0.134974 -0.281475 -0.014849 0.132514 0.038226 0.990332
1784010371.797525883 7.631247 -0.134555 -0.281556 -0.014754 0.132792 0.038354 0.990292
1784010371.803388119 7.637377 -0.133963 -0.281670 -0.014780 0.132963 0.038505 0.990262
1784010371.807590008 7.641763 -0.133541 -0.281743 -0.014794 0.133016 0.038599 0.990251
1784010371.813179016 7.647598 -0.132985 -0.281816 -0.014771 0.133143 0.038732 0.990230
1784010371.817545891 7.652155 -0.132551 -0.281856 -0.014673 0.133215 0.038847 0.990217
1784010371.822448015 7.657261 -0.132058 -0.281886 -0.014552 0.133189 0.038986 0.990217
1784010371.823131084 7.657971 -0.131989 -0.281890 -0.014538 0.133186 0.039007 0.990216
1784010371.823131084 7.657971 -0.131989 -0.281890 -0.014538 0.133186 0.039007 0.990216
1784010371.827800035 7.662841 -0.131498 -0.281899 -0.014450 0.133157 0.039150 0.990216
1784010371.833372116 7.668658 -0.130905 -0.281900 -0.014366 0.133206 0.039326 0.990204
1784010371.837774038 7.673247 -0.130434 -0.281898 -0.014342 0.133245 0.039446 0.990194
1784010371.843137026 7.678819 -0.129847 -0.281904 -0.014419 0.133116 0.039590 0.990204
1784010371.847496033 7.683345 -0.129362 -0.281920 -0.014621 0.132917 0.039683 0.990225
1784010371.853236914 7.689321 -0.128718 -0.281940 -0.014855 0.132847 0.039796 0.990226
1784010371.857522011 7.693786 -0.128241 -0.281955 -0.014934 0.132933 0.039902 0.990209
1784010371.863306999 7.699807 -0.127594 -0.281991 -0.014975 0.132907 0.040060 0.990205
1784010371.867609978 7.704283 -0.127119 -0.282025 -0.014976 0.132842 0.040170 0.990210
1784010371.873300076 7.710211 -0.126495 -0.282065 -0.014830 0.132837 0.040352 0.990205
1784010371.877554893 7.714648 -0.126035 -0.282100 -0.014703 0.132884 0.040495 0.990195
1784010371.883338928 7.720681 -0.125426 -0.282150 -0.014357 0.132910 0.040724 0.990187
1784010371.887494087 7.725010 -0.125002 -0.282186 -0.013978 0.132980 0.040920 0.990175
1784010371.893388987 7.731164 -0.124388 -0.282234 -0.013756 0.133165 0.041152 0.990144
1784010371.897291899 7.735240 -0.123977 -0.282256 -0.013790 0.133268 0.041268 0.990124
1784010371.903208971 7.741398 -0.123357 -0.282248 -0.013819 0.133226 0.041428 0.990123
1784010371.907537937 7.745884 -0.122906 -0.282216 -0.013903 0.133031 0.041542 0.990143
1784010371.913356066 7.751920 -0.122285 -0.282148 -0.014144 0.132665 0.041655 0.990184
1784010371.918040991 7.756789 -0.121781 -0.282082 -0.014248 0.132522 0.041753 0.990198
1784010371.923010111 7.761953 -0.121240 -0.282036 -0.014289 0.132433 0.041901 0.990203
1784010371.923010111 7.761953 -0.121240 -0.282036 -0.014289 0.132433 0.041901 0.990203
1784010371.923500061 7.762463 -0.121185 -0.282034 -0.014292 0.132424 0.041914 0.990203
1784010371.927505970 7.766635 -0.120727 -0.282035 -0.014445 0.132300 0.041999 0.990214
1784010371.933306932 7.772685 -0.120058 -0.282101 -0.014657 0.132268 0.042106 0.990211
1784010371.937721968 7.777297 -0.119548 -0.282201 -0.014771 0.132436 0.042202 0.990183
1784010371.943278074 7.783110 -0.118898 -0.282384 -0.015060 0.132643 0.042297 0.990146
1784010371.947582006 7.787613 -0.118400 -0.282547 -0.015128 0.132712 0.042387 0.990132
1784010371.953346968 7.793638 -0.117740 -0.282740 -0.014969 0.132858 0.042552 0.990108
1784010371.957897902 7.798390 -0.117224 -0.282863 -0.014844 0.132943 0.042677 0.990093
1784010371.963171005 7.803890 -0.116628 -0.282955 -0.014601 0.132908 0.042831 0.990095
1784010371.967483044 7.808385 -0.116138 -0.282993 -0.014501 0.132924 0.042932 0.990090
1784010371.973309994 7.814464 -0.115470 -0.283008 -0.014513 0.133049 0.043022 0.990069
1784010371.977520943 7.818856 -0.114991 -0.283006 -0.014522 0.133078 0.043072 0.990063
1784010371.983342886 7.824914 -0.114327 -0.283005 -0.014587 0.132953 0.043108 0.990077
1784010371.987510920 7.829250 -0.113852 -0.283022 -0.014667 0.132833 0.043134 0.990091
1784010371.993257046 7.835250 -0.113196 -0.283061 -0.014619 0.132928 0.043200 0.990076
1784010371.997520924 7.839705 -0.112709 -0.283108 -0.014527 0.133194 0.043258 0.990039
1784010372.003366947 7.845801 -0.112036 -0.283211 -0.014513 0.133373 0.043327 0.990012
1784010372.007520914 7.850132 -0.111561 -0.283304 -0.014479 0.133346 0.043381 0.990014
1784010372.013402939 7.856269 -0.110895 -0.283424 -0.014360 0.133394 0.043459 0.990006
1784010372.018049002 7.861100 -0.110374 -0.283507 -0.014257 0.133366 0.043534 0.990008
1784010372.022841930 7.866066 -0.109833 -0.283584 -0.014212 0.133003 0.043622 0.990053
1784010372.023130178 7.866364 -0.109800 -0.283589 -0.014212 0.132988 0.043627 0.990055
1784010372.023130178 7.866364 -0.109800 -0.283589 -0.014212 0.132988 0.043627 0.990055
1784010372.027713060 7.871142 -0.109270 -0.283614 -0.014200 0.132759 0.043710 0.990082
1784010372.033304930 7.877016 -0.108620 -0.283588 -0.014108 0.133067 0.043851 0.990036
1784010372.037645102 7.881589 -0.108117 -0.283546 -0.013950 0.133448 0.043982 0.989981
1784010372.043190002 7.887399 -0.107476 -0.283491 -0.013749 0.133530 0.044139 0.989966
1784010372.047645092 7.892044 -0.106960 -0.283457 -0.013662 0.133429 0.044269 0.989975
1784010372.053334951 7.897991 -0.106294 -0.283417 -0.013714 0.133546 0.044406 0.989952
1784010372.057637930 7.902491 -0.105792 -0.283391 -0.013730 0.133747 0.044500 0.989921
1784010372.063317060 7.908414 -0.105135 -0.283359 -0.013603 0.133821 0.044638 0.989906
1784010372.067572117 7.912843 -0.104641 -0.283343 -0.013585 0.133740 0.044714 0.989914
1784010372.073379993 7.918905 -0.103962 -0.283322 -0.013690 0.133609 0.044781 0.989927
1784010372.077550888 7.923261 -0.103477 -0.283312 -0.013673 0.133503 0.044836 0.989939
1784010372.083342075 7.929299 -0.102798 -0.283326 -0.013708 0.133203 0.044885 0.989977
1784010372.087435007 7.933561 -0.102312 -0.283366 -0.013882 0.132893 0.044898 0.990016
1784010372.093365908 7.939759 -0.101613 -0.283432 -0.013958 0.132597 0.044937 0.990052
1784010372.097593069 7.944194 -0.101121 -0.283491 -0.013870 0.132672 0.045004 0.990041
1784010372.103317976 7.950204 -0.100456 -0.283595 -0.013752 0.132900 0.045117 0.990006
1784010372.107415915 7.954497 -0.099986 -0.283684 -0.013603 0.132993 0.045204 0.989992
1784010372.113111019 7.960475 -0.099338 -0.283806 -0.013368 0.133236 0.045334 0.989957
1784010372.117700100 7.965308 -0.098813 -0.283903 -0.013336 0.133600 0.045405 0.989905
1784010372.122428894 7.970284 -0.098272 -0.283993 -0.013328 0.133897 0.045465 0.989862
1784010372.123044014 7.970929 -0.098202 -0.284004 -0.013317 0.133902 0.045476 0.989861
1784010372.123044014 7.970929 -0.098202 -0.284004 -0.013317 0.133902 0.045476 0.989861
1784010372.127520084 7.975634 -0.097693 -0.284063 -0.013235 0.133916 0.045568 0.989856
1784010372.133300066 7.981714 -0.097031 -0.284118 -0.013232 0.133869 0.045669 0.989858
1784010372.137712955 7.986364 -0.096523 -0.284135 -0.013177 0.133987 0.045754 0.989839
1784010372.143021107 7.991947 -0.095907 -0.284133 -0.013019 0.134080 0.045903 0.989821
1784010372.147686005 7.996842 -0.095356 -0.284130 -0.013044 0.133961 0.046006 0.989832
1784010372.153284073 8.002718 -0.094687 -0.284111 -0.013182 0.133791 0.046110 0.989848
1784010372.157721043 8.007378 -0.094155 -0.284085 -0.013246 0.133770 0.046204 0.989846
1784010372.163324118 8.013261 -0.093474 -0.284075 -0.013417 0.133635 0.046328 0.989856
1784010372.167454958 8.017595 -0.092967 -0.284089 -0.013596 0.133473 0.046407 0.989872
1784010372.173294067 8.023734 -0.092253 -0.284121 -0.013694 0.133517 0.046562 0.989857
1784010372.177551031 8.028217 -0.091733 -0.284161 -0.013722 0.133673 0.046690 0.989830
1784010372.183429956 8.034414 -0.091021 -0.284231 -0.013701 0.133770 0.046880 0.989808
1784010372.187666893 8.038874 -0.090515 -0.284288 -0.013552 0.133815 0.047045 0.989796
1784010372.193279028 8.044780 -0.089851 -0.284366 -0.013245 0.133893 0.047311 0.989777
1784010372.197768927 8.049507 -0.089323 -0.284427 -0.013028 0.133917 0.047522 0.989767
1784010372.203349113 8.055394 -0.088676 -0.284484 -0.012692 0.134015 0.047803 0.989744
1784010372.207649946 8.059935 -0.088180 -0.284512 -0.012534 0.134177 0.047997 0.989715
1784010372.213161945 8.065741 -0.087540 -0.284520 -0.012623 0.134162 0.048188 0.989707
1784010372.217389107 8.070178 -0.087049 -0.284503 -0.012762 0.133911 0.048302 0.989733
1784010372.222436905 8.075476 -0.086463 -0.284453 -0.012883 0.133611 0.048452 0.989765
1784010372.222958088 8.076023 -0.086402 -0.284447 -0.012903 0.133595 0.048466 0.989766
1784010372.222958088 8.076023 -0.086402 -0.284447 -0.012903 0.133595 0.048466 0.989766
1784010372.227813959 8.081145 -0.085821 -0.284374 -0.013112 0.133438 0.048606 0.989778
1784010372.233292103 8.086926 -0.085164 -0.284300 -0.013260 0.133293 0.048771 0.989787
1784010372.237596989 8.091464 -0.084649 -0.284265 -0.013259 0.133179 0.048936 0.989794
1784010372.243124008 8.097303 -0.083975 -0.284273 -0.013442 0.133132 0.049125 0.989789
1784010372.247433901 8.101865 -0.083446 -0.284326 -0.013596 0.133233 0.049263 0.989766
1784010372.253317118 8.108088 -0.082721 -0.284460 -0.013706 0.133371 0.049479 0.989735
1784010372.257817984 8.112844 -0.082161 -0.284609 -0.013969 0.133420 0.049604 0.989719
1784010372.263153076 8.118488 -0.081502 -0.284790 -0.014201 0.133455 0.049741 0.989704
1784010372.267482042 8.123073 -0.080977 -0.284917 -0.014147 0.133565 0.049883 0.989683
1784010372.273245096 8.129167 -0.080273 -0.285048 -0.014083 0.133663 0.050075 0.989661
1784010372.277439117 8.133585 -0.079757 -0.285113 -0.014034 0.133588 0.050204 0.989665
1784010372.283305883 8.139765 -0.079021 -0.285156 -0.014034 0.133486 0.050387 0.989670
1784010372.287467003 8.144158 -0.078493 -0.285163 -0.014113 0.133563 0.050497 0.989652
1784010372.293328047 8.150352 -0.077752 -0.285150 -0.014058 0.133770 0.050669 0.989616
1784010372.297887087 8.155154 -0.077177 -0.285145 -0.014048 0.133794 0.050784 0.989607
1784010372.303293943 8.160840 -0.076486 -0.285170 -0.014239 0.133574 0.050904 0.989628
1784010372.307401896 8.165167 -0.075961 -0.285208 -0.014320 0.133487 0.051011 0.989633
1784010372.313299894 8.171390 -0.075209 -0.285283 -0.014346 0.133754 0.051187 0.989588
1784010372.317704916 8.176031 -0.074650 -0.285369 -0.014352 0.133881 0.051323 0.989563
1784010372.323075056 8.181688 -0.073966 -0.285502 -0.014442 0.133753 0.051462 0.989572
1784010372.323075056 8.181688 -0.073966 -0.285502 -0.014442 0.133753 0.051462 0.989572
1784010372.323105097 8.181720 -0.073962 -0.285502 -0.014443 0.133753 0.051463 0.989572
1784010372.328138113 8.187049 -0.073313 -0.285607 -0.014479 0.133789 0.051595 0.989560
1784010372.333347082 8.192552 -0.072654 -0.285697 -0.014332 0.133853 0.051781 0.989544
1784010372.337357044 8.196777 -0.072151 -0.285756 -0.014191 0.133696 0.051934 0.989559
1784010372.343106985 8.202854 -0.071418 -0.285798 -0.014139 0.133604 0.052133 0.989562
1784010372.347556114 8.207571 -0.070845 -0.285788 -0.014121 0.133930 0.052296 0.989509
1784010372.353434086 8.213794 -0.070090 -0.285738 -0.014042 0.134328 0.052523 0.989444
1784010372.357388020 8.217958 -0.069587 -0.285697 -0.013991 0.134277 0.052664 0.989444
1784010372.363246918 8.224127 -0.068837 -0.285616 -0.013911 0.134076 0.052882 0.989461
1784010372.367770910 8.228901 -0.068252 -0.285552 -0.013974 0.134098 0.053041 0.989449
1784010372.373063087 8.234483 -0.067568 -0.285484 -0.014076 0.134167 0.053195 0.989430
1784010372.377450943 8.239094 -0.067009 -0.285440 -0.013970 0.134064 0.053351 0.989437
1784010372.383294106 8.245242 -0.066254 -0.285401 -0.014028 0.133869 0.053529 0.989453
1784010372.387526989 8.249702 -0.065700 -0.285388 -0.014203 0.133799 0.053625 0.989455
1784010372.393256903 8.255727 -0.064959 -0.285391 -0.014178 0.133548 0.053788 0.989480
1784010372.397490025 8.260163 -0.064414 -0.285423 -0.014214 0.133211 0.053895 0.989519
1784010372.403234005 8.266196 -0.063666 -0.285485 -0.014436 0.132876 0.054004 0.989555
1784010372.407830000 8.271035 -0.063074 -0.285539 -0.014363 0.132825 0.054143 0.989555
1784010372.413036108 8.276525 -0.062403 -0.285616 -0.014244 0.132900 0.054316 0.989538
1784010372.417655945 8.281397 -0.061810 -0.285699 -0.014184 0.132963 0.054456 0.989522
1784010372.422919989 8.286949 -0.061138 -0.285787 -0.013989 0.133140 0.054649 0.989491
1784010372.422919989 8.286949 -0.061138 -0.285787 -0.013989 0.133140 0.054649 0.989491
1784010372.423342943 8.287397 -0.061083 -0.285792 -0.013973 0.133154 0.054665 0.989488
1784010372.427880049 8.292207 -0.060485 -0.285852 -0.013978 0.133362 0.054807 0.989452
1784010372.433309078 8.297963 -0.059759 -0.285924 -0.014207 0.133529 0.054931 0.989419
1784010372.437717915 8.302632 -0.059171 -0.285967 -0.014233 0.133664 0.055054 0.989394
1784010372.443001032 8.308223 -0.058465 -0.285995 -0.014177 0.133860 0.055235 0.989358
1784010372.447691917 8.313176 -0.057831 -0.286007 -0.014237 0.133933 0.055382 0.989339
1784010372.453116894 8.318887 -0.057094 -0.285996 -0.014158 0.133863 0.055598 0.989338
1784010372.457261086 8.323234 -0.056529 -0.285968 -0.014097 0.133809 0.055761 0.989337
1784010372.463244915 8.329497 -0.055707 -0.285903 -0.014337 0.133821 0.055955 0.989321
1784010372.467638969 8.334079 -0.055105 -0.285848 -0.014390 0.133650 0.056118 0.989334
1784010372.473294973 8.339980 -0.054319 -0.285781 -0.014609 0.133270 0.056311 0.989371
1784010372.477379084 8.344251 -0.053740 -0.285746 -0.014766 0.132994 0.056449 0.989398
1784010372.483278036 8.350427 -0.052900 -0.285708 -0.014872 0.133089 0.056652 0.989372
1784010372.487644911 8.354983 -0.052284 -0.285706 -0.014862 0.133147 0.056834 0.989354
1784010372.493062019 8.360625 -0.051518 -0.285743 -0.014958 0.133044 0.057041 0.989354
1784010372.497328043 8.365064 -0.050914 -0.285798 -0.015032 0.132963 0.057203 0.989355
1784010372.503243923 8.371223 -0.050084 -0.285887 -0.014808 0.133187 0.057480 0.989312
1784010372.507905006 8.376069 -0.049440 -0.285960 -0.014543 0.133232 0.057713 0.989296
1784010372.513346910 8.381726 -0.048690 -0.286032 -0.014312 0.133186 0.057976 0.989290
1784010372.517699003 8.386248 -0.048092 -0.286073 -0.014127 0.133149 0.058185 0.989286
1784010372.523226023 8.391983 -0.047327 -0.286092 -0.014122 0.133179 0.058415 0.989268
1784010372.523226023 8.391983 -0.047327 -0.286092 -0.014122 0.133179 0.058415 0.989268
1784010372.523247957 8.392006 -0.047324 -0.286092 -0.014122 0.133178 0.058416 0.989268
1784010372.527652979 8.396589 -0.046690 -0.286064 -0.014125 0.133165 0.058594 0.989259
1784010372.533303976 8.402459 -0.045875 -0.285981 -0.014238 0.132823 0.058790 0.989292
1784010372.537606001 8.406922 -0.045263 -0.285881 -0.014322 0.132569 0.058938 0.989316
1784010372.543097019 8.412619 -0.044475 -0.285752 -0.014532 0.132221 0.059125 0.989349
1784010372.547430038 8.417109 -0.043845 -0.285680 -0.014696 0.131951 0.059271 0.989374
1784010372.553272009 8.423173 -0.042981 -0.285633 -0.014775 0.131927 0.059508 0.989361
1784010372.557662964 8.427740 -0.042326 -0.285643 -0.014832 0.131915 0.059685 0.989351
1784010372.562972069 8.433267 -0.041526 -0.285713 -0.015041 0.131907 0.059869 0.989338
1784010372.567559958 8.438036 -0.040830 -0.285827 -0.015221 0.131903 0.060028 0.989326
1784010372.573317051 8.444027 -0.039959 -0.286009 -0.015586 0.132075 0.060168 0.989289
1784010372.577389002 8.448271 -0.039353 -0.286147 -0.015842 0.132204 0.060266 0.989262
1784010372.583270073 8.454399 -0.038476 -0.286329 -0.015731 0.132334 0.060457 0.989235
1784010372.587558031 8.458850 -0.037833 -0.286435 -0.015648 0.132436 0.060595 0.989214
1784010372.593331099 8.464838 -0.036959 -0.286523 -0.015564 0.132294 0.060773 0.989223
1784010372.597573042 8.469235 -0.036317 -0.286540 -0.015501 0.132197 0.060903 0.989229
1784010372.603270054 8.475142 -0.035453 -0.286522 -0.015561 0.132214 0.061045 0.989217
1784010372.607456923 8.479479 -0.034823 -0.286496 -0.015603 0.132233 0.061148 0.989208
1784010372.613090992 8.485312 -0.033969 -0.286465 -0.015702 0.132057 0.061262 0.989223
1784010372.617558956 8.489928 -0.033284 -0.286463 -0.015780 0.131922 0.061352 0.989234
1784010372.623069048 8.495626 -0.032435 -0.286483 -0.015837 0.131885 0.061493 0.989229
1784010372.623069048 8.495626 -0.032435 -0.286483 -0.015837 0.131885 0.061493 0.989229
1784010372.623141050 8.495702 -0.032424 -0.286483 -0.015837 0.131884 0.061495 0.989229
1784010372.628283978 8.501071 -0.031606 -0.286529 -0.015815 0.132076 0.061637 0.989195
1784010372.633327961 8.506328 -0.030799 -0.286612 -0.015886 0.132138 0.061778 0.989177
1784010372.637732029 8.510910 -0.030087 -0.286719 -0.015948 0.132193 0.061901 0.989161
1784010372.643253088 8.516649 -0.029196 -0.286855 -0.015978 0.132222 0.062059 0.989146
1784010372.647790909 8.521355 -0.028482 -0.286942 -0.016003 0.132248 0.062188 0.989135
1784010372.653100967 8.526846 -0.027658 -0.287022 -0.015788 0.132210 0.062407 0.989129
1784010372.657457113 8.531341 -0.026979 -0.287070 -0.015664 0.132013 0.062586 0.989146
1784010372.663250923 8.537322 -0.026066 -0.287089 -0.015637 0.132319 0.062826 0.989091
1784010372.667408943 8.541604 -0.025417 -0.287067 -0.015618 0.132542 0.062995 0.989050
1784010372.673305035 8.547669 -0.024496 -0.286998 -0.015674 0.132333 0.063190 0.989065
1784010372.677511930 8.551981 -0.023845 -0.286929 -0.015714 0.132188 0.063327 0.989075
1784010372.683237076 8.557847 -0.022953 -0.286821 -0.015747 0.131974 0.063531 0.989090
1784010372.687336922 8.562046 -0.022312 -0.286747 -0.015865 0.131878 0.063665 0.989092
1784010372.693270922 8.568130 -0.021381 -0.286649 -0.015960 0.131752 0.063848 0.989096
1784010372.697338104 8.572295 -0.020752 -0.286590 -0.015914 0.131756 0.063987 0.989087
1784010372.703272104 8.578376 -0.019824 -0.286532 -0.015981 0.131754 0.064176 0.989074
1784010372.707547903 8.582749 -0.019156 -0.286515 -0.016100 0.131608 0.064293 0.989084
1784010372.713006973 8.588328 -0.018307 -0.286517 -0.016128 0.131258 0.064464 0.989119
1784010372.717622995 8.593040 -0.017592 -0.286542 -0.016200 0.131015 0.064588 0.989142
1784010372.722803116 8.598338 -0.016792 -0.286587 -0.016272 0.130859 0.064701 0.989154
1784010372.722803116 8.598338 -0.016792 -0.286587 -0.016272 0.130859 0.064701 0.989154
1784010372.722985983 8.598527 -0.016762 -0.286589 -0.016274 0.130854 0.064705 0.989154
1784010372.727473021 8.603161 -0.016048 -0.286629 -0.016138 0.130790 0.064827 0.989157
1784010372.733328104 8.609217 -0.015112 -0.286697 -0.016037 0.130811 0.064986 0.989145
1784010372.737521887 8.613553 -0.014445 -0.286753 -0.015977 0.130855 0.065088 0.989134
1784010372.743089914 8.619314 -0.013565 -0.286820 -0.015737 0.130921 0.065249 0.989118
1784010372.747663975 8.624044 -0.012837 -0.286875 -0.015751 0.131055 0.065339 0.989094
1784010372.753253937 8.629832 -0.011934 -0.286941 -0.015965 0.131332 0.065417 0.989049
1784010372.757543087 8.634265 -0.011243 -0.286977 -0.015983 0.131513 0.065508 0.989018
1784010372.763221025 8.640125 -0.010322 -0.287005 -0.015988 0.131617 0.065646 0.988995
1784010372.767364025 8.644393 -0.009648 -0.287013 -0.016022 0.131629 0.065749 0.988986
1784010372.773250103 8.650459 -0.008684 -0.286990 -0.015933 0.131686 0.065931 0.988968
1784010372.777554035 8.654881 -0.007975 -0.286957 -0.015966 0.131733 0.066055 0.988953
1784010372.783272982 8.660751 -0.007020 -0.286908 -0.016176 0.131618 0.066193 0.988956
1784010372.787441015 8.665023 -0.006326 -0.286868 -0.016245 0.131497 0.066306 0.988963
1784010372.793313980 8.671053 -0.005337 -0.286811 -0.016373 0.131369 0.066461 0.988968
1784010372.797513962 8.675373 -0.004623 -0.286789 -0.016568 0.131227 0.066559 0.988977
1784010372.803241968 8.681284 -0.003649 -0.286780 -0.016716 0.131180 0.066708 0.988970
1784010372.807580948 8.685753 -0.002919 -0.286791 -0.016697 0.131262 0.066855 0.988950
1784010372.813302040 8.691649 -0.001950 -0.286849 -0.016749 0.131189 0.067041 0.988946
1784010372.817437887 8.695920 -0.001251 -0.286912 -0.016836 0.131186 0.067158 0.988937
1784010372.823024035 8.701702 -0.000324 -0.286985 -0.016577 0.131494 0.067391 0.988885
1784010372.823024035 8.701702 -0.000324 -0.286985 -0.016577 0.131494 0.067391 0.988885
1784010372.823046923 8.701726 -0.000320 -0.286986 -0.016576 0.131494 0.067391 0.988885
1784010372.827389002 8.706245 0.000404 -0.287037 -0.016242 0.131602 0.067602 0.988861
1784010372.833019972 8.712104 0.001353 -0.287105 -0.016060 0.131363 0.067823 0.988881
1784010372.837642908 8.716926 0.002136 -0.287128 -0.016013 0.131373 0.067990 0.988869
1784010372.843147993 8.722675 0.003069 -0.287088 -0.016001 0.131716 0.068190 0.988810
1784010372.847522020 8.727223 0.003806 -0.287019 -0.016093 0.131640 0.068313 0.988810
1784010372.853234053 8.733144 0.004764 -0.286885 -0.016190 0.131041 0.068457 0.988878
1784010372.857669115 8.737737 0.005506 -0.286750 -0.016199 0.130748 0.068600 0.988907
1784010372.863286972 8.743575 0.006463 -0.286590 -0.016363 0.130637 0.068772 0.988907
1784010372.867207050 8.747647 0.007131 -0.286504 -0.016403 0.130487 0.068894 0.988917
1784010372.873433113 8.754123 0.008197 -0.286431 -0.016354 0.130349 0.069103 0.988922
1784010372.877413988 8.758263 0.008884 -0.286436 -0.016476 0.130383 0.069224 0.988907
1784010372.883289099 8.764391 0.009909 -0.286519 -0.016766 0.130446 0.069357 0.988884
1784010372.887644053 8.768928 0.010668 -0.286634 -0.016932 0.130485 0.069470 0.988869
1784010372.893104076 8.774622 0.011622 -0.286822 -0.017195 0.130681 0.069590 0.988830
1784010372.897500038 8.779205 0.012383 -0.286982 -0.017278 0.130914 0.069692 0.988790
1784010372.903244019 8.785182 0.013373 -0.287164 -0.017173 0.131108 0.069833 0.988756
1784010372.907376051 8.789464 0.014084 -0.287262 -0.017138 0.131108 0.069934 0.988750
1784010372.913265944 8.795562 0.015104 -0.287329 -0.017060 0.130937 0.070073 0.988764
1784010372.917680979 8.800123 0.015868 -0.287328 -0.016995 0.130826 0.070183 0.988772
1784010372.922975063 8.805586 0.016792 -0.287291 -0.017058 0.130726 0.070289 0.988777
1784010372.923218012 8.805837 0.016835 -0.287289 -0.017060 0.130719 0.070294 0.988777
1784010372.923218012 8.805837 0.016835 -0.287289 -0.017060 0.130719 0.070294 0.988777
1784010372.927479029 8.810264 0.017595 -0.287232 -0.017112 0.130606 0.070388 0.988784
1784010372.932580948 8.815580 0.018506 -0.287159 -0.017156 0.130472 0.070500 0.988794
1784010372.937887907 8.821131 0.019457 -0.287096 -0.017230 0.130450 0.070616 0.988787
1784010372.942998886 8.826478 0.020369 -0.287071 -0.017230 0.130448 0.070754 0.988777
1784010372.947592020 8.831272 0.021185 -0.287089 -0.017220 0.130427 0.070884 0.988771
1784010372.953039885 8.836967 0.022163 -0.287154 -0.017334 0.130448 0.071016 0.988757
1784010372.957458019 8.841604 0.022962 -0.287230 -0.017547 0.130612 0.071103 0.988725
1784010372.963221073 8.847650 0.023995 -0.287325 -0.017652 0.130912 0.071245 0.988673
1784010372.967469931 8.852075 0.024741 -0.287387 -0.017464 0.130805 0.071409 0.988679
1784010372.973304987 8.858151 0.025776 -0.287445 -0.017304 0.130335 0.071636 0.988727
1784010372.977507114 8.862542 0.026536 -0.287450 -0.017335 0.130342 0.071775 0.988716
1784010372.983242989 8.868538 0.027574 -0.287395 -0.017219 0.130716 0.072015 0.988651
1784010372.987481117 8.872946 0.028339 -0.287335 -0.017190 0.130689 0.072176 0.988643
1784010372.993246078 8.878942 0.029390 -0.287225 -0.017369 0.130383 0.072335 0.988669
1784010372.997473955 8.883341 0.030159 -0.287124 -0.017441 0.130299 0.072476 0.988668
1784010373.003133059 8.889227 0.031191 -0.286995 -0.017461 0.130191 0.072688 0.988667
1784010373.007632971 8.893900 0.032011 -0.286917 -0.017535 0.129978 0.072825 0.988683
1784010373.013178110 8.899669 0.033023 -0.286832 -0.017512 0.129981 0.073015 0.988669
1784010373.017555952 8.904233 0.033823 -0.286778 -0.017566 0.130183 0.073163 0.988631
1784010373.022909164 8.909812 0.034800 -0.286743 -0.017696 0.130231 0.073316 0.988611
1784010373.022909164 8.909812 0.034800 -0.286743 -0.017696 0.130231 0.073316 0.988611
1784010373.023149967 8.910064 0.034845 -0.286742 -0.017702 0.130232 0.073323 0.988610
1784010373.027473927 8.914578 0.035646 -0.286734 -0.017697 0.129968 0.073458 0.988635
1784010373.033279896 8.920631 0.036718 -0.286746 -0.017757 0.129560 0.073621 0.988675
1784010373.037298918 8.924828 0.037454 -0.286767 -0.017775 0.129358 0.073723 0.988694
1784010373.043277979 8.931087 0.038551 -0.286810 -0.017661 0.129182 0.073886 0.988707
1784010373.047492981 8.935494 0.039320 -0.286852 -0.017590 0.129157 0.074019 0.988701
1784010373.053225040 8.941489 0.040362 -0.286926 -0.017459 0.129040 0.074186 0.988706
1784010373.057456970 8.945918 0.041125 -0.286984 -0.017373 0.128987 0.074303 0.988706
1784010373.063236952 8.951981 0.042174 -0.287058 -0.017335 0.129118 0.074443 0.988679
1784010373.067464113 8.956415 0.042946 -0.287110 -0.017432 0.129288 0.074523 0.988649
1784010373.073256016 8.962499 0.044016 -0.287163 -0.017582 0.129326 0.074628 0.988634
1784010373.077605963 8.967082 0.044824 -0.287175 -0.017655 0.129422 0.074731 0.988612
1784010373.083110094 8.972891 0.045851 -0.287156 -0.017677 0.129725 0.074876 0.988561
1784010373.087472916 8.977470 0.046665 -0.287125 -0.017630 0.129756 0.075018 0.988547
1784010373.093261003 8.983522 0.047763 -0.287076 -0.017719 0.129379 0.075207 0.988580
1784010373.097460985 8.987925 0.048572 -0.287029 -0.017897 0.129235 0.075339 0.988586
1784010373.103205919 8.993971 0.049678 -0.286946 -0.017965 0.129462 0.075547 0.988539
1784010373.107311010 8.998271 0.050465 -0.286896 -0.017964 0.129431 0.075703 0.988531
1784010373.113261938 9.004490 0.051621 -0.286875 -0.018187 0.128849 0.075907 0.988588
1784010373.117367029 9.008798 0.052422 -0.286881 -0.018385 0.128669 0.076033 0.988598
1784010373.122756004 9.014476 0.053468 -0.286898 -0.018471 0.128988 0.076234 0.988539
1784010373.122756004 9.014476 0.053468 -0.286898 -0.018471 0.128988 0.076234 0.988539
1784010373.123389006 9.015145 0.053592 -0.286900 -0.018481 0.129028 0.076259 0.988532
1784010373.127547979 9.019531 0.054408 -0.286928 -0.018391 0.129063 0.076447 0.988514
1784010373.132508993 9.024764 0.055381 -0.286994 -0.018378 0.128764 0.076645 0.988538
1784010373.137949944 9.030530 0.056442 -0.287064 -0.018303 0.128861 0.076860 0.988510
1784010373.143232107 9.036135 0.057457 -0.287115 -0.017961 0.129176 0.077156 0.988452
1784010373.147456884 9.040607 0.058267 -0.287159 -0.017797 0.129112 0.077356 0.988448
1784010373.153225899 9.046706 0.059381 -0.287179 -0.017868 0.129006 0.077576 0.988443
1784010373.157516003 9.051231 0.060201 -0.287140 -0.017903 0.129157 0.077755 0.988409
1784010373.163213968 9.057220 0.061289 -0.287030 -0.017926 0.129114 0.077995 0.988395
1784010373.167567968 9.061783 0.062119 -0.286915 -0.018011 0.128746 0.078146 0.988430
1784010373.173088074 9.067569 0.063171 -0.286731 -0.017910 0.128513 0.078406 0.988441
1784010373.177500963 9.072198 0.064016 -0.286586 -0.017901 0.128486 0.078601 0.988429
1784010373.183362007 9.078345 0.065148 -0.286444 -0.017869 0.128254 0.078859 0.988440
1784010373.187412024 9.082589 0.065930 -0.286391 -0.017823 0.128139 0.079044 0.988441
1784010373.193212986 9.088672 0.067061 -0.286390 -0.017980 0.128349 0.079270 0.988392
1784010373.197604895 9.093266 0.067918 -0.286458 -0.018122 0.128424 0.079419 0.988368
1784010373.203366041 9.099287 0.069052 -0.286624 -0.018422 0.128339 0.079575 0.988361
1784010373.207308054 9.103416 0.069832 -0.286769 -0.018692 0.128579 0.079652 0.988319
1784010373.213190079 9.109577 0.070987 -0.286975 -0.018758 0.129185 0.079807 0.988226
1784010373.217446089 9.114007 0.071813 -0.287111 -0.018656 0.129312 0.079942 0.988200
1784010373.222913027 9.119664 0.072880 -0.287241 -0.018601 0.129106 0.080099 0.988215
1784010373.222943068 9.119696 0.072886 -0.287241 -0.018600 0.129105 0.080100 0.988216
1784010373.222943068 9.119696 0.072886 -0.287241 -0.018600 0.129105 0.080100 0.988216
1784010373.227852106 9.124780 0.073877 -0.287267 -0.018589 0.128940 0.080239 0.988226
1784010373.233239889 9.130371 0.074969 -0.287219 -0.018583 0.128909 0.080376 0.988219
1784010373.237790108 9.135097 0.075890 -0.287140 -0.018555 0.128850 0.080483 0.988219
1784010373.242701054 9.140195 0.076885 -0.287036 -0.018586 0.128775 0.080580 0.988220
1784010373.247545958 9.145212 0.077866 -0.286937 -0.018661 0.128641 0.080678 0.988228
1784010373.252978086 9.150834 0.078964 -0.286857 -0.018756 0.128325 0.080785 0.988258
1784010373.257518053 9.155545 0.079877 -0.286826 -0.018772 0.128251 0.080885 0.988260
1784010373.263235092 9.161489 0.081028 -0.286826 -0.018775 0.128622 0.081016 0.988200
1784010373.267632961 9.166053 0.081916 -0.286866 -0.018883 0.128871 0.081111 0.988158
1784010373.273175955 9.171804 0.083042 -0.286952 -0.019135 0.128838 0.081210 0.988150
1784010373.277462959 9.176259 0.083905 -0.287019 -0.019220 0.128960 0.081302 0.988124
1784010373.283277988 9.182282 0.085055 -0.287078 -0.018976 0.129187 0.081500 0.988083
1784010373.287480116 9.186611 0.085881 -0.287108 -0.018752 0.128992 0.081664 0.988099
1784010373.293225050 9.192541 0.087037 -0.287103 -0.018810 0.128746 0.081823 0.988117
1784010373.297346115 9.196802 0.087872 -0.287054 -0.018891 0.128979 0.081945 0.988075
1784010373.303240061 9.202872 0.089059 -0.286945 -0.018750 0.129175 0.082164 0.988034
1784010373.307794094 9.207544 0.089976 -0.286854 -0.018824 0.128908 0.082273 0.988059
1784010373.313247919 9.213134 0.091081 -0.286727 -0.019013 0.128739 0.082402 0.988066
1784010373.317446947 9.217426 0.091923 -0.286626 -0.019002 0.128776 0.082552 0.988049
1784010373.322784185 9.222869 0.092993 -0.286527 -0.019012 0.128606 0.082707 0.988058
1784010373.322784185 9.222869 0.092993 -0.286527 -0.019012 0.128606 0.082707 0.988058
1784010373.323239088 9.223333 0.093086 -0.286520 -0.019013 0.128592 0.082723 0.988059
1784010373.327389002 9.227572 0.093942 -0.286457 -0.019067 0.128536 0.082851 0.988054
1784010373.333261967 9.233580 0.095150 -0.286380 -0.019106 0.128933 0.083066 0.987983
1784010373.337699890 9.238104 0.096055 -0.286346 -0.019066 0.129129 0.083228 0.987945
1784010373.343034029 9.243505 0.097136 -0.286341 -0.019117 0.128748 0.083392 0.987980
1784010373.347575903 9.248097 0.098049 -0.286346 -0.019101 0.128399 0.083535 0.988014
1784010373.353163958 9.253774 0.099170 -0.286341 -0.019045 0.128368 0.083688 0.988006
1784010373.357290983 9.257978 0.099994 -0.286344 -0.018979 0.128384 0.083791 0.987996
1784010373.363245964 9.264026 0.101184 -0.286369 -0.018822 0.128137 0.083953 0.988018
1784010373.367786884 9.268628 0.102088 -0.286407 -0.018758 0.128021 0.084084 0.988023
1784010373.372916937 9.273832 0.103109 -0.286464 -0.018751 0.128112 0.084215 0.988000
1784010373.377319098 9.278298 0.103981 -0.286520 -0.018673 0.128267 0.084322 0.987972
1784010373.383167982 9.284225 0.105150 -0.286598 -0.018659 0.128561 0.084470 0.987921
1784010373.387469053 9.288582 0.106015 -0.286652 -0.018751 0.128853 0.084565 0.987873
1784010373.393245935 9.294425 0.107180 -0.286691 -0.018804 0.129197 0.084714 0.987815
1784010373.397311926 9.298526 0.107995 -0.286694 -0.018771 0.129305 0.084825 0.987792
1784010373.403213024 9.304461 0.109186 -0.286673 -0.018761 0.129339 0.085018 0.987771
1784010373.407572985 9.308833 0.110073 -0.286643 -0.018873 0.129361 0.085157 0.987754
1784010373.413167953 9.314435 0.111216 -0.286586 -0.019069 0.129326 0.085321 0.987741
1784010373.417505026 9.318775 0.112093 -0.286536 -0.019156 0.129283 0.085426 0.987735
1784010373.422888041 9.324166 0.113160 -0.286476 -0.019299 0.129270 0.085497 0.987728
1784010373.422888041 9.324166 0.113160 -0.286476 -0.019299 0.129270 0.085497 0.987728
1784010373.423361063 9.324640 0.113255 -0.286470 -0.019310 0.129267 0.085502 0.987728
1784010373.427443027 9.328739 0.114064 -0.286421 -0.019401 0.129146 0.085502 0.987742
1784010373.433237076 9.334575 0.115189 -0.286377 -0.019591 0.128769 0.085423 0.987794
1784010373.437436104 9.338827 0.115977 -0.286365 -0.019702 0.128681 0.085321 0.987812
1784010373.443294048 9.344766 0.117038 -0.286369 -0.019554 0.128818 0.085204 0.987808
1784010373.447426081 9.348947 0.117760 -0.286400 -0.019448 0.128829 0.085086 0.987818
1784010373.453077078 9.354687 0.118715 -0.286466 -0.019411 0.128736 0.084838 0.987853
1784010373.457518101 9.359218 0.119431 -0.286517 -0.019197 0.128919 0.084645 0.987849
1784010373.463053942 9.364860 0.120280 -0.286577 -0.018866 0.129183 0.084400 0.987842
1784010373.467320919 9.369193 0.120906 -0.286627 -0.018667 0.129024 0.084152 0.987888
1784010373.473237038 9.375219 0.121745 -0.286644 -0.018671 0.128873 0.083701 0.987946
1784010373.477720976 9.379799 0.122346 -0.286598 -0.018746 0.129060 0.083296 0.987954
1784010373.483104944 9.385293 0.123023 -0.286488 -0.018624 0.129062 0.082794 0.987999
1784010373.487364054 9.389633 0.123525 -0.286373 -0.018507 0.128775 0.082334 0.988077
1784010373.493191004 9.395573 0.124177 -0.286189 -0.018324 0.128573 0.081680 0.988161
1784010373.497454882 9.399921 0.124633 -0.286061 -0.018117 0.128483 0.081207 0.988215
1784010373.503180027 9.405772 0.125235 -0.285944 -0.017954 0.128226 0.080518 0.988308
1784010373.507472038 9.410169 0.125675 -0.285903 -0.017903 0.128220 0.079966 0.988355
1784010373.513176918 9.416020 0.126240 -0.285908 -0.017761 0.128385 0.079236 0.988394
1784010373.517651081 9.420608 0.126674 -0.285983 -0.017809 0.128376 0.078614 0.988444
1784010373.522806168 9.425905 0.127167 -0.286136 -0.018087 0.128342 0.077825 0.988506
1784010373.522806168 9.425905 0.127167 -0.286136 -0.018087 0.128342 0.077825 0.988506
1784010373.523057938 9.426165 0.127191 -0.286144 -0.018102 0.128341 0.077787 0.988509
1784010373.527626991 9.430892 0.127620 -0.286288 -0.018217 0.128664 0.077090 0.988520
1784010373.533081055 9.436547 0.128091 -0.286462 -0.018049 0.129134 0.076259 0.988526
1784010373.537194967 9.440809 0.128423 -0.286590 -0.017885 0.129283 0.075595 0.988560
1784010373.543186903 9.447004 0.128882 -0.286729 -0.017804 0.129309 0.074552 0.988638
1784010373.547736883 9.451702 0.129196 -0.286786 -0.017653 0.129320 0.073744 0.988699
1784010373.552978992 9.457122 0.129517 -0.286796 -0.017399 0.129304 0.072763 0.988779
1784010373.557395935 9.461690 0.129759 -0.286776 -0.017306 0.129344 0.071855 0.988841
1784010373.563126087 9.467613 0.130039 -0.286723 -0.017249 0.129407 0.070651 0.988921
1784010373.567195892 9.471820 0.130208 -0.286680 -0.017123 0.129400 0.069765 0.988987
1784010373.573359966 9.478203 0.130430 -0.286625 -0.016897 0.129447 0.068419 0.989079
1784010373.577461958 9.482450 0.130553 -0.286607 -0.016803 0.129557 0.067485 0.989130
1784010373.583363056 9.488560 0.130694 -0.286618 -0.016492 0.129634 0.066165 0.989214
1784010373.587405920 9.492752 0.130769 -0.286655 -0.016396 0.129734 0.065208 0.989266
1784010373.593208075 9.498778 0.130851 -0.286731 -0.016410 0.130043 0.063799 0.989318
1784010373.597537994 9.503268 0.130877 -0.286801 -0.016221 0.130145 0.062761 0.989374
1784010373.603383064 9.509317 0.130878 -0.286893 -0.015839 0.130001 0.061380 0.989485
1784010373.607295036 9.513362 0.130860 -0.286944 -0.015591 0.130007 0.060445 0.989546
1784010373.613166094 9.519446 0.130812 -0.286973 -0.015212 0.130235 0.059047 0.989606
1784010373.617717981 9.524168 0.130752 -0.286964 -0.015000 0.130433 0.057921 0.989650
1784010373.622900009 9.529534 0.130656 -0.286920 -0.014791 0.130610 0.056608 0.989706
1784010373.622900009 9.529534 0.130656 -0.286920 -0.014791 0.130610 0.056608 0.989706
1784010373.623099089 9.529740 0.130652 -0.286917 -0.014782 0.130616 0.056554 0.989708
1784010373.627444983 9.534237 0.130558 -0.286842 -0.014594 0.130670 0.055343 0.989773
1784010373.633224964 9.540214 0.130404 -0.286730 -0.014382 0.130552 0.053682 0.989883
1784010373.637532949 9.544669 0.130265 -0.286646 -0.014258 0.130500 0.052437 0.989958
1784010373.643153906 9.550480 0.130059 -0.286536 -0.014025 0.130568 0.050777 0.990039
1784010373.647581100 9.555058 0.129875 -0.286459 -0.013855 0.130662 0.049454 0.990096
1784010373.653156042 9.560826 0.129620 -0.286372 -0.013594 0.130763 0.047776 0.990169
1784010373.657493114 9.565299 0.129398 -0.286312 -0.013343 0.130765 0.046488 0.990233
1784010373.663197994 9.571168 0.129090 -0.286260 -0.013118 0.130418 0.044734 0.990363
1784010373.667237043 9.575325 0.128859 -0.286245 -0.013089 0.130143 0.043471 0.990455
1784010373.673203945 9.581465 0.128501 -0.286235 -0.012986 0.129965 0.041581 0.990561
1784010373.677685976 9.586070 0.128212 -0.286246 -0.012849 0.129826 0.040207 0.990638
1784010373.683197975 9.591748 0.127837 -0.286286 -0.012694 0.129639 0.038472 0.990733
1784010373.687338114 9.596025 0.127530 -0.286322 -0.012419 0.129802 0.037207 0.990764
1784010373.693363905 9.602247 0.127064 -0.286377 -0.011819 0.130220 0.035432 0.990781
1784010373.697408915 9.606419 0.126740 -0.286431 -0.011598 0.130337 0.034217 0.990811
1784010373.703259945 9.612461 0.126254 -0.286498 -0.011263 0.130543 0.032455 0.990847
1784010373.707200050 9.616531 0.125902 -0.286518 -0.011042 0.130688 0.031281 0.990868
1784010373.713236094 9.622748 0.125365 -0.286543 -0.010746 0.130948 0.029526 0.990891
1784010373.717489958 9.627108 0.124985 -0.286561 -0.010620 0.130865 0.028289 0.990940
1784010373.723095179 9.632855 0.124481 -0.286542 -0.010056 0.130930 0.026768 0.990979
1784010373.723095179 9.632855 0.124481 -0.286542 -0.010056 0.130930 0.026768 0.990979
1784010373.723177910 9.632939 0.124474 -0.286541 -0.010048 0.130931 0.026747 0.990980
1784010373.727643013 9.637513 0.124112 -0.286508 -0.009774 0.131152 0.025627 0.990983
1784010373.733196020 9.643186 0.123685 -0.286462 -0.009551 0.131087 0.024278 0.991028
1784010373.737509966 9.647579 0.123362 -0.286417 -0.009251 0.130928 0.023307 0.991075
1784010373.743042946 9.653209 0.122982 -0.286357 -0.009109 0.130988 0.022093 0.991096
1784010373.747569084 9.657811 0.122701 -0.286321 -0.009121 0.130959 0.021146 0.991120
1784010373.753042936 9.663367 0.122400 -0.286296 -0.009133 0.130731 0.020086 0.991172
1784010373.757513046 9.667901 0.122179 -0.286283 -0.009162 0.130746 0.019295 0.991186
1784010373.763003111 9.673470 0.121936 -0.286278 -0.009126 0.130859 0.018414 0.991188
1784010373.767443895 9.677975 0.121758 -0.286283 -0.009099 0.130955 0.017702 0.991189
1784010373.773241997 9.683854 0.121537 -0.286284 -0.008900 0.131080 0.016902 0.991188
1784010373.777378082 9.688045 0.121374 -0.286269 -0.008761 0.131175 0.016332 0.991186
1784010373.783298016 9.694033 0.121142 -0.286233 -0.008421 0.131217 0.015593 0.991195
1784010373.787389994 9.698165 0.120978 -0.286202 -0.008190 0.131253 0.015084 0.991200
1784010373.793196917 9.704034 0.120752 -0.286142 -0.007813 0.131262 0.014445 0.991212
1784010373.797355890 9.708250 0.120590 -0.286084 -0.007547 0.131275 0.013988 0.991219
1784010373.803206921 9.714173 0.120379 -0.285997 -0.007043 0.131348 0.013484 0.991220
1784010373.807653904 9.718655 0.120231 -0.285930 -0.006664 0.131409 0.013102 0.991219
1784010373.813188076 9.724215 0.120081 -0.285863 -0.006652 0.131068 0.012648 0.991270
1784010373.817337990 9.728378 0.119998 -0.285828 -0.006647 0.130816 0.012309 0.991308
1784010373.822964191 9.734016 0.119938 -0.285795 -0.006802 0.130797 0.012007 0.991313
1784010373.822964191 9.734016 0.119938 -0.285795 -0.006802 0.130797 0.012007 0.991313
1784010373.822976112 9.734028 0.119939 -0.285795 -0.006802 0.130797 0.012006 0.991313
1784010373.827447891 9.738520 0.119965 -0.285782 -0.006922 0.130814 0.011755 0.991313
1784010373.833228111 9.744328 0.120054 -0.285778 -0.007157 0.130588 0.011575 0.991343
1784010373.837456942 9.748575 0.120150 -0.285785 -0.007334 0.130422 0.011446 0.991365
1784010373.843008041 9.754149 0.120313 -0.285800 -0.007367 0.130546 0.011465 0.991349
1784010373.847501040 9.758658 0.120462 -0.285813 -0.007397 0.130646 0.011483 0.991335
1784010373.853020906 9.764187 0.120665 -0.285810 -0.007342 0.130642 0.011587 0.991335
1784010373.857564926 9.768722 0.120841 -0.285778 -0.007301 0.130639 0.011674 0.991334
1784010373.863199949 9.774347 0.121081 -0.285721 -0.007367 0.130327 0.011799 0.991373
1784010373.867372036 9.778519 0.121270 -0.285677 -0.007420 0.130096 0.011894 0.991402
1784010373.873250961 9.784419 0.121545 -0.285616 -0.007456 0.130423 0.012025 0.991357
1784010373.877479076 9.788674 0.121730 -0.285575 -0.007487 0.130659 0.012123 0.991325
1784010373.883236885 9.794472 0.121984 -0.285540 -0.007521 0.130735 0.012176 0.991314
1784010373.887453079 9.798709 0.122167 -0.285537 -0.007550 0.130791 0.012219 0.991306
1784010373.893202066 9.804495 0.122418 -0.285560 -0.007562 0.130938 0.012259 0.991286
1784010373.897475958 9.808808 0.122594 -0.285594 -0.007575 0.131047 0.012293 0.991271
1784010373.903331995 9.814718 0.122836 -0.285651 -0.007546 0.131407 0.012304 0.991223
1784010373.907316923 9.818726 0.122994 -0.285690 -0.007531 0.131651 0.012316 0.991191
1784010373.913197994 9.824639 0.123225 -0.285733 -0.007525 0.131317 0.012324 0.991235
1784010373.917555094 9.829020 0.123380 -0.285744 -0.007526 0.131069 0.012333 0.991268
1784010373.922761202 9.834250 0.123560 -0.285738 -0.007296 0.130883 0.012420 0.991293
1784010373.922761202 9.834250 0.123560 -0.285738 -0.007296 0.130883 0.012420 0.991293
1784010373.923140049 9.834632 0.123576 -0.285737 -0.007281 0.130870 0.012429 0.991295
1784010373.927376986 9.838903 0.123749 -0.285718 -0.007105 0.130725 0.012523 0.991314
1784010373.933255911 9.844835 0.123998 -0.285669 -0.007027 0.130672 0.012648 0.991320
1784010373.937510014 9.849131 0.124179 -0.285615 -0.006974 0.130632 0.012738 0.991325
1784010373.943269014 9.854959 0.124431 -0.285544 -0.006873 0.130671 0.012893 0.991318
1784010373.947550058 9.859291 0.124613 -0.285506 -0.006801 0.130700 0.013008 0.991313
1784010373.953192949 9.865016 0.124852 -0.285458 -0.006770 0.130678 0.013124 0.991315
1784010373.957389116 9.869271 0.125018 -0.285412 -0.006633 0.130956 0.013252 0.991277
1784010373.963332891 9.875276 0.125254 -0.285345 -0.006551 0.130774 0.013386 0.991300
1784010373.967449903 9.879427 0.125418 -0.285297 -0.006498 0.130647 0.013477 0.991316
1784010373.973181963 9.885225 0.125652 -0.285192 -0.006407 0.130825 0.013598 0.991292
1784010373.977377892 9.889459 0.125817 -0.285093 -0.006295 0.131050 0.013702 0.991261
1784010373.983062983 9.895169 0.126058 -0.284985 -0.006400 0.130663 0.013764 0.991311
1784010373.987452030 9.899566 0.126249 -0.284919 -0.006607 0.130112 0.013770 0.991382
1784010373.993175030 9.905311 0.126500 -0.284831 -0.006746 0.129815 0.013804 0.991419
1784010373.997499943 9.909653 0.126688 -0.284785 -0.006810 0.129683 0.013846 0.991435
1784010374.003201008 9.915376 0.126951 -0.284781 -0.007054 0.129193 0.013850 0.991498
1784010374.007266045 9.919455 0.127137 -0.284806 -0.007167 0.128995 0.013870 0.991522
1784010374.013281107 9.925518 0.127412 -0.284861 -0.007165 0.129251 0.013950 0.991488
1784010374.017498970 9.929779 0.127598 -0.284915 -0.007145 0.129474 0.014008 0.991458
1784010374.023092985 9.935431 0.127842 -0.284989 -0.007040 0.129716 0.014096 0.991426
1784010374.023092985 9.935431 0.127842 -0.284989 -0.007040 0.129716 0.014096 0.991426
1784010374.023232937 9.935573 0.127849 -0.284990 -0.007037 0.129720 0.014098 0.991425
1784010374.027379990 9.939786 0.128054 -0.285030 -0.006970 0.129992 0.014161 0.991389
1784010374.033221960 9.945721 0.128339 -0.285070 -0.006973 0.130203 0.014229 0.991361
1784010374.037451029 9.950009 0.128535 -0.285082 -0.006843 0.130207 0.014301 0.991360
1784010374.042347908 9.954970 0.128760 -0.285077 -0.006690 0.130212 0.014383 0.991359
1784010374.047503948 9.960192 0.129001 -0.285062 -0.006682 0.130195 0.014456 0.991360
1784010374.053040028 9.965794 0.129256 -0.285041 -0.006599 0.130044 0.014542 0.991380
1784010374.057468891 9.970267 0.129454 -0.285022 -0.006493 0.129975 0.014608 0.991388
1784010374.063195944 9.976061 0.129714 -0.285009 -0.006366 0.129888 0.014706 0.991399
1784010374.067277908 9.980194 0.129899 -0.285005 -0.006312 0.129858 0.014772 0.991403
1784010374.073098898 9.986083 0.130176 -0.285010 -0.006299 0.129890 0.014857 0.991397
1784010374.077286959 9.990310 0.130379 -0.285026 -0.006425 0.129813 0.014893 0.991406
1784010374.083204031 9.996298 0.130674 -0.285044 -0.006640 0.129692 0.014935 0.991420
1784010374.087493896 10.000640 0.130884 -0.285044 -0.006711 0.129765 0.014974 0.991409
1784010374.093101978 10.006301 0.131163 -0.285042 -0.006797 0.129713 0.015058 0.991414
1784010374.097431898 10.010666 0.131377 -0.285042 -0.006885 0.129469 0.015102 0.991445
1784010374.103163004 10.016464 0.131654 -0.285015 -0.006825 0.129496 0.015207 0.991440
1784010374.107436895 10.020787 0.131848 -0.284978 -0.006635 0.129730 0.015331 0.991409
1784010374.113105059 10.026509 0.132102 -0.284938 -0.006354 0.129716 0.015506 0.991410
1784010374.117276907 10.030716 0.132281 -0.284913 -0.006237 0.129631 0.015613 0.991420
1784010374.122716188 10.036210 0.132498 -0.284869 -0.005978 0.129854 0.015772 0.991390
1784010374.122716188 10.036210 0.132498 -0.284869 -0.005978 0.129854 0.015772 0.991390
1784010374.123164892 10.036666 0.132518 -0.284864 -0.005959 0.129874 0.015786 0.991387
1784010374.127506971 10.041090 0.132706 -0.284824 -0.005622 0.129930 0.015958 0.991379
1784010374.133200884 10.046892 0.132959 -0.284795 -0.005481 0.129662 0.016123 0.991412
1784010374.137470961 10.051239 0.133145 -0.284785 -0.005439 0.129582 0.016218 0.991421
1784010374.142330885 10.056186 0.133359 -0.284774 -0.005369 0.129560 0.016324 0.991423
1784010374.147402048 10.061346 0.133600 -0.284780 -0.005658 0.129319 0.016368 0.991452
1784010374.153162003 10.067204 0.133882 -0.284791 -0.006131 0.128966 0.016359 0.991495
1784010374.157418013 10.071521 0.134082 -0.284792 -0.006227 0.128796 0.016387 0.991516
1784010374.163182974 10.077388 0.134378 -0.284815 -0.006496 0.128556 0.016441 0.991545
1784010374.167403936 10.081689 0.134603 -0.284855 -0.006802 0.128513 0.016454 0.991548
1784010374.173149109 10.087550 0.134904 -0.284910 -0.006761 0.128650 0.016575 0.991528
1784010374.177475929 10.091957 0.135125 -0.284958 -0.006720 0.128720 0.016670 0.991518
1784010374.182970047 10.097558 0.135412 -0.285014 -0.006789 0.128723 0.016779 0.991515
1784010374.187395096 10.102056 0.135636 -0.285040 -0.006664 0.128685 0.016907 0.991519
1784010374.193172932 10.107925 0.135933 -0.285054 -0.006607 0.128555 0.017078 0.991533
1784010374.197329044 10.112147 0.136145 -0.285057 -0.006662 0.128480 0.017155 0.991541
1784010374.203118086 10.118041 0.136440 -0.285044 -0.006622 0.128670 0.017282 0.991515
1784010374.207467079 10.122459 0.136655 -0.285035 -0.006611 0.128872 0.017369 0.991487
1784010374.213130951 10.128219 0.136933 -0.285046 -0.006617 0.128863 0.017449 0.991487
1784010374.217397928 10.132555 0.137137 -0.285073 -0.006586 0.128919 0.017497 0.991479
1784010374.222968102 10.138214 0.137409 -0.285129 -0.006602 0.129110 0.017566 0.991453
1784010374.222968102 10.138214 0.137409 -0.285129 -0.006602 0.129110 0.017566 0.991453
1784010374.222995043 10.138242 0.137411 -0.285129 -0.006603 0.129110 0.017565 0.991453
1784010374.227400064 10.142791 0.137675 -0.285178 -0.006672 0.129114 0.017560 0.991452
1784010374.233217955 10.148826 0.138031 -0.285255 -0.006722 0.129253 0.017526 0.991434
1784010374.237833977 10.153607 0.138309 -0.285317 -0.006774 0.129556 0.017509 0.991394
1784010374.242331982 10.158245 0.138574 -0.285379 -0.006758 0.129483 0.017517 0.991404
1784010374.247595072 10.163666 0.138881 -0.285431 -0.006675 0.128991 0.017522 0.991469
1784010374.253154039 10.169397 0.139200 -0.285437 -0.006534 0.128745 0.017553 0.991501
1784010374.257599115 10.173972 0.139449 -0.285415 -0.006403 0.128706 0.017617 0.991506
1784010374.262849092 10.179379 0.139751 -0.285380 -0.006408 0.128493 0.017657 0.991532
1784010374.267649889 10.184323 0.140027 -0.285339 -0.006497 0.128445 0.017688 0.991538
1784010374.273163080 10.190011 0.140337 -0.285271 -0.006452 0.128625 0.017771 0.991513
1784010374.277618885 10.194605 0.140577 -0.285221 -0.006370 0.128719 0.017847 0.991500
1784010374.283309937 10.200471 0.140885 -0.285167 -0.006309 0.128760 0.017932 0.991494
1784010374.287285089 10.204555 0.141092 -0.285135 -0.006208 0.128905 0.018014 0.991474
1784010374.293188095 10.210640 0.141408 -0.285086 -0.006167 0.129135 0.018102 0.991443
1784010374.297434092 10.215013 0.141624 -0.285048 -0.006093 0.129294 0.018168 0.991421
1784010374.303168058 10.220905 0.141916 -0.284981 -0.005904 0.129407 0.018245 0.991406
1784010374.307286978 10.225115 0.142126 -0.284931 -0.005978 0.129264 0.018265 0.991424
1784010374.313183069 10.231152 0.142440 -0.284846 -0.006245 0.128850 0.018239 0.991477
1784010374.317651033 10.235717 0.142666 -0.284772 -0.006304 0.128602 0.018235 0.991509
1784010374.322874069 10.241047 0.142936 -0.284699 -0.006451 0.128253 0.018201 0.991553
1784010374.322874069 10.241047 0.142936 -0.284699 -0.006451 0.128253 0.018201 0.991553
1784010374.323033094 10.241211 0.142946 -0.284697 -0.006453 0.128245 0.018202 0.991554
1784010374.327413082 10.245723 0.143220 -0.284662 -0.006646 0.127855 0.018207 0.991604
1784010374.333146095 10.251647 0.143580 -0.284647 -0.006701 0.127596 0.018261 0.991635
1784010374.337400913 10.256050 0.143841 -0.284660 -0.006746 0.127720 0.018314 0.991618
1784010374.343177080 10.262044 0.144190 -0.284716 -0.006716 0.127938 0.018399 0.991589
1784010374.347393990 10.266425 0.144431 -0.284772 -0.006524 0.128222 0.018491 0.991552
1784010374.352787018 10.272033 0.144741 -0.284847 -0.006346 0.128862 0.018612 0.991468
1784010374.357513905 10.276935 0.145007 -0.284917 -0.006314 0.129176 0.018683 0.991426
1784010374.363023043 10.282640 0.145304 -0.284977 -0.006129 0.129214 0.018792 0.991420
1784010374.367382050 10.287149 0.145530 -0.284997 -0.005959 0.129408 0.018873 0.991394
1784010374.373225927 10.293179 0.145839 -0.285002 -0.005855 0.129716 0.018975 0.991352
1784010374.377769947 10.297840 0.146076 -0.284999 -0.005757 0.129622 0.019042 0.991364
1784010374.382869959 10.303067 0.146345 -0.284984 -0.005645 0.129536 0.019121 0.991374
1784010374.387403011 10.307719 0.146587 -0.284956 -0.005591 0.129674 0.019204 0.991355
1784010374.393152952 10.313636 0.146899 -0.284925 -0.005496 0.129722 0.019309 0.991347
1784010374.397430897 10.318035 0.147129 -0.284915 -0.005480 0.129719 0.019366 0.991347
1784010374.403179884 10.323939 0.147452 -0.284916 -0.005594 0.129820 0.019421 0.991332
1784010374.407252073 10.328111 0.147683 -0.284933 -0.005774 0.129824 0.019445 0.991330
1784010374.413125992 10.334150 0.148014 -0.284954 -0.005865 0.129838 0.019506 0.991326
1784010374.417654037 10.338809 0.148262 -0.284962 -0.005860 0.130071 0.019566 0.991294
1784010374.423093081 10.344400 0.148562 -0.284974 -0.005859 0.130285 0.019663 0.991264
1784010374.423093081 10.344400 0.148562 -0.284974 -0.005859 0.130285 0.019663 0.991264
1784010374.423194885 10.344505 0.148569 -0.284974 -0.005861 0.130288 0.019664 0.991264
1784010374.427447081 10.348892 0.148835 -0.284969 -0.005795 0.130231 0.019735 0.991270
1784010374.433197021 10.354827 0.149187 -0.284949 -0.005593 0.130325 0.019868 0.991257
1784010374.437638998 10.359413 0.149446 -0.284922 -0.005379 0.130530 0.020002 0.991228
1784010374.442812920 10.364756 0.149743 -0.284889 -0.005209 0.130653 0.020139 0.991210
1784010374.447484970 10.369574 0.149999 -0.284858 -0.005041 0.130715 0.020256 0.991200
1784010374.453026056 10.375278 0.150293 -0.284815 -0.004691 0.130710 0.020439 0.991199
1784010374.457360983 10.379739 0.150520 -0.284790 -0.004600 0.130644 0.020556 0.991205
1784010374.462934971 10.385477 0.150816 -0.284768 -0.004642 0.130592 0.020652 0.991210
1784010374.467257023 10.389916 0.151042 -0.284753 -0.004642 0.130530 0.020725 0.991217
1784010374.473138094 10.395963 0.151379 -0.284746 -0.005049 0.130356 0.020770 0.991237
1784010374.477586031 10.400538 0.151639 -0.284747 -0.005454 0.130259 0.020763 0.991248
1784010374.483233929 10.406336 0.151962 -0.284747 -0.005529 0.130146 0.020836 0.991260
1784010374.487380981 10.410589 0.152203 -0.284765 -0.005686 0.130022 0.020892 0.991275
1784010374.493082047 10.416461 0.152556 -0.284814 -0.006140 0.130080 0.020935 0.991263
1784010374.497416019 10.420930 0.152814 -0.284855 -0.006182 0.130328 0.021024 0.991229
1784010374.503288031 10.426972 0.153165 -0.284921 -0.006120 0.130527 0.021181 0.991200
1784010374.507299900 10.431090 0.153403 -0.284974 -0.006216 0.130450 0.021253 0.991208
1784010374.513169050 10.437112 0.153754 -0.285016 -0.006145 0.130368 0.021417 0.991215
1784010374.517484903 10.441533 0.154007 -0.285025 -0.006180 0.130378 0.021533 0.991211
1784010374.522881031 10.447066 0.154324 -0.285026 -0.006261 0.130321 0.021647 0.991216
1784010374.522881031 10.447066 0.154324 -0.285026 -0.006261 0.130321 0.021647 0.991216
1784010374.523152113 10.447346 0.154342 -0.285025 -0.006264 0.130316 0.021653 0.991216
1784010374.527735949 10.452086 0.154654 -0.285001 -0.006223 0.130385 0.021742 0.991205
1784010374.533155918 10.457691 0.155024 -0.284972 -0.006271 0.130685 0.021834 0.991164
1784010374.537470102 10.462147 0.155311 -0.284963 -0.006273 0.130771 0.021890 0.991151
1784010374.542886019 10.467746 0.155672 -0.284971 -0.006251 0.130774 0.021958 0.991149
1784010374.547858000 10.472879 0.156002 -0.284995 -0.006259 0.130922 0.022011 0.991129
1784010374.552963018 10.478154 0.156342 -0.285043 -0.006268 0.131026 0.022055 0.991114
1784010374.557328939 10.482673 0.156630 -0.285098 -0.006267 0.131158 0.022083 0.991096
1784010374.563071966 10.488611 0.157017 -0.285171 -0.006318 0.131422 0.022120 0.991060
1784010374.567523956 10.493191 0.157308 -0.285222 -0.006288 0.131330 0.022170 0.991071
1784010374.572901011 10.498719 0.157652 -0.285262 -0.006120 0.130854 0.022254 0.991133
1784010374.577143908 10.503079 0.157917 -0.285269 -0.005949 0.130661 0.022341 0.991158
1784010374.583146095 10.509240 0.158303 -0.285248 -0.005759 0.130547 0.022497 0.991170
1784010374.587475061 10.513676 0.158581 -0.285227 -0.005764 0.130359 0.022588 0.991193
1784010374.593164921 10.519524 0.158949 -0.285181 -0.005819 0.130323 0.022707 0.991194
1784010374.597347975 10.523825 0.159206 -0.285129 -0.005696 0.130547 0.022841 0.991163
1784010374.603113890 10.529752 0.159563 -0.285068 -0.005479 0.130660 0.023033 0.991144
1784010374.607364893 10.534113 0.159824 -0.285038 -0.005457 0.130643 0.023142 0.991144
1784010374.613117933 10.540020 0.160176 -0.284989 -0.005316 0.130900 0.023326 0.991107
1784010374.617232084 10.544242 0.160420 -0.284951 -0.005218 0.131131 0.023448 0.991074
1784010374.622812033 10.549969 0.160757 -0.284899 -0.005242 0.131200 0.023562 0.991062
1784010374.622812033 10.549969 0.160757 -0.284899 -0.005242 0.131200 0.023562 0.991062
1784010374.623152971 10.550322 0.160781 -0.284895 -0.005245 0.131207 0.023567 0.991061
1784010374.627403021 10.554706 0.161086 -0.284840 -0.005220 0.131169 0.023623 0.991065
1784010374.633155107 10.560620 0.161512 -0.284759 -0.005291 0.130873 0.023681 0.991102
1784010374.637639046 10.565225 0.161846 -0.284700 -0.005461 0.130444 0.023705 0.991157
1784010374.643229961 10.570977 0.162264 -0.284624 -0.005568 0.130052 0.023727 0.991208
1784010374.647358894 10.575216 0.162567 -0.284576 -0.005616 0.129887 0.023749 0.991228
1784010374.653186083 10.581202 0.163012 -0.284552 -0.005827 0.129476 0.023761 0.991281
1784010374.657576084 10.585717 0.163340 -0.284565 -0.005952 0.129236 0.023782 0.991311
1784010374.662923098 10.591235 0.163736 -0.284593 -0.005979 0.129360 0.023849 0.991293
1784010374.667375088 10.595836 0.164051 -0.284632 -0.005880 0.129581 0.023928 0.991263
1784010374.673154116 10.601816 0.164461 -0.284696 -0.005717 0.129867 0.024030 0.991224
1784010374.677272081 10.606072 0.164744 -0.284743 -0.005667 0.130207 0.024092 0.991178
1784010374.683129072 10.612125 0.165144 -0.284795 -0.005587 0.130593 0.024169 0.991126
1784010374.687345028 10.616469 0.165413 -0.284821 -0.005437 0.130639 0.024242 0.991119
1784010374.693181992 10.622480 0.165795 -0.284837 -0.005308 0.130661 0.024311 0.991115
1784010374.697516918 10.626932 0.166073 -0.284837 -0.005307 0.130688 0.024355 0.991110
1784010374.702992916 10.632559 0.166426 -0.284831 -0.005205 0.130570 0.024425 0.991124
1784010374.707389116 10.637075 0.166706 -0.284823 -0.005111 0.130565 0.024486 0.991124
1784010374.713218927 10.643058 0.167093 -0.284811 -0.005063 0.130672 0.024577 0.991108
1784010374.717236042 10.647171 0.167354 -0.284810 -0.005021 0.130611 0.024644 0.991115
1784010374.722866058 10.652949 0.167736 -0.284804 -0.005071 0.130563 0.024701 0.991119
1784010374.722866058 10.652949 0.167736 -0.284804 -0.005071 0.130563 0.024701 0.991119
1784010374.723150015 10.653242 0.167759 -0.284803 -0.005072 0.130561 0.024707 0.991119
1784010374.727242947 10.657473 0.168096 -0.284782 -0.005210 0.130654 0.024768 0.991105
1784010374.733110905 10.663534 0.168593 -0.284761 -0.005418 0.130564 0.024890 0.991113
1784010374.737549067 10.668110 0.168968 -0.284747 -0.005490 0.130404 0.024991 0.991131
1784010374.743040085 10.673781 0.169446 -0.284723 -0.005550 0.130539 0.025156 0.991108
1784010374.747220993 10.678096 0.169813 -0.284706 -0.005527 0.130733 0.025320 0.991079
1784010374.753115892 10.684169 0.170346 -0.284696 -0.005416 0.130841 0.025598 0.991058
1784010374.757251978 10.688416 0.170717 -0.284698 -0.005335 0.130941 0.025817 0.991040
1784010374.763149977 10.694466 0.171251 -0.284691 -0.005053 0.131169 0.026189 0.991001
1784010374.767461061 10.698878 0.171642 -0.284687 -0.004876 0.131221 0.026471 0.990988
1784010374.773122072 10.704666 0.172181 -0.284682 -0.004738 0.131240 0.026894 0.990974
1784010374.777435064 10.709054 0.172599 -0.284669 -0.004516 0.131268 0.027280 0.990961
1784010374.783143997 10.714841 0.173188 -0.284655 -0.004376 0.131238 0.027817 0.990951
1784010374.787343025 10.719077 0.173647 -0.284646 -0.004431 0.131107 0.028213 0.990957
1784010374.793203115 10.724978 0.174341 -0.284612 -0.004690 0.130920 0.028807 0.990963
1784010374.797389030 10.729183 0.174863 -0.284576 -0.004937 0.130781 0.029243 0.990968
1784010374.803143024 10.734957 0.175625 -0.284531 -0.005314 0.130533 0.029885 0.990979
1784010374.807249069 10.739061 0.176188 -0.284513 -0.005546 0.130335 0.030364 0.990989
1784010374.813174009 10.744993 0.177049 -0.284516 -0.005862 0.130172 0.031134 0.990985
1784010374.817599058 10.749445 0.177717 -0.284545 -0.006153 0.130270 0.031714 0.990952
1784010374.822944164 10.754840 0.178544 -0.284596 -0.006416 0.130669 0.032445 0.990874
1784010374.822944164 10.754840 0.178544 -0.284596 -0.006416 0.130669 0.032445 0.990874
1784010374.823018074 10.754915 0.178557 -0.284597 -0.006420 0.130675 0.032456 0.990873
1784010374.827115059 10.759071 0.179242 -0.284644 -0.006444 0.130824 0.033059 0.990833
1784010374.833143950 10.765170 0.180281 -0.284729 -0.006606 0.130637 0.033977 0.990826
1784010374.837275982 10.769342 0.181002 -0.284778 -0.006745 0.130589 0.034596 0.990810
1784010374.843151093 10.775277 0.182051 -0.284801 -0.006664 0.130762 0.035596 0.990752
1784010374.848143101 10.780306 0.182970 -0.284801 -0.006597 0.130860 0.036486 0.990707
1784010374.853282928 10.785475 0.183955 -0.284793 -0.006663 0.130909 0.037416 0.990666
1784010374.857419014 10.789625 0.184768 -0.284782 -0.006742 0.131049 0.038196 0.990617
1784010374.862991095 10.795211 0.185903 -0.284775 -0.006826 0.131238 0.039297 0.990548
1784010374.867439985 10.799659 0.186832 -0.284791 -0.006937 0.131256 0.040196 0.990509
1784010374.873091936 10.805302 0.188054 -0.284834 -0.007155 0.131351 0.041356 0.990447
1784010374.877432108 10.809626 0.189010 -0.284875 -0.007331 0.131509 0.042270 0.990386
1784010374.883115053 10.815292 0.190294 -0.284935 -0.007455 0.131674 0.043514 0.990309
1784010374.887274981 10.819429 0.191254 -0.284985 -0.007595 0.131776 0.044437 0.990254
1784010374.893121958 10.825214 0.192641 -0.285058 -0.007840 0.131817 0.045805 0.990184
1784010374.897222996 10.829238 0.193623 -0.285110 -0.007840 0.131636 0.046827 0.990160
1784010374.903106928 10.835001 0.195072 -0.285170 -0.007899 0.131353 0.048338 0.990125
1784010374.907346010 10.839142 0.196137 -0.285198 -0.008024 0.131336 0.049441 0.990072
1784010374.913182020 10.844833 0.197642 -0.285212 -0.008111 0.131374 0.051045 0.989985
1784010374.917251110 10.848786 0.198705 -0.285207 -0.008183 0.131390 0.052170 0.989923
1784010374.922775984 10.854147 0.200180 -0.285174 -0.008295 0.131558 0.053744 0.989816
1784010374.922775984 10.854147 0.200180 -0.285174 -0.008295 0.131558 0.053744 0.989816
1784010374.923114061 10.854477 0.200274 -0.285170 -0.008304 0.131568 0.053840 0.989809
1784010374.927453041 10.858704 0.201495 -0.285117 -0.008415 0.131739 0.055119 0.989715
1784010374.933165073 10.864244 0.203139 -0.285044 -0.008678 0.131822 0.056824 0.989605
1784010374.937586069 10.868511 0.204432 -0.284987 -0.008864 0.131845 0.058166 0.989523
1784010374.942785978 10.873518 0.205977 -0.284911 -0.009075 0.132014 0.059784 0.989402
1784010374.947428942 10.877976 0.207378 -0.284841 -0.009337 0.132036 0.061206 0.989309
1784010374.952795982 10.883128 0.209024 -0.284759 -0.009611 0.131847 0.062879 0.989227
1784010374.957415104 10.887555 0.210460 -0.284684 -0.009738 0.131740 0.064354 0.989145
1784010374.963041067 10.892922 0.212245 -0.284616 -0.009963 0.131597 0.066179 0.989042
1784010374.967242002 10.896908 0.213600 -0.284598 -0.010226 0.131286 0.067525 0.988989
1784010374.973278999 10.902644 0.215592 -0.284598 -0.010618 0.130877 0.069505 0.988902
1784010374.977420092 10.906583 0.216979 -0.284609 -0.010906 0.130875 0.070867 0.988803
1784010374.983119011 10.911989 0.218918 -0.284648 -0.011232 0.130864 0.072793 0.988661
1784010374.987389088 10.916013 0.220383 -0.284696 -0.011319 0.130631 0.074266 0.988581
1784010374.993165016 10.921458 0.222399 -0.284759 -0.011404 0.130515 0.076343 0.988437
1784010374.997340918 10.925404 0.223881 -0.284801 -0.011505 0.130758 0.077874 0.988284
1784010375.003093004 10.930830 0.225955 -0.284848 -0.011603 0.131153 0.080017 0.988059
1784010375.007333994 10.934798 0.227500 -0.284881 -0.011686 0.131237 0.081605 0.987917
1784010375.013124943 10.940197 0.229657 -0.284926 -0.012076 0.131273 0.083790 0.987725
1784010375.017290115 10.944073 0.231232 -0.284954 -0.012402 0.131356 0.085356 0.987576
1784010375.022819042 10.949206 0.233351 -0.284975 -0.012702 0.131465 0.087481 0.987372
1784010375.022819042 10.949206 0.233351 -0.284975 -0.012702 0.131465 0.087481 0.987372
1784010375.023283005 10.949636 0.233531 -0.284975 -0.012725 0.131473 0.087661 0.987354
1784010375.027251005 10.953308 0.235073 -0.284974 -0.012919 0.131546 0.089217 0.987203
1784010375.033114910 10.958727 0.237381 -0.284957 -0.013261 0.131504 0.091601 0.986985
1784010375.037671089 10.962932 0.239199 -0.284930 -0.013561 0.131593 0.093429 0.986798
1784010375.043133020 10.967950 0.241399 -0.284881 -0.013865 0.131561 0.095646 0.986586
1784010375.047499895 10.971941 0.243177 -0.284838 -0.014070 0.131319 0.097428 0.986441
1784010375.052977085 10.976932 0.245441 -0.284783 -0.014482 0.131104 0.099689 0.986237
1784010375.057363033 10.980920 0.247282 -0.284734 -0.014812 0.130929 0.101484 0.986073
1784010375.063128948 10.986152 0.249733 -0.284671 -0.015052 0.130879 0.103938 0.985820
1784010375.067404032 10.990023 0.251573 -0.284629 -0.015229 0.130837 0.105735 0.985632
1784010375.073138952 10.995198 0.254068 -0.284588 -0.015508 0.130946 0.108251 0.985340
1784010375.077191114 10.998837 0.255852 -0.284572 -0.015705 0.131018 0.110006 0.985133
1784010375.083118916 11.004147 0.258497 -0.284574 -0.015854 0.130864 0.112707 0.984845
1784010375.087357044 11.007937 0.260421 -0.284598 -0.015960 0.130750 0.114614 0.984639
1784010375.093215942 11.013148 0.263120 -0.284651 -0.016278 0.130834 0.117345 0.984301
1784010375.097495079 11.016921 0.265122 -0.284700 -0.016510 0.130892 0.119317 0.984052
1784010375.102961063 11.021716 0.267709 -0.284736 -0.017011 0.130647 0.121852 0.983765
1784010375.107384920 11.025586 0.269828 -0.284717 -0.017416 0.130445 0.123889 0.983531
1784010375.113182068 11.030635 0.272634 -0.284647 -0.017666 0.130120 0.126676 0.983214
1784010375.117348909 11.034241 0.274674 -0.284574 -0.017846 0.129883 0.128656 0.982985
1784010375.122642994 11.038802 0.277291 -0.284456 -0.018055 0.129978 0.131273 0.982623
1784010375.122642994 11.038802 0.277291 -0.284456 -0.018055 0.129978 0.131273 0.982623
1784010375.123090982 11.039187 0.277516 -0.284443 -0.018075 0.129988 0.131485 0.982593
1784010375.127413034 11.042895 0.279694 -0.284309 -0.018266 0.130098 0.133529 0.982299
1784010375.133244991 11.047882 0.282665 -0.284134 -0.018527 0.129844 0.136326 0.981943
1784010375.137641907 11.051629 0.284923 -0.284032 -0.018719 0.129641 0.138430 0.981672
1784010375.143084049 11.056247 0.287750 -0.283949 -0.019087 0.129744 0.141043 0.981279
1784010375.147231102 11.059747 0.289927 -0.283930 -0.019363 0.129813 0.143030 0.980977
1784010375.153211117 11.064780 0.293106 -0.283948 -0.019846 0.129670 0.145893 0.980565
1784010375.157138109 11.068081 0.295210 -0.283987 -0.020157 0.129562 0.147767 0.980292
1784010375.163259983 11.073211 0.298527 -0.284088 -0.020704 0.129849 0.150679 0.979799
1784010375.167186022 11.076486 0.300672 -0.284187 -0.021048 0.130017 0.152540 0.979481
1784010375.173147917 11.081435 0.303965 -0.284342 -0.021639 0.130195 0.155350 0.979003
1784010375.177428961 11.084971 0.306351 -0.284444 -0.022057 0.130310 0.157362 0.978657
1784010375.183145046 11.089668 0.309567 -0.284548 -0.022656 0.130143 0.160072 0.978226
1784010375.187272072 11.093046 0.311901 -0.284599 -0.023084 0.130012 0.162023 0.977912
1784010375.193113089 11.097799 0.315233 -0.284623 -0.023494 0.130000 0.164832 0.977435
1784010375.197252989 11.101145 0.317609 -0.284609 -0.023779 0.129979 0.166818 0.977094
1784010375.203074932 11.105834 0.320976 -0.284552 -0.024033 0.129549 0.169661 0.976655
1784010375.207293987 11.109228 0.323427 -0.284496 -0.024213 0.129226 0.171717 0.976334
1784010375.213344097 11.114084 0.326976 -0.284435 -0.024645 0.129172 0.174679 0.975805
1784010375.217314959 11.117265 0.329321 -0.284436 -0.024924 0.129122 0.176617 0.975455
1784010375.222772121 11.121633 0.332572 -0.284472 -0.025476 0.128945 0.179248 0.974984
1784010375.222772121 11.121633 0.332572 -0.284472 -0.025476 0.128945 0.179248 0.974984
1784010375.223020077 11.121831 0.332723 -0.284473 -0.025499 0.128935 0.179366 0.974963
1784010375.227184057 11.125153 0.335256 -0.284499 -0.025895 0.128993 0.181336 0.974581
1784010375.233120918 11.129872 0.338888 -0.284555 -0.026486 0.128847 0.184108 0.974064
1784010375.237875938 11.133639 0.341810 -0.284622 -0.026962 0.128726 0.186327 0.973645
1784010375.242841959 11.137566 0.344876 -0.284680 -0.027371 0.128775 0.188656 0.973179
1784010375.247684002 11.141375 0.347881 -0.284716 -0.027773 0.128986 0.190932 0.972695
1784010375.252244949 11.144933 0.350733 -0.284748 -0.028308 0.128838 0.193041 0.972283
1784010375.257448912 11.148972 0.354012 -0.284774 -0.028903 0.128405 0.195450 0.971842
1784010375.263098955 11.153342 0.357588 -0.284765 -0.029380 0.128200 0.198091 0.971320
1784010375.267350912 11.156613 0.360282 -0.284746 -0.029582 0.128055 0.200119 0.970917
1784010375.273106098 11.161013 0.363955 -0.284736 -0.029738 0.127525 0.202893 0.970406
1784010375.277607918 11.164439 0.366850 -0.284744 -0.030002 0.127307 0.205064 0.969970
1784010375.283063889 11.168581 0.370383 -0.284751 -0.030259 0.127482 0.207743 0.969369
1784010375.287373066 11.171842 0.373188 -0.284772 -0.030411 0.127582 0.209882 0.968890
1784010375.293051958 11.176122 0.376914 -0.284812 -0.030709 0.127670 0.212683 0.968258
1784010375.297264099 11.179283 0.379684 -0.284841 -0.030841 0.127888 0.214794 0.967759
1784010375.303112984 11.183643 0.383554 -0.284884 -0.031000 0.127985 0.217737 0.967083
1784010375.307368994 11.186799 0.386384 -0.284926 -0.031187 0.127901 0.219860 0.966608
1784010375.313208103 11.191110 0.390288 -0.284971 -0.031383 0.128025 0.222782 0.965916
1784010375.317373037 11.194167 0.393079 -0.285002 -0.031536 0.128103 0.224870 0.965416
1784010375.322686195 11.198038 0.396667 -0.285051 -0.031881 0.127859 0.227503 0.964820
1784010375.322686195 11.198038 0.396667 -0.285051 -0.031881 0.127859 0.227503 0.964820
1784010375.323105097 11.198342 0.396955 -0.285054 -0.031911 0.127841 0.227717 0.964771
1784010375.327425957 11.201469 0.399932 -0.285070 -0.032217 0.127703 0.229928 0.964255
1784010375.333121061 11.205568 0.403880 -0.285071 -0.032700 0.127689 0.232843 0.963540
1784010375.337192059 11.208485 0.406713 -0.285064 -0.033022 0.127523 0.234902 0.963052
1784010375.343122005 11.212714 0.410863 -0.285032 -0.033348 0.127332 0.237922 0.962324
1784010375.347291946 11.215666 0.413795 -0.285001 -0.033688 0.127317 0.240005 0.961797
1784010375.353111029 11.219750 0.417915 -0.284960 -0.034347 0.127048 0.242911 0.961079
1784010375.357367992 11.222723 0.420938 -0.284933 -0.034672 0.126723 0.245033 0.960572
1784010375.363159895 11.226763 0.425070 -0.284886 -0.035045 0.126685 0.247943 0.959816
1784010375.367590904 11.229841 0.428244 -0.284864 -0.035357 0.126761 0.250148 0.959222
1784010375.372874022 11.233496 0.432045 -0.284872 -0.035624 0.126639 0.252814 0.958529
1784010375.377157927 11.236451 0.435137 -0.284902 -0.035797 0.126713 0.254994 0.957936
1784010375.383086920 11.240525 0.439437 -0.284974 -0.036132 0.127121 0.258014 0.957060
1784010375.387422085 11.243484 0.442594 -0.285059 -0.036437 0.127183 0.260204 0.956447
1784010375.393096924 11.247334 0.446745 -0.285163 -0.036862 0.127106 0.263072 0.955656
1784010375.397403002 11.250236 0.449899 -0.285216 -0.037177 0.127122 0.265221 0.955047
1784010375.403234005 11.254132 0.454193 -0.285253 -0.037678 0.126935 0.268145 0.954236
1784010375.407294035 11.256824 0.457194 -0.285257 -0.037972 0.126608 0.270161 0.953699
1784010375.413175106 11.260701 0.461565 -0.285212 -0.038327 0.126375 0.273120 0.952873
1784010375.417202950 11.263337 0.464569 -0.285163 -0.038557 0.126329 0.275160 0.952282
1784010375.422996044 11.267101 0.468922 -0.285098 -0.038887 0.126087 0.278130 0.951438
1784010375.422996044 11.267101 0.468922 -0.285098 -0.038887 0.126087 0.278130 0.951438
1784010375.423085928 11.267159 0.468991 -0.285097 -0.038893 0.126082 0.278173 0.951425
1784010375.427373886 11.269917 0.472245 -0.285050 -0.039125 0.126021 0.280269 0.950809
1784010375.433065891 11.273559 0.476585 -0.285004 -0.039402 0.126271 0.283069 0.949934
1784010375.437792063 11.276561 0.480206 -0.285007 -0.039718 0.126294 0.285400 0.949220
1784010375.442858934 11.279758 0.484111 -0.285059 -0.040149 0.126136 0.287874 0.948476
1784010375.447366953 11.282590 0.487595 -0.285130 -0.040492 0.126234 0.290084 0.947775
1784010375.453083992 11.286155 0.492036 -0.285253 -0.040972 0.126370 0.292874 0.946877
1784010375.457324982 11.288786 0.495345 -0.285368 -0.041348 0.126329 0.294944 0.946224
1784010375.462975979 11.292269 0.499770 -0.285509 -0.041792 0.126415 0.297674 0.945337
1784010375.467334986 11.294938 0.503189 -0.285596 -0.042094 0.126492 0.299781 0.944648
1784010375.473159075 11.298472 0.507786 -0.285683 -0.042469 0.126228 0.302585 0.943772
1784010375.477190018 11.300911 0.510986 -0.285717 -0.042705 0.126056 0.304541 0.943155
1784010375.483171940 11.304502 0.515755 -0.285714 -0.043056 0.126093 0.307399 0.942206
1784010375.487493992 11.307073 0.519202 -0.285691 -0.043210 0.126027 0.309500 0.941520
1784010375.492883921 11.310254 0.523514 -0.285658 -0.043275 0.125843 0.312134 0.940672
1784010375.497360945 11.312881 0.527105 -0.285623 -0.043395 0.125981 0.314322 0.939919
1784010375.503099918 11.316218 0.531721 -0.285584 -0.043495 0.126212 0.317151 0.938932
1784010375.507240057 11.318609 0.535060 -0.285579 -0.043637 0.126132 0.319195 0.938244
1784010375.513185978 11.322014 0.539873 -0.285594 -0.044020 0.126007 0.322061 0.937262
1784010375.517417908 11.324425 0.543301 -0.285615 -0.044257 0.126016 0.324108 0.936544
1784010375.522732019 11.327427 0.547630 -0.285676 -0.044742 0.125836 0.326633 0.935668
1784010375.522732019 11.327427 0.547630 -0.285676 -0.044742 0.125836 0.326633 0.935668
1784010375.523252010 11.327718 0.548060 -0.285684 -0.044786 0.125819 0.326883 0.935581
1784010375.527548075 11.330116 0.551629 -0.285753 -0.045284 0.125598 0.328906 0.934877
1784010375.533133030 11.333209 0.556284 -0.285842 -0.045806 0.125431 0.331518 0.933951
1784010375.537801027 11.335772 0.560186 -0.285920 -0.046243 0.125273 0.333721 0.933166
1784010375.543160915 11.338692 0.564696 -0.286014 -0.046860 0.125026 0.336208 0.932275
1784010375.547399998 11.340981 0.568270 -0.286078 -0.047310 0.124868 0.338176 0.931561
1784010375.553112984 11.344041 0.573116 -0.286137 -0.047833 0.124583 0.340850 0.930598
1784010375.557146072 11.346190 0.576550 -0.286166 -0.048129 0.124353 0.342770 0.929908
1784010375.563214064 11.349397 0.581738 -0.286174 -0.048439 0.124234 0.345672 0.928833
1784010375.567102909 11.351429 0.585059 -0.286166 -0.048585 0.124130 0.347562 0.928134
1784010375.573095083 11.354543 0.590233 -0.286155 -0.048897 0.123798 0.350478 0.927064
1784010375.577162981 11.356661 0.593779 -0.286152 -0.049240 0.123816 0.352469 0.926289
1784010375.583136082 11.359753 0.599013 -0.286166 -0.049822 0.124162 0.355326 0.925119
1784010375.587285995 11.361872 0.602642 -0.286216 -0.050181 0.124069 0.357308 0.924348
1784010375.593101978 11.364830 0.607756 -0.286329 -0.050477 0.123679 0.360111 0.923296
1784010375.597367048 11.367010 0.611527 -0.286428 -0.050716 0.123898 0.362175 0.922446
1784010375.603079081 11.369918 0.616603 -0.286590 -0.051129 0.124531 0.364920 0.921255
1784010375.607239962 11.372010 0.620294 -0.286742 -0.051298 0.124580 0.366914 0.920447
1784010375.613121033 11.374931 0.625534 -0.286967 -0.051579 0.124399 0.369687 0.919346
1784010375.617322922 11.377003 0.629294 -0.287115 -0.052052 0.124429 0.371637 0.918528
1784010375.622925997 11.379745 0.634335 -0.287275 -0.052671 0.124411 0.374221 0.917445
1784010375.622925997 11.379745 0.634335 -0.287275 -0.052671 0.124411 0.374221 0.917445
1784010375.623226881 11.379892 0.634611 -0.287280 -0.052708 0.124410 0.374368 0.917383
1784010375.627321959 11.381877 0.638356 -0.287345 -0.053099 0.124104 0.376375 0.916581
1784010375.633109093 11.384642 0.643660 -0.287376 -0.053514 0.123507 0.379255 0.915449
1784010375.637950897 11.386932 0.648119 -0.287351 -0.053893 0.123255 0.381689 0.914449
1784010375.643100023 11.389351 0.652893 -0.287291 -0.054379 0.123262 0.384289 0.913330
1784010375.647416115 11.391358 0.656898 -0.287230 -0.054693 0.123294 0.386485 0.912380
1784010375.653073072 11.393966 0.662162 -0.287148 -0.055008 0.123334 0.389423 0.911105
1784010375.657758951 11.396107 0.666535 -0.287094 -0.055401 0.123465 0.391841 0.910026
1784010375.662734032 11.398366 0.671184 -0.287058 -0.055739 0.123661 0.394425 0.908862
1784010375.667460918 11.400499 0.675603 -0.287058 -0.055948 0.123791 0.396892 0.907757
1784010375.672904015 11.402934 0.680702 -0.287098 -0.056408 0.124054 0.399689 0.906464
1784010375.677244902 11.404846 0.684745 -0.287145 -0.056765 0.124315 0.401877 0.905438
1784010375.683098078 11.407370 0.690155 -0.287202 -0.056988 0.124232 0.404860 0.904106
1784010375.687576056 11.409262 0.694281 -0.287236 -0.057210 0.123828 0.407092 0.903144
1784010375.692910910 11.411497 0.699216 -0.287236 -0.057720 0.123624 0.409715 0.901953
1784010375.697232008 11.413280 0.703193 -0.287202 -0.057931 0.123623 0.411832 0.900975
1784010375.703115940 11.415645 0.708602 -0.287165 -0.058059 0.123045 0.414787 0.899689
1784010375.707196951 11.417242 0.712361 -0.287160 -0.058404 0.122479 0.416774 0.898825
1784010375.713115931 11.419538 0.717832 -0.287151 -0.059172 0.122398 0.419646 0.897449
1784010375.717412949 11.421182 0.721777 -0.287151 -0.059413 0.122534 0.421755 0.896425
1784010375.723000050 11.423285 0.726913 -0.287183 -0.059548 0.122345 0.424552 0.895121
1784010375.723000050 11.423285 0.726913 -0.287183 -0.059548 0.122345 0.424552 0.895121
1784010375.723074913 11.423313 0.726983 -0.287184 -0.059549 0.122342 0.424587 0.895105
1784010375.727315903 11.424868 0.730939 -0.287217 -0.059928 0.122249 0.426540 0.894163
1784010375.733091116 11.426952 0.736315 -0.287273 -0.060488 0.122486 0.429187 0.892825
1784010375.737348080 11.428460 0.740244 -0.287334 -0.060587 0.122418 0.431182 0.891866
1784010375.743108988 11.430466 0.745568 -0.287447 -0.060903 0.122053 0.433837 0.890606
1784010375.747554064 11.432005 0.749684 -0.287533 -0.061287 0.122166 0.435854 0.889579
1784010375.753108978 11.433908 0.754829 -0.287638 -0.061620 0.122468 0.438403 0.888261
1784010375.757117033 11.435262 0.758529 -0.287726 -0.061839 0.122401 0.440225 0.887353
1784010375.763045073 11.437233 0.763984 -0.287853 -0.062099 0.122261 0.442865 0.886040
1784010375.767370939 11.438664 0.767953 -0.287930 -0.062261 0.122298 0.444783 0.885062
1784010375.773111105 11.440535 0.773233 -0.288018 -0.062675 0.122355 0.447280 0.883766
1784010375.777374983 11.441906 0.777137 -0.288065 -0.062869 0.122330 0.449112 0.882826
1784010375.783113956 11.443719 0.782370 -0.288096 -0.062871 0.122292 0.451601 0.881560
1784010375.787359953 11.445046 0.786245 -0.288109 -0.063004 0.122240 0.453429 0.880619
1784010375.793148994 11.446834 0.791530 -0.288112 -0.063200 0.122371 0.455900 0.879310
1784010375.797353029 11.448119 0.795343 -0.288108 -0.063133 0.122413 0.457704 0.878371
1784010375.803061008 11.449831 0.800524 -0.288137 -0.063043 0.122279 0.460171 0.877106
1784010375.807446003 11.451130 0.804517 -0.288193 -0.063318 0.122222 0.462002 0.876131
1784010375.813040018 11.452762 0.809591 -0.288278 -0.063733 0.122288 0.464280 0.874887
1784010375.817388058 11.454011 0.813506 -0.288352 -0.063769 0.122147 0.466080 0.873947
1784010375.822993040 11.455584 0.818582 -0.288469 -0.064111 0.121764 0.468383 0.872743
1784010375.822993040 11.455584 0.818582 -0.288469 -0.064111 0.121764 0.468383 0.872743
1784010375.823252916 11.455655 0.818821 -0.288476 -0.064128 0.121744 0.468489 0.872688
1784010375.827276945 11.456739 0.822524 -0.288559 -0.064596 0.121679 0.470081 0.871806
1784010375.833070993 11.458254 0.827823 -0.288628 -0.064734 0.121558 0.472473 0.870519
1784010375.837377071 11.459352 0.831772 -0.288650 -0.064727 0.121133 0.474324 0.869571
1784010375.842705011 11.460679 0.836727 -0.288636 -0.065275 0.120953 0.476568 0.868327
1784010375.847543001 11.461841 0.841209 -0.288574 -0.065816 0.121140 0.478595 0.867145
1784010375.853091002 11.463100 0.846301 -0.288505 -0.065742 0.120514 0.481063 0.865871
1784010375.857255936 11.464021 0.850152 -0.288469 -0.065814 0.119721 0.482924 0.864939
1784010375.863059998 11.465304 0.855583 -0.288384 -0.066347 0.120001 0.485523 0.863403
1784010375.867486954 11.466265 0.859698 -0.288316 -0.066473 0.120533 0.487581 0.862159
1784010375.873078108 11.467415 0.864873 -0.288314 -0.066280 0.119833 0.490206 0.860782
1784010375.877473116 11.468305 0.868974 -0.288355 -0.066420 0.119462 0.492257 0.859651
1784010375.883147001 11.469468 0.874311 -0.288401 -0.067067 0.120209 0.494861 0.858000
1784010375.887267113 11.470295 0.878159 -0.288453 -0.067261 0.120608 0.496776 0.856822
1784010375.893126011 11.471403 0.883630 -0.288602 -0.067350 0.119615 0.499475 0.855383
1784010375.897480011 11.472211 0.887724 -0.288732 -0.067669 0.119116 0.501465 0.854263
1784010375.902921915 11.473229 0.892864 -0.288860 -0.068300 0.119426 0.503873 0.852751
1784010375.907351971 11.474038 0.897031 -0.288967 -0.068489 0.119560 0.505856 0.851543
1784010375.913074017 11.475021 0.902430 -0.289150 -0.068805 0.118481 0.508374 0.850167
1784010375.917313099 11.475729 0.906445 -0.289280 -0.069357 0.118048 0.510182 0.849099
1784010375.922707081 11.476622 0.911541 -0.289397 -0.070123 0.117986 0.512392 0.847713
1784010375.922707081 11.476622 0.911541 -0.289397 -0.070123 0.117986 0.512392 0.847713
1784010375.923109055 11.476688 0.911923 -0.289404 -0.070177 0.117989 0.512556 0.847608
1784010375.927298069 11.477358 0.915908 -0.289474 -0.070356 0.117532 0.514290 0.846606
1784010375.933135986 11.478289 0.921514 -0.289540 -0.070583 0.116585 0.516708 0.845245
1784010375.937582970 11.479011 0.925807 -0.289538 -0.071017 0.116779 0.518471 0.844101
1784010375.943146944 11.479910 0.931136 -0.289505 -0.071278 0.117006 0.520698 0.842676
1784010375.947202921 11.480551 0.934993 -0.289499 -0.071157 0.116581 0.522343 0.841727
1784010375.953083038 11.481479 0.940625 -0.289478 -0.071671 0.116410 0.524596 0.840304
1784010375.957434893 11.482178 0.944793 -0.289438 -0.072232 0.116789 0.526211 0.839193
1784010375.963071108 11.483087 0.950161 -0.289421 -0.072454 0.116810 0.528305 0.837854
1784010375.967257023 11.483761 0.954136 -0.289451 -0.072608 0.116278 0.529789 0.836977
1784010375.973084927 11.484719 0.959672 -0.289497 -0.073026 0.116197 0.531753 0.835706
1784010375.977449894 11.485450 0.963794 -0.289542 -0.073220 0.116362 0.533230 0.834724
1784010375.982939005 11.486354 0.968973 -0.289658 -0.073362 0.116096 0.535082 0.833563
1784010375.987122059 11.487035 0.972925 -0.289772 -0.073724 0.115813 0.536407 0.832718
1784010375.993051052 11.488001 0.978504 -0.289895 -0.074303 0.116019 0.538249 0.831448
1784010375.997570038 11.488729 0.982721 -0.289975 -0.074633 0.115791 0.539625 0.830558
1784010376.002868891 11.489574 0.987664 -0.290058 -0.074759 0.114956 0.541243 0.829610
1784010376.007318974 11.490284 0.991820 -0.290093 -0.074897 0.114547 0.542595 0.828770
1784010376.013113022 11.491205 0.997242 -0.290101 -0.075219 0.114372 0.544360 0.827607
1784010376.017185926 11.491853 1.001055 -0.290110 -0.075297 0.114045 0.545617 0.826817
1784010376.022814035 11.492755 1.006346 -0.290111 -0.075392 0.113908 0.547331 0.825694
1784010376.022814035 11.492755 1.006346 -0.290111 -0.075392 0.113908 0.547331 0.825694
1784010376.023062944 11.492793 1.006582 -0.290110 -0.075398 0.113896 0.547402 0.825648
1784010376.027170897 11.493425 1.010474 -0.290087 -0.075607 0.114044 0.548596 0.824815
1784010376.033101082 11.494333 1.016114 -0.290071 -0.075812 0.114182 0.550316 0.823631
1784010376.037547112 11.495024 1.020348 -0.290081 -0.075885 0.114096 0.551625 0.822760
1784010376.043049097 11.495873 1.025579 -0.290103 -0.075991 0.114099 0.553221 0.821677
1784010376.047355890 11.496542 1.029670 -0.290136 -0.076137 0.114037 0.554468 0.820831
1784010376.052875996 11.497407 1.034933 -0.290203 -0.076237 0.113797 0.556025 0.819801
1784010376.057081938 11.498086 1.038950 -0.290261 -0.076336 0.113793 0.557192 0.819000
1784010376.062928915 11.499027 1.044517 -0.290349 -0.076491 0.113805 0.558737 0.817930
1784010376.067220926 11.499730 1.048588 -0.290427 -0.076358 0.113510 0.559902 0.817187
1784010376.073102951 11.500705 1.054197 -0.290533 -0.076291 0.113077 0.561393 0.816230
1784010376.077483892 11.501459 1.058390 -0.290594 -0.076524 0.113108 0.562420 0.815496
1784010376.083064079 11.502433 1.063721 -0.290657 -0.076687 0.113027 0.563676 0.814625
1784010376.087219000 11.503175 1.067686 -0.290703 -0.076714 0.112626 0.564590 0.814044
1784010376.093074083 11.504248 1.073291 -0.290735 -0.076957 0.112417 0.565741 0.813251
1784010376.097501040 11.505095 1.077527 -0.290736 -0.077137 0.112566 0.566593 0.812620
1784010376.102957964 11.506154 1.082743 -0.290752 -0.077075 0.112411 0.567614 0.811935
1784010376.107171059 11.506988 1.086775 -0.290783 -0.077054 0.112223 0.568391 0.811419
1784010376.113053083 11.508157 1.092406 -0.290837 -0.077297 0.112296 0.569371 0.810698
1784010376.117321014 11.509024 1.096480 -0.290903 -0.077327 0.112203 0.570111 0.810188
1784010376.122939110 11.510173 1.101848 -0.291042 -0.077125 0.111737 0.571069 0.809597
1784010376.122939110 11.510173 1.101848 -0.291042 -0.077125 0.111737 0.571069 0.809597
1784010376.123236895 11.510231 1.102133 -0.291050 -0.077113 0.111716 0.571126 0.809561
1784010376.127258062 11.511004 1.105985 -0.291161 -0.077137 0.111619 0.571839 0.809068
1784010376.133069038 11.512112 1.111551 -0.291346 -0.077431 0.111601 0.572831 0.808340
1784010376.137722969 11.513008 1.116013 -0.291518 -0.077592 0.111290 0.573625 0.807804
1784010376.142718077 11.513983 1.120810 -0.291678 -0.077734 0.111163 0.574437 0.807231
1784010376.147058964 11.514839 1.124976 -0.291775 -0.077928 0.111349 0.575128 0.806695
1784010376.153206110 11.516036 1.130861 -0.291863 -0.078066 0.111290 0.576102 0.805994
1784010376.157077074 11.516795 1.134562 -0.291890 -0.078048 0.111055 0.576716 0.805589
1784010376.163105965 11.517971 1.140320 -0.291854 -0.078054 0.111119 0.577648 0.804912
1784010376.167572975 11.518847 1.144589 -0.291792 -0.078144 0.111235 0.578348 0.804384
1784010376.172785997 11.519859 1.149576 -0.291720 -0.078147 0.111053 0.579158 0.803826
1784010376.177242994 11.520725 1.153841 -0.291666 -0.078117 0.110962 0.579864 0.803332
1784010376.183100939 11.521852 1.159438 -0.291627 -0.078198 0.110985 0.580764 0.802671
1784010376.187324047 11.522671 1.163476 -0.291645 -0.078206 0.110871 0.581435 0.802200
1784010376.193190098 11.523811 1.169112 -0.291736 -0.078267 0.110763 0.582322 0.801565
1784010376.197330952 11.524630 1.173102 -0.291842 -0.078466 0.110971 0.582924 0.801079
1784010376.203039885 11.525748 1.178595 -0.292059 -0.078744 0.111097 0.583725 0.800451
1784010376.207285881 11.526588 1.182682 -0.292267 -0.078810 0.110926 0.584332 0.800025
1784010376.213044882 11.527739 1.188234 -0.292543 -0.078845 0.111051 0.585135 0.799417
1784010376.217173100 11.528581 1.192215 -0.292723 -0.078896 0.111347 0.585718 0.798944
1784010376.222983122 11.529756 1.197815 -0.292957 -0.078826 0.111425 0.586516 0.798355
1784010376.222983122 11.529756 1.197815 -0.292957 -0.078826 0.111425 0.586516 0.798355
1784010376.223094940 11.529776 1.197923 -0.292960 -0.078826 0.111423 0.586532 0.798343
1784010376.227354050 11.530575 1.202020 -0.293083 -0.078750 0.111359 0.587151 0.797904
1784010376.233057022 11.531635 1.207494 -0.293178 -0.078799 0.111577 0.587969 0.797266
1784010376.237348080 11.532432 1.211595 -0.293216 -0.078810 0.111678 0.588588 0.796794
1784010376.243087053 11.533471 1.217066 -0.293235 -0.078724 0.111380 0.589412 0.796235
1784010376.247282982 11.534228 1.221073 -0.293225 -0.078870 0.111344 0.590000 0.795791
1784010376.252882004 11.535219 1.226417 -0.293183 -0.079286 0.111599 0.590762 0.795147
1784010376.257323027 11.535995 1.230641 -0.293158 -0.079478 0.111582 0.591393 0.794662
1784010376.263026953 11.536969 1.236054 -0.293145 -0.079565 0.111308 0.592209 0.794083
1784010376.267532110 11.537733 1.240335 -0.293151 -0.079878 0.111269 0.592832 0.793592
1784010376.273127079 11.538663 1.245643 -0.293197 -0.080381 0.111198 0.593578 0.792994
1784010376.277249098 11.539343 1.249538 -0.293272 -0.080582 0.110933 0.594137 0.792592
1784010376.283047915 11.540276 1.255003 -0.293423 -0.080866 0.110436 0.594916 0.792048
1784010376.287436008 11.540984 1.259144 -0.293565 -0.081232 0.110301 0.595483 0.791603
1784010376.293001890 11.541875 1.264393 -0.293774 -0.081619 0.110206 0.596194 0.791041
1784010376.297317028 11.542571 1.268453 -0.293950 -0.081669 0.110099 0.596784 0.790606
1784010376.303030968 11.543484 1.273814 -0.294169 -0.081721 0.110023 0.597569 0.790018
1784010376.307226896 11.544159 1.277745 -0.294316 -0.081757 0.109977 0.598148 0.789582
1784010376.313097954 11.545087 1.283233 -0.294476 -0.081792 0.109794 0.598945 0.788999
1784010376.317157030 11.545729 1.287022 -0.294547 -0.081813 0.109680 0.599500 0.788592
1784010376.322679043 11.546591 1.292167 -0.294581 -0.082197 0.109449 0.600189 0.788060
1784010376.322679043 11.546591 1.292167 -0.294581 -0.082197 0.109449 0.600189 0.788060
1784010376.323012114 11.546639 1.292477 -0.294581 -0.082218 0.109440 0.600234 0.788024
1784010376.327327967 11.547262 1.296495 -0.294559 -0.082486 0.109323 0.600838 0.787552
1784010376.333081007 11.548078 1.301841 -0.294499 -0.082538 0.109025 0.601676 0.786948
1784010376.337435007 11.548692 1.305880 -0.294453 -0.082620 0.108857 0.602287 0.786495
1784010376.342766047 11.549439 1.310830 -0.294422 -0.082758 0.108806 0.603049 0.785903
1784010376.347222090 11.550067 1.314979 -0.294427 -0.082876 0.108762 0.603680 0.785413
1784010376.353065014 11.550874 1.320414 -0.294482 -0.083156 0.108764 0.604504 0.784748
1784010376.357331038 11.551454 1.324370 -0.294555 -0.083366 0.108763 0.605095 0.784271
1784010376.363008022 11.552207 1.329639 -0.294697 -0.083465 0.108525 0.605957 0.783627
1784010376.367575884 11.552807 1.333890 -0.294836 -0.083630 0.108457 0.606638 0.783092
1784010376.372903109 11.553495 1.338836 -0.295003 -0.083803 0.108533 0.607457 0.782428
1784010376.377291918 11.554055 1.342889 -0.295138 -0.083949 0.108594 0.608125 0.781885
1784010376.383085966 11.554780 1.348240 -0.295300 -0.083749 0.108343 0.609073 0.781203
1784010376.387104034 11.555285 1.351965 -0.295392 -0.083616 0.108166 0.609719 0.780738
1784010376.392985106 11.555998 1.357414 -0.295507 -0.083682 0.108409 0.610690 0.779938
1784010376.397377968 11.556515 1.361467 -0.295579 -0.083735 0.108588 0.611404 0.779347
1784010376.403049946 11.557159 1.366703 -0.295641 -0.083932 0.108675 0.612340 0.778579
1784010376.407222986 11.557628 1.370573 -0.295654 -0.084081 0.108737 0.613017 0.778021
1784010376.413065910 11.558252 1.375983 -0.295665 -0.084265 0.108904 0.613987 0.777212
1784010376.417268038 11.558681 1.379852 -0.295688 -0.084403 0.109021 0.614673 0.776639
1784010376.422569990 11.559203 1.384726 -0.295706 -0.084706 0.109189 0.615524 0.775907
1784010376.422569990 11.559203 1.384726 -0.295706 -0.084706 0.109189 0.615524 0.775907
1784010376.423186064 11.559258 1.385293 -0.295705 -0.084743 0.109205 0.615620 0.775826
1784010376.427212954 11.559607 1.389007 -0.295680 -0.084981 0.109294 0.616257 0.775281
1784010376.433048010 11.560083 1.394383 -0.295656 -0.084818 0.109115 0.617309 0.774486
1784010376.437446117 11.560416 1.398419 -0.295676 -0.084698 0.108987 0.618091 0.773894
1784010376.442776918 11.560792 1.403314 -0.295721 -0.084790 0.109100 0.619084 0.773074
1784010376.447151899 11.561086 1.407338 -0.295760 -0.084867 0.109196 0.619891 0.772404
1784010376.453022957 11.561445 1.412741 -0.295832 -0.084433 0.108687 0.621125 0.771533
1784010376.457176924 11.561680 1.416573 -0.295908 -0.084130 0.108334 0.621985 0.770922
1784010376.463041067 11.561976 1.421970 -0.296027 -0.084476 0.108329 0.623138 0.769953
1784010376.467468977 11.562186 1.426020 -0.296116 -0.084741 0.108332 0.623998 0.769226
1784010376.472853899 11.562409 1.430918 -0.296237 -0.084741 0.107955 0.625108 0.768378
1784010376.477314949 11.562571 1.434976 -0.296344 -0.084671 0.107297 0.626038 0.767720
1784010376.483027935 11.562744 1.440166 -0.296466 -0.085156 0.107366 0.627171 0.766732
1784010376.487131119 11.562851 1.443865 -0.296544 -0.085508 0.107423 0.627973 0.766028
1784010376.493019104 11.562982 1.449180 -0.296621 -0.085510 0.106763 0.629221 0.765095
1784010376.497170925 11.563078 1.452955 -0.296642 -0.085516 0.106305 0.630089 0.764444
1784010376.503042936 11.563195 1.458318 -0.296631 -0.085980 0.106345 0.631302 0.763384
1784010376.507364988 11.563269 1.462261 -0.296622 -0.086326 0.106381 0.632184 0.762610
1784010376.513063908 11.563336 1.467443 -0.296639 -0.086454 0.106072 0.633414 0.761617
1784010376.517146111 11.563382 1.471160 -0.296653 -0.086548 0.105857 0.634284 0.760912
1784010376.522807121 11.563437 1.476319 -0.296669 -0.086878 0.106080 0.635493 0.759834
1784010376.522807121 11.563437 1.476319 -0.296669 -0.086878 0.106080 0.635493 0.759834
1784010376.523024082 11.563437 1.476517 -0.296669 -0.086894 0.106091 0.635537 0.759794
1784010376.527219057 11.563435 1.480338 -0.296675 -0.086968 0.106022 0.636416 0.759059
1784010376.533159018 11.563421 1.485752 -0.296709 -0.086799 0.105542 0.637701 0.758066
1784010376.537532091 11.563416 1.489752 -0.296738 -0.086887 0.105642 0.638626 0.757263
1784010376.543018103 11.563397 1.494769 -0.296784 -0.087220 0.105857 0.639754 0.756242
1784010376.547261000 11.563372 1.498632 -0.296848 -0.087182 0.105543 0.640664 0.755520
1784010376.553040981 11.563328 1.503905 -0.296920 -0.087025 0.105094 0.641934 0.754521
1784010376.557238102 11.563299 1.507755 -0.296949 -0.087225 0.105182 0.642821 0.753731
1784010376.562576056 11.563250 1.512668 -0.296973 -0.087482 0.105349 0.643959 0.752706
1784010376.567667961 11.563192 1.517352 -0.297000 -0.087510 0.105215 0.645058 0.751779
1784010376.572727919 11.563123 1.522005 -0.297012 -0.087613 0.105270 0.646148 0.750823
1784010376.577097893 11.563050 1.526020 -0.297021 -0.087794 0.105340 0.647083 0.749986
1784010376.582914114 11.562916 1.531363 -0.297049 -0.088024 0.104910 0.648314 0.748955
1784010376.587301970 11.562805 1.535397 -0.297081 -0.088155 0.104522 0.649235 0.748196
1784010376.593034983 11.562649 1.540670 -0.297094 -0.088532 0.104450 0.650410 0.747141
1784010376.597254992 11.562525 1.544529 -0.297099 -0.088755 0.104333 0.651273 0.746379
1784010376.603044033 11.562327 1.549797 -0.297112 -0.088725 0.103709 0.652502 0.745395
1784010376.607129097 11.562180 1.553511 -0.297113 -0.088750 0.103444 0.653366 0.744672
1784010376.613075972 11.561954 1.558926 -0.297083 -0.089113 0.103538 0.654588 0.743541
1784010376.617237091 11.561792 1.562703 -0.297068 -0.089225 0.103454 0.655458 0.742772
1784010376.622887135 11.561557 1.567832 -0.297050 -0.089254 0.103100 0.656662 0.741755
1784010376.622887135 11.561557 1.567832 -0.297050 -0.089254 0.103100 0.656662 0.741755
1784010376.623192072 11.561542 1.568110 -0.297049 -0.089250 0.103081 0.656724 0.741703
1784010376.627202988 11.561344 1.571776 -0.297026 -0.089387 0.103122 0.657523 0.740972
1784010376.633045912 11.561046 1.577108 -0.296997 -0.089674 0.103333 0.658659 0.739898
1784010376.637487888 11.560814 1.581145 -0.296997 -0.089658 0.103160 0.659564 0.739118
1784010376.643018007 11.560514 1.586186 -0.297010 -0.089663 0.102984 0.660687 0.738138
1784010376.647701979 11.560259 1.590466 -0.297024 -0.089918 0.103176 0.661615 0.737249
1784010376.653039932 11.559952 1.595323 -0.297071 -0.090060 0.103151 0.662680 0.736277
1784010376.657227993 11.559697 1.599121 -0.297139 -0.089995 0.102659 0.663539 0.735580
1784010376.663011074 11.559323 1.604386 -0.297236 -0.090258 0.102080 0.664647 0.734627
1784010376.667730093 11.559015 1.608682 -0.297299 -0.090625 0.101908 0.665528 0.733808
1784010376.672813892 11.558663 1.613293 -0.297378 -0.090739 0.101399 0.666502 0.732980
1784010376.677248001 11.558337 1.617322 -0.297459 -0.090763 0.100623 0.667359 0.732304
1784010376.682898045 11.557914 1.622506 -0.297528 -0.091119 0.100273 0.668417 0.731342
1784010376.687247038 11.557597 1.626503 -0.297556 -0.091391 0.100363 0.669235 0.730548
1784010376.693021059 11.557160 1.631768 -0.297604 -0.091318 0.100022 0.670337 0.729592
1784010376.697352886 11.556825 1.635697 -0.297635 -0.091281 0.099630 0.671161 0.728892
1784010376.703066111 11.556386 1.640897 -0.297620 -0.091597 0.099662 0.672195 0.727896
1784010376.707238913 11.556076 1.644697 -0.297578 -0.091767 0.099735 0.672965 0.727152
1784010376.713093042 11.555636 1.650036 -0.297526 -0.091727 0.099151 0.674043 0.726238
1784010376.717317104 11.555334 1.653908 -0.297490 -0.091736 0.098838 0.674811 0.725566
1784010376.722856045 11.554961 1.658999 -0.297449 -0.091901 0.098939 0.675752 0.724654
1784010376.722856045 11.554961 1.658999 -0.297449 -0.091901 0.098939 0.675752 0.724654
1784010376.723061085 11.554945 1.659189 -0.297448 -0.091908 0.098941 0.675788 0.724620
1784010376.727272034 11.554626 1.663069 -0.297449 -0.091877 0.098812 0.676519 0.723959
1784010376.733108044 11.554177 1.668466 -0.297518 -0.091793 0.098214 0.677493 0.723140
1784010376.737629890 11.553841 1.672686 -0.297590 -0.092060 0.098212 0.678201 0.722442
1784010376.742793083 11.553470 1.677519 -0.297687 -0.092510 0.098504 0.678969 0.721623
1784010376.747139931 11.553165 1.681571 -0.297800 -0.092593 0.098287 0.679612 0.721037
1784010376.753077030 11.552742 1.687109 -0.297962 -0.092614 0.097810 0.680453 0.720305
1784010376.757487059 11.552436 1.691240 -0.298050 -0.092894 0.097812 0.681053 0.719702
1784010376.763016939 11.552049 1.696428 -0.298117 -0.093235 0.097780 0.681781 0.718972
1784010376.767649889 11.551729 1.700762 -0.298139 -0.093151 0.097435 0.682425 0.718419
1784010376.772718906 11.551382 1.705494 -0.298112 -0.092994 0.097204 0.683141 0.717790
1784010376.777302027 11.551070 1.709767 -0.298047 -0.092976 0.097171 0.683778 0.717190
1784010376.782941103 11.550675 1.715024 -0.297956 -0.092737 0.096936 0.684598 0.716470
1784010376.787280083 11.550371 1.719078 -0.297889 -0.092594 0.096715 0.685232 0.715912
1784010376.792897940 11.549978 1.724338 -0.297807 -0.092725 0.096812 0.686009 0.715137
1784010376.797204971 11.549691 1.728361 -0.297767 -0.092691 0.096827 0.686619 0.714554
1784010376.802995920 11.549299 1.733772 -0.297765 -0.092444 0.096445 0.687429 0.713858
1784010376.807269096 11.549017 1.737774 -0.297784 -0.092530 0.096273 0.687979 0.713341
1784010376.813036919 11.548643 1.743177 -0.297815 -0.092789 0.096306 0.688684 0.712622
1784010376.817141056 11.548388 1.747012 -0.297843 -0.092750 0.096126 0.689203 0.712149
1784010376.822794199 11.548034 1.752304 -0.297869 -0.092642 0.095766 0.689892 0.711544
1784010376.822794199 11.548034 1.752304 -0.297869 -0.092642 0.095766 0.689892 0.711544
1784010376.823040009 11.548016 1.752536 -0.297869 -0.092639 0.095754 0.689922 0.711518
1784010376.827334881 11.547714 1.756585 -0.297851 -0.092754 0.095819 0.690412 0.711018
1784010376.832973003 11.547307 1.761885 -0.297807 -0.092858 0.095763 0.691057 0.710385
1784010376.837502003 11.546978 1.766127 -0.297765 -0.092721 0.095375 0.691589 0.709938
1784010376.843039036 11.546570 1.771326 -0.297683 -0.092677 0.095163 0.692221 0.709356
1784010376.847219944 11.546262 1.775254 -0.297607 -0.092875 0.095182 0.692670 0.708889
1784010376.852871895 11.545831 1.780554 -0.297525 -0.092854 0.094901 0.693298 0.708315
1784010376.857317924 11.545492 1.784721 -0.297480 -0.092654 0.094582 0.693827 0.707865
1784010376.863009930 11.545049 1.790075 -0.297432 -0.092787 0.094595 0.694448 0.707237
1784010376.868119955 11.544651 1.794878 -0.297422 -0.092923 0.094570 0.695001 0.706679
1784010376.872632980 11.544304 1.799116 -0.297458 -0.092758 0.094233 0.695517 0.706239
1784010376.877490044 11.543935 1.803698 -0.297518 -0.092727 0.094080 0.696045 0.705742
1784010376.883174896 11.543503 1.809074 -0.297606 -0.093095 0.094320 0.696604 0.705109
1784010376.887273073 11.543198 1.812939 -0.297696 -0.093214 0.094270 0.697026 0.704684
1784010376.893038034 11.542776 1.818392 -0.297825 -0.093113 0.094111 0.697623 0.704128
1784010376.897043943 11.542495 1.822194 -0.297888 -0.093299 0.094364 0.698009 0.703686
1784010376.903048038 11.542080 1.827881 -0.297948 -0.093624 0.094772 0.698543 0.703058
1784010376.907445908 11.541790 1.832023 -0.297981 -0.093443 0.094583 0.698966 0.702687
1784010376.913021088 11.541431 1.837287 -0.297976 -0.093234 0.094428 0.699488 0.702216
1784010376.917298079 11.541169 1.841334 -0.297933 -0.093419 0.094632 0.699837 0.701816
1784010376.922547102 11.540848 1.846289 -0.297881 -0.093526 0.094614 0.700249 0.701393
1784010376.922547102 11.540848 1.846289 -0.297881 -0.093526 0.094614 0.700249 0.701393
1784010376.923026085 11.540814 1.846742 -0.297876 -0.093535 0.094606 0.700287 0.701355
1784010376.927257061 11.540507 1.850748 -0.297833 -0.093389 0.094203 0.700620 0.701096
1784010376.933070898 11.540089 1.856277 -0.297760 -0.093523 0.094118 0.701011 0.700699
1784010376.937354088 11.539797 1.860354 -0.297712 -0.093738 0.094278 0.701292 0.700367
1784010376.943017960 11.539408 1.865740 -0.297700 -0.093634 0.094067 0.701689 0.700012
1784010376.947354078 11.539119 1.869868 -0.297722 -0.093576 0.093924 0.701991 0.699736
1784010376.953023911 11.538738 1.875275 -0.297759 -0.093975 0.094217 0.702318 0.699315
1784010376.957173109 11.538468 1.879210 -0.297809 -0.094151 0.094270 0.702573 0.699028
1784010376.963012934 11.538078 1.884723 -0.297906 -0.093958 0.093759 0.702959 0.698735
1784010376.967741966 11.537771 1.889186 -0.297973 -0.093920 0.093578 0.703280 0.698441
1784010376.972789049 11.537449 1.893957 -0.298013 -0.094160 0.093733 0.703577 0.698089
1784010376.977276087 11.537177 1.898192 -0.298042 -0.094120 0.093639 0.703852 0.697829
1784010376.983083010 11.536843 1.903675 -0.298059 -0.093812 0.093413 0.704209 0.697541
1784010376.987297058 11.536628 1.907661 -0.298047 -0.093845 0.093583 0.704436 0.697284
1784010376.992830992 11.536368 1.912884 -0.298018 -0.093907 0.093922 0.704689 0.696974
1784010376.997085094 11.536192 1.916878 -0.297997 -0.093718 0.093878 0.704891 0.696801
1784010377.003010988 11.535954 1.922437 -0.297933 -0.093659 0.093803 0.705113 0.696595
1784010377.007373095 11.535800 1.926528 -0.297855 -0.093819 0.093920 0.705246 0.696423
1784010377.013084888 11.535604 1.931866 -0.297743 -0.093822 0.093805 0.705403 0.696279
1784010377.017174006 11.535479 1.935671 -0.297675 -0.093631 0.093536 0.705536 0.696206
1784010377.022840977 11.535295 1.940945 -0.297594 -0.093571 0.093356 0.705684 0.696089
1784010377.022840977 11.535295 1.940945 -0.297594 -0.093571 0.093356 0.705684 0.696089
1784010377.023022890 11.535286 1.941115 -0.297592 -0.093566 0.093352 0.705691 0.696083
1784010377.027147055 11.535086 1.944966 -0.297570 -0.093655 0.093288 0.705818 0.695951
1784010377.033076048 11.534786 1.950495 -0.297617 -0.093540 0.093005 0.706014 0.695805
1784010377.037486076 11.534568 1.954606 -0.297704 -0.093501 0.092844 0.706156 0.695687
1784010377.043003082 11.534286 1.959758 -0.297858 -0.093733 0.092929 0.706293 0.695505
1784010377.047230959 11.534072 1.963702 -0.298010 -0.093826 0.092909 0.706412 0.695375
1784010377.052989006 11.533779 1.969070 -0.298237 -0.093652 0.092746 0.706607 0.695223
1784010377.057461977 11.533564 1.973240 -0.298397 -0.093592 0.092866 0.706757 0.695062
1784010377.062865973 11.533300 1.978266 -0.298556 -0.093548 0.093128 0.706953 0.694833
1784010377.067006111 11.533100 1.982104 -0.298656 -0.093365 0.093065 0.707116 0.694700
1784010377.072614908 11.532828 1.987311 -0.298732 -0.093136 0.093041 0.707323 0.694524
1784010377.077469110 11.532602 1.991820 -0.298739 -0.093167 0.093337 0.707475 0.694325
1784010377.082807064 11.532348 1.996764 -0.298728 -0.093187 0.093447 0.707630 0.694150
1784010377.087333918 11.532135 2.000951 -0.298722 -0.093079 0.093254 0.707767 0.694050
1784010377.092988014 11.531876 2.006193 -0.298700 -0.093140 0.093370 0.707890 0.693901
1784010377.097271919 11.531693 2.010163 -0.298683 -0.093303 0.093642 0.707958 0.693773
1784010377.103164911 11.531431 2.015612 -0.298698 -0.093263 0.093626 0.708069 0.693667
1784010377.107180119 11.531258 2.019328 -0.298728 -0.093203 0.093549 0.708146 0.693608
1784010377.113038063 11.530997 2.024777 -0.298775 -0.093392 0.093875 0.708205 0.693477
1784010377.117391109 11.530810 2.028828 -0.298826 -0.093552 0.094068 0.708239 0.693395
1784010377.122601986 11.530580 2.033663 -0.298924 -0.093397 0.093903 0.708313 0.693363
1784010377.122601986 11.530580 2.033663 -0.298924 -0.093397 0.093903 0.708313 0.693363
1784010377.122843981 11.530567 2.033888 -0.298928 -0.093395 0.093896 0.708316 0.693361
1784010377.127224922 11.530322 2.037958 -0.298992 -0.093355 0.093813 0.708375 0.693317
1784010377.133038044 11.529999 2.043357 -0.299057 -0.093412 0.094019 0.708450 0.693205
1784010377.137204885 11.529774 2.047209 -0.299103 -0.093244 0.093993 0.708546 0.693133
1784010377.142961979 11.529453 2.052522 -0.299147 -0.092789 0.093689 0.708723 0.693055
1784010377.147492886 11.529206 2.056715 -0.299152 -0.092679 0.093769 0.708857 0.692922
1784010377.153059006 11.528901 2.061872 -0.299121 -0.092782 0.094105 0.709006 0.692709
1784010377.157638073 11.528656 2.066106 -0.299091 -0.092700 0.094122 0.709156 0.692564
1784010377.162754059 11.528385 2.070838 -0.299044 -0.092665 0.094076 0.709318 0.692409
1784010377.167052031 11.528162 2.074819 -0.298988 -0.092883 0.094282 0.709426 0.692241
1784010377.172982931 11.527849 2.080320 -0.298882 -0.092987 0.094295 0.709590 0.692058
1784010377.177381992 11.527623 2.084447 -0.298794 -0.092807 0.094118 0.709741 0.691951
1784010377.182797909 11.527344 2.089630 -0.298661 -0.092968 0.094668 0.709904 0.691687
1784010377.187099934 11.527132 2.093768 -0.298564 -0.093404 0.095244 0.709943 0.691510
1784010377.193027020 11.526844 2.099397 -0.298476 -0.093284 0.094963 0.709957 0.691550
1784010377.197390079 11.526643 2.103540 -0.298441 -0.092818 0.094499 0.710006 0.691626
1784010377.202920914 11.526376 2.108884 -0.298382 -0.093140 0.094646 0.710016 0.691552
1784010377.207098961 11.526177 2.112936 -0.298331 -0.093445 0.095212 0.710015 0.691434
1784010377.212976933 11.525862 2.118590 -0.298326 -0.093059 0.094421 0.710111 0.691496
1784010377.217206001 11.525628 2.122682 -0.298371 -0.092554 0.093574 0.710219 0.691568
1784010377.222527027 11.525336 2.127912 -0.298407 -0.092843 0.093932 0.710240 0.691459
1784010377.222527027 11.525336 2.127912 -0.298407 -0.092843 0.093932 0.710240 0.691459
1784010377.223020077 11.525305 2.128400 -0.298406 -0.092866 0.093966 0.710245 0.691447
1784010377.227088928 11.525053 2.132415 -0.298410 -0.093171 0.094506 0.710262 0.691314
1784010377.233005047 11.524676 2.138222 -0.298498 -0.092586 0.094079 0.710366 0.691344
1784010377.237533092 11.524380 2.142699 -0.298597 -0.092402 0.093655 0.710466 0.691324
1784010377.242733002 11.524047 2.147899 -0.298667 -0.092899 0.094307 0.710549 0.691083
1784010377.247232914 11.523768 2.152399 -0.298729 -0.093129 0.094895 0.710655 0.690863
1784010377.253159046 11.523392 2.158323 -0.298826 -0.092901 0.094490 0.710811 0.690789
1784010377.257090092 11.523152 2.162292 -0.298861 -0.092918 0.094684 0.710933 0.690634
1784010377.263004065 11.522809 2.168312 -0.298835 -0.093369 0.095951 0.711072 0.690255
1784010377.267448902 11.522560 2.172814 -0.298826 -0.093477 0.096347 0.711164 0.690090
1784010377.272975922 11.522244 2.178368 -0.298831 -0.093029 0.095804 0.711303 0.690084
1784010377.277672052 11.521976 2.183109 -0.298807 -0.093045 0.095767 0.711418 0.689968
1784010377.282922029 11.521682 2.188446 -0.298734 -0.093422 0.096201 0.711506 0.689765
1784010377.287147045 11.521455 2.192729 -0.298679 -0.093412 0.096384 0.711589 0.689656
1784010377.293010950 11.521127 2.198632 -0.298615 -0.093063 0.095905 0.711728 0.689627
1784010377.297291040 11.520889 2.202938 -0.298570 -0.093013 0.095895 0.711830 0.689529
1784010377.302966118 11.520563 2.208652 -0.298522 -0.093229 0.096004 0.711935 0.689376
1784010377.307204008 11.520320 2.212907 -0.298522 -0.093277 0.095881 0.712009 0.689311
1784010377.313107014 11.519979 2.218824 -0.298554 -0.093246 0.095625 0.712124 0.689232
1784010377.317380905 11.519737 2.223112 -0.298606 -0.093466 0.095644 0.712186 0.689136
1784010377.322690010 11.519440 2.228432 -0.298697 -0.093626 0.095741 0.712283 0.688999
1784010377.322690010 11.519440 2.228432 -0.298697 -0.093626 0.095741 0.712283 0.688999
1784010377.322823048 11.519430 2.228565 -0.298699 -0.093631 0.095740 0.712285 0.688997
1784010377.327250004 11.519131 2.232989 -0.298781 -0.093620 0.095715 0.712379 0.688905
1784010377.333015919 11.518745 2.238752 -0.298882 -0.093703 0.095956 0.712512 0.688722
1784010377.337456942 11.518465 2.243188 -0.298945 -0.093782 0.096312 0.712628 0.688542
1784010377.342938900 11.518124 2.248641 -0.298999 -0.093693 0.096653 0.712805 0.688323
1784010377.347047091 11.517877 2.252713 -0.299013 -0.093633 0.096793 0.712940 0.688172
1784010377.352986097 11.517506 2.258588 -0.298970 -0.093823 0.096883 0.713110 0.687957
1784010377.357122898 11.517257 2.262662 -0.298896 -0.093867 0.096777 0.713242 0.687829
1784010377.362767935 11.516913 2.268195 -0.298760 -0.093718 0.096344 0.713423 0.687723
1784010377.367084026 11.516657 2.272425 -0.298641 -0.093697 0.096021 0.713537 0.687653
1784010377.372971058 11.516298 2.278205 -0.298478 -0.093825 0.095848 0.713675 0.687515
1784010377.377506971 11.516025 2.282654 -0.298383 -0.093873 0.095729 0.713793 0.687403
1784010377.382814884 11.515700 2.287852 -0.298332 -0.093873 0.095499 0.713928 0.687295
1784010377.387152910 11.515439 2.292104 -0.298333 -0.093961 0.095451 0.714027 0.687187
1784010377.392951965 11.515078 2.297807 -0.298391 -0.094177 0.095443 0.714146 0.687035
1784010377.397367954 11.514806 2.302173 -0.298485 -0.094336 0.095375 0.714242 0.686922
1784010377.402901888 11.514461 2.307654 -0.298650 -0.094581 0.095374 0.714353 0.686774
1784010377.407244921 11.514199 2.311943 -0.298807 -0.094738 0.095423 0.714438 0.686656
1784010377.412920952 11.513854 2.317536 -0.299030 -0.094716 0.095230 0.714582 0.686537
1784010377.417179108 11.513603 2.321745 -0.299185 -0.094688 0.095154 0.714691 0.686438
1784010377.422711134 11.513278 2.327223 -0.299325 -0.094833 0.095395 0.714822 0.686248
1784010377.422711134 11.513278 2.327223 -0.299325 -0.094833 0.095395 0.714822 0.686248
1784010377.423124075 11.513250 2.327631 -0.299332 -0.094839 0.095416 0.714834 0.686232
1784010377.427181959 11.512968 2.331633 -0.299390 -0.094798 0.095510 0.714957 0.686096
1784010377.433021069 11.512548 2.337387 -0.299438 -0.094601 0.095223 0.715132 0.685980
1784010377.437387943 11.512238 2.341709 -0.299437 -0.094713 0.095198 0.715230 0.685866
1784010377.443002939 11.511842 2.347267 -0.299401 -0.095043 0.095488 0.715337 0.685669
1784010377.447088003 11.511560 2.351305 -0.299377 -0.095098 0.095460 0.715424 0.685574
1784010377.452969074 11.511143 2.357126 -0.299356 -0.095170 0.095270 0.715545 0.685464
1784010377.457267046 11.510845 2.361394 -0.299341 -0.095435 0.095472 0.715620 0.685322
1784010377.462836981 11.510457 2.366918 -0.299347 -0.095698 0.095760 0.715721 0.685139
1784010377.467231035 11.510156 2.371272 -0.299380 -0.095686 0.095724 0.715816 0.685047
1784010377.472992897 11.509754 2.376992 -0.299444 -0.095719 0.095763 0.715939 0.684908
1784010377.477529049 11.509443 2.381495 -0.299498 -0.095842 0.095811 0.716034 0.684785
1784010377.482968092 11.509076 2.386873 -0.299574 -0.095517 0.095634 0.716221 0.684659
1784010377.487026930 11.508811 2.390880 -0.299634 -0.095131 0.095361 0.716375 0.684590
1784010377.492932081 11.508412 2.396717 -0.299699 -0.094950 0.095240 0.716577 0.684421
1784010377.497142076 11.508129 2.400884 -0.299728 -0.094946 0.095260 0.716722 0.684266
1784010377.503161907 11.507715 2.406854 -0.299758 -0.094898 0.095195 0.716931 0.684063
1784010377.507091045 11.507453 2.410758 -0.299760 -0.094982 0.095323 0.717061 0.683897
1784010377.512996912 11.507059 2.416616 -0.299726 -0.095156 0.095669 0.717275 0.683601
1784010377.517040014 11.506797 2.420620 -0.299692 -0.095144 0.095683 0.717425 0.683442
1784010377.522456169 11.506439 2.425988 -0.299627 -0.095223 0.095631 0.717614 0.683240
1784010377.522456169 11.506439 2.425988 -0.299627 -0.095223 0.095631 0.717614 0.683240
1784010377.522988081 11.506398 2.426514 -0.299619 -0.095235 0.095629 0.717631 0.683221
1784010377.527228117 11.506067 2.430703 -0.299548 -0.095497 0.095811 0.717743 0.683042
1784010377.533025026 11.505610 2.436415 -0.299448 -0.095664 0.095867 0.717903 0.682842
1784010377.537314892 11.505279 2.440637 -0.299381 -0.095606 0.095691 0.718033 0.682739
1784010377.542855978 11.504846 2.446089 -0.299295 -0.095657 0.095613 0.718184 0.682583
1784010377.547247887 11.504513 2.450404 -0.299236 -0.095637 0.095590 0.718316 0.682450
1784010377.553019047 11.504074 2.456069 -0.299198 -0.095259 0.095312 0.718527 0.682320
1784010377.557398081 11.503744 2.460375 -0.299197 -0.095098 0.095139 0.718668 0.682218
1784010377.563057899 11.503308 2.465941 -0.299227 -0.095210 0.095066 0.718806 0.682067
1784010377.567187071 11.502996 2.470000 -0.299277 -0.095139 0.094908 0.718921 0.681978
1784010377.572799921 11.502562 2.475526 -0.299364 -0.094963 0.094587 0.719087 0.681872
1784010377.576956987 11.502243 2.479637 -0.299434 -0.094834 0.094353 0.719209 0.681793
1784010377.582891941 11.501784 2.485519 -0.299541 -0.094779 0.094626 0.719390 0.681572
1784010377.587222099 11.501467 2.489818 -0.299625 -0.094739 0.094830 0.719523 0.681409
1784010377.593101978 11.501030 2.495654 -0.299741 -0.095001 0.095163 0.719666 0.681175
1784010377.597342968 11.500714 2.499861 -0.299823 -0.095235 0.095391 0.719760 0.681012
1784010377.603008986 11.500284 2.505480 -0.299932 -0.095292 0.095432 0.719905 0.680844
1784010377.607168913 11.499978 2.509611 -0.300014 -0.095334 0.095468 0.720012 0.680720
1784010377.613008976 11.499536 2.515404 -0.300124 -0.095649 0.095549 0.720127 0.680543
1784010377.617099047 11.499228 2.519456 -0.300193 -0.095870 0.095611 0.720208 0.680418
1784010377.622845173 11.498783 2.525148 -0.300264 -0.095816 0.095484 0.720374 0.680267
1784010377.622845173 11.498783 2.525148 -0.300264 -0.095816 0.095484 0.720374 0.680267
1784010377.622984886 11.498771 2.525287 -0.300264 -0.095816 0.095481 0.720379 0.680263
1784010377.627202034 11.498397 2.529461 -0.300260 -0.095798 0.095402 0.720517 0.680130
1784010377.632950068 11.497880 2.535163 -0.300236 -0.095903 0.095319 0.720714 0.679918
1784010377.637373924 11.497485 2.539564 -0.300224 -0.095981 0.095257 0.720862 0.679759
1784010377.642960072 11.496975 2.545126 -0.300210 -0.096219 0.095367 0.721046 0.679514
1784010377.647190094 11.496587 2.549336 -0.300207 -0.096396 0.095452 0.721183 0.679332
1784010377.653134108 11.496035 2.555269 -0.300218 -0.096324 0.094932 0.721398 0.679186
1784010377.657217979 11.495666 2.559369 -0.300254 -0.096270 0.094577 0.721543 0.679090
1784010377.662976980 11.495145 2.565153 -0.300312 -0.096880 0.095094 0.721675 0.678790
1784010377.667402983 11.494756 2.569587 -0.300359 -0.097344 0.095494 0.721774 0.678562
1784010377.672936916 11.494276 2.575145 -0.300407 -0.096963 0.095050 0.722015 0.678424
1784010377.676978111 11.493939 2.579231 -0.300435 -0.096680 0.094727 0.722187 0.678325
1784010377.682841063 11.493455 2.585162 -0.300461 -0.096726 0.095232 0.722445 0.677974
1784010377.687156916 11.493117 2.589515 -0.300480 -0.096756 0.095606 0.722631 0.677718
1784010377.692619085 11.492682 2.595004 -0.300507 -0.096641 0.095281 0.722855 0.677542
1784010377.697073936 11.492318 2.599482 -0.300521 -0.096544 0.095017 0.723035 0.677401
1784010377.702934027 11.491834 2.605374 -0.300499 -0.096561 0.095075 0.723260 0.677150
1784010377.707295895 11.491490 2.609749 -0.300473 -0.096569 0.095121 0.723424 0.676966
1784010377.712980986 11.491033 2.615447 -0.300423 -0.096583 0.094732 0.723628 0.676802
1784010377.717183113 11.490688 2.619665 -0.300383 -0.096590 0.094447 0.723775 0.676683
1784010377.722921133 11.490206 2.625439 -0.300348 -0.096689 0.094403 0.723974 0.676462
1784010377.722921133 11.490206 2.625439 -0.300348 -0.096689 0.094403 0.723974 0.676462
1784010377.723006010 11.490197 2.625524 -0.300348 -0.096688 0.094402 0.723977 0.676460
1784010377.727344990 11.489775 2.629891 -0.300338 -0.096707 0.094387 0.724100 0.676327
1784010377.732997894 11.489211 2.635567 -0.300385 -0.096875 0.094542 0.724259 0.676111
1784010377.737251997 11.488783 2.639814 -0.300477 -0.097008 0.094657 0.724380 0.675946
1784010377.743024111 11.488187 2.645564 -0.300645 -0.097068 0.094335 0.724554 0.675796
1784010377.747236967 11.487760 2.649771 -0.300787 -0.097119 0.094099 0.724684 0.675682
1784010377.753009081 11.487166 2.655526 -0.300982 -0.097193 0.094089 0.724841 0.675504
1784010377.757102013 11.486750 2.659592 -0.301117 -0.097254 0.094080 0.724955 0.675375
1784010377.762912035 11.486156 2.665351 -0.301261 -0.097017 0.093854 0.725125 0.675258
1784010377.767231941 11.485731 2.669633 -0.301318 -0.096849 0.093685 0.725254 0.675167
1784010377.772874117 11.485183 2.675215 -0.301346 -0.096573 0.093848 0.725439 0.674984
1784010377.776974916 11.484793 2.679270 -0.301362 -0.096407 0.093873 0.725556 0.674879
1784010377.782999992 11.484192 2.685242 -0.301382 -0.096487 0.093863 0.725661 0.674756
1784010377.787084103 11.483789 2.689309 -0.301394 -0.096773 0.094007 0.725713 0.674639
1784010377.792943954 11.483209 2.695144 -0.301421 -0.097073 0.094209 0.725772 0.674504
1784010377.797291994 11.482788 2.699468 -0.301465 -0.097125 0.094111 0.725835 0.674444
1784010377.803029060 11.482223 2.705165 -0.301539 -0.097212 0.093984 0.725911 0.674367
1784010377.807257891 11.481815 2.709370 -0.301604 -0.097342 0.093992 0.725966 0.674287
1784010377.813007116 11.481248 2.715092 -0.301700 -0.097396 0.094008 0.726054 0.674182
1784010377.817177057 11.480841 2.719253 -0.301780 -0.097416 0.093937 0.726131 0.674107
1784010377.822609186 11.480306 2.724687 -0.301886 -0.097462 0.093896 0.726231 0.673998
1784010377.822609186 11.480306 2.724687 -0.301886 -0.097462 0.093896 0.726231 0.673998
1784010377.822833061 11.480281 2.724910 -0.301891 -0.097467 0.093895 0.726236 0.673992
1784010377.827227116 11.479798 2.729280 -0.301976 -0.097423 0.093916 0.726364 0.673858
1784010377.832998991 11.479158 2.734991 -0.302092 -0.097189 0.093756 0.726579 0.673682
1784010377.837445974 11.478661 2.739390 -0.302172 -0.097136 0.093527 0.726733 0.673555
1784010377.842974901 11.478034 2.744890 -0.302220 -0.097363 0.093547 0.726891 0.673349
1784010377.847240925 11.477557 2.749147 -0.302215 -0.097611 0.093792 0.727016 0.673144
1784010377.852952003 11.476912 2.754822 -0.302172 -0.097799 0.093908 0.727205 0.672896
1784010377.857198000 11.476440 2.759033 -0.302120 -0.097779 0.093791 0.727358 0.672751
1784010377.862945080 11.475800 2.764732 -0.302026 -0.097794 0.093793 0.727571 0.672518
1784010377.867331982 11.475316 2.769085 -0.301958 -0.097914 0.093830 0.727713 0.672341
1784010377.872966051 11.474689 2.774679 -0.301903 -0.098009 0.093731 0.727884 0.672156
1784010377.877945900 11.474137 2.779641 -0.301888 -0.098244 0.093721 0.728009 0.671988
1784010377.882653952 11.473621 2.784333 -0.301903 -0.098531 0.093819 0.728120 0.671812
1784010377.887345076 11.473114 2.788994 -0.301961 -0.098531 0.093734 0.728260 0.671672
1784010377.892792940 11.472525 2.794403 -0.302074 -0.098401 0.093445 0.728420 0.671557
1784010377.897118092 11.472059 2.798703 -0.302182 -0.098494 0.093405 0.728522 0.671439
1784010377.902757883 11.471441 2.804293 -0.302346 -0.098733 0.093397 0.728658 0.671258
1784010377.907211065 11.470957 2.808694 -0.302496 -0.098714 0.093196 0.728779 0.671157
1784010377.912981033 11.470327 2.814396 -0.302677 -0.098749 0.093083 0.728938 0.670995
1784010377.917265892 11.469871 2.818640 -0.302787 -0.098915 0.093371 0.729060 0.670797
1784010377.922806025 11.469271 2.824108 -0.302911 -0.099080 0.093683 0.729232 0.670543
1784010377.922806025 11.469271 2.824108 -0.302911 -0.099080 0.093683 0.729232 0.670543
1784010377.922884941 11.469262 2.824184 -0.302913 -0.099081 0.093687 0.729235 0.670538
1784010377.927087069 11.468771 2.828264 -0.302985 -0.099081 0.093637 0.729395 0.670371
1784010377.932977915 11.468085 2.833972 -0.303048 -0.099180 0.093768 0.729626 0.670087
1784010377.937277079 11.467589 2.838147 -0.303075 -0.099348 0.093913 0.729769 0.669886
1784010377.942945957 11.466932 2.843646 -0.303117 -0.099458 0.093670 0.729947 0.669710
1784010377.947242975 11.466439 2.847833 -0.303149 -0.099518 0.093544 0.730081 0.669573
1784010377.953005075 11.465780 2.853439 -0.303197 -0.099767 0.093687 0.730258 0.669322
1784010377.957379103 11.465282 2.857679 -0.303261 -0.099787 0.093725 0.730420 0.669137
1784010377.962744951 11.464664 2.862863 -0.303376 -0.099671 0.093503 0.730628 0.668958
1784010377.967267036 11.464139 2.867249 -0.303482 -0.099875 0.093505 0.730762 0.668782
1784010377.972937107 11.463482 2.872758 -0.303619 -0.100276 0.093706 0.730915 0.668526
1784010377.976994038 11.463018 2.876699 -0.303726 -0.100353 0.093666 0.731040 0.668384
1784010377.982968092 11.462321 2.882465 -0.303894 -0.100371 0.093295 0.731248 0.668205
1784010377.987118006 11.461835 2.886471 -0.304011 -0.100493 0.093072 0.731380 0.668074
1784010377.992988110 11.461147 2.892137 -0.304166 -0.100681 0.092894 0.731562 0.667870
1784010377.997442961 11.460630 2.896454 -0.304275 -0.100828 0.092896 0.731697 0.667701
1784010378.002993107 11.459987 2.901837 -0.304398 -0.101105 0.093079 0.731873 0.667440
1784010378.007183075 11.459507 2.905905 -0.304488 -0.101253 0.093203 0.732014 0.667245
1784010378.012959003 11.458847 2.911489 -0.304616 -0.101191 0.093199 0.732263 0.666983
1784010378.017220974 11.458368 2.915618 -0.304703 -0.101167 0.093245 0.732440 0.666785
1784010378.022705078 11.457751 2.920945 -0.304790 -0.101389 0.093498 0.732655 0.666479
1784010378.022705078 11.457751 2.920945 -0.304790 -0.101389 0.093498 0.732655 0.666479
1784010378.022927046 11.457725 2.921157 -0.304793 -0.101398 0.093509 0.732662 0.666469
1784010378.027194023 11.457218 2.925225 -0.304840 -0.101615 0.093646 0.732794 0.666271
1784010378.032934904 11.456535 2.930664 -0.304877 -0.101766 0.093559 0.732973 0.666064
1784010378.037349939 11.456019 2.934847 -0.304883 -0.101784 0.093398 0.733120 0.665921
1784010378.042684078 11.455403 2.939906 -0.304869 -0.101728 0.093341 0.733308 0.665731
1784010378.047302961 11.454873 2.944289 -0.304853 -0.101670 0.093366 0.733482 0.665545
1784010378.052915096 11.454215 2.949616 -0.304862 -0.101486 0.093065 0.733700 0.665375
1784010378.057387114 11.453686 2.953917 -0.304901 -0.101474 0.092931 0.733863 0.665216
1784010378.062779903 11.453046 2.959141 -0.304979 -0.101880 0.093308 0.734000 0.664949
1784010378.067013025 11.452546 2.963224 -0.305081 -0.102045 0.093552 0.734141 0.664735
1784010378.072990894 11.451820 2.968989 -0.305317 -0.101808 0.092821 0.734344 0.664649
1784010378.077050924 11.451316 2.972989 -0.305517 -0.102028 0.092620 0.734435 0.664542
1784010378.082952976 11.450579 2.978836 -0.305800 -0.103175 0.093360 0.734458 0.664236
1784010378.087287903 11.450046 2.983098 -0.306032 -0.103607 0.093749 0.734527 0.664039
1784010378.093106031 11.449318 2.988808 -0.306375 -0.103326 0.092923 0.734687 0.664021
1784010378.097121954 11.448811 2.992828 -0.306575 -0.103497 0.092852 0.734758 0.663926
1784010378.102933884 11.448086 2.998680 -0.306756 -0.104424 0.093906 0.734780 0.663608
1784010378.107183933 11.447568 3.002922 -0.306863 -0.104363 0.094319 0.734902 0.663424
1784010378.113015890 11.446834 3.008702 -0.307005 -0.103599 0.093520 0.735151 0.663381
1784010378.117309093 11.446281 3.013019 -0.307069 -0.103789 0.093510 0.735251 0.663242
1784010378.122580051 11.445611 3.018357 -0.307106 -0.104459 0.094257 0.735318 0.662957
1784010378.122580051 11.445611 3.018357 -0.307106 -0.104459 0.094257 0.735318 0.662957
1784010378.122993946 11.445559 3.018771 -0.307105 -0.104511 0.094314 0.735321 0.662937
1784010378.127351046 11.445004 3.023096 -0.307128 -0.104561 0.094471 0.735404 0.662814
1784010378.132977009 11.444278 3.028644 -0.307218 -0.104095 0.093599 0.735556 0.662843
1784010378.137239933 11.443732 3.032888 -0.307307 -0.104126 0.093384 0.735644 0.662771
1784010378.142982960 11.443009 3.038645 -0.307437 -0.104521 0.093815 0.735698 0.662587
1784010378.147151947 11.442492 3.042814 -0.307582 -0.104606 0.093986 0.735781 0.662458
1784010378.152987957 11.441753 3.048644 -0.307840 -0.104396 0.093507 0.735922 0.662403
1784010378.157625914 11.441160 3.053331 -0.308045 -0.104801 0.093585 0.735964 0.662281
1784010378.162688971 11.440528 3.058456 -0.308229 -0.105298 0.094074 0.736016 0.662075
1784010378.166935921 11.440010 3.062725 -0.308364 -0.105038 0.094164 0.736167 0.661935
1784010378.172758102 11.439276 3.068584 -0.308490 -0.104839 0.093651 0.736314 0.661876
1784010378.176882982 11.438745 3.072765 -0.308516 -0.105239 0.093820 0.736370 0.661726
1784010378.182946920 11.437967 3.078873 -0.308484 -0.105697 0.094258 0.736492 0.661456
1784010378.187206030 11.437425 3.083133 -0.308454 -0.105674 0.094063 0.736605 0.661361
1784010378.192991018 11.436695 3.088913 -0.308369 -0.105596 0.093842 0.736765 0.661227
1784010378.197231054 11.436172 3.093168 -0.308285 -0.105664 0.093980 0.736882 0.661065
1784010378.202953100 11.435468 3.098914 -0.308200 -0.105716 0.093970 0.737026 0.660899
1784010378.207343102 11.434938 3.103321 -0.308178 -0.105519 0.093885 0.737156 0.660796
1784010378.212703943 11.434291 3.108694 -0.308190 -0.105507 0.093994 0.737298 0.660624
1784010378.217161894 11.433748 3.113160 -0.308249 -0.105672 0.093842 0.737391 0.660517
1784010378.222627163 11.433092 3.118630 -0.308367 -0.105567 0.093439 0.737507 0.660461
1784010378.222627163 11.433092 3.118630 -0.308367 -0.105567 0.093439 0.737507 0.660461
1784010378.222954988 11.433052 3.118961 -0.308376 -0.105562 0.093414 0.737518 0.660453
1784010378.227196932 11.432538 3.123257 -0.308500 -0.105357 0.093219 0.737667 0.660346
1784010378.232965946 11.431844 3.129115 -0.308678 -0.105318 0.093186 0.737861 0.660140
1784010378.237411022 11.431315 3.133623 -0.308821 -0.105166 0.093166 0.738023 0.659987
1784010378.242855072 11.430662 3.139156 -0.308995 -0.104922 0.093188 0.738234 0.659786
1784010378.247123003 11.430143 3.143503 -0.309117 -0.105138 0.093301 0.738340 0.659617
1784010378.252979994 11.429437 3.149469 -0.309250 -0.105402 0.093690 0.738496 0.659346
1784010378.256989956 11.428954 3.153522 -0.309334 -0.105405 0.093686 0.738629 0.659196
1784010378.262989998 11.428213 3.159590 -0.309457 -0.105634 0.093265 0.738795 0.659033
1784010378.267064095 11.427711 3.163712 -0.309517 -0.106010 0.093187 0.738852 0.658920
1784010378.272934914 11.427023 3.169667 -0.309555 -0.106404 0.093448 0.738939 0.658722
1784010378.277172089 11.426551 3.173947 -0.309563 -0.106477 0.093453 0.738998 0.658644
1784010378.282944918 11.425941 3.179781 -0.309556 -0.106479 0.093187 0.739048 0.658624
1784010378.287266970 11.425519 3.184145 -0.309536 -0.106454 0.093046 0.739052 0.658645
1784010378.292979956 11.425010 3.189921 -0.309510 -0.106420 0.092895 0.739010 0.658718
1784010378.297116995 11.424679 3.194095 -0.309506 -0.106282 0.092705 0.738943 0.658842
1784010378.302788973 11.424271 3.199832 -0.309530 -0.106022 0.092432 0.738816 0.659065
1784010378.307003021 11.424001 3.204092 -0.309575 -0.105971 0.092212 0.738650 0.659290
1784010378.312894106 11.423684 3.210075 -0.309673 -0.105778 0.091923 0.738389 0.659654
1784010378.317058086 11.423503 3.214319 -0.309770 -0.105629 0.091808 0.738156 0.659954
1784010378.322545052 11.423314 3.219952 -0.309924 -0.105751 0.091995 0.737768 0.660342
1784010378.322545052 11.423314 3.219952 -0.309924 -0.105751 0.091995 0.737768 0.660342
1784010378.322937965 11.423302 3.220362 -0.309935 -0.105759 0.092010 0.737718 0.660394
1784010378.327372074 11.423190 3.225004 -0.310060 -0.105726 0.092243 0.737052 0.661111
1784010378.332962990 11.423112 3.230872 -0.310225 -0.105437 0.092334 0.736119 0.662183
1784010378.337251902 11.423110 3.235386 -0.310341 -0.105357 0.092508 0.735399 0.662971
1784010378.342979908 11.423165 3.241439 -0.310443 -0.105545 0.092928 0.734262 0.664141
1784010378.347146988 11.423269 3.245820 -0.310485 -0.105609 0.093012 0.733442 0.665025
1784010378.352917910 11.423479 3.251877 -0.310464 -0.105437 0.092770 0.732146 0.666512
1784010378.356967926 11.423694 3.256125 -0.310402 -0.105207 0.092620 0.731281 0.667518
1784010378.362895966 11.424068 3.262371 -0.310257 -0.104910 0.092672 0.729830 0.669145
1784010378.367305994 11.424410 3.266998 -0.310160 -0.104631 0.092629 0.728790 0.670326
1784010378.372812033 11.424889 3.272771 -0.310074 -0.104026 0.092453 0.727416 0.671936
1784010378.377096891 11.425313 3.277279 -0.310047 -0.103727 0.092464 0.726337 0.673146
1784010378.382941008 11.425932 3.283464 -0.310073 -0.103780 0.092705 0.724668 0.674901
1784010378.387339115 11.426451 3.288101 -0.310161 -0.103688 0.092805 0.723463 0.676193
1784010378.393105030 11.427173 3.294181 -0.310364 -0.103400 0.092657 0.721789 0.678044
1784010378.397126913 11.427719 3.298419 -0.310552 -0.103473 0.092667 0.720618 0.679276
1784010378.402882099 11.428553 3.304497 -0.310827 -0.103626 0.093001 0.718775 0.681157
1784010378.407109022 11.429228 3.308937 -0.311030 -0.103450 0.093235 0.717485 0.682510
1784010378.412921906 11.430200 3.315040 -0.311252 -0.103013 0.093501 0.715605 0.684511
1784010378.417088032 11.430940 3.319399 -0.311367 -0.102812 0.093717 0.714304 0.685869
1784010378.422618151 11.431948 3.325183 -0.311472 -0.102695 0.093796 0.712447 0.687805
1784010378.422618151 11.431948 3.325183 -0.311472 -0.102695 0.093796 0.712447 0.687805
1784010378.422986031 11.432006 3.325568 -0.311477 -0.102685 0.093803 0.712349 0.687907
1784010378.427211046 11.432682 3.329978 -0.311518 -0.102527 0.093781 0.711164 0.689158
1784010378.432967901 11.433649 3.335982 -0.311525 -0.102249 0.094027 0.709483 0.690896
1784010378.437407970 11.434458 3.340610 -0.311515 -0.102123 0.094275 0.708159 0.692238
1784010378.442904949 11.435490 3.346318 -0.311522 -0.101866 0.094312 0.706475 0.693990
1784010378.447113037 11.436333 3.350678 -0.311547 -0.101658 0.094265 0.705176 0.695346
1784010378.452924967 11.437540 3.356701 -0.311598 -0.101495 0.094532 0.703294 0.697237
1784010378.457127094 11.438484 3.361057 -0.311649 -0.101352 0.094881 0.701924 0.698590
1784010378.462879896 11.439825 3.366989 -0.311731 -0.100754 0.095287 0.700044 0.700505
1784010378.467303991 11.440921 3.371531 -0.311798 -0.100159 0.095556 0.698612 0.701982
1784010378.472981930 11.442359 3.377344 -0.311879 -0.099560 0.095871 0.696710 0.703912
1784010378.477502108 11.443558 3.381963 -0.311945 -0.099170 0.096036 0.695171 0.705464
1784010378.482922077 11.445036 3.387487 -0.312019 -0.098676 0.096241 0.693288 0.707355
1784010378.487087011 11.446220 3.391727 -0.312071 -0.098444 0.096459 0.691822 0.708793
1784010378.492971897 11.447915 3.397696 -0.312129 -0.098078 0.096815 0.689713 0.710847
1784010378.497276068 11.449210 3.402046 -0.312168 -0.097664 0.097048 0.688205 0.712332
1784010378.502995968 11.450949 3.407820 -0.312208 -0.097094 0.097514 0.686168 0.714309
1784010378.507354975 11.452313 3.412223 -0.312227 -0.096896 0.098009 0.684596 0.715774
1784010378.512893915 11.454059 3.417797 -0.312232 -0.096542 0.098664 0.682589 0.717647
1784010378.517009974 11.455384 3.421917 -0.312228 -0.096176 0.098909 0.681118 0.719059
1784010378.522514105 11.457141 3.427400 -0.312209 -0.095642 0.098998 0.679131 0.720995
1784010378.522514105 11.457141 3.427400 -0.312209 -0.095642 0.098998 0.679131 0.720995
1784010378.522933960 11.457258 3.427811 -0.312205 -0.095610 0.099003 0.679002 0.721119
1784010378.526988029 11.458369 3.431758 -0.312173 -0.095226 0.099026 0.677840 0.722260
1784010378.532928944 11.459939 3.437514 -0.312132 -0.094681 0.098975 0.676261 0.723816
1784010378.537336111 11.461096 3.441793 -0.312118 -0.094279 0.098986 0.675113 0.724938
1784010378.542767048 11.462476 3.447064 -0.312118 -0.093862 0.099256 0.673826 0.726152
1784010378.547173977 11.463576 3.451354 -0.312145 -0.093633 0.099543 0.672808 0.727086
1784010378.552896023 11.464925 3.456914 -0.312230 -0.093412 0.099839 0.671630 0.728162
1784010378.557257891 11.465930 3.461168 -0.312331 -0.093394 0.100054 0.670752 0.728944
1784010378.562931061 11.467171 3.466690 -0.312479 -0.093380 0.100489 0.669764 0.729793
1784010378.567229986 11.468095 3.470882 -0.312600 -0.093373 0.100809 0.669043 0.730411
1784010378.572927952 11.469253 3.476416 -0.312745 -0.093280 0.101175 0.668232 0.731114
1784010378.577217102 11.470112 3.480586 -0.312831 -0.093093 0.101494 0.667671 0.731607
1784010378.583039999 11.471207 3.486224 -0.312901 -0.092842 0.101857 0.667048 0.732156
1784010378.586942911 11.471933 3.490009 -0.312929 -0.092689 0.101971 0.666617 0.732552
1784010378.592906952 11.472981 3.495764 -0.312950 -0.092442 0.102061 0.666079 0.733060
1784010378.597210884 11.473741 3.499927 -0.312965 -0.092305 0.102148 0.665665 0.733441
1784010378.602936029 11.474700 3.505450 -0.313010 -0.092296 0.102110 0.665158 0.733908
1784010378.607084036 11.475400 3.509462 -0.313067 -0.092327 0.102020 0.664760 0.734276
1784010378.612935066 11.476357 3.515102 -0.313158 -0.092327 0.102105 0.664293 0.734687
1784010378.617280960 11.477089 3.519302 -0.313230 -0.092374 0.102337 0.663908 0.734997
1784010378.622827053 11.478004 3.524644 -0.313313 -0.092427 0.102635 0.663464 0.735349
1784010378.622827053 11.478004 3.524644 -0.313313 -0.092427 0.102635 0.663464 0.735349
1784010378.623013020 11.478031 3.524818 -0.313315 -0.092432 0.102642 0.663447 0.735363
1784010378.626995087 11.478609 3.528544 -0.313358 -0.092406 0.102742 0.663079 0.735684
1784010378.632994890 11.479461 3.534143 -0.313390 -0.092323 0.102711 0.662625 0.736108
1784010378.637401104 11.480099 3.538276 -0.313381 -0.092263 0.102775 0.662278 0.736418
1784010378.642949104 11.480906 3.543463 -0.313328 -0.092136 0.103047 0.661895 0.736741
1784010378.647366047 11.481555 3.547581 -0.313275 -0.091998 0.103169 0.661573 0.737031
1784010378.653069019 11.482374 3.552878 -0.313203 -0.091766 0.103113 0.661238 0.737367
1784010378.657084942 11.482955 3.556622 -0.313151 -0.091604 0.103218 0.661009 0.737578
1784010378.662925959 11.483768 3.562047 -0.313094 -0.091486 0.103458 0.660750 0.737791
1784010378.667174101 11.484348 3.565998 -0.313088 -0.091346 0.103450 0.660573 0.737968
1784010378.672914028 11.485098 3.571329 -0.313132 -0.091076 0.103371 0.660439 0.738133
1784010378.677258968 11.485657 3.575382 -0.313199 -0.091016 0.103515 0.660313 0.738232
1784010378.682653904 11.486310 3.580406 -0.313326 -0.091069 0.103586 0.660205 0.738313
1784010378.687031984 11.486810 3.584483 -0.313456 -0.091086 0.103347 0.660135 0.738407
1784010378.692923069 11.487426 3.589959 -0.313626 -0.091393 0.102869 0.660091 0.738475
1784010378.697375059 11.487875 3.594114 -0.313728 -0.091662 0.102670 0.660048 0.738508
1784010378.702737093 11.488390 3.599107 -0.313801 -0.091637 0.102453 0.660121 0.738475
1784010378.707041025 11.488786 3.603111 -0.313821 -0.091510 0.102218 0.660205 0.738449
1784010378.712922096 11.489281 3.608567 -0.313788 -0.091449 0.101886 0.660409 0.738320
1784010378.717032909 11.489621 3.612395 -0.313729 -0.091346 0.101767 0.660547 0.738225
1784010378.722553015 11.490059 3.617531 -0.313634 -0.091298 0.101719 0.660788 0.738022
1784010378.722553015 11.490059 3.617531 -0.313634 -0.091298 0.101719 0.660788 0.738022
1784010378.722862959 11.490086 3.617819 -0.313628 -0.091290 0.101722 0.660792 0.738019
1784010378.727013111 11.490452 3.621681 -0.313553 -0.091293 0.101765 0.660841 0.737969
1784010378.732942104 11.490978 3.627206 -0.313485 -0.091326 0.101739 0.660924 0.737894
1784010378.737384081 11.491364 3.631344 -0.313480 -0.091396 0.101626 0.660973 0.737857
1784010378.742779970 11.491837 3.636370 -0.313527 -0.091505 0.101534 0.661031 0.737805
1784010378.747149944 11.492223 3.640443 -0.313605 -0.091551 0.101592 0.661071 0.737755
1784010378.752964020 11.492751 3.645881 -0.313733 -0.091659 0.101952 0.661123 0.737645
1784010378.757184982 11.493128 3.649827 -0.313844 -0.091817 0.102256 0.661137 0.737571
1784010378.762881041 11.493638 3.655136 -0.313997 -0.091932 0.102379 0.661166 0.737513
1784010378.767113924 11.494013 3.659070 -0.314098 -0.091884 0.102286 0.661193 0.737509
1784010378.772948980 11.494546 3.664489 -0.314171 -0.091751 0.102285 0.661259 0.737466
1784010378.777410030 11.494948 3.668619 -0.314177 -0.091632 0.102294 0.661307 0.737436
1784010378.782836914 11.495430 3.673636 -0.314137 -0.091436 0.102106 0.661396 0.737407
1784010378.787128925 11.495802 3.677605 -0.314071 -0.091387 0.102035 0.661455 0.737370
1784010378.792989969 11.496324 3.683030 -0.313941 -0.091487 0.102208 0.661537 0.737260
1784010378.797220945 11.496706 3.686937 -0.313843 -0.091378 0.102318 0.661607 0.737195
1784010378.802766085 11.497217 3.692053 -0.313729 -0.091077 0.102295 0.661737 0.737119
1784010378.807013988 11.497604 3.695968 -0.313668 -0.090993 0.102261 0.661813 0.737066
1784010378.812903881 11.498153 3.701397 -0.313632 -0.090910 0.102213 0.661930 0.736977
1784010378.817126989 11.498545 3.705290 -0.313647 -0.090861 0.102214 0.661997 0.736924
1784010378.822746038 11.499073 3.710481 -0.313695 -0.090990 0.102347 0.662072 0.736822
1784010378.822746038 11.499073 3.710481 -0.313695 -0.090990 0.102347 0.662072 0.736822
1784010378.822932959 11.499090 3.710658 -0.313696 -0.090996 0.102351 0.662072 0.736820
1784010378.827260017 11.499488 3.714736 -0.313742 -0.091161 0.102443 0.662081 0.736779
1784010378.832887888 11.499999 3.720036 -0.313808 -0.091207 0.102264 0.662114 0.736769
1784010378.837352037 11.500406 3.724221 -0.313853 -0.091104 0.102032 0.662161 0.736771
1784010378.842749119 11.500896 3.729286 -0.313881 -0.090997 0.101826 0.662216 0.736764
1784010378.847187042 11.501295 3.733439 -0.313890 -0.090995 0.101590 0.662244 0.736772
1784010378.852895021 11.501799 3.738776 -0.313881 -0.090915 0.101174 0.662296 0.736792
1784010378.857037067 11.502165 3.742621 -0.313861 -0.090853 0.100871 0.662331 0.736810
1784010378.862847090 11.502675 3.748025 -0.313819 -0.090949 0.100722 0.662384 0.736770
1784010378.867082119 11.503049 3.751959 -0.313791 -0.091014 0.100613 0.662420 0.736745
1784010378.872936964 11.503567 3.757416 -0.313757 -0.091004 0.100796 0.662527 0.736625
1784010378.877265930 11.503955 3.761441 -0.313751 -0.091133 0.100961 0.662590 0.736530
1784010378.882883072 11.504460 3.766677 -0.313770 -0.091370 0.101108 0.662655 0.736422
1784010378.887403965 11.504876 3.770876 -0.313805 -0.091519 0.101211 0.662706 0.736343
1784010378.892910004 11.505390 3.775987 -0.313857 -0.091622 0.101299 0.662777 0.736254
1784010378.897070885 11.505788 3.779833 -0.313906 -0.091697 0.101365 0.662829 0.736189
1784010378.902932882 11.506354 3.785260 -0.313971 -0.091567 0.101373 0.662935 0.736109
1784010378.907038927 11.506760 3.789050 -0.314012 -0.091472 0.101378 0.663006 0.736056
1784010378.912903070 11.507338 3.794478 -0.314072 -0.091431 0.101419 0.663092 0.735978
1784010378.917184114 11.507761 3.798432 -0.314127 -0.091396 0.101448 0.663153 0.735924
1784010378.922434092 11.508280 3.803285 -0.314198 -0.091400 0.101446 0.663201 0.735880
1784010378.922434092 11.508280 3.803285 -0.314198 -0.091400 0.101446 0.663201 0.735880
1784010378.922875881 11.508321 3.803702 -0.314205 -0.091398 0.101443 0.663205 0.735877
1784010378.927160978 11.508716 3.807758 -0.314267 -0.091375 0.101409 0.663255 0.735840
1784010378.932919979 11.509236 3.813228 -0.314355 -0.091318 0.100994 0.663326 0.735840
1784010378.937453032 11.509639 3.817535 -0.314430 -0.091274 0.100672 0.663378 0.735842
1784010378.942617893 11.510092 3.822451 -0.314513 -0.091496 0.100864 0.663422 0.735749
1784010378.947197914 11.510501 3.826801 -0.314577 -0.091693 0.101037 0.663459 0.735667
1784010378.952882051 11.511008 3.832203 -0.314632 -0.091675 0.100990 0.663552 0.735592
1784010378.957320929 11.511411 3.836405 -0.314649 -0.091661 0.100957 0.663621 0.735536
1784010378.962874889 11.511909 3.841662 -0.314650 -0.091648 0.100982 0.663735 0.735431
1784010378.967205048 11.512294 3.845742 -0.314643 -0.091639 0.101007 0.663820 0.735352
1784010378.973057032 11.512815 3.851283 -0.314611 -0.091648 0.101030 0.663956 0.735225
1784010378.977099895 11.513191 3.855118 -0.314567 -0.091657 0.101053 0.664045 0.735141
1784010378.982875109 11.513731 3.860603 -0.314514 -0.091548 0.101089 0.664187 0.735021
1784010378.986962080 11.514119 3.864450 -0.314503 -0.091473 0.101121 0.664282 0.734940
1784010378.992882013 11.514677 3.870029 -0.314519 -0.091331 0.101059 0.664439 0.734825
1784010378.997275114 11.515099 3.874162 -0.314551 -0.091227 0.101018 0.664550 0.734742
1784010379.002706051 11.515613 3.879279 -0.314623 -0.091107 0.101004 0.664673 0.734648
1784010379.007200003 11.516034 3.883498 -0.314714 -0.091009 0.100997 0.664772 0.734572
1784010379.013053894 11.516566 3.889026 -0.314864 -0.091089 0.100723 0.664907 0.734477
1784010379.017118931 11.516935 3.892880 -0.314983 -0.091147 0.100540 0.664995 0.734415
1784010379.022905111 11.517439 3.898380 -0.315176 -0.091429 0.100190 0.665063 0.734367
1784010379.022979021 11.517445 3.898451 -0.315178 -0.091432 0.100185 0.665064 0.734366
1784010379.022979021 11.517445 3.898451 -0.315178 -0.091432 0.100185 0.665064 0.734366
1784010379.027182102 11.517751 3.902522 -0.315360 -0.091639 0.099946 0.665075 0.734362
1784010379.032896042 11.518159 3.908088 -0.315592 -0.092026 0.099513 0.665061 0.734386
1784010379.037161112 11.518478 3.912269 -0.315725 -0.092315 0.099193 0.665053 0.734400
1784010379.042934895 11.518914 3.917957 -0.315856 -0.092275 0.099216 0.665138 0.734325
1784010379.047117949 11.519239 3.922048 -0.315924 -0.092248 0.099235 0.665202 0.734267
1784010379.052901983 11.519682 3.927719 -0.316004 -0.092241 0.099417 0.665284 0.734169
1784010379.057285070 11.520029 3.932024 -0.316031 -0.092237 0.099558 0.665349 0.734092
1784010379.062937021 11.520475 3.937591 -0.316056 -0.092514 0.099946 0.665434 0.733928
1784010379.067292929 11.520829 3.941862 -0.316091 -0.092518 0.099932 0.665500 0.733869
1784010379.072932959 11.521289 3.947405 -0.316164 -0.092452 0.099797 0.665575 0.733828
1784010379.076982975 11.521630 3.951375 -0.316230 -0.092605 0.099763 0.665613 0.733779
1784010379.082881927 11.522130 3.957178 -0.316373 -0.092647 0.099685 0.665688 0.733716
1784010379.087188959 11.522509 3.961412 -0.316510 -0.092603 0.099617 0.665726 0.733696
1784010379.092920065 11.523001 3.967074 -0.316718 -0.092954 0.099860 0.665726 0.733618
1784010379.096973896 11.523355 3.971070 -0.316872 -0.093237 0.100103 0.665726 0.733550
1784010379.102869987 11.523863 3.976905 -0.317110 -0.093410 0.100234 0.665738 0.733499
1784010379.107183933 11.524241 3.981162 -0.317263 -0.093570 0.100386 0.665746 0.733450
1784010379.112945080 11.524740 3.986837 -0.317415 -0.093693 0.100626 0.665790 0.733362
1784010379.117073059 11.525101 3.990884 -0.317488 -0.093607 0.100515 0.665842 0.733341
1784010379.122492075 11.525565 3.996218 -0.317527 -0.093603 0.100433 0.665887 0.733312
1784010379.122492075 11.525565 3.996218 -0.317527 -0.093603 0.100433 0.665887 0.733312
1784010379.122859001 11.525592 3.996585 -0.317526 -0.093603 0.100428 0.665891 0.733309
1784010379.127326965 11.525925 4.001065 -0.317501 -0.093707 0.100626 0.665948 0.733217
1784010379.132869959 11.526339 4.006618 -0.317455 -0.093564 0.100764 0.666064 0.733110
1784010379.137161970 11.526670 4.010913 -0.317431 -0.093334 0.100702 0.666158 0.733063
1784010379.142904997 11.527112 4.016668 -0.317425 -0.093221 0.100862 0.666284 0.732941
1784010379.147080898 11.527441 4.020838 -0.317454 -0.093178 0.100974 0.666373 0.732850
1784010379.152869940 11.527889 4.026650 -0.317553 -0.093134 0.100773 0.666474 0.732791
1784010379.157299995 11.528241 4.031118 -0.317653 -0.093323 0.100790 0.666516 0.732727
1784010379.162957907 11.528693 4.036832 -0.317777 -0.093661 0.101087 0.666562 0.732601
1784010379.167409897 11.529053 4.041300 -0.317879 -0.093664 0.101003 0.666629 0.732551
1784010379.172768116 11.529479 4.046685 -0.317983 -0.093480 0.100468 0.666707 0.732577
1784010379.176868916 11.529810 4.050825 -0.318026 -0.093453 0.100260 0.666755 0.732566
1784010379.182729959 11.530275 4.056774 -0.318046 -0.093624 0.100271 0.666796 0.732505
1784010379.187170982 11.530622 4.061253 -0.318062 -0.093630 0.099960 0.666828 0.732518
1784010379.192718983 11.531041 4.066837 -0.318097 -0.093361 0.099214 0.666902 0.732586
1784010379.197067976 11.531374 4.071242 -0.318123 -0.093409 0.098940 0.666939 0.732583
1784010379.202936888 11.531824 4.077251 -0.318157 -0.093942 0.099270 0.666945 0.732465
1784010379.207288980 11.532168 4.081688 -0.318207 -0.094100 0.099473 0.666992 0.732374
1784010379.212925911 11.532599 4.087420 -0.318321 -0.094018 0.099149 0.667077 0.732351
1784010379.217072964 11.532919 4.091661 -0.318426 -0.094199 0.098963 0.667114 0.732320
1784010379.222681999 11.533360 4.097454 -0.318565 -0.094785 0.099429 0.667145 0.732152
1784010379.222681999 11.533360 4.097454 -0.318565 -0.094785 0.099429 0.667145 0.732152
1784010379.222898960 11.533376 4.097680 -0.318569 -0.094808 0.099448 0.667147 0.732145
1784010379.227349043 11.533696 4.102304 -0.318682 -0.094982 0.099805 0.667240 0.731989
1784010379.232938051 11.534089 4.108099 -0.318865 -0.094727 0.099297 0.667418 0.731929
1784010379.237431049 11.534416 4.112804 -0.319006 -0.094704 0.099132 0.667525 0.731857
1784010379.242882013 11.534824 4.118545 -0.319126 -0.094927 0.099901 0.667668 0.731593
1784010379.247083902 11.535136 4.122935 -0.319223 -0.094916 0.100141 0.667825 0.731418
1784010379.252932072 11.535552 4.129027 -0.319375 -0.094461 0.099505 0.668042 0.731366
1784010379.257092953 11.535850 4.133371 -0.319461 -0.094497 0.099418 0.668152 0.731272
1784010379.262857914 11.536256 4.139399 -0.319548 -0.094873 0.099768 0.668307 0.731034
1784010379.267007113 11.536543 4.143710 -0.319619 -0.094922 0.099687 0.668425 0.730931
1784010379.272850990 11.536924 4.149768 -0.319728 -0.094842 0.098867 0.668582 0.730909
1784010379.277312040 11.537220 4.154403 -0.319781 -0.095051 0.098846 0.668699 0.730778
1784010379.282855034 11.537588 4.160170 -0.319817 -0.095484 0.099205 0.668818 0.730564
1784010379.287084103 11.537874 4.164544 -0.319846 -0.095503 0.099196 0.668946 0.730446
1784010379.292860031 11.538259 4.170503 -0.319868 -0.095340 0.099062 0.669155 0.730293
1784010379.297135115 11.538548 4.174913 -0.319867 -0.095576 0.099147 0.669276 0.730140
1784010379.302887917 11.538942 4.180832 -0.319861 -0.095797 0.099161 0.669443 0.729956
1784010379.307189941 11.539253 4.185233 -0.319861 -0.095645 0.099062 0.669594 0.729852
1784010379.312757015 11.539656 4.190932 -0.319850 -0.095695 0.099087 0.669767 0.729683
1784010379.317070007 11.539975 4.195341 -0.319840 -0.095789 0.099200 0.669892 0.729540
1784010379.322763205 11.540397 4.201138 -0.319851 -0.095524 0.099120 0.670122 0.729375
1784010379.322763205 11.540397 4.201138 -0.319851 -0.095524 0.099120 0.670122 0.729375
1784010379.322859049 11.540403 4.201236 -0.319851 -0.095520 0.099118 0.670125 0.729372
1784010379.327162027 11.540692 4.205622 -0.319871 -0.095274 0.098972 0.670290 0.729273
1784010379.332890034 11.541078 4.211470 -0.319917 -0.095199 0.099106 0.670477 0.729093
1784010379.337368011 11.541381 4.216037 -0.319976 -0.095182 0.099200 0.670619 0.728951
1784010379.342873096 11.541734 4.221632 -0.320085 -0.095145 0.098901 0.670786 0.728843
1784010379.347075939 11.541993 4.225896 -0.320181 -0.095304 0.098527 0.670870 0.728796
1784010379.352859020 11.542336 4.231766 -0.320292 -0.095765 0.098157 0.670943 0.728718
1784010379.357091904 11.542590 4.236053 -0.320361 -0.096009 0.097867 0.670989 0.728683
1784010379.362909079 11.542921 4.241942 -0.320435 -0.096117 0.097268 0.671063 0.728681
1784010379.366858959 11.543145 4.245952 -0.320464 -0.096260 0.096931 0.671102 0.728671
1784010379.372868061 11.543481 4.252090 -0.320452 -0.096382 0.096613 0.671184 0.728621
1784010379.377248049 11.543736 4.256603 -0.320407 -0.096119 0.096206 0.671303 0.728600
1784010379.382860899 11.544074 4.262515 -0.320327 -0.095747 0.095629 0.671472 0.728569
1784010379.387135029 11.544347 4.267104 -0.320258 -0.095773 0.095801 0.671593 0.728431
1784010379.392858982 11.544686 4.273246 -0.320220 -0.095706 0.095760 0.671792 0.728262
1784010379.397283077 11.544938 4.278011 -0.320273 -0.095517 0.095018 0.671963 0.728226
1784010379.402988911 11.545263 4.284281 -0.320382 -0.095656 0.095168 0.672163 0.728004
1784010379.407083035 11.545492 4.288824 -0.320475 -0.096428 0.095879 0.672237 0.727740
1784010379.412868023 11.545808 4.295191 -0.320694 -0.096911 0.096052 0.672409 0.727494
1784010379.417108059 11.546042 4.299838 -0.320900 -0.096634 0.095579 0.672596 0.727421
1784010379.422569990 11.546322 4.305892 -0.321135 -0.097300 0.095532 0.672707 0.727235
1784010379.422569990 11.546322 4.305892 -0.321135 -0.097300 0.095532 0.672707 0.727235
1784010379.422878027 11.546335 4.306236 -0.321145 -0.097337 0.095530 0.672714 0.727225
1784010379.427028894 11.546515 4.310865 -0.321254 -0.097905 0.096092 0.672820 0.726976
1784010379.432888985 11.546742 4.317320 -0.321387 -0.097752 0.096259 0.673106 0.726710
1784010379.437437057 11.546885 4.322279 -0.321481 -0.097474 0.095434 0.673360 0.726621
1784010379.442831993 11.547043 4.328174 -0.321499 -0.097409 0.095148 0.673675 0.726375
1784010379.447035074 11.547169 4.332774 -0.321455 -0.097547 0.095318 0.673912 0.726114
1784010379.452848911 11.547337 4.339094 -0.321386 -0.097356 0.095070 0.674284 0.725827
1784010379.456967115 11.547464 4.343546 -0.321343 -0.096985 0.094682 0.674573 0.725659
1784010379.462877989 11.547652 4.349946 -0.321282 -0.096901 0.094570 0.674943 0.725340
1784010379.466999054 11.547795 4.354411 -0.321264 -0.096979 0.094586 0.675174 0.725113
1784010379.472965956 11.548006 4.360859 -0.321289 -0.096896 0.094419 0.675487 0.724854
1784010379.477107048 11.548163 4.365333 -0.321333 -0.097049 0.094380 0.675673 0.724665
1784010379.482636929 11.548380 4.371304 -0.321391 -0.097392 0.094561 0.675901 0.724383
1784010379.487276077 11.548575 4.376289 -0.321444 -0.097386 0.094550 0.676117 0.724184
1784010379.492945910 11.548811 4.382353 -0.321501 -0.097198 0.094228 0.676373 0.724011
1784010379.497417927 11.549000 4.387126 -0.321522 -0.097151 0.094095 0.676563 0.723858
1784010379.502778053 11.549222 4.392834 -0.321520 -0.097117 0.093889 0.676784 0.723683
1784010379.507237911 11.549407 4.397562 -0.321512 -0.096886 0.093523 0.676984 0.723573
1784010379.512933016 11.549640 4.403590 -0.321481 -0.096528 0.093185 0.677257 0.723410
1784010379.517168045 11.549817 4.408079 -0.321454 -0.096520 0.093154 0.677424 0.723258
1784010379.522376060 11.550028 4.413591 -0.321443 -0.096520 0.093044 0.677622 0.723087
1784010379.522376060 11.550028 4.413591 -0.321443 -0.096520 0.093044 0.677622 0.723087
1784010379.522767067 11.550041 4.414003 -0.321443 -0.096520 0.093036 0.677637 0.723075
1784010379.526850939 11.550167 4.418299 -0.321452 -0.096424 0.092878 0.677798 0.722956
1784010379.532885075 11.550335 4.424649 -0.321499 -0.096632 0.092757 0.677984 0.722770
1784010379.537338018 11.550460 4.429342 -0.321561 -0.096897 0.092823 0.678118 0.722600
1784010379.542836905 11.550612 4.435120 -0.321665 -0.096991 0.092860 0.678321 0.722392
1784010379.547092915 11.550731 4.439582 -0.321761 -0.097056 0.092854 0.678478 0.722237
1784010379.552869081 11.550890 4.445626 -0.321885 -0.097158 0.092931 0.678699 0.722005
1784010379.557058096 11.551013 4.449998 -0.321966 -0.097080 0.092944 0.678885 0.721839
1784010379.562895060 11.551174 4.456064 -0.322068 -0.096831 0.092735 0.679158 0.721643
1784010379.567063093 11.551294 4.460390 -0.322131 -0.096699 0.092609 0.679346 0.721500
1784010379.572913885 11.551454 4.466455 -0.322202 -0.096573 0.092529 0.679597 0.721291
1784010379.577224016 11.551569 4.470916 -0.322251 -0.096553 0.092331 0.679766 0.721159
1784010379.582727909 11.551706 4.476605 -0.322307 -0.096593 0.091980 0.679958 0.721018
1784010379.587080002 11.551821 4.481103 -0.322337 -0.096660 0.091872 0.680103 0.720886
1784010379.592843056 11.551967 4.487054 -0.322358 -0.096814 0.091870 0.680283 0.720695
1784010379.597352028 11.552081 4.491702 -0.322370 -0.096947 0.091802 0.680417 0.720560
1784010379.603054047 11.552217 4.497564 -0.322367 -0.097077 0.091718 0.680602 0.720379
1784010379.607017040 11.552317 4.501632 -0.322351 -0.097157 0.091742 0.680746 0.720228
1784010379.612883091 11.552463 4.507638 -0.322312 -0.097260 0.091822 0.680967 0.719996
1784010379.617369890 11.552584 4.512219 -0.322276 -0.097268 0.091862 0.681140 0.719825
1784010379.622699976 11.552729 4.517644 -0.322226 -0.097215 0.091884 0.681369 0.719613
1784010379.622748137 11.552730 4.517693 -0.322225 -0.097215 0.091884 0.681371 0.719612
1784010379.622748137 11.552730 4.517693 -0.322225 -0.097215 0.091884 0.681371 0.719612
1784010379.626966953 11.552808 4.521968 -0.322174 -0.097162 0.091819 0.681570 0.719438
1784010379.632924080 11.552917 4.527985 -0.322125 -0.096956 0.091583 0.681867 0.719214
1784010379.637428045 11.553010 4.532521 -0.322114 -0.096709 0.091418 0.682096 0.719051
1784010379.642891884 11.553120 4.538017 -0.322141 -0.096454 0.091268 0.682370 0.718845
1784010379.647341013 11.553208 4.542489 -0.322200 -0.096334 0.091134 0.682578 0.718680
1784010379.652734041 11.553308 4.547901 -0.322307 -0.096202 0.090931 0.682824 0.718490
1784010379.657104015 11.553383 4.552279 -0.322411 -0.096202 0.090715 0.683002 0.718349
1784010379.662846088 11.553462 4.558027 -0.322549 -0.096545 0.090290 0.683161 0.718205
1784010379.667109966 11.553525 4.562288 -0.322637 -0.096704 0.090047 0.683287 0.718094
1784010379.672883987 11.553598 4.568047 -0.322721 -0.096838 0.089820 0.683474 0.717926
1784010379.677263975 11.553645 4.572411 -0.322763 -0.097095 0.089649 0.683593 0.717800
1784010379.682853937 11.553698 4.577963 -0.322784 -0.097244 0.089466 0.683782 0.717622
1784010379.686928988 11.553745 4.581999 -0.322777 -0.097207 0.089365 0.683943 0.717486
1784010379.692795038 11.553806 4.587792 -0.322743 -0.097196 0.089185 0.684173 0.717291
1784010379.697217941 11.553860 4.592144 -0.322702 -0.097049 0.089087 0.684364 0.717141
1784010379.702858925 11.553923 4.597678 -0.322657 -0.096831 0.088810 0.684605 0.716975
1784010379.707109928 11.553970 4.601842 -0.322642 -0.096816 0.088519 0.684758 0.716867
1784010379.712856054 11.554036 4.607467 -0.322647 -0.096789 0.088350 0.684956 0.716702
1784010379.716809034 11.554093 4.611336 -0.322675 -0.096828 0.088363 0.685072 0.716584
1784010379.722463131 11.554167 4.616864 -0.322753 -0.097016 0.088343 0.685210 0.716429
1784010379.722463131 11.554167 4.616864 -0.322753 -0.097016 0.088343 0.685210 0.716429
1784010379.722908020 11.554170 4.617299 -0.322760 -0.097034 0.088343 0.685220 0.716417
1784010379.727252960 11.554199 4.621544 -0.322839 -0.097228 0.088320 0.685311 0.716307
1784010379.732845068 11.554232 4.626999 -0.322961 -0.097530 0.088291 0.685409 0.716176
1784010379.737207890 11.554262 4.631246 -0.323064 -0.097729 0.088320 0.685487 0.716070
1784010379.742578030 11.554295 4.636462 -0.323188 -0.097907 0.088394 0.685590 0.715938
1784010379.747081995 11.554321 4.640826 -0.323285 -0.098059 0.088452 0.685673 0.715830
1784010379.752923965 11.554351 4.646469 -0.323386 -0.098127 0.088532 0.685811 0.715679
1784010379.757257938 11.554376 4.650636 -0.323437 -0.098074 0.088533 0.685936 0.715566
1784010379.762835979 11.554407 4.655980 -0.323468 -0.097937 0.088453 0.686104 0.715434
1784010379.767075062 11.554438 4.660028 -0.323469 -0.097762 0.088439 0.686250 0.715320
1784010379.773025036 11.554477 4.665698 -0.323449 -0.097584 0.088415 0.686456 0.715149
1784010379.777004004 11.554503 4.669479 -0.323436 -0.097517 0.088360 0.686588 0.715038
1784010379.782835960 11.554542 4.675012 -0.323424 -0.097493 0.088295 0.686782 0.714863
1784010379.787297010 11.554581 4.679238 -0.323426 -0.097490 0.088378 0.686933 0.714708
1784010379.793010950 11.554636 4.684642 -0.323438 -0.097512 0.088601 0.687131 0.714487
1784010379.797007084 11.554677 4.688413 -0.323453 -0.097593 0.088741 0.687249 0.714345
1784010379.802897930 11.554736 4.693958 -0.323470 -0.097742 0.088922 0.687425 0.714133
1784010379.807293892 11.554786 4.698080 -0.323472 -0.097783 0.089033 0.687559 0.713984
1784010379.812711000 11.554845 4.703140 -0.323461 -0.097734 0.089041 0.687727 0.713828
1784010379.816932917 11.554889 4.707066 -0.323451 -0.097696 0.088883 0.687838 0.713747
1784010379.822731018 11.554940 4.712440 -0.323435 -0.097658 0.088506 0.687970 0.713671
1784010379.822731018 11.554940 4.712440 -0.323435 -0.097658 0.088506 0.687970 0.713671
1784010379.822784901 11.554939 4.712491 -0.323435 -0.097657 0.088502 0.687971 0.713671
1784010379.827119112 11.554949 4.716516 -0.323419 -0.097515 0.088186 0.688075 0.713629
1784010379.832813025 11.554954 4.721798 -0.323411 -0.097343 0.087775 0.688212 0.713571
1784010379.837496996 11.554960 4.726137 -0.323421 -0.097219 0.087561 0.688328 0.713502
1784010379.842678070 11.554972 4.730932 -0.323441 -0.097032 0.087568 0.688493 0.713368
1784010379.847007990 11.554987 4.734935 -0.323473 -0.096948 0.087706 0.688628 0.713232
1784010379.852850914 11.555003 4.740338 -0.323537 -0.097022 0.087935 0.688785 0.713043
1784010379.857264042 11.555021 4.744409 -0.323592 -0.097124 0.088120 0.688895 0.712899
1784010379.862862110 11.555047 4.749560 -0.323660 -0.097213 0.088275 0.689041 0.712727
1784010379.866945982 11.555073 4.753305 -0.323705 -0.097266 0.088371 0.689150 0.712602
1784010379.872915983 11.555115 4.758777 -0.323759 -0.097345 0.088545 0.689297 0.712428
1784010379.877091885 11.555155 4.762594 -0.323787 -0.097363 0.088714 0.689401 0.712304
1784010379.882817984 11.555213 4.767811 -0.323819 -0.097230 0.088912 0.689568 0.712136
1784010379.887162924 11.555262 4.771753 -0.323848 -0.097070 0.088957 0.689687 0.712037
1784010379.892843962 11.555325 4.776902 -0.323888 -0.096860 0.088919 0.689822 0.711939
1784010379.896858931 11.555377 4.780534 -0.323920 -0.096696 0.088916 0.689911 0.711875
1784010379.902995110 11.555452 4.786084 -0.323984 -0.096445 0.088921 0.690037 0.711787
1784010379.907020092 11.555501 4.789717 -0.324040 -0.096368 0.088910 0.690101 0.711736
1784010379.912812948 11.555557 4.794947 -0.324119 -0.096363 0.088940 0.690189 0.711648
1784010379.917062044 11.555595 4.798773 -0.324174 -0.096403 0.088962 0.690260 0.711571
1784010379.922439098 11.555635 4.803611 -0.324239 -0.096439 0.088938 0.690352 0.711480
1784010379.922439098 11.555635 4.803611 -0.324239 -0.096439 0.088938 0.690352 0.711480
1784010379.922856092 11.555635 4.803990 -0.324241 -0.096444 0.088938 0.690358 0.711473
1784010379.927042961 11.555631 4.807797 -0.324248 -0.096513 0.088957 0.690413 0.711408
1784010379.932843924 11.555617 4.813078 -0.324232 -0.096560 0.088972 0.690501 0.711315
1784010379.937345028 11.555607 4.817189 -0.324212 -0.096609 0.088907 0.690569 0.711250
1784010379.943012953 11.555589 4.822392 -0.324171 -0.096806 0.089017 0.690639 0.711141
1784010379.946950912 11.555577 4.825993 -0.324144 -0.096850 0.089182 0.690734 0.711022
1784010379.952836990 11.555545 4.831364 -0.324117 -0.096797 0.089150 0.690911 0.710862
1784010379.957031012 11.555532 4.835204 -0.324105 -0.096790 0.089206 0.691026 0.710744
1784010379.962826967 11.555522 4.840540 -0.324055 -0.097056 0.089882 0.691147 0.710505
1784010379.967113972 11.555519 4.844461 -0.324015 -0.097071 0.090253 0.691292 0.710315
1784010379.972815037 11.555500 4.849664 -0.323983 -0.096749 0.089965 0.691525 0.710169
1784010379.977133036 11.555494 4.853624 -0.323962 -0.096738 0.089831 0.691640 0.710075
1784010379.982969999 11.555511 4.858987 -0.323901 -0.096720 0.090481 0.691791 0.709847
1784010379.987162113 11.555531 4.862806 -0.323873 -0.096449 0.090702 0.691949 0.709702
1784010379.992822886 11.555524 4.867960 -0.323876 -0.096047 0.090132 0.692146 0.709638
1784010379.997334003 11.555517 4.872082 -0.323878 -0.096016 0.090002 0.692254 0.709553
1784010380.002880096 11.555507 4.877147 -0.323855 -0.096046 0.090299 0.692398 0.709370
1784010380.006994963 11.555487 4.880878 -0.323858 -0.096004 0.090039 0.692511 0.709299
1784010380.012809992 11.555433 4.886147 -0.323861 -0.095953 0.089249 0.692649 0.709271
1784010380.017060041 11.555397 4.890000 -0.323841 -0.096023 0.089197 0.692763 0.709157
1784010380.022521019 11.555330 4.894946 -0.323809 -0.096318 0.089314 0.692906 0.708962
1784010380.022521019 11.555330 4.894946 -0.323809 -0.096318 0.089314 0.692906 0.708962
1784010380.022861004 11.555323 4.895254 -0.323808 -0.096337 0.089322 0.692915 0.708950
1784010380.027048111 11.555222 4.899035 -0.323799 -0.096358 0.089194 0.693063 0.708818
1784010380.032867908 11.555058 4.904283 -0.323784 -0.096303 0.089134 0.693308 0.708594
1784010380.036998987 11.554933 4.908012 -0.323760 -0.096516 0.089352 0.693484 0.708365
1784010380.042808056 11.554735 4.913223 -0.323726 -0.096484 0.089576 0.693798 0.708034
1784010380.046936989 11.554580 4.916894 -0.323715 -0.096228 0.089396 0.694076 0.707819
1784010380.052820921 11.554324 4.922117 -0.323691 -0.096143 0.089157 0.694457 0.707486
1784010380.057147026 11.554128 4.925956 -0.323655 -0.096194 0.089323 0.694750 0.707170
1784010380.062824965 11.553843 4.930976 -0.323610 -0.096147 0.089512 0.695154 0.706756
1784010380.067178011 11.553603 4.934805 -0.323586 -0.096114 0.089467 0.695484 0.706441
1784010380.072850943 11.553257 4.939783 -0.323558 -0.096182 0.089547 0.695938 0.705975
1784010380.077164888 11.552976 4.943558 -0.323540 -0.096272 0.089673 0.696303 0.705587
1784010380.082827091 11.552571 4.948490 -0.323532 -0.096315 0.089707 0.696814 0.705072
1784010380.087068081 11.552245 4.952169 -0.323532 -0.096383 0.089773 0.697218 0.704654
1784010380.092986107 11.551746 4.957289 -0.323523 -0.096614 0.090030 0.697795 0.704019
1784010380.096885920 11.551396 4.960654 -0.323511 -0.096710 0.090129 0.698205 0.703586
1784010380.102858067 11.550813 4.965782 -0.323489 -0.096583 0.090063 0.698903 0.702919
1784010380.107064962 11.550376 4.969377 -0.323475 -0.096555 0.089932 0.699418 0.702427
1784010380.112817049 11.549740 4.974281 -0.323458 -0.096687 0.089747 0.700112 0.701741
1784010380.117012024 11.549265 4.977845 -0.323442 -0.096649 0.089636 0.700652 0.701221
1784010380.122479200 11.548627 4.982471 -0.323420 -0.096433 0.089547 0.701413 0.700501
1784010380.122479200 11.548627 4.982471 -0.323420 -0.096433 0.089547 0.701413 0.700501
1784010380.123028994 11.548556 4.982933 -0.323421 -0.096409 0.089538 0.701492 0.700426
1784010380.127157927 11.548010 4.986391 -0.323437 -0.096309 0.089468 0.702114 0.699825
1784010380.132836103 11.547225 4.991126 -0.323474 -0.096219 0.089380 0.703008 0.698952
1784010380.137360096 11.546588 4.994888 -0.323502 -0.096100 0.089412 0.703759 0.698207
1784010380.142649889 11.545819 4.999273 -0.323530 -0.096018 0.089633 0.704671 0.697270
1784010380.147032976 11.545166 5.002901 -0.323544 -0.095949 0.089814 0.705427 0.696491
1784010380.152884007 11.544251 5.007716 -0.323561 -0.096086 0.089872 0.706481 0.695396
1784010380.157190084 11.543554 5.011238 -0.323563 -0.096150 0.089841 0.707295 0.694563
1784010380.162808895 11.542609 5.015802 -0.323552 -0.096202 0.089856 0.708394 0.693432
1784010380.167208910 11.541849 5.019358 -0.323524 -0.096241 0.089864 0.709255 0.692545
1784010380.172820091 11.540842 5.023863 -0.323475 -0.096476 0.089849 0.710346 0.691395
1784010380.177256107 11.540022 5.027404 -0.323425 -0.096612 0.089731 0.711211 0.690502
1784010380.182847977 11.538956 5.031831 -0.323356 -0.096587 0.089415 0.712320 0.689402
1784010380.186943054 11.538160 5.035047 -0.323298 -0.096567 0.089180 0.713133 0.688595
1784010380.192900896 11.536963 5.039695 -0.323218 -0.096604 0.088729 0.714334 0.687402
1784010380.197241068 11.536071 5.043075 -0.323158 -0.096629 0.088396 0.715209 0.686531
1784010380.202814102 11.534896 5.047389 -0.323095 -0.096507 0.088058 0.716376 0.685374
1784010380.207029104 11.533999 5.050632 -0.323058 -0.096414 0.087798 0.717258 0.684497
1784010380.212842941 11.532724 5.055084 -0.323044 -0.096302 0.087344 0.718525 0.683242
1784010380.217149019 11.531757 5.058380 -0.323064 -0.096218 0.087004 0.719463 0.682309
1784010380.222635031 11.530496 5.062568 -0.323117 -0.096285 0.086902 0.720697 0.681008
1784010380.222635031 11.530496 5.062568 -0.323117 -0.096285 0.086902 0.720697 0.681008
1784010380.222841978 11.530446 5.062724 -0.323121 -0.096289 0.086898 0.720744 0.680959
1784010380.226998091 11.529438 5.065871 -0.323197 -0.096365 0.086834 0.721682 0.679963
1784010380.232805014 11.528002 5.070258 -0.323314 -0.096528 0.087017 0.723053 0.678457
1784010380.237404108 11.526850 5.073732 -0.323408 -0.096652 0.087156 0.724138 0.677264
1784010380.242618084 11.525529 5.077664 -0.323506 -0.096767 0.087323 0.725361 0.675916
1784010380.247000933 11.524418 5.080966 -0.323571 -0.096859 0.087458 0.726388 0.674782
1784010380.252762079 11.522915 5.085318 -0.323655 -0.096867 0.087323 0.727762 0.673315
1784010380.257026911 11.521763 5.088563 -0.323723 -0.096867 0.087216 0.728779 0.672229
1784010380.262799025 11.520164 5.092944 -0.323825 -0.097293 0.087144 0.730114 0.670726
1784010380.266989946 11.518998 5.096102 -0.323896 -0.097594 0.087084 0.731083 0.669634
1784010380.272842884 11.517346 5.100534 -0.324000 -0.097535 0.086504 0.732515 0.668151
1784010380.277213097 11.516103 5.103896 -0.324078 -0.097484 0.086062 0.733583 0.667042
1784010380.282963991 11.514442 5.108322 -0.324186 -0.098206 0.086563 0.734888 0.665434
1784010380.287028074 11.513259 5.111423 -0.324262 -0.098708 0.086909 0.735808 0.664297
1784010380.292798996 11.511549 5.115831 -0.324354 -0.098436 0.086327 0.737291 0.662766
1784010380.297071934 11.510271 5.119130 -0.324393 -0.098228 0.085888 0.738388 0.661632
1784010380.302452087 11.508636 5.123332 -0.324396 -0.098479 0.085852 0.739709 0.660123
1784010380.307213068 11.507174 5.127061 -0.324358 -0.098914 0.086251 0.740863 0.658709
1784010380.312968016 11.505371 5.131570 -0.324287 -0.098702 0.085283 0.742395 0.657141
1784010380.316895008 11.504123 5.134674 -0.324217 -0.098550 0.084613 0.743439 0.656070
1784010380.322426081 11.502334 5.139048 -0.324117 -0.099114 0.084866 0.744854 0.654344
1784010380.322426081 11.502334 5.139048 -0.324117 -0.099114 0.084866 0.744854 0.654344
1784010380.322870016 11.502184 5.139396 -0.324110 -0.099157 0.084884 0.744968 0.654206
1784010380.327220917 11.500703 5.142800 -0.324048 -0.099581 0.085064 0.746083 0.652846
1784010380.332834005 11.498754 5.147189 -0.323985 -0.099352 0.084271 0.747663 0.651175
1784010380.337308884 11.497173 5.150701 -0.323951 -0.099165 0.083635 0.748919 0.649840
1784010380.342670918 11.495238 5.154942 -0.323918 -0.099418 0.083437 0.750406 0.648109
1784010380.347021103 11.493652 5.158407 -0.323900 -0.099822 0.083614 0.751600 0.646639
1784010380.352797985 11.491516 5.162957 -0.323916 -0.099967 0.083576 0.753241 0.644709
1784010380.357028961 11.489941 5.166248 -0.323939 -0.099872 0.083286 0.754479 0.643312
1784010380.362776995 11.487759 5.170708 -0.323930 -0.100118 0.083080 0.756137 0.641351
1784010380.367197037 11.486063 5.174137 -0.323886 -0.100459 0.082860 0.757389 0.639846
1784010380.372591972 11.483981 5.178297 -0.323795 -0.100613 0.082435 0.758933 0.638046
1784010380.376837969 11.482342 5.181546 -0.323691 -0.100606 0.082124 0.760163 0.636620
1784010380.382834911 11.479987 5.186099 -0.323521 -0.100801 0.081784 0.761910 0.634542
1784010380.386895895 11.478377 5.189165 -0.323412 -0.100918 0.081456 0.763100 0.633135
1784010380.392790079 11.476018 5.193597 -0.323268 -0.101024 0.080972 0.764806 0.631118
1784010380.397070885 11.474311 5.196818 -0.323167 -0.101197 0.080830 0.766019 0.629635
1784010380.402683973 11.472068 5.201029 -0.323049 -0.101363 0.080828 0.767598 0.627683
1784010380.407008886 11.470338 5.204259 -0.322989 -0.101368 0.080613 0.768816 0.626217
1784010380.412904024 11.467950 5.208636 -0.322955 -0.101490 0.080121 0.770443 0.624258
1784010380.417171001 11.466219 5.211795 -0.322951 -0.101683 0.079938 0.771610 0.622807
1784010380.422507048 11.464041 5.215725 -0.322971 -0.101890 0.079878 0.773078 0.620957
1784010380.422507048 11.464041 5.215725 -0.322971 -0.101890 0.079878 0.773078 0.620957
1784010380.422794104 11.463921 5.215934 -0.322973 -0.101902 0.079874 0.773157 0.620857
1784010380.427054882 11.462121 5.219032 -0.323012 -0.102061 0.079762 0.774330 0.619383
1784010380.432811022 11.459662 5.223191 -0.323084 -0.102435 0.079606 0.775891 0.617385
1784010380.437180042 11.457785 5.226331 -0.323142 -0.102750 0.079529 0.777074 0.615852
1784010380.442791939 11.455351 5.230331 -0.323217 -0.103099 0.079384 0.778597 0.613885
1784010380.447113991 11.453463 5.233391 -0.323271 -0.103406 0.079208 0.779760 0.612378
1784010380.452790022 11.450949 5.237384 -0.323324 -0.104012 0.078994 0.781264 0.610383
1784010380.457204103 11.448983 5.240468 -0.323343 -0.104456 0.078842 0.782432 0.608830
1784010380.462970018 11.446400 5.244450 -0.323334 -0.104769 0.078571 0.783983 0.606813
1784010380.466777086 11.444695 5.247056 -0.323307 -0.104893 0.078327 0.785014 0.605488
1784010380.472876072 11.441942 5.251197 -0.323237 -0.105115 0.077972 0.786653 0.603364
1784010380.476835012 11.440158 5.253869 -0.323179 -0.105194 0.077783 0.787722 0.601978
1784010380.482816935 11.437451 5.257871 -0.323087 -0.105225 0.077497 0.789343 0.599883
1784010380.487062931 11.435531 5.260693 -0.323025 -0.105234 0.077313 0.790492 0.598391
1784010380.492881060 11.432886 5.264535 -0.322966 -0.105317 0.077058 0.792057 0.596335
1784010380.497040033 11.430994 5.267268 -0.322949 -0.105423 0.076835 0.793164 0.594873
1784010380.502850056 11.428338 5.271061 -0.322960 -0.105653 0.076494 0.794688 0.592838
1784010380.507344007 11.426288 5.273981 -0.322986 -0.105882 0.076262 0.795850 0.591266
1784010380.512674093 11.423851 5.277423 -0.323026 -0.106162 0.075978 0.797215 0.589411
1784010380.516962051 11.421892 5.280175 -0.323058 -0.106384 0.075734 0.798309 0.587920
1784010380.522304058 11.419444 5.283580 -0.323083 -0.106702 0.075466 0.799659 0.586058
1784010380.522304058 11.419444 5.283580 -0.323083 -0.106702 0.075466 0.799659 0.586058
1784010380.522892952 11.419171 5.283952 -0.323083 -0.106735 0.075435 0.799807 0.585855
1784010380.527091980 11.417216 5.286587 -0.323067 -0.106969 0.075247 0.800855 0.584403
1784010380.532803059 11.414544 5.290139 -0.323019 -0.107236 0.074922 0.802282 0.582435
1784010380.537008047 11.412571 5.292734 -0.322973 -0.107433 0.074624 0.803332 0.580988
1784010380.542831898 11.409821 5.296296 -0.322903 -0.107759 0.074159 0.804771 0.578993
1784010380.547152042 11.407777 5.298921 -0.322856 -0.107988 0.073815 0.805834 0.577513
1784010380.552763939 11.405111 5.302309 -0.322803 -0.108294 0.073435 0.807207 0.575584
1784010380.557183027 11.403013 5.304964 -0.322771 -0.108515 0.073250 0.808290 0.574043
1784010380.562891006 11.400301 5.308366 -0.322737 -0.108699 0.073140 0.809705 0.572026
1784010380.567030907 11.398336 5.310820 -0.322724 -0.108787 0.073045 0.810736 0.570558
1784010380.572799921 11.395592 5.314218 -0.322708 -0.108943 0.072938 0.812165 0.568507
1784010380.577049971 11.393574 5.316712 -0.322698 -0.109082 0.072909 0.813210 0.566988
1784010380.582835913 11.390823 5.320085 -0.322682 -0.109263 0.072797 0.814622 0.564936
1784010380.587058067 11.388816 5.322533 -0.322674 -0.109355 0.072598 0.815650 0.563459
1784010380.592503071 11.386223 5.325672 -0.322662 -0.109503 0.072308 0.816962 0.561564
1784010380.597156048 11.384008 5.328347 -0.322651 -0.109628 0.072189 0.818074 0.559933
1784010380.602850914 11.381295 5.331603 -0.322634 -0.109759 0.072159 0.819424 0.557934
1784010380.607328892 11.379160 5.334151 -0.322624 -0.109839 0.072110 0.820483 0.556367
1784010380.612639904 11.376621 5.337154 -0.322616 -0.109921 0.072036 0.821733 0.554511
1784010380.617014885 11.374529 5.339615 -0.322617 -0.110007 0.071977 0.822755 0.552985
1784010380.622596025 11.371851 5.342731 -0.322621 -0.110101 0.071882 0.824055 0.551038
1784010380.622596025 11.371851 5.342731 -0.322621 -0.110101 0.071882 0.824055 0.551038
1784010380.622807980 11.371748 5.342848 -0.322621 -0.110105 0.071878 0.824105 0.550963
1784010380.627182007 11.369618 5.345249 -0.322619 -0.110180 0.071737 0.825135 0.549424
1784010380.632806063 11.366868 5.348313 -0.322608 -0.110319 0.071487 0.826444 0.547458
1784010380.637134075 11.364751 5.350658 -0.322592 -0.110437 0.071300 0.827434 0.545961
1784010380.642760992 11.361987 5.353682 -0.322556 -0.110622 0.071039 0.828707 0.544023
1784010380.647129059 11.359839 5.356013 -0.322519 -0.110756 0.070786 0.829688 0.542531
1784010380.652745962 11.357074 5.358986 -0.322453 -0.110846 0.070517 0.830951 0.540612
1784010380.657135963 11.354915 5.361299 -0.322395 -0.110891 0.070375 0.831934 0.539107
1784010380.662782907 11.352125 5.364252 -0.322320 -0.111006 0.070194 0.833188 0.537167
1784010380.667038918 11.350017 5.366463 -0.322279 -0.111128 0.069982 0.834125 0.535713
1784010380.672794104 11.347161 5.369427 -0.322246 -0.111356 0.069629 0.835365 0.533776
1784010380.677134037 11.345014 5.371650 -0.322237 -0.111473 0.069420 0.836297 0.532318
1784010380.682848930 11.342193 5.374558 -0.322235 -0.111538 0.069253 0.837531 0.530383
1784010380.686966896 11.340160 5.376642 -0.322245 -0.111594 0.069123 0.838416 0.528986
1784010380.692800045 11.337271 5.379571 -0.322271 -0.111777 0.068971 0.839654 0.527001
1784010380.696865082 11.335259 5.381602 -0.322296 -0.111950 0.068936 0.840508 0.525605
1784010380.702872992 11.332283 5.384578 -0.322331 -0.112192 0.069009 0.841776 0.523512
1784010380.707545042 11.329970 5.386868 -0.322359 -0.112315 0.069028 0.842778 0.521868
1784010380.712593079 11.327462 5.389308 -0.322392 -0.112449 0.068913 0.843868 0.520090
1784010380.717175961 11.325172 5.391494 -0.322420 -0.112667 0.068703 0.844852 0.518470
1784010380.722329140 11.322583 5.393920 -0.322435 -0.112962 0.068446 0.845960 0.516630
1784010380.722329140 11.322583 5.393920 -0.322435 -0.112962 0.068446 0.845960 0.516630
1784010380.722924948 11.322280 5.394196 -0.322435 -0.112995 0.068415 0.846086 0.516420
1784010380.726957083 11.320221 5.396050 -0.322428 -0.113210 0.068185 0.846945 0.514994
1784010380.732790947 11.317234 5.398698 -0.322390 -0.113473 0.067839 0.848176 0.512951
1784010380.737023115 11.315076 5.400593 -0.322346 -0.113540 0.067641 0.849083 0.511461
1784010380.742770910 11.312136 5.403117 -0.322286 -0.113551 0.067236 0.850322 0.509449
1784010380.746993065 11.309964 5.404954 -0.322252 -0.113580 0.066895 0.851235 0.507960
1784010380.752804995 11.306944 5.407473 -0.322208 -0.113880 0.066611 0.852457 0.505876
1784010380.757067919 11.304727 5.409307 -0.322186 -0.114135 0.066506 0.853355 0.504316
1784010380.762783051 11.301752 5.411715 -0.322183 -0.114156 0.066207 0.854606 0.502229
1784010380.767062902 11.299513 5.413499 -0.322199 -0.114090 0.065845 0.855566 0.500654
1784010380.772779942 11.296480 5.415883 -0.322215 -0.114354 0.065533 0.856814 0.498497
1784010380.777038097 11.294206 5.417662 -0.322225 -0.114680 0.065454 0.857732 0.496849
1784010380.782891035 11.291078 5.420071 -0.322240 -0.114872 0.065280 0.859021 0.494597
1784010380.786932945 11.288921 5.421713 -0.322251 -0.114778 0.065031 0.859940 0.493052
1784010380.792948008 11.285663 5.424165 -0.322254 -0.114746 0.064581 0.861309 0.490723
1784010380.796962023 11.283458 5.425830 -0.322252 -0.114921 0.064427 0.862213 0.489112
1784010380.802743912 11.280270 5.428221 -0.322260 -0.115232 0.064438 0.863481 0.486796
1784010380.806777954 11.278055 5.429860 -0.322286 -0.115335 0.064277 0.864362 0.485227
1784010380.812608957 11.274826 5.432204 -0.322351 -0.115344 0.063765 0.865656 0.482980
1784010380.816987991 11.272373 5.433986 -0.322405 -0.115561 0.063530 0.866612 0.481241
1784010380.822571993 11.269226 5.436271 -0.322458 -0.116106 0.063738 0.867775 0.478982
1784010380.822571993 11.269226 5.436271 -0.322458 -0.116106 0.063738 0.867775 0.478982
1784010380.822801113 11.269096 5.436363 -0.322459 -0.116128 0.063745 0.867823 0.478888
1784010380.826936960 11.266736 5.438004 -0.322489 -0.116367 0.063596 0.868714 0.477232
1784010380.832819939 11.263349 5.440300 -0.322537 -0.116173 0.062810 0.870041 0.474960
1784010380.837088108 11.260855 5.442000 -0.322555 -0.116298 0.062490 0.870985 0.473239
1784010380.842787027 11.257491 5.444315 -0.322527 -0.117054 0.062790 0.872157 0.470848
1784010380.847079992 11.254966 5.446038 -0.322504 -0.117404 0.062908 0.873048 0.469091
1784010380.852798939 11.251597 5.448255 -0.322502 -0.117088 0.062042 0.874316 0.466919
1784010380.857167006 11.249000 5.449942 -0.322500 -0.116998 0.061568 0.875288 0.465180
1784010380.862947941 11.245520 5.452210 -0.322463 -0.117618 0.061608 0.876507 0.462716
1784010380.867008924 11.243070 5.453800 -0.322434 -0.117997 0.061798 0.877369 0.460956
1784010380.872786045 11.239579 5.455993 -0.322421 -0.117847 0.061296 0.878684 0.458551
1784010380.877113104 11.236954 5.457613 -0.322416 -0.117747 0.060983 0.879687 0.456691
1784010380.882955074 11.233377 5.459812 -0.322387 -0.118155 0.061062 0.880990 0.454057
1784010380.886943102 11.230928 5.461313 -0.322370 -0.118331 0.061173 0.881890 0.452245
1784010380.892859936 11.227280 5.463507 -0.322365 -0.118169 0.060954 0.883273 0.449610
1784010380.897192955 11.224602 5.465097 -0.322372 -0.118188 0.060669 0.884261 0.447698
1784010380.902776003 11.221144 5.467126 -0.322384 -0.118400 0.060336 0.885488 0.445255
1784010380.907666922 11.218110 5.468896 -0.322412 -0.118395 0.059959 0.886577 0.443136
1784010380.912528992 11.215077 5.470657 -0.322446 -0.118478 0.059517 0.887635 0.441049
1784010380.917201996 11.212156 5.472343 -0.322468 -0.118819 0.059255 0.888603 0.439040
1784010380.922422886 11.208899 5.474193 -0.322493 -0.119014 0.058857 0.889700 0.436813
1784010380.922646999 11.208759 5.474271 -0.322494 -0.119012 0.058828 0.889748 0.436719
1784010380.922646999 11.208759 5.474271 -0.322494 -0.119012 0.058828 0.889748 0.436719
1784010380.927062035 11.205964 5.475782 -0.322524 -0.118972 0.058263 0.890701 0.434859
1784010380.932820082 11.202286 5.477756 -0.322545 -0.119319 0.057723 0.891888 0.432397
1784010380.937211990 11.199474 5.479266 -0.322543 -0.119791 0.057569 0.892761 0.430481
1784010380.942608118 11.196026 5.481080 -0.322550 -0.120053 0.057152 0.893860 0.428177
1784010380.947143078 11.193128 5.482576 -0.322573 -0.120055 0.056501 0.894807 0.426280
1784010380.952771902 11.189507 5.484427 -0.322604 -0.120390 0.055896 0.895938 0.423883
1784010380.956885099 11.186853 5.485784 -0.322630 -0.120799 0.055623 0.896741 0.422102
1784010380.962733030 11.183086 5.487680 -0.322692 -0.121109 0.055109 0.897899 0.419610
1784010380.967053890 11.180318 5.489063 -0.322748 -0.121102 0.054666 0.898774 0.417793
1784010380.972764015 11.176655 5.490886 -0.322813 -0.121265 0.054345 0.899907 0.415343
1784010380.977303028 11.173742 5.492337 -0.322862 -0.121468 0.054166 0.900794 0.413378
1784010380.982558966 11.170376 5.494002 -0.322924 -0.121539 0.053886 0.901826 0.411138
1784010380.986953020 11.167575 5.495387 -0.322972 -0.121548 0.053668 0.902682 0.409281
1784010380.992754936 11.163880 5.497203 -0.323020 -0.121732 0.053477 0.903772 0.406839
1784010380.997112989 11.161107 5.498559 -0.323055 -0.121790 0.053248 0.904592 0.405026
1784010381.002785921 11.157479 5.500301 -0.323106 -0.121912 0.052791 0.905654 0.402667
1784010381.006771088 11.154928 5.501521 -0.323140 -0.122179 0.052502 0.906365 0.401021
1784010381.012872934 11.151030 5.503373 -0.323185 -0.122625 0.052290 0.907435 0.398485
1784010381.017060995 11.148371 5.504638 -0.323218 -0.122720 0.052146 0.908187 0.396759
1784010381.022418022 11.144960 5.506245 -0.323268 -0.122841 0.051934 0.909140 0.394561
1784010381.022418022 11.144960 5.506245 -0.323268 -0.122841 0.051934 0.909140 0.394561
1784010381.022949934 11.144618 5.506402 -0.323271 -0.122849 0.051912 0.909234 0.394343
1784010381.026983023 11.142012 5.507583 -0.323295 -0.123033 0.051776 0.909931 0.392693
1784010381.032815933 11.138239 5.509268 -0.323343 -0.123267 0.051502 0.910927 0.390339
1784010381.037158966 11.135436 5.510510 -0.323393 -0.123316 0.051178 0.911672 0.388625
1784010381.042803049 11.131780 5.512114 -0.323455 -0.123431 0.050814 0.912620 0.386403
1784010381.047009945 11.129048 5.513309 -0.323500 -0.123645 0.050490 0.913300 0.384766
1784010381.052791119 11.125288 5.514927 -0.323562 -0.123905 0.049941 0.914229 0.382543
1784010381.057028055 11.122541 5.516099 -0.323610 -0.123964 0.049506 0.914919 0.380927
1784010381.062592983 11.118925 5.517630 -0.323663 -0.124137 0.049082 0.915810 0.378778
1784010381.067174911 11.115937 5.518896 -0.323701 -0.124415 0.048848 0.916522 0.376991
1784010381.072732925 11.112311 5.520427 -0.323742 -0.124695 0.048608 0.917381 0.374835
1784010381.077090025 11.109483 5.521622 -0.323774 -0.124742 0.048436 0.918070 0.373150
1784010381.082730055 11.105822 5.523153 -0.323813 -0.124819 0.048168 0.918958 0.370966
1784010381.086945057 11.103082 5.524294 -0.323843 -0.124968 0.047908 0.919607 0.369338
1784010381.092752934 11.099292 5.525854 -0.323875 -0.125201 0.047607 0.920497 0.367075
1784010381.097006083 11.096520 5.526991 -0.323895 -0.125332 0.047427 0.921157 0.365394
1784010381.102926016 11.092666 5.528552 -0.323911 -0.125465 0.047272 0.922082 0.363028
1784010381.106745958 11.090181 5.529555 -0.323919 -0.125420 0.047178 0.922696 0.361491
1784010381.112623930 11.086280 5.531102 -0.323921 -0.125253 0.047100 0.923685 0.359026
1784010381.117058992 11.083261 5.532286 -0.323930 -0.125548 0.047046 0.924400 0.357084
1784010381.122251987 11.079691 5.533664 -0.323968 -0.126096 0.046932 0.925205 0.354814
1784010381.122251987 11.079691 5.533664 -0.323968 -0.126096 0.046932 0.925205 0.354814
1784010381.122750998 11.079345 5.533793 -0.323972 -0.126148 0.046920 0.925282 0.354596
1784010381.126996040 11.076407 5.534859 -0.324019 -0.126187 0.046572 0.925975 0.352815
1784010381.132838011 11.072336 5.536295 -0.324092 -0.125925 0.045652 0.926954 0.350449
1784010381.137247086 11.069200 5.537407 -0.324127 -0.126080 0.045124 0.927654 0.348607
1784010381.142530918 11.065388 5.538777 -0.324130 -0.126797 0.044948 0.928423 0.346312
1784010381.147000074 11.062179 5.539927 -0.324128 -0.126992 0.044610 0.929097 0.344472
1784010381.152781963 11.058047 5.541397 -0.324133 -0.126238 0.043693 0.930078 0.342212
1784010381.157016993 11.054992 5.542519 -0.324122 -0.125979 0.043469 0.930749 0.340510
1784010381.162760973 11.050777 5.544099 -0.324089 -0.126810 0.043625 0.931503 0.338110
1784010381.167149067 11.047557 5.545309 -0.324089 -0.127212 0.043592 0.932094 0.336331
1784010381.172837019 11.043385 5.546866 -0.324140 -0.126661 0.042655 0.932987 0.334174
1784010381.177181959 11.040176 5.548097 -0.324184 -0.126462 0.042171 0.933630 0.332512
1784010381.182751894 11.036030 5.549747 -0.324220 -0.127004 0.042211 0.934331 0.330323
1784010381.187179089 11.032746 5.551082 -0.324272 -0.127177 0.042334 0.934900 0.328627
1784010381.192909002 11.028488 5.552802 -0.324383 -0.126815 0.041872 0.935699 0.326545
1784010381.197026014 11.025411 5.554062 -0.324458 -0.126835 0.041754 0.936230 0.325027
1784010381.202723026 11.021124 5.555833 -0.324546 -0.127246 0.041934 0.936916 0.322859
1784010381.206964970 11.017933 5.557153 -0.324638 -0.127169 0.041825 0.937465 0.321308
1784010381.211916924 11.014201 5.558687 -0.324764 -0.126993 0.041561 0.938111 0.319522
1784010381.216872931 11.010460 5.560224 -0.324874 -0.127361 0.041485 0.938680 0.317707
1784010381.222386122 11.006289 5.561921 -0.324992 -0.127670 0.041424 0.939327 0.315672
1784010381.222386122 11.006289 5.561921 -0.324992 -0.127670 0.041424 0.939327 0.315672
1784010381.222636938 11.006097 5.561997 -0.324997 -0.127686 0.041421 0.939356 0.315579
1784010381.227154970 11.002620 5.563349 -0.325102 -0.127743 0.041019 0.939911 0.313953
1784010381.232821941 10.998233 5.565048 -0.325200 -0.128286 0.040722 0.940534 0.311899
1784010381.237018108 10.994996 5.566309 -0.325243 -0.128786 0.040708 0.940968 0.310382
1784010381.242733002 10.990587 5.568005 -0.325303 -0.128817 0.040392 0.941640 0.308365
1784010381.247059107 10.987235 5.569289 -0.325347 -0.128902 0.040091 0.942131 0.306866
1784010381.252775908 10.982807 5.570981 -0.325385 -0.129758 0.040016 0.942659 0.304886
1784010381.256948948 10.979622 5.572199 -0.325415 -0.130122 0.039909 0.943063 0.303492
1784010381.262739897 10.975230 5.573859 -0.325477 -0.129603 0.039509 0.943759 0.301597
1784010381.267034054 10.971949 5.575102 -0.325523 -0.129573 0.039277 0.944232 0.300157
1784010381.272783041 10.967535 5.576782 -0.325559 -0.130482 0.039413 0.944719 0.298206
1784010381.276789904 10.964504 5.577942 -0.325594 -0.130605 0.039486 0.945115 0.296887
1784010381.282778025 10.959993 5.579645 -0.325692 -0.129745 0.039087 0.945844 0.294988
1784010381.287296057 10.956555 5.580947 -0.325774 -0.129736 0.038809 0.946299 0.293565
1784010381.292814016 10.952353 5.582556 -0.325851 -0.130578 0.038879 0.946722 0.291813
1784010381.296952963 10.949260 5.583742 -0.325922 -0.130593 0.038841 0.947110 0.290551
1784010381.302645922 10.945007 5.585333 -0.326059 -0.129766 0.037978 0.947768 0.288884
1784010381.306977987 10.941724 5.586565 -0.326151 -0.129990 0.037472 0.948145 0.287611
1784010381.312817097 10.937309 5.588237 -0.326222 -0.131320 0.037561 0.948497 0.285828
1784010381.317019939 10.934222 5.589410 -0.326277 -0.131581 0.037464 0.948830 0.284612
1784010381.322324991 10.930384 5.590857 -0.326348 -0.130750 0.036952 0.949405 0.283142
1784010381.322324991 10.930384 5.590857 -0.326348 -0.130750 0.036952 0.949405 0.283142
1784010381.322716951 10.930098 5.590962 -0.326350 -0.130684 0.036913 0.949447 0.283035
1784010381.326982975 10.926936 5.592118 -0.326357 -0.130717 0.036501 0.949796 0.281902
1784010381.332706928 10.922646 5.593706 -0.326313 -0.131911 0.036338 0.950106 0.280316
1784010381.336950064 10.919531 5.594882 -0.326274 -0.132181 0.036352 0.950411 0.279152
1784010381.342681885 10.915411 5.596449 -0.326252 -0.131415 0.035862 0.950948 0.277743
1784010381.347160101 10.912184 5.597706 -0.326238 -0.131067 0.035455 0.951314 0.276707
1784010381.352705956 10.908123 5.599335 -0.326205 -0.131383 0.035390 0.951652 0.275398
1784010381.356966972 10.905004 5.600621 -0.326193 -0.131639 0.035632 0.951915 0.274333
1784010381.362605095 10.900920 5.602319 -0.326223 -0.131549 0.035863 0.952304 0.272993
1784010381.366983891 10.897760 5.603656 -0.326273 -0.131540 0.035910 0.952581 0.272025
1784010381.372773886 10.893557 5.605462 -0.326356 -0.131708 0.035833 0.952904 0.270819
1784010381.376770020 10.890649 5.606737 -0.326424 -0.131826 0.035781 0.953125 0.269991
1784010381.382787943 10.886272 5.608667 -0.326537 -0.131807 0.035881 0.953458 0.268805
1784010381.387008905 10.883204 5.610035 -0.326620 -0.131890 0.035804 0.953671 0.268019
1784010381.392745018 10.879018 5.611911 -0.326724 -0.132035 0.035534 0.953933 0.267052
1784010381.397181034 10.875793 5.613376 -0.326798 -0.131987 0.035406 0.954150 0.266316
1784010381.402777910 10.871736 5.615225 -0.326889 -0.131925 0.035385 0.954415 0.265397
1784010381.407207012 10.868520 5.616697 -0.326959 -0.132080 0.035485 0.954595 0.264657
1784010381.412808895 10.864430 5.618551 -0.327063 -0.132338 0.035462 0.954817 0.263729
1784010381.417406082 10.861072 5.620063 -0.327170 -0.132318 0.035244 0.955024 0.263017
1784010381.422628164 10.857259 5.621763 -0.327304 -0.132336 0.034960 0.955256 0.262205
1784010381.422628164 10.857259 5.621763 -0.327304 -0.132336 0.034960 0.955256 0.262205
1784010381.422669888 10.857228 5.621775 -0.327305 -0.132336 0.034957 0.955258 0.262199
1784010381.426882982 10.854123 5.623098 -0.327417 -0.132334 0.034713 0.955445 0.261548
1784010381.432775021 10.849773 5.624927 -0.327578 -0.132656 0.034306 0.955664 0.260636
1784010381.437279940 10.846454 5.626321 -0.327692 -0.132588 0.033947 0.955869 0.259968
1784010381.442374945 10.842707 5.627888 -0.327791 -0.132482 0.033659 0.956108 0.259178
1784010381.447165966 10.839188 5.629358 -0.327847 -0.132565 0.033590 0.956314 0.258383
1784010381.452728033 10.835101 5.631056 -0.327884 -0.132640 0.033470 0.956557 0.257458
1784010381.457035065 10.831933 5.632371 -0.327902 -0.132702 0.033381 0.956743 0.256745
1784010381.462733030 10.827743 5.634102 -0.327918 -0.132629 0.033175 0.957006 0.255829
1784010381.466945887 10.824657 5.635385 -0.327926 -0.132580 0.033028 0.957198 0.255155
1784010381.472702980 10.820435 5.637133 -0.327956 -0.132571 0.032719 0.957441 0.254285
1784010381.476927996 10.817329 5.638423 -0.328003 -0.132568 0.032498 0.957618 0.253649
1784010381.482817888 10.812997 5.640221 -0.328096 -0.132664 0.032301 0.957846 0.252760
1784010381.487065077 10.809888 5.641529 -0.328178 -0.132739 0.032164 0.958009 0.252122
1784010381.492788076 10.805677 5.643296 -0.328307 -0.132834 0.032182 0.958221 0.251262
1784010381.496860981 10.802655 5.644570 -0.328411 -0.132906 0.032200 0.958369 0.250654
1784010381.502603054 10.798396 5.646356 -0.328569 -0.133161 0.032149 0.958562 0.249787
1784010381.507108927 10.795086 5.647746 -0.328699 -0.133365 0.032112 0.958711 0.249110
1784010381.512773037 10.790914 5.649480 -0.328852 -0.133177 0.031716 0.958954 0.248324
1784010381.517405987 10.787474 5.650901 -0.328947 -0.133332 0.031282 0.959111 0.247688
1784010381.522431135 10.783750 5.652433 -0.329018 -0.133424 0.030961 0.959292 0.246977
1784010381.522431135 10.783750 5.652433 -0.329018 -0.133424 0.030961 0.959292 0.246977
1784010381.522551060 10.783661 5.652467 -0.329019 -0.133427 0.030954 0.959297 0.246960
1784010381.527085066 10.780310 5.653785 -0.329052 -0.133547 0.030687 0.959452 0.246325
1784010381.532795906 10.776063 5.655447 -0.329056 -0.133138 0.030430 0.959740 0.245453
1784010381.537220001 10.772718 5.656759 -0.329032 -0.132819 0.030232 0.959963 0.244779
1784010381.542743921 10.768521 5.658397 -0.328998 -0.133194 0.030410 0.960152 0.243810
1784010381.546788931 10.765467 5.659591 -0.328989 -0.133466 0.030540 0.960289 0.243102
1784010381.552764893 10.760944 5.661346 -0.329000 -0.133315 0.030383 0.960564 0.242116
1784010381.557027102 10.757700 5.662611 -0.329026 -0.133206 0.030271 0.960759 0.241415
1784010381.562736988 10.753349 5.664310 -0.329073 -0.133556 0.030302 0.960951 0.240453
1784010381.567011118 10.750105 5.665596 -0.329108 -0.133817 0.030327 0.961094 0.239734
1784010381.572730064 10.745777 5.667314 -0.329160 -0.133761 0.030244 0.961340 0.238784
1784010381.577023983 10.742542 5.668606 -0.329204 -0.133717 0.030183 0.961525 0.238073
1784010381.582794905 10.738193 5.670338 -0.329266 -0.133701 0.030213 0.961760 0.237126
1784010381.586908102 10.735087 5.671581 -0.329313 -0.133687 0.030235 0.961927 0.236452
1784010381.592616081 10.730771 5.673306 -0.329377 -0.133725 0.030339 0.962156 0.235485
1784010381.596785069 10.727625 5.674572 -0.329422 -0.133720 0.030502 0.962327 0.234767
1784010381.602682114 10.723183 5.676346 -0.329494 -0.133487 0.030394 0.962588 0.233841
1784010381.606976986 10.719952 5.677636 -0.329557 -0.133316 0.030315 0.962778 0.233168
1784010381.612766027 10.715572 5.679368 -0.329636 -0.133705 0.030319 0.962947 0.232243
1784010381.617763996 10.711779 5.680864 -0.329686 -0.134039 0.030323 0.963092 0.231446
1784010381.622478008 10.708210 5.682269 -0.329721 -0.134217 0.030347 0.963247 0.230695
1784010381.622503996 10.708190 5.682276 -0.329721 -0.134217 0.030346 0.963248 0.230691
1784010381.622503996 10.708190 5.682276 -0.329721 -0.134217 0.030346 0.963248 0.230691
1784010381.626784086 10.704936 5.683498 -0.329735 -0.134146 0.030222 0.963415 0.230052
1784010381.632781982 10.700357 5.685195 -0.329728 -0.134138 0.029897 0.963630 0.229196
1784010381.637274027 10.696909 5.686472 -0.329695 -0.134156 0.029675 0.963782 0.228571
1784010381.642710924 10.692684 5.688036 -0.329641 -0.134035 0.029455 0.963988 0.227801
1784010381.647138119 10.689201 5.689332 -0.329608 -0.133953 0.029355 0.964153 0.227167
1784010381.652307987 10.685120 5.690846 -0.329588 -0.133921 0.029101 0.964310 0.226550
1784010381.657057047 10.681345 5.692255 -0.329588 -0.133611 0.028775 0.964484 0.226032
1784010381.662780046 10.676680 5.694018 -0.329608 -0.133489 0.028783 0.964680 0.225268
1784010381.667155981 10.673045 5.695406 -0.329646 -0.133932 0.029028 0.964755 0.224648
1784010381.672755957 10.668420 5.697162 -0.329750 -0.134358 0.028986 0.964847 0.224003
1784010381.676950932 10.664975 5.698478 -0.329870 -0.133942 0.028654 0.965009 0.223600
1784010381.682795048 10.660064 5.700366 -0.330025 -0.133624 0.028593 0.965221 0.222880
1784010381.687102079 10.656378 5.701793 -0.330107 -0.134376 0.028762 0.965250 0.222279
1784010381.692516088 10.651808 5.703542 -0.330204 -0.134993 0.028823 0.965326 0.221568
1784010381.696845055 10.648203 5.704909 -0.330293 -0.134179 0.028185 0.965564 0.221104
1784010381.702581882 10.643353 5.706753 -0.330331 -0.133566 0.027572 0.965834 0.220375
1784010381.706996918 10.639561 5.708221 -0.330272 -0.134162 0.027874 0.965901 0.219679
1784010381.712729931 10.634658 5.710093 -0.330197 -0.134797 0.027983 0.966009 0.218798
1784010381.717751026 10.630420 5.711684 -0.330169 -0.134297 0.027454 0.966241 0.218148
1784010381.722378016 10.626520 5.713145 -0.330132 -0.134082 0.027121 0.966429 0.217487
1784010381.722378016 10.626520 5.713145 -0.330132 -0.134082 0.027121 0.966429 0.217487
1784010381.722778082 10.626181 5.713269 -0.330126 -0.134064 0.027093 0.966446 0.217430
1784010381.726999998 10.622592 5.714572 -0.330071 -0.134328 0.026885 0.966555 0.216808
1784010381.732733011 10.617734 5.716339 -0.330034 -0.134547 0.026930 0.966712 0.215963
1784010381.736979008 10.614154 5.717638 -0.330042 -0.134503 0.026674 0.966848 0.215411
1784010381.742770910 10.609276 5.719396 -0.330079 -0.134693 0.026296 0.967009 0.214615
1784010381.746936083 10.605780 5.720673 -0.330121 -0.134678 0.026186 0.967136 0.214066
1784010381.752676964 10.600978 5.722426 -0.330211 -0.134501 0.026057 0.967329 0.213319
1784010381.756977081 10.597389 5.723746 -0.330286 -0.134481 0.026142 0.967456 0.212743
1784010381.762715101 10.592593 5.725498 -0.330380 -0.134739 0.026366 0.967601 0.211891
1784010381.767174006 10.588875 5.726852 -0.330463 -0.134778 0.026257 0.967732 0.211282
1784010381.772639990 10.584343 5.728505 -0.330562 -0.134455 0.026159 0.967945 0.210525
1784010381.776963949 10.580763 5.729821 -0.330617 -0.134423 0.026179 0.968081 0.209916
1784010381.782797098 10.575925 5.731589 -0.330657 -0.134822 0.026270 0.968210 0.209053
1784010381.786987066 10.572461 5.732862 -0.330667 -0.134938 0.026345 0.968322 0.208448
1784010381.792742968 10.567717 5.734603 -0.330656 -0.134821 0.026459 0.968511 0.207627
1784010381.797142029 10.564095 5.735940 -0.330627 -0.134813 0.026540 0.968642 0.207013
1784010381.802576065 10.559617 5.737586 -0.330581 -0.134942 0.026596 0.968780 0.206275
1784010381.806958914 10.556009 5.738913 -0.330555 -0.134884 0.026516 0.968908 0.205717
1784010381.812760115 10.551237 5.740650 -0.330549 -0.134684 0.026248 0.969092 0.205016
1784010381.818186998 10.546773 5.742257 -0.330576 -0.134554 0.025824 0.969252 0.204400
1784010381.822427034 10.543278 5.743509 -0.330619 -0.134556 0.025501 0.969359 0.203929
1784010381.822427034 10.543278 5.743509 -0.330619 -0.134556 0.025501 0.969359 0.203929
1784010381.822490931 10.543225 5.743527 -0.330620 -0.134557 0.025497 0.969361 0.203921
1784010381.826999903 10.539484 5.744805 -0.330675 -0.134614 0.025247 0.969466 0.203413
1784010381.832735062 10.534709 5.746422 -0.330767 -0.134717 0.025072 0.969600 0.202728
1784010381.837055922 10.531101 5.747639 -0.330851 -0.134847 0.024936 0.969693 0.202212
1784010381.842762947 10.526328 5.749229 -0.330975 -0.135131 0.024760 0.969802 0.201520
1784010381.846864939 10.522899 5.750367 -0.331065 -0.135271 0.024614 0.969889 0.201025
1784010381.852711916 10.517999 5.751979 -0.331169 -0.135257 0.024337 0.970044 0.200317
1784010381.857127905 10.514278 5.753208 -0.331223 -0.135207 0.024118 0.970167 0.199781
1784010381.862366915 10.509848 5.754676 -0.331250 -0.135270 0.024056 0.970295 0.199127
1784010381.867187023 10.505782 5.756029 -0.331250 -0.135261 0.024145 0.970422 0.198499
1784010381.872751951 10.501083 5.757586 -0.331242 -0.135069 0.024180 0.970593 0.197789
1784010381.876846075 10.497606 5.758739 -0.331237 -0.135061 0.024163 0.970701 0.197267
1784010381.882740021 10.492580 5.760399 -0.331231 -0.135370 0.024180 0.970814 0.196493
1784010381.886835098 10.489090 5.761557 -0.331240 -0.135499 0.024160 0.970903 0.195968
1784010381.892772913 10.484030 5.763224 -0.331270 -0.135473 0.023900 0.971054 0.195267
1784010381.897109985 10.480342 5.764437 -0.331300 -0.135485 0.023642 0.971159 0.194769
1784010381.902702093 10.475600 5.765985 -0.331337 -0.135422 0.023357 0.971309 0.194097
1784010381.906975031 10.471975 5.767167 -0.331367 -0.135321 0.023137 0.971428 0.193600
1784010381.912858009 10.466965 5.768790 -0.331398 -0.135379 0.022935 0.971568 0.192881
1784010381.916971922 10.463463 5.769925 -0.331422 -0.135517 0.022917 0.971655 0.192347
1784010381.922281981 10.458963 5.771367 -0.331481 -0.135470 0.022765 0.971799 0.191669
1784010381.922324181 10.458928 5.771378 -0.331482 -0.135469 0.022764 0.971800 0.191663
1784010381.922324181 10.458928 5.771378 -0.331482 -0.135469 0.022764 0.971800 0.191663
1784010381.926984072 10.454975 5.772589 -0.331545 -0.135306 0.022499 0.971942 0.191090
1784010381.932795048 10.450041 5.774103 -0.331614 -0.135364 0.022295 0.972083 0.190352
1784010381.937120914 10.446374 5.775242 -0.331652 -0.135436 0.022323 0.972185 0.189774
1784010381.942867994 10.441510 5.776748 -0.331690 -0.135293 0.022339 0.972353 0.189016
1784010381.946832895 10.438154 5.777790 -0.331703 -0.135244 0.022344 0.972463 0.188480
1784010381.952733994 10.433156 5.779339 -0.331694 -0.135359 0.022495 0.972605 0.187647
1784010381.956991911 10.429553 5.780463 -0.331679 -0.135387 0.022645 0.972713 0.187049
1784010381.962759018 10.424670 5.781981 -0.331662 -0.135332 0.022677 0.972869 0.186273
1784010381.966975927 10.421097 5.783099 -0.331655 -0.135347 0.022702 0.972973 0.185712
1784010381.972862005 10.416115 5.784655 -0.331666 -0.135394 0.022745 0.973113 0.184938
1784010381.976938009 10.412674 5.785734 -0.331697 -0.135367 0.022749 0.973213 0.184430
1784010381.982714891 10.407786 5.787249 -0.331758 -0.135358 0.022608 0.973350 0.183732
1784010381.986953974 10.404186 5.788366 -0.331804 -0.135530 0.022582 0.973425 0.183211
1784010381.992728949 10.399285 5.789878 -0.331857 -0.135806 0.022667 0.973519 0.182493
1784010381.996983051 10.395688 5.790983 -0.331888 -0.135819 0.022676 0.973613 0.181978
1784010382.002790928 10.390774 5.792469 -0.331913 -0.135666 0.022465 0.973764 0.181311
1784010382.007168055 10.387068 5.793586 -0.331911 -0.135583 0.022299 0.973872 0.180812
1784010382.012685061 10.382406 5.794982 -0.331890 -0.135445 0.022200 0.974011 0.180177
1784010382.017426968 10.378404 5.796170 -0.331871 -0.135217 0.022039 0.974145 0.179644
1784010382.022392988 10.374200 5.797405 -0.331863 -0.135003 0.021774 0.974284 0.179086
1784010382.022392988 10.374200 5.797405 -0.331863 -0.135003 0.021774 0.974284 0.179086
1784010382.022722006 10.373920 5.797483 -0.331862 -0.134988 0.021758 0.974293 0.179049
1784010382.027328014 10.370003 5.798579 -0.331862 -0.134894 0.021672 0.974409 0.178498
1784010382.032696009 10.365453 5.799851 -0.331882 -0.134794 0.021815 0.974548 0.177794
1784010382.037034035 10.361785 5.800876 -0.331923 -0.134701 0.021938 0.974665 0.177206
1784010382.042721033 10.356968 5.802201 -0.332003 -0.134753 0.021906 0.974798 0.176441
1784010382.047034025 10.353316 5.803207 -0.332071 -0.134874 0.021822 0.974887 0.175863
1784010382.052772999 10.348475 5.804536 -0.332154 -0.134918 0.021750 0.975020 0.175101
1784010382.056902885 10.344999 5.805493 -0.332203 -0.134930 0.021581 0.975115 0.174585
1784010382.062664032 10.340154 5.806817 -0.332251 -0.134966 0.021227 0.975242 0.173887
1784010382.066900969 10.336600 5.807794 -0.332268 -0.134905 0.021017 0.975346 0.173374
1784010382.072698116 10.331748 5.809120 -0.332265 -0.134790 0.020831 0.975492 0.172666
1784010382.076910973 10.328224 5.810084 -0.332249 -0.134814 0.020712 0.975582 0.172148
1784010382.082706928 10.323378 5.811398 -0.332219 -0.134900 0.020550 0.975701 0.171427
1784010382.087150097 10.319676 5.812404 -0.332195 -0.134857 0.020448 0.975807 0.170867
1784010382.092602968 10.315142 5.813630 -0.332165 -0.134727 0.020299 0.975947 0.170187
1784010382.096813917 10.311640 5.814578 -0.332147 -0.134656 0.020195 0.976051 0.169661
1784010382.102701902 10.306737 5.815896 -0.332138 -0.134659 0.020075 0.976182 0.168919
1784010382.106863976 10.303277 5.816828 -0.332143 -0.134635 0.020008 0.976277 0.168393
1784010382.112746954 10.298396 5.818132 -0.332169 -0.134476 0.019929 0.976429 0.167648
1784010382.116756916 10.295066 5.819028 -0.332198 -0.134391 0.019898 0.976527 0.167149
1784010382.122280121 10.290476 5.820260 -0.332254 -0.134381 0.019924 0.976648 0.166445
1784010382.122280121 10.290476 5.820260 -0.332254 -0.134381 0.019924 0.976648 0.166445
1784010382.122805119 10.290040 5.820373 -0.332259 -0.134380 0.019926 0.976659 0.166381
1784010382.127124071 10.286453 5.821295 -0.332307 -0.134343 0.019898 0.976753 0.165861
1784010382.132853031 10.281699 5.822506 -0.332392 -0.134177 0.019701 0.976889 0.165215
1784010382.137125015 10.278142 5.823415 -0.332464 -0.134111 0.019574 0.976984 0.164721
1784010382.142887115 10.273335 5.824642 -0.332556 -0.134246 0.019521 0.977081 0.164044
1784010382.146994114 10.269918 5.825519 -0.332617 -0.134314 0.019544 0.977153 0.163554
1784010382.152780056 10.265109 5.826753 -0.332686 -0.134222 0.019689 0.977281 0.162848
1784010382.157068014 10.261534 5.827676 -0.332720 -0.134310 0.019861 0.977356 0.162301
1784010382.162686110 10.256852 5.828878 -0.332742 -0.134609 0.020084 0.977430 0.161576
1784010382.167187929 10.253120 5.829837 -0.332745 -0.134654 0.020229 0.977515 0.161006
1784010382.172758102 10.248501 5.831011 -0.332729 -0.134454 0.020175 0.977654 0.160335
1784010382.177099943 10.244880 5.831933 -0.332700 -0.134387 0.020068 0.977750 0.159818
1784010382.182650089 10.240243 5.833113 -0.332649 -0.134404 0.020030 0.977854 0.159174
1784010382.187005997 10.236619 5.834032 -0.332615 -0.134318 0.019979 0.977946 0.158687
1784010382.192696095 10.231884 5.835210 -0.332592 -0.133998 0.019733 0.978097 0.158056
1784010382.196979046 10.228299 5.836098 -0.332590 -0.133879 0.019586 0.978193 0.157577
1784010382.202706099 10.223491 5.837277 -0.332607 -0.134026 0.019483 0.978279 0.156933
1784010382.206773996 10.220084 5.838113 -0.332640 -0.134062 0.019437 0.978349 0.156470
1784010382.212764978 10.215063 5.839321 -0.332717 -0.133935 0.019262 0.978476 0.155803
1784010382.216998100 10.211502 5.840169 -0.332793 -0.133971 0.018972 0.978549 0.155353
1784010382.222326994 10.207017 5.841229 -0.332894 -0.134059 0.018635 0.978634 0.154781
1784010382.222570181 10.206812 5.841278 -0.332899 -0.134060 0.018625 0.978638 0.154754
1784010382.222570181 10.206812 5.841278 -0.332899 -0.134060 0.018625 0.978638 0.154754
1784010382.227088928 10.203015 5.842132 -0.332975 -0.134113 0.018446 0.978714 0.154246
1784010382.232753038 10.198241 5.843194 -0.333074 -0.134276 0.018157 0.978800 0.153596
1784010382.236943007 10.194698 5.843982 -0.333149 -0.134488 0.018009 0.978850 0.153107
1784010382.242686987 10.189854 5.845054 -0.333250 -0.134643 0.017919 0.978938 0.152417
1784010382.246963024 10.186254 5.845854 -0.333320 -0.134614 0.017857 0.979024 0.151894
1784010382.252690077 10.181414 5.846923 -0.333387 -0.134594 0.017756 0.979139 0.151180
1784010382.257139921 10.177641 5.847759 -0.333417 -0.134626 0.017615 0.979220 0.150645
1784010382.262562990 10.173058 5.848771 -0.333424 -0.134473 0.017379 0.979339 0.150031
1784010382.266792059 10.169493 5.849562 -0.333406 -0.134230 0.017188 0.979449 0.149552
1784010382.272747040 10.164451 5.850669 -0.333353 -0.134096 0.016904 0.979578 0.148863
1784010382.277085066 10.160764 5.851482 -0.333310 -0.134156 0.016774 0.979649 0.148353
1784010382.282516956 10.156156 5.852492 -0.333276 -0.134147 0.016660 0.979749 0.147713
1784010382.287154913 10.152217 5.853355 -0.333275 -0.134098 0.016485 0.979837 0.147189
1784010382.292655945 10.147523 5.854385 -0.333304 -0.134256 0.016392 0.979914 0.146545
1784010382.297009945 10.143807 5.855205 -0.333353 -0.134462 0.016345 0.979965 0.146022
1784010382.302700043 10.138963 5.856260 -0.333456 -0.134533 0.016178 0.980055 0.145364
1784010382.306890011 10.135388 5.857038 -0.333553 -0.134515 0.015983 0.980131 0.144894
1784010382.312709093 10.130405 5.858120 -0.333687 -0.134732 0.015867 0.980205 0.144198
1784010382.316898108 10.126821 5.858904 -0.333785 -0.134899 0.015848 0.980259 0.143678
1784010382.322417021 10.122116 5.859924 -0.333928 -0.134780 0.015762 0.980375 0.143006
1784010382.322417021 10.122116 5.859924 -0.333928 -0.134780 0.015762 0.980375 0.143006
1784010382.322554111 10.121999 5.859947 -0.333931 -0.134777 0.015760 0.980378 0.142990
1784010382.326878071 10.118322 5.860709 -0.334027 -0.134663 0.015706 0.980471 0.142466
1784010382.332734108 10.113330 5.861742 -0.334128 -0.134840 0.015758 0.980553 0.141722
1784010382.337210894 10.109522 5.862536 -0.334189 -0.134924 0.015892 0.980624 0.141138
1784010382.342257023 10.105236 5.863420 -0.334245 -0.134845 0.015932 0.980724 0.140509
1784010382.346733093 10.101419 5.864201 -0.334272 -0.134957 0.015885 0.980790 0.139945
1784010382.352549076 10.096452 5.865215 -0.334271 -0.135323 0.015974 0.980845 0.139195
1784010382.356983900 10.092674 5.865989 -0.334258 -0.135520 0.016066 0.980896 0.138630
1784010382.362745047 10.087773 5.866976 -0.334243 -0.135586 0.015991 0.980984 0.137953
1784010382.367059946 10.084089 5.867714 -0.334229 -0.135716 0.015917 0.981039 0.137439
1784010382.372471094 10.079472 5.868636 -0.334217 -0.135936 0.015848 0.981099 0.136800
1784010382.376981020 10.075634 5.869403 -0.334221 -0.136014 0.015821 0.981162 0.136279
1784010382.382705927 10.070763 5.870366 -0.334246 -0.136037 0.015699 0.981249 0.135640
1784010382.386682987 10.067370 5.871038 -0.334273 -0.136090 0.015649 0.981304 0.135190
1784010382.392712116 10.062234 5.872047 -0.334323 -0.136085 0.015635 0.981398 0.134511
1784010382.396903992 10.058673 5.872747 -0.334369 -0.135944 0.015609 0.981483 0.134041
1784010382.402676105 10.053769 5.873699 -0.334439 -0.135685 0.015521 0.981609 0.133390
1784010382.407324076 10.049808 5.874470 -0.334498 -0.135543 0.015475 0.981701 0.132858
1784010382.412672997 10.045257 5.875350 -0.334568 -0.135320 0.015435 0.981816 0.132239
1784010382.416924000 10.041644 5.876043 -0.334631 -0.135062 0.015314 0.981919 0.131751
1784010382.422616005 10.036792 5.876961 -0.334714 -0.134897 0.015080 0.982032 0.131105
1784010382.422616005 10.036792 5.876961 -0.334714 -0.134897 0.015080 0.982032 0.131105
1784010382.422657967 10.036756 5.876967 -0.334714 -0.134895 0.015078 0.982033 0.131100
1784010382.426903963 10.033141 5.877626 -0.334755 -0.134984 0.014967 0.982090 0.130597
1784010382.432699919 10.028217 5.878519 -0.334795 -0.135089 0.014945 0.982171 0.129875
1784010382.436990023 10.024572 5.879174 -0.334815 -0.135154 0.014827 0.982232 0.129360
1784010382.442675114 10.019728 5.880036 -0.334812 -0.135436 0.014553 0.982285 0.128688
1784010382.446954966 10.016076 5.880691 -0.334785 -0.135686 0.014466 0.982320 0.128167
1784010382.452821016 10.011089 5.881580 -0.334736 -0.135831 0.014386 0.982393 0.127460
1784010382.456706047 10.007788 5.882163 -0.334707 -0.135834 0.014204 0.982454 0.127013
1784010382.462673903 10.002708 5.883048 -0.334678 -0.135895 0.013805 0.982536 0.126352
1784010382.467051029 9.998976 5.883703 -0.334672 -0.135966 0.013596 0.982592 0.125863
1784010382.472711086 9.994160 5.884552 -0.334694 -0.135931 0.013504 0.982681 0.125216
1784010382.477027893 9.990482 5.885201 -0.334738 -0.135859 0.013402 0.982755 0.124722
1784010382.482652903 9.985673 5.886046 -0.334820 -0.135895 0.013295 0.982834 0.124070
1784010382.486790895 9.982131 5.886675 -0.334893 -0.135969 0.013367 0.982887 0.123557
1784010382.492867947 9.976959 5.887587 -0.335024 -0.135976 0.013560 0.982981 0.122782
1784010382.496686935 9.973715 5.888153 -0.335118 -0.135967 0.013562 0.983042 0.122298
1784010382.502827883 9.968505 5.889043 -0.335258 -0.136071 0.013339 0.983124 0.121547
1784010382.506829977 9.965117 5.889628 -0.335331 -0.136122 0.013305 0.983180 0.121042
1784010382.512702942 9.960164 5.890480 -0.335409 -0.136095 0.013391 0.983276 0.120280
1784010382.517000914 9.956542 5.891096 -0.335449 -0.136119 0.013340 0.983341 0.119727
1784010382.522251129 9.952120 5.891841 -0.335482 -0.136250 0.013237 0.983406 0.119055
1784010382.522251129 9.952120 5.891841 -0.335482 -0.136250 0.013237 0.983406 0.119055
1784010382.522665977 9.951772 5.891897 -0.335484 -0.136261 0.013231 0.983411 0.119002
1784010382.527091980 9.948074 5.892499 -0.335502 -0.136387 0.013337 0.983462 0.118422
1784010382.532687902 9.943411 5.893258 -0.335530 -0.136527 0.013512 0.983526 0.117702
1784010382.537009954 9.939813 5.893844 -0.335558 -0.136620 0.013584 0.983576 0.117168
1784010382.542716980 9.935075 5.894608 -0.335606 -0.136675 0.013610 0.983648 0.116493
1784010382.547056913 9.931482 5.895185 -0.335650 -0.136657 0.013650 0.983713 0.115963
1784010382.552675009 9.926844 5.895905 -0.335713 -0.136667 0.013718 0.983795 0.115241
1784010382.556972027 9.923295 5.896435 -0.335757 -0.136808 0.013749 0.983844 0.114656
1784010382.562616110 9.918643 5.897089 -0.335798 -0.137004 0.013866 0.983913 0.113808
1784010382.566848040 9.915164 5.897548 -0.335810 -0.137027 0.014004 0.983991 0.113089
1784010382.572658062 9.910397 5.898116 -0.335802 -0.136922 0.014139 0.984126 0.112021
1784010382.576947927 9.906859 5.898497 -0.335777 -0.136760 0.014024 0.984242 0.111214
1784010382.582783937 9.901974 5.898971 -0.335730 -0.136553 0.013873 0.984404 0.110039
1784010382.587008953 9.898394 5.899289 -0.335693 -0.136618 0.013857 0.984499 0.109107
1784010382.592670918 9.893608 5.899653 -0.335665 -0.136565 0.013705 0.984646 0.107858
1784010382.596761942 9.890136 5.899880 -0.335680 -0.136170 0.013451 0.984805 0.106935
1784010382.602557898 9.885141 5.900163 -0.335745 -0.136112 0.013011 0.984964 0.105598
1784010382.606684923 9.881556 5.900347 -0.335799 -0.136563 0.012995 0.985014 0.104545
1784010382.612695932 9.876331 5.900569 -0.335910 -0.136586 0.012994 0.985176 0.102977
1784010382.616942883 9.872571 5.900703 -0.336016 -0.136253 0.012606 0.985339 0.101897
1784010382.622596025 9.867458 5.900877 -0.336149 -0.136536 0.012384 0.985462 0.100341
1784010382.622596025 9.867458 5.900877 -0.336149 -0.136536 0.012384 0.985462 0.100341
1784010382.622673988 9.867388 5.900878 -0.336151 -0.136541 0.012381 0.985464 0.100320
1784010382.627140045 9.863333 5.900981 -0.336253 -0.137019 0.012431 0.985528 0.099020
1784010382.632728100 9.858246 5.901068 -0.336424 -0.136982 0.011817 0.985679 0.097643
1784010382.637175083 9.854154 5.901121 -0.336565 -0.136754 0.011106 0.985822 0.096591
1784010382.642739058 9.848966 5.901198 -0.336688 -0.137094 0.010802 0.985923 0.095106
1784010382.647285938 9.844715 5.901263 -0.336767 -0.137631 0.010865 0.985967 0.093849
1784010382.652664900 9.839750 5.901297 -0.336893 -0.137529 0.010521 0.986116 0.092468
1784010382.656989098 9.835791 5.901302 -0.336995 -0.137010 0.010235 0.986297 0.091337
1784010382.662585974 9.830636 5.901304 -0.337063 -0.137135 0.010272 0.986424 0.089758
1784010382.666662931 9.826844 5.901303 -0.337068 -0.137217 0.010297 0.986516 0.088604
1784010382.672688961 9.821260 5.901263 -0.337071 -0.137215 0.010258 0.986679 0.086784
1784010382.676964998 9.817327 5.901202 -0.337087 -0.136970 0.010305 0.986836 0.085374
1784010382.682710886 9.812045 5.901056 -0.337121 -0.137093 0.010271 0.986993 0.083332
1784010382.686880112 9.808205 5.900906 -0.337159 -0.137252 0.010328 0.987103 0.081751
1784010382.692634106 9.802917 5.900610 -0.337257 -0.137414 0.010295 0.987262 0.079527
1784010382.696860075 9.799046 5.900326 -0.337374 -0.137522 0.010269 0.987378 0.077890
1784010382.702529907 9.793877 5.899857 -0.337565 -0.137901 0.010091 0.987517 0.075442
1784010382.706650972 9.790138 5.899470 -0.337711 -0.138167 0.009961 0.987616 0.073659
1784010382.712600946 9.784763 5.898819 -0.337919 -0.138384 0.009759 0.987786 0.070948
1784010382.716955900 9.780838 5.898280 -0.338059 -0.138532 0.009610 0.987907 0.068960
1784010382.722304106 9.776043 5.897537 -0.338211 -0.138918 0.009274 0.988032 0.066401
1784010382.722304106 9.776043 5.897537 -0.338211 -0.138918 0.009274 0.988032 0.066401
1784010382.722753048 9.775644 5.897466 -0.338223 -0.138947 0.009245 0.988043 0.066184
1784010382.727358103 9.771578 5.896710 -0.338325 -0.139013 0.008861 0.988186 0.063916
1784010382.732671022 9.766916 5.895781 -0.338403 -0.138984 0.008401 0.988362 0.061271
1784010382.736988068 9.763142 5.894992 -0.338431 -0.138957 0.008027 0.988499 0.059125
1784010382.742749929 9.758144 5.893887 -0.338446 -0.138905 0.007709 0.988678 0.056221
1784010382.746953964 9.754524 5.893053 -0.338452 -0.138863 0.007477 0.988804 0.054106
1784010382.752671003 9.749626 5.891883 -0.338469 -0.138871 0.007136 0.988960 0.051214
1784010382.757167101 9.745777 5.890950 -0.338495 -0.138874 0.006867 0.989076 0.048942
1784010382.762861967 9.740931 5.889752 -0.338564 -0.138820 0.006683 0.989222 0.046089
1784010382.766685963 9.737698 5.888952 -0.338642 -0.138781 0.006558 0.989316 0.044177
1784010382.772689104 9.732670 5.887687 -0.338812 -0.139024 0.006149 0.989409 0.041279
1784010382.776921988 9.729147 5.886801 -0.338962 -0.139192 0.005859 0.989470 0.039240
1784010382.782836914 9.724312 5.885579 -0.339166 -0.139006 0.005763 0.989600 0.036547
1784010382.786910057 9.721054 5.884769 -0.339275 -0.138873 0.005697 0.989686 0.034697
1784010382.792685032 9.716485 5.883614 -0.339389 -0.139101 0.005073 0.989742 0.032179
1784010382.797106028 9.712985 5.882714 -0.339442 -0.139272 0.004595 0.989781 0.030255
1784010382.802673101 9.708651 5.881568 -0.339466 -0.139175 0.004482 0.989867 0.027830
1784010382.807049990 9.705338 5.880676 -0.339450 -0.139096 0.004392 0.989930 0.025927
1784010382.812520981 9.701247 5.879531 -0.339408 -0.138710 0.003717 0.990045 0.023588
1784010382.816730976 9.698087 5.878616 -0.339371 -0.138411 0.003197 0.990130 0.021791
1784010382.822477102 9.693824 5.877345 -0.339338 -0.138388 0.002830 0.990186 0.019289
1784010382.822477102 9.693824 5.877345 -0.339338 -0.138388 0.002830 0.990186 0.019289
1784010382.822701931 9.693660 5.877293 -0.339337 -0.138388 0.002816 0.990188 0.019192
1784010382.826718092 9.690764 5.876364 -0.339333 -0.138380 0.002562 0.990222 0.017451
1784010382.832638025 9.686525 5.874972 -0.339361 -0.138458 0.002158 0.990255 0.014846
1784010382.837021112 9.683372 5.873924 -0.339410 -0.138510 0.001858 0.990275 0.012920
1784010382.842566013 9.679407 5.872583 -0.339486 -0.138798 0.001504 0.990264 0.010475
1784010382.846888065 9.676355 5.871549 -0.339555 -0.138872 0.001497 0.990272 0.008545
1784010382.852689028 9.672304 5.870167 -0.339671 -0.138976 0.000976 0.990276 0.006140
1784010382.857072115 9.669261 5.869143 -0.339773 -0.139048 0.000581 0.990276 0.004326
1784010382.862705946 9.665399 5.867854 -0.339905 -0.138958 0.000408 0.990296 0.002183
1784010382.866641045 9.662743 5.866991 -0.339992 -0.138889 0.000285 0.990308 0.000690
1784010382.872390985 9.658898 5.865750 -0.340112 -0.138599 0.000022 0.990348 -0.001404
1784010382.876878977 9.655902 5.864803 -0.340194 -0.138604 -0.000224 0.990343 -0.002967
1784010382.882688046 9.652039 5.863605 -0.340293 -0.138810 -0.000480 0.990307 -0.004805
1784010382.886910915 9.649251 5.862776 -0.340364 -0.138954 -0.000667 0.990280 -0.006139
1784010382.892690897 9.645474 5.861695 -0.340446 -0.138904 -0.000527 0.990274 -0.007911
1784010382.896941900 9.642713 5.860932 -0.340507 -0.138854 -0.000606 0.990271 -0.009126
1784010382.902695894 9.638991 5.859909 -0.340601 -0.138802 -0.000933 0.990262 -0.010698
1784010382.907001019 9.636208 5.859169 -0.340672 -0.138841 -0.001082 0.990243 -0.011853
1784010382.912674904 9.632549 5.858214 -0.340747 -0.139132 -0.001276 0.990183 -0.013319
1784010382.916872025 9.629852 5.857532 -0.340788 -0.139266 -0.001334 0.990150 -0.014387
1784010382.922387123 9.626333 5.856645 -0.340833 -0.139159 -0.001440 0.990144 -0.015749
1784010382.922387123 9.626333 5.856645 -0.340833 -0.139159 -0.001440 0.990144 -0.015749
1784010382.922641039 9.626172 5.856602 -0.340834 -0.139152 -0.001446 0.990144 -0.015812
1784010382.927160978 9.623314 5.855839 -0.340851 -0.139006 -0.001654 0.990146 -0.016902
1784010382.932732105 9.619795 5.854907 -0.340861 -0.138981 -0.001818 0.990125 -0.018256
1784010382.937129974 9.617020 5.854183 -0.340872 -0.138989 -0.001909 0.990104 -0.019309
1784010382.942830086 9.613440 5.853248 -0.340901 -0.138863 -0.002131 0.990095 -0.020623
1784010382.946917057 9.610879 5.852586 -0.340935 -0.138763 -0.002388 0.990089 -0.021517
1784010382.952642918 9.607299 5.851674 -0.340993 -0.138683 -0.002709 0.990072 -0.022739
1784010382.957026958 9.604560 5.850998 -0.341048 -0.138624 -0.002882 0.990059 -0.023638
1784010382.962496042 9.601148 5.850171 -0.341126 -0.138600 -0.003160 0.990036 -0.024694
1784010382.966866970 9.598422 5.849533 -0.341189 -0.138630 -0.003299 0.990010 -0.025505
1784010382.972666025 9.594812 5.848714 -0.341266 -0.138682 -0.003370 0.989975 -0.026560
1784010382.976835012 9.592219 5.848148 -0.341322 -0.138702 -0.003406 0.989952 -0.027281
1784010382.982637882 9.588617 5.847377 -0.341403 -0.138752 -0.003467 0.989918 -0.028248
1784010382.986818075 9.586022 5.846842 -0.341462 -0.138818 -0.003503 0.989889 -0.028918
1784010382.992647886 9.582414 5.846116 -0.341536 -0.138834 -0.003472 0.989860 -0.029843
1784010382.996921062 9.579775 5.845602 -0.341585 -0.138837 -0.003399 0.989839 -0.030516
1784010383.002587080 9.576285 5.844923 -0.341653 -0.138896 -0.003402 0.989803 -0.031402
1784010383.007018089 9.573561 5.844401 -0.341705 -0.138976 -0.003489 0.989770 -0.032078
1784010383.012851954 9.569983 5.843730 -0.341748 -0.139024 -0.003599 0.989734 -0.032947
1784010383.016885042 9.567516 5.843287 -0.341759 -0.139011 -0.003636 0.989717 -0.033514
1784010383.022397041 9.564159 5.842692 -0.341759 -0.138861 -0.003750 0.989712 -0.034259
1784010383.022397041 9.564159 5.842692 -0.341759 -0.138861 -0.003750 0.989712 -0.034259
1784010383.022428036 9.564140 5.842688 -0.341758 -0.138860 -0.003750 0.989712 -0.034263
1784010383.026773930 9.561506 5.842199 -0.341728 -0.138663 -0.003845 0.989721 -0.034788
1784010383.032659054 9.557939 5.841556 -0.341680 -0.138484 -0.003935 0.989722 -0.035454
1784010383.036873102 9.555382 5.841120 -0.341649 -0.138440 -0.003921 0.989712 -0.035893
1784010383.042635918 9.551890 5.840545 -0.341619 -0.138321 -0.003881 0.989710 -0.036433
1784010383.046911001 9.549302 5.840141 -0.341618 -0.138163 -0.003926 0.989719 -0.036773
1784010383.052690029 9.545803 5.839620 -0.341636 -0.137993 -0.004021 0.989728 -0.037163
1784010383.056809902 9.543305 5.839277 -0.341666 -0.137945 -0.004050 0.989725 -0.037396
1784010383.062689066 9.539740 5.838816 -0.341718 -0.137896 -0.004048 0.989722 -0.037671
1784010383.066967010 9.537145 5.838508 -0.341762 -0.137870 -0.004022 0.989719 -0.037834
1784010383.072652102 9.533699 5.838123 -0.341816 -0.137858 -0.003926 0.989714 -0.038031
1784010383.076956987 9.531092 5.837850 -0.341860 -0.137837 -0.003871 0.989712 -0.038154
1784010383.082618952 9.527666 5.837502 -0.341917 -0.137767 -0.003818 0.989717 -0.038293
1784010383.086791992 9.525142 5.837258 -0.341962 -0.137746 -0.003790 0.989716 -0.038386
1784010383.092653036 9.521599 5.836920 -0.342023 -0.137742 -0.003768 0.989712 -0.038515
1784010383.097038984 9.518949 5.836673 -0.342078 -0.137711 -0.003731 0.989712 -0.038622
1784010383.102333069 9.515754 5.836372 -0.342155 -0.137674 -0.003707 0.989712 -0.038760
1784010383.106940985 9.512972 5.836107 -0.342235 -0.137707 -0.003706 0.989702 -0.038897
1784010383.112689972 9.509502 5.835769 -0.342345 -0.137818 -0.003707 0.989680 -0.039074
1784010383.116991043 9.506908 5.835518 -0.342435 -0.137906 -0.003679 0.989662 -0.039211
1784010383.122485161 9.503602 5.835196 -0.342542 -0.137970 -0.003599 0.989646 -0.039396
1784010383.122485161 9.503602 5.835196 -0.342542 -0.137970 -0.003599 0.989646 -0.039396
1784010383.122822046 9.503400 5.835173 -0.342547 -0.137974 -0.003595 0.989645 -0.039407
1784010383.126910925 9.500945 5.834892 -0.342607 -0.137974 -0.003548 0.989640 -0.039533
1784010383.132466078 9.497620 5.834498 -0.342674 -0.137924 -0.003538 0.989640 -0.039702
1784010383.136851072 9.494999 5.834187 -0.342714 -0.137897 -0.003535 0.989639 -0.039832
1784010383.142641068 9.491539 5.833770 -0.342740 -0.137872 -0.003526 0.989636 -0.039988
1784010383.147036076 9.488910 5.833462 -0.342743 -0.137827 -0.003482 0.989637 -0.040117
1784010383.152633905 9.485566 5.833066 -0.342732 -0.137753 -0.003410 0.989642 -0.040275
1784010383.156811953 9.483073 5.832773 -0.342722 -0.137646 -0.003434 0.989653 -0.040368
1784010383.162688971 9.479541 5.832350 -0.342714 -0.137516 -0.003559 0.989665 -0.040495
1784010383.166879892 9.476994 5.832056 -0.342713 -0.137636 -0.003561 0.989644 -0.040601
1784010383.172684908 9.473462 5.831653 -0.342725 -0.137971 -0.003514 0.989593 -0.040715
1784010383.177112103 9.470786 5.831358 -0.342759 -0.137981 -0.003506 0.989589 -0.040773
1784010383.182538033 9.467514 5.830995 -0.342817 -0.137744 -0.003490 0.989619 -0.040845
1784010383.186774969 9.464942 5.830715 -0.342862 -0.137749 -0.003492 0.989616 -0.040907
1784010383.192645073 9.461342 5.830322 -0.342914 -0.137957 -0.003527 0.989584 -0.040977
1784010383.197036028 9.458637 5.830040 -0.342955 -0.137961 -0.003501 0.989581 -0.041023
1784010383.202683926 9.455160 5.829676 -0.343011 -0.137840 -0.003472 0.989596 -0.041077
1784010383.206610918 9.452749 5.829428 -0.343054 -0.137783 -0.003480 0.989603 -0.041112
1784010383.212647915 9.449036 5.829031 -0.343125 -0.137527 -0.003534 0.989634 -0.041201
1784010383.216871977 9.446416 5.828755 -0.343180 -0.137366 -0.003577 0.989653 -0.041290
1784010383.222414970 9.442943 5.828391 -0.343243 -0.137534 -0.003543 0.989624 -0.041425
1784010383.222414970 9.442943 5.828391 -0.343243 -0.137534 -0.003543 0.989624 -0.041425
1784010383.222815990 9.442691 5.828362 -0.343246 -0.137547 -0.003539 0.989622 -0.041435
1784010383.226908922 9.440128 5.828056 -0.343281 -0.137745 -0.003462 0.989590 -0.041548
1784010383.232651949 9.436564 5.827625 -0.343347 -0.137597 -0.003384 0.989605 -0.041690
1784010383.236838102 9.433970 5.827319 -0.343398 -0.137425 -0.003333 0.989624 -0.041816
1784010383.242686033 9.430313 5.826889 -0.343428 -0.137562 -0.003214 0.989596 -0.042015
1784010383.246809959 9.427720 5.826594 -0.343425 -0.137725 -0.003125 0.989568 -0.042167
1784010383.252588034 9.424079 5.826174 -0.343391 -0.137430 -0.003109 0.989602 -0.042329
1784010383.257081985 9.421203 5.825857 -0.343341 -0.137188 -0.003038 0.989630 -0.042460
1784010383.262670994 9.417555 5.825462 -0.343248 -0.137416 -0.002816 0.989591 -0.042643
1784010383.266720057 9.414900 5.825182 -0.343185 -0.137612 -0.002702 0.989559 -0.042756
1784010383.272634029 9.411058 5.824759 -0.343131 -0.137149 -0.002782 0.989620 -0.042821
1784010383.276895046 9.408271 5.824456 -0.343118 -0.136799 -0.002883 0.989668 -0.042847
1784010383.282674074 9.404411 5.824037 -0.343093 -0.137213 -0.002907 0.989606 -0.042942
1784010383.286720991 9.401691 5.823751 -0.343076 -0.137664 -0.002774 0.989540 -0.043041
1784010383.292680979 9.397717 5.823312 -0.343084 -0.137135 -0.002856 0.989609 -0.043126
1784010383.296799898 9.394942 5.823005 -0.343104 -0.136593 -0.002981 0.989682 -0.043163
1784010383.302659988 9.390903 5.822565 -0.343093 -0.137105 -0.002792 0.989605 -0.043320
1784010383.307068110 9.387857 5.822245 -0.343088 -0.137698 -0.002596 0.989518 -0.043438
1784010383.312674999 9.384039 5.821829 -0.343126 -0.137162 -0.002631 0.989592 -0.043453
1784010383.317040920 9.381052 5.821500 -0.343168 -0.136519 -0.002731 0.989679 -0.043485
1784010383.322237015 9.377428 5.821104 -0.343185 -0.136754 -0.002740 0.989641 -0.043602
1784010383.322237015 9.377428 5.821104 -0.343185 -0.136754 -0.002740 0.989641 -0.043602
1784010383.322515011 9.377233 5.821080 -0.343183 -0.136766 -0.002741 0.989639 -0.043608
1784010383.327028036 9.374091 5.820692 -0.343166 -0.137198 -0.002558 0.989574 -0.043750
1784010383.332662106 9.370214 5.820201 -0.343191 -0.136500 -0.002667 0.989667 -0.043819
1784010383.336772919 9.367376 5.819845 -0.343222 -0.135941 -0.002755 0.989741 -0.043883
1784010383.342556000 9.363318 5.819351 -0.343223 -0.136214 -0.002592 0.989696 -0.044057
1784010383.346930981 9.360232 5.818986 -0.343226 -0.136615 -0.002402 0.989635 -0.044201
1784010383.352662086 9.356218 5.818500 -0.343269 -0.136128 -0.002402 0.989697 -0.044319
1784010383.356719971 9.353365 5.818159 -0.343308 -0.135891 -0.002390 0.989724 -0.044438
1784010383.362636089 9.349159 5.817671 -0.343326 -0.136385 -0.002224 0.989647 -0.044654
1784010383.367151022 9.345933 5.817312 -0.343335 -0.136690 -0.001959 0.989597 -0.044824
1784010383.372543097 9.342077 5.816875 -0.343360 -0.136420 -0.001881 0.989628 -0.044972
1784010383.376784086 9.339014 5.816532 -0.343376 -0.136465 -0.001846 0.989617 -0.045090
1784010383.382646084 9.334755 5.816065 -0.343386 -0.136898 -0.001641 0.989550 -0.045243
1784010383.386804104 9.331736 5.815745 -0.343411 -0.136899 -0.001431 0.989546 -0.045333
1784010383.392646074 9.327477 5.815271 -0.343463 -0.136436 -0.001381 0.989607 -0.045413
1784010383.396759987 9.324426 5.814925 -0.343503 -0.136398 -0.001514 0.989609 -0.045478
1784010383.402647018 9.319988 5.814421 -0.343555 -0.136792 -0.001592 0.989549 -0.045579
1784010383.407059908 9.316646 5.814051 -0.343608 -0.136845 -0.001518 0.989540 -0.045633
1784010383.412659883 9.312389 5.813564 -0.343675 -0.136384 -0.001665 0.989603 -0.045625
1784010383.416956902 9.309059 5.813183 -0.343713 -0.136279 -0.001785 0.989616 -0.045654
1784010383.422211170 9.304912 5.812706 -0.343731 -0.136768 -0.001683 0.989543 -0.045785
1784010383.422211170 9.304912 5.812706 -0.343731 -0.136768 -0.001683 0.989543 -0.045785
1784010383.422629118 9.304582 5.812664 -0.343730 -0.136807 -0.001674 0.989537 -0.045796
1784010383.426862955 9.301257 5.812238 -0.343736 -0.137046 -0.001641 0.989501 -0.045854
1784010383.432621956 9.296774 5.811657 -0.343764 -0.136652 -0.001741 0.989554 -0.045888
1784010383.436752081 9.293558 5.811244 -0.343784 -0.136508 -0.001744 0.989571 -0.045950
1784010383.442614079 9.288988 5.810645 -0.343799 -0.136815 -0.001894 0.989520 -0.046121
1784010383.447055101 9.285537 5.810199 -0.343811 -0.136904 -0.001916 0.989503 -0.046234
1784010383.452251911 9.281514 5.809678 -0.343828 -0.136568 -0.002064 0.989543 -0.046367
1784010383.457007885 9.277821 5.809207 -0.343833 -0.136504 -0.002131 0.989544 -0.046524
1784010383.462706089 9.273398 5.808653 -0.343835 -0.136733 -0.002157 0.989502 -0.046741
1784010383.467062950 9.270031 5.808245 -0.343859 -0.136698 -0.002121 0.989500 -0.046884
1784010383.472517014 9.265824 5.807737 -0.343905 -0.136573 -0.002071 0.989508 -0.047093
1784010383.476818085 9.262497 5.807344 -0.343945 -0.136763 -0.002052 0.989473 -0.047265
1784010383.482705116 9.257958 5.806812 -0.344018 -0.137035 -0.001967 0.989424 -0.047508
1784010383.486905098 9.254729 5.806446 -0.344088 -0.137022 -0.001921 0.989419 -0.047656
1784010383.492502928 9.250420 5.805961 -0.344163 -0.137138 -0.001821 0.989393 -0.047870
1784010383.496824026 9.247079 5.805597 -0.344196 -0.137375 -0.001746 0.989352 -0.048039
1784010383.502626896 9.242620 5.805098 -0.344217 -0.137465 -0.001807 0.989330 -0.048232
1784010383.507009983 9.239278 5.804726 -0.344217 -0.137214 -0.001941 0.989359 -0.048349
1784010383.512689114 9.234936 5.804244 -0.344169 -0.136721 -0.002057 0.989420 -0.048483
1784010383.517030001 9.231560 5.803879 -0.344107 -0.136489 -0.002078 0.989446 -0.048603
1784010383.522449017 9.227300 5.803414 -0.344026 -0.136666 -0.002024 0.989413 -0.048778
1784010383.522449017 9.227300 5.803414 -0.344026 -0.136666 -0.002024 0.989413 -0.048778
1784010383.522461891 9.227290 5.803412 -0.344025 -0.136667 -0.002024 0.989413 -0.048778
1784010383.526748896 9.223969 5.802998 -0.343974 -0.136592 -0.002062 0.989418 -0.048895
1784010383.532665014 9.219367 5.802404 -0.343935 -0.135266 -0.002357 0.989597 -0.048949
1784010383.536708117 9.216089 5.801993 -0.343916 -0.134776 -0.002464 0.989660 -0.049022
1784010383.542720079 9.211044 5.801371 -0.343863 -0.136147 -0.002170 0.989462 -0.049245
1784010383.546706915 9.207714 5.800966 -0.343854 -0.136795 -0.001999 0.989365 -0.049401
1784010383.552490950 9.202952 5.800358 -0.343958 -0.135440 -0.002306 0.989547 -0.049480
1784010383.556829929 9.199283 5.799906 -0.344062 -0.134922 -0.002424 0.989614 -0.049531
1784010383.562431097 9.194436 5.799309 -0.344168 -0.136633 -0.002439 0.989372 -0.049683
1784010383.566874027 9.190635 5.798841 -0.344266 -0.137137 -0.002526 0.989295 -0.049819
1784010383.572690010 9.185642 5.798228 -0.344440 -0.135856 -0.002553 0.989467 -0.049918
1784010383.577064991 9.181746 5.797758 -0.344564 -0.135803 -0.002879 0.989473 -0.049921
1784010383.582494020 9.176830 5.797181 -0.344663 -0.137391 -0.002741 0.989247 -0.050064
1784010383.586894989 9.172901 5.796717 -0.344782 -0.136996 -0.002972 0.989300 -0.050083
1784010383.592669010 9.167670 5.796114 -0.344967 -0.135532 -0.003063 0.989503 -0.050053
1784010383.596848965 9.163745 5.795686 -0.345058 -0.136365 -0.003006 0.989385 -0.050123
1784010383.602623940 9.158343 5.795087 -0.345153 -0.137502 -0.003119 0.989225 -0.050181
1784010383.607220888 9.154101 5.794620 -0.345244 -0.137108 -0.002643 0.989271 -0.050365
1784010383.612776995 9.148897 5.794001 -0.345339 -0.136812 -0.002939 0.989306 -0.050477
1784010383.617073059 9.144805 5.793493 -0.345366 -0.137748 -0.003131 0.989168 -0.050616
1784010383.622447968 9.139723 5.792857 -0.345390 -0.137801 -0.003334 0.989149 -0.050825
1784010383.622447968 9.139723 5.792857 -0.345390 -0.137801 -0.003334 0.989149 -0.050825
1784010383.622616053 9.139566 5.792836 -0.345391 -0.137802 -0.003340 0.989149 -0.050832
1784010383.626904011 9.135526 5.792283 -0.345422 -0.137430 -0.003137 0.989190 -0.051059
1784010383.632641077 9.130048 5.791500 -0.345469 -0.138055 -0.003397 0.989087 -0.051343
1784010383.636610985 9.126268 5.790941 -0.345526 -0.138289 -0.003644 0.989041 -0.051576
1784010383.642608881 9.120627 5.790091 -0.345664 -0.137709 -0.003486 0.989098 -0.052052
1784010383.647164106 9.116319 5.789432 -0.345806 -0.137529 -0.003705 0.989105 -0.052383
1784010383.652313948 9.111388 5.788676 -0.345967 -0.138115 -0.003980 0.989002 -0.052756
1784010383.656997919 9.106915 5.787999 -0.346112 -0.138820 -0.003788 0.988879 -0.053224
1784010383.662436962 9.101785 5.787196 -0.346316 -0.138602 -0.004144 0.988885 -0.053651
1784010383.666599989 9.097856 5.786577 -0.346458 -0.138204 -0.004395 0.988922 -0.053977
1784010383.672614098 9.092136 5.785681 -0.346565 -0.138600 -0.004545 0.988837 -0.054511
1784010383.677126884 9.087855 5.785015 -0.346591 -0.139099 -0.004401 0.988740 -0.055004
1784010383.682526112 9.082787 5.784197 -0.346614 -0.138782 -0.004488 0.988755 -0.055525
1784010383.686755896 9.078814 5.783538 -0.346613 -0.138503 -0.004851 0.988771 -0.055899
1784010383.692630053 9.073244 5.782622 -0.346547 -0.139038 -0.005079 0.988661 -0.056490
1784010383.696911097 9.069184 5.781968 -0.346484 -0.139469 -0.004951 0.988573 -0.056978
1784010383.702425957 9.063982 5.781110 -0.346453 -0.139154 -0.004982 0.988585 -0.057538
1784010383.706633091 9.060005 5.780442 -0.346461 -0.138939 -0.005208 0.988589 -0.057963
1784010383.712609053 9.054329 5.779475 -0.346489 -0.139137 -0.005527 0.988524 -0.058567
1784010383.716907024 9.050242 5.778785 -0.346540 -0.139227 -0.005581 0.988482 -0.059053
1784010383.722114086 9.045284 5.777946 -0.346646 -0.138987 -0.005581 0.988483 -0.059601
1784010383.722114086 9.045284 5.777946 -0.346646 -0.138987 -0.005581 0.988483 -0.059601
1784010383.722645044 9.044778 5.777856 -0.346660 -0.138964 -0.005577 0.988483 -0.059655
1784010383.726892948 9.040733 5.777126 -0.346769 -0.139042 -0.005636 0.988445 -0.060104
1784010383.732662916 9.035200 5.776111 -0.346931 -0.138776 -0.005889 0.988445 -0.060688
1784010383.738198996 9.029790 5.775132 -0.347103 -0.138538 -0.005837 0.988440 -0.061319
1784010383.742268085 9.025766 5.774414 -0.347216 -0.138954 -0.005624 0.988353 -0.061795
1784010383.746908903 9.021215 5.773584 -0.347357 -0.139506 -0.005541 0.988240 -0.062355
1784010383.752464056 9.015789 5.772568 -0.347569 -0.138974 -0.005584 0.988275 -0.062985
1784010383.756995916 9.011303 5.771713 -0.347726 -0.139026 -0.005596 0.988231 -0.063564
1784010383.762629032 9.005696 5.770625 -0.347862 -0.140308 -0.005674 0.988000 -0.064323
1784010383.766649961 9.001723 5.769847 -0.347957 -0.140644 -0.005650 0.987915 -0.064891
1784010383.772644043 8.995796 5.768641 -0.348129 -0.139783 -0.005907 0.987987 -0.065636
1784010383.776597977 8.991847 5.767814 -0.348221 -0.140007 -0.006285 0.987919 -0.066149
1784010383.782774925 8.985694 5.766509 -0.348329 -0.141109 -0.006705 0.987697 -0.067072
1784010383.786848068 8.981657 5.765649 -0.348420 -0.140934 -0.006750 0.987679 -0.067693
1784010383.792720079 8.975787 5.764366 -0.348570 -0.140398 -0.007291 0.987695 -0.068517
1784010383.796788931 8.971683 5.763466 -0.348646 -0.140908 -0.007504 0.987577 -0.069137
1784010383.802469969 8.965984 5.762204 -0.348777 -0.141384 -0.007545 0.987438 -0.070145
1784010383.806595087 8.961853 5.761276 -0.348913 -0.140934 -0.007641 0.987455 -0.070795
1784010383.812525988 8.955872 5.759903 -0.349086 -0.141104 -0.008004 0.987357 -0.071776
1784010383.816601992 8.951745 5.758959 -0.349173 -0.141656 -0.008024 0.987222 -0.072545
1784010383.822476149 8.945813 5.757578 -0.349334 -0.141690 -0.007865 0.987135 -0.073664
1784010383.822476149 8.945813 5.757578 -0.349334 -0.141690 -0.007865 0.987135 -0.073664
1784010383.822508097 8.945781 5.757569 -0.349335 -0.141690 -0.007864 0.987135 -0.073668
1784010383.826970100 8.941288 5.756447 -0.349495 -0.141457 -0.008034 0.987108 -0.074453
1784010383.832598925 8.935598 5.754996 -0.349676 -0.141896 -0.008224 0.986959 -0.075559
1784010383.836993933 8.931142 5.753850 -0.349808 -0.142309 -0.008289 0.986827 -0.076499
1784010383.842299938 8.925787 5.752432 -0.349973 -0.142426 -0.008480 0.986724 -0.077582
1784010383.846874952 8.921185 5.751185 -0.350098 -0.142437 -0.008691 0.986643 -0.078566
1784010383.852654934 8.915360 5.749565 -0.350217 -0.142723 -0.008956 0.986492 -0.079895
1784010383.856928110 8.911059 5.748345 -0.350286 -0.142875 -0.009148 0.986387 -0.080897
1784010383.862746954 8.905240 5.746649 -0.350375 -0.142682 -0.009340 0.986297 -0.082293
1784010383.866667032 8.901318 5.745487 -0.350432 -0.142435 -0.009512 0.986249 -0.083269
1784010383.872600079 8.895340 5.743673 -0.350510 -0.142528 -0.009867 0.986106 -0.084753
1784010383.876766920 8.891139 5.742387 -0.350569 -0.142661 -0.010001 0.985991 -0.085846
1784010383.882771015 8.885115 5.740519 -0.350695 -0.142350 -0.009858 0.985897 -0.087438
1784010383.886856079 8.881007 5.739236 -0.350803 -0.142165 -0.009820 0.985826 -0.088544
1784010383.892844915 8.874960 5.737298 -0.350987 -0.142422 -0.010103 0.985643 -0.090125
1784010383.896831989 8.870931 5.735997 -0.351129 -0.142620 -0.010235 0.985513 -0.091209
1784010383.902623892 8.865086 5.734078 -0.351374 -0.142606 -0.010320 0.985372 -0.092737
1784010383.906657934 8.861008 5.732718 -0.351565 -0.142804 -0.010655 0.985240 -0.093788
1784010383.912606001 8.855001 5.730675 -0.351853 -0.143217 -0.011113 0.985024 -0.095353
1784010383.916806936 8.850758 5.729213 -0.352065 -0.143356 -0.011336 0.984891 -0.096493
1784010383.922193050 8.845313 5.727291 -0.352337 -0.143684 -0.011942 0.984697 -0.097896
1784010383.922193050 8.845313 5.727291 -0.352337 -0.143684 -0.011942 0.984697 -0.097896
1784010383.922391891 8.845113 5.727217 -0.352347 -0.143696 -0.011964 0.984690 -0.097953
1784010383.926804066 8.840677 5.725556 -0.352561 -0.144062 -0.012363 0.984500 -0.099260
1784010383.932565928 8.834914 5.723349 -0.352819 -0.144034 -0.012729 0.984319 -0.101040
1784010383.936825037 8.830657 5.721693 -0.352984 -0.143886 -0.013035 0.984200 -0.102358
1784010383.942591906 8.824904 5.719418 -0.353142 -0.143999 -0.013146 0.983983 -0.104253
1784010383.946993113 8.820536 5.717663 -0.353229 -0.143974 -0.013131 0.983826 -0.105766
1784010383.952265024 8.815316 5.715509 -0.353332 -0.143569 -0.013255 0.983683 -0.107614
1784010383.956974983 8.810641 5.713545 -0.353422 -0.143459 -0.013360 0.983509 -0.109325
1784010383.962609053 8.805052 5.711149 -0.353543 -0.143759 -0.013504 0.983224 -0.111452
1784010383.966737986 8.800970 5.709371 -0.353654 -0.143976 -0.013609 0.983014 -0.112999
1784010383.972616911 8.795186 5.706784 -0.353856 -0.143478 -0.014170 0.982820 -0.115228
1784010383.977035046 8.790848 5.704808 -0.354030 -0.143297 -0.014706 0.982640 -0.116913
1784010383.982409954 8.785565 5.702369 -0.354230 -0.143572 -0.015224 0.982341 -0.119003
1784010383.986885071 8.781167 5.700318 -0.354384 -0.143798 -0.015656 0.982090 -0.120734
1784010383.992624998 8.775536 5.697643 -0.354554 -0.143764 -0.016208 0.981801 -0.123032
1784010383.996884108 8.771369 5.695632 -0.354652 -0.143736 -0.016617 0.981584 -0.124724
1784010384.002621889 8.765782 5.692893 -0.354738 -0.143891 -0.017009 0.981253 -0.127075
1784010384.006866932 8.761670 5.690866 -0.354763 -0.144003 -0.017299 0.981006 -0.128803
1784010384.012634993 8.756104 5.688076 -0.354773 -0.143501 -0.017562 0.980754 -0.131229
1784010384.016820908 8.752074 5.686025 -0.354777 -0.143133 -0.017751 0.980569 -0.132977
1784010384.022477150 8.746634 5.683220 -0.354796 -0.143126 -0.017893 0.980234 -0.135413
1784010384.022477150 8.746634 5.683220 -0.354796 -0.143126 -0.017893 0.980234 -0.135413
1784010384.022640944 8.746477 5.683137 -0.354796 -0.143126 -0.017898 0.980224 -0.135482
1784010384.026810884 8.742490 5.681020 -0.354809 -0.143119 -0.018021 0.979979 -0.137233
1784010384.032618046 8.736949 5.678048 -0.354860 -0.143160 -0.018325 0.979628 -0.139638
1784010384.036880970 8.732888 5.675855 -0.354934 -0.143187 -0.018541 0.979367 -0.141398
1784010384.042582035 8.727462 5.672904 -0.355060 -0.143004 -0.018963 0.979049 -0.143710
1784010384.047008038 8.723235 5.670608 -0.355176 -0.142860 -0.019285 0.978800 -0.145501
1784010384.052618027 8.717887 5.667685 -0.355327 -0.142924 -0.019417 0.978450 -0.147752
1784010384.056777000 8.713934 5.665514 -0.355438 -0.142969 -0.019510 0.978189 -0.149415
1784010384.062761068 8.708261 5.662368 -0.355579 -0.142553 -0.020095 0.977882 -0.151730
1784010384.066670895 8.704552 5.660305 -0.355661 -0.142277 -0.020470 0.977680 -0.153235
1784010384.072556019 8.698984 5.657177 -0.355758 -0.142030 -0.020797 0.977356 -0.155465
1784010384.076942921 8.694839 5.654840 -0.355813 -0.141843 -0.021035 0.977114 -0.157121
1784010384.082437038 8.689645 5.651902 -0.355853 -0.141509 -0.021577 0.976828 -0.159114
1784010384.086762905 8.685536 5.649587 -0.355865 -0.141243 -0.022000 0.976601 -0.160679
1784010384.092608929 8.679991 5.646445 -0.355883 -0.141466 -0.022338 0.976211 -0.162791
1784010384.096800089 8.676029 5.644192 -0.355922 -0.141624 -0.022575 0.975930 -0.164299
1784010384.102639914 8.670514 5.641042 -0.355997 -0.141527 -0.023122 0.975582 -0.166360
1784010384.106779099 8.666590 5.638812 -0.356067 -0.141455 -0.023504 0.975334 -0.167816
1784010384.112605095 8.661076 5.635675 -0.356194 -0.141742 -0.023936 0.974941 -0.169784
1784010384.117048025 8.656880 5.633298 -0.356325 -0.141958 -0.024260 0.974640 -0.171280
1784010384.122226000 8.651998 5.630537 -0.356495 -0.141706 -0.024726 0.974372 -0.172936
1784010384.122226000 8.651998 5.630537 -0.356495 -0.141706 -0.024726 0.974372 -0.172936
1784010384.122628927 8.651623 5.630320 -0.356507 -0.141685 -0.024759 0.974352 -0.173063
1784010384.126888990 8.647662 5.628026 -0.356631 -0.141464 -0.025111 0.974136 -0.174402
1784010384.132644892 8.642315 5.624954 -0.356771 -0.141046 -0.025720 0.973892 -0.176007
1784010384.136996031 8.638261 5.622671 -0.356842 -0.140729 -0.026181 0.973706 -0.177220
1784010384.142576933 8.633063 5.619760 -0.356900 -0.140138 -0.026279 0.973520 -0.178688
1784010384.146930933 8.628999 5.617493 -0.356934 -0.139676 -0.026356 0.973374 -0.179833
1784010384.152478933 8.623824 5.614609 -0.356961 -0.139130 -0.026641 0.973187 -0.181221
1784010384.156861067 8.619725 5.612345 -0.356974 -0.138810 -0.026742 0.973026 -0.182308
1784010384.162614107 8.614335 5.609377 -0.356994 -0.138836 -0.027019 0.972767 -0.183627
1784010384.166676998 8.610509 5.607289 -0.357021 -0.138854 -0.027215 0.972583 -0.184558
1784010384.172651052 8.604889 5.604236 -0.357072 -0.138935 -0.027252 0.972307 -0.185942
1784010384.176722050 8.601051 5.602171 -0.357124 -0.139004 -0.027258 0.972117 -0.186876
1784010384.182641983 8.595476 5.599175 -0.357219 -0.139135 -0.027356 0.971840 -0.188202
1784010384.186768055 8.591576 5.597104 -0.357295 -0.139257 -0.027335 0.971646 -0.189114
1784010384.192629099 8.586043 5.594178 -0.357407 -0.139418 -0.027347 0.971381 -0.190351
1784010384.196824074 8.582078 5.592103 -0.357490 -0.139428 -0.027412 0.971214 -0.191184
1784010384.202579975 8.576651 5.589278 -0.357595 -0.139169 -0.027470 0.971036 -0.192269
1784010384.206819057 8.572648 5.587217 -0.357667 -0.138858 -0.027566 0.970930 -0.193009
1784010384.212583065 8.567210 5.584427 -0.357749 -0.138404 -0.027697 0.970807 -0.193936
1784010384.216756105 8.563262 5.582421 -0.357800 -0.138080 -0.027758 0.970726 -0.194564
1784010384.222257137 8.558058 5.579778 -0.357860 -0.137742 -0.027953 0.970618 -0.195309
1784010384.222257137 8.558058 5.579778 -0.357860 -0.137742 -0.027953 0.970618 -0.195309
1784010384.222599030 8.557739 5.579612 -0.357863 -0.137722 -0.027965 0.970612 -0.195355
1784010384.227081060 8.553560 5.577440 -0.357905 -0.137580 -0.028136 0.970514 -0.195914
1784010384.232599020 8.548415 5.574774 -0.357956 -0.137504 -0.028213 0.970388 -0.196582
1784010384.236874104 8.544422 5.572714 -0.358001 -0.137474 -0.028309 0.970289 -0.197076
1784010384.242572069 8.539109 5.569961 -0.358078 -0.137479 -0.028535 0.970153 -0.197707
1784010384.246825933 8.535135 5.567908 -0.358147 -0.137499 -0.028678 0.970049 -0.198182
1784010384.252578974 8.529773 5.565126 -0.358265 -0.137514 -0.028873 0.969910 -0.198825
1784010384.256831884 8.525808 5.563069 -0.358372 -0.137472 -0.029103 0.969815 -0.199284
1784010384.262579918 8.520472 5.560289 -0.358533 -0.137220 -0.029424 0.969713 -0.199903
1784010384.266856909 8.516503 5.558230 -0.358652 -0.136903 -0.029607 0.969656 -0.200371
1784010384.272581100 8.511206 5.555477 -0.358786 -0.136481 -0.029781 0.969581 -0.200997
1784010384.276735067 8.507362 5.553485 -0.358857 -0.136170 -0.029907 0.969526 -0.201451
1784010384.282581091 8.501972 5.550675 -0.358913 -0.135712 -0.030096 0.969449 -0.202102
1784010384.286845922 8.498034 5.548622 -0.358925 -0.135479 -0.030312 0.969378 -0.202565
1784010384.292454004 8.492855 5.545922 -0.358911 -0.135386 -0.030629 0.969259 -0.203150
1784010384.296785116 8.488840 5.543848 -0.358885 -0.135383 -0.030805 0.969162 -0.203586
1784010384.302716017 8.483351 5.541021 -0.358857 -0.135342 -0.030913 0.969043 -0.204165
1784010384.306813002 8.479554 5.539079 -0.358860 -0.135221 -0.031052 0.968974 -0.204548
1784010384.312738895 8.474063 5.536277 -0.358902 -0.135095 -0.031275 0.968876 -0.205063
1784010384.316833973 8.470246 5.534355 -0.358955 -0.135226 -0.031306 0.968780 -0.205425
1784010384.322316170 8.465140 5.531794 -0.359066 -0.135529 -0.031331 0.968635 -0.205903
1784010384.322316170 8.465140 5.531794 -0.359066 -0.135529 -0.031331 0.968635 -0.205903
1784010384.322639942 8.464843 5.531642 -0.359074 -0.135545 -0.031333 0.968627 -0.205933
1784010384.326664925 8.461149 5.529750 -0.359174 -0.135609 -0.031411 0.968542 -0.206274
1784010384.332583904 8.455732 5.526990 -0.359337 -0.135491 -0.031433 0.968455 -0.206758
1784010384.337038040 8.451652 5.524941 -0.359451 -0.135358 -0.031334 0.968399 -0.207125
1784010384.342570066 8.446590 5.522415 -0.359564 -0.135141 -0.031119 0.968339 -0.207579
1784010384.347204924 8.442348 5.520311 -0.359637 -0.134913 -0.030966 0.968303 -0.207918
1784010384.352543116 8.437461 5.517889 -0.359690 -0.134759 -0.030755 0.968245 -0.208315
1784010384.357013941 8.433364 5.515862 -0.359710 -0.134791 -0.030670 0.968173 -0.208644
1784010384.362556934 8.428297 5.513351 -0.359713 -0.134783 -0.030594 0.968094 -0.209025
1784010384.366991043 8.424250 5.511352 -0.359707 -0.134646 -0.030492 0.968051 -0.209328
1784010384.372598886 8.419148 5.508814 -0.359694 -0.134422 -0.030625 0.968006 -0.209659
1784010384.376985073 8.415160 5.506824 -0.359684 -0.134254 -0.030885 0.967973 -0.209882
1784010384.382586002 8.410078 5.504280 -0.359668 -0.134024 -0.031090 0.967936 -0.210168
1784010384.386982918 8.406090 5.502285 -0.359658 -0.133880 -0.031192 0.967902 -0.210402
1784010384.392596006 8.401013 5.499732 -0.359656 -0.133695 -0.031286 0.967856 -0.210716
1784010384.396683931 8.397318 5.497880 -0.359664 -0.133537 -0.031240 0.967824 -0.210969
1784010384.402587891 8.392000 5.495200 -0.359692 -0.133331 -0.031114 0.967772 -0.211358
1784010384.406867981 8.388143 5.493257 -0.359728 -0.133256 -0.031095 0.967722 -0.211637
1784010384.412813902 8.382799 5.490549 -0.359794 -0.133185 -0.031131 0.967644 -0.212032
1784010384.416548967 8.379440 5.488852 -0.359848 -0.133136 -0.031137 0.967595 -0.212287
1784010384.422464132 8.374136 5.486150 -0.359943 -0.133071 -0.031193 0.967515 -0.212685
1784010384.422464132 8.374136 5.486150 -0.359943 -0.133071 -0.031193 0.967515 -0.212685
1784010384.422595024 8.374020 5.486089 -0.359945 -0.133070 -0.031194 0.967513 -0.212694
1784010384.426871061 8.370218 5.484093 -0.360003 -0.133078 -0.031299 0.967444 -0.212987
1784010384.432658911 8.365087 5.481381 -0.360068 -0.133062 -0.031413 0.967347 -0.213418
1784010384.436721087 8.361495 5.479477 -0.360108 -0.132972 -0.031565 0.967289 -0.213715
1784010384.442573071 8.356334 5.476717 -0.360146 -0.132788 -0.031966 0.967214 -0.214107
1784010384.447091103 8.352353 5.474592 -0.360154 -0.132673 -0.032204 0.967153 -0.214418
1784010384.452326059 8.347754 5.472132 -0.360143 -0.132438 -0.032296 0.967095 -0.214810
1784010384.456954956 8.343692 5.469952 -0.360136 -0.132115 -0.032461 0.967060 -0.215144
1784010384.462419987 8.338897 5.467365 -0.360128 -0.131851 -0.032654 0.967001 -0.215541
1784010384.466883898 8.334980 5.465254 -0.360130 -0.131759 -0.032746 0.966933 -0.215888
1784010384.472560883 8.330006 5.462564 -0.360151 -0.131569 -0.032887 0.966857 -0.216321
1784010384.476942062 8.326163 5.460490 -0.360179 -0.131435 -0.032921 0.966797 -0.216668
1784010384.482527971 8.321266 5.457841 -0.360215 -0.131470 -0.032881 0.966684 -0.217158
1784010384.486882925 8.317454 5.455778 -0.360255 -0.131464 -0.032883 0.966595 -0.217555
1784010384.492403030 8.312628 5.453152 -0.360323 -0.131338 -0.032904 0.966497 -0.218064
1784010384.496835947 8.308745 5.451041 -0.360382 -0.131429 -0.032880 0.966385 -0.218506
1784010384.502757072 8.303562 5.448214 -0.360453 -0.131776 -0.032798 0.966201 -0.219125
1784010384.506820917 8.300008 5.446275 -0.360510 -0.131914 -0.032763 0.966087 -0.219550
1784010384.512726068 8.294856 5.443436 -0.360592 -0.131956 -0.032823 0.965936 -0.220178
1784010384.516772032 8.291320 5.441483 -0.360638 -0.132056 -0.032910 0.965819 -0.220618
1784010384.522495985 8.286315 5.438698 -0.360677 -0.132266 -0.032976 0.965641 -0.221259
1784010384.522495985 8.286315 5.438698 -0.360677 -0.132266 -0.032976 0.965641 -0.221259
1784010384.522551060 8.286267 5.438670 -0.360678 -0.132267 -0.032977 0.965639 -0.221266
1784010384.526755095 8.282622 5.436569 -0.360691 -0.132333 -0.033028 0.965519 -0.221744
1784010384.532619953 8.277581 5.433619 -0.360696 -0.132237 -0.033113 0.965369 -0.222442
1784010384.536751986 8.274053 5.431533 -0.360691 -0.132040 -0.033239 0.965276 -0.222940
1784010384.542598009 8.269077 5.428560 -0.360667 -0.131756 -0.033421 0.965144 -0.223653
1784010384.546789885 8.265514 5.426428 -0.360636 -0.131655 -0.033420 0.965035 -0.224182
1784010384.552705050 8.260504 5.423397 -0.360601 -0.131490 -0.033397 0.964881 -0.224945
1784010384.556763887 8.257071 5.421307 -0.360595 -0.131287 -0.033495 0.964786 -0.225454
1784010384.562397957 8.252313 5.418391 -0.360607 -0.131093 -0.033541 0.964638 -0.226193
1784010384.566613913 8.248758 5.416209 -0.360635 -0.131046 -0.033461 0.964509 -0.226779
1784010384.572606087 8.243723 5.413069 -0.360723 -0.130905 -0.033558 0.964325 -0.227630
1784010384.577263117 8.239819 5.410604 -0.360824 -0.130802 -0.033758 0.964172 -0.228307
1784010384.582297087 8.235615 5.407911 -0.360948 -0.130844 -0.034049 0.963975 -0.229071
1784010384.586793900 8.231873 5.405480 -0.361070 -0.130828 -0.034465 0.963797 -0.229765
1784010384.592565060 8.227098 5.402324 -0.361217 -0.130679 -0.034989 0.963572 -0.230711
1784010384.596801043 8.223616 5.399997 -0.361299 -0.130563 -0.035283 0.963401 -0.231446
1784010384.602549076 8.218929 5.396809 -0.361359 -0.130308 -0.035655 0.963166 -0.232509
1784010384.606647015 8.215599 5.394521 -0.361366 -0.130036 -0.035868 0.963005 -0.233292
1784010384.612602949 8.210778 5.391160 -0.361316 -0.129886 -0.036084 0.962724 -0.234499
1784010384.616822004 8.207379 5.388770 -0.361251 -0.129883 -0.036228 0.962503 -0.235384
1784010384.622349977 8.202954 5.385612 -0.361171 -0.129667 -0.036391 0.962236 -0.236569
1784010384.622349977 8.202954 5.385612 -0.361171 -0.129667 -0.036391 0.962236 -0.236569
1784010384.622555017 8.202791 5.385492 -0.361168 -0.129660 -0.036398 0.962225 -0.236614
1784010384.626959085 8.199294 5.382909 -0.361113 -0.129462 -0.036673 0.961996 -0.237611
1784010384.632581949 8.194840 5.379587 -0.361073 -0.129457 -0.036982 0.961654 -0.238944
1784010384.637087107 8.191278 5.376916 -0.361079 -0.129450 -0.037107 0.961378 -0.240037
1784010384.642551899 8.186966 5.373651 -0.361144 -0.129377 -0.037276 0.961038 -0.241407
1784010384.646967888 8.183492 5.370996 -0.361236 -0.129475 -0.037456 0.960737 -0.242523
1784010384.652543068 8.179125 5.367619 -0.361387 -0.129695 -0.037726 0.960327 -0.243985
1784010384.656764030 8.175829 5.365048 -0.361523 -0.129737 -0.037908 0.960027 -0.245111
1784010384.662370920 8.171467 5.361606 -0.361695 -0.129885 -0.038129 0.959603 -0.246653
1784010384.666698933 8.168113 5.358939 -0.361809 -0.130032 -0.038308 0.959268 -0.247849
1784010384.672566891 8.163574 5.355295 -0.361922 -0.129912 -0.038408 0.958843 -0.249534
1784010384.676862955 8.160247 5.352608 -0.361967 -0.129781 -0.038389 0.958532 -0.250800
1784010384.682549000 8.155872 5.349026 -0.361975 -0.129889 -0.038536 0.958071 -0.252476
1784010384.686831951 8.152609 5.346320 -0.361958 -0.129715 -0.038663 0.957752 -0.253754
1784010384.692714930 8.148128 5.342557 -0.361913 -0.129185 -0.038972 0.957346 -0.255501
1784010384.696751118 8.145030 5.339950 -0.361860 -0.129248 -0.039274 0.957011 -0.256674
1784010384.702599049 8.140549 5.336158 -0.361769 -0.129746 -0.039475 0.956458 -0.258447
1784010384.706801891 8.137354 5.333432 -0.361731 -0.129667 -0.039591 0.956121 -0.259715
1784010384.712605000 8.132967 5.329643 -0.361719 -0.129256 -0.039902 0.955684 -0.261473
1784010384.716763020 8.129813 5.326915 -0.361723 -0.129322 -0.040158 0.955324 -0.262714
1784010384.722136974 8.125731 5.323376 -0.361740 -0.129645 -0.040439 0.954826 -0.264318
1784010384.722136974 8.125731 5.323376 -0.361740 -0.129645 -0.040439 0.954826 -0.264318
1784010384.722573042 8.125404 5.323088 -0.361742 -0.129670 -0.040459 0.954787 -0.264442
1784010384.727199078 8.121960 5.320036 -0.361775 -0.129583 -0.040596 0.954422 -0.265779
1784010384.732585907 8.117984 5.316478 -0.361837 -0.129113 -0.040685 0.954043 -0.267349
1784010384.736968994 8.114747 5.313569 -0.361896 -0.128855 -0.040758 0.953714 -0.268636
1784010384.742594004 8.110592 5.309816 -0.361966 -0.128846 -0.040817 0.953238 -0.270314
1784010384.747088909 8.107281 5.306805 -0.362016 -0.128855 -0.040815 0.952849 -0.271680
1784010384.752306938 8.103470 5.303282 -0.362065 -0.128663 -0.041064 0.952409 -0.273270
1784010384.756922960 8.100107 5.300139 -0.362085 -0.128446 -0.041488 0.952019 -0.274663
1784010384.762268066 8.096223 5.296496 -0.362053 -0.128336 -0.041729 0.951546 -0.276313
1784010384.766776085 8.092959 5.293417 -0.361997 -0.128212 -0.041801 0.951145 -0.277736
1784010384.772593975 8.088771 5.289403 -0.361926 -0.127892 -0.042157 0.950638 -0.279560
1784010384.776882887 8.085683 5.286418 -0.361878 -0.127845 -0.042425 0.950233 -0.280916
1784010384.782250881 8.081833 5.282663 -0.361838 -0.128017 -0.042745 0.949685 -0.282636
1784010384.786811113 8.078573 5.279456 -0.361840 -0.128035 -0.043088 0.949233 -0.284092
1784010384.792581081 8.074461 5.275383 -0.361889 -0.127916 -0.043449 0.948674 -0.285951
1784010384.796675920 8.071541 5.272486 -0.361945 -0.127934 -0.043600 0.948259 -0.287290
1784010384.802551031 8.067379 5.268316 -0.362062 -0.127925 -0.043866 0.947659 -0.289228
1784010384.806826115 8.064350 5.265266 -0.362177 -0.127763 -0.044043 0.947239 -0.290644
1784010384.812429905 8.060389 5.261258 -0.362330 -0.127702 -0.044127 0.946662 -0.292533
1784010384.816804886 8.057301 5.258122 -0.362445 -0.127728 -0.044220 0.946200 -0.294000
1784010384.822293043 8.053444 5.254178 -0.362587 -0.127551 -0.044294 0.945649 -0.295833
1784010384.822293043 8.053444 5.254178 -0.362587 -0.127551 -0.044294 0.945649 -0.295833
1784010384.822609901 8.053225 5.253950 -0.362595 -0.127541 -0.044299 0.945617 -0.295937
1784010384.826935053 8.050248 5.250833 -0.362689 -0.127375 -0.044377 0.945191 -0.297355
1784010384.832557917 8.046393 5.246765 -0.362780 -0.127407 -0.044635 0.944600 -0.299175
1784010384.837182999 8.043228 5.243404 -0.362840 -0.127394 -0.044917 0.944118 -0.300657
1784010384.842417002 8.039658 5.239580 -0.362890 -0.127328 -0.045331 0.943582 -0.302301
1784010384.847179890 8.036414 5.236087 -0.362909 -0.127501 -0.045733 0.943059 -0.303795
1784010384.852474928 8.032815 5.232200 -0.362900 -0.127794 -0.046065 0.942461 -0.305474
1784010384.856707096 8.029937 5.229087 -0.362887 -0.127932 -0.046244 0.941998 -0.306813
1784010384.862564087 8.025973 5.224770 -0.362859 -0.128157 -0.046553 0.941352 -0.308651
1784010384.866825104 8.023092 5.221627 -0.362837 -0.128296 -0.046748 0.940880 -0.309999
1784010384.872725964 8.019121 5.217274 -0.362820 -0.128258 -0.046832 0.940259 -0.311880
1784010384.876795053 8.016383 5.214268 -0.362830 -0.128116 -0.046908 0.939846 -0.313169
1784010384.882531881 8.012549 5.210031 -0.362859 -0.127872 -0.046995 0.939267 -0.314987
1784010384.886805058 8.009698 5.206869 -0.362900 -0.127524 -0.047071 0.938857 -0.316336
1784010384.892663956 8.005802 5.202513 -0.362977 -0.126954 -0.047377 0.938309 -0.318143
1784010384.896748066 8.003087 5.199470 -0.363035 -0.126651 -0.047568 0.937914 -0.319395
1784010384.902642965 7.999198 5.195063 -0.363111 -0.126161 -0.047904 0.937345 -0.321204
1784010384.906821966 7.996442 5.191919 -0.363162 -0.125777 -0.048260 0.936945 -0.322467
1784010384.912678957 7.992592 5.187496 -0.363189 -0.125639 -0.048711 0.936329 -0.324237
1784010384.916732073 7.989927 5.184424 -0.363185 -0.125688 -0.049000 0.935878 -0.325475
1784010384.922314167 7.986274 5.180173 -0.363168 -0.125671 -0.049452 0.935265 -0.327170
1784010384.922314167 7.986274 5.180173 -0.363168 -0.125671 -0.049452 0.935265 -0.327170
1784010384.922563076 7.986113 5.179981 -0.363167 -0.125669 -0.049471 0.935238 -0.327246
1784010384.926599979 7.983513 5.176873 -0.363159 -0.125672 -0.049783 0.934792 -0.328469
1784010384.932558060 7.979683 5.172255 -0.363156 -0.125678 -0.050278 0.934131 -0.330268
1784010384.937112093 7.976739 5.168701 -0.363179 -0.125636 -0.050699 0.933625 -0.331646
1784010384.942671061 7.973141 5.164346 -0.363241 -0.125743 -0.051074 0.932988 -0.333336
1784010384.946849108 7.970451 5.161079 -0.363319 -0.125793 -0.051282 0.932513 -0.334614
1784010384.952532053 7.966815 5.156626 -0.363478 -0.125391 -0.051604 0.931925 -0.336348
1784010384.956851006 7.964040 5.153231 -0.363618 -0.125087 -0.051722 0.931478 -0.337677
1784010384.962590933 7.960347 5.148706 -0.363786 -0.125114 -0.051815 0.930826 -0.339447
1784010384.966696978 7.957710 5.145474 -0.363896 -0.125012 -0.051859 0.930379 -0.340702
1784010384.972528934 7.953982 5.140872 -0.364039 -0.124464 -0.051793 0.929801 -0.342484
1784010384.976847887 7.951217 5.137446 -0.364124 -0.124252 -0.051918 0.929339 -0.343796
1784010384.982623100 7.947518 5.132843 -0.364204 -0.124315 -0.052348 0.928675 -0.345497
1784010384.986818075 7.944830 5.129502 -0.364241 -0.124232 -0.052542 0.928221 -0.346714
1784010384.992549896 7.941181 5.124931 -0.364275 -0.123814 -0.052901 0.927641 -0.348358
1784010384.996742010 7.938516 5.121583 -0.364288 -0.123554 -0.053279 0.927212 -0.349534
1784010385.002541065 7.934818 5.116931 -0.364294 -0.123434 -0.053781 0.926590 -0.351145
1784010385.006803989 7.932088 5.113507 -0.364294 -0.123546 -0.054097 0.926111 -0.352318
1784010385.012582064 7.928402 5.108865 -0.364304 -0.123754 -0.054591 0.925455 -0.353889
1784010385.016863108 7.925669 5.105432 -0.364326 -0.123730 -0.054926 0.924999 -0.355035
1784010385.022091150 7.922319 5.101244 -0.364365 -0.123639 -0.055198 0.924465 -0.356413
1784010385.022091150 7.922319 5.101244 -0.364365 -0.123639 -0.055198 0.924465 -0.356413
1784010385.022526979 7.922041 5.100893 -0.364368 -0.123630 -0.055221 0.924419 -0.356532
1784010385.026516914 7.919489 5.097681 -0.364384 -0.123635 -0.055329 0.923991 -0.357622
1784010385.032510996 7.915657 5.092874 -0.364419 -0.123538 -0.055311 0.923359 -0.359287
1784010385.036622047 7.913022 5.089583 -0.364468 -0.123279 -0.055282 0.922964 -0.360394
1784010385.042483091 7.909249 5.084876 -0.364553 -0.123134 -0.055373 0.922376 -0.361932
1784010385.046741962 7.906491 5.081454 -0.364621 -0.123310 -0.055523 0.921916 -0.363018
1784010385.052522898 7.902744 5.076817 -0.364712 -0.123428 -0.055629 0.921314 -0.364488
1784010385.056926012 7.899899 5.073296 -0.364778 -0.123178 -0.055756 0.920916 -0.365556
1784010385.062552929 7.896266 5.068798 -0.364830 -0.122638 -0.056115 0.920449 -0.366859
1784010385.066683054 7.893585 5.065498 -0.364841 -0.122354 -0.056233 0.920104 -0.367799
1784010385.072552919 7.889776 5.060805 -0.364823 -0.122063 -0.056340 0.919604 -0.369127
1784010385.076575994 7.887172 5.057588 -0.364807 -0.121831 -0.056406 0.919271 -0.370022
1784010385.082557917 7.883297 5.052789 -0.364789 -0.121446 -0.056487 0.918778 -0.371357
1784010385.087069988 7.880362 5.049164 -0.364786 -0.121342 -0.056561 0.918389 -0.372341
1784010385.092327118 7.876937 5.044949 -0.364790 -0.121402 -0.056420 0.917906 -0.373532
1784010385.096776962 7.874038 5.041380 -0.364820 -0.121330 -0.056336 0.917515 -0.374528
1784010385.102665901 7.870200 5.036637 -0.364889 -0.121203 -0.056462 0.917000 -0.375809
1784010385.106750011 7.867533 5.033351 -0.364949 -0.121256 -0.056469 0.916629 -0.376696
1784010385.112602949 7.863709 5.028637 -0.365052 -0.121315 -0.056452 0.916093 -0.377980
1784010385.116735935 7.861001 5.025306 -0.365143 -0.121300 -0.056493 0.915736 -0.378843
1784010385.122152090 7.857449 5.020940 -0.365265 -0.121390 -0.056503 0.915258 -0.379966
1784010385.122152090 7.857449 5.020940 -0.365265 -0.121390 -0.056503 0.915258 -0.379966
1784010385.122571945 7.857178 5.020602 -0.365272 -0.121394 -0.056503 0.915225 -0.380046
1784010385.126934052 7.854374 5.017092 -0.365349 -0.121389 -0.056527 0.914891 -0.380847
1784010385.132575035 7.850753 5.012541 -0.365458 -0.121261 -0.056685 0.914486 -0.381834
1784010385.136986017 7.847913 5.008973 -0.365548 -0.121254 -0.056870 0.914159 -0.382592
1784010385.142054081 7.844658 5.004875 -0.365642 -0.121300 -0.057085 0.913787 -0.383434
1784010385.146631956 7.841716 5.001169 -0.365718 -0.121182 -0.057290 0.913480 -0.384171
1784010385.152669907 7.837830 4.996268 -0.365778 -0.120993 -0.057556 0.913101 -0.385089
1784010385.156809092 7.835140 4.992904 -0.365791 -0.121038 -0.057605 0.912822 -0.385729
1784010385.162482023 7.831459 4.988298 -0.365793 -0.121074 -0.057557 0.912456 -0.386590
1784010385.166896105 7.828599 4.984720 -0.365799 -0.120946 -0.057566 0.912197 -0.387241
1784010385.172332048 7.825080 4.980319 -0.365805 -0.120710 -0.057514 0.911896 -0.388029
1784010385.176675081 7.822240 4.976799 -0.365812 -0.120678 -0.057443 0.911639 -0.388654
1784010385.182468891 7.818439 4.972104 -0.365833 -0.120762 -0.057381 0.911294 -0.389445
1784010385.186672926 7.815669 4.968707 -0.365867 -0.120627 -0.057359 0.911081 -0.389988
1784010385.192487001 7.811819 4.964006 -0.365933 -0.120202 -0.057301 0.910827 -0.390721
1784010385.196764946 7.808945 4.960533 -0.365993 -0.120222 -0.057363 0.910598 -0.391239
1784010385.202549934 7.805058 4.955851 -0.366065 -0.120570 -0.057621 0.910269 -0.391858
1784010385.206738949 7.802241 4.952482 -0.366114 -0.120453 -0.057712 0.910085 -0.392307
1784010385.212558985 7.798309 4.947797 -0.366146 -0.119929 -0.057810 0.909904 -0.392874
1784010385.216733932 7.795444 4.944430 -0.366129 -0.119930 -0.057979 0.909745 -0.393218
1784010385.222311974 7.791608 4.939969 -0.366056 -0.120101 -0.057975 0.909538 -0.393644
1784010385.222311974 7.791608 4.939969 -0.366056 -0.120101 -0.057975 0.909538 -0.393644
1784010385.222543955 7.791452 4.939784 -0.366052 -0.120113 -0.057975 0.909528 -0.393663
1784010385.226902962 7.788521 4.936315 -0.365985 -0.119808 -0.057835 0.909434 -0.393994
1784010385.232597113 7.784674 4.931773 -0.365897 -0.119161 -0.057841 0.909362 -0.394354
1784010385.237236977 7.781495 4.928066 -0.365817 -0.119188 -0.057820 0.909243 -0.394625
1784010385.242527008 7.777855 4.923858 -0.365749 -0.119606 -0.057620 0.909067 -0.394932
1784010385.247021914 7.774768 4.920299 -0.365742 -0.119466 -0.057432 0.909002 -0.395152
1784010385.252532959 7.770965 4.915909 -0.365785 -0.119180 -0.057328 0.908934 -0.395410
1784010385.256664991 7.768067 4.912584 -0.365844 -0.118958 -0.057250 0.908883 -0.395605
1784010385.262546062 7.763939 4.907848 -0.365969 -0.119831 -0.057319 0.908671 -0.395817
1784010385.266763926 7.760989 4.904478 -0.366101 -0.120447 -0.057368 0.908520 -0.395971
1784010385.272510052 7.756962 4.899873 -0.366293 -0.120203 -0.057436 0.908475 -0.396139
1784010385.276951075 7.753806 4.896283 -0.366436 -0.120634 -0.057510 0.908355 -0.396272
1784010385.282612085 7.749787 4.891711 -0.366596 -0.121444 -0.057358 0.908172 -0.396465
1784010385.286608934 7.746962 4.888515 -0.366694 -0.122007 -0.057250 0.908044 -0.396602
1784010385.292576075 7.742752 4.883736 -0.366772 -0.121466 -0.057086 0.908045 -0.396788
1784010385.296849012 7.739711 4.880288 -0.366767 -0.121069 -0.056968 0.908047 -0.396923
1784010385.302335978 7.735814 4.875856 -0.366715 -0.121367 -0.057064 0.907951 -0.397037
1784010385.306746006 7.732692 4.872312 -0.366664 -0.121600 -0.057141 0.907874 -0.397131
1784010385.312515020 7.728604 4.867665 -0.366571 -0.121128 -0.057249 0.907866 -0.397277
1784010385.316807985 7.725528 4.864185 -0.366484 -0.120768 -0.057328 0.907861 -0.397388
1784010385.322005033 7.721805 4.859974 -0.366392 -0.121226 -0.057478 0.907737 -0.397509
1784010385.322005033 7.721805 4.859974 -0.366392 -0.121226 -0.057478 0.907737 -0.397509
1784010385.322417021 7.721514 4.859638 -0.366386 -0.121257 -0.057489 0.907727 -0.397522
1784010385.326807976 7.718437 4.856062 -0.366336 -0.121576 -0.057601 0.907613 -0.397668
1784010385.332552910 7.714398 4.851367 -0.366304 -0.121505 -0.057571 0.907520 -0.397906
1784010385.337003946 7.711226 4.847697 -0.366296 -0.121453 -0.057551 0.907451 -0.398083
1784010385.342581034 7.707250 4.843103 -0.366313 -0.121969 -0.057526 0.907294 -0.398285
1784010385.346950054 7.704149 4.839551 -0.366357 -0.122376 -0.057508 0.907174 -0.398438
1784010385.352524042 7.700191 4.835020 -0.366402 -0.122306 -0.057162 0.907091 -0.398698
1784010385.356776953 7.697140 4.831541 -0.366405 -0.122257 -0.056899 0.907029 -0.398890
1784010385.362493038 7.693050 4.826853 -0.366380 -0.122021 -0.056775 0.906966 -0.399125
1784010385.366669893 7.690079 4.823439 -0.366356 -0.121852 -0.056687 0.906921 -0.399290
1784010385.372538090 7.685909 4.818637 -0.366269 -0.121691 -0.056856 0.906827 -0.399530
1784010385.376899958 7.682777 4.815068 -0.366150 -0.121576 -0.056984 0.906759 -0.399700
1784010385.382514000 7.678766 4.810469 -0.365996 -0.121012 -0.056947 0.906732 -0.399938
1784010385.386854887 7.675694 4.806921 -0.365922 -0.120579 -0.056921 0.906713 -0.400116
1784010385.392402887 7.671764 4.802366 -0.365851 -0.120573 -0.057059 0.906604 -0.400345
1784010385.396811962 7.668593 4.798723 -0.365795 -0.120571 -0.057170 0.906519 -0.400521
1784010385.402631998 7.664410 4.793914 -0.365755 -0.120517 -0.056940 0.906416 -0.400803
1784010385.406676054 7.661519 4.790603 -0.365772 -0.120484 -0.056783 0.906347 -0.400991
1784010385.412545919 7.657315 4.785790 -0.365821 -0.120782 -0.056530 0.906194 -0.401284
1784010385.416826010 7.654202 4.782265 -0.365861 -0.121003 -0.056348 0.906084 -0.401490
1784010385.422512054 7.650056 4.777574 -0.365926 -0.121542 -0.056161 0.905908 -0.401752
1784010385.422512054 7.650056 4.777574 -0.365926 -0.121542 -0.056161 0.905908 -0.401752
1784010385.422523022 7.650050 4.777564 -0.365926 -0.121541 -0.056161 0.905907 -0.401754
1784010385.426605940 7.647176 4.774169 -0.365996 -0.121594 -0.056024 0.905842 -0.401904
1784010385.432507038 7.643034 4.769250 -0.366091 -0.121532 -0.055991 0.905760 -0.402112
1784010385.437140942 7.639749 4.765368 -0.366144 -0.121494 -0.055967 0.905697 -0.402269
1784010385.442276001 7.636105 4.761061 -0.366189 -0.121604 -0.056027 0.905621 -0.402397
1784010385.446774006 7.632920 4.757305 -0.366226 -0.121515 -0.056008 0.905581 -0.402517
1784010385.452667952 7.628769 4.752374 -0.366269 -0.121274 -0.056047 0.905539 -0.402679
1784010385.457221985 7.625535 4.748547 -0.366278 -0.121285 -0.056130 0.905484 -0.402788
1784010385.462502956 7.621780 4.744098 -0.366262 -0.121537 -0.056190 0.905384 -0.402928
1784010385.466589928 7.618880 4.740673 -0.366244 -0.121512 -0.056129 0.905343 -0.403036
1784010385.472341061 7.614828 4.735856 -0.366220 -0.121003 -0.055927 0.905341 -0.403221
1784010385.476625919 7.611783 4.732258 -0.366193 -0.120853 -0.055764 0.905305 -0.403370
1784010385.482465029 7.607639 4.727342 -0.366160 -0.121097 -0.055667 0.905190 -0.403568
1784010385.486737013 7.604608 4.723766 -0.366152 -0.121065 -0.055419 0.905134 -0.403738
1784010385.492506027 7.600537 4.718926 -0.366183 -0.120512 -0.054991 0.905109 -0.404018
1784010385.496933937 7.597383 4.715190 -0.366225 -0.120417 -0.055011 0.905047 -0.404182
1784010385.502441883 7.593460 4.710545 -0.366290 -0.120682 -0.055030 0.904910 -0.404408
1784010385.506654024 7.590456 4.707011 -0.366356 -0.120559 -0.054880 0.904843 -0.404613
1784010385.512551069 7.586258 4.702033 -0.366446 -0.120149 -0.054969 0.904775 -0.404877
1784010385.516818047 7.583185 4.698416 -0.366469 -0.120336 -0.055174 0.904663 -0.405044
1784010385.522017002 7.579453 4.694030 -0.366453 -0.120671 -0.055232 0.904506 -0.405286
1784010385.522017002 7.579453 4.694030 -0.366453 -0.120671 -0.055232 0.904506 -0.405286
1784010385.522532940 7.579095 4.693595 -0.366450 -0.120712 -0.055238 0.904492 -0.405304
1784010385.526648045 7.576260 4.690138 -0.366413 -0.120481 -0.055133 0.904471 -0.405435
1784010385.532519102 7.572214 4.685193 -0.366307 -0.119898 -0.054979 0.904490 -0.405585
1784010385.537000895 7.569085 4.681398 -0.366189 -0.119942 -0.054982 0.904440 -0.405685
1784010385.542516947 7.565244 4.676744 -0.366036 -0.120194 -0.054857 0.904362 -0.405800
1784010385.546639919 7.562385 4.673295 -0.365951 -0.119822 -0.054571 0.904375 -0.405919
1784010385.552335978 7.558424 4.668513 -0.365877 -0.119197 -0.054237 0.904417 -0.406054
1784010385.556706905 7.555337 4.664819 -0.365844 -0.119419 -0.054142 0.904363 -0.406123
1784010385.562508106 7.551254 4.659926 -0.365854 -0.119993 -0.053970 0.904248 -0.406233
1784010385.567045927 7.548072 4.656113 -0.365934 -0.119829 -0.053823 0.904243 -0.406312
1784010385.572269917 7.544398 4.651701 -0.366065 -0.119686 -0.053846 0.904234 -0.406370
1784010385.576503992 7.541393 4.648111 -0.366176 -0.120060 -0.053961 0.904157 -0.406417
1784010385.582439899 7.537209 4.643095 -0.366352 -0.120579 -0.053961 0.904048 -0.406504
1784010385.586827993 7.534120 4.639398 -0.366505 -0.120401 -0.053868 0.904045 -0.406576
1784010385.592531919 7.530095 4.634563 -0.366665 -0.120353 -0.053867 0.904017 -0.406653
1784010385.596776962 7.527082 4.630959 -0.366741 -0.120656 -0.053971 0.903945 -0.406710
1784010385.602528095 7.523050 4.626115 -0.366804 -0.120631 -0.053910 0.903911 -0.406800
1784010385.606750965 7.520105 4.622577 -0.366825 -0.120058 -0.053740 0.903958 -0.406888
1784010385.612345934 7.516186 4.617844 -0.366791 -0.119706 -0.053901 0.903963 -0.406959
1784010385.616720915 7.513090 4.614124 -0.366728 -0.120058 -0.054173 0.903883 -0.406997
1784010385.622152090 7.509276 4.609535 -0.366658 -0.120194 -0.054210 0.903820 -0.407092
1784010385.622152090 7.509276 4.609535 -0.366658 -0.120194 -0.054210 0.903820 -0.407092
1784010385.622545958 7.509001 4.609202 -0.366652 -0.120205 -0.054214 0.903813 -0.407104
1784010385.626712084 7.506082 4.605673 -0.366595 -0.119913 -0.054190 0.903788 -0.407249
1784010385.632523060 7.501978 4.600722 -0.366521 -0.120178 -0.054455 0.903663 -0.407412
1784010385.637243986 7.498633 4.596704 -0.366486 -0.120793 -0.054653 0.903496 -0.407576
1784010385.642594099 7.494848 4.592165 -0.366501 -0.120979 -0.054566 0.903377 -0.407795
1784010385.647057056 7.491683 4.588365 -0.366558 -0.121050 -0.054690 0.903298 -0.407932
1784010385.652355909 7.487908 4.583850 -0.366623 -0.121677 -0.054883 0.903128 -0.408096
1784010385.656570911 7.484914 4.580281 -0.366680 -0.121946 -0.054823 0.903011 -0.408282
1784010385.662494898 7.480715 4.575272 -0.366739 -0.121513 -0.054525 0.902970 -0.408542
1784010385.666726112 7.477717 4.571686 -0.366749 -0.121267 -0.054478 0.902929 -0.408711
1784010385.672338009 7.473738 4.566930 -0.366689 -0.121322 -0.054588 0.902810 -0.408944
1784010385.676578999 7.470744 4.563353 -0.366624 -0.121140 -0.054459 0.902757 -0.409131
1784010385.682545900 7.466530 4.558307 -0.366503 -0.120547 -0.054269 0.902724 -0.409405
1784010385.686548948 7.463692 4.554897 -0.366420 -0.120494 -0.054401 0.902651 -0.409563
1784010385.692486048 7.459473 4.549845 -0.366303 -0.120741 -0.054537 0.902495 -0.409818
1784010385.696779966 7.456438 4.546214 -0.366266 -0.120542 -0.054462 0.902443 -0.410001
1784010385.702378988 7.452471 4.541463 -0.366253 -0.120200 -0.054503 0.902386 -0.410221
1784010385.706739902 7.449359 4.537745 -0.366254 -0.120468 -0.054569 0.902269 -0.410390
1784010385.712497950 7.445245 4.532851 -0.366273 -0.121018 -0.054531 0.902075 -0.410659
1784010385.716677904 7.442277 4.529324 -0.366325 -0.121066 -0.054242 0.901983 -0.410886
1784010385.722249985 7.438315 4.524619 -0.366394 -0.121169 -0.053956 0.901851 -0.411184
1784010385.722249985 7.438315 4.524619 -0.366394 -0.121169 -0.053956 0.901851 -0.411184
1784010385.722477913 7.438153 4.524425 -0.366396 -0.121170 -0.053945 0.901846 -0.411195
1784010385.726608038 7.435215 4.520913 -0.366431 -0.121402 -0.053935 0.901737 -0.411368
1784010385.732559919 7.430993 4.515865 -0.366474 -0.121576 -0.053897 0.901608 -0.411603
1784010385.737242937 7.427678 4.511907 -0.366514 -0.121381 -0.053811 0.901566 -0.411764
1784010385.742417097 7.424012 4.507520 -0.366550 -0.121184 -0.053914 0.901516 -0.411917
1784010385.746926069 7.420803 4.503687 -0.366572 -0.121317 -0.054068 0.901432 -0.412043
1784010385.752510071 7.416843 4.498944 -0.366599 -0.121597 -0.054207 0.901317 -0.412193
1784010385.756561041 7.413983 4.495505 -0.366625 -0.121688 -0.054422 0.901252 -0.412281
1784010385.762115955 7.410061 4.490775 -0.366640 -0.121806 -0.054775 0.901155 -0.412410
1784010385.766618013 7.406867 4.486936 -0.366632 -0.122033 -0.054937 0.901058 -0.412533
1784010385.772516012 7.402698 4.481928 -0.366605 -0.122251 -0.054951 0.900950 -0.412704
1784010385.776774883 7.399702 4.478327 -0.366588 -0.122134 -0.054888 0.900904 -0.412847
1784010385.782356024 7.395779 4.473603 -0.366563 -0.121852 -0.054796 0.900845 -0.413071
1784010385.786561966 7.392809 4.470036 -0.366542 -0.121866 -0.054730 0.900772 -0.413235
1784010385.792504072 7.388624 4.465012 -0.366519 -0.121948 -0.054534 0.900640 -0.413525
1784010385.796736002 7.385648 4.461439 -0.366523 -0.121757 -0.054362 0.900580 -0.413734
1784010385.802503109 7.381585 4.456552 -0.366546 -0.121523 -0.054417 0.900487 -0.413998
1784010385.806807995 7.378544 4.452905 -0.366572 -0.121559 -0.054504 0.900382 -0.414203
1784010385.812483072 7.374547 4.448109 -0.366616 -0.121517 -0.054537 0.900254 -0.414491
1784010385.816734076 7.371547 4.444503 -0.366650 -0.121382 -0.054725 0.900171 -0.414684
1784010385.822336912 7.367576 4.439721 -0.366646 -0.121675 -0.055206 0.900002 -0.414903
1784010385.822398186 7.367533 4.439669 -0.366645 -0.121679 -0.055210 0.899999 -0.414906
1784010385.822398186 7.367533 4.439669 -0.366645 -0.121679 -0.055210 0.899999 -0.414906
1784010385.826693058 7.364555 4.436021 -0.366610 -0.122036 -0.055430 0.899853 -0.415089
1784010385.832523108 7.360552 4.431116 -0.366546 -0.121879 -0.055347 0.899750 -0.415369
1784010385.837007046 7.357466 4.427346 -0.366485 -0.121479 -0.055324 0.899724 -0.415546
1784010385.842514038 7.353656 4.422691 -0.366384 -0.121435 -0.055450 0.899634 -0.415738
1784010385.846757889 7.350707 4.419109 -0.366302 -0.121568 -0.055440 0.899537 -0.415910
1784010385.852502108 7.346739 4.414296 -0.366234 -0.121224 -0.055109 0.899493 -0.416150
1784010385.857465029 7.343292 4.410139 -0.366218 -0.120875 -0.054825 0.899459 -0.416362
1784010385.862345934 7.339881 4.406031 -0.366228 -0.120961 -0.054815 0.899381 -0.416506
1784010385.866843939 7.336734 4.402246 -0.366273 -0.121133 -0.054905 0.899293 -0.416634
1784010385.872309923 7.332919 4.397650 -0.366379 -0.121031 -0.054834 0.899236 -0.416797
1784010385.876712084 7.329833 4.393935 -0.366487 -0.121107 -0.054994 0.899171 -0.416893
1784010385.882534027 7.325763 4.389018 -0.366633 -0.121478 -0.055364 0.899050 -0.416998
1784010385.886954069 7.322672 4.385293 -0.366750 -0.121573 -0.055415 0.898981 -0.417113
1784010385.892483950 7.318817 4.380618 -0.366883 -0.121418 -0.055570 0.898941 -0.417221
1784010385.896692038 7.315872 4.377049 -0.366954 -0.121472 -0.055834 0.898884 -0.417294
1784010385.902554035 7.311792 4.372106 -0.367003 -0.121408 -0.055925 0.898828 -0.417423
1784010385.906763077 7.308875 4.368578 -0.367011 -0.121080 -0.055813 0.898830 -0.417528
1784010385.912545919 7.304889 4.363716 -0.366973 -0.120511 -0.055888 0.898841 -0.417658
1784010385.916683912 7.302015 4.360213 -0.366918 -0.120414 -0.056035 0.898797 -0.417761
1784010385.922439098 7.298024 4.355338 -0.366834 -0.120526 -0.056260 0.898717 -0.417872
1784010385.922439098 7.298024 4.355338 -0.366834 -0.120526 -0.056260 0.898717 -0.417872
1784010385.922487020 7.297993 4.355298 -0.366832 -0.120527 -0.056260 0.898716 -0.417873
1784010385.926670074 7.295163 4.351768 -0.366769 -0.120473 -0.056324 0.898666 -0.417987
1784010385.932550907 7.291182 4.346798 -0.366713 -0.120319 -0.056379 0.898610 -0.418145
1784010385.936732054 7.288328 4.343250 -0.366704 -0.120448 -0.056599 0.898536 -0.418237
1784010385.942447901 7.284434 4.338416 -0.366731 -0.120807 -0.056748 0.898409 -0.418386
1784010385.946863890 7.281425 4.334694 -0.366801 -0.120846 -0.056737 0.898338 -0.418528
1784010385.952531099 7.277552 4.329886 -0.366924 -0.121008 -0.056987 0.898241 -0.418657
1784010385.957217932 7.274327 4.325898 -0.367032 -0.121506 -0.057253 0.898108 -0.418761
1784010385.962486982 7.270720 4.321451 -0.367139 -0.121786 -0.057224 0.897984 -0.418950
1784010385.966829062 7.267762 4.317803 -0.367209 -0.121384 -0.057015 0.897972 -0.419120
1784010385.972496986 7.263904 4.313019 -0.367224 -0.120815 -0.057126 0.897966 -0.419282
1784010385.976753950 7.260987 4.309422 -0.367173 -0.120747 -0.057152 0.897905 -0.419429
1784010385.982526064 7.257054 4.304568 -0.367060 -0.120621 -0.056894 0.897829 -0.419664
1784010385.986653090 7.254249 4.301097 -0.366979 -0.120234 -0.056896 0.897817 -0.419798
1784010385.992501974 7.250260 4.296148 -0.366852 -0.119965 -0.056951 0.897760 -0.419990
1784010385.996810913 7.247294 4.292490 -0.366765 -0.120090 -0.057072 0.897671 -0.420130
1784010386.002367020 7.243484 4.287791 -0.366698 -0.120130 -0.057060 0.897580 -0.420313
1784010386.006709099 7.240507 4.284131 -0.366691 -0.119879 -0.056993 0.897547 -0.420464
1784010386.012617111 7.236442 4.279135 -0.366701 -0.119764 -0.056958 0.897472 -0.420662
1784010386.016721010 7.233593 4.275659 -0.366725 -0.119960 -0.056914 0.897381 -0.420805
1784010386.022229195 7.229777 4.271012 -0.366777 -0.120192 -0.056638 0.897251 -0.421054
1784010386.022229195 7.229777 4.271012 -0.366777 -0.120192 -0.056638 0.897251 -0.421054
1784010386.022636890 7.229500 4.270668 -0.366780 -0.120208 -0.056622 0.897242 -0.421071
1784010386.026648045 7.226770 4.267282 -0.366810 -0.120255 -0.056338 0.897174 -0.421240
1784010386.032494068 7.222791 4.262325 -0.366854 -0.120421 -0.056260 0.897068 -0.421429
1784010386.036976099 7.219731 4.258522 -0.366892 -0.120519 -0.056325 0.896991 -0.421558
1784010386.042141914 7.216215 4.254153 -0.366938 -0.120530 -0.056237 0.896924 -0.421708
1784010386.046891928 7.212990 4.250138 -0.366981 -0.120376 -0.056311 0.896891 -0.421812
1784010386.052572966 7.209124 4.245312 -0.367011 -0.120369 -0.056659 0.896835 -0.421887
1784010386.057001114 7.206093 4.241539 -0.367019 -0.120608 -0.056882 0.896757 -0.421953
1784010386.061629057 7.202936 4.237599 -0.367015 -0.120864 -0.057171 0.896679 -0.422007
1784010386.066591978 7.199563 4.233383 -0.367003 -0.120875 -0.057475 0.896640 -0.422046
1784010386.072509050 7.195527 4.228355 -0.366968 -0.120820 -0.057551 0.896609 -0.422116
1784010386.076905966 7.192508 4.224620 -0.366934 -0.120933 -0.057628 0.896568 -0.422160
1784010386.082370043 7.188766 4.219996 -0.366892 -0.121080 -0.057705 0.896528 -0.422193
1784010386.086919069 7.185652 4.216165 -0.366874 -0.120849 -0.057562 0.896536 -0.422261
1784010386.092557907 7.181781 4.211403 -0.366863 -0.120521 -0.057429 0.896555 -0.422333
1784010386.096767902 7.178870 4.207847 -0.366865 -0.120587 -0.057421 0.896523 -0.422384
1784010386.102459908 7.174945 4.203060 -0.366881 -0.120582 -0.057259 0.896492 -0.422472
1784010386.106713057 7.172005 4.199485 -0.366915 -0.120262 -0.057197 0.896516 -0.422521
1784010386.112489939 7.167993 4.194602 -0.366950 -0.120142 -0.057529 0.896503 -0.422538
1784010386.116744041 7.165015 4.191013 -0.366960 -0.120434 -0.057691 0.896433 -0.422582
1784010386.122070074 7.161305 4.186546 -0.366963 -0.120584 -0.057791 0.896381 -0.422635
1784010386.122070074 7.161305 4.186546 -0.366963 -0.120584 -0.057791 0.896381 -0.422635
1784010386.122478008 7.161026 4.186203 -0.366963 -0.120596 -0.057797 0.896376 -0.422641
1784010386.126878023 7.158015 4.182496 -0.366948 -0.120447 -0.057940 0.896374 -0.422668
1784010386.132448912 7.154178 4.177784 -0.366869 -0.120615 -0.058165 0.896324 -0.422696
1784010386.136873007 7.151114 4.174045 -0.366773 -0.120963 -0.058342 0.896251 -0.422727
1784010386.142437935 7.147279 4.169379 -0.366659 -0.120895 -0.058262 0.896248 -0.422763
1784010386.146550894 7.144441 4.165945 -0.366595 -0.120575 -0.058118 0.896284 -0.422799
1784010386.152513981 7.140313 4.160958 -0.366521 -0.120431 -0.058132 0.896314 -0.422774
1784010386.157044888 7.137159 4.157185 -0.366499 -0.120542 -0.058055 0.896305 -0.422774
1784010386.162472963 7.133384 4.152692 -0.366540 -0.120387 -0.057783 0.896349 -0.422760
1784010386.166757107 7.130394 4.149145 -0.366619 -0.120256 -0.057706 0.896397 -0.422706
1784010386.172477007 7.126379 4.144382 -0.366760 -0.120376 -0.057928 0.896434 -0.422562
1784010386.176785946 7.123332 4.140790 -0.366890 -0.120575 -0.058042 0.896451 -0.422456
1784010386.182488918 7.119303 4.136045 -0.367078 -0.120660 -0.058105 0.896510 -0.422297
1784010386.186492920 7.116467 4.132714 -0.367217 -0.120700 -0.058241 0.896557 -0.422167
1784010386.192519903 7.112181 4.127675 -0.367405 -0.120943 -0.058570 0.896620 -0.421918
1784010386.197066069 7.108935 4.123873 -0.367531 -0.121242 -0.058836 0.896652 -0.421727
1784010386.202229023 7.105267 4.119575 -0.367647 -0.121384 -0.059032 0.896716 -0.421523
1784010386.206718922 7.102078 4.115847 -0.367723 -0.121236 -0.059152 0.896810 -0.421348
1784010386.212488890 7.097980 4.111053 -0.367758 -0.121126 -0.059333 0.896928 -0.421104
1784010386.216598988 7.095059 4.107651 -0.367744 -0.121175 -0.059419 0.896992 -0.420942
1784010386.222315073 7.091017 4.102941 -0.367696 -0.121134 -0.059388 0.897089 -0.420751
1784010386.222315073 7.091017 4.102941 -0.367696 -0.121134 -0.059388 0.897089 -0.420751
1784010386.222482920 7.090902 4.102803 -0.367694 -0.121135 -0.059384 0.897092 -0.420745
1784010386.226799011 7.087917 4.099248 -0.367650 -0.121016 -0.059395 0.897178 -0.420593
1784010386.232530117 7.083944 4.094515 -0.367594 -0.121077 -0.059655 0.897273 -0.420336
1784010386.237010002 7.080812 4.090824 -0.367562 -0.121290 -0.059747 0.897321 -0.420159
1784010386.242539883 7.076946 4.086290 -0.367556 -0.121533 -0.059601 0.897391 -0.419960
1784010386.246838093 7.073938 4.082775 -0.367597 -0.121539 -0.059647 0.897463 -0.419798
1784010386.252167940 7.070200 4.078424 -0.367692 -0.121663 -0.059708 0.897546 -0.419575
1784010386.256501913 7.067139 4.074887 -0.367800 -0.122018 -0.059723 0.897578 -0.419404
1784010386.262417078 7.062961 4.070064 -0.367977 -0.122632 -0.059889 0.897611 -0.419130
1784010386.267116070 7.059635 4.066252 -0.368120 -0.122931 -0.059910 0.897663 -0.418927
1784010386.272396088 7.055908 4.061992 -0.368249 -0.122801 -0.059683 0.897787 -0.418732
1784010386.276710987 7.052862 4.058523 -0.368315 -0.122496 -0.059638 0.897917 -0.418548
1784010386.282449961 7.048808 4.053928 -0.368317 -0.122295 -0.059397 0.898074 -0.418305
1784010386.286649942 7.045828 4.050569 -0.368270 -0.122234 -0.059182 0.898170 -0.418147
1784010386.292516947 7.041674 4.045866 -0.368179 -0.122037 -0.059232 0.898329 -0.417857
1784010386.296741009 7.038673 4.042484 -0.368106 -0.121973 -0.059191 0.898425 -0.417675
1784010386.302457094 7.034613 4.037912 -0.368018 -0.122032 -0.058995 0.898534 -0.417450
1784010386.306752920 7.031552 4.034472 -0.367982 -0.122065 -0.059049 0.898625 -0.417237
1784010386.312387943 7.027539 4.029966 -0.367969 -0.122034 -0.058983 0.898753 -0.416978
1784010386.316713095 7.024445 4.026513 -0.367986 -0.122041 -0.058861 0.898843 -0.416800
1784010386.322116137 7.020569 4.022198 -0.368030 -0.122266 -0.058747 0.898926 -0.416571
1784010386.322116137 7.020569 4.022198 -0.368030 -0.122266 -0.058747 0.898926 -0.416571
1784010386.322623014 7.020209 4.021792 -0.368035 -0.122283 -0.058747 0.898933 -0.416552
1784010386.326711893 7.017305 4.018525 -0.368076 -0.122495 -0.058647 0.898976 -0.416411
1784010386.332506895 7.013189 4.013909 -0.368151 -0.122703 -0.058306 0.899047 -0.416245
1784010386.337147951 7.009888 4.010217 -0.368228 -0.122790 -0.058144 0.899115 -0.416094
1784010386.342477083 7.006097 4.005979 -0.368315 -0.122945 -0.058104 0.899187 -0.415899
1784010386.346765041 7.003046 4.002581 -0.368380 -0.122996 -0.058073 0.899260 -0.415730
1784010386.352473974 6.998990 3.998058 -0.368461 -0.122819 -0.058126 0.899393 -0.415487
1784010386.356556892 6.996078 3.994821 -0.368510 -0.122760 -0.058164 0.899482 -0.415305
1784010386.362449884 6.991874 3.990137 -0.368558 -0.123013 -0.058363 0.899568 -0.415017
1784010386.366868019 6.988720 3.986624 -0.368593 -0.123236 -0.058624 0.899627 -0.414786
1784010386.372035027 6.985036 3.982522 -0.368631 -0.123356 -0.058852 0.899722 -0.414512
1784010386.377008915 6.981485 3.978577 -0.368659 -0.123498 -0.058967 0.899808 -0.414267
1784010386.382467985 6.977579 3.974249 -0.368684 -0.123726 -0.059090 0.899891 -0.414001
1784010386.386570930 6.974639 3.971005 -0.368710 -0.123825 -0.059102 0.899966 -0.413805
1784010386.392491102 6.970408 3.966338 -0.368757 -0.123673 -0.059085 0.900120 -0.413519
1784010386.396750927 6.967353 3.962988 -0.368803 -0.123573 -0.058988 0.900227 -0.413329
1784010386.402415991 6.963274 3.958535 -0.368868 -0.123645 -0.058845 0.900340 -0.413082
1784010386.406706095 6.960175 3.955176 -0.368929 -0.123715 -0.058696 0.900422 -0.412904
1784010386.412444115 6.956034 3.950693 -0.369028 -0.123523 -0.058541 0.900571 -0.412658
1784010386.416587114 6.953031 3.947455 -0.369109 -0.123383 -0.058593 0.900683 -0.412448
1784010386.422122002 6.948999 3.943135 -0.369201 -0.123511 -0.058677 0.900786 -0.412174
1784010386.422122002 6.948999 3.943135 -0.369201 -0.123511 -0.058677 0.900786 -0.412174
1784010386.422450066 6.948762 3.942878 -0.369204 -0.123516 -0.058678 0.900792 -0.412157
1784010386.426769972 6.945642 3.939489 -0.369249 -0.123618 -0.058690 0.900878 -0.411938
1784010386.432470083 6.941527 3.935021 -0.369276 -0.123632 -0.058936 0.901019 -0.411591
1784010386.436786890 6.938399 3.931652 -0.369259 -0.123696 -0.059005 0.901120 -0.411340
1784010386.442421913 6.934307 3.927259 -0.369189 -0.123727 -0.058929 0.901256 -0.411044
1784010386.446604013 6.931258 3.924006 -0.369114 -0.123738 -0.058957 0.901369 -0.410789
1784010386.452646017 6.926862 3.919335 -0.368982 -0.123620 -0.058665 0.901555 -0.410458
1784010386.456613064 6.923970 3.916282 -0.368901 -0.123394 -0.058418 0.901696 -0.410250
1784010386.462461948 6.919702 3.911766 -0.368805 -0.122953 -0.058258 0.901927 -0.409898
1784010386.467097044 6.916300 3.908198 -0.368751 -0.122819 -0.057995 0.902081 -0.409635
1784010386.472449064 6.912369 3.904099 -0.368733 -0.122669 -0.057610 0.902264 -0.409332
1784010386.476551056 6.909351 3.900971 -0.368768 -0.122417 -0.057350 0.902427 -0.409086
1784010386.482434988 6.905011 3.896476 -0.368869 -0.122140 -0.057240 0.902656 -0.408678
1784010386.486954927 6.901659 3.893017 -0.368977 -0.122259 -0.057279 0.902789 -0.408342
1784010386.492440939 6.897600 3.888830 -0.369140 -0.122257 -0.057274 0.902976 -0.407932
1784010386.496762037 6.894401 3.885535 -0.369288 -0.122041 -0.057270 0.903153 -0.407603
1784010386.502275944 6.890301 3.881307 -0.369464 -0.122022 -0.057378 0.903347 -0.407164
1784010386.506758928 6.886950 3.877867 -0.369583 -0.122324 -0.057399 0.903456 -0.406829
1784010386.512619019 6.882599 3.873398 -0.369704 -0.122388 -0.057237 0.903643 -0.406417
1784010386.516654015 6.879626 3.870351 -0.369773 -0.122455 -0.057129 0.903768 -0.406135
1784010386.522049189 6.875658 3.866274 -0.369819 -0.122058 -0.057046 0.904004 -0.405740
1784010386.522049189 6.875658 3.866274 -0.369819 -0.122058 -0.057046 0.904004 -0.405740
1784010386.522473097 6.875350 3.865954 -0.369817 -0.122040 -0.057037 0.904022 -0.405706
1784010386.526702881 6.872274 3.862744 -0.369774 -0.121869 -0.056934 0.904208 -0.405357
1784010386.532442093 6.868119 3.858396 -0.369678 -0.121940 -0.056860 0.904432 -0.404847
1784010386.536803007 6.864968 3.855102 -0.369617 -0.121588 -0.056855 0.904653 -0.404459
1784010386.542181015 6.861059 3.851030 -0.369537 -0.121471 -0.056847 0.904882 -0.403981
1784010386.546659946 6.857766 3.847628 -0.369467 -0.121369 -0.056847 0.905071 -0.403590
1784010386.552505970 6.853459 3.843196 -0.369405 -0.121738 -0.056738 0.905259 -0.403071
1784010386.556638956 6.850414 3.840077 -0.369419 -0.121990 -0.056674 0.905388 -0.402716
1784010386.562527895 6.846071 3.835641 -0.369473 -0.122346 -0.056776 0.905583 -0.402154
1784010386.567085028 6.842686 3.832213 -0.369546 -0.122809 -0.056870 0.905707 -0.401719
1784010386.572263002 6.838831 3.828348 -0.369655 -0.123137 -0.056803 0.905899 -0.401195
1784010386.576734066 6.835495 3.825044 -0.369772 -0.123415 -0.056750 0.906063 -0.400747
1784010386.582380056 6.831278 3.820909 -0.369907 -0.123581 -0.056348 0.906327 -0.400155
1784010386.586714983 6.828025 3.817755 -0.369990 -0.123700 -0.056050 0.906526 -0.399710
1784010386.592421055 6.823741 3.813630 -0.370044 -0.123463 -0.055939 0.906863 -0.399033
1784010386.596837997 6.820412 3.810452 -0.370045 -0.123273 -0.055864 0.907120 -0.398519
1784010386.602646112 6.816028 3.806297 -0.369993 -0.123213 -0.055730 0.907459 -0.397782
1784010386.606652021 6.812986 3.803447 -0.369944 -0.123162 -0.055651 0.907688 -0.397286
1784010386.612529039 6.808506 3.799271 -0.369858 -0.122731 -0.055366 0.908108 -0.396499
1784010386.616687059 6.805307 3.796307 -0.369815 -0.122416 -0.055177 0.908399 -0.395955
1784010386.622313976 6.800959 3.792312 -0.369778 -0.122568 -0.055226 0.908738 -0.395123
1784010386.622313976 6.800959 3.792312 -0.369778 -0.122568 -0.055226 0.908738 -0.395123
1784010386.622454882 6.800851 3.792213 -0.369776 -0.122568 -0.055229 0.908747 -0.395101
1784010386.626568079 6.797696 3.789309 -0.369752 -0.122588 -0.055302 0.909003 -0.394498
1784010386.632467031 6.793149 3.785153 -0.369745 -0.122675 -0.054989 0.909381 -0.393641
1784010386.637096882 6.789546 3.781886 -0.369770 -0.122753 -0.054748 0.909671 -0.392980
1784010386.642519951 6.785312 3.778073 -0.369825 -0.123072 -0.054338 0.909995 -0.392186
1784010386.646719933 6.782023 3.775148 -0.369889 -0.123328 -0.054024 0.910239 -0.391581
1784010386.652486086 6.777487 3.771150 -0.369976 -0.123439 -0.053615 0.910638 -0.390675
1784010386.656667948 6.774160 3.768255 -0.370037 -0.123530 -0.053324 0.910919 -0.390030
1784010386.662421942 6.769575 3.764289 -0.370124 -0.123534 -0.053189 0.911357 -0.389022
1784010386.667051077 6.765886 3.761124 -0.370221 -0.123546 -0.053085 0.911704 -0.388221
1784010386.672534943 6.761503 3.757381 -0.370335 -0.123652 -0.052957 0.912113 -0.387241
1784010386.677032948 6.757877 3.754303 -0.370422 -0.123747 -0.052856 0.912443 -0.386446
1784010386.682322979 6.753601 3.750682 -0.370520 -0.124155 -0.052941 0.912802 -0.385455
1784010386.686532974 6.750193 3.747816 -0.370604 -0.124336 -0.052928 0.913107 -0.384674
1784010386.692451954 6.745399 3.743802 -0.370689 -0.124564 -0.052975 0.913570 -0.383492
1784010386.696858883 6.741810 3.740823 -0.370724 -0.124745 -0.053016 0.913907 -0.382625
1784010386.702423096 6.737271 3.737081 -0.370734 -0.124625 -0.052705 0.914391 -0.381550
1784010386.706525087 6.733917 3.734343 -0.370732 -0.124546 -0.052481 0.914740 -0.380768
1784010386.712450981 6.729070 3.730405 -0.370702 -0.124411 -0.052254 0.915264 -0.379584
1784010386.716837883 6.725460 3.727503 -0.370678 -0.124420 -0.052090 0.915638 -0.378699
1784010386.722002029 6.721191 3.724106 -0.370660 -0.124389 -0.051837 0.916092 -0.377645
1784010386.722002029 6.721191 3.724106 -0.370660 -0.124389 -0.051837 0.916092 -0.377645
1784010386.722310066 6.720939 3.723902 -0.370659 -0.124389 -0.051824 0.916118 -0.377583
1784010386.726880074 6.717187 3.720890 -0.370642 -0.124401 -0.051517 0.916511 -0.376667
1784010386.732464075 6.712585 3.717236 -0.370648 -0.124425 -0.051091 0.916993 -0.375541
1784010386.736937046 6.708874 3.714324 -0.370686 -0.124486 -0.050857 0.917365 -0.374644
1784010386.742336988 6.704369 3.710823 -0.370750 -0.124702 -0.050667 0.917802 -0.373525
1784010386.746500015 6.700874 3.708144 -0.370807 -0.124952 -0.050571 0.918130 -0.372650
1784010386.752418995 6.695889 3.704360 -0.370865 -0.125171 -0.050551 0.918632 -0.371338
1784010386.757021904 6.691994 3.701454 -0.370889 -0.125193 -0.050432 0.919049 -0.370314
1784010386.762140036 6.687653 3.698251 -0.370869 -0.125062 -0.050205 0.919543 -0.369161
1784010386.766422987 6.684004 3.695585 -0.370826 -0.124947 -0.050068 0.919962 -0.368174
1784010386.772083044 6.679165 3.692085 -0.370728 -0.124926 -0.049790 0.920515 -0.366834
1784010386.776696920 6.675210 3.689257 -0.370637 -0.124858 -0.049501 0.920974 -0.365742
1784010386.782613039 6.670124 3.685629 -0.370542 -0.124628 -0.049358 0.921595 -0.364274
1784010386.786633015 6.666641 3.683172 -0.370504 -0.124677 -0.049303 0.921988 -0.363267
1784010386.792275906 6.661743 3.679743 -0.370479 -0.124891 -0.049025 0.922525 -0.361864
1784010386.796463013 6.658100 3.677212 -0.370512 -0.124902 -0.048899 0.922942 -0.360814
1784010386.802454948 6.652853 3.673580 -0.370604 -0.125084 -0.048828 0.923530 -0.359252
1784010386.806618929 6.649176 3.671065 -0.370704 -0.125536 -0.048743 0.923884 -0.358194
1784010386.812572956 6.643924 3.667478 -0.370897 -0.126013 -0.048823 0.924424 -0.356619
1784010386.816668987 6.640306 3.665031 -0.371067 -0.126036 -0.048822 0.924838 -0.355536
1784010386.822256088 6.635355 3.661717 -0.371278 -0.126079 -0.048584 0.925405 -0.354074
1784010386.822256088 6.635355 3.661717 -0.371278 -0.126079 -0.048584 0.925405 -0.354074
1784010386.822442055 6.635191 3.661605 -0.371284 -0.126080 -0.048576 0.925426 -0.354022
1784010386.826536894 6.631571 3.659150 -0.371397 -0.126200 -0.048358 0.925849 -0.352900
1784010386.832448959 6.626336 3.655627 -0.371505 -0.126290 -0.047951 0.926492 -0.351231
1784010386.836859941 6.622422 3.653028 -0.371554 -0.126319 -0.047574 0.926958 -0.350040
1784010386.842478037 6.617435 3.649731 -0.371580 -0.126444 -0.047432 0.927558 -0.348423
1784010386.846725941 6.613651 3.647258 -0.371582 -0.126556 -0.047341 0.927999 -0.347218
1784010386.852380991 6.608600 3.643993 -0.371552 -0.126643 -0.047085 0.928605 -0.345596
1784010386.856746912 6.604688 3.641492 -0.371524 -0.126645 -0.046988 0.929076 -0.344342
1784010386.862471104 6.599544 3.638207 -0.371493 -0.126486 -0.047129 0.929720 -0.342638
1784010386.866481066 6.595916 3.635917 -0.371483 -0.126603 -0.047193 0.930129 -0.341473
1784010386.872265100 6.590667 3.632636 -0.371480 -0.127137 -0.047219 0.930695 -0.339726
1784010386.876631975 6.586686 3.630188 -0.371503 -0.127477 -0.047260 0.931129 -0.338401
1784010386.882481098 6.581337 3.626939 -0.371537 -0.127675 -0.047143 0.931770 -0.336572
1784010386.886526108 6.577619 3.624728 -0.371558 -0.127799 -0.046952 0.932207 -0.335341
1784010386.892417908 6.572192 3.621546 -0.371571 -0.127843 -0.046615 0.932890 -0.333465
1784010386.896730900 6.568200 3.619252 -0.371585 -0.127734 -0.046345 0.933408 -0.332092
1784010386.902614117 6.562729 3.616144 -0.371594 -0.127677 -0.046123 0.934121 -0.330136
1784010386.906553984 6.559040 3.614088 -0.371606 -0.127810 -0.045981 0.934566 -0.328842
1784010386.912460089 6.553497 3.611037 -0.371629 -0.128061 -0.045787 0.935254 -0.326809
1784010386.916846991 6.549367 3.608812 -0.371664 -0.128133 -0.045591 0.935777 -0.325306
1784010386.922352076 6.544180 3.606055 -0.371722 -0.128044 -0.045355 0.936471 -0.323372
1784010386.922352076 6.544180 3.606055 -0.371722 -0.128044 -0.045355 0.936471 -0.323372
1784010386.922426939 6.544111 3.606018 -0.371722 -0.128044 -0.045351 0.936480 -0.323347
1784010386.926693916 6.540145 3.603901 -0.371753 -0.127922 -0.045251 0.936987 -0.321937
1784010386.932430029 6.534806 3.601086 -0.371771 -0.127835 -0.045099 0.937663 -0.320019
1784010386.936728001 6.530789 3.598996 -0.371769 -0.127888 -0.044981 0.938148 -0.318591
1784010386.942257881 6.525613 3.596333 -0.371738 -0.127964 -0.044833 0.938765 -0.316758
1784010386.946471930 6.521653 3.594327 -0.371705 -0.128002 -0.044589 0.939236 -0.315379
1784010386.952394009 6.516083 3.591544 -0.371639 -0.128117 -0.044241 0.939893 -0.313415
1784010386.956758976 6.511954 3.589510 -0.371596 -0.128279 -0.044002 0.940365 -0.311966
1784010386.962559938 6.506451 3.586833 -0.371546 -0.128587 -0.043749 0.940980 -0.310013
1784010386.967031956 6.502193 3.584791 -0.371534 -0.128768 -0.043637 0.941465 -0.308476
1784010386.972512007 6.496967 3.582320 -0.371545 -0.128877 -0.043487 0.942080 -0.306568
1784010386.976701975 6.492947 3.580449 -0.371578 -0.129041 -0.043353 0.942537 -0.305112
1784010386.982446909 6.487423 3.577917 -0.371648 -0.129404 -0.043184 0.943152 -0.303075
1784010386.986705065 6.483316 3.576067 -0.371726 -0.129526 -0.043003 0.943626 -0.301570
1784010386.992419958 6.477774 3.573609 -0.371838 -0.129552 -0.042614 0.944285 -0.299543
1784010386.996874094 6.473412 3.571705 -0.371929 -0.129807 -0.042282 0.944761 -0.297976
1784010387.002329111 6.468070 3.569406 -0.372034 -0.130146 -0.041928 0.945335 -0.296049
1784010387.006695032 6.463794 3.567597 -0.372132 -0.130055 -0.041612 0.945850 -0.294486
1784010387.012609959 6.457980 3.565183 -0.372233 -0.130011 -0.041140 0.946549 -0.292319
1784010387.016707897 6.453926 3.563526 -0.372283 -0.130346 -0.040894 0.946974 -0.290822
1784010387.022175074 6.448523 3.561345 -0.372333 -0.130787 -0.040694 0.947547 -0.288780
1784010387.022175074 6.448523 3.561345 -0.372333 -0.130787 -0.040694 0.947547 -0.288780
1784010387.022561073 6.448145 3.561191 -0.372336 -0.130811 -0.040681 0.947588 -0.288634
1784010387.026675940 6.444121 3.559554 -0.372357 -0.130842 -0.040479 0.948073 -0.287054
1784010387.032455921 6.438455 3.557273 -0.372352 -0.131080 -0.040189 0.948723 -0.284829
1784010387.036881924 6.434095 3.555545 -0.372327 -0.131468 -0.040064 0.949183 -0.283130
1784010387.042589903 6.428468 3.553348 -0.372281 -0.131825 -0.039759 0.949801 -0.280925
1784010387.046406984 6.424702 3.551907 -0.372249 -0.131977 -0.039530 0.950221 -0.279464
1784010387.052495956 6.418703 3.549626 -0.372186 -0.132033 -0.039319 0.950922 -0.277072
1784010387.057050943 6.414193 3.547943 -0.372139 -0.131912 -0.039056 0.951461 -0.275309
1784010387.062249899 6.409023 3.546042 -0.372090 -0.131777 -0.038569 0.952075 -0.273313
1784010387.066746950 6.404542 3.544422 -0.372059 -0.131755 -0.038133 0.952585 -0.271602
1784010387.072444916 6.398874 3.542406 -0.372054 -0.131437 -0.037534 0.953273 -0.269418
1784010387.076716900 6.394607 3.540914 -0.372084 -0.131069 -0.037162 0.953804 -0.267766
1784010387.082386017 6.388916 3.538943 -0.372142 -0.130867 -0.036883 0.954467 -0.265529
1784010387.086767912 6.384493 3.537441 -0.372202 -0.130997 -0.036692 0.954934 -0.263808
1784010387.092253923 6.378961 3.535586 -0.372307 -0.130975 -0.036639 0.955555 -0.261569
1784010387.096590042 6.374587 3.534148 -0.372409 -0.130802 -0.036754 0.956070 -0.259750
1784010387.102394104 6.368719 3.532248 -0.372524 -0.130784 -0.036834 0.956732 -0.257299
1784010387.106796026 6.364245 3.530828 -0.372589 -0.131055 -0.036975 0.957193 -0.255419
1784010387.112447023 6.358503 3.529040 -0.372623 -0.131242 -0.036954 0.957811 -0.252997
1784010387.116698027 6.354174 3.527725 -0.372612 -0.131101 -0.036796 0.958306 -0.251211
1784010387.122117043 6.348632 3.526071 -0.372543 -0.130911 -0.036550 0.958943 -0.248908
1784010387.122117043 6.348632 3.526071 -0.372543 -0.130911 -0.036550 0.958943 -0.248908
1784010387.122433901 6.348309 3.525973 -0.372538 -0.130904 -0.036538 0.958978 -0.248779
1784010387.126528025 6.344141 3.524721 -0.372467 -0.131005 -0.036199 0.959395 -0.247161
1784010387.132457972 6.338123 3.522944 -0.372383 -0.130969 -0.035821 0.960027 -0.244771
1784010387.136846066 6.333670 3.521656 -0.372353 -0.130854 -0.035710 0.960511 -0.242942
1784010387.142318964 6.328096 3.520079 -0.372346 -0.130867 -0.035492 0.961089 -0.240668
1784010387.146425009 6.323896 3.518922 -0.372367 -0.131054 -0.035243 0.961488 -0.239004
1784010387.152268887 6.317915 3.517305 -0.372459 -0.131126 -0.034876 0.962079 -0.236629
1784010387.156497002 6.313579 3.516160 -0.372569 -0.131172 -0.034632 0.962502 -0.234913
1784010387.162471056 6.307447 3.514563 -0.372763 -0.131466 -0.034484 0.963063 -0.232457
1784010387.166702986 6.303089 3.513455 -0.372915 -0.131765 -0.034384 0.963446 -0.230711
1784010387.171989918 6.297631 3.512099 -0.373083 -0.132098 -0.034124 0.963932 -0.228519
1784010387.176754951 6.292711 3.510912 -0.373188 -0.132375 -0.033810 0.964363 -0.226579
1784010387.182290077 6.287012 3.509580 -0.373252 -0.132324 -0.033258 0.964910 -0.224351
1784010387.186718941 6.282447 3.508543 -0.373262 -0.132112 -0.032730 0.965370 -0.222568
1784010387.192409039 6.276549 3.507214 -0.373224 -0.132103 -0.032318 0.965918 -0.220244
1784010387.196877003 6.271885 3.506183 -0.373166 -0.132362 -0.032039 0.966306 -0.218419
1784010387.202433109 6.266082 3.504931 -0.373096 -0.132520 -0.031591 0.966810 -0.216144
1784010387.206748009 6.261591 3.503985 -0.373066 -0.132413 -0.031367 0.967231 -0.214351
1784010387.212464094 6.255651 3.502750 -0.373058 -0.132066 -0.031324 0.967817 -0.211913
1784010387.216674089 6.251254 3.501857 -0.373068 -0.131899 -0.031253 0.968236 -0.210109
1784010387.222133160 6.245529 3.500714 -0.373088 -0.132010 -0.031011 0.968732 -0.207774
1784010387.222133160 6.245529 3.500714 -0.373088 -0.132010 -0.031011 0.968732 -0.207774
1784010387.222404957 6.245245 3.500656 -0.373089 -0.132017 -0.030997 0.968756 -0.207659
1784010387.226589918 6.240875 3.499782 -0.373112 -0.132153 -0.030788 0.969121 -0.205895
1784010387.232358932 6.234860 3.498606 -0.373163 -0.131919 -0.030432 0.969674 -0.203477
1784010387.236855030 6.230155 3.497716 -0.373206 -0.131822 -0.030069 0.970094 -0.201587
1784010387.242460012 6.224274 3.496633 -0.373244 -0.132136 -0.029632 0.970546 -0.199252
1784010387.246628046 6.219904 3.495852 -0.373275 -0.132241 -0.029360 0.970899 -0.197500
1784010387.252423048 6.213821 3.494789 -0.373327 -0.132068 -0.029089 0.971432 -0.195015
1784010387.256526947 6.209497 3.494055 -0.373364 -0.132094 -0.028916 0.971783 -0.193270
1784010387.262403965 6.203293 3.493031 -0.373424 -0.132365 -0.028550 0.972242 -0.190815
1784010387.266791105 6.198658 3.492289 -0.373492 -0.132520 -0.028339 0.972589 -0.188960
1784010387.272398949 6.192732 3.491362 -0.373592 -0.132756 -0.028094 0.973020 -0.186597
1784010387.276909113 6.187973 3.490641 -0.373663 -0.132995 -0.027927 0.973353 -0.184706
1784010387.282607079 6.181979 3.489763 -0.373739 -0.133000 -0.027826 0.973811 -0.182288
1784010387.286586046 6.177799 3.489177 -0.373771 -0.132782 -0.027648 0.974160 -0.180599
1784010387.292447090 6.171622 3.488339 -0.373765 -0.132535 -0.027279 0.974660 -0.178124
1784010387.296809912 6.167000 3.487730 -0.373737 -0.132408 -0.027070 0.975018 -0.176281
1784010387.302447081 6.161028 3.486969 -0.373705 -0.132166 -0.026710 0.975482 -0.173938
1784010387.307009935 6.156205 3.486383 -0.373699 -0.131993 -0.026422 0.975852 -0.172026
1784010387.312284946 6.150609 3.485735 -0.373723 -0.131934 -0.026169 0.976263 -0.169761
1784010387.316626072 6.145972 3.485226 -0.373762 -0.132120 -0.025867 0.976568 -0.167899
1784010387.322166204 6.140046 3.484606 -0.373834 -0.132599 -0.025346 0.976911 -0.165589
1784010387.322166204 6.140046 3.484606 -0.373834 -0.132599 -0.025346 0.976911 -0.165589
1784010387.322453976 6.139738 3.484574 -0.373838 -0.132623 -0.025326 0.976929 -0.165468
1784010387.326673985 6.135232 3.484116 -0.373900 -0.132800 -0.025145 0.977210 -0.163684
1784010387.332413912 6.129098 3.483528 -0.373992 -0.132870 -0.024966 0.977613 -0.161232
1784010387.336879969 6.124315 3.483104 -0.374049 -0.133140 -0.024710 0.977894 -0.159329
1784010387.342420101 6.118390 3.482621 -0.374086 -0.133614 -0.024295 0.978216 -0.157003
1784010387.346585035 6.113954 3.482288 -0.374105 -0.133584 -0.023971 0.978511 -0.155232
1784010387.352408886 6.107757 3.481854 -0.374103 -0.133190 -0.023672 0.978967 -0.152719
1784010387.356750011 6.103133 3.481562 -0.374084 -0.132962 -0.023358 0.979295 -0.150851
1784010387.362145901 6.097380 3.481226 -0.374064 -0.132761 -0.022923 0.979687 -0.148537
1784010387.366604090 6.092627 3.480965 -0.374075 -0.132589 -0.022706 0.980010 -0.146579
1784010387.372350931 6.086493 3.480644 -0.374123 -0.132570 -0.022575 0.980394 -0.144027
1784010387.377166986 6.081339 3.480387 -0.374197 -0.132732 -0.022551 0.980685 -0.141880
1784010387.382148981 6.075998 3.480136 -0.374298 -0.133020 -0.022556 0.980968 -0.139638
1784010387.386503935 6.071328 3.479927 -0.374399 -0.133275 -0.022585 0.981211 -0.137666
1784010387.392409086 6.064979 3.479650 -0.374535 -0.133494 -0.022851 0.981552 -0.134956
1784010387.396687031 6.060362 3.479467 -0.374619 -0.133629 -0.022915 0.981799 -0.132998
1784010387.402472019 6.054122 3.479251 -0.374681 -0.133849 -0.022694 0.982125 -0.130384
1784010387.406620026 6.049670 3.479121 -0.374698 -0.133823 -0.022520 0.982379 -0.128510
1784010387.412487030 6.043375 3.478967 -0.374687 -0.133402 -0.022207 0.982786 -0.125865
1784010387.416522026 6.039031 3.478880 -0.374665 -0.133257 -0.021938 0.983041 -0.124060
1784010387.421929121 6.033197 3.478780 -0.374633 -0.133390 -0.021815 0.983328 -0.121642
1784010387.421929121 6.033197 3.478780 -0.374633 -0.133390 -0.021815 0.983328 -0.121642
1784010387.422446012 6.032636 3.478770 -0.374630 -0.133406 -0.021789 0.983355 -0.121410
1784010387.426533937 6.028203 3.478697 -0.374612 -0.133388 -0.021495 0.983588 -0.119582
1784010387.432478905 6.021754 3.478628 -0.374623 -0.133106 -0.021016 0.983957 -0.116921
1784010387.436825991 6.017040 3.478605 -0.374667 -0.133003 -0.020857 0.984205 -0.114962
1784010387.442578077 6.010786 3.478601 -0.374753 -0.132974 -0.020613 0.984512 -0.112378
1784010387.446660995 6.006345 3.478620 -0.374835 -0.133072 -0.020512 0.984710 -0.110535
1784010387.452416897 6.000078 3.478669 -0.374936 -0.133393 -0.020435 0.984958 -0.107917
1784010387.456809044 5.995302 3.478742 -0.374987 -0.133589 -0.020242 0.985150 -0.105944
1784010387.462174892 5.989464 3.478873 -0.374984 -0.133648 -0.019754 0.985405 -0.103558
1784010387.466681004 5.984573 3.479014 -0.374928 -0.133727 -0.019263 0.985611 -0.101573
1784010387.472383022 5.978401 3.479216 -0.374805 -0.133708 -0.018798 0.985881 -0.099033
1784010387.477143049 5.973251 3.479411 -0.374690 -0.133545 -0.018506 0.986122 -0.096881
1784010387.482072115 5.967904 3.479644 -0.374568 -0.133503 -0.018152 0.986352 -0.094648
1784010387.486819029 5.962750 3.479898 -0.374465 -0.133676 -0.017764 0.986539 -0.092503
1784010387.492099047 5.957021 3.480213 -0.374401 -0.133742 -0.017320 0.986761 -0.090092
1784010387.496524096 5.952226 3.480505 -0.374398 -0.133642 -0.016958 0.986963 -0.088064
1784010387.502429008 5.945818 3.480925 -0.374437 -0.133591 -0.016397 0.987218 -0.085351
1784010387.506434917 5.941469 3.481235 -0.374494 -0.133659 -0.016015 0.987372 -0.083516
1784010387.512444019 5.934945 3.481727 -0.374601 -0.133700 -0.015443 0.987609 -0.080712
1784010387.516746998 5.930290 3.482106 -0.374693 -0.133630 -0.015063 0.987786 -0.078709
1784010387.522199154 5.924392 3.482612 -0.374807 -0.133401 -0.014669 0.988022 -0.076163
1784010387.522199154 5.924392 3.482612 -0.374807 -0.133401 -0.014669 0.988022 -0.076163
1784010387.522284031 5.924299 3.482620 -0.374809 -0.133392 -0.014665 0.988027 -0.076122
1784010387.526571035 5.919627 3.483021 -0.374884 -0.133162 -0.014403 0.988215 -0.074106
1784010387.532438040 5.913233 3.483606 -0.374957 -0.133056 -0.013865 0.988438 -0.071374
1784010387.536890984 5.908395 3.484077 -0.375000 -0.133086 -0.013516 0.988585 -0.069314
1784010387.542393923 5.902427 3.484677 -0.375041 -0.133041 -0.013238 0.988772 -0.066739
1784010387.546454906 5.898029 3.485140 -0.375058 -0.133063 -0.013065 0.988897 -0.064861
1784010387.552386999 5.891593 3.485840 -0.375054 -0.133185 -0.012819 0.989061 -0.062103
1784010387.556807041 5.886802 3.486387 -0.375035 -0.133260 -0.012628 0.989178 -0.060068
1784010387.562427998 5.880733 3.487101 -0.375007 -0.133058 -0.012436 0.989362 -0.057472
1784010387.566490889 5.876362 3.487636 -0.374990 -0.132795 -0.012379 0.989506 -0.055581
1784010387.572381020 5.869994 3.488435 -0.374958 -0.132455 -0.012226 0.989704 -0.052841
1784010387.576479912 5.865541 3.489015 -0.374928 -0.132543 -0.011972 0.989793 -0.050981
1784010387.582191944 5.859353 3.489840 -0.374899 -0.132611 -0.011664 0.989918 -0.048383
1784010387.586627960 5.854580 3.490506 -0.374902 -0.132273 -0.011479 0.990063 -0.046346
1784010387.592427015 5.848328 3.491410 -0.374925 -0.131721 -0.011228 0.990261 -0.043655
1784010387.596582890 5.843828 3.492086 -0.374945 -0.131764 -0.011008 0.990340 -0.041752
1784010387.602277994 5.837660 3.493039 -0.374990 -0.131963 -0.010714 0.990424 -0.039128
1784010387.606400013 5.833215 3.493755 -0.375043 -0.131832 -0.010571 0.990517 -0.037213
1784010387.612159967 5.827003 3.494792 -0.375117 -0.131518 -0.010246 0.990658 -0.034557
1784010387.616676092 5.822122 3.495643 -0.375152 -0.131641 -0.009840 0.990715 -0.032512
1784010387.622215033 5.816132 3.496719 -0.375167 -0.131993 -0.009291 0.990753 -0.030011
1784010387.622318029 5.816020 3.496739 -0.375166 -0.131992 -0.009283 0.990754 -0.029963
1784010387.622318029 5.816020 3.496739 -0.375166 -0.131992 -0.009283 0.990754 -0.029963
1784010387.626533031 5.811467 3.497561 -0.375143 -0.132288 -0.008906 0.990775 -0.028045
1784010387.632415056 5.805154 3.498729 -0.375050 -0.132436 -0.008722 0.990830 -0.025301
1784010387.636831999 5.800443 3.499637 -0.374944 -0.132326 -0.008587 0.990897 -0.023233
1784010387.642376900 5.794541 3.500817 -0.374765 -0.132082 -0.008168 0.990990 -0.020646
1784010387.646692038 5.789954 3.501754 -0.374626 -0.131917 -0.007965 0.991054 -0.018615
1784010387.652520895 5.783738 3.503037 -0.374461 -0.131706 -0.007828 0.991131 -0.015840
1784010387.656608105 5.779370 3.503958 -0.374391 -0.131622 -0.007624 0.991173 -0.013935
1784010387.662461042 5.773108 3.505301 -0.374358 -0.131884 -0.007379 0.991175 -0.011182
1784010387.666625977 5.768660 3.506280 -0.374406 -0.132093 -0.007163 0.991168 -0.009237
1784010387.672447920 5.762421 3.507672 -0.374541 -0.132480 -0.006969 0.991140 -0.006470
1784010387.676390886 5.758189 3.508631 -0.374677 -0.132856 -0.006945 0.991100 -0.004593
1784010387.682107925 5.752062 3.510058 -0.374875 -0.133333 -0.006658 0.991047 -0.001890
1784010387.686638117 5.747229 3.511221 -0.375024 -0.133471 -0.006304 0.991033 0.000231
1784010387.692393064 5.741108 3.512727 -0.375148 -0.133544 -0.005814 0.991022 0.002918
1784010387.696877003 5.736349 3.513925 -0.375200 -0.133525 -0.005369 0.991018 0.004974
1784010387.702208042 5.730685 3.515370 -0.375211 -0.133610 -0.005010 0.990993 0.007454
1784010387.706443071 5.726192 3.516540 -0.375203 -0.133757 -0.004755 0.990958 0.009427
1784010387.712409019 5.719878 3.518230 -0.375174 -0.133923 -0.004266 0.990907 0.012207
1784010387.716810942 5.715230 3.519505 -0.375178 -0.133957 -0.004080 0.990876 0.014276
1784010387.722115993 5.709626 3.521061 -0.375210 -0.134100 -0.003938 0.990818 0.016793
1784010387.722115993 5.709626 3.521061 -0.375210 -0.134100 -0.003938 0.990818 0.016793
1784010387.722383976 5.709342 3.521141 -0.375210 -0.134098 -0.003930 0.990816 0.016915
1784010387.726505995 5.704973 3.522369 -0.375236 -0.134215 -0.003752 0.990767 0.018791
1784010387.732400894 5.698711 3.524147 -0.375302 -0.134579 -0.003526 0.990663 0.021493
1784010387.736733913 5.694101 3.525473 -0.375367 -0.134997 -0.003321 0.990562 0.023475
1784010387.742415905 5.688076 3.527246 -0.375424 -0.135398 -0.002861 0.990445 0.026035
1784010387.746604919 5.683657 3.528580 -0.375444 -0.135478 -0.002399 0.990384 0.027909
1784010387.752533913 5.677435 3.530485 -0.375422 -0.135389 -0.001828 0.990319 0.030574
1784010387.756611109 5.673184 3.531801 -0.375389 -0.135326 -0.001563 0.990269 0.032421
1784010387.762370110 5.667197 3.533688 -0.375312 -0.135109 -0.001272 0.990209 0.035076
1784010387.766635895 5.662760 3.535118 -0.375248 -0.135029 -0.000956 0.990149 0.037034
1784010387.772376060 5.656801 3.537077 -0.375152 -0.135126 -0.000293 0.990036 0.039611
1784010387.776459932 5.652585 3.538488 -0.375095 -0.135211 0.000176 0.989950 0.041443
1784010387.782232046 5.646654 3.540511 -0.375033 -0.134710 0.000546 0.989905 0.044059
1784010387.786573887 5.642215 3.542057 -0.375019 -0.134443 0.000881 0.989852 0.046009
1784010387.792198896 5.636457 3.544090 -0.375007 -0.134531 0.001311 0.989719 0.048533
1784010387.796704054 5.631845 3.545740 -0.375003 -0.134625 0.001559 0.989603 0.050588
1784010387.802428007 5.626035 3.547860 -0.375000 -0.134235 0.001810 0.989518 0.053223
1784010387.806735992 5.621693 3.549473 -0.375005 -0.133758 0.001836 0.989472 0.055233
1784010387.812391043 5.615984 3.551631 -0.374986 -0.133333 0.001982 0.989379 0.057862
1784010387.816677094 5.611640 3.553308 -0.374953 -0.133023 0.002090 0.989302 0.059852
1784010387.822198153 5.606046 3.555495 -0.374898 -0.133376 0.002489 0.989098 0.062367
1784010387.822198153 5.606046 3.555495 -0.374898 -0.133376 0.002489 0.989098 0.062367
1784010387.822391987 5.605849 3.555570 -0.374897 -0.133387 0.002499 0.989091 0.062458
1784010387.826556921 5.601630 3.557197 -0.374869 -0.133638 0.002716 0.988931 0.064408
1784010387.832386017 5.595732 3.559491 -0.374835 -0.133586 0.002992 0.988755 0.067155
1784010387.836776018 5.591294 3.561252 -0.374809 -0.133567 0.003214 0.988615 0.069210
1784010387.842259884 5.585760 3.563475 -0.374794 -0.133735 0.003539 0.988407 0.071792
1784010387.846636057 5.581363 3.565274 -0.374808 -0.133885 0.003808 0.988235 0.073841
1784010387.852365017 5.575620 3.567650 -0.374839 -0.133863 0.004095 0.988030 0.076558
1784010387.856684923 5.571301 3.569468 -0.374858 -0.133866 0.004324 0.987869 0.078593
1784010387.862375021 5.565623 3.571888 -0.374890 -0.133659 0.004763 0.987679 0.081261
1784010387.866647005 5.561374 3.573736 -0.374928 -0.133523 0.005106 0.987530 0.083251
1784010387.872433901 5.555634 3.576252 -0.374993 -0.133328 0.005451 0.987320 0.085988
1784010387.876400948 5.551715 3.577990 -0.375045 -0.133218 0.005703 0.987169 0.087848
1784010387.882232904 5.545964 3.580559 -0.375122 -0.132893 0.005886 0.986960 0.090630
1784010387.886604071 5.541667 3.582515 -0.375177 -0.132671 0.006037 0.986797 0.092700
1784010387.892371893 5.536002 3.585118 -0.375246 -0.132634 0.006277 0.986545 0.095386
1784010387.896506071 5.531951 3.587008 -0.375297 -0.132630 0.006464 0.986357 0.097297
1784010387.902472019 5.526118 3.589751 -0.375339 -0.132787 0.007109 0.986064 0.099976
1784010387.906754971 5.521954 3.591743 -0.375334 -0.132924 0.007587 0.985847 0.101883
1784010387.912378073 5.516506 3.594380 -0.375284 -0.132854 0.007942 0.985583 0.104460
1784010387.916795015 5.512245 3.596480 -0.375214 -0.132818 0.008233 0.985371 0.106472
1784010387.922008038 5.507240 3.598980 -0.375106 -0.132685 0.008506 0.985122 0.108893
1784010387.922008038 5.507240 3.598980 -0.375106 -0.132685 0.008506 0.985122 0.108893
1784010387.922249079 5.507007 3.599093 -0.375099 -0.132683 0.008526 0.985110 0.108999
1784010387.926682949 5.502737 3.601176 -0.374968 -0.132651 0.008891 0.984894 0.110941
1784010387.932403088 5.497245 3.603874 -0.374800 -0.132288 0.009103 0.984648 0.113517
1784010387.936695099 5.493135 3.605917 -0.374699 -0.132022 0.009249 0.984456 0.115457
1784010387.942513943 5.487565 3.608706 -0.374603 -0.131901 0.009657 0.984159 0.118066
1784010387.946614981 5.483647 3.610703 -0.374583 -0.131824 0.009929 0.983943 0.119915
1784010387.952349901 5.478172 3.613510 -0.374613 -0.131838 0.010262 0.983617 0.122516
1784010387.956773043 5.473961 3.615692 -0.374689 -0.131856 0.010506 0.983360 0.124530
1784010387.962086916 5.468901 3.618332 -0.374834 -0.131920 0.010715 0.983039 0.126951
1784010387.966840029 5.464378 3.620722 -0.374997 -0.132108 0.010998 0.982730 0.129106
1784010387.972126007 5.459372 3.623398 -0.375174 -0.132302 0.011457 0.982386 0.131467
1784010387.976363897 5.455383 3.625559 -0.375300 -0.132262 0.011728 0.982132 0.133364
1784010387.982042074 5.450043 3.628465 -0.375394 -0.132000 0.012151 0.981815 0.135899
1784010387.986500978 5.445869 3.630759 -0.375399 -0.131933 0.012436 0.981545 0.137873
1784010387.992383957 5.440390 3.633788 -0.375321 -0.131806 0.012659 0.981192 0.140464
1784010387.996501923 5.436573 3.635933 -0.375232 -0.131590 0.012775 0.980952 0.142318
1784010388.002191067 5.431304 3.638919 -0.375077 -0.131413 0.013068 0.980602 0.144845
1784010388.006556034 5.427282 3.641233 -0.374963 -0.131343 0.013308 0.980323 0.146764
1784010388.012375116 5.421935 3.644329 -0.374858 -0.131103 0.013564 0.979966 0.149317
1784010388.016638994 5.418024 3.646624 -0.374831 -0.131044 0.013797 0.979684 0.151184
1784010388.022212029 5.412911 3.649638 -0.374846 -0.131337 0.014291 0.979266 0.153570
1784010388.022212029 5.412911 3.649638 -0.374846 -0.131337 0.014291 0.979266 0.153570
1784010388.022398949 5.412737 3.649735 -0.374846 -0.131345 0.014305 0.979252 0.153651
1784010388.026573896 5.408862 3.651918 -0.374868 -0.131593 0.014439 0.978927 0.155492
1784010388.032355070 5.403520 3.654960 -0.374927 -0.131629 0.014791 0.978508 0.158040
1784010388.036751986 5.399494 3.657308 -0.374975 -0.131489 0.015323 0.978215 0.159911
1784010388.042154074 5.394565 3.660198 -0.375018 -0.131271 0.015736 0.977858 0.162218
1784010388.046849012 5.390297 3.662731 -0.375040 -0.131035 0.016131 0.977548 0.164221
1784010388.052350044 5.385310 3.665703 -0.375025 -0.130889 0.016704 0.977168 0.166526
1784010388.056689978 5.381392 3.668066 -0.374995 -0.130905 0.016924 0.976845 0.168376
1784010388.062378883 5.376268 3.671196 -0.374926 -0.130750 0.017425 0.976441 0.170776
1784010388.066690922 5.372413 3.673604 -0.374862 -0.130569 0.017981 0.976140 0.172567
1784010388.072355032 5.367374 3.676760 -0.374791 -0.130377 0.018417 0.975739 0.174919
1784010388.076708078 5.363517 3.679213 -0.374757 -0.130184 0.018630 0.975427 0.176768
1784010388.082411051 5.358458 3.682450 -0.374713 -0.130185 0.019120 0.974977 0.179183
1784010388.086616039 5.354745 3.684862 -0.374684 -0.130412 0.019445 0.974607 0.180988
1784010388.092394114 5.349673 3.688182 -0.374642 -0.130425 0.019866 0.974130 0.183481
1784010388.096652031 5.345968 3.690654 -0.374620 -0.130115 0.020242 0.973817 0.185311
1784010388.102348089 5.341028 3.693934 -0.374591 -0.129821 0.020477 0.973373 0.187806
1784010388.106365919 5.337568 3.696259 -0.374577 -0.129697 0.020575 0.973045 0.189576
1784010388.112458944 5.332316 3.699794 -0.374552 -0.129478 0.021034 0.972551 0.192192
1784010388.116836071 5.328549 3.702353 -0.374542 -0.129557 0.021327 0.972165 0.194049
1784010388.122029066 5.324097 3.705374 -0.374541 -0.129653 0.021425 0.971703 0.196275
1784010388.122029066 5.324097 3.705374 -0.374541 -0.129653 0.021425 0.971703 0.196275
1784010388.122363091 5.323809 3.705561 -0.374541 -0.129664 0.021426 0.971677 0.196399
1784010388.126637936 5.320132 3.707967 -0.374547 -0.129607 0.021539 0.971375 0.197913
1784010388.132376909 5.315198 3.711213 -0.374545 -0.129655 0.022014 0.970977 0.199771
1784010388.136696100 5.311491 3.713656 -0.374540 -0.129863 0.022344 0.970648 0.201196
1784010388.142503023 5.306534 3.716922 -0.374538 -0.129804 0.022568 0.970277 0.202986
1784010388.146420956 5.303200 3.719135 -0.374538 -0.129646 0.022850 0.970031 0.204229
1784010388.152365923 5.298138 3.722474 -0.374501 -0.129670 0.023409 0.969670 0.205860
1784010388.156847000 5.294332 3.724982 -0.374463 -0.129666 0.023645 0.969391 0.207145
1784010388.162338018 5.289685 3.728043 -0.374407 -0.129295 0.023856 0.969117 0.208629
1784010388.166728973 5.285973 3.730481 -0.374351 -0.128987 0.023991 0.968897 0.209820
1784010388.172158003 5.281374 3.733466 -0.374279 -0.128901 0.023834 0.968611 0.211209
1784010388.176529884 5.277664 3.735866 -0.374232 -0.128757 0.023793 0.968387 0.212325
1784010388.182205915 5.272839 3.738966 -0.374163 -0.128666 0.023924 0.968113 0.213611
1784010388.186537981 5.269151 3.741323 -0.374115 -0.128819 0.024050 0.967872 0.214596
1784010388.192387104 5.264165 3.744483 -0.374061 -0.128915 0.024226 0.967596 0.215758
1784010388.196619034 5.260556 3.746767 -0.374028 -0.128924 0.024502 0.967397 0.216613
1784010388.202411890 5.255619 3.749862 -0.373971 -0.129062 0.024940 0.967147 0.217593
1784010388.206917048 5.251777 3.752256 -0.373926 -0.129137 0.025186 0.966953 0.218381
1784010388.212332964 5.247149 3.755117 -0.373870 -0.129165 0.025504 0.966754 0.219210
1784010388.216331005 5.243738 3.757217 -0.373827 -0.129239 0.025866 0.966597 0.219816
1784010388.222074032 5.238861 3.760184 -0.373751 -0.129288 0.026183 0.966412 0.220558
1784010388.222074032 5.238861 3.760184 -0.373751 -0.129288 0.026183 0.966412 0.220558
1784010388.222337961 5.238639 3.760320 -0.373751 -0.129289 0.026198 0.966402 0.220601
1784010388.226614952 5.235046 3.762510 -0.373752 -0.129014 0.026370 0.966291 0.221226
1784010388.232377052 5.230197 3.765433 -0.373765 -0.128655 0.026734 0.966183 0.221862
1784010388.236794949 5.226467 3.767632 -0.373775 -0.128581 0.026819 0.966072 0.222379
1784010388.242346048 5.221772 3.770349 -0.373838 -0.128261 0.026724 0.965992 0.222921
1784010388.246583939 5.218160 3.772398 -0.373904 -0.127998 0.026744 0.965943 0.223283
1784010388.252258062 5.213291 3.775095 -0.374033 -0.128146 0.026677 0.965849 0.223611
1784010388.256581068 5.209547 3.777115 -0.374148 -0.128233 0.026557 0.965782 0.223866
1784010388.262504101 5.204377 3.779853 -0.374333 -0.128289 0.026375 0.965741 0.224032
1784010388.266483068 5.200880 3.781666 -0.374434 -0.128577 0.026332 0.965673 0.224165
1784010388.272383928 5.195724 3.784298 -0.374584 -0.128759 0.026170 0.965648 0.224188
1784010388.276639938 5.192011 3.786153 -0.374664 -0.128477 0.025968 0.965679 0.224239
1784010388.282442093 5.186949 3.788636 -0.374722 -0.128273 0.025753 0.965739 0.224123
1784010388.286717892 5.183211 3.790432 -0.374701 -0.128323 0.025731 0.965760 0.224006
1784010388.292500973 5.178155 3.792807 -0.374661 -0.128098 0.025423 0.965858 0.223748
1784010388.296571970 5.174583 3.794451 -0.374616 -0.127929 0.025180 0.965922 0.223594
1784010388.302242994 5.169618 3.796718 -0.374569 -0.128000 0.025002 0.966002 0.223228
1784010388.306523085 5.165876 3.798411 -0.374546 -0.128071 0.024923 0.966050 0.222987
1784010388.312345982 5.160792 3.800693 -0.374586 -0.127944 0.024654 0.966170 0.222572
1784010388.316478968 5.157175 3.802299 -0.374640 -0.128051 0.024442 0.966216 0.222332
1784010388.322159052 5.152224 3.804493 -0.374763 -0.128390 0.024233 0.966277 0.221896
1784010388.322159052 5.152224 3.804493 -0.374763 -0.128390 0.024233 0.966277 0.221896
1784010388.322397947 5.152019 3.804587 -0.374765 -0.128408 0.024233 0.966275 0.221895
1784010388.326679945 5.148337 3.806266 -0.374820 -0.128534 0.024254 0.966263 0.221871
1784010388.332289934 5.143515 3.808459 -0.374906 -0.128655 0.024210 0.966257 0.221832
1784010388.336658955 5.139760 3.810156 -0.374969 -0.128895 0.024141 0.966230 0.221815
1784010388.342490911 5.134775 3.812406 -0.375014 -0.128991 0.023945 0.966227 0.221797
1784010388.346566916 5.131305 3.813973 -0.375017 -0.128741 0.023821 0.966265 0.221787
1784010388.352308989 5.126426 3.816179 -0.374953 -0.128553 0.023773 0.966307 0.221721
1784010388.356417894 5.122935 3.817749 -0.374874 -0.128545 0.023699 0.966320 0.221676
1784010388.362343073 5.117914 3.820012 -0.374735 -0.128380 0.023659 0.966367 0.221572
1784010388.366398096 5.114475 3.821562 -0.374636 -0.128367 0.023688 0.966387 0.221490
1784010388.372333050 5.109449 3.823838 -0.374490 -0.128686 0.023869 0.966375 0.221337
1784010388.376899004 5.105590 3.825596 -0.374406 -0.128805 0.024017 0.966382 0.221221
1784010388.382397890 5.100953 3.827719 -0.374338 -0.128868 0.024200 0.966397 0.221098
1784010388.386698008 5.097329 3.829380 -0.374313 -0.129064 0.024280 0.966386 0.221021
1784010388.392379999 5.092557 3.831576 -0.374307 -0.129271 0.024386 0.966378 0.220923
1784010388.396785975 5.088862 3.833282 -0.374331 -0.129244 0.024431 0.966392 0.220877
1784010388.402343035 5.084208 3.835444 -0.374364 -0.129300 0.024643 0.966398 0.220791
1784010388.406584978 5.080663 3.837094 -0.374393 -0.129375 0.024841 0.966397 0.220729
1784010388.412333965 5.075870 3.839325 -0.374438 -0.129109 0.024923 0.966444 0.220673
1784010388.416800022 5.072135 3.841064 -0.374481 -0.128782 0.024971 0.966497 0.220626
1784010388.422070026 5.067721 3.843123 -0.374522 -0.128789 0.025147 0.966505 0.220565
1784010388.422158003 5.067648 3.843157 -0.374523 -0.128790 0.025148 0.966505 0.220564
1784010388.422158003 5.067648 3.843157 -0.374523 -0.128790 0.025148 0.966505 0.220564
1784010388.426592112 5.063964 3.844865 -0.374521 -0.128669 0.025192 0.966530 0.220523
1784010388.432385921 5.059160 3.847089 -0.374527 -0.128101 0.025103 0.966620 0.220466
1784010388.436862946 5.055427 3.848815 -0.374528 -0.128035 0.025131 0.966638 0.220422
1784010388.442254066 5.050919 3.850897 -0.374495 -0.128554 0.025337 0.966583 0.220338
1784010388.446475983 5.047390 3.852526 -0.374462 -0.128751 0.025440 0.966566 0.220285
1784010388.452289104 5.042540 3.854754 -0.374388 -0.128771 0.025441 0.966577 0.220228
1784010388.456717014 5.038845 3.856447 -0.374317 -0.128987 0.025449 0.966554 0.220200
1784010388.461985111 5.034447 3.858461 -0.374217 -0.129218 0.025503 0.966531 0.220160
1784010388.466562033 5.030626 3.860212 -0.374139 -0.129196 0.025510 0.966540 0.220131
1784010388.472100973 5.026011 3.862324 -0.374050 -0.129144 0.025572 0.966557 0.220079
1784010388.476733923 5.022156 3.864088 -0.373995 -0.129138 0.025627 0.966565 0.220044
1784010388.482358932 5.017480 3.866234 -0.373952 -0.128923 0.025758 0.966610 0.219955
1784010388.487014055 5.013610 3.868015 -0.373938 -0.128712 0.025937 0.966653 0.219868
1784010388.492289066 5.009236 3.870028 -0.373932 -0.128568 0.026086 0.966690 0.219771
1784010388.496556997 5.005703 3.871654 -0.373941 -0.128279 0.026086 0.966744 0.219704
1784010388.502325058 5.000928 3.873853 -0.373941 -0.127798 0.026004 0.966835 0.219596
1784010388.506613970 4.997374 3.875493 -0.373936 -0.127657 0.025954 0.966870 0.219526
1784010388.512413979 4.992579 3.877703 -0.373906 -0.127477 0.025809 0.966922 0.219420
1784010388.516673088 4.989055 3.879326 -0.373881 -0.127261 0.025589 0.966970 0.219359
1784010388.522083998 4.984574 3.881392 -0.373813 -0.127231 0.025516 0.967007 0.219225
1784010388.522083998 4.984574 3.881392 -0.373813 -0.127231 0.025516 0.967007 0.219225
1784010388.522326946 4.984375 3.881484 -0.373809 -0.127234 0.025506 0.967007 0.219222
1784010388.526551008 4.980910 3.883074 -0.373743 -0.127458 0.025433 0.966995 0.219152
1784010388.532318115 4.976191 3.885249 -0.373631 -0.127563 0.025341 0.967006 0.219052
1784010388.536715984 4.972594 3.886919 -0.373537 -0.127626 0.025409 0.967020 0.218949
1784010388.542186975 4.968127 3.888999 -0.373407 -0.127949 0.025521 0.967006 0.218808
1784010388.546665907 4.964476 3.890705 -0.373309 -0.128126 0.025536 0.967004 0.218711
1784010388.552320957 4.959880 3.892865 -0.373196 -0.128116 0.025517 0.967030 0.218607
1784010388.556564093 4.956439 3.894494 -0.373124 -0.128148 0.025580 0.967043 0.218522
1784010388.562382936 4.951747 3.896720 -0.373035 -0.128075 0.025627 0.967074 0.218420
1784010388.566890001 4.948117 3.898447 -0.372993 -0.127769 0.025584 0.967130 0.218356
1784010388.572185993 4.943845 3.900484 -0.372961 -0.127477 0.025579 0.967187 0.218277
1784010388.576503038 4.940360 3.902146 -0.372954 -0.127420 0.025593 0.967209 0.218212
1784010388.582097054 4.935850 3.904293 -0.372980 -0.127217 0.025425 0.967248 0.218174
1784010388.586352110 4.932410 3.905928 -0.373030 -0.127043 0.025290 0.967279 0.218154
1784010388.592304945 4.927598 3.908208 -0.373108 -0.127188 0.025179 0.967273 0.218113
1784010388.596792936 4.923969 3.909921 -0.373182 -0.127354 0.025084 0.967260 0.218084
1784010388.602124929 4.919650 3.911945 -0.373272 -0.127422 0.024808 0.967259 0.218078
1784010388.606667995 4.915956 3.913669 -0.373329 -0.127717 0.024617 0.967229 0.218061
1784010388.612412930 4.911293 3.915842 -0.373348 -0.128196 0.024404 0.967178 0.218030
1784010388.616539001 4.907955 3.917400 -0.373336 -0.128177 0.024233 0.967187 0.218021
1784010388.622262001 4.903337 3.919549 -0.373274 -0.127882 0.023857 0.967233 0.218029
1784010388.622262001 4.903337 3.919549 -0.373274 -0.127882 0.023857 0.967233 0.218029
1784010388.622385979 4.903238 3.919595 -0.373271 -0.127873 0.023854 0.967234 0.218031
1784010388.626705885 4.899777 3.921196 -0.373191 -0.127766 0.023770 0.967244 0.218061
1784010388.632400036 4.895221 3.923301 -0.373061 -0.127566 0.023737 0.967263 0.218094
1784010388.636629105 4.891833 3.924865 -0.372968 -0.127393 0.023642 0.967281 0.218127
1784010388.642385006 4.887216 3.926999 -0.372848 -0.127429 0.023603 0.967267 0.218172
1784010388.646780968 4.883694 3.928636 -0.372777 -0.127550 0.023621 0.967245 0.218196
1784010388.652189016 4.879367 3.930657 -0.372728 -0.127454 0.023640 0.967244 0.218255
1784010388.656476021 4.875936 3.932263 -0.372724 -0.127428 0.023590 0.967240 0.218296
1784010388.662343025 4.871246 3.934461 -0.372746 -0.127586 0.023587 0.967206 0.218353
1784010388.666791916 4.867693 3.936131 -0.372791 -0.127627 0.023606 0.967192 0.218390
1784010388.672322035 4.863267 3.938209 -0.372863 -0.127653 0.023585 0.967178 0.218437
1784010388.676393986 4.860002 3.939741 -0.372918 -0.127864 0.023606 0.967147 0.218451
1784010388.682389975 4.855216 3.941988 -0.372972 -0.128038 0.023614 0.967116 0.218483
1784010388.686568975 4.851893 3.943551 -0.372992 -0.127845 0.023503 0.967138 0.218510
1784010388.692329884 4.847320 3.945703 -0.372955 -0.127606 0.023352 0.967162 0.218559
1784010388.696650028 4.843901 3.947318 -0.372881 -0.127570 0.023363 0.967168 0.218556
1784010388.702312946 4.839427 3.949425 -0.372744 -0.127291 0.023350 0.967205 0.218557
1784010388.706585884 4.836045 3.951014 -0.372626 -0.127092 0.023262 0.967234 0.218550
1784010388.712393999 4.831449 3.953181 -0.372443 -0.127159 0.023451 0.967232 0.218500
1784010388.716368914 4.828311 3.954670 -0.372329 -0.127197 0.023622 0.967238 0.218436
1784010388.722037077 4.823838 3.956798 -0.372202 -0.127051 0.023741 0.967261 0.218405
1784010388.722037077 4.823838 3.956798 -0.372202 -0.127051 0.023741 0.967261 0.218405
1784010388.722291946 4.823632 3.956892 -0.372197 -0.127048 0.023743 0.967263 0.218399
1784010388.726619959 4.820137 3.958499 -0.372126 -0.127136 0.023805 0.967274 0.218290
1784010388.732290030 4.815555 3.960600 -0.372065 -0.127342 0.023824 0.967278 0.218153
1784010388.736738920 4.811978 3.962250 -0.372054 -0.127267 0.023748 0.967306 0.218080
1784010388.742214918 4.807560 3.964290 -0.372056 -0.127163 0.023710 0.967343 0.217980
1784010388.746558905 4.804064 3.965916 -0.372059 -0.127286 0.023873 0.967346 0.217876
1784010388.752269983 4.799474 3.968046 -0.372071 -0.127231 0.023984 0.967377 0.217757
1784010388.756402969 4.796171 3.969586 -0.372094 -0.126871 0.023959 0.967440 0.217691
1784010388.762305975 4.791436 3.971792 -0.372107 -0.126549 0.024081 0.967508 0.217563
1784010388.766681910 4.787938 3.973427 -0.372114 -0.126553 0.024184 0.967524 0.217476
1784010388.772140980 4.783563 3.975459 -0.372132 -0.126306 0.024094 0.967576 0.217401
1784010388.776716948 4.779889 3.977168 -0.372146 -0.126167 0.024058 0.967613 0.217320
1784010388.782310963 4.775371 3.979262 -0.372132 -0.126631 0.024210 0.967578 0.217191
1784010388.786951065 4.771631 3.980996 -0.372113 -0.126995 0.024266 0.967545 0.217118
1784010388.792171955 4.767423 3.982940 -0.372083 -0.127072 0.024204 0.967548 0.217066
1784010388.796520948 4.763924 3.984557 -0.372044 -0.127345 0.024203 0.967523 0.217018
1784010388.802381992 4.759194 3.986729 -0.371970 -0.127906 0.024228 0.967459 0.216970
1784010388.806845903 4.755605 3.988380 -0.371925 -0.128039 0.024125 0.967447 0.216958
1784010388.812529087 4.751031 3.990478 -0.371869 -0.128000 0.024032 0.967462 0.216922
1784010388.816430092 4.747909 3.991920 -0.371837 -0.128075 0.024055 0.967460 0.216883
1784010388.822071075 4.743382 3.994003 -0.371808 -0.128076 0.024083 0.967473 0.216822
1784010388.822071075 4.743382 3.994003 -0.371808 -0.128076 0.024083 0.967473 0.216822
1784010388.822319984 4.743176 3.994096 -0.371807 -0.128074 0.024086 0.967474 0.216821
1784010388.826520920 4.739698 3.995657 -0.371793 -0.127850 0.024133 0.967512 0.216776
1784010388.832389116 4.734822 3.997839 -0.371780 -0.127630 0.024239 0.967558 0.216692
1784010388.836731911 4.731227 3.999449 -0.371781 -0.127495 0.024229 0.967591 0.216625
1784010388.842145920 4.726735 4.001459 -0.371787 -0.127122 0.024139 0.967659 0.216550
1784010388.846736908 4.722933 4.003161 -0.371790 -0.126899 0.024022 0.967706 0.216483
1784010388.852359056 4.718270 4.005242 -0.371777 -0.126806 0.023801 0.967741 0.216407
1784010388.856394053 4.714937 4.006732 -0.371761 -0.126696 0.023574 0.967771 0.216361
1784010388.862324953 4.710011 4.008933 -0.371695 -0.126670 0.023345 0.967800 0.216271
1784010388.866358042 4.706675 4.010432 -0.371624 -0.126847 0.023377 0.967798 0.216171
1784010388.872320890 4.701722 4.012653 -0.371493 -0.127038 0.023391 0.967808 0.216016
1784010388.876555920 4.698219 4.014234 -0.371395 -0.127069 0.023433 0.967827 0.215906
1784010388.882332087 4.693433 4.016401 -0.371240 -0.127307 0.023689 0.967833 0.215712
1784010388.886410952 4.690075 4.017929 -0.371135 -0.127492 0.023804 0.967833 0.215587
1784010388.892287970 4.685221 4.020138 -0.370999 -0.127423 0.023761 0.967871 0.215461
1784010388.896931887 4.681403 4.021892 -0.370906 -0.127340 0.023842 0.967905 0.215351
1784010388.901967049 4.677274 4.023798 -0.370812 -0.127348 0.024029 0.967927 0.215225
1784010388.906759024 4.673356 4.025612 -0.370748 -0.127131 0.024094 0.967976 0.215129
1784010388.912344933 4.668779 4.027733 -0.370702 -0.126660 0.024115 0.968059 0.215030
1784010388.916462898 4.665417 4.029297 -0.370689 -0.126492 0.024194 0.968096 0.214953
1784010388.922048092 4.660841 4.031418 -0.370697 -0.126345 0.024211 0.968131 0.214881
1784010388.922048092 4.660841 4.031418 -0.370697 -0.126345 0.024211 0.968131 0.214881
1784010388.922298908 4.660629 4.031514 -0.370699 -0.126340 0.024211 0.968132 0.214878
1784010388.926565886 4.657011 4.033154 -0.370736 -0.126154 0.024152 0.968165 0.214843
1784010388.932357073 4.652076 4.035383 -0.370798 -0.126140 0.024131 0.968183 0.214775
1784010388.936785936 4.648313 4.037083 -0.370850 -0.126315 0.024174 0.968171 0.214720
1784010388.942151070 4.643736 4.039139 -0.370919 -0.126413 0.024124 0.968173 0.214662
1784010388.946547985 4.639984 4.040821 -0.370967 -0.126607 0.024075 0.968158 0.214617
1784010388.952326059 4.635046 4.043022 -0.370994 -0.127136 0.024058 0.968103 0.214555
1784010388.956744909 4.631303 4.044687 -0.370999 -0.127273 0.023913 0.968095 0.214529
1784010388.962466002 4.626459 4.046832 -0.370974 -0.127017 0.023545 0.968138 0.214526
1784010388.966470957 4.623085 4.048329 -0.370926 -0.126941 0.023377 0.968154 0.214514
1784010388.972371101 4.618099 4.050537 -0.370811 -0.126897 0.023288 0.968174 0.214464
1784010388.976624966 4.614517 4.052127 -0.370720 -0.126668 0.023188 0.968213 0.214433
1784010388.982345104 4.609671 4.054274 -0.370595 -0.126554 0.023134 0.968240 0.214385
1784010388.986283064 4.606348 4.055752 -0.370519 -0.126717 0.023154 0.968227 0.214345
1784010388.992211103 4.601329 4.057984 -0.370448 -0.126766 0.023094 0.968230 0.214305
1784010388.996464014 4.597739 4.059590 -0.370435 -0.126703 0.022973 0.968242 0.214302
1784010389.002255917 4.592832 4.061787 -0.370439 -0.126925 0.022862 0.968218 0.214294
1784010389.006489038 4.589264 4.063394 -0.370464 -0.127015 0.022839 0.968212 0.214270
1784010389.012337923 4.584294 4.065631 -0.370527 -0.126879 0.022756 0.968237 0.214246
1784010389.016483068 4.580759 4.067228 -0.370578 -0.127064 0.022862 0.968220 0.214203
1784010389.022222996 4.575844 4.069441 -0.370635 -0.127685 0.023047 0.968154 0.214108
1784010389.022222996 4.575844 4.069441 -0.370635 -0.127685 0.023047 0.968154 0.214108
1784010389.022314072 4.575762 4.069476 -0.370635 -0.127695 0.023050 0.968153 0.214107
1784010389.026587963 4.572008 4.071117 -0.370676 -0.127714 0.022995 0.968158 0.214081
1784010389.032280922 4.567003 4.073302 -0.370694 -0.127282 0.022690 0.968222 0.214082
1784010389.036631107 4.563189 4.074980 -0.370654 -0.127190 0.022607 0.968243 0.214051
1784010389.042327881 4.558180 4.077183 -0.370539 -0.127210 0.022721 0.968257 0.213960
1784010389.046391964 4.554623 4.078753 -0.370432 -0.127226 0.022803 0.968268 0.213894
1784010389.052315950 4.549416 4.081047 -0.370242 -0.126918 0.022716 0.968331 0.213801
1784010389.056617022 4.545640 4.082723 -0.370099 -0.127007 0.022797 0.968337 0.213712
1784010389.062290907 4.540633 4.084959 -0.369929 -0.127232 0.023087 0.968332 0.213570
1784010389.066792965 4.536675 4.086738 -0.369824 -0.127306 0.023329 0.968338 0.213473
1784010389.072119951 4.531998 4.088834 -0.369742 -0.127319 0.023336 0.968351 0.213404
1784010389.076685905 4.527998 4.090633 -0.369705 -0.127226 0.023274 0.968374 0.213361
1784010389.082106113 4.523231 4.092789 -0.369676 -0.127227 0.023444 0.968385 0.213291
1784010389.086369038 4.519484 4.094500 -0.369662 -0.127228 0.023579 0.968394 0.213236
1784010389.091727018 4.514766 4.096654 -0.369657 -0.127131 0.023730 0.968410 0.213204
1784010389.096580029 4.510506 4.098596 -0.369672 -0.127043 0.023867 0.968425 0.213175
1784010389.102293015 4.505493 4.100882 -0.369691 -0.126712 0.023968 0.968471 0.213152
1784010389.106512070 4.501812 4.102572 -0.369697 -0.126468 0.024043 0.968505 0.213134
1784010389.112551928 4.496513 4.104992 -0.369702 -0.126241 0.023986 0.968534 0.213145
1784010389.116803885 4.492787 4.106694 -0.369701 -0.126216 0.023986 0.968540 0.213128
1784010389.122088194 4.488142 4.108811 -0.369675 -0.126492 0.024161 0.968509 0.213089
1784010389.122088194 4.488142 4.108811 -0.369675 -0.126492 0.024161 0.968509 0.213089
1784010389.122279882 4.487969 4.108888 -0.369674 -0.126503 0.024168 0.968507 0.213087
1784010389.126768112 4.483916 4.110690 -0.369638 -0.126748 0.024317 0.968481 0.213043
1784010389.132288933 4.478926 4.112907 -0.369565 -0.126925 0.024330 0.968464 0.213016
1784010389.136714935 4.474943 4.114684 -0.369480 -0.127065 0.024340 0.968450 0.212994
1784010389.142261982 4.469939 4.116909 -0.369361 -0.127337 0.024357 0.968418 0.212976
1784010389.146421909 4.466188 4.118571 -0.369280 -0.127540 0.024370 0.968394 0.212963
1784010389.152319908 4.460859 4.120926 -0.369168 -0.127663 0.024456 0.968380 0.212943
1784010389.156749964 4.456880 4.122694 -0.369087 -0.127753 0.024521 0.968370 0.212928
1784010389.162378073 4.451822 4.124945 -0.369004 -0.127517 0.024543 0.968402 0.212919
1784010389.166598082 4.448037 4.126636 -0.368969 -0.127339 0.024560 0.968426 0.212913
1784010389.172379017 4.442840 4.128952 -0.368947 -0.127241 0.024670 0.968446 0.212871
1784010389.176681042 4.438987 4.130667 -0.368949 -0.127166 0.024752 0.968460 0.212840
1784010389.182126999 4.434100 4.132839 -0.368949 -0.126826 0.024626 0.968514 0.212815
1784010389.186435938 4.430238 4.134562 -0.368939 -0.126555 0.024527 0.968556 0.212795
1784010389.191729069 4.425484 4.136678 -0.368908 -0.126492 0.024387 0.968578 0.212749
1784010389.196736097 4.420992 4.138672 -0.368865 -0.126508 0.024163 0.968589 0.212714
1784010389.202311039 4.415986 4.140895 -0.368785 -0.126610 0.024087 0.968599 0.212618
1784010389.206687927 4.412058 4.142648 -0.368686 -0.126689 0.024026 0.968606 0.212543
1784010389.212361097 4.406969 4.144925 -0.368531 -0.126994 0.024166 0.968594 0.212402
1784010389.216459036 4.403322 4.146565 -0.368416 -0.127213 0.024267 0.968585 0.212301
1784010389.222156048 4.398252 4.148848 -0.368251 -0.127391 0.024417 0.968589 0.212158
1784010389.222156048 4.398252 4.148848 -0.368251 -0.127391 0.024417 0.968589 0.212158
1784010389.222323895 4.398100 4.148916 -0.368247 -0.127395 0.024421 0.968589 0.212153
1784010389.226931095 4.393929 4.150782 -0.368135 -0.127516 0.024519 0.968598 0.212030
1784010389.232381105 4.389007 4.152995 -0.368011 -0.127522 0.024637 0.968618 0.211922
1784010389.236623049 4.385203 4.154720 -0.367922 -0.127530 0.024732 0.968632 0.211840
1784010389.242285967 4.380143 4.157025 -0.367829 -0.127394 0.024902 0.968668 0.211738
1784010389.246575117 4.376333 4.158766 -0.367782 -0.127210 0.024963 0.968703 0.211682
1784010389.252154112 4.371380 4.161031 -0.367758 -0.126845 0.024988 0.968761 0.211632
1784010389.256314039 4.367696 4.162720 -0.367762 -0.126634 0.025032 0.968796 0.211594
1784010389.262260914 4.362417 4.165138 -0.367796 -0.126492 0.025096 0.968822 0.211551
1784010389.266803026 4.358396 4.166977 -0.367844 -0.126381 0.025043 0.968840 0.211542
1784010389.272289991 4.353539 4.169193 -0.367918 -0.126197 0.025001 0.968870 0.211517
1784010389.276885033 4.349473 4.171050 -0.367979 -0.126210 0.025065 0.968877 0.211473
1784010389.282097101 4.344847 4.173155 -0.368039 -0.126434 0.025150 0.968858 0.211415
1784010389.286633968 4.340822 4.174982 -0.368079 -0.126628 0.025194 0.968842 0.211365
1784010389.291851997 4.336194 4.177070 -0.368108 -0.126792 0.025105 0.968831 0.211328
1784010389.296598911 4.331989 4.178960 -0.368115 -0.126903 0.024862 0.968823 0.211330
1784010389.302270889 4.326966 4.181219 -0.368092 -0.126921 0.024604 0.968823 0.211347
1784010389.306554079 4.323191 4.182920 -0.368050 -0.126852 0.024478 0.968833 0.211356
1784010389.312207937 4.318207 4.185157 -0.367971 -0.126599 0.024243 0.968869 0.211372
1784010389.316387892 4.314520 4.186812 -0.367899 -0.126387 0.024130 0.968899 0.211374
1784010389.322058201 4.309494 4.189074 -0.367789 -0.126413 0.024202 0.968903 0.211332
1784010389.322058201 4.309494 4.189074 -0.367789 -0.126413 0.024202 0.968903 0.211332
1784010389.322359085 4.309223 4.189194 -0.367782 -0.126414 0.024207 0.968903 0.211329
1784010389.326790094 4.305232 4.190958 -0.367688 -0.126543 0.024302 0.968891 0.211295
1784010389.332329988 4.300251 4.193156 -0.367613 -0.126419 0.024237 0.968911 0.211286
1784010389.336710930 4.296316 4.194896 -0.367584 -0.126341 0.024076 0.968925 0.211290
1784010389.342112064 4.291458 4.197051 -0.367565 -0.126527 0.023970 0.968905 0.211280
1784010389.346599102 4.287435 4.198845 -0.367572 -0.126598 0.023981 0.968900 0.211258
1784010389.352281094 4.282333 4.201122 -0.367606 -0.126455 0.023969 0.968924 0.211237
1784010389.356462955 4.278572 4.202806 -0.367635 -0.126525 0.024093 0.968922 0.211189
1784010389.362291098 4.273297 4.205166 -0.367663 -0.126860 0.024284 0.968895 0.211090
1784010389.366846085 4.269175 4.207014 -0.367684 -0.126972 0.024348 0.968893 0.211026
1784010389.372272968 4.264274 4.209206 -0.367679 -0.126834 0.024282 0.968925 0.210969
1784010389.376765013 4.260231 4.211017 -0.367640 -0.126664 0.024065 0.968959 0.210939
1784010389.382096052 4.255415 4.213180 -0.367544 -0.126313 0.023905 0.969022 0.210881
1784010389.386765957 4.251190 4.215086 -0.367422 -0.126105 0.024008 0.969068 0.210782
1784010389.392268896 4.246213 4.217323 -0.367259 -0.126106 0.024141 0.969096 0.210634
1784010389.396585941 4.242318 4.219073 -0.367144 -0.126003 0.024162 0.969131 0.210533
1784010389.402281046 4.237153 4.221402 -0.367013 -0.125876 0.024264 0.969176 0.210390
1784010389.406689882 4.233150 4.223220 -0.366928 -0.126093 0.024500 0.969173 0.210249
1784010389.412094116 4.228251 4.225446 -0.366854 -0.126301 0.024773 0.969175 0.210080
1784010389.416580915 4.224191 4.227288 -0.366832 -0.126064 0.024632 0.969225 0.210011
1784010389.422101974 4.219161 4.229574 -0.366822 -0.125759 0.024551 0.969289 0.209908
1784010389.422127008 4.219137 4.229584 -0.366821 -0.125760 0.024552 0.969289 0.209907
1784010389.422127008 4.219137 4.229584 -0.366821 -0.125760 0.024552 0.969289 0.209907
1784010389.426263094 4.215302 4.231309 -0.366812 -0.125918 0.024755 0.969279 0.209833
1784010389.432274103 4.209728 4.233814 -0.366822 -0.126019 0.025037 0.969276 0.209754
1784010389.436750889 4.205593 4.235677 -0.366859 -0.125648 0.025055 0.969327 0.209737
1784010389.442198038 4.200553 4.237949 -0.366905 -0.125301 0.025124 0.969377 0.209706
1784010389.446546078 4.196525 4.239771 -0.366934 -0.125325 0.025288 0.969379 0.209663
1784010389.452310085 4.191170 4.242187 -0.366977 -0.125365 0.025476 0.969379 0.209615
1784010389.456548929 4.187233 4.243957 -0.367008 -0.125352 0.025457 0.969384 0.209605
1784010389.462135077 4.182027 4.246287 -0.367017 -0.125567 0.025465 0.969361 0.209578
1784010389.466320992 4.178122 4.248037 -0.367004 -0.125831 0.025516 0.969331 0.209553
1784010389.472291946 4.172548 4.250526 -0.366952 -0.126127 0.025563 0.969294 0.209541
1784010389.476605892 4.168535 4.252316 -0.366898 -0.126238 0.025562 0.969281 0.209534
1784010389.482291937 4.163224 4.254673 -0.366824 -0.126432 0.025505 0.969256 0.209539
1784010389.486515045 4.159275 4.256427 -0.366777 -0.126663 0.025505 0.969228 0.209528
1784010389.492276907 4.153894 4.258817 -0.366724 -0.126844 0.025662 0.969205 0.209508
1784010389.497184992 4.149324 4.260849 -0.366711 -0.126766 0.025682 0.969218 0.209491
1784010389.501914024 4.144916 4.262808 -0.366725 -0.126625 0.025680 0.969242 0.209466
1784010389.506614923 4.140535 4.264758 -0.366754 -0.126537 0.025785 0.969262 0.209416
1784010389.512237072 4.135292 4.267084 -0.366809 -0.126325 0.025741 0.969298 0.209381
1784010389.516479969 4.131328 4.268841 -0.366862 -0.126074 0.025551 0.969338 0.209373
1784010389.522058010 4.126095 4.271158 -0.366912 -0.125957 0.025467 0.969370 0.209306
1784010389.522058010 4.126095 4.271158 -0.366912 -0.125957 0.025467 0.969370 0.209306
1784010389.522325039 4.125842 4.271269 -0.366913 -0.125950 0.025463 0.969372 0.209301
1784010389.526520967 4.121871 4.272995 -0.366920 -0.125959 0.025338 0.969388 0.209233
1784010389.532289982 4.116409 4.275357 -0.366914 -0.125686 0.024911 0.969451 0.209160
1784010389.536689043 4.112234 4.277167 -0.366887 -0.125581 0.024659 0.969487 0.209087
1784010389.542391062 4.106803 4.279531 -0.366791 -0.125974 0.024721 0.969472 0.208909
1784010389.546495914 4.102896 4.281241 -0.366703 -0.126304 0.024853 0.969459 0.208758
1784010389.552299976 4.097379 4.283651 -0.366569 -0.126465 0.024862 0.969475 0.208583
1784010389.556371927 4.093520 4.285343 -0.366473 -0.126544 0.024857 0.969492 0.208459
1784010389.562263966 4.087924 4.287808 -0.366319 -0.126739 0.024937 0.969507 0.208257
1784010389.566634893 4.083775 4.289649 -0.366213 -0.126875 0.025041 0.969516 0.208122
1784010389.572025061 4.078678 4.291917 -0.366107 -0.126746 0.025097 0.969562 0.207978
1784010389.576369047 4.074584 4.293747 -0.366049 -0.126438 0.025090 0.969623 0.207881
1784010389.582150936 4.069117 4.296194 -0.366005 -0.126107 0.025059 0.969692 0.207768
1784010389.586523056 4.064984 4.298055 -0.365998 -0.125993 0.025163 0.969725 0.207669
1784010389.592015028 4.059796 4.300388 -0.366022 -0.125734 0.025270 0.969779 0.207560
1784010389.597074986 4.055008 4.302536 -0.366084 -0.125429 0.025163 0.969834 0.207498
1784010389.601968050 4.050364 4.304621 -0.366152 -0.125347 0.025170 0.969860 0.207428
1784010389.606379986 4.046173 4.306507 -0.366212 -0.125479 0.025335 0.969857 0.207341
1784010389.612287045 4.040544 4.309025 -0.366298 -0.125630 0.025385 0.969857 0.207244
1784010389.616687059 4.036348 4.310892 -0.366360 -0.125746 0.025301 0.969855 0.207195
1784010389.621951103 4.031324 4.313113 -0.366412 -0.125997 0.025109 0.969838 0.207142
1784010389.621951103 4.031324 4.313113 -0.366412 -0.125997 0.025109 0.969838 0.207142
1784010389.622267008 4.031020 4.313245 -0.366415 -0.126013 0.025097 0.969837 0.207139
1784010389.626593113 4.026858 4.315049 -0.366433 -0.126199 0.024843 0.969822 0.207129
1784010389.632293940 4.021373 4.317422 -0.366414 -0.126319 0.024592 0.969818 0.207103
1784010389.636879921 4.016977 4.319326 -0.366363 -0.126336 0.024494 0.969829 0.207054
1784010389.642261028 4.011827 4.321550 -0.366273 -0.126136 0.024335 0.969871 0.206996
1784010389.646794081 4.007484 4.323426 -0.366177 -0.125924 0.024277 0.969914 0.206930
1784010389.652123928 4.002367 4.325637 -0.366055 -0.126017 0.024327 0.969924 0.206824
1784010389.656518936 3.998158 4.327458 -0.365973 -0.126200 0.024295 0.969914 0.206761
1784010389.662311077 3.992629 4.329849 -0.365909 -0.126138 0.024170 0.969938 0.206702
1784010389.666543007 3.988597 4.331599 -0.365894 -0.126055 0.023998 0.969961 0.206663
1784010389.672316074 3.983074 4.334004 -0.365897 -0.126120 0.023890 0.969971 0.206591
1784010389.676610947 3.978954 4.335811 -0.365922 -0.126287 0.023986 0.969965 0.206505
1784010389.682013988 3.973764 4.338085 -0.365982 -0.126538 0.024148 0.969956 0.206374
1784010389.686489105 3.969471 4.339963 -0.366050 -0.126741 0.024199 0.969953 0.206257
1784010389.692058086 3.964130 4.342293 -0.366132 -0.127009 0.024084 0.969947 0.206136
1784010389.696217060 3.960160 4.344032 -0.366170 -0.127131 0.024022 0.969952 0.206044
1784010389.702295065 3.954381 4.346567 -0.366148 -0.126887 0.024022 0.970014 0.205901
1784010389.706371069 3.950512 4.348267 -0.366090 -0.126609 0.023921 0.970070 0.205822
1784010389.712127924 3.945050 4.350661 -0.365950 -0.126341 0.023876 0.970135 0.205684
1784010389.716614962 3.940813 4.352519 -0.365825 -0.126247 0.023880 0.970176 0.205548
1784010389.721938133 3.935796 4.354718 -0.365685 -0.126167 0.023866 0.970215 0.205413
1784010389.721938133 3.935796 4.354718 -0.365685 -0.126167 0.023866 0.970215 0.205413
1784010389.722259045 3.935492 4.354850 -0.365675 -0.126163 0.023865 0.970217 0.205406
1784010389.726334095 3.931625 4.356528 -0.365557 -0.126196 0.023949 0.970234 0.205296
1784010389.732299089 3.925957 4.358987 -0.365401 -0.126368 0.024050 0.970248 0.205115
1784010389.736704111 3.921780 4.360806 -0.365316 -0.126420 0.024144 0.970268 0.204978
1784010389.742084026 3.916689 4.363022 -0.365248 -0.126306 0.024149 0.970310 0.204846
1784010389.746515989 3.912510 4.364844 -0.365222 -0.126203 0.024106 0.970346 0.204746
1784010389.752259970 3.907091 4.367215 -0.365206 -0.126016 0.024127 0.970396 0.204619
1784010389.756525040 3.903066 4.368987 -0.365209 -0.125973 0.024255 0.970420 0.204518
1784010389.762175083 3.897744 4.371331 -0.365214 -0.126008 0.024467 0.970437 0.204390
1784010389.766532898 3.893660 4.373131 -0.365229 -0.125874 0.024593 0.970475 0.204277
1784010389.772236109 3.888306 4.375486 -0.365245 -0.125597 0.024623 0.970532 0.204172
1784010389.776712894 3.884096 4.377338 -0.365243 -0.125679 0.024687 0.970538 0.204089
1784010389.782258987 3.878884 4.379624 -0.365211 -0.125963 0.024805 0.970517 0.203999
1784010389.786505938 3.874904 4.381361 -0.365180 -0.126013 0.024724 0.970522 0.203953
1784010389.792238951 3.869517 4.383697 -0.365103 -0.125976 0.024441 0.970538 0.203931
1784010389.796262026 3.865727 4.385349 -0.365021 -0.126117 0.024376 0.970527 0.203905
1784010389.802025080 3.860283 4.387727 -0.364886 -0.126445 0.024607 0.970498 0.203811
1784010389.806615114 3.855959 4.389614 -0.364801 -0.126557 0.024727 0.970496 0.203738
1784010389.812067986 3.850834 4.391837 -0.364738 -0.126503 0.024624 0.970514 0.203698
1784010389.816633940 3.846541 4.393706 -0.364714 -0.126406 0.024657 0.970539 0.203635
1784010389.821824074 3.841650 4.395844 -0.364703 -0.126471 0.024859 0.970549 0.203523
1784010389.821824074 3.841650 4.395844 -0.364703 -0.126471 0.024859 0.970549 0.203523
1784010389.822232962 3.841262 4.396011 -0.364702 -0.126476 0.024874 0.970550 0.203513
1784010389.826440096 3.837271 4.397722 -0.364704 -0.126507 0.025036 0.970562 0.203415
1784010389.832231998 3.831805 4.400045 -0.364741 -0.126139 0.024935 0.970636 0.203303
1784010389.836836100 3.827473 4.401873 -0.364789 -0.125817 0.024595 0.970697 0.203256
1784010389.841994047 3.822615 4.403924 -0.364817 -0.125772 0.024394 0.970726 0.203167
1784010389.846462965 3.818415 4.405703 -0.364808 -0.125859 0.024371 0.970737 0.203065
1784010389.852247000 3.812989 4.407988 -0.364759 -0.125750 0.024164 0.970779 0.202955
1784010389.856544018 3.808971 4.409676 -0.364698 -0.125649 0.023959 0.970815 0.202869
1784010389.862368107 3.803526 4.411969 -0.364568 -0.125750 0.023907 0.970838 0.202706
1784010389.866374016 3.799788 4.413554 -0.364460 -0.125943 0.024000 0.970837 0.202578
1784010389.872241974 3.794308 4.415875 -0.364289 -0.126232 0.024019 0.970834 0.202409
1784010389.876769066 3.790094 4.417666 -0.364157 -0.126352 0.024015 0.970846 0.202281
1784010389.882450104 3.784817 4.419910 -0.364001 -0.126360 0.023986 0.970878 0.202122
1784010389.886585951 3.780985 4.421549 -0.363902 -0.126299 0.023936 0.970907 0.202028
1784010389.892271042 3.775716 4.423814 -0.363785 -0.126083 0.023955 0.970962 0.201898
1784010389.897352934 3.771005 4.425854 -0.363709 -0.125849 0.024016 0.971014 0.201785
1784010389.902292013 3.766426 4.427842 -0.363670 -0.125685 0.024004 0.971051 0.201710
1784010389.906589985 3.762453 4.429572 -0.363665 -0.125489 0.024006 0.971088 0.201654
1784010389.912302017 3.757179 4.431867 -0.363692 -0.125099 0.024013 0.971154 0.201576
1784010389.916490078 3.753305 4.433554 -0.363732 -0.124935 0.023984 0.971186 0.201527
1784010389.922118902 3.748077 4.435825 -0.363781 -0.125085 0.024038 0.971181 0.201454
1784010389.922375202 3.747840 4.435929 -0.363783 -0.125094 0.024047 0.971180 0.201449
1784010389.922375202 3.747840 4.435929 -0.363783 -0.125094 0.024047 0.971180 0.201449
1784010389.926400900 3.744068 4.437534 -0.363804 -0.125261 0.024204 0.971172 0.201365
1784010389.932296991 3.738534 4.439866 -0.363835 -0.125335 0.024164 0.971183 0.201274
1784010389.936655045 3.734442 4.441580 -0.363849 -0.125457 0.023990 0.971180 0.201234
1784010389.942239046 3.729197 4.443765 -0.363836 -0.125703 0.023812 0.971163 0.201182
1784010389.946556091 3.725148 4.445443 -0.363814 -0.125813 0.023515 0.971158 0.201172
1784010389.952256918 3.719785 4.447656 -0.363754 -0.125730 0.023012 0.971178 0.201186
1784010389.956342936 3.715939 4.449251 -0.363685 -0.125696 0.022897 0.971192 0.201154
1784010389.962208986 3.710416 4.451542 -0.363564 -0.125711 0.022895 0.971206 0.201074
1784010389.966691017 3.706213 4.453286 -0.363475 -0.125594 0.022888 0.971234 0.201016
1784010389.972120047 3.701130 4.455391 -0.363380 -0.125456 0.022853 0.971269 0.200935
1784010389.976319075 3.697204 4.457018 -0.363320 -0.125570 0.022749 0.971267 0.200885
1784010389.982295036 3.691614 4.459339 -0.363251 -0.125753 0.022672 0.971260 0.200812
1784010389.986459970 3.687729 4.460963 -0.363220 -0.125815 0.022597 0.971262 0.200775
1784010389.992258072 3.682334 4.463225 -0.363202 -0.125841 0.022571 0.971274 0.200702
1784010389.996241093 3.678648 4.464782 -0.363211 -0.125821 0.022668 0.971289 0.200630
1784010390.002095938 3.673228 4.467070 -0.363248 -0.125920 0.022746 0.971294 0.200535
1784010390.006522894 3.669137 4.468802 -0.363287 -0.126128 0.022851 0.971281 0.200455
1784010390.012187958 3.663909 4.471010 -0.363330 -0.126480 0.022916 0.971256 0.200350
1784010390.016563892 3.659895 4.472708 -0.363349 -0.126576 0.022828 0.971254 0.200306
1784010390.021931171 3.654992 4.474784 -0.363328 -0.126349 0.022644 0.971296 0.200266
1784010390.021931171 3.654992 4.474784 -0.363328 -0.126349 0.022644 0.971296 0.200266
1784010390.022237062 3.654711 4.474902 -0.363324 -0.126335 0.022633 0.971299 0.200264
1784010390.026470900 3.650821 4.476532 -0.363241 -0.126023 0.022551 0.971351 0.200215
1784010390.032255888 3.645507 4.478753 -0.363076 -0.125601 0.022516 0.971424 0.200131
1784010390.036684036 3.641431 4.480450 -0.362930 -0.125394 0.022428 0.971466 0.200067
1784010390.042264938 3.636265 4.482594 -0.362731 -0.125418 0.022365 0.971484 0.199971
1784010390.046444893 3.632397 4.484206 -0.362587 -0.125578 0.022419 0.971481 0.199881
1784010390.052287102 3.627008 4.486458 -0.362416 -0.125623 0.022560 0.971501 0.199739
1784010390.056571007 3.623073 4.488109 -0.362324 -0.125516 0.022601 0.971533 0.199648
1784010390.062326908 3.617772 4.490331 -0.362231 -0.125441 0.022548 0.971565 0.199542
1784010390.066546917 3.613887 4.491969 -0.362186 -0.125521 0.022552 0.971567 0.199481
1784010390.072273016 3.608628 4.494189 -0.362148 -0.125463 0.022677 0.971591 0.199388
1784010390.076503992 3.604756 4.495828 -0.362142 -0.125286 0.022719 0.971626 0.199325
1784010390.082312107 3.599435 4.498083 -0.362141 -0.125077 0.022800 0.971666 0.199250
1784010390.086385012 3.595716 4.499665 -0.362142 -0.124970 0.022937 0.971690 0.199186
1784010390.092117071 3.590481 4.501883 -0.362143 -0.124730 0.023033 0.971735 0.199104
1784010390.096259117 3.586690 4.503486 -0.362145 -0.124649 0.023026 0.971755 0.199059
1784010390.102193117 3.581245 4.505779 -0.362112 -0.124922 0.023078 0.971732 0.198993
1784010390.106417894 3.577387 4.507403 -0.362071 -0.125085 0.023095 0.971717 0.198963
1784010390.112293005 3.572020 4.509649 -0.361989 -0.125015 0.022966 0.971738 0.198917
1784010390.116482973 3.568189 4.511250 -0.361907 -0.125104 0.022885 0.971734 0.198890
1784010390.122137070 3.563019 4.513411 -0.361765 -0.125490 0.022964 0.971695 0.198829
1784010390.122137070 3.563019 4.513411 -0.361765 -0.125490 0.022964 0.971695 0.198829
1784010390.122221947 3.562940 4.513442 -0.361762 -0.125497 0.022966 0.971695 0.198828
1784010390.126619101 3.558882 4.515095 -0.361641 -0.125623 0.023047 0.971683 0.198796
1784010390.132242918 3.553684 4.517197 -0.361506 -0.125634 0.023019 0.971689 0.198763
1784010390.136689901 3.549576 4.518861 -0.361417 -0.125756 0.023003 0.971677 0.198747
1784010390.142080069 3.544607 4.520881 -0.361334 -0.125781 0.023132 0.971684 0.198682
1784010390.146456957 3.540582 4.522523 -0.361300 -0.125554 0.023209 0.971722 0.198632
1784010390.152208090 3.535276 4.524678 -0.361282 -0.125249 0.023137 0.971770 0.198594
1784010390.156485081 3.531326 4.526285 -0.361281 -0.125147 0.023112 0.971794 0.198545
1784010390.162220001 3.526020 4.528433 -0.361287 -0.125034 0.022999 0.971823 0.198488
1784010390.166526079 3.522051 4.530039 -0.361290 -0.124899 0.022823 0.971853 0.198447
1784010390.172245979 3.516759 4.532169 -0.361246 -0.124513 0.022600 0.971924 0.198365
1784010390.176625013 3.512667 4.533813 -0.361177 -0.124494 0.022363 0.971946 0.198300
1784010390.182230949 3.507420 4.535923 -0.361031 -0.124998 0.022294 0.971908 0.198175
1784010390.186625004 3.503350 4.537570 -0.360895 -0.125013 0.022460 0.971936 0.198008
1784010390.192229986 3.498125 4.539669 -0.360721 -0.124679 0.022186 0.972008 0.197899
1784010390.196304083 3.494282 4.541213 -0.360582 -0.125061 0.022074 0.971982 0.197797
1784010390.201926947 3.488998 4.543357 -0.360362 -0.125965 0.022459 0.971904 0.197560
1784010390.206367016 3.484878 4.545042 -0.360213 -0.125755 0.022624 0.971962 0.197390
1784010390.212143898 3.479451 4.547256 -0.360052 -0.124975 0.022124 0.972085 0.197337
1784010390.216245890 3.475544 4.548869 -0.359933 -0.125181 0.022215 0.972074 0.197252
1784010390.221810102 3.470274 4.551059 -0.359791 -0.125716 0.022658 0.972037 0.197045
1784010390.221810102 3.470274 4.551059 -0.359791 -0.125716 0.022658 0.972037 0.197045
1784010390.222096920 3.470003 4.551170 -0.359785 -0.125743 0.022679 0.972035 0.197032
1784010390.226315975 3.466012 4.552802 -0.359744 -0.125072 0.022619 0.972138 0.196958
1784010390.232228041 3.460371 4.555106 -0.359723 -0.124266 0.022360 0.972258 0.196907
1784010390.237004995 3.455777 4.556993 -0.359690 -0.124652 0.022476 0.972224 0.196815
1784010390.241983891 3.451009 4.558958 -0.359679 -0.124904 0.022797 0.972220 0.196641
1784010390.246409893 3.446787 4.560695 -0.359706 -0.124400 0.022753 0.972292 0.196612
1784010390.252233028 3.441182 4.562979 -0.359722 -0.124149 0.022511 0.972339 0.196562
1784010390.256422043 3.437108 4.564640 -0.359698 -0.124618 0.022532 0.972298 0.196466
1784010390.262271881 3.431423 4.566947 -0.359656 -0.125208 0.022554 0.972239 0.196380
1784010390.266671896 3.427187 4.568654 -0.359640 -0.125022 0.022228 0.972268 0.196395
1784010390.272197008 3.421869 4.570781 -0.359608 -0.125072 0.021746 0.972273 0.196389
1784010390.276588917 3.417636 4.572474 -0.359551 -0.125410 0.021525 0.972240 0.196362
1784010390.282223940 3.412222 4.574642 -0.359444 -0.125603 0.021494 0.972232 0.196282
1784010390.286536932 3.408098 4.576295 -0.359343 -0.125392 0.021397 0.972269 0.196245
1784010390.292248964 3.402626 4.578482 -0.359175 -0.125319 0.021371 0.972299 0.196144
1784010390.296632051 3.398433 4.580155 -0.359041 -0.125427 0.021287 0.972300 0.196082
1784010390.302095890 3.393228 4.582233 -0.358901 -0.125328 0.021098 0.972331 0.196010
1784010390.306396008 3.389159 4.583872 -0.358810 -0.125193 0.021010 0.972359 0.195967
1784010390.312242031 3.383628 4.586105 -0.358715 -0.125525 0.020821 0.972331 0.195912
1784010390.316545010 3.379571 4.587756 -0.358676 -0.125656 0.020839 0.972328 0.195841
1784010390.321789026 3.374633 4.589768 -0.358676 -0.125448 0.020925 0.972375 0.195736
1784010390.321789026 3.374633 4.589768 -0.358676 -0.125448 0.020925 0.972375 0.195736
1784010390.322052956 3.374383 4.589868 -0.358680 -0.125435 0.020931 0.972377 0.195731
1784010390.326255083 3.370393 4.591459 -0.358764 -0.125232 0.021029 0.972417 0.195653
1784010390.332271099 3.364690 4.593725 -0.358919 -0.125856 0.021263 0.972363 0.195497
1784010390.336952925 3.360285 4.595478 -0.359036 -0.126060 0.021267 0.972359 0.195385
1784010390.342047930 3.355511 4.597367 -0.359141 -0.125890 0.020968 0.972397 0.195336
1784010390.346362114 3.351476 4.598961 -0.359184 -0.125750 0.020713 0.972429 0.195295
1784010390.352248907 3.345959 4.601135 -0.359188 -0.125349 0.020804 0.972511 0.195132
1784010390.356542110 3.341924 4.602731 -0.359140 -0.125062 0.020868 0.972571 0.195014
1784010390.362251043 3.336562 4.604852 -0.359058 -0.124782 0.020785 0.972634 0.194885
1784010390.366272926 3.332804 4.606345 -0.358994 -0.124590 0.020725 0.972678 0.194794
1784010390.372193098 3.327260 4.608547 -0.358926 -0.124673 0.020662 0.972695 0.194663
1784010390.376601934 3.323109 4.610205 -0.358892 -0.124740 0.020613 0.972707 0.194564
1784010390.382240057 3.317799 4.612318 -0.358897 -0.124910 0.020882 0.972721 0.194361
1784010390.386753082 3.313566 4.614001 -0.358944 -0.124788 0.020785 0.972758 0.194261
1784010390.392385006 3.308281 4.616107 -0.359038 -0.124514 0.020749 0.972818 0.194140
1784010390.396568060 3.304350 4.617688 -0.359105 -0.124316 0.020721 0.972862 0.194050
1784010390.402245998 3.299013 4.619837 -0.359215 -0.124586 0.020918 0.972854 0.193898
1784010390.406527042 3.295000 4.621459 -0.359308 -0.124795 0.021065 0.972847 0.193783
1784010390.412185907 3.289695 4.623593 -0.359446 -0.124404 0.021120 0.972922 0.193651
1784010390.416337967 3.285802 4.625155 -0.359540 -0.124122 0.021158 0.972976 0.193554
1784010390.421962976 3.280524 4.627261 -0.359653 -0.124412 0.021364 0.972961 0.193422
1784010390.421962976 3.280524 4.627261 -0.359653 -0.124412 0.021364 0.972961 0.193422
1784010390.422209978 3.280290 4.627350 -0.359660 -0.124424 0.021373 0.972960 0.193416
1784010390.426187992 3.276534 4.628782 -0.359770 -0.124629 0.021517 0.972949 0.193328
1784010390.432235956 3.270800 4.630950 -0.359919 -0.124519 0.021159 0.972977 0.193294
1784010390.436652899 3.266591 4.632549 -0.360004 -0.124446 0.020896 0.972998 0.193267
1784010390.442260981 3.261250 4.634568 -0.360105 -0.124954 0.021128 0.972948 0.193166
1784010390.446647882 3.257099 4.636143 -0.360174 -0.125358 0.021308 0.972908 0.193085
1784010390.452265978 3.251756 4.638156 -0.360275 -0.125064 0.021130 0.972964 0.193012
1784010390.456348896 3.247829 4.639639 -0.360356 -0.124857 0.020999 0.973004 0.192957
1784010390.462220907 3.242186 4.641763 -0.360510 -0.125466 0.021353 0.972957 0.192763
1784010390.466458082 3.238165 4.643297 -0.360639 -0.125913 0.021607 0.972922 0.192620
1784010390.472244978 3.232657 4.645388 -0.360846 -0.125140 0.021179 0.973042 0.192562
1784010390.476186991 3.228859 4.646830 -0.360989 -0.124622 0.020885 0.973123 0.192521
1784010390.482214928 3.223054 4.649020 -0.361216 -0.125143 0.021112 0.973095 0.192301
1784010390.486361027 3.219106 4.650528 -0.361353 -0.125510 0.021266 0.973075 0.192147
1784010390.492234945 3.213444 4.652679 -0.361506 -0.124679 0.020655 0.973214 0.192052
1784010390.496571064 3.209151 4.654315 -0.361553 -0.124074 0.020202 0.973315 0.191979
1784010390.502352953 3.203442 4.656498 -0.361596 -0.125070 0.020769 0.973242 0.191639
1784010390.506647110 3.199316 4.658113 -0.361631 -0.125818 0.021189 0.973187 0.191384
1784010390.512206078 3.193944 4.660222 -0.361655 -0.125656 0.020593 0.973237 0.191301
1784010390.516565084 3.189608 4.661927 -0.361625 -0.125535 0.020125 0.973276 0.191234
1784010390.522020102 3.184118 4.664095 -0.361528 -0.126838 0.020207 0.973141 0.191050
1784010390.522020102 3.184118 4.664095 -0.361528 -0.126838 0.020207 0.973141 0.191050
1784010390.522032976 3.184105 4.664099 -0.361528 -0.126841 0.020207 0.973141 0.191050
1784010390.526556969 3.179584 4.665847 -0.361489 -0.127559 0.020716 0.973089 0.190778
1784010390.532250881 3.173892 4.668073 -0.361431 -0.127247 0.020404 0.973156 0.190681
1784010390.536380053 3.169694 4.669743 -0.361338 -0.127022 0.020178 0.973205 0.190608
1784010390.542201042 3.163751 4.672118 -0.361185 -0.127727 0.020418 0.973137 0.190454
1784010390.546555996 3.159344 4.673891 -0.361106 -0.127767 0.020499 0.973158 0.190314
1784010390.552234888 3.153596 4.676203 -0.361077 -0.126632 0.020363 0.973317 0.190272
1784010390.556582928 3.149143 4.678001 -0.361058 -0.126779 0.020458 0.973313 0.190185
1784010390.562218904 3.143366 4.680331 -0.361039 -0.127539 0.020637 0.973231 0.190079
1784010390.566423893 3.139093 4.682066 -0.361057 -0.127340 0.020828 0.973275 0.189965
1784010390.572206020 3.133172 4.684443 -0.361121 -0.126772 0.020645 0.973357 0.189943
1784010390.576415062 3.128808 4.686181 -0.361147 -0.127466 0.020449 0.973277 0.189912
1784010390.582293987 3.122742 4.688592 -0.361155 -0.128504 0.020490 0.973162 0.189798
1784010390.586247921 3.118698 4.690200 -0.361163 -0.128382 0.020204 0.973186 0.189789
1784010390.592232943 3.112519 4.692616 -0.361157 -0.128142 0.019177 0.973217 0.189897
1784010390.596537113 3.108042 4.694383 -0.361075 -0.128801 0.019116 0.973139 0.189858
1784010390.601938963 3.102468 4.696591 -0.360939 -0.129369 0.019396 0.973090 0.189693
1784010390.606816053 3.097466 4.698562 -0.360834 -0.128665 0.019131 0.973191 0.189682
1784010390.612010002 3.092096 4.700666 -0.360698 -0.128456 0.018909 0.973233 0.189627
1784010390.616364002 3.087574 4.702446 -0.360551 -0.129215 0.018962 0.973153 0.189518
1784010390.622071028 3.081686 4.704761 -0.360414 -0.129422 0.019036 0.973154 0.189362
1784010390.622071028 3.081686 4.704761 -0.360414 -0.129422 0.019036 0.973154 0.189362
1784010390.622195959 3.081558 4.704811 -0.360413 -0.129426 0.019037 0.973155 0.189358
1784010390.626368999 3.077253 4.706471 -0.360393 -0.128922 0.018718 0.973234 0.189327
1784010390.632232904 3.071157 4.708829 -0.360381 -0.129441 0.018545 0.973186 0.189236
1784010390.636873007 3.066344 4.710718 -0.360381 -0.130217 0.018932 0.973118 0.189013
1784010390.642256021 3.060800 4.712883 -0.360463 -0.130056 0.018961 0.973169 0.188859
1784010390.646883011 3.056010 4.714726 -0.360569 -0.129807 0.018510 0.973222 0.188801
1784010390.651909113 3.050760 4.716743 -0.360633 -0.130651 0.018233 0.973134 0.188701
1784010390.656446934 3.046048 4.718576 -0.360644 -0.131433 0.018415 0.973065 0.188493
1784010390.662137985 3.040214 4.720846 -0.360648 -0.130637 0.018375 0.973197 0.188369
1784010390.666341066 3.035898 4.722513 -0.360623 -0.129954 0.018009 0.973306 0.188317
1784010390.672194958 3.029837 4.724851 -0.360494 -0.130294 0.017982 0.973297 0.188130
1784010390.676664114 3.025220 4.726634 -0.360369 -0.130627 0.018203 0.973293 0.187900
1784010390.682043076 3.019675 4.728766 -0.360262 -0.130217 0.017933 0.973371 0.187807
1784010390.686397076 3.015163 4.730504 -0.360177 -0.130345 0.017850 0.973378 0.187686
1784010390.691807032 3.009551 4.732675 -0.360071 -0.131057 0.018103 0.973326 0.187439
1784010390.696619034 3.004603 4.734591 -0.360040 -0.131194 0.018226 0.973347 0.187223
1784010390.702229023 2.998863 4.736804 -0.360081 -0.130587 0.018008 0.973459 0.187086
1784010390.706774950 2.994190 4.738604 -0.360131 -0.130642 0.017833 0.973478 0.186961
1784010390.712239027 2.988551 4.740780 -0.360187 -0.131291 0.017919 0.973427 0.186765
1784010390.716506958 2.984171 4.742478 -0.360248 -0.131420 0.017990 0.973436 0.186623
1784010390.722155094 2.978410 4.744707 -0.360343 -0.130959 0.017973 0.973530 0.186459
1784010390.722155094 2.978410 4.744707 -0.360343 -0.130959 0.017973 0.973530 0.186459
1784010390.722222090 2.978341 4.744733 -0.360344 -0.130953 0.017973 0.973531 0.186457
1784010390.726620913 2.973831 4.746452 -0.360393 -0.131032 0.017954 0.973547 0.186316
1784010390.732285976 2.968012 4.748658 -0.360409 -0.131428 0.017878 0.973526 0.186156
1784010390.736771107 2.963418 4.750398 -0.360391 -0.131402 0.017758 0.973549 0.186063
1784010390.742191076 2.957851 4.752500 -0.360332 -0.131348 0.017496 0.973578 0.185976
1784010390.746337891 2.953583 4.754115 -0.360255 -0.131644 0.017461 0.973557 0.185883
1784010390.752228975 2.947547 4.756399 -0.360149 -0.131801 0.017506 0.973565 0.185721
1784010390.756479979 2.943209 4.758039 -0.360101 -0.131632 0.017421 0.973606 0.185634
1784010390.762257099 2.937275 4.760278 -0.360046 -0.131866 0.017352 0.973603 0.185494
1784010390.766349077 2.933062 4.761872 -0.360017 -0.132320 0.017476 0.973567 0.185349
1784010390.772193909 2.927091 4.764131 -0.360031 -0.132317 0.017532 0.973608 0.185125
1784010390.776388884 2.922835 4.765739 -0.360080 -0.131925 0.017330 0.973684 0.185028
1784010390.782192945 2.916928 4.767957 -0.360139 -0.131736 0.016979 0.973745 0.184875
1784010390.786545992 2.912488 4.769628 -0.360161 -0.131818 0.016821 0.973765 0.184723
1784010390.792145967 2.906796 4.771769 -0.360168 -0.131666 0.016755 0.973828 0.184507
1784010390.796410084 2.902482 4.773386 -0.360159 -0.131339 0.016573 0.973904 0.184355
1784010390.802278996 2.896526 4.775603 -0.360107 -0.131230 0.016306 0.973967 0.184122
1784010390.807106018 2.891613 4.777434 -0.360033 -0.131408 0.016201 0.973983 0.183918
1784010390.812052011 2.886593 4.779317 -0.359943 -0.131562 0.016374 0.974009 0.183656
1784010390.816442966 2.882152 4.780988 -0.359868 -0.131687 0.016527 0.974032 0.183432
1784010390.821923971 2.876617 4.783066 -0.359787 -0.131915 0.016485 0.974050 0.183176
1784010390.822036982 2.876503 4.783109 -0.359786 -0.131916 0.016485 0.974051 0.183170
1784010390.822036982 2.876503 4.783109 -0.359786 -0.131916 0.016485 0.974051 0.183170
1784010390.826556921 2.871914 4.784820 -0.359723 -0.131969 0.016466 0.974084 0.182955
1784010390.832214117 2.866175 4.786973 -0.359657 -0.131922 0.016506 0.974142 0.182681
1784010390.836757898 2.861568 4.788711 -0.359614 -0.131932 0.016518 0.974175 0.182494
1784010390.842216015 2.856048 4.790799 -0.359576 -0.131856 0.016561 0.974228 0.182264
1784010390.846421957 2.851818 4.792403 -0.359564 -0.131551 0.016543 0.974300 0.182099
1784010390.852066994 2.846143 4.794558 -0.359561 -0.131019 0.016498 0.974411 0.181894
1784010390.856436968 2.841747 4.796235 -0.359562 -0.130828 0.016632 0.974466 0.181722
1784010390.862270117 2.835868 4.798474 -0.359573 -0.130784 0.016861 0.974511 0.181491
1784010390.866422892 2.831689 4.800062 -0.359597 -0.130692 0.016930 0.974548 0.181354
1784010390.872155905 2.825911 4.802237 -0.359637 -0.130622 0.016882 0.974590 0.181185
1784010390.876380920 2.821652 4.803827 -0.359668 -0.130730 0.016692 0.974596 0.181089
1784010390.882188082 2.815792 4.805992 -0.359707 -0.130818 0.016238 0.974606 0.181013
1784010390.886583090 2.811359 4.807619 -0.359731 -0.130862 0.015817 0.974613 0.180983
1784010390.892240047 2.805646 4.809704 -0.359734 -0.131069 0.015361 0.974600 0.180941
1784010390.896514893 2.801341 4.811275 -0.359715 -0.131141 0.015206 0.974607 0.180867
1784010390.902271032 2.795557 4.813385 -0.359670 -0.130952 0.015084 0.974655 0.180755
1784010390.907284021 2.790532 4.815218 -0.359611 -0.130742 0.015052 0.974704 0.180642
1784010390.912132025 2.785665 4.816992 -0.359532 -0.130575 0.015082 0.974750 0.180513
1784010390.916470051 2.781298 4.818578 -0.359459 -0.130546 0.015027 0.974775 0.180402
1784010390.922096014 2.775637 4.820629 -0.359387 -0.130521 0.014827 0.974807 0.180268
1784010390.922096014 2.775637 4.820629 -0.359387 -0.130521 0.014827 0.974807 0.180268
1784010390.922153950 2.775578 4.820650 -0.359386 -0.130521 0.014825 0.974807 0.180267
1784010390.926529884 2.771145 4.822237 -0.359360 -0.130369 0.014722 0.974846 0.180171
1784010390.932168961 2.765419 4.824289 -0.359363 -0.130179 0.014610 0.974898 0.180038
1784010390.936326027 2.761181 4.825806 -0.359388 -0.130268 0.014479 0.974904 0.179952
1784010390.942266941 2.755124 4.827980 -0.359441 -0.130587 0.014452 0.974892 0.179788
1784010390.946330070 2.751011 4.829464 -0.359484 -0.130609 0.014485 0.974912 0.179660
1784010390.952215910 2.745037 4.831591 -0.359540 -0.130546 0.014109 0.974947 0.179546
1784010390.956487894 2.740697 4.833137 -0.359556 -0.130641 0.013815 0.974950 0.179484
1784010390.962224960 2.734899 4.835223 -0.359518 -0.130598 0.014010 0.974991 0.179279
1784010390.966454983 2.730662 4.836754 -0.359469 -0.130300 0.014022 0.975053 0.179155
1784010390.972341061 2.724772 4.838865 -0.359387 -0.129715 0.013755 0.975158 0.179031
1784010390.976310968 2.720803 4.840289 -0.359318 -0.129543 0.013689 0.975204 0.178907
1784010390.982343912 2.714760 4.842459 -0.359202 -0.129780 0.013785 0.975213 0.178681
1784010390.986588001 2.710524 4.843990 -0.359133 -0.129865 0.013944 0.975228 0.178525
1784010390.992213964 2.704922 4.846014 -0.359066 -0.129778 0.014020 0.975275 0.178323
1784010390.996515989 2.700656 4.847559 -0.359041 -0.129688 0.013966 0.975312 0.178192
1784010391.002203941 2.695022 4.849603 -0.359039 -0.129566 0.013957 0.975360 0.178021
1784010391.007272005 2.690012 4.851427 -0.359073 -0.129452 0.013941 0.975397 0.177900
1784010391.011723042 2.685621 4.853028 -0.359125 -0.129428 0.013933 0.975417 0.177811
1784010391.016516924 2.680900 4.854749 -0.359194 -0.129369 0.013932 0.975441 0.177721
1784010391.022026062 2.675490 4.856719 -0.359274 -0.129246 0.013953 0.975476 0.177618
1784010391.022030115 2.675485 4.856720 -0.359274 -0.129246 0.013953 0.975476 0.177618
1784010391.022030115 2.675485 4.856720 -0.359274 -0.129246 0.013953 0.975476 0.177618
1784010391.026401997 2.671149 4.858274 -0.359313 -0.129143 0.014024 0.975507 0.177515
1784010391.032212973 2.665380 4.860331 -0.359338 -0.129182 0.014089 0.975523 0.177396
1784010391.036575079 2.661059 4.861864 -0.359338 -0.129281 0.014038 0.975521 0.177334
1784010391.041958094 2.655739 4.863745 -0.359305 -0.129309 0.013985 0.975533 0.177256
1784010391.046467066 2.651296 4.865313 -0.359257 -0.129358 0.013902 0.975538 0.177200
1784010391.052150011 2.645703 4.867285 -0.359177 -0.129457 0.013851 0.975540 0.177118
1784010391.056608915 2.641332 4.868829 -0.359114 -0.129467 0.013910 0.975553 0.177033
1784010391.062009096 2.636042 4.870692 -0.359055 -0.129489 0.013937 0.975568 0.176933
1784010391.066389084 2.631760 4.872203 -0.359031 -0.129556 0.013986 0.975574 0.176846
1784010391.072143078 2.626143 4.874190 -0.359026 -0.129626 0.014146 0.975586 0.176718
1784010391.076571941 2.621838 4.875717 -0.359053 -0.129584 0.014185 0.975606 0.176635
1784010391.082356930 2.616223 4.877704 -0.359117 -0.129412 0.014047 0.975643 0.176570
1784010391.086389065 2.612323 4.879087 -0.359172 -0.129275 0.013931 0.975670 0.176530
1784010391.092181921 2.606723 4.881066 -0.359235 -0.129119 0.013772 0.975707 0.176452
1784010391.096503973 2.602558 4.882537 -0.359270 -0.129021 0.013667 0.975732 0.176392
1784010391.102180958 2.597090 4.884461 -0.359276 -0.128939 0.013616 0.975764 0.176279
1784010391.106158018 2.593271 4.885806 -0.359259 -0.128947 0.013583 0.975778 0.176194
1784010391.111366987 2.588268 4.887565 -0.359208 -0.128987 0.013574 0.975795 0.176075
1784010391.116329908 2.583510 4.889246 -0.359138 -0.129068 0.013657 0.975808 0.175937
1784010391.121847153 2.578226 4.891114 -0.359056 -0.129251 0.013786 0.975814 0.175761
1784010391.121847153 2.578226 4.891114 -0.359056 -0.129251 0.013786 0.975814 0.175761
1784010391.122173071 2.577911 4.891224 -0.359050 -0.129263 0.013795 0.975813 0.175752
1784010391.126667023 2.573566 4.892737 -0.358986 -0.129409 0.013889 0.975814 0.175633
1784010391.132195950 2.568226 4.894604 -0.358929 -0.129574 0.014007 0.975814 0.175502
1784010391.136540890 2.564044 4.896079 -0.358898 -0.129727 0.014214 0.975811 0.175391
1784010391.142205000 2.558604 4.898008 -0.358880 -0.129890 0.014555 0.975811 0.175244
1784010391.146395922 2.554600 4.899436 -0.358891 -0.129877 0.014687 0.975823 0.175174
1784010391.152247906 2.549015 4.901432 -0.358921 -0.129658 0.014721 0.975856 0.175148
1784010391.156610012 2.544858 4.902929 -0.358952 -0.129453 0.014759 0.975883 0.175149
1784010391.162192106 2.539524 4.904860 -0.358992 -0.129239 0.014955 0.975909 0.175144
1784010391.166333914 2.535574 4.906294 -0.359025 -0.129114 0.015151 0.975924 0.175138
1784010391.172153950 2.530029 4.908294 -0.359084 -0.128989 0.015306 0.975938 0.175136
1784010391.176537991 2.525861 4.909798 -0.359137 -0.128957 0.015401 0.975940 0.175140
1784010391.182192087 2.520467 4.911748 -0.359187 -0.129083 0.015681 0.975922 0.175121
1784010391.186403990 2.516449 4.913195 -0.359215 -0.129333 0.015805 0.975888 0.175115
1784010391.192336082 2.510794 4.915203 -0.359253 -0.129603 0.015667 0.975850 0.175143
1784010391.196381092 2.506950 4.916559 -0.359280 -0.129662 0.015438 0.975838 0.175186
1784010391.201966047 2.501625 4.918425 -0.359304 -0.129907 0.015137 0.975795 0.175267
1784010391.206563950 2.497242 4.919962 -0.359316 -0.130254 0.015034 0.975740 0.175327
1784010391.211296082 2.492748 4.921537 -0.359329 -0.130399 0.015026 0.975716 0.175354
1784010391.216511011 2.487816 4.923259 -0.359354 -0.130300 0.014938 0.975722 0.175402
1784010391.222074032 2.482564 4.925090 -0.359381 -0.130283 0.014800 0.975714 0.175472
1784010391.222074032 2.482564 4.925090 -0.359381 -0.130283 0.014800 0.975714 0.175472
1784010391.222263098 2.482383 4.925152 -0.359381 -0.130283 0.014795 0.975713 0.175473
1784010391.226135015 2.478694 4.926422 -0.359380 -0.130316 0.014853 0.975708 0.175475
1784010391.232153893 2.472965 4.928393 -0.359368 -0.130278 0.015005 0.975714 0.175456
1784010391.236879110 2.468480 4.929933 -0.359364 -0.130295 0.014993 0.975709 0.175469
1784010391.241806030 2.463809 4.931538 -0.359366 -0.130423 0.014953 0.975689 0.175489
1784010391.246470928 2.459397 4.933063 -0.359376 -0.130538 0.015009 0.975674 0.175482
1784010391.252197027 2.453995 4.934941 -0.359403 -0.130590 0.015126 0.975670 0.175460
1784010391.256464958 2.449983 4.936341 -0.359437 -0.130682 0.015186 0.975660 0.175442
1784010391.262311935 2.444487 4.938255 -0.359481 -0.130939 0.015254 0.975630 0.175411
1784010391.266376972 2.440679 4.939581 -0.359510 -0.131131 0.015222 0.975606 0.175404
1784010391.272176027 2.435255 4.941468 -0.359531 -0.131318 0.015127 0.975582 0.175405
1784010391.276472092 2.431256 4.942867 -0.359531 -0.131391 0.015090 0.975572 0.175409
1784010391.282221079 2.425921 4.944740 -0.359501 -0.131354 0.015123 0.975577 0.175407
1784010391.286518097 2.421953 4.946135 -0.359469 -0.131229 0.015142 0.975595 0.175395
1784010391.292036057 2.416865 4.947919 -0.359425 -0.131084 0.015136 0.975619 0.175372
1784010391.296468019 2.412789 4.949351 -0.359390 -0.131087 0.015202 0.975625 0.175329
1784010391.301990032 2.407713 4.951136 -0.359349 -0.131209 0.015367 0.975620 0.175250
1784010391.306339025 2.403728 4.952544 -0.359324 -0.131315 0.015549 0.975616 0.175178
1784010391.312167883 2.398395 4.954430 -0.359304 -0.131417 0.015788 0.975619 0.175068
1784010391.316915035 2.394070 4.955963 -0.359308 -0.131440 0.015905 0.975627 0.174993
1784010391.321685076 2.389738 4.957503 -0.359331 -0.131405 0.015986 0.975640 0.174937
1784010391.321685076 2.389738 4.957503 -0.359331 -0.131405 0.015986 0.975640 0.174937
1784010391.321788073 2.389643 4.957536 -0.359332 -0.131404 0.015988 0.975641 0.174936
1784010391.326653004 2.385174 4.959097 -0.359367 -0.131393 0.016025 0.975649 0.174896
1784010391.332148075 2.380134 4.960861 -0.359422 -0.131430 0.016085 0.975647 0.174871
1784010391.336235046 2.376400 4.962172 -0.359470 -0.131409 0.016159 0.975651 0.174859
1784010391.342122078 2.371030 4.964054 -0.359546 -0.131280 0.016277 0.975669 0.174846
1784010391.346616030 2.366945 4.965487 -0.359606 -0.131222 0.016383 0.975677 0.174834
1784010391.352241039 2.361836 4.967277 -0.359662 -0.131301 0.016571 0.975668 0.174808
1784010391.356266975 2.358189 4.968554 -0.359691 -0.131426 0.016717 0.975652 0.174789
1784010391.362124920 2.352883 4.970401 -0.359708 -0.131645 0.016814 0.975625 0.174766
1784010391.366444111 2.348988 4.971753 -0.359703 -0.131784 0.016851 0.975607 0.174760
1784010391.372230053 2.343783 4.973556 -0.359673 -0.131867 0.016889 0.975595 0.174757
1784010391.376154900 2.340267 4.974775 -0.359647 -0.131903 0.016928 0.975589 0.174759
1784010391.382177114 2.334870 4.976643 -0.359606 -0.131993 0.017033 0.975575 0.174761
1784010391.386430979 2.331071 4.977961 -0.359586 -0.132088 0.017144 0.975561 0.174755
1784010391.392149925 2.325971 4.979725 -0.359586 -0.132139 0.017253 0.975555 0.174738
1784010391.396392107 2.322202 4.981029 -0.359614 -0.132125 0.017283 0.975557 0.174737
1784010391.402317047 2.316943 4.982855 -0.359683 -0.132081 0.017385 0.975564 0.174722
1784010391.406407118 2.313331 4.984117 -0.359750 -0.132023 0.017484 0.975572 0.174710
1784010391.412193060 2.308225 4.985890 -0.359866 -0.131918 0.017428 0.975586 0.174715
1784010391.416589975 2.304355 4.987233 -0.359961 -0.131812 0.017297 0.975600 0.174732
1784010391.421957970 2.299629 4.988877 -0.360049 -0.131707 0.017234 0.975614 0.174741
1784010391.421974182 2.299614 4.988882 -0.360049 -0.131706 0.017234 0.975614 0.174741
1784010391.421974182 2.299614 4.988882 -0.360049 -0.131706 0.017234 0.975614 0.174741
1784010391.426434040 2.295635 4.990244 -0.360069 -0.131658 0.017253 0.975625 0.174713
1784010391.432189941 2.290506 4.991989 -0.360054 -0.131580 0.017180 0.975645 0.174669
1784010391.436384916 2.286784 4.993254 -0.360018 -0.131490 0.017153 0.975666 0.174621
1784010391.442181110 2.281635 4.995001 -0.359928 -0.131480 0.017154 0.975683 0.174531
1784010391.446830988 2.277506 4.996403 -0.359834 -0.131542 0.017185 0.975690 0.174445
1784010391.452075958 2.272835 4.997986 -0.359723 -0.131591 0.017188 0.975700 0.174348
1784010391.456455946 2.268936 4.999311 -0.359639 -0.131713 0.017181 0.975700 0.174259
1784010391.462173939 2.263858 5.001044 -0.359552 -0.131805 0.017375 0.975713 0.174098
1784010391.466407061 2.260110 5.002331 -0.359521 -0.131821 0.017501 0.975728 0.173986
1784010391.472187996 2.254969 5.004105 -0.359502 -0.131957 0.017638 0.975728 0.173872
1784010391.476360083 2.251263 5.005396 -0.359502 -0.132093 0.017881 0.975723 0.173769
1784010391.482110977 2.246170 5.007175 -0.359524 -0.132025 0.018179 0.975752 0.173630
1784010391.486263990 2.242506 5.008454 -0.359568 -0.131746 0.018142 0.975797 0.173593
1784010391.492194891 2.237263 5.010293 -0.359629 -0.131405 0.018052 0.975848 0.173570
1784010391.496829987 2.233175 5.011740 -0.359666 -0.131247 0.018188 0.975875 0.173524
1784010391.501873970 2.228732 5.013312 -0.359704 -0.130977 0.018286 0.975915 0.173493
1784010391.506488085 2.224665 5.014748 -0.359735 -0.130667 0.018325 0.975962 0.173458
1784010391.512212992 2.219604 5.016532 -0.359748 -0.130632 0.018576 0.975977 0.173378
1784010391.516422033 2.215888 5.017841 -0.359753 -0.130730 0.018745 0.975974 0.173303
1784010391.521800041 2.211138 5.019510 -0.359759 -0.130626 0.018920 0.976000 0.173214
1784010391.521800041 2.211138 5.019510 -0.359759 -0.130626 0.018920 0.976000 0.173214
1784010391.522311926 2.210680 5.019668 -0.359758 -0.130619 0.018935 0.976002 0.173205
1784010391.526292086 2.207110 5.020896 -0.359744 -0.130651 0.018996 0.976011 0.173127
1784010391.532202959 2.201797 5.022699 -0.359716 -0.130996 0.018879 0.975980 0.173053
1784010391.536441088 2.198001 5.023980 -0.359703 -0.131082 0.018673 0.975977 0.173023
1784010391.541987896 2.193022 5.025653 -0.359681 -0.131037 0.018392 0.975995 0.172986
1784010391.546607971 2.188868 5.027045 -0.359657 -0.131270 0.018207 0.975972 0.172962
1784010391.552153111 2.183888 5.028708 -0.359633 -0.131512 0.018071 0.975950 0.172917
1784010391.556375027 2.180115 5.029968 -0.359634 -0.131333 0.017951 0.975981 0.172887
1784010391.562166929 2.174925 5.031694 -0.359644 -0.131105 0.017719 0.976021 0.172860
1784010391.566452980 2.171092 5.032975 -0.359651 -0.131139 0.017656 0.976023 0.172830
1784010391.572160959 2.165997 5.034682 -0.359654 -0.130954 0.017674 0.976057 0.172774
1784010391.576390982 2.162229 5.035946 -0.359656 -0.130695 0.017596 0.976099 0.172740
1784010391.582236052 2.157004 5.037696 -0.359634 -0.130745 0.017500 0.976103 0.172689
1784010391.586524963 2.153180 5.038987 -0.359608 -0.130895 0.017549 0.976096 0.172614
1784010391.592196941 2.148127 5.040699 -0.359576 -0.130852 0.017628 0.976115 0.172530
1784010391.596791983 2.144040 5.042094 -0.359553 -0.130857 0.017687 0.976125 0.172462
1784010391.602037907 2.139377 5.043690 -0.359526 -0.131031 0.017805 0.976117 0.172364
1784010391.606472015 2.135449 5.045033 -0.359517 -0.131080 0.017814 0.976124 0.172286
1784010391.612181902 2.130387 5.046757 -0.359511 -0.131077 0.017618 0.976137 0.172234
1784010391.616177082 2.126850 5.047964 -0.359507 -0.131072 0.017482 0.976147 0.172198
1784010391.622024059 2.121671 5.049725 -0.359495 -0.131193 0.017448 0.976146 0.172112
1784010391.622024059 2.121671 5.049725 -0.359495 -0.131193 0.017448 0.976146 0.172112
1784010391.622056961 2.121641 5.049735 -0.359494 -0.131194 0.017447 0.976146 0.172111
1784010391.626473904 2.117692 5.051057 -0.359475 -0.131055 0.017323 0.976174 0.172070
1784010391.632198095 2.112577 5.052770 -0.359436 -0.130861 0.017189 0.976211 0.172024
1784010391.636631966 2.108628 5.054098 -0.359395 -0.130779 0.017228 0.976234 0.171952
1784010391.642146111 2.103727 5.055749 -0.359345 -0.130491 0.017324 0.976289 0.171847
1784010391.646145105 2.100184 5.056944 -0.359318 -0.130282 0.017394 0.976329 0.171771
1784010391.652132034 2.094870 5.058735 -0.359268 -0.130390 0.017519 0.976337 0.171630
1784010391.656421900 2.091063 5.060023 -0.359220 -0.130466 0.017610 0.976343 0.171529
1784010391.662167072 2.085960 5.061750 -0.359160 -0.130277 0.017734 0.976392 0.171382
1784010391.666378021 2.082231 5.063015 -0.359134 -0.130137 0.017826 0.976428 0.171274
1784010391.672200918 2.077077 5.064766 -0.359109 -0.130173 0.018022 0.976445 0.171130
1784010391.676570892 2.073223 5.066083 -0.359096 -0.130199 0.018170 0.976458 0.171023
1784010391.682229996 2.068228 5.067790 -0.359091 -0.129935 0.018109 0.976506 0.170954
1784010391.686446905 2.064505 5.069063 -0.359104 -0.129737 0.018063 0.976542 0.170902
1784010391.692181110 2.059441 5.070790 -0.359135 -0.129803 0.018239 0.976544 0.170821
1784010391.696221113 2.055889 5.072002 -0.359168 -0.129849 0.018362 0.976546 0.170764
1784010391.702162981 2.050654 5.073785 -0.359207 -0.129603 0.018449 0.976589 0.170694
1784010391.706581116 2.046757 5.075116 -0.359223 -0.129419 0.018513 0.976621 0.170641
1784010391.712107897 2.041875 5.076778 -0.359226 -0.129668 0.018635 0.976599 0.170567
1784010391.716876030 2.037671 5.078203 -0.359212 -0.129651 0.018647 0.976609 0.170519
1784010391.721920967 2.033227 5.079705 -0.359172 -0.129598 0.018618 0.976625 0.170475
1784010391.722005129 2.033152 5.079731 -0.359171 -0.129597 0.018618 0.976625 0.170474
1784010391.722005129 2.033152 5.079731 -0.359171 -0.129597 0.018618 0.976625 0.170474
1784010391.726353884 2.029279 5.081015 -0.359107 -0.129528 0.018598 0.976640 0.170442
1784010391.732153893 2.024115 5.082722 -0.359015 -0.129486 0.018667 0.976654 0.170387
1784010391.736557961 2.020206 5.084011 -0.358960 -0.129458 0.018718 0.976664 0.170343
1784010391.742243052 2.015158 5.085670 -0.358904 -0.129444 0.018755 0.976675 0.170290
1784010391.746119976 2.011720 5.086803 -0.358875 -0.129439 0.018780 0.976682 0.170252
1784010391.752010107 2.006493 5.088524 -0.358863 -0.129270 0.018791 0.976715 0.170187
1784010391.756103992 2.002869 5.089723 -0.358888 -0.129158 0.018797 0.976738 0.170141
1784010391.762125969 1.997538 5.091483 -0.358951 -0.129153 0.018771 0.976754 0.170056
1784010391.766439915 1.993729 5.092744 -0.359009 -0.129155 0.018751 0.976765 0.169995
1784010391.772145033 1.988678 5.094406 -0.359085 -0.128906 0.018502 0.976811 0.169945
1784010391.776226997 1.985051 5.095592 -0.359132 -0.128732 0.018323 0.976844 0.169909
1784010391.782228947 1.979721 5.097326 -0.359171 -0.128703 0.018290 0.976872 0.169768
1784010391.786509991 1.975951 5.098557 -0.359169 -0.128687 0.018266 0.976893 0.169666
1784010391.792191982 1.970935 5.100184 -0.359116 -0.128519 0.017965 0.976938 0.169565
1784010391.796525002 1.967084 5.101425 -0.359032 -0.128395 0.017734 0.976972 0.169487
1784010391.801811934 1.962370 5.102939 -0.358883 -0.128630 0.017603 0.976967 0.169354
1784010391.806395054 1.958298 5.104250 -0.358740 -0.128715 0.017623 0.976982 0.169198
1784010391.812176943 1.953163 5.105897 -0.358579 -0.128741 0.017469 0.977006 0.169055
1784010391.816720963 1.949121 5.107199 -0.358465 -0.128764 0.017348 0.977025 0.168941
1784010391.821877003 1.944535 5.108689 -0.358346 -0.129026 0.017486 0.977021 0.168750
1784010391.821877003 1.944535 5.108689 -0.358346 -0.129026 0.017486 0.977021 0.168750
1784010391.822211027 1.944236 5.108785 -0.358339 -0.129044 0.017495 0.977020 0.168739
1784010391.826555014 1.940353 5.110033 -0.358268 -0.129119 0.017583 0.977030 0.168614
1784010391.832154989 1.935339 5.111652 -0.358205 -0.129049 0.017523 0.977059 0.168507
1784010391.836729050 1.931233 5.112993 -0.358162 -0.129075 0.017620 0.977071 0.168409
1784010391.841813087 1.926666 5.114496 -0.358128 -0.129082 0.017708 0.977087 0.168300
1784010391.846524954 1.922439 5.115893 -0.358120 -0.128826 0.017657 0.977128 0.168262
1784010391.852018118 1.917518 5.117529 -0.358119 -0.128520 0.017610 0.977175 0.168231
1784010391.856280088 1.913704 5.118805 -0.358115 -0.128370 0.017660 0.977200 0.168194
1784010391.862180948 1.908414 5.120569 -0.358106 -0.128131 0.017712 0.977238 0.168148
1784010391.866431952 1.904592 5.121845 -0.358093 -0.128001 0.017757 0.977261 0.168110
1784010391.872325897 1.899282 5.123619 -0.358050 -0.128196 0.018060 0.977244 0.168028
1784010391.876319885 1.895699 5.124814 -0.358021 -0.128269 0.018239 0.977244 0.167956
1784010391.882222891 1.890418 5.126551 -0.357987 -0.128092 0.018209 0.977280 0.167885
1784010391.886270046 1.886798 5.127732 -0.357963 -0.128081 0.018095 0.977292 0.167835
1784010391.892211914 1.881470 5.129454 -0.357912 -0.128474 0.017870 0.977253 0.167786
1784010391.896446943 1.877683 5.130674 -0.357876 -0.128664 0.017664 0.977235 0.167764
1784010391.902225971 1.872537 5.132321 -0.357836 -0.128560 0.017336 0.977257 0.167752
1784010391.906232119 1.868976 5.133456 -0.357816 -0.128594 0.017115 0.977260 0.167733
1784010391.912317038 1.863566 5.135171 -0.357800 -0.128844 0.016879 0.977235 0.167709
1784010391.916235924 1.860094 5.136274 -0.357805 -0.128900 0.016778 0.977236 0.167673
1784010391.921626091 1.855332 5.137787 -0.357825 -0.128847 0.016618 0.977252 0.167633
1784010391.921626091 1.855332 5.137787 -0.357825 -0.128847 0.016618 0.977252 0.167633
1784010391.922017097 1.854987 5.137895 -0.357827 -0.128843 0.016605 0.977254 0.167625
1784010391.926359892 1.851162 5.139104 -0.357849 -0.128843 0.016477 0.977269 0.167550
1784010391.932142019 1.846091 5.140713 -0.357864 -0.128780 0.016377 0.977300 0.167428
1784010391.936517954 1.842269 5.141929 -0.357862 -0.128646 0.016330 0.977336 0.167328
1784010391.942147970 1.837357 5.143489 -0.357838 -0.128609 0.016211 0.977365 0.167197
1784010391.946367025 1.833679 5.144660 -0.357808 -0.128716 0.016177 0.977367 0.167103
1784010391.952152967 1.828649 5.146271 -0.357763 -0.128862 0.016234 0.977375 0.166940
1784010391.956490993 1.824889 5.147481 -0.357732 -0.128934 0.016307 0.977387 0.166807
1784010391.962177038 1.819976 5.149067 -0.357705 -0.129026 0.016346 0.977403 0.166642
1784010391.966468096 1.816278 5.150261 -0.357696 -0.129079 0.016336 0.977416 0.166521
1784010391.972199917 1.811348 5.151849 -0.357692 -0.129211 0.016195 0.977426 0.166375
1784010391.976368904 1.807769 5.152999 -0.357686 -0.129375 0.016066 0.977422 0.166286
1784010391.982331038 1.802669 5.154641 -0.357671 -0.129545 0.015913 0.977425 0.166147
1784010391.986277103 1.799306 5.155724 -0.357660 -0.129546 0.015800 0.977440 0.166068
1784010391.992122889 1.794339 5.157321 -0.357641 -0.129470 0.015643 0.977475 0.165940
1784010391.996211052 1.790874 5.158437 -0.357625 -0.129429 0.015598 0.977497 0.165842
1784010392.002115011 1.785887 5.160051 -0.357598 -0.129352 0.015683 0.977536 0.165669
1784010392.006351948 1.782319 5.161206 -0.357579 -0.129298 0.015783 0.977564 0.165534
1784010392.011925936 1.777634 5.162718 -0.357550 -0.129325 0.015860 0.977592 0.165338
1784010392.016324997 1.773946 5.163908 -0.357522 -0.129391 0.015936 0.977609 0.165178
1784010392.021576881 1.769554 5.165331 -0.357478 -0.129334 0.016085 0.977649 0.164971
1784010392.021908998 1.769276 5.165421 -0.357475 -0.129328 0.016087 0.977652 0.164960
1784010392.021908998 1.769276 5.165421 -0.357475 -0.129328 0.016087 0.977652 0.164960
1784010392.026391029 1.765510 5.166643 -0.357425 -0.129220 0.016122 0.977686 0.164842
1784010392.032120943 1.760685 5.168220 -0.357335 -0.128940 0.016153 0.977740 0.164735
1784010392.036349058 1.757100 5.169404 -0.357262 -0.128677 0.016149 0.977784 0.164678
1784010392.042148113 1.752122 5.171063 -0.357172 -0.128582 0.016239 0.977803 0.164631
1784010392.046557903 1.748324 5.172337 -0.357117 -0.128598 0.016446 0.977807 0.164574
1784010392.052097082 1.743556 5.173925 -0.357090 -0.128273 0.016375 0.977852 0.164570
1784010392.056504965 1.739727 5.175202 -0.357100 -0.127940 0.016281 0.977894 0.164592
1784010392.062179089 1.734712 5.176893 -0.357102 -0.128306 0.016684 0.977845 0.164558
1784010392.066253901 1.731100 5.178110 -0.357110 -0.128862 0.017035 0.977775 0.164498
1784010392.072118044 1.725952 5.179818 -0.357146 -0.128677 0.016869 0.977800 0.164512
1784010392.076391935 1.722182 5.181057 -0.357159 -0.128042 0.016660 0.977883 0.164538
1784010392.082104921 1.716964 5.182792 -0.357093 -0.128272 0.016518 0.977854 0.164547
1784010392.086211920 1.713141 5.184085 -0.356991 -0.129164 0.017048 0.977739 0.164477
1784010392.092109919 1.707725 5.185891 -0.356878 -0.128778 0.017183 0.977788 0.164470
1784010392.096196890 1.703960 5.187129 -0.356853 -0.127402 0.016645 0.977964 0.164555
1784010392.102375031 1.698033 5.189103 -0.356766 -0.127735 0.016940 0.977926 0.164490
1784010392.106518984 1.693984 5.190467 -0.356694 -0.128915 0.017447 0.977771 0.164437
1784010392.112123013 1.688557 5.192287 -0.356713 -0.128758 0.017843 0.977805 0.164320
1784010392.116420984 1.684362 5.193680 -0.356812 -0.127880 0.017633 0.977925 0.164313
1784010392.121687889 1.679108 5.195418 -0.356912 -0.128967 0.017936 0.977798 0.164187
1784010392.121889114 1.678906 5.195485 -0.356915 -0.129004 0.017942 0.977794 0.164180
1784010392.121889114 1.678906 5.195485 -0.356915 -0.129004 0.017942 0.977794 0.164180
1784010392.126458883 1.674323 5.196981 -0.356986 -0.129861 0.018094 0.977706 0.164012
1784010392.132150888 1.668637 5.198806 -0.357123 -0.128352 0.017566 0.977920 0.163983
1784010392.136544943 1.664170 5.200225 -0.357199 -0.128084 0.017237 0.977974 0.163900
1784010392.141805887 1.658795 5.201926 -0.357184 -0.129021 0.017135 0.977885 0.163711
1784010392.146433115 1.654110 5.203401 -0.357143 -0.128687 0.017379 0.977965 0.163467
1784010392.151885033 1.648535 5.205109 -0.357086 -0.128001 0.016737 0.978085 0.163354
1784010392.156301022 1.643984 5.206473 -0.357005 -0.128478 0.016485 0.978063 0.163140
1784010392.162132025 1.638029 5.208286 -0.356887 -0.128711 0.016670 0.978094 0.162752
1784010392.166337013 1.633769 5.209590 -0.356832 -0.128631 0.016928 0.978145 0.162481
1784010392.172135115 1.627866 5.211359 -0.356796 -0.128910 0.016565 0.978161 0.162203
1784010392.176357031 1.623560 5.212651 -0.356768 -0.129432 0.016651 0.978138 0.161916
1784010392.182142019 1.617687 5.214435 -0.356744 -0.130022 0.016803 0.978117 0.161550
1784010392.186527967 1.613272 5.215791 -0.356760 -0.129790 0.016727 0.978180 0.161367
1784010392.192167997 1.607593 5.217561 -0.356765 -0.129502 0.016799 0.978254 0.161141
1784010392.196361065 1.603371 5.218892 -0.356756 -0.129562 0.016845 0.978271 0.160983
1784010392.202138901 1.597568 5.220737 -0.356752 -0.129254 0.016938 0.978340 0.160804
1784010392.206324100 1.593376 5.222080 -0.356771 -0.128664 0.016893 0.978430 0.160735
1784010392.212152004 1.587507 5.223975 -0.356783 -0.128502 0.017086 0.978467 0.160616
1784010392.216727972 1.582902 5.225469 -0.356799 -0.128711 0.017425 0.978458 0.160471
1784010392.221291065 1.578333 5.226942 -0.356850 -0.128552 0.017454 0.978494 0.160373
1784010392.221634150 1.577991 5.227052 -0.356855 -0.128531 0.017442 0.978498 0.160369
1784010392.221634150 1.577991 5.227052 -0.356855 -0.128531 0.017442 0.978498 0.160369
1784010392.226366043 1.573195 5.228568 -0.356897 -0.128235 0.017244 0.978550 0.160306
1784010392.232203007 1.567238 5.230437 -0.356913 -0.128680 0.016988 0.978510 0.160222
1784010392.236588955 1.562755 5.231836 -0.356902 -0.129175 0.016770 0.978456 0.160179
1784010392.242105007 1.557128 5.233581 -0.356880 -0.129157 0.016438 0.978470 0.160143
1784010392.246243954 1.552912 5.234880 -0.356857 -0.129133 0.016131 0.978481 0.160123
1784010392.252134085 1.546901 5.236727 -0.356793 -0.129441 0.015796 0.978452 0.160084
1784010392.256303072 1.542659 5.238038 -0.356744 -0.129429 0.015743 0.978465 0.160019
1784010392.262099028 1.536753 5.239864 -0.356679 -0.129177 0.015642 0.978509 0.159965
1784010392.266233921 1.532548 5.241164 -0.356634 -0.129162 0.015614 0.978521 0.159906
1784010392.272310019 1.526373 5.243071 -0.356571 -0.128971 0.015652 0.978569 0.159766
1784010392.276426077 1.522194 5.244360 -0.356550 -0.128741 0.015538 0.978611 0.159704
1784010392.282160044 1.516334 5.246171 -0.356531 -0.128734 0.015479 0.978628 0.159611
1784010392.286482096 1.511912 5.247545 -0.356525 -0.129022 0.015589 0.978608 0.159489
1784010392.292136908 1.506146 5.249331 -0.356544 -0.129091 0.015508 0.978620 0.159365
1784010392.296300888 1.501923 5.250637 -0.356574 -0.128839 0.015279 0.978666 0.159311
1784010392.302135944 1.495965 5.252473 -0.356579 -0.128724 0.014979 0.978701 0.159218
1784010392.306277037 1.491720 5.253784 -0.356551 -0.129032 0.014872 0.978677 0.159124
1784010392.312103987 1.485769 5.255626 -0.356494 -0.129198 0.014824 0.978679 0.158982
1784010392.316390038 1.481421 5.256972 -0.356456 -0.128895 0.014697 0.978735 0.158893
1784010392.321981192 1.475716 5.258734 -0.356389 -0.128696 0.014351 0.978779 0.158820
1784010392.321981192 1.475716 5.258734 -0.356389 -0.128696 0.014351 0.978779 0.158820
1784010392.322123051 1.475569 5.258779 -0.356386 -0.128692 0.014343 0.978780 0.158818
1784010392.326622009 1.470910 5.260222 -0.356288 -0.128846 0.014402 0.978780 0.158686
1784010392.332127094 1.465236 5.261991 -0.356166 -0.128701 0.014703 0.978829 0.158473
1784010392.336503983 1.460732 5.263392 -0.356088 -0.128367 0.014669 0.978892 0.158359
1784010392.342106104 1.454925 5.265201 -0.355980 -0.128363 0.014715 0.978917 0.158202
1784010392.346309900 1.450565 5.266569 -0.355901 -0.128617 0.014906 0.978906 0.158043
1784010392.351934910 1.444748 5.268402 -0.355836 -0.128584 0.015143 0.978939 0.157848
1784010392.356326103 1.440226 5.269830 -0.355817 -0.128346 0.015242 0.978987 0.157731
1784010392.362149000 1.434211 5.271725 -0.355811 -0.128257 0.015167 0.979020 0.157607
1784010392.366347075 1.429868 5.273096 -0.355822 -0.128241 0.015176 0.979036 0.157518
1784010392.372123957 1.423888 5.274983 -0.355840 -0.128162 0.015287 0.979059 0.157427
1784010392.376456022 1.419422 5.276381 -0.355858 -0.128088 0.015226 0.979079 0.157372
1784010392.382194042 1.413500 5.278230 -0.355863 -0.127965 0.015194 0.979113 0.157265
1784010392.386387110 1.409168 5.279582 -0.355845 -0.127943 0.015256 0.979128 0.157183
1784010392.392105103 1.403247 5.281422 -0.355774 -0.128200 0.015279 0.979108 0.157095
1784010392.396536112 1.398677 5.282839 -0.355693 -0.128329 0.015290 0.979103 0.157019
1784010392.402152061 1.392888 5.284633 -0.355569 -0.128107 0.015312 0.979148 0.156919
1784010392.406639099 1.388254 5.286068 -0.355467 -0.128026 0.015289 0.979170 0.156848
1784010392.411901951 1.382809 5.287758 -0.355348 -0.128268 0.015433 0.979153 0.156746
1784010392.416402102 1.378173 5.289200 -0.355271 -0.128351 0.015654 0.979158 0.156623
1784010392.422058105 1.372350 5.290998 -0.355230 -0.128117 0.015663 0.979209 0.156494
1784010392.422058105 1.372350 5.290998 -0.355230 -0.128117 0.015663 0.979209 0.156494
1784010392.422127008 1.372278 5.291020 -0.355229 -0.128114 0.015663 0.979210 0.156493
1784010392.426907063 1.367280 5.292546 -0.355204 -0.127993 0.015521 0.979240 0.156419
1784010392.431793928 1.362157 5.294116 -0.355194 -0.128173 0.015535 0.979234 0.156308
1784010392.436496973 1.357247 5.295623 -0.355203 -0.128232 0.015569 0.979242 0.156200
1784010392.441832066 1.351693 5.297311 -0.355232 -0.127760 0.015228 0.979320 0.156135
1784010392.446634054 1.346686 5.298821 -0.355238 -0.127369 0.014824 0.979387 0.156073
1784010392.452370882 1.340693 5.300627 -0.355175 -0.127444 0.014589 0.979401 0.155943
1784010392.456331968 1.336571 5.301873 -0.355096 -0.127431 0.014583 0.979423 0.155819
1784010392.462112904 1.330542 5.303682 -0.354941 -0.127032 0.014435 0.979502 0.155658
1784010392.466216087 1.326253 5.304962 -0.354808 -0.127026 0.014258 0.979524 0.155541
1784010392.472132921 1.320056 5.306828 -0.354590 -0.127181 0.014249 0.979538 0.155327
1784010392.476584911 1.315395 5.308249 -0.354438 -0.127146 0.014400 0.979569 0.155149
1784010392.481950045 1.309756 5.309971 -0.354276 -0.127249 0.014455 0.979584 0.154967
1784010392.486100912 1.305394 5.311312 -0.354171 -0.127470 0.014610 0.979581 0.154790
1784010392.492249012 1.298931 5.313315 -0.354050 -0.127458 0.014844 0.979617 0.154548
1784010392.496404886 1.294561 5.314683 -0.354001 -0.127386 0.014893 0.979643 0.154436
1784010392.502121925 1.288524 5.316586 -0.353943 -0.127427 0.015034 0.979659 0.154285
1784010392.506376028 1.284038 5.318011 -0.353910 -0.127373 0.015197 0.979683 0.154163
1784010392.512115002 1.277995 5.319931 -0.353886 -0.126927 0.015274 0.979757 0.154051
1784010392.516511917 1.273368 5.321405 -0.353876 -0.126485 0.015337 0.979825 0.153977
1784010392.521631956 1.267945 5.323133 -0.353853 -0.126281 0.015609 0.979868 0.153844
1784010392.522063017 1.267488 5.323279 -0.353851 -0.126291 0.015620 0.979868 0.153835
1784010392.522063017 1.267488 5.323279 -0.353851 -0.126291 0.015620 0.979868 0.153835
1784010392.526360989 1.262872 5.324721 -0.353813 -0.126391 0.015724 0.979867 0.153749
1784010392.532124996 1.256679 5.326636 -0.353764 -0.126159 0.015632 0.979910 0.153672
1784010392.536487103 1.251973 5.328079 -0.353728 -0.125924 0.015379 0.979951 0.153634
1784010392.541908979 1.246071 5.329877 -0.353658 -0.126301 0.014992 0.979911 0.153616
1784010392.546305895 1.241294 5.331331 -0.353589 -0.126642 0.014893 0.979876 0.153569
1784010392.552098989 1.235004 5.333222 -0.353531 -0.126458 0.014530 0.979913 0.153518
1784010392.556418896 1.230285 5.334625 -0.353500 -0.126511 0.014090 0.979913 0.153513
1784010392.562052011 1.224098 5.336477 -0.353424 -0.127250 0.014032 0.979831 0.153433
1784010392.566307068 1.219457 5.337881 -0.353366 -0.127581 0.014214 0.979805 0.153309
1784010392.571873903 1.213435 5.339702 -0.353315 -0.127078 0.014178 0.979884 0.153222
1784010392.576358080 1.208596 5.341166 -0.353273 -0.126798 0.014208 0.979938 0.153107
1784010392.582134962 1.202336 5.343052 -0.353206 -0.127148 0.014287 0.979914 0.152961
1784010392.586175919 1.197972 5.344366 -0.353175 -0.127365 0.014280 0.979901 0.152868
1784010392.592097998 1.191599 5.346280 -0.353149 -0.127048 0.014228 0.979963 0.152737
1784010392.596607924 1.186755 5.347730 -0.353135 -0.127013 0.013982 0.979983 0.152661
1784010392.602076054 1.180888 5.349488 -0.353110 -0.127116 0.013604 0.979987 0.152584
1784010392.606373072 1.176300 5.350871 -0.353088 -0.127032 0.013494 0.980011 0.152508
1784010392.612324953 1.169942 5.352778 -0.353050 -0.126992 0.013248 0.980036 0.152407
1784010392.616344929 1.165647 5.354062 -0.353017 -0.127266 0.013144 0.980015 0.152317
1784010392.621818066 1.159806 5.355807 -0.352967 -0.127621 0.013034 0.979990 0.152193
1784010392.621918201 1.159699 5.355839 -0.352966 -0.127621 0.013033 0.979990 0.152191
1784010392.621918201 1.159699 5.355839 -0.352966 -0.127621 0.013033 0.979990 0.152191
1784010392.626133919 1.155192 5.357183 -0.352917 -0.127629 0.013024 0.980005 0.152088
1784010392.631964922 1.148975 5.359045 -0.352820 -0.127586 0.013196 0.980037 0.151906
1784010392.636207104 1.144466 5.360398 -0.352735 -0.127631 0.013299 0.980052 0.151761
1784010392.642088890 1.138229 5.362267 -0.352617 -0.127511 0.013413 0.980098 0.151553
1784010392.646485090 1.133579 5.363658 -0.352537 -0.127493 0.013440 0.980123 0.151407
1784010392.651889086 1.127863 5.365372 -0.352451 -0.127742 0.013511 0.980118 0.151220
1784010392.656624079 1.122872 5.366877 -0.352399 -0.127859 0.013654 0.980128 0.151045
1784010392.662110090 1.117110 5.368616 -0.352384 -0.127714 0.013694 0.980171 0.150885
1784010392.666292906 1.112728 5.369940 -0.352403 -0.127626 0.013656 0.980199 0.150785
1784010392.672162056 1.106579 5.371797 -0.352451 -0.127700 0.013666 0.980210 0.150646
1784010392.676322937 1.102229 5.373110 -0.352500 -0.127795 0.013672 0.980211 0.150556
1784010392.682090044 1.096204 5.374924 -0.352566 -0.127963 0.013671 0.980206 0.150449
1784010392.686284065 1.091833 5.376241 -0.352595 -0.128172 0.013785 0.980192 0.150348
1784010392.692115068 1.085765 5.378058 -0.352593 -0.128498 0.013926 0.980170 0.150206
1784010392.696446896 1.081276 5.379394 -0.352565 -0.128639 0.013909 0.980164 0.150125
1784010392.702100039 1.075432 5.381130 -0.352487 -0.128695 0.013964 0.980174 0.150003
1784010392.706618071 1.070773 5.382513 -0.352402 -0.128821 0.014059 0.980174 0.149885
1784010392.711776018 1.065458 5.384083 -0.352306 -0.129029 0.014060 0.980164 0.149773
1784010392.716492891 1.060613 5.385516 -0.352236 -0.129114 0.014113 0.980171 0.149648
1784010392.721777201 1.055195 5.387121 -0.352190 -0.129206 0.014286 0.980185 0.149464
1784010392.721777201 1.055195 5.387121 -0.352190 -0.129206 0.014286 0.980185 0.149464
1784010392.721931934 1.055036 5.387168 -0.352189 -0.129209 0.014291 0.980185 0.149459
1784010392.726125956 1.050714 5.388434 -0.352181 -0.129371 0.014327 0.980182 0.149336
1784010392.732100964 1.044565 5.390231 -0.352224 -0.129556 0.014273 0.980183 0.149175
1784010392.736767054 1.039778 5.391630 -0.352295 -0.129647 0.014196 0.980190 0.149056
1784010392.741782904 1.034639 5.393126 -0.352386 -0.129788 0.014003 0.980191 0.148948
1784010392.746431112 1.029889 5.394509 -0.352463 -0.129873 0.013760 0.980194 0.148875
1784010392.751952887 1.024263 5.396148 -0.352514 -0.129805 0.013575 0.980220 0.148776
1784010392.756130934 1.020017 5.397385 -0.352518 -0.129768 0.013472 0.980241 0.148684
1784010392.762095928 1.013950 5.399145 -0.352462 -0.129829 0.013347 0.980254 0.148554
1784010392.766443968 1.009529 5.400425 -0.352390 -0.129892 0.013301 0.980264 0.148440
1784010392.772089005 1.003787 5.402082 -0.352282 -0.130083 0.013203 0.980263 0.148288
1784010392.776509047 0.999300 5.403382 -0.352201 -0.130285 0.013216 0.980257 0.148147
1784010392.781940937 0.993794 5.404986 -0.352116 -0.130464 0.013328 0.980261 0.147952
1784010392.786354065 0.989316 5.406298 -0.352065 -0.130592 0.013375 0.980265 0.147812
1784010392.792078018 0.983456 5.408022 -0.352021 -0.130881 0.013457 0.980253 0.147623
1784010392.796336889 0.979071 5.409326 -0.352005 -0.131357 0.013612 0.980209 0.147478
1784010392.801966906 0.973305 5.411041 -0.352014 -0.131737 0.013894 0.980187 0.147258
1784010392.806164026 0.969041 5.412306 -0.352054 -0.131593 0.013814 0.980226 0.147137
1784010392.812231064 0.962844 5.414142 -0.352118 -0.131234 0.013758 0.980304 0.146944
1784010392.816369057 0.958588 5.415409 -0.352150 -0.131441 0.013810 0.980295 0.146815
1784010392.821670055 0.953153 5.417033 -0.352184 -0.131717 0.014084 0.980285 0.146608
1784010392.821670055 0.953153 5.417033 -0.352184 -0.131717 0.014084 0.980285 0.146608
1784010392.822068930 0.952745 5.417153 -0.352188 -0.131739 0.014104 0.980284 0.146591
1784010392.826754093 0.947954 5.418558 -0.352238 -0.131352 0.014307 0.980364 0.146385
1784010392.832083941 0.942478 5.420148 -0.352299 -0.131089 0.014302 0.980431 0.146174
1784010392.836596012 0.937817 5.421491 -0.352339 -0.131398 0.014214 0.980412 0.146029
1784010392.842063904 0.932179 5.423112 -0.352389 -0.131664 0.014193 0.980404 0.145848
1784010392.846364021 0.927746 5.424379 -0.352438 -0.131638 0.013947 0.980423 0.145766
1784010392.852246046 0.921649 5.426105 -0.352485 -0.132109 0.013489 0.980379 0.145676
1784010392.856267929 0.917473 5.427291 -0.352501 -0.132539 0.013378 0.980336 0.145590
1784010392.862119913 0.911404 5.429002 -0.352540 -0.132863 0.013220 0.980313 0.145463
1784010392.866668940 0.906689 5.430323 -0.352585 -0.133050 0.012970 0.980302 0.145387
1784010392.872296095 0.900850 5.431955 -0.352636 -0.133430 0.012884 0.980276 0.145225
1784010392.876324892 0.896666 5.433125 -0.352672 -0.133608 0.012826 0.980270 0.145102
1784010392.882128954 0.890651 5.434807 -0.352719 -0.133693 0.012911 0.980288 0.144899
1784010392.886308908 0.886340 5.436023 -0.352742 -0.133752 0.012976 0.980300 0.144757
1784010392.892138004 0.880314 5.437701 -0.352785 -0.133680 0.013043 0.980351 0.144469
1784010392.896430969 0.875854 5.438926 -0.352832 -0.133789 0.012906 0.980366 0.144276
1784010392.901869059 0.870204 5.440469 -0.352887 -0.134123 0.012895 0.980366 0.143971
1784010392.906270027 0.865654 5.441715 -0.352919 -0.134393 0.012888 0.980365 0.143727
1784010392.912091017 0.859627 5.443342 -0.352948 -0.134274 0.012440 0.980432 0.143416
1784010392.916410923 0.855134 5.444530 -0.352962 -0.134184 0.012110 0.980482 0.143189
1784010392.921589136 0.849736 5.445935 -0.352974 -0.134454 0.012138 0.980504 0.142780
1784010392.921589136 0.849736 5.445935 -0.352974 -0.134454 0.012138 0.980504 0.142780
1784010392.921924114 0.849386 5.446024 -0.352976 -0.134471 0.012141 0.980506 0.142755
1784010392.926444054 0.844668 5.447220 -0.352999 -0.134699 0.012187 0.980521 0.142430
1784010392.932117939 0.838749 5.448704 -0.353034 -0.135034 0.011997 0.980534 0.142041
1784010392.936351061 0.834337 5.449803 -0.353066 -0.135283 0.011854 0.980543 0.141749
1784010392.942214012 0.828242 5.451309 -0.353107 -0.135529 0.011945 0.980582 0.141239
1784010392.946475983 0.823829 5.452400 -0.353125 -0.135708 0.012010 0.980610 0.140865
1784010392.951917887 0.818190 5.453782 -0.353138 -0.135552 0.012149 0.980706 0.140333
1784010392.956484079 0.813436 5.454936 -0.353140 -0.135420 0.012265 0.980787 0.139884
1784010392.961667061 0.808039 5.456235 -0.353149 -0.135631 0.012414 0.980833 0.139347
1784010392.966357946 0.803171 5.457404 -0.353176 -0.135821 0.012549 0.980873 0.138861
1784010392.972093105 0.797229 5.458820 -0.353232 -0.135846 0.012586 0.980949 0.138298
1784010392.976541042 0.792620 5.459908 -0.353290 -0.135865 0.012613 0.981008 0.137859
1784010392.982233047 0.786732 5.461282 -0.353386 -0.135850 0.012562 0.981088 0.137310
1784010392.986202955 0.782637 5.462227 -0.353464 -0.135839 0.012526 0.981143 0.136925
1784010392.992055893 0.776601 5.463612 -0.353570 -0.135973 0.012426 0.981201 0.136391
1784010392.996563911 0.771943 5.464682 -0.353624 -0.136076 0.012349 0.981245 0.135977
1784010393.002245903 0.766073 5.466025 -0.353657 -0.136240 0.012471 0.981293 0.135450
1784010393.006151915 0.762048 5.466945 -0.353653 -0.136352 0.012553 0.981327 0.135085
1784010393.012121916 0.755906 5.468337 -0.353623 -0.136408 0.012527 0.981393 0.134550
1784010393.016406059 0.751507 5.469329 -0.353586 -0.136448 0.012507 0.981441 0.134163
1784010393.021820068 0.745947 5.470569 -0.353532 -0.136448 0.012649 0.981510 0.133640
1784010393.021820068 0.745947 5.470569 -0.353532 -0.136448 0.012649 0.981510 0.133640
1784010393.021928072 0.745835 5.470593 -0.353532 -0.136448 0.012652 0.981512 0.133629
1784010393.026181936 0.741454 5.471543 -0.353500 -0.136459 0.012759 0.981566 0.133205
1784010393.032135010 0.735325 5.472856 -0.353478 -0.136493 0.012869 0.981648 0.132554
1784010393.036627054 0.730711 5.473835 -0.353490 -0.136516 0.012952 0.981710 0.132063
1784010393.041770935 0.725432 5.474940 -0.353539 -0.136438 0.012955 0.981797 0.131494
1784010393.046540976 0.720536 5.475949 -0.353621 -0.136455 0.012873 0.981868 0.130958
1784010393.052146912 0.714784 5.477112 -0.353741 -0.136519 0.012622 0.981949 0.130302
1784010393.056344032 0.710484 5.477964 -0.353835 -0.136564 0.012433 0.982011 0.129811
1784010393.062088966 0.704601 5.479100 -0.353939 -0.136503 0.012093 0.982117 0.129098
1784010393.066283941 0.700307 5.479913 -0.353979 -0.136455 0.011844 0.982195 0.128577
1784010393.072035074 0.694424 5.480997 -0.353989 -0.136321 0.011697 0.982323 0.127757
1784010393.076484919 0.689877 5.481814 -0.353961 -0.136214 0.011582 0.982421 0.127121
1784010393.082262039 0.683975 5.482841 -0.353886 -0.136113 0.011383 0.982548 0.126267
1784010393.086364031 0.679783 5.483553 -0.353817 -0.136101 0.011302 0.982634 0.125619
1784010393.092058897 0.673962 5.484513 -0.353724 -0.136012 0.011143 0.982771 0.124654
1784010393.096276999 0.669647 5.485208 -0.353670 -0.135943 0.011024 0.982872 0.123940
1784010393.102047920 0.663716 5.486157 -0.353629 -0.135910 0.010972 0.983004 0.122926
1784010393.106538057 0.659087 5.486896 -0.353623 -0.136162 0.011139 0.983072 0.122085
1784010393.112091064 0.653369 5.487783 -0.353670 -0.136518 0.011149 0.983149 0.121062
1784010393.116157055 0.649185 5.488422 -0.353742 -0.136578 0.011018 0.983233 0.120323
1784010393.121824026 0.643337 5.489307 -0.353842 -0.136650 0.010977 0.983352 0.119268
